timestamp,session_type,cwnd_segments
1790320548.074153894,Phase1_Baseline,10
1790320548.157404313,Phase1_Baseline,10
1790320548.240535951,Phase1_Baseline,20
1790320548.291621564,Phase1_Baseline,20
1790320548.357038204,Phase1_Baseline,40
1790320548.425889073,Phase1_Baseline,40
1790320548.476405646,Phase1_Baseline,40
1790320548.537532287,Phase1_Baseline,80
1790320548.597004494,Phase1_Baseline,80
1790320548.664533868,Phase1_Baseline,80
1790320548.742776607,Phase1_Baseline,160
1790320548.812326014,Phase1_Baseline,160
1790320548.887634140,Phase1_Baseline,320
1790320548.973553232,Phase1_Baseline,320
1790320549.060107193,Phase1_Baseline,625
1790320549.138501359,Phase1_Baseline,640
1790320549.197851826,Phase1_Baseline,822
1790320549.262477229,Phase1_Baseline,1036
1790320549.341587113,Phase1_Baseline,869
1790320549.425593981,Phase1_Baseline,688
1790320549.509972961,Phase1_Baseline,531
1790320549.589228960,Phase1_Baseline,531
1790320549.663506013,Phase1_Baseline,459
1790320549.721562325,Phase1_Baseline,346
1790320549.783261816,Phase1_Baseline,265
1790320549.862502531,Phase1_Baseline,265
1790320549.944026579,Phase1_Baseline,266
1790320550.018275717,Phase1_Baseline,266
1790320550.088794305,Phase1_Baseline,267
1790320550.170381227,Phase1_Baseline,267
1790320550.251428651,Phase1_Baseline,268
1790320550.303446970,Phase1_Baseline,268
1790320550.379386849,Phase1_Baseline,268
1790320550.462350967,Phase1_Baseline,269
1790320550.536862375,Phase1_Baseline,269
1790320550.598589999,Phase1_Baseline,270
1790320550.677277578,Phase1_Baseline,270
1790320550.760504973,Phase1_Baseline,271
1790320550.841400300,Phase1_Baseline,271
1790320550.914805903,Phase1_Baseline,272
1790320550.994200816,Phase1_Baseline,272
1790320551.078373908,Phase1_Baseline,273
1790320551.160201695,Phase1_Baseline,273
1790320551.243101550,Phase1_Baseline,274
1790320551.326600106,Phase1_Baseline,274
1790320551.398217839,Phase1_Baseline,275
1790320551.481524333,Phase1_Baseline,275
1790320551.560988008,Phase1_Baseline,276
1790320551.637257077,Phase1_Baseline,276
1790320551.719458528,Phase1_Baseline,276
1790320551.803275593,Phase1_Baseline,277
1790320551.885882555,Phase1_Baseline,277
1790320551.960780297,Phase1_Baseline,278
1790320552.028926142,Phase1_Baseline,278
1790320552.096301262,Phase1_Baseline,279
1790320552.177458069,Phase1_Baseline,279
1790320552.258329880,Phase1_Baseline,280
1790320552.332200137,Phase1_Baseline,280
1790320552.416334751,Phase1_Baseline,281
1790320552.485461377,Phase1_Baseline,281
1790320552.575904641,Phase1_Baseline,281
1790320552.650760319,Phase1_Baseline,282
1790320552.725442285,Phase1_Baseline,282
1790320552.808077994,Phase1_Baseline,283
1790320552.887172716,Phase1_Baseline,283
1790320552.972253972,Phase1_Baseline,284
1790320553.039510826,Phase1_Baseline,284
1790320553.127510410,Phase1_Baseline,285
1790320553.207929117,Phase1_Baseline,285
1790320553.288317990,Phase1_Baseline,286
1790320553.370873496,Phase1_Baseline,286
1790320553.452883679,Phase1_Baseline,287
1790320553.527666852,Phase1_Baseline,287
1790320553.612587097,Phase1_Baseline,288
1790320553.692593602,Phase1_Baseline,288
1790320553.762062898,Phase1_Baseline,288
1790320553.839988250,Phase1_Baseline,289
1790320553.921765467,Phase1_Baseline,289
1790320553.994199390,Phase1_Baseline,290
1790320554.082875173,Phase1_Baseline,290
1790320554.155853313,Phase1_Baseline,291
1790320554.235491163,Phase1_Baseline,291
1790320554.318453709,Phase1_Baseline,292
1790320554.395185109,Phase1_Baseline,292
1790320554.477313594,Phase1_Baseline,293
1790320554.560098824,Phase1_Baseline,293
1790320554.638810515,Phase1_Baseline,294
1790320554.706609886,Phase1_Baseline,294
1790320554.779285461,Phase1_Baseline,295
1790320554.857969008,Phase1_Baseline,295
1790320554.924949217,Phase1_Baseline,295
1790320555.003067892,Phase1_Baseline,296
1790320555.083958185,Phase1_Baseline,296
1790320555.166905969,Phase1_Baseline,297
1790320555.244113051,Phase1_Baseline,297
1790320555.320218726,Phase1_Baseline,298
1790320555.402967376,Phase1_Baseline,298
1790320555.486922777,Phase1_Baseline,299
1790320555.563174095,Phase1_Baseline,299
1790320555.646770501,Phase1_Baseline,300
1790320555.728998322,Phase1_Baseline,300
1790320555.809761267,Phase1_Baseline,301
1790320555.898275660,Phase1_Baseline,301
1790320555.978561792,Phase1_Baseline,302
1790320556.049989378,Phase1_Baseline,302
1790320556.116435608,Phase1_Baseline,302
1790320556.178723699,Phase1_Baseline,303
1790320556.254335559,Phase1_Baseline,303
1790320556.323348128,Phase1_Baseline,304
1790320556.391200704,Phase1_Baseline,304
1790320556.472475399,Phase1_Baseline,304
1790320556.552469196,Phase1_Baseline,305
1790320556.633345044,Phase1_Baseline,305
1790320556.713467538,Phase1_Baseline,306
1790320556.794414340,Phase1_Baseline,306
1790320556.877772279,Phase1_Baseline,307
1790320556.959613751,Phase1_Baseline,307
1790320557.036140587,Phase1_Baseline,308
1790320557.108483850,Phase1_Baseline,308
1790320557.173109149,Phase1_Baseline,308
1790320557.244392439,Phase1_Baseline,309
1790320557.324821595,Phase1_Baseline,309
1790320557.407741857,Phase1_Baseline,310
1790320557.489610518,Phase1_Baseline,310
1790320557.569974269,Phase1_Baseline,311
1790320557.659523093,Phase1_Baseline,311
1790320557.736294576,Phase1_Baseline,312
1790320557.813799742,Phase1_Baseline,312
1790320557.900093049,Phase1_Baseline,313
1790320557.968374944,Phase1_Baseline,313
1790320558.047279767,Phase1_Baseline,314
1790320558.107012327,Phase1_Baseline,314
1790320558.195893768,Phase1_Baseline,315
1790320558.273703133,Phase1_Baseline,315
1790320558.359962771,Phase1_Baseline,315
1790320558.436341518,Phase1_Baseline,316
1790320558.488079795,Phase1_Baseline,316
1790320558.546161364,Phase1_Baseline,316
1790320558.602231075,Phase1_Baseline,317
1790320558.658515248,Phase1_Baseline,317
1790320558.734191786,Phase1_Baseline,318
1790320558.814957757,Phase1_Baseline,318
1790320558.895375825,Phase1_Baseline,319
1790320558.976523492,Phase1_Baseline,319
1790320559.052007460,Phase1_Baseline,319
1790320559.128514338,Phase1_Baseline,320
1790320559.186082390,Phase1_Baseline,320
1790320559.267365718,Phase1_Baseline,321
1790320559.345276728,Phase1_Baseline,321
1790320559.425618865,Phase1_Baseline,322
1790320559.506351969,Phase1_Baseline,322
1790320559.588830046,Phase1_Baseline,323
1790320559.669354369,Phase1_Baseline,323
1790320559.750073790,Phase1_Baseline,323
1790320559.820508375,Phase1_Baseline,324
1790320559.898036436,Phase1_Baseline,324
1790320559.984684507,Phase1_Baseline,325
1790320560.069406272,Phase1_Baseline,325
1790320560.137893172,Phase1_Baseline,326
1790320560.208181043,Phase1_Baseline,326
1790320560.288106809,Phase1_Baseline,327
1790320560.375441792,Phase1_Baseline,327
1790320560.443978931,Phase1_Baseline,328
1790320560.526162189,Phase1_Baseline,328
1790320560.583002730,Phase1_Baseline,328
1790320560.649843442,Phase1_Baseline,329
1790320560.733307438,Phase1_Baseline,329
1790320560.822818338,Phase1_Baseline,330
1790320560.913635785,Phase1_Baseline,330
1790320560.993071068,Phase1_Baseline,331
1790320561.062316832,Phase1_Baseline,331
1790320561.146962190,Phase1_Baseline,332
1790320561.231405662,Phase1_Baseline,332
1790320561.292380886,Phase1_Baseline,332
1790320561.375596621,Phase1_Baseline,333
1790320561.458599477,Phase1_Baseline,333
1790320561.542218645,Phase1_Baseline,334
1790320561.619414575,Phase1_Baseline,334
1790320561.703080629,Phase1_Baseline,335
1790320561.785990452,Phase1_Baseline,335
1790320561.860331678,Phase1_Baseline,336
1790320561.952332511,Phase1_Baseline,336
1790320562.019302739,Phase1_Baseline,337
1790320562.102786510,Phase1_Baseline,337
1790320562.184181942,Phase1_Baseline,338
1790320562.274719167,Phase1_Baseline,338
1790320562.357050683,Phase1_Baseline,339
1790320562.433906964,Phase1_Baseline,339
1790320562.507884641,Phase1_Baseline,339
1790320562.588293423,Phase1_Baseline,340
1790320562.669383070,Phase1_Baseline,340
1790320562.749859488,Phase1_Baseline,341
1790320562.816553744,Phase1_Baseline,341
1790320562.895115810,Phase1_Baseline,342
1790320562.967919307,Phase1_Baseline,342
1790320563.051846470,Phase1_Baseline,342
1790320563.111631760,Phase1_Baseline,343
1790320563.197912913,Phase1_Baseline,343
1790320563.278677154,Phase1_Baseline,344
1790320563.361820518,Phase1_Baseline,344
1790320563.447440110,Phase1_Baseline,345
1790320563.533185864,Phase1_Baseline,345
1790320563.616051174,Phase1_Baseline,346
1790320563.697634402,Phase1_Baseline,346
1790320563.777943903,Phase1_Baseline,347
1790320563.864201986,Phase1_Baseline,347
1790320563.952550276,Phase1_Baseline,348
1790320564.023901527,Phase1_Baseline,348
1790320564.091269927,Phase1_Baseline,349
1790320564.172948265,Phase1_Baseline,349
1790320564.263112605,Phase1_Baseline,350
1790320564.343513732,Phase1_Baseline,350
1790320564.433149498,Phase1_Baseline,351
1790320564.519168719,Phase1_Baseline,351
1790320564.602225937,Phase1_Baseline,352
1790320564.684074122,Phase1_Baseline,352
1790320564.768533368,Phase1_Baseline,352
1790320564.840539374,Phase1_Baseline,353
1790320564.919478164,Phase1_Baseline,353
1790320564.998113931,Phase1_Baseline,354
1790320565.054926032,Phase1_Baseline,354
1790320565.117037878,Phase1_Baseline,354
1790320565.178160496,Phase1_Baseline,355
1790320565.258570298,Phase1_Baseline,355
1790320565.320879273,Phase1_Baseline,356
1790320565.387018825,Phase1_Baseline,356
1790320565.463318940,Phase1_Baseline,357
1790320565.536830579,Phase1_Baseline,357
1790320565.618833260,Phase1_Baseline,358
1790320565.698346890,Phase1_Baseline,358
1790320565.780855512,Phase1_Baseline,358
1790320565.863829119,Phase1_Baseline,359
1790320565.949370824,Phase1_Baseline,359
1790320566.030563943,Phase1_Baseline,360
1790320566.112283754,Phase1_Baseline,360
1790320566.204871808,Phase1_Baseline,361
1790320566.278957723,Phase1_Baseline,361
1790320566.349840931,Phase1_Baseline,362
1790320566.432808330,Phase1_Baseline,362
1790320566.519343203,Phase1_Baseline,363
1790320566.601430862,Phase1_Baseline,363
1790320566.688578117,Phase1_Baseline,364
1790320566.770604334,Phase1_Baseline,364
1790320566.850968426,Phase1_Baseline,365
1790320566.915529959,Phase1_Baseline,365
1790320566.991150866,Phase1_Baseline,365
1790320567.075169878,Phase1_Baseline,366
1790320567.161588598,Phase1_Baseline,366
1790320567.236327154,Phase1_Baseline,367
1790320567.320208737,Phase1_Baseline,367
1790320567.400888880,Phase1_Baseline,368
1790320567.480945368,Phase1_Baseline,368
1790320567.562058106,Phase1_Baseline,369
1790320567.621989263,Phase1_Baseline,369
1790320570.249210084,Phase2_Migrated,10
1790320570.338388341,Phase2_Migrated,10
1790320570.431144296,Phase2_Migrated,10
1790320570.512902335,Phase2_Migrated,10
1790320570.607381234,Phase2_Migrated,20
1790320570.709627066,Phase2_Migrated,20
1790320570.807067809,Phase2_Migrated,40
1790320570.898895351,Phase2_Migrated,80
1790320570.986289036,Phase2_Migrated,80
1790320571.080419165,Phase2_Migrated,160
1790320571.177069243,Phase2_Migrated,160
1790320571.264133819,Phase2_Migrated,319
1790320571.346615855,Phase2_Migrated,320
1790320571.437527583,Phase2_Migrated,640
1790320571.528700074,Phase2_Migrated,684
1790320571.612911916,Phase2_Migrated,1050
1790320571.704420531,Phase2_Migrated,956
1790320571.790177844,Phase2_Migrated,764
1790320571.875151376,Phase2_Migrated,596
1790320571.955368569,Phase2_Migrated,550
1790320572.052990907,Phase2_Migrated,545
1790320572.144890849,Phase2_Migrated,356
1790320572.234541105,Phase2_Migrated,275
1790320572.329436131,Phase2_Migrated,275
1790320572.421354234,Phase2_Migrated,276
1790320572.515000713,Phase2_Migrated,276
1790320572.608395202,Phase2_Migrated,277
1790320572.704535432,Phase2_Migrated,278
1790320572.803184235,Phase2_Migrated,278
1790320572.900431402,Phase2_Migrated,279
1790320573.001021969,Phase2_Migrated,279
1790320573.086913198,Phase2_Migrated,280
1790320573.173241506,Phase2_Migrated,280
1790320573.262914398,Phase2_Migrated,281
1790320573.358493675,Phase2_Migrated,282
1790320573.451339456,Phase2_Migrated,282
1790320573.547471195,Phase2_Migrated,283
1790320573.649357512,Phase2_Migrated,283
1790320573.735036009,Phase2_Migrated,284
1790320573.827493392,Phase2_Migrated,284
1790320573.919703009,Phase2_Migrated,285
1790320574.001110904,Phase2_Migrated,285
1790320574.092757834,Phase2_Migrated,286
1790320574.176108809,Phase2_Migrated,287
1790320574.264628429,Phase2_Migrated,287
1790320574.355605167,Phase2_Migrated,288
1790320574.447105455,Phase2_Migrated,288
1790320574.541043652,Phase2_Migrated,289
1790320574.625631480,Phase2_Migrated,289
1790320574.723952894,Phase2_Migrated,290
1790320574.821565998,Phase2_Migrated,290
1790320574.932080440,Phase2_Migrated,291
1790320574.991528562,Phase2_Migrated,291
1790320575.062634976,Phase2_Migrated,292
1790320575.133204467,Phase2_Migrated,292
1790320575.246835909,Phase2_Migrated,293
1790320575.302517880,Phase2_Migrated,293
1790320575.358974765,Phase2_Migrated,294
1790320575.432190216,Phase2_Migrated,294
1790320575.509624818,Phase2_Migrated,294
1790320575.604631470,Phase2_Migrated,295
1790320575.694911086,Phase2_Migrated,296
1790320575.774639471,Phase2_Migrated,296
1790320575.858623270,Phase2_Migrated,296
1790320575.936042685,Phase2_Migrated,297
1790320576.029826041,Phase2_Migrated,298
1790320576.121342751,Phase2_Migrated,298
1790320576.217689620,Phase2_Migrated,299
1790320576.310107557,Phase2_Migrated,299
1790320576.396749924,Phase2_Migrated,300
1790320576.476340198,Phase2_Migrated,300
1790320576.558484758,Phase2_Migrated,301
1790320576.653848993,Phase2_Migrated,301
1790320576.754877083,Phase2_Migrated,302
1790320576.846072135,Phase2_Migrated,302
1790320576.942288933,Phase2_Migrated,303
1790320577.032108391,Phase2_Migrated,303
1790320577.114619417,Phase2_Migrated,304
1790320577.216977420,Phase2_Migrated,305
1790320577.316065647,Phase2_Migrated,305
1790320577.412181300,Phase2_Migrated,306
1790320577.509969794,Phase2_Migrated,306
1790320577.610580760,Phase2_Migrated,307
1790320577.704151293,Phase2_Migrated,307
1790320577.797708125,Phase2_Migrated,308
1790320577.885431171,Phase2_Migrated,308
1790320577.974157005,Phase2_Migrated,309
1790320578.056948105,Phase2_Migrated,309
1790320578.122223247,Phase2_Migrated,310
1790320578.212313856,Phase2_Migrated,310
1790320578.298223756,Phase2_Migrated,311
1790320578.390073778,Phase2_Migrated,311
1790320578.451438789,Phase2_Migrated,312
1790320578.510594496,Phase2_Migrated,312
1790320578.577903448,Phase2_Migrated,312
1790320578.650610298,Phase2_Migrated,313
1790320578.728724836,Phase2_Migrated,313
1790320578.816739275,Phase2_Migrated,314
1790320578.901203876,Phase2_Migrated,314
1790320578.976498639,Phase2_Migrated,315
1790320579.051018071,Phase2_Migrated,315
1790320579.140193049,Phase2_Migrated,316
1790320579.216506483,Phase2_Migrated,316
1790320579.292407230,Phase2_Migrated,317
1790320579.383982250,Phase2_Migrated,317
1790320579.480017752,Phase2_Migrated,318
1790320579.569479886,Phase2_Migrated,318
1790320579.665595785,Phase2_Migrated,319
1790320579.758304135,Phase2_Migrated,319
1790320579.851892369,Phase2_Migrated,320
1790320579.940336191,Phase2_Migrated,320
1790320580.036761177,Phase2_Migrated,321
1790320580.130254186,Phase2_Migrated,322
1790320580.224260908,Phase2_Migrated,322
1790320580.309943344,Phase2_Migrated,323
1790320580.402070961,Phase2_Migrated,323
1790320580.497908930,Phase2_Migrated,324
1790320580.584370701,Phase2_Migrated,324
1790320580.676237073,Phase2_Migrated,325
1790320580.769535159,Phase2_Migrated,325
1790320580.859062270,Phase2_Migrated,326
1790320580.951644752,Phase2_Migrated,326
1790320581.043010610,Phase2_Migrated,327
1790320581.136235529,Phase2_Migrated,327
1790320581.226323619,Phase2_Migrated,328
1790320581.318489654,Phase2_Migrated,328
1790320581.409348237,Phase2_Migrated,329
1790320581.500822745,Phase2_Migrated,330
1790320581.592422209,Phase2_Migrated,330
1790320581.683429558,Phase2_Migrated,331
1790320581.777881165,Phase2_Migrated,331
1790320581.870694351,Phase2_Migrated,332
1790320581.964069237,Phase2_Migrated,332
1790320582.061172230,Phase2_Migrated,333
1790320582.161013703,Phase2_Migrated,333
1790320582.261468538,Phase2_Migrated,334
1790320582.363043341,Phase2_Migrated,335
1790320582.463088509,Phase2_Migrated,335
1790320582.559259601,Phase2_Migrated,336
1790320582.655463844,Phase2_Migrated,336
1790320582.755010715,Phase2_Migrated,337
1790320582.856418769,Phase2_Migrated,337
1790320582.955853295,Phase2_Migrated,338
1790320583.050336506,Phase2_Migrated,339
1790320583.145783057,Phase2_Migrated,339
1790320583.249060764,Phase2_Migrated,340
1790320583.334469185,Phase2_Migrated,340
1790320583.430622628,Phase2_Migrated,341
1790320583.525865441,Phase2_Migrated,341
1790320583.620719227,Phase2_Migrated,342
1790320583.712806402,Phase2_Migrated,342
1790320583.808904925,Phase2_Migrated,343
1790320583.905992262,Phase2_Migrated,344
1790320584.002868736,Phase2_Migrated,344
1790320584.096851515,Phase2_Migrated,345
1790320584.176439611,Phase2_Migrated,345
1790320584.235621376,Phase2_Migrated,346
1790320584.307654420,Phase2_Migrated,346
1790320584.369688021,Phase2_Migrated,346
1790320584.442419715,Phase2_Migrated,347
1790320584.529870577,Phase2_Migrated,347
1790320584.630977578,Phase2_Migrated,348
1790320584.719015588,Phase2_Migrated,348
1790320584.812926264,Phase2_Migrated,349
1790320584.899701977,Phase2_Migrated,349
1790320584.979099291,Phase2_Migrated,350
1790320585.045638726,Phase2_Migrated,350
1790320585.123643741,Phase2_Migrated,351
1790320585.215856448,Phase2_Migrated,351
1790320585.316855651,Phase2_Migrated,352
1790320585.409746468,Phase2_Migrated,352
1790320585.509067696,Phase2_Migrated,353
1790320585.601000585,Phase2_Migrated,353
1790320585.696635398,Phase2_Migrated,354
1790320585.791531648,Phase2_Migrated,355
1790320585.886012182,Phase2_Migrated,355
1790320585.980872872,Phase2_Migrated,356
1790320586.075526056,Phase2_Migrated,356
1790320586.169584918,Phase2_Migrated,357
1790320586.260741228,Phase2_Migrated,357
1790320586.339891063,Phase2_Migrated,358
1790320586.434288415,Phase2_Migrated,358
1790320586.525888863,Phase2_Migrated,359
1790320586.616313861,Phase2_Migrated,359
1790320586.703928449,Phase2_Migrated,360
1790320586.794817512,Phase2_Migrated,360
1790320586.879925738,Phase2_Migrated,361
1790320586.968236201,Phase2_Migrated,361
1790320587.055566425,Phase2_Migrated,362
1790320587.141469504,Phase2_Migrated,362
1790320587.241041542,Phase2_Migrated,363
1790320587.334223391,Phase2_Migrated,363
1790320587.432377853,Phase2_Migrated,364
1790320587.519174872,Phase2_Migrated,364
1790320587.615571516,Phase2_Migrated,365
1790320587.683350132,Phase2_Migrated,365
1790320587.777072416,Phase2_Migrated,366
1790320587.873015943,Phase2_Migrated,367
1790320587.975952537,Phase2_Migrated,367
1790320588.059914812,Phase2_Migrated,368
1790320588.152383256,Phase2_Migrated,368
1790320588.253965353,Phase2_Migrated,369
1790320588.338710283,Phase2_Migrated,369
1790320588.422445730,Phase2_Migrated,370
1790320588.482970600,Phase2_Migrated,370
1790320588.547987377,Phase2_Migrated,370
1790320588.614753705,Phase2_Migrated,371
1790320590.142256376,Uninterrupted_Baseline,1
1790320590.215877852,Uninterrupted_Baseline,1
1790320590.298856043,Uninterrupted_Baseline,1
1790320590.375005321,Uninterrupted_Baseline,1
1790320590.458421037,Uninterrupted_Baseline,1
1790320590.524931125,Uninterrupted_Baseline,1
1790320590.602393484,Uninterrupted_Baseline,1
1790320590.676310599,Uninterrupted_Baseline,1
1790320590.759180447,Uninterrupted_Baseline,1
1790320590.837984025,Uninterrupted_Baseline,1
1790320590.922075139,Uninterrupted_Baseline,1
1790320591.009969906,Uninterrupted_Baseline,1
1790320591.085847980,Uninterrupted_Baseline,1
1790320591.160386140,Uninterrupted_Baseline,1
1790320591.243022155,Uninterrupted_Baseline,1
1790320591.314637832,Uninterrupted_Baseline,1
1790320591.380280363,Uninterrupted_Baseline,1
1790320591.464937750,Uninterrupted_Baseline,1
1790320591.552159898,Uninterrupted_Baseline,1
1790320591.634603231,Uninterrupted_Baseline,1
1790320591.717568026,Uninterrupted_Baseline,1
1790320591.798059674,Uninterrupted_Baseline,1
1790320591.878962256,Uninterrupted_Baseline,1
1790320591.959902286,Uninterrupted_Baseline,1
1790320592.696172825,Uninterrupted_Baseline,10
1790320592.779787828,Uninterrupted_Baseline,10
1790320592.858273128,Uninterrupted_Baseline,20
1790320592.941543483,Uninterrupted_Baseline,20
1790320593.024519934,Uninterrupted_Baseline,40
1790320593.108317639,Uninterrupted_Baseline,40
1790320593.191095219,Uninterrupted_Baseline,80
1790320593.274428252,Uninterrupted_Baseline,94
1790320593.358913374,Uninterrupted_Baseline,160
1790320593.449891947,Uninterrupted_Baseline,240
1790320593.535070000,Uninterrupted_Baseline,320
1790320593.624234106,Uninterrupted_Baseline,456
1790320593.706789374,Uninterrupted_Baseline,640
1790320593.793081528,Uninterrupted_Baseline,814
1790320593.876017839,Uninterrupted_Baseline,1058
1790320593.957807950,Uninterrupted_Baseline,902
1790320594.046177448,Uninterrupted_Baseline,711
1790320594.129500618,Uninterrupted_Baseline,548
1790320594.215261776,Uninterrupted_Baseline,548
1790320594.300270828,Uninterrupted_Baseline,519
1790320594.383756504,Uninterrupted_Baseline,345
1790320594.471447621,Uninterrupted_Baseline,274
1790320594.552528734,Uninterrupted_Baseline,274
1790320594.630875331,Uninterrupted_Baseline,275
1790320594.708350396,Uninterrupted_Baseline,275
1790320594.768187530,Uninterrupted_Baseline,275
1790320594.843039242,Uninterrupted_Baseline,276
1790320594.911543565,Uninterrupted_Baseline,276
1790320594.994405976,Uninterrupted_Baseline,277
1790320595.080700750,Uninterrupted_Baseline,277
1790320595.161299013,Uninterrupted_Baseline,278
1790320595.211060880,Uninterrupted_Baseline,278
1790320595.283041743,Uninterrupted_Baseline,279
1790320595.363487620,Uninterrupted_Baseline,279
1790320595.424395010,Uninterrupted_Baseline,280
1790320595.508583264,Uninterrupted_Baseline,280
1790320595.594048612,Uninterrupted_Baseline,281
1790320595.668889078,Uninterrupted_Baseline,281
1790320595.751542376,Uninterrupted_Baseline,281
1790320595.830203160,Uninterrupted_Baseline,282
1790320595.914026041,Uninterrupted_Baseline,282
1790320595.997539623,Uninterrupted_Baseline,283
1790320596.083059678,Uninterrupted_Baseline,284
1790320596.170539999,Uninterrupted_Baseline,284
1790320596.242902963,Uninterrupted_Baseline,284
1790320596.331995767,Uninterrupted_Baseline,285
1790320596.411928527,Uninterrupted_Baseline,285
1790320596.481689627,Uninterrupted_Baseline,286
1790320596.559331561,Uninterrupted_Baseline,286
1790320596.633626500,Uninterrupted_Baseline,287
1790320596.718078601,Uninterrupted_Baseline,287
1790320596.789259064,Uninterrupted_Baseline,288
1790320596.871947657,Uninterrupted_Baseline,288
1790320596.955451708,Uninterrupted_Baseline,289
1790320597.037980354,Uninterrupted_Baseline,289
1790320597.121748841,Uninterrupted_Baseline,290
1790320597.207377022,Uninterrupted_Baseline,290
1790320597.283590673,Uninterrupted_Baseline,291
1790320597.368636382,Uninterrupted_Baseline,291
1790320597.451245369,Uninterrupted_Baseline,292
1790320597.520303818,Uninterrupted_Baseline,292
1790320597.596948179,Uninterrupted_Baseline,293
1790320597.681196021,Uninterrupted_Baseline,293
1790320597.767220567,Uninterrupted_Baseline,294
1790320597.853582392,Uninterrupted_Baseline,294
1790320597.941236963,Uninterrupted_Baseline,295
1790320598.022707463,Uninterrupted_Baseline,295
1790320598.097698055,Uninterrupted_Baseline,296
1790320598.169141317,Uninterrupted_Baseline,296
1790320598.245463648,Uninterrupted_Baseline,296
1790320598.305724036,Uninterrupted_Baseline,297
1790320598.368499060,Uninterrupted_Baseline,297
1790320598.438807902,Uninterrupted_Baseline,298
1790320598.490206405,Uninterrupted_Baseline,298
1790320598.556586736,Uninterrupted_Baseline,298
1790320598.609798179,Uninterrupted_Baseline,299
1790320598.676506368,Uninterrupted_Baseline,299
1790320598.747220752,Uninterrupted_Baseline,299
1790320598.830522266,Uninterrupted_Baseline,300
1790320598.909601906,Uninterrupted_Baseline,300
1790320598.989825950,Uninterrupted_Baseline,301
1790320599.076829856,Uninterrupted_Baseline,301
1790320599.155700834,Uninterrupted_Baseline,302
1790320599.213794267,Uninterrupted_Baseline,302
1790320599.296598781,Uninterrupted_Baseline,303
1790320599.382595981,Uninterrupted_Baseline,303
1790320599.465571118,Uninterrupted_Baseline,304
1790320599.548904729,Uninterrupted_Baseline,304
1790320599.631073381,Uninterrupted_Baseline,305
1790320599.717537772,Uninterrupted_Baseline,305
1790320599.801193981,Uninterrupted_Baseline,305
1790320599.871953283,Uninterrupted_Baseline,306
1790320599.951410152,Uninterrupted_Baseline,306
1790320600.017256764,Uninterrupted_Baseline,307
1790320600.082100635,Uninterrupted_Baseline,307
1790320600.149824014,Uninterrupted_Baseline,308
1790320600.229463046,Uninterrupted_Baseline,308
1790320600.304024913,Uninterrupted_Baseline,308
1790320600.380508887,Uninterrupted_Baseline,309
1790320600.463778156,Uninterrupted_Baseline,309
1790320600.535200933,Uninterrupted_Baseline,310
1790320600.615449773,Uninterrupted_Baseline,310
1790320600.700788552,Uninterrupted_Baseline,311
1790320600.786982761,Uninterrupted_Baseline,311
1790320600.876983720,Uninterrupted_Baseline,312
1790320600.964353740,Uninterrupted_Baseline,312
1790320601.038711163,Uninterrupted_Baseline,313
1790320601.119442707,Uninterrupted_Baseline,313
1790320601.189510460,Uninterrupted_Baseline,314
1790320601.269305618,Uninterrupted_Baseline,314
1790320601.333311963,Uninterrupted_Baseline,314
1790320601.411732469,Uninterrupted_Baseline,315
1790320601.499342035,Uninterrupted_Baseline,315
1790320601.587212138,Uninterrupted_Baseline,316
1790320601.668917329,Uninterrupted_Baseline,316
1790320601.761401421,Uninterrupted_Baseline,317
1790320601.847745489,Uninterrupted_Baseline,317
1790320601.938364994,Uninterrupted_Baseline,318
1790320602.026424995,Uninterrupted_Baseline,319
1790320602.106568969,Uninterrupted_Baseline,319
1790320602.189290574,Uninterrupted_Baseline,319
1790320602.264486821,Uninterrupted_Baseline,320
1790320602.335875012,Uninterrupted_Baseline,320
1790320602.417421235,Uninterrupted_Baseline,321
1790320602.492481076,Uninterrupted_Baseline,321
1790320602.568824712,Uninterrupted_Baseline,322
1790320602.649094598,Uninterrupted_Baseline,322
1790320602.732783862,Uninterrupted_Baseline,323
1790320602.817948880,Uninterrupted_Baseline,323
1790320602.896527257,Uninterrupted_Baseline,324
1790320602.977761324,Uninterrupted_Baseline,324
1790320603.062594083,Uninterrupted_Baseline,325
1790320603.145437168,Uninterrupted_Baseline,325
1790320603.224818317,Uninterrupted_Baseline,326
1790320603.311002084,Uninterrupted_Baseline,326
1790320603.378487290,Uninterrupted_Baseline,326
1790320603.439896647,Uninterrupted_Baseline,327
1790320603.512984751,Uninterrupted_Baseline,327
1790320603.593593326,Uninterrupted_Baseline,328
1790320603.677512884,Uninterrupted_Baseline,328
1790320603.764566604,Uninterrupted_Baseline,329
1790320603.847972309,Uninterrupted_Baseline,329
1790320603.935773994,Uninterrupted_Baseline,330
1790320604.021150172,Uninterrupted_Baseline,330
1790320604.097719182,Uninterrupted_Baseline,331
1790320604.182362309,Uninterrupted_Baseline,331
1790320604.268475143,Uninterrupted_Baseline,332
1790320604.356061243,Uninterrupted_Baseline,332
1790320604.445472911,Uninterrupted_Baseline,333
1790320604.526102000,Uninterrupted_Baseline,333
1790320604.613261841,Uninterrupted_Baseline,334
1790320604.696089916,Uninterrupted_Baseline,334
1790320604.768020842,Uninterrupted_Baseline,335
1790320604.846821744,Uninterrupted_Baseline,335
1790320604.926835696,Uninterrupted_Baseline,335
1790320604.995811280,Uninterrupted_Baseline,336
1790320605.080793148,Uninterrupted_Baseline,336
1790320605.162522235,Uninterrupted_Baseline,337
1790320605.251860413,Uninterrupted_Baseline,337
1790320605.316608300,Uninterrupted_Baseline,338
1790320605.402850092,Uninterrupted_Baseline,338
1790320605.490222817,Uninterrupted_Baseline,339
1790320605.566297193,Uninterrupted_Baseline,339
1790320605.642745660,Uninterrupted_Baseline,340
1790320605.726165313,Uninterrupted_Baseline,340
1790320605.803808813,Uninterrupted_Baseline,341
1790320605.888902299,Uninterrupted_Baseline,341
1790320605.974592738,Uninterrupted_Baseline,342
1790320606.057620364,Uninterrupted_Baseline,342
1790320606.134435447,Uninterrupted_Baseline,343
1790320606.216337758,Uninterrupted_Baseline,343
1790320606.302090231,Uninterrupted_Baseline,343
1790320606.382279032,Uninterrupted_Baseline,344
1790320606.466304326,Uninterrupted_Baseline,344
1790320606.545812962,Uninterrupted_Baseline,345
1790320606.615809363,Uninterrupted_Baseline,345
1790320606.691608250,Uninterrupted_Baseline,346
1790320606.776785000,Uninterrupted_Baseline,346
1790320606.856234882,Uninterrupted_Baseline,347
1790320606.936759751,Uninterrupted_Baseline,347
1790320607.016183553,Uninterrupted_Baseline,348
1790320607.096072004,Uninterrupted_Baseline,348
1790320607.173686499,Uninterrupted_Baseline,349
1790320607.255844659,Uninterrupted_Baseline,349
1790320607.339823415,Uninterrupted_Baseline,349
1790320607.419768082,Uninterrupted_Baseline,350
1790320607.502257784,Uninterrupted_Baseline,350
1790320607.584826531,Uninterrupted_Baseline,351
1790320607.670847352,Uninterrupted_Baseline,351
1790320607.729350617,Uninterrupted_Baseline,352
1790320607.810769060,Uninterrupted_Baseline,352
1790320607.891032916,Uninterrupted_Baseline,353
1790320607.972983464,Uninterrupted_Baseline,353
1790320608.043914135,Uninterrupted_Baseline,353
1790320608.103811776,Uninterrupted_Baseline,354
1790320608.184979884,Uninterrupted_Baseline,354
1790320608.260139402,Uninterrupted_Baseline,355
1790320608.320048196,Uninterrupted_Baseline,355
1790320608.402622335,Uninterrupted_Baseline,356
1790320608.453392630,Uninterrupted_Baseline,356
1790320608.507591636,Uninterrupted_Baseline,356
1790320608.570571621,Uninterrupted_Baseline,356
1790320608.624585396,Uninterrupted_Baseline,357
1790320608.703485852,Uninterrupted_Baseline,357
1790320608.786206886,Uninterrupted_Baseline,358
1790320608.857285403,Uninterrupted_Baseline,358
1790320608.944581594,Uninterrupted_Baseline,359
1790320608.996448137,Uninterrupted_Baseline,359
1790320609.061065418,Uninterrupted_Baseline,359
1790320609.141607649,Uninterrupted_Baseline,360
1790320609.224832970,Uninterrupted_Baseline,360
1790320609.291331042,Uninterrupted_Baseline,361
1790320609.374303894,Uninterrupted_Baseline,361
1790320609.458325930,Uninterrupted_Baseline,362
1790320609.543353550,Uninterrupted_Baseline,362
1790320609.623871309,Uninterrupted_Baseline,363
1790320609.706899642,Uninterrupted_Baseline,363
1790320609.763911914,Uninterrupted_Baseline,363
1790320609.834221408,Uninterrupted_Baseline,364
1790320609.916445647,Uninterrupted_Baseline,364
1790320609.999045031,Uninterrupted_Baseline,365
1790320610.083007263,Uninterrupted_Baseline,365
1790320610.165625875,Uninterrupted_Baseline,366
1790320610.248483271,Uninterrupted_Baseline,366
1790320610.331160790,Uninterrupted_Baseline,367
1790320610.416392188,Uninterrupted_Baseline,367
1790320610.503381483,Uninterrupted_Baseline,368
1790320610.581223551,Uninterrupted_Baseline,368
1790320610.670460963,Uninterrupted_Baseline,369
1790320610.755939164,Uninterrupted_Baseline,369
1790320610.841532966,Uninterrupted_Baseline,370
1790320610.924724664,Uninterrupted_Baseline,370
1790320611.005051369,Uninterrupted_Baseline,370
1790320611.086067934,Uninterrupted_Baseline,371
1790320611.163809040,Uninterrupted_Baseline,371
1790320611.243509406,Uninterrupted_Baseline,372
1790320611.313967007,Uninterrupted_Baseline,372
1790320611.380467212,Uninterrupted_Baseline,373
1790320611.451614963,Uninterrupted_Baseline,373
1790320611.523913048,Uninterrupted_Baseline,373
1790320611.605578690,Uninterrupted_Baseline,374
1790320611.691597549,Uninterrupted_Baseline,374
1790320611.769139376,Uninterrupted_Baseline,375
1790320611.858427673,Uninterrupted_Baseline,375
1790320611.950137304,Uninterrupted_Baseline,376
1790320612.036937047,Uninterrupted_Baseline,376
1790320612.124066779,Uninterrupted_Baseline,377
1790320612.212239600,Uninterrupted_Baseline,377
1790320612.300302440,Uninterrupted_Baseline,378
1790320612.385358933,Uninterrupted_Baseline,378
1790320612.466429831,Uninterrupted_Baseline,379
1790320612.540600579,Uninterrupted_Baseline,379
1790320612.624864508,Uninterrupted_Baseline,380
1790320612.704897647,Uninterrupted_Baseline,380
1790320612.773392094,Uninterrupted_Baseline,381
1790320612.854311960,Uninterrupted_Baseline,381
1790320612.940938408,Uninterrupted_Baseline,382
1790320613.025546734,Uninterrupted_Baseline,382
1790320613.106923900,Uninterrupted_Baseline,382
1790320613.191939156,Uninterrupted_Baseline,383
1790320613.275484240,Uninterrupted_Baseline,383
1790320613.342424640,Uninterrupted_Baseline,384
1790320613.407884343,Uninterrupted_Baseline,384
1790320613.478877636,Uninterrupted_Baseline,385
1790320613.563005613,Uninterrupted_Baseline,385
1790320613.639745402,Uninterrupted_Baseline,386
1790320613.724387479,Uninterrupted_Baseline,386
1790320613.803310827,Uninterrupted_Baseline,387
1790320613.885817945,Uninterrupted_Baseline,387
1790320613.967858656,Uninterrupted_Baseline,387
1790320614.036437565,Uninterrupted_Baseline,388
1790320614.115079850,Uninterrupted_Baseline,388
1790320614.198161818,Uninterrupted_Baseline,389
1790320614.280279651,Uninterrupted_Baseline,389
1790320614.351764553,Uninterrupted_Baseline,390
1790320614.435247719,Uninterrupted_Baseline,390
1790320614.520363022,Uninterrupted_Baseline,391
1790320614.600453276,Uninterrupted_Baseline,391
1790320614.687514471,Uninterrupted_Baseline,392
1790320614.765569421,Uninterrupted_Baseline,392
1790320614.848089068,Uninterrupted_Baseline,393
1790320614.928758808,Uninterrupted_Baseline,393
1790320615.013922314,Uninterrupted_Baseline,393
1790320615.112171133,Uninterrupted_Baseline,394
1790320615.164877529,Uninterrupted_Baseline,394
1790320615.224367449,Uninterrupted_Baseline,395
1790320615.311500607,Uninterrupted_Baseline,395
1790320615.394390268,Uninterrupted_Baseline,396
1790320615.482044584,Uninterrupted_Baseline,396
1790320615.565451966,Uninterrupted_Baseline,397
1790320615.651395126,Uninterrupted_Baseline,397
1790320615.732348832,Uninterrupted_Baseline,398
1790320615.809865198,Uninterrupted_Baseline,398
1790320615.895615935,Uninterrupted_Baseline,399
1790320615.983408409,Uninterrupted_Baseline,399
1790320616.066220304,Uninterrupted_Baseline,400
1790320616.155947021,Uninterrupted_Baseline,400
1790320616.239884786,Uninterrupted_Baseline,401
1790320616.316799113,Uninterrupted_Baseline,401
1790320616.380936570,Uninterrupted_Baseline,401
1790320616.462726325,Uninterrupted_Baseline,402
1790320616.551586349,Uninterrupted_Baseline,402
1790320616.636710205,Uninterrupted_Baseline,403
1790320616.717078598,Uninterrupted_Baseline,403
1790320616.803507377,Uninterrupted_Baseline,404
1790320616.887546045,Uninterrupted_Baseline,404
1790320616.972816123,Uninterrupted_Baseline,405
1790320617.056569316,Uninterrupted_Baseline,405
1790320617.136178212,Uninterrupted_Baseline,406
1790320617.226379272,Uninterrupted_Baseline,406
1790320617.297346369,Uninterrupted_Baseline,407
1790320617.374416975,Uninterrupted_Baseline,407
1790320617.460931904,Uninterrupted_Baseline,408
1790320617.542489057,Uninterrupted_Baseline,408
1790320617.626267683,Uninterrupted_Baseline,409
1790320617.709497846,Uninterrupted_Baseline,409
1790320617.792802301,Uninterrupted_Baseline,410
1790320617.868404958,Uninterrupted_Baseline,410
1790320617.954045084,Uninterrupted_Baseline,411
1790320618.031335763,Uninterrupted_Baseline,411
1790320618.087834288,Uninterrupted_Baseline,412
1790320618.173077968,Uninterrupted_Baseline,412
1790320618.252451111,Uninterrupted_Baseline,412
1790320618.314691667,Uninterrupted_Baseline,413
1790320618.380623625,Uninterrupted_Baseline,413
1790320618.431096202,Uninterrupted_Baseline,413
1790320618.484018683,Uninterrupted_Baseline,414
1790320618.545867167,Uninterrupted_Baseline,414
1790320618.603361277,Uninterrupted_Baseline,414
1790320618.682181195,Uninterrupted_Baseline,415
1790320618.763279000,Uninterrupted_Baseline,415
1790320618.842689439,Uninterrupted_Baseline,416
1790320618.923813056,Uninterrupted_Baseline,416
1790320619.004445070,Uninterrupted_Baseline,417
1790320619.092472727,Uninterrupted_Baseline,417
1790320619.146622783,Uninterrupted_Baseline,418
1790320619.220228535,Uninterrupted_Baseline,418
1790320619.304882728,Uninterrupted_Baseline,418
1790320619.381035304,Uninterrupted_Baseline,419
1790320619.468601590,Uninterrupted_Baseline,419
1790320619.556055925,Uninterrupted_Baseline,420
1790320619.636336172,Uninterrupted_Baseline,420
1790320619.717525675,Uninterrupted_Baseline,421
1790320619.806945669,Uninterrupted_Baseline,421
1790320619.889979491,Uninterrupted_Baseline,422
1790320619.973606258,Uninterrupted_Baseline,422
1790320620.057804203,Uninterrupted_Baseline,423
1790320620.138755041,Uninterrupted_Baseline,423
1790320620.224566589,Uninterrupted_Baseline,424
1790320620.310727622,Uninterrupted_Baseline,424
1790320620.382876868,Uninterrupted_Baseline,425
1790320620.460841778,Uninterrupted_Baseline,425
1790320620.537269986,Uninterrupted_Baseline,426
1790320620.602935387,Uninterrupted_Baseline,426
1790320620.671051291,Uninterrupted_Baseline,426
1790320620.754844150,Uninterrupted_Baseline,427
1790320620.835571146,Uninterrupted_Baseline,427
1790320620.898902273,Uninterrupted_Baseline,428
1790320620.981605783,Uninterrupted_Baseline,428
1790320621.074103860,Uninterrupted_Baseline,429
1790320621.156028647,Uninterrupted_Baseline,429
1790320621.237291813,Uninterrupted_Baseline,430
1790320621.324514747,Uninterrupted_Baseline,430
1790320621.384013146,Uninterrupted_Baseline,430
1790320621.442969384,Uninterrupted_Baseline,431
1790320621.508158611,Uninterrupted_Baseline,431
1790320621.566233205,Uninterrupted_Baseline,431
1790320621.634454773,Uninterrupted_Baseline,432
1790320621.703382807,Uninterrupted_Baseline,432
1790320621.752750981,Uninterrupted_Baseline,432
1790320621.819311190,Uninterrupted_Baseline,433
1790320621.900907549,Uninterrupted_Baseline,433
1790320621.981693315,Uninterrupted_Baseline,434
1790320622.062363979,Uninterrupted_Baseline,434
1790320622.146584622,Uninterrupted_Baseline,435
1790320622.228205941,Uninterrupted_Baseline,435
1790320622.314202289,Uninterrupted_Baseline,436
1790320622.393023820,Uninterrupted_Baseline,436
1790320622.454422404,Uninterrupted_Baseline,437
1790320622.519278076,Uninterrupted_Baseline,437
1790320622.599168173,Uninterrupted_Baseline,437
1790320622.682017328,Uninterrupted_Baseline,438
1790320622.766177357,Uninterrupted_Baseline,438
1790320622.849760802,Uninterrupted_Baseline,439
1790320622.920632984,Uninterrupted_Baseline,439
1790320623.004792118,Uninterrupted_Baseline,440
1790320623.078447110,Uninterrupted_Baseline,440
1790320623.157702721,Uninterrupted_Baseline,441
1790320623.240924629,Uninterrupted_Baseline,441
1790320623.319459410,Uninterrupted_Baseline,442
1790320623.406547295,Uninterrupted_Baseline,442
1790320623.493955654,Uninterrupted_Baseline,443
1790320623.572746496,Uninterrupted_Baseline,443
1790320623.654691235,Uninterrupted_Baseline,444
1790320623.722547253,Uninterrupted_Baseline,444
1790320623.799956555,Uninterrupted_Baseline,444
1790320623.860851150,Uninterrupted_Baseline,445
1790320623.941987240,Uninterrupted_Baseline,445
1790320624.024069605,Uninterrupted_Baseline,446
1790320624.106849124,Uninterrupted_Baseline,446
1790320624.189672105,Uninterrupted_Baseline,447
1790320624.282062597,Uninterrupted_Baseline,447
1790320624.365046084,Uninterrupted_Baseline,448
1790320624.446857695,Uninterrupted_Baseline,448
1790320624.532471281,Uninterrupted_Baseline,449
1790320624.613558380,Uninterrupted_Baseline,449
1790320624.699933618,Uninterrupted_Baseline,450
1790320624.768482136,Uninterrupted_Baseline,450
1790320624.847501905,Uninterrupted_Baseline,450
1790320624.925396590,Uninterrupted_Baseline,451
1790320624.995340570,Uninterrupted_Baseline,451
1790320625.090808592,Uninterrupted_Baseline,452
1790320625.151096146,Uninterrupted_Baseline,452
1790320625.226406021,Uninterrupted_Baseline,453
1790320625.301217406,Uninterrupted_Baseline,453
1790320625.391920160,Uninterrupted_Baseline,454
1790320625.470098784,Uninterrupted_Baseline,454
1790320625.558198221,Uninterrupted_Baseline,455
1790320625.634643268,Uninterrupted_Baseline,455
1790320625.711041062,Uninterrupted_Baseline,455
1790320625.789766881,Uninterrupted_Baseline,456
1790320625.854887368,Uninterrupted_Baseline,456
1790320625.937258073,Uninterrupted_Baseline,457
1790320626.020780593,Uninterrupted_Baseline,457
1790320626.079956303,Uninterrupted_Baseline,458
1790320637.748247992,Phase1_Baseline,10
1790320637.826975075,Phase1_Baseline,10
1790320637.910017070,Phase1_Baseline,20
1790320637.981078237,Phase1_Baseline,20
1790320638.057597985,Phase1_Baseline,40
1790320638.117799891,Phase1_Baseline,40
1790320638.200727067,Phase1_Baseline,80
1790320638.272065297,Phase1_Baseline,80
1790320638.333352905,Phase1_Baseline,108
1790320638.409039703,Phase1_Baseline,160
1790320638.464254121,Phase1_Baseline,160
1790320638.523673572,Phase1_Baseline,297
1790320638.588551745,Phase1_Baseline,320
1790320638.651366652,Phase1_Baseline,344
1790320638.730941427,Phase1_Baseline,640
1790320638.804276250,Phase1_Baseline,644
1790320638.894193955,Phase1_Baseline,1000
1790320638.967848132,Phase1_Baseline,995
1790320639.051194567,Phase1_Baseline,823
1790320639.130156459,Phase1_Baseline,665
1790320639.192261381,Phase1_Baseline,547
1790320639.272478151,Phase1_Baseline,547
1790320639.336469221,Phase1_Baseline,547
1790320639.409994387,Phase1_Baseline,413
1790320639.495887751,Phase1_Baseline,273
1790320639.578525474,Phase1_Baseline,273
1790320639.657873543,Phase1_Baseline,273
1790320639.731324803,Phase1_Baseline,274
1790320639.801415864,Phase1_Baseline,274
1790320639.869989453,Phase1_Baseline,275
1790320639.948614404,Phase1_Baseline,275
1790320640.028957905,Phase1_Baseline,276
1790320640.103326959,Phase1_Baseline,276
1790320640.184216581,Phase1_Baseline,277
1790320640.263832314,Phase1_Baseline,277
1790320640.340487978,Phase1_Baseline,278
1790320640.403754172,Phase1_Baseline,278
1790320640.485129089,Phase1_Baseline,279
1790320640.543399506,Phase1_Baseline,279
1790320640.605314692,Phase1_Baseline,279
1790320640.679080126,Phase1_Baseline,280
1790320640.734692462,Phase1_Baseline,280
1790320640.809351858,Phase1_Baseline,281
1790320640.895528375,Phase1_Baseline,281
1790320640.980747374,Phase1_Baseline,282
1790320641.061889672,Phase1_Baseline,282
1790320641.143294435,Phase1_Baseline,283
1790320641.227131559,Phase1_Baseline,283
1790320641.299562759,Phase1_Baseline,283
1790320641.361553810,Phase1_Baseline,284
1790320641.438441763,Phase1_Baseline,284
1790320641.520903295,Phase1_Baseline,285
1790320641.605078594,Phase1_Baseline,285
1790320641.693839200,Phase1_Baseline,286
1790320641.775256793,Phase1_Baseline,286
1790320641.864907472,Phase1_Baseline,287
1790320641.937937780,Phase1_Baseline,287
1790320642.019995307,Phase1_Baseline,288
1790320642.089722487,Phase1_Baseline,288
1790320642.174964895,Phase1_Baseline,289
1790320642.257580304,Phase1_Baseline,289
1790320642.337379204,Phase1_Baseline,290
1790320642.409474692,Phase1_Baseline,290
1790320642.487862521,Phase1_Baseline,291
1790320642.559519756,Phase1_Baseline,291
1790320642.627454057,Phase1_Baseline,291
1790320642.708437368,Phase1_Baseline,292
1790320642.785148444,Phase1_Baseline,292
1790320642.844438390,Phase1_Baseline,293
1790320642.919792827,Phase1_Baseline,293
1790320642.987482192,Phase1_Baseline,294
1790320643.068764286,Phase1_Baseline,294
1790320643.151184908,Phase1_Baseline,295
1790320643.233776745,Phase1_Baseline,295
1790320643.316675828,Phase1_Baseline,296
1790320643.399085738,Phase1_Baseline,296
1790320643.475586567,Phase1_Baseline,296
1790320643.529597552,Phase1_Baseline,297
1790320643.613471411,Phase1_Baseline,297
1790320643.690611943,Phase1_Baseline,298
1790320643.771511815,Phase1_Baseline,298
1790320643.853442972,Phase1_Baseline,299
1790320643.933274663,Phase1_Baseline,299
1790320644.018292629,Phase1_Baseline,300
1790320644.097808933,Phase1_Baseline,300
1790320644.166927246,Phase1_Baseline,301
1790320644.249615520,Phase1_Baseline,301
1790320644.323268727,Phase1_Baseline,301
1790320644.397987024,Phase1_Baseline,302
1790320644.481718683,Phase1_Baseline,302
1790320644.542361495,Phase1_Baseline,303
1790320644.605812574,Phase1_Baseline,303
1790320644.678497059,Phase1_Baseline,304
1790320644.754812780,Phase1_Baseline,304
1790320644.833077005,Phase1_Baseline,304
1790320644.910985405,Phase1_Baseline,305
1790320645.001136297,Phase1_Baseline,305
1790320645.052903067,Phase1_Baseline,306
1790320645.111223241,Phase1_Baseline,306
1790320645.175003470,Phase1_Baseline,306
1790320645.241027844,Phase1_Baseline,307
1790320645.318411597,Phase1_Baseline,307
1790320645.387473221,Phase1_Baseline,308
1790320645.469134050,Phase1_Baseline,308
1790320645.547423178,Phase1_Baseline,309
1790320645.619865463,Phase1_Baseline,309
1790320645.693828167,Phase1_Baseline,309
1790320645.774326090,Phase1_Baseline,310
1790320645.837498496,Phase1_Baseline,310
1790320645.921999469,Phase1_Baseline,311
1790320645.996249212,Phase1_Baseline,311
1790320646.058343782,Phase1_Baseline,312
1790320646.136563598,Phase1_Baseline,312
1790320646.213761629,Phase1_Baseline,312
1790320646.288229959,Phase1_Baseline,313
1790320646.341337051,Phase1_Baseline,313
1790320646.420943084,Phase1_Baseline,314
1790320646.482780393,Phase1_Baseline,314
1790320646.548313334,Phase1_Baseline,314
1790320646.630218148,Phase1_Baseline,315
1790320646.706331189,Phase1_Baseline,315
1790320646.775331136,Phase1_Baseline,316
1790320646.832246152,Phase1_Baseline,316
1790320646.898438667,Phase1_Baseline,316
1790320646.974632956,Phase1_Baseline,317
1790320647.055553786,Phase1_Baseline,317
1790320647.118677838,Phase1_Baseline,318
1790320647.191185995,Phase1_Baseline,318
1790320647.246599806,Phase1_Baseline,318
1790320647.324289026,Phase1_Baseline,319
1790320647.406781323,Phase1_Baseline,319
1790320647.488368928,Phase1_Baseline,320
1790320647.576962528,Phase1_Baseline,320
1790320647.642454154,Phase1_Baseline,321
1790320647.707249727,Phase1_Baseline,321
1790320647.794706029,Phase1_Baseline,322
1790320647.881918037,Phase1_Baseline,322
1790320647.973424280,Phase1_Baseline,323
1790320648.047641083,Phase1_Baseline,323
1790320648.110094749,Phase1_Baseline,324
1790320648.183880007,Phase1_Baseline,324
1790320648.255806441,Phase1_Baseline,324
1790320648.322588148,Phase1_Baseline,325
1790320648.404037783,Phase1_Baseline,325
1790320648.456746949,Phase1_Baseline,325
1790320648.522592774,Phase1_Baseline,326
1790320648.581763076,Phase1_Baseline,326
1790320648.646232955,Phase1_Baseline,327
1790320648.727145707,Phase1_Baseline,327
1790320648.809641108,Phase1_Baseline,328
1790320648.893139496,Phase1_Baseline,328
1790320648.972933646,Phase1_Baseline,328
1790320649.057408918,Phase1_Baseline,329
1790320649.134884823,Phase1_Baseline,329
1790320649.208479634,Phase1_Baseline,330
1790320649.281943653,Phase1_Baseline,330
1790320649.360486024,Phase1_Baseline,331
1790320649.440167302,Phase1_Baseline,331
1790320649.521605640,Phase1_Baseline,332
1790320649.600517613,Phase1_Baseline,332
1790320649.684130630,Phase1_Baseline,333
1790320649.752313700,Phase1_Baseline,333
1790320649.834085296,Phase1_Baseline,334
1790320649.914815552,Phase1_Baseline,334
1790320649.992085510,Phase1_Baseline,334
1790320650.074883364,Phase1_Baseline,335
1790320650.161214492,Phase1_Baseline,335
1790320650.245050851,Phase1_Baseline,336
1790320650.321885735,Phase1_Baseline,336
1790320650.400518812,Phase1_Baseline,337
1790320650.488748567,Phase1_Baseline,337
1790320650.570057358,Phase1_Baseline,338
1790320650.643848835,Phase1_Baseline,338
1790320650.735442525,Phase1_Baseline,339
1790320650.811772954,Phase1_Baseline,339
1790320650.887081638,Phase1_Baseline,340
1790320650.947277945,Phase1_Baseline,340
1790320651.029499244,Phase1_Baseline,340
1790320651.106275290,Phase1_Baseline,341
1790320651.186514652,Phase1_Baseline,341
1790320651.268205817,Phase1_Baseline,342
1790320651.331522233,Phase1_Baseline,342
1790320651.397220550,Phase1_Baseline,342
1790320651.460923800,Phase1_Baseline,343
1790320651.527280697,Phase1_Baseline,343
1790320651.606848317,Phase1_Baseline,344
1790320651.686427912,Phase1_Baseline,344
1790320651.769848872,Phase1_Baseline,345
1790320651.834428413,Phase1_Baseline,345
1790320651.915753123,Phase1_Baseline,345
1790320651.991516970,Phase1_Baseline,346
1790320652.059770124,Phase1_Baseline,346
1790320652.136376167,Phase1_Baseline,347
1790320652.217513176,Phase1_Baseline,347
1790320652.296738035,Phase1_Baseline,348
1790320652.353067936,Phase1_Baseline,348
1790320652.414968557,Phase1_Baseline,348
1790320652.499084104,Phase1_Baseline,349
1790320652.582033781,Phase1_Baseline,349
1790320652.664080859,Phase1_Baseline,350
1790320652.747488035,Phase1_Baseline,350
1790320652.835904763,Phase1_Baseline,351
1790320652.915415397,Phase1_Baseline,351
1790320652.994351875,Phase1_Baseline,352
1790320653.080417421,Phase1_Baseline,352
1790320653.176206600,Phase1_Baseline,353
1790320653.260441494,Phase1_Baseline,353
1790320653.339264782,Phase1_Baseline,354
1790320653.423333719,Phase1_Baseline,354
1790320653.505439373,Phase1_Baseline,355
1790320653.589245521,Phase1_Baseline,355
1790320653.678059379,Phase1_Baseline,356
1790320653.762846098,Phase1_Baseline,356
1790320653.843972997,Phase1_Baseline,357
1790320653.925171632,Phase1_Baseline,357
1790320654.006570964,Phase1_Baseline,358
1790320654.090894634,Phase1_Baseline,358
1790320654.170603563,Phase1_Baseline,358
1790320654.251587080,Phase1_Baseline,359
1790320654.336257770,Phase1_Baseline,359
1790320654.421271425,Phase1_Baseline,360
1790320654.503868609,Phase1_Baseline,360
1790320654.586976117,Phase1_Baseline,361
1790320654.664975516,Phase1_Baseline,361
1790320654.748211750,Phase1_Baseline,362
1790320654.834263168,Phase1_Baseline,362
1790320654.915783057,Phase1_Baseline,363
1790320654.998372307,Phase1_Baseline,363
1790320655.085280192,Phase1_Baseline,364
1790320655.136031744,Phase1_Baseline,364
1790320655.187417184,Phase1_Baseline,364
1790320655.267983071,Phase1_Baseline,365
1790320655.348187575,Phase1_Baseline,365
1790320655.438313851,Phase1_Baseline,366
1790320655.521480770,Phase1_Baseline,366
1790320655.598959440,Phase1_Baseline,367
1790320655.683143027,Phase1_Baseline,367
1790320655.765848016,Phase1_Baseline,368
1790320655.848344803,Phase1_Baseline,368
1790320655.932877975,Phase1_Baseline,369
1790320656.010326238,Phase1_Baseline,369
1790320656.094212959,Phase1_Baseline,370
1790320656.179366852,Phase1_Baseline,370
1790320656.258932531,Phase1_Baseline,371
1790320656.319527200,Phase1_Baseline,371
1790320656.395438423,Phase1_Baseline,371
1790320656.474201213,Phase1_Baseline,372
1790320656.556746275,Phase1_Baseline,372
1790320656.641848307,Phase1_Baseline,373
1790320656.721826472,Phase1_Baseline,373
1790320656.808919462,Phase1_Baseline,374
1790320659.513620091,Phase2_Migrated,10
1790320659.607956383,Phase2_Migrated,10
1790320659.707030804,Phase2_Migrated,10
1790320659.784343015,Phase2_Migrated,20
1790320659.873195559,Phase2_Migrated,20
1790320659.960332395,Phase2_Migrated,40
1790320660.062950651,Phase2_Migrated,40
1790320660.156611056,Phase2_Migrated,80
1790320660.250988212,Phase2_Migrated,130
1790320660.347965057,Phase2_Migrated,160
1790320660.435720896,Phase2_Migrated,274
1790320660.512348531,Phase2_Migrated,320
1790320660.599508718,Phase2_Migrated,470
1790320660.695220997,Phase2_Migrated,640
1790320660.791710159,Phase2_Migrated,931
1790320660.886795918,Phase2_Migrated,996
1790320660.962019549,Phase2_Migrated,846
1790320661.035189043,Phase2_Migrated,675
1790320661.132911075,Phase2_Migrated,548
1790320661.224955892,Phase2_Migrated,548
1790320661.307058167,Phase2_Migrated,437
1790320661.400849407,Phase2_Migrated,293
1790320661.495940846,Phase2_Migrated,274
1790320661.586412769,Phase2_Migrated,275
1790320661.680361110,Phase2_Migrated,275
1790320661.771801004,Phase2_Migrated,276
1790320661.868552198,Phase2_Migrated,276
1790320661.957807920,Phase2_Migrated,277
1790320662.050525250,Phase2_Migrated,277
1790320662.146320970,Phase2_Migrated,278
1790320662.247361506,Phase2_Migrated,279
1790320662.342630491,Phase2_Migrated,279
1790320662.418601065,Phase2_Migrated,280
1790320662.500459861,Phase2_Migrated,280
1790320662.600457196,Phase2_Migrated,281
1790320662.688217471,Phase2_Migrated,281
1790320662.783619865,Phase2_Migrated,282
1790320662.882143460,Phase2_Migrated,282
1790320662.976778675,Phase2_Migrated,283
1790320663.061138194,Phase2_Migrated,284
1790320663.146072340,Phase2_Migrated,284
1790320663.236534388,Phase2_Migrated,285
1790320663.328755015,Phase2_Migrated,285
1790320663.425975752,Phase2_Migrated,286
1790320663.521931013,Phase2_Migrated,286
1790320663.623603655,Phase2_Migrated,287
1790320663.718636792,Phase2_Migrated,288
1790320663.812751081,Phase2_Migrated,288
1790320663.907161043,Phase2_Migrated,289
1790320664.000398542,Phase2_Migrated,289
1790320664.097388700,Phase2_Migrated,290
1790320664.195052965,Phase2_Migrated,290
1790320664.291455777,Phase2_Migrated,291
1790320664.390191671,Phase2_Migrated,292
1790320664.484417475,Phase2_Migrated,292
1790320664.576999834,Phase2_Migrated,293
1790320664.670008132,Phase2_Migrated,293
1790320664.765522484,Phase2_Migrated,294
1790320664.864351485,Phase2_Migrated,294
1790320664.955708441,Phase2_Migrated,295
1790320665.050806453,Phase2_Migrated,295
1790320665.139692702,Phase2_Migrated,296
1790320665.233294271,Phase2_Migrated,296
1790320665.325707547,Phase2_Migrated,297
1790320665.415971786,Phase2_Migrated,298
1790320665.508182766,Phase2_Migrated,298
1790320665.604574597,Phase2_Migrated,299
1790320665.705281743,Phase2_Migrated,299
1790320665.801764784,Phase2_Migrated,300
1790320665.895535305,Phase2_Migrated,300
1790320665.986085680,Phase2_Migrated,301
1790320666.081802474,Phase2_Migrated,302
1790320666.176711694,Phase2_Migrated,302
1790320666.265568503,Phase2_Migrated,303
1790320666.346553295,Phase2_Migrated,303
1790320666.433605986,Phase2_Migrated,304
1790320666.514443469,Phase2_Migrated,304
1790320666.601541329,Phase2_Migrated,305
1790320666.677339046,Phase2_Migrated,305
1790320666.781563503,Phase2_Migrated,306
1790320666.877410858,Phase2_Migrated,306
1790320666.964042739,Phase2_Migrated,307
1790320667.060529976,Phase2_Migrated,307
1790320667.154275762,Phase2_Migrated,308
1790320667.246826926,Phase2_Migrated,308
1790320667.328163961,Phase2_Migrated,309
1790320667.417487468,Phase2_Migrated,309
1790320667.508508723,Phase2_Migrated,310
1790320667.600873855,Phase2_Migrated,310
1790320667.694802331,Phase2_Migrated,311
1790320667.787286665,Phase2_Migrated,312
1790320667.882873611,Phase2_Migrated,312
1790320667.977798654,Phase2_Migrated,313
1790320668.049699210,Phase2_Migrated,313
1790320668.122748100,Phase2_Migrated,313
1790320668.203269978,Phase2_Migrated,314
1790320668.286967868,Phase2_Migrated,314
1790320668.367259036,Phase2_Migrated,315
1790320668.435519150,Phase2_Migrated,315
1790320668.490839007,Phase2_Migrated,316
1790320668.547088799,Phase2_Migrated,316
1790320668.622754897,Phase2_Migrated,316
1790320668.704177079,Phase2_Migrated,317
1790320668.780870019,Phase2_Migrated,317
1790320668.864205417,Phase2_Migrated,318
1790320668.952971317,Phase2_Migrated,318
1790320669.039545634,Phase2_Migrated,319
1790320669.126842782,Phase2_Migrated,319
1790320669.203167016,Phase2_Migrated,320
1790320669.274341944,Phase2_Migrated,320
1790320669.367542682,Phase2_Migrated,321
1790320669.462018440,Phase2_Migrated,321
1790320669.548941195,Phase2_Migrated,322
1790320669.637857747,Phase2_Migrated,322
1790320669.719359256,Phase2_Migrated,323
1790320669.781417472,Phase2_Migrated,323
1790320669.864328040,Phase2_Migrated,324
1790320669.957015563,Phase2_Migrated,324
1790320670.046576252,Phase2_Migrated,325
1790320670.141732082,Phase2_Migrated,325
1790320670.224358391,Phase2_Migrated,326
1790320670.310373726,Phase2_Migrated,326
1790320670.373312651,Phase2_Migrated,326
1790320670.466811323,Phase2_Migrated,327
1790320670.558896687,Phase2_Migrated,328
1790320670.652566682,Phase2_Migrated,328
1790320670.748266741,Phase2_Migrated,329
1790320670.835184185,Phase2_Migrated,329
1790320670.917270917,Phase2_Migrated,330
1790320671.010516168,Phase2_Migrated,330
1790320671.100367226,Phase2_Migrated,331
1790320671.186319356,Phase2_Migrated,331
1790320671.282713478,Phase2_Migrated,332
1790320671.376540239,Phase2_Migrated,332
1790320671.472010620,Phase2_Migrated,333
1790320671.565166700,Phase2_Migrated,333
1790320671.657274664,Phase2_Migrated,334
1790320671.752150530,Phase2_Migrated,335
1790320671.851077720,Phase2_Migrated,335
1790320671.954306352,Phase2_Migrated,336
1790320672.053476943,Phase2_Migrated,336
1790320672.147958129,Phase2_Migrated,337
1790320672.232078747,Phase2_Migrated,337
1790320672.322854099,Phase2_Migrated,338
1790320672.412571017,Phase2_Migrated,338
1790320672.505566890,Phase2_Migrated,339
1790320672.596373870,Phase2_Migrated,339
1790320672.692359687,Phase2_Migrated,340
1790320672.783854263,Phase2_Migrated,340
1790320672.876795070,Phase2_Migrated,341
1790320672.970446193,Phase2_Migrated,342
1790320673.065544607,Phase2_Migrated,342
1790320673.164083073,Phase2_Migrated,343
1790320673.253302029,Phase2_Migrated,343
1790320673.342985120,Phase2_Migrated,344
1790320673.435012043,Phase2_Migrated,344
1790320673.522203631,Phase2_Migrated,345
1790320673.614974106,Phase2_Migrated,345
1790320673.705470111,Phase2_Migrated,346
1790320673.800390617,Phase2_Migrated,346
1790320673.892356540,Phase2_Migrated,347
1790320673.987925747,Phase2_Migrated,347
1790320674.053133943,Phase2_Migrated,348
1790320674.145385095,Phase2_Migrated,348
1790320674.237756927,Phase2_Migrated,349
1790320674.331851390,Phase2_Migrated,349
1790320674.426779116,Phase2_Migrated,350
1790320674.514825673,Phase2_Migrated,351
1790320674.609161783,Phase2_Migrated,351
1790320674.705251586,Phase2_Migrated,352
1790320674.803855741,Phase2_Migrated,352
1790320674.900137961,Phase2_Migrated,353
1790320674.998758053,Phase2_Migrated,353
1790320675.118492036,Phase2_Migrated,354
1790320675.174274826,Phase2_Migrated,354
1790320675.240507705,Phase2_Migrated,355
1790320675.320172230,Phase2_Migrated,355
1790320675.414405245,Phase2_Migrated,356
1790320675.514594026,Phase2_Migrated,356
1790320675.609133760,Phase2_Migrated,357
1790320675.700067934,Phase2_Migrated,357
1790320675.786955254,Phase2_Migrated,358
1790320675.878575340,Phase2_Migrated,358
1790320675.955831719,Phase2_Migrated,359
1790320676.046148511,Phase2_Migrated,359
1790320676.122365738,Phase2_Migrated,360
1790320676.216393021,Phase2_Migrated,360
1790320676.297411537,Phase2_Migrated,361
1790320676.397611785,Phase2_Migrated,361
1790320676.493707314,Phase2_Migrated,362
1790320676.585181376,Phase2_Migrated,362
1790320676.681905036,Phase2_Migrated,363
1790320676.779886762,Phase2_Migrated,364
1790320676.874429070,Phase2_Migrated,364
1790320676.971366695,Phase2_Migrated,365
1790320677.065269626,Phase2_Migrated,365
1790320677.163531774,Phase2_Migrated,366
1790320677.251329918,Phase2_Migrated,366
1790320677.347289745,Phase2_Migrated,367
1790320677.436042418,Phase2_Migrated,367
1790320677.530234844,Phase2_Migrated,368
1790320677.612828719,Phase2_Migrated,368
1790320677.702508226,Phase2_Migrated,369
1790320677.794418918,Phase2_Migrated,369
1790320677.895388183,Phase2_Migrated,370
1790320679.430385550,Uninterrupted_Baseline,1
1790320679.498289070,Uninterrupted_Baseline,1
1790320679.572486111,Uninterrupted_Baseline,1
1790320679.653695817,Uninterrupted_Baseline,1
1790320679.737779454,Uninterrupted_Baseline,1
1790320679.815829176,Uninterrupted_Baseline,1
1790320679.898471431,Uninterrupted_Baseline,1
1790320679.981128215,Uninterrupted_Baseline,1
1790320680.065762773,Uninterrupted_Baseline,1
1790320681.948554406,Uninterrupted_Baseline,10
1790320682.035612843,Uninterrupted_Baseline,10
1790320682.113919724,Uninterrupted_Baseline,20
1790320682.177423211,Uninterrupted_Baseline,20
1790320682.239133889,Uninterrupted_Baseline,28
1790320682.309550759,Uninterrupted_Baseline,40
1790320682.379060405,Uninterrupted_Baseline,40
1790320682.463364975,Uninterrupted_Baseline,80
1790320682.547694491,Uninterrupted_Baseline,80
1790320682.629472770,Uninterrupted_Baseline,160
1790320682.710873332,Uninterrupted_Baseline,160
1790320682.788217230,Uninterrupted_Baseline,320
1790320682.866622038,Uninterrupted_Baseline,320
1790320682.945953079,Uninterrupted_Baseline,615
1790320683.032420755,Uninterrupted_Baseline,640
1790320683.113293581,Uninterrupted_Baseline,969
1790320683.198715591,Uninterrupted_Baseline,988
1790320683.279788650,Uninterrupted_Baseline,820
1790320683.359315273,Uninterrupted_Baseline,648
1790320683.440169136,Uninterrupted_Baseline,547
1790320683.516973834,Uninterrupted_Baseline,547
1790320683.576682343,Uninterrupted_Baseline,537
1790320683.650290466,Uninterrupted_Baseline,378
1790320683.737780843,Uninterrupted_Baseline,273
1790320683.820025357,Uninterrupted_Baseline,273
1790320683.903472198,Uninterrupted_Baseline,274
1790320683.986914625,Uninterrupted_Baseline,274
1790320684.072944055,Uninterrupted_Baseline,275
1790320684.154493554,Uninterrupted_Baseline,275
1790320684.238857670,Uninterrupted_Baseline,276
1790320684.320492312,Uninterrupted_Baseline,276
1790320684.403568790,Uninterrupted_Baseline,277
1790320684.487944280,Uninterrupted_Baseline,277
1790320684.571772496,Uninterrupted_Baseline,278
1790320684.658541948,Uninterrupted_Baseline,278
1790320684.739558226,Uninterrupted_Baseline,279
1790320684.818248108,Uninterrupted_Baseline,279
1790320684.889585662,Uninterrupted_Baseline,280
1790320684.973214535,Uninterrupted_Baseline,280
1790320685.051996366,Uninterrupted_Baseline,281
1790320685.130514515,Uninterrupted_Baseline,281
1790320685.209919309,Uninterrupted_Baseline,282
1790320685.293505722,Uninterrupted_Baseline,282
1790320685.372726647,Uninterrupted_Baseline,283
1790320685.457031138,Uninterrupted_Baseline,283
1790320685.537997805,Uninterrupted_Baseline,284
1790320685.618643193,Uninterrupted_Baseline,284
1790320685.702239767,Uninterrupted_Baseline,284
1790320685.784189914,Uninterrupted_Baseline,285
1790320685.863217098,Uninterrupted_Baseline,285
1790320685.948211285,Uninterrupted_Baseline,286
1790320686.034271222,Uninterrupted_Baseline,286
1790320686.117069170,Uninterrupted_Baseline,287
1790320686.199504647,Uninterrupted_Baseline,287
1790320686.283716296,Uninterrupted_Baseline,288
1790320686.363308961,Uninterrupted_Baseline,288
1790320686.445949928,Uninterrupted_Baseline,289
1790320686.532984600,Uninterrupted_Baseline,290
1790320686.622806663,Uninterrupted_Baseline,290
1790320686.717804410,Uninterrupted_Baseline,291
1790320686.783501114,Uninterrupted_Baseline,291
1790320686.852085140,Uninterrupted_Baseline,291
1790320686.933787970,Uninterrupted_Baseline,292
1790320687.018458913,Uninterrupted_Baseline,292
1790320687.105252476,Uninterrupted_Baseline,293
1790320687.187255564,Uninterrupted_Baseline,293
1790320687.259274645,Uninterrupted_Baseline,294
1790320687.342481437,Uninterrupted_Baseline,294
1790320687.421699651,Uninterrupted_Baseline,295
1790320687.499723429,Uninterrupted_Baseline,295
1790320687.582253308,Uninterrupted_Baseline,296
1790320687.667593537,Uninterrupted_Baseline,296
1790320687.749178069,Uninterrupted_Baseline,297
1790320687.812265026,Uninterrupted_Baseline,297
1790320687.893471962,Uninterrupted_Baseline,298
1790320687.975827266,Uninterrupted_Baseline,298
1790320688.058071083,Uninterrupted_Baseline,299
1790320688.141902451,Uninterrupted_Baseline,299
1790320688.219276087,Uninterrupted_Baseline,299
1790320688.274272182,Uninterrupted_Baseline,300
1790320688.325581079,Uninterrupted_Baseline,300
1790320688.385901951,Uninterrupted_Baseline,300
1790320688.448865162,Uninterrupted_Baseline,301
1790320688.497757240,Uninterrupted_Baseline,301
1790320688.554573992,Uninterrupted_Baseline,301
1790320688.618033008,Uninterrupted_Baseline,302
1790320688.671590303,Uninterrupted_Baseline,302
1790320688.737795224,Uninterrupted_Baseline,302
1790320688.802634158,Uninterrupted_Baseline,303
1790320688.878718373,Uninterrupted_Baseline,303
1790320688.942891515,Uninterrupted_Baseline,304
1790320689.026594729,Uninterrupted_Baseline,304
1790320689.104187514,Uninterrupted_Baseline,305
1790320689.172499753,Uninterrupted_Baseline,305
1790320689.246904334,Uninterrupted_Baseline,305
1790320689.327803836,Uninterrupted_Baseline,306
1790320689.413498339,Uninterrupted_Baseline,306
1790320689.495841006,Uninterrupted_Baseline,307
1790320689.581585767,Uninterrupted_Baseline,308
1790320689.665010689,Uninterrupted_Baseline,308
1790320689.735403247,Uninterrupted_Baseline,308
1790320689.813919610,Uninterrupted_Baseline,309
1790320689.893816096,Uninterrupted_Baseline,309
1790320689.959698318,Uninterrupted_Baseline,310
1790320690.043884762,Uninterrupted_Baseline,310
1790320690.126210902,Uninterrupted_Baseline,311
1790320690.208044878,Uninterrupted_Baseline,311
1790320690.292584489,Uninterrupted_Baseline,312
1790320690.378592951,Uninterrupted_Baseline,312
1790320690.462249614,Uninterrupted_Baseline,313
1790320690.542475551,Uninterrupted_Baseline,313
1790320690.613229930,Uninterrupted_Baseline,314
1790320690.682083845,Uninterrupted_Baseline,314
1790320690.762555697,Uninterrupted_Baseline,314
1790320690.845891158,Uninterrupted_Baseline,315
1790320690.927353010,Uninterrupted_Baseline,315
1790320691.012409552,Uninterrupted_Baseline,316
1790320691.096469150,Uninterrupted_Baseline,316
1790320691.181847215,Uninterrupted_Baseline,317
1790320691.266488697,Uninterrupted_Baseline,317
1790320691.351569661,Uninterrupted_Baseline,318
1790320691.433267394,Uninterrupted_Baseline,318
1790320691.520515686,Uninterrupted_Baseline,319
1790320691.588410289,Uninterrupted_Baseline,319
1790320691.671066503,Uninterrupted_Baseline,320
1790320691.752948746,Uninterrupted_Baseline,320
1790320691.829645671,Uninterrupted_Baseline,321
1790320691.916512390,Uninterrupted_Baseline,321
1790320692.000624802,Uninterrupted_Baseline,322
1790320692.086394087,Uninterrupted_Baseline,322
1790320692.175402590,Uninterrupted_Baseline,323
1790320692.262769903,Uninterrupted_Baseline,323
1790320692.356269160,Uninterrupted_Baseline,324
1790320692.436471619,Uninterrupted_Baseline,324
1790320692.521450843,Uninterrupted_Baseline,325
1790320692.608059526,Uninterrupted_Baseline,325
1790320692.693708933,Uninterrupted_Baseline,326
1790320692.779523911,Uninterrupted_Baseline,326
1790320692.861326427,Uninterrupted_Baseline,327
1790320692.945943105,Uninterrupted_Baseline,327
1790320693.028037427,Uninterrupted_Baseline,327
1790320693.105478632,Uninterrupted_Baseline,328
1790320693.185507715,Uninterrupted_Baseline,328
1790320693.269485276,Uninterrupted_Baseline,329
1790320693.355471598,Uninterrupted_Baseline,329
1790320693.436758568,Uninterrupted_Baseline,330
1790320693.517642710,Uninterrupted_Baseline,330
1790320693.599303650,Uninterrupted_Baseline,331
1790320693.697792560,Uninterrupted_Baseline,331
1790320693.784969471,Uninterrupted_Baseline,332
1790320693.869925153,Uninterrupted_Baseline,332
1790320693.952685057,Uninterrupted_Baseline,333
1790320694.035496051,Uninterrupted_Baseline,333
1790320694.098343890,Uninterrupted_Baseline,334
1790320694.181030339,Uninterrupted_Baseline,334
1790320694.264263315,Uninterrupted_Baseline,335
1790320694.347786605,Uninterrupted_Baseline,335
1790320694.431817168,Uninterrupted_Baseline,336
1790320694.519956625,Uninterrupted_Baseline,336
1790320694.605587185,Uninterrupted_Baseline,337
1790320694.686609249,Uninterrupted_Baseline,337
1790320694.772472739,Uninterrupted_Baseline,338
1790320694.849560866,Uninterrupted_Baseline,338
1790320694.903953971,Uninterrupted_Baseline,338
1790320694.994924273,Uninterrupted_Baseline,339
1790320695.048996726,Uninterrupted_Baseline,339
1790320695.108000080,Uninterrupted_Baseline,340
1790320695.170897469,Uninterrupted_Baseline,340
1790320695.252113850,Uninterrupted_Baseline,340
1790320695.333194568,Uninterrupted_Baseline,341
1790320695.409777009,Uninterrupted_Baseline,341
1790320695.476557065,Uninterrupted_Baseline,342
1790320695.560848109,Uninterrupted_Baseline,342
1790320695.649466361,Uninterrupted_Baseline,343
1790320695.735522772,Uninterrupted_Baseline,343
1790320695.821771955,Uninterrupted_Baseline,344
1790320695.903602046,Uninterrupted_Baseline,344
1790320695.988004026,Uninterrupted_Baseline,345
1790320696.076776728,Uninterrupted_Baseline,345
1790320696.154470074,Uninterrupted_Baseline,346
1790320696.243375753,Uninterrupted_Baseline,346
1790320696.325676619,Uninterrupted_Baseline,347
1790320696.395728311,Uninterrupted_Baseline,347
1790320696.483083374,Uninterrupted_Baseline,348
1790320696.566809804,Uninterrupted_Baseline,348
1790320696.648364472,Uninterrupted_Baseline,349
1790320696.735821908,Uninterrupted_Baseline,349
1790320696.819322539,Uninterrupted_Baseline,349
1790320696.891159001,Uninterrupted_Baseline,350
1790320696.949895518,Uninterrupted_Baseline,350
1790320697.024867353,Uninterrupted_Baseline,351
1790320697.106583523,Uninterrupted_Baseline,351
1790320697.179906427,Uninterrupted_Baseline,351
1790320697.233761167,Uninterrupted_Baseline,352
1790320697.309453070,Uninterrupted_Baseline,352
1790320697.371628743,Uninterrupted_Baseline,353
1790320697.454638836,Uninterrupted_Baseline,353
1790320697.539741372,Uninterrupted_Baseline,354
1790320697.624009657,Uninterrupted_Baseline,354
1790320697.707778826,Uninterrupted_Baseline,355
1790320697.789741333,Uninterrupted_Baseline,355
1790320697.865231539,Uninterrupted_Baseline,355
1790320697.952395981,Uninterrupted_Baseline,356
1790320698.034340431,Uninterrupted_Baseline,356
1790320698.115395734,Uninterrupted_Baseline,357
1790320698.184865343,Uninterrupted_Baseline,357
1790320698.259717886,Uninterrupted_Baseline,358
1790320698.328758470,Uninterrupted_Baseline,358
1790320698.407069012,Uninterrupted_Baseline,359
1790320698.456808710,Uninterrupted_Baseline,359
1790320698.509026675,Uninterrupted_Baseline,359
1790320698.570379135,Uninterrupted_Baseline,359
1790320698.630712788,Uninterrupted_Baseline,360
1790320698.703815801,Uninterrupted_Baseline,360
1790320698.774903068,Uninterrupted_Baseline,361
1790320698.859400745,Uninterrupted_Baseline,361
1790320698.939802161,Uninterrupted_Baseline,362
1790320699.028855957,Uninterrupted_Baseline,362
1790320699.113213206,Uninterrupted_Baseline,363
1790320699.180085375,Uninterrupted_Baseline,363
1790320699.241245147,Uninterrupted_Baseline,363
1790320699.313776229,Uninterrupted_Baseline,364
1790320699.392229547,Uninterrupted_Baseline,364
1790320699.471671436,Uninterrupted_Baseline,365
1790320699.538530237,Uninterrupted_Baseline,365
1790320699.612443947,Uninterrupted_Baseline,366
1790320699.692256017,Uninterrupted_Baseline,366
1790320699.774246880,Uninterrupted_Baseline,366
1790320699.858677006,Uninterrupted_Baseline,367
1790320699.941945441,Uninterrupted_Baseline,367
1790320700.030518372,Uninterrupted_Baseline,368
1790320700.111691084,Uninterrupted_Baseline,368
1790320700.195380014,Uninterrupted_Baseline,369
1790320700.279352671,Uninterrupted_Baseline,369
1790320700.354213375,Uninterrupted_Baseline,370
1790320700.434303846,Uninterrupted_Baseline,370
1790320700.513593439,Uninterrupted_Baseline,371
1790320700.590237807,Uninterrupted_Baseline,371
1790320700.677376497,Uninterrupted_Baseline,372
1790320700.754723310,Uninterrupted_Baseline,372
1790320700.834346270,Uninterrupted_Baseline,373
1790320700.913422728,Uninterrupted_Baseline,373
1790320700.994395076,Uninterrupted_Baseline,373
1790320701.077050920,Uninterrupted_Baseline,374
1790320701.157705890,Uninterrupted_Baseline,374
1790320701.243698410,Uninterrupted_Baseline,375
1790320701.325984986,Uninterrupted_Baseline,375
1790320701.410751665,Uninterrupted_Baseline,376
1790320701.495135480,Uninterrupted_Baseline,376
1790320701.573985246,Uninterrupted_Baseline,377
1790320701.666784788,Uninterrupted_Baseline,377
1790320701.755343844,Uninterrupted_Baseline,378
1790320701.843172613,Uninterrupted_Baseline,379
1790320701.926883485,Uninterrupted_Baseline,379
1790320702.011114930,Uninterrupted_Baseline,380
1790320702.095947580,Uninterrupted_Baseline,380
1790320702.173736592,Uninterrupted_Baseline,380
1790320702.252973411,Uninterrupted_Baseline,381
1790320702.336198472,Uninterrupted_Baseline,381
1790320702.418689199,Uninterrupted_Baseline,382
1790320702.501812721,Uninterrupted_Baseline,382
1790320702.583033825,Uninterrupted_Baseline,383
1790320702.646876927,Uninterrupted_Baseline,383
1790320702.730152234,Uninterrupted_Baseline,384
1790320702.809727898,Uninterrupted_Baseline,384
1790320702.889550896,Uninterrupted_Baseline,385
1790320702.969491597,Uninterrupted_Baseline,385
1790320703.055157754,Uninterrupted_Baseline,386
1790320703.131015140,Uninterrupted_Baseline,386
1790320703.207860060,Uninterrupted_Baseline,386
1790320703.288450241,Uninterrupted_Baseline,387
1790320703.374790138,Uninterrupted_Baseline,387
1790320703.459425087,Uninterrupted_Baseline,388
1790320703.532075678,Uninterrupted_Baseline,388
1790320703.615016415,Uninterrupted_Baseline,389
1790320703.700224433,Uninterrupted_Baseline,389
1790320703.780285288,Uninterrupted_Baseline,390
1790320703.863350480,Uninterrupted_Baseline,390
1790320703.946071770,Uninterrupted_Baseline,391
1790320704.032317383,Uninterrupted_Baseline,391
1790320704.114320900,Uninterrupted_Baseline,392
1790320704.192277911,Uninterrupted_Baseline,392
1790320704.256807163,Uninterrupted_Baseline,393
1790320704.340149424,Uninterrupted_Baseline,393
1790320704.423321059,Uninterrupted_Baseline,393
1790320704.502542327,Uninterrupted_Baseline,394
1790320704.586782837,Uninterrupted_Baseline,394
1790320704.673819092,Uninterrupted_Baseline,395
1790320704.752033894,Uninterrupted_Baseline,395
1790320704.832740108,Uninterrupted_Baseline,396
1790320704.884802499,Uninterrupted_Baseline,396
1790320704.942015871,Uninterrupted_Baseline,396
1790320704.999612458,Uninterrupted_Baseline,397
1790320705.063107395,Uninterrupted_Baseline,397
1790320705.137196532,Uninterrupted_Baseline,398
1790320705.219259654,Uninterrupted_Baseline,398
1790320705.303535880,Uninterrupted_Baseline,399
1790320705.382455398,Uninterrupted_Baseline,399
1790320705.463420485,Uninterrupted_Baseline,400
1790320705.554149972,Uninterrupted_Baseline,400
1790320705.636471541,Uninterrupted_Baseline,400
1790320705.715363675,Uninterrupted_Baseline,401
1790320705.796738031,Uninterrupted_Baseline,401
1790320705.861834286,Uninterrupted_Baseline,402
1790320705.944968365,Uninterrupted_Baseline,402
1790320706.028721944,Uninterrupted_Baseline,403
1790320706.109792797,Uninterrupted_Baseline,403
1790320706.189044149,Uninterrupted_Baseline,404
1790320706.272812867,Uninterrupted_Baseline,404
1790320706.335010575,Uninterrupted_Baseline,405
1790320706.420829518,Uninterrupted_Baseline,405
1790320706.506358616,Uninterrupted_Baseline,406
1790320706.588985134,Uninterrupted_Baseline,406
1790320706.672042436,Uninterrupted_Baseline,406
1790320706.756609099,Uninterrupted_Baseline,407
1790320706.839544140,Uninterrupted_Baseline,407
1790320706.910742943,Uninterrupted_Baseline,408
1790320706.977298920,Uninterrupted_Baseline,408
1790320707.066567109,Uninterrupted_Baseline,409
1790320707.145719304,Uninterrupted_Baseline,409
1790320707.224937485,Uninterrupted_Baseline,410
1790320707.301193554,Uninterrupted_Baseline,410
1790320707.381203107,Uninterrupted_Baseline,411
1790320707.455885259,Uninterrupted_Baseline,411
1790320707.537952651,Uninterrupted_Baseline,412
1790320707.621962709,Uninterrupted_Baseline,412
1790320707.703398406,Uninterrupted_Baseline,413
1790320707.788933188,Uninterrupted_Baseline,413
1790320707.872680994,Uninterrupted_Baseline,413
1790320707.956531401,Uninterrupted_Baseline,414
1790320708.042342401,Uninterrupted_Baseline,414
1790320708.097634941,Uninterrupted_Baseline,415
1790320708.170409281,Uninterrupted_Baseline,415
1790320708.260177401,Uninterrupted_Baseline,416
1790320708.335291129,Uninterrupted_Baseline,416
1790320708.416737468,Uninterrupted_Baseline,417
1790320708.466274580,Uninterrupted_Baseline,417
1790320708.524572351,Uninterrupted_Baseline,417
1790320708.584961770,Uninterrupted_Baseline,418
1790320708.656215304,Uninterrupted_Baseline,418
1790320708.734829045,Uninterrupted_Baseline,418
1790320708.821048402,Uninterrupted_Baseline,419
1790320708.903076099,Uninterrupted_Baseline,419
1790320708.987359439,Uninterrupted_Baseline,420
1790320709.069984672,Uninterrupted_Baseline,420
1790320709.147299860,Uninterrupted_Baseline,421
1790320709.210535879,Uninterrupted_Baseline,421
1790320709.290304898,Uninterrupted_Baseline,422
1790320709.373526648,Uninterrupted_Baseline,422
1790320709.455963614,Uninterrupted_Baseline,423
1790320709.539884909,Uninterrupted_Baseline,423
1790320709.627694217,Uninterrupted_Baseline,424
1790320709.709864515,Uninterrupted_Baseline,424
1790320709.765802479,Uninterrupted_Baseline,424
1790320709.844778348,Uninterrupted_Baseline,425
1790320709.930586542,Uninterrupted_Baseline,425
1790320710.011747290,Uninterrupted_Baseline,426
1790320710.095034802,Uninterrupted_Baseline,426
1790320710.176213816,Uninterrupted_Baseline,427
1790320710.257025986,Uninterrupted_Baseline,427
1790320710.340274036,Uninterrupted_Baseline,428
1790320710.421839420,Uninterrupted_Baseline,428
1790320710.503193885,Uninterrupted_Baseline,429
1790320710.581618569,Uninterrupted_Baseline,429
1790320710.663487120,Uninterrupted_Baseline,429
1790320710.730600917,Uninterrupted_Baseline,430
1790320710.818745571,Uninterrupted_Baseline,430
1790320710.897056452,Uninterrupted_Baseline,431
1790320710.981738626,Uninterrupted_Baseline,431
1790320711.063219637,Uninterrupted_Baseline,432
1790320711.138324340,Uninterrupted_Baseline,432
1790320711.225388510,Uninterrupted_Baseline,433
1790320711.306871713,Uninterrupted_Baseline,433
1790320711.386010804,Uninterrupted_Baseline,434
1790320711.467719043,Uninterrupted_Baseline,434
1790320711.549623399,Uninterrupted_Baseline,435
1790320711.634465474,Uninterrupted_Baseline,435
1790320711.710111231,Uninterrupted_Baseline,436
1790320711.789947981,Uninterrupted_Baseline,436
1790320711.870564011,Uninterrupted_Baseline,436
1790320711.955944846,Uninterrupted_Baseline,437
1790320712.041849416,Uninterrupted_Baseline,437
1790320712.127915031,Uninterrupted_Baseline,438
1790320712.209081057,Uninterrupted_Baseline,438
1790320712.287956994,Uninterrupted_Baseline,439
1790320712.374079536,Uninterrupted_Baseline,439
1790320712.458955297,Uninterrupted_Baseline,440
1790320712.531555259,Uninterrupted_Baseline,440
1790320712.613581626,Uninterrupted_Baseline,441
1790320712.696825475,Uninterrupted_Baseline,441
1790320712.784214209,Uninterrupted_Baseline,442
1790320712.877781373,Uninterrupted_Baseline,442
1790320712.958351502,Uninterrupted_Baseline,443
1790320713.038296470,Uninterrupted_Baseline,443
1790320713.119780786,Uninterrupted_Baseline,444
1790320713.197880036,Uninterrupted_Baseline,444
1790320713.281720886,Uninterrupted_Baseline,445
1790320713.351032154,Uninterrupted_Baseline,445
1790320713.417047251,Uninterrupted_Baseline,445
1790320713.500039639,Uninterrupted_Baseline,446
1790320713.586292206,Uninterrupted_Baseline,446
1790320713.673360434,Uninterrupted_Baseline,447
1790320713.756517661,Uninterrupted_Baseline,447
1790320713.839053869,Uninterrupted_Baseline,448
1790320713.921377814,Uninterrupted_Baseline,448
1790320714.001625795,Uninterrupted_Baseline,449
1790320714.085307097,Uninterrupted_Baseline,449
1790320714.171167427,Uninterrupted_Baseline,450
1790320714.256755679,Uninterrupted_Baseline,450
1790320714.339759702,Uninterrupted_Baseline,451
1790320714.425613026,Uninterrupted_Baseline,451
1790320714.506316621,Uninterrupted_Baseline,452
1790320714.591395867,Uninterrupted_Baseline,452
1790320714.673808684,Uninterrupted_Baseline,453
1790320714.754062409,Uninterrupted_Baseline,453
1790320714.843212226,Uninterrupted_Baseline,454
1790320714.928735473,Uninterrupted_Baseline,454
1790320714.989855981,Uninterrupted_Baseline,454
1790320715.063021357,Uninterrupted_Baseline,455
1790320715.142031251,Uninterrupted_Baseline,455
1790320715.227270819,Uninterrupted_Baseline,456
1790320715.309442388,Uninterrupted_Baseline,456
1790320715.383520515,Uninterrupted_Baseline,457
1790320715.463030208,Uninterrupted_Baseline,457
1790320727.036946541,Phase1_Baseline,10
1790320727.119977448,Phase1_Baseline,10
1790320727.208132984,Phase1_Baseline,20
1790320727.290616856,Phase1_Baseline,20
1790320727.368086702,Phase1_Baseline,40
1790320727.451448796,Phase1_Baseline,40
1790320727.525131548,Phase1_Baseline,80
1790320727.607880023,Phase1_Baseline,80
1790320727.688004806,Phase1_Baseline,160
1790320727.767601426,Phase1_Baseline,160
1790320727.837303111,Phase1_Baseline,320
1790320727.920461824,Phase1_Baseline,320
1790320728.008586021,Phase1_Baseline,548
1790320728.079611553,Phase1_Baseline,640
1790320728.148257996,Phase1_Baseline,777
1790320728.228624264,Phase1_Baseline,1076
1790320728.295798603,Phase1_Baseline,953
1790320728.374604346,Phase1_Baseline,807
1790320728.429568706,Phase1_Baseline,684
1790320728.483969815,Phase1_Baseline,576
1790320728.540549050,Phase1_Baseline,548
1790320728.601778764,Phase1_Baseline,548
1790320728.667687285,Phase1_Baseline,511
1790320728.750288244,Phase1_Baseline,341
1790320728.832141254,Phase1_Baseline,274
1790320728.911589067,Phase1_Baseline,274
1790320728.987246388,Phase1_Baseline,275
1790320729.071457451,Phase1_Baseline,275
1790320729.131064754,Phase1_Baseline,275
1790320729.185026014,Phase1_Baseline,276
1790320729.244938679,Phase1_Baseline,276
1790320729.326304538,Phase1_Baseline,277
1790320729.406472560,Phase1_Baseline,277
1790320729.487583228,Phase1_Baseline,278
1790320729.564417560,Phase1_Baseline,278
1790320729.644204917,Phase1_Baseline,279
1790320729.729702858,Phase1_Baseline,279
1790320729.813364226,Phase1_Baseline,280
1790320729.890076467,Phase1_Baseline,280
1790320729.961358903,Phase1_Baseline,281
1790320730.032147916,Phase1_Baseline,281
1790320730.112239881,Phase1_Baseline,281
1790320730.193136778,Phase1_Baseline,282
1790320730.274322884,Phase1_Baseline,282
1790320730.353086315,Phase1_Baseline,283
1790320730.429828018,Phase1_Baseline,283
1790320730.515826897,Phase1_Baseline,284
1790320730.575883498,Phase1_Baseline,284
1790320730.654620465,Phase1_Baseline,285
1790320730.737300644,Phase1_Baseline,285
1790320730.824384499,Phase1_Baseline,286
1790320730.913095231,Phase1_Baseline,286
1790320730.998315771,Phase1_Baseline,287
1790320731.071994928,Phase1_Baseline,287
1790320731.140760753,Phase1_Baseline,288
1790320731.224744574,Phase1_Baseline,288
1790320731.301873136,Phase1_Baseline,289
1790320731.381281418,Phase1_Baseline,289
1790320731.460720636,Phase1_Baseline,290
1790320731.536771610,Phase1_Baseline,290
1790320731.616387500,Phase1_Baseline,291
1790320731.695457020,Phase1_Baseline,291
1790320731.777268600,Phase1_Baseline,292
1790320731.856975636,Phase1_Baseline,292
1790320731.937212562,Phase1_Baseline,292
1790320732.017852856,Phase1_Baseline,293
1790320732.095848241,Phase1_Baseline,293
1790320732.180942693,Phase1_Baseline,294
1790320732.260683447,Phase1_Baseline,294
1790320732.341529778,Phase1_Baseline,295
1790320732.420976852,Phase1_Baseline,295
1790320732.502182632,Phase1_Baseline,296
1790320732.587415095,Phase1_Baseline,296
1790320732.670561644,Phase1_Baseline,297
1790320732.743622006,Phase1_Baseline,297
1790320732.819298562,Phase1_Baseline,298
1790320732.898679629,Phase1_Baseline,298
1790320732.977965021,Phase1_Baseline,299
1790320733.048087229,Phase1_Baseline,299
1790320733.115693632,Phase1_Baseline,299
1790320733.180868523,Phase1_Baseline,300
1790320733.257492256,Phase1_Baseline,300
1790320733.338213680,Phase1_Baseline,301
1790320733.420689011,Phase1_Baseline,301
1790320733.503783395,Phase1_Baseline,302
1790320733.574161666,Phase1_Baseline,302
1790320733.658859974,Phase1_Baseline,303
1790320733.743466963,Phase1_Baseline,303
1790320733.824589015,Phase1_Baseline,304
1790320733.902141911,Phase1_Baseline,304
1790320733.986889810,Phase1_Baseline,305
1790320734.070719599,Phase1_Baseline,305
1790320734.158145303,Phase1_Baseline,306
1790320734.240963743,Phase1_Baseline,306
1790320734.321853452,Phase1_Baseline,307
1790320734.391915802,Phase1_Baseline,307
1790320734.461825802,Phase1_Baseline,307
1790320734.547677088,Phase1_Baseline,308
1790320734.631554990,Phase1_Baseline,308
1790320734.715744759,Phase1_Baseline,309
1790320734.795036339,Phase1_Baseline,309
1790320734.873579103,Phase1_Baseline,310
1790320734.942787584,Phase1_Baseline,310
1790320735.010160951,Phase1_Baseline,311
1790320735.099950838,Phase1_Baseline,311
1790320735.190575546,Phase1_Baseline,312
1790320735.269232938,Phase1_Baseline,312
1790320735.350510393,Phase1_Baseline,313
1790320735.428615450,Phase1_Baseline,313
1790320735.512055990,Phase1_Baseline,313
1790320735.590947583,Phase1_Baseline,314
1790320735.672782348,Phase1_Baseline,314
1790320735.756941080,Phase1_Baseline,315
1790320735.844947238,Phase1_Baseline,315
1790320735.927352709,Phase1_Baseline,316
1790320736.013944621,Phase1_Baseline,316
1790320736.075597387,Phase1_Baseline,317
1790320736.128784448,Phase1_Baseline,317
1790320736.194303957,Phase1_Baseline,317
1790320736.268604787,Phase1_Baseline,318
1790320736.342915729,Phase1_Baseline,318
1790320736.428765780,Phase1_Baseline,319
1790320736.514860960,Phase1_Baseline,319
1790320736.595306717,Phase1_Baseline,320
1790320736.682588020,Phase1_Baseline,320
1790320736.766328235,Phase1_Baseline,321
1790320736.853043008,Phase1_Baseline,321
1790320736.937696141,Phase1_Baseline,322
1790320737.025155385,Phase1_Baseline,322
1790320737.109752261,Phase1_Baseline,323
1790320737.194664376,Phase1_Baseline,323
1790320737.277868667,Phase1_Baseline,324
1790320737.354486634,Phase1_Baseline,324
1790320737.438398244,Phase1_Baseline,325
1790320737.526377244,Phase1_Baseline,325
1790320737.600236468,Phase1_Baseline,326
1790320737.686631313,Phase1_Baseline,326
1790320737.762251040,Phase1_Baseline,327
1790320737.852918692,Phase1_Baseline,327
1790320737.924307031,Phase1_Baseline,328
1790320738.010411613,Phase1_Baseline,328
1790320738.081404331,Phase1_Baseline,329
1790320738.162480517,Phase1_Baseline,329
1790320738.244368150,Phase1_Baseline,329
1790320738.312194686,Phase1_Baseline,330
1790320738.396851551,Phase1_Baseline,330
1790320738.454141922,Phase1_Baseline,331
1790320738.511787384,Phase1_Baseline,331
1790320738.570090300,Phase1_Baseline,331
1790320738.628081753,Phase1_Baseline,332
1790320738.699495195,Phase1_Baseline,332
1790320738.767992217,Phase1_Baseline,332
1790320738.842556898,Phase1_Baseline,333
1790320738.918606543,Phase1_Baseline,333
1790320739.003699600,Phase1_Baseline,334
1790320739.087602408,Phase1_Baseline,334
1790320739.147763660,Phase1_Baseline,335
1790320739.223158441,Phase1_Baseline,335
1790320739.300974015,Phase1_Baseline,336
1790320739.385567812,Phase1_Baseline,336
1790320739.463400499,Phase1_Baseline,337
1790320739.540853004,Phase1_Baseline,337
1790320739.624379701,Phase1_Baseline,337
1790320739.707277477,Phase1_Baseline,338
1790320739.793294607,Phase1_Baseline,338
1790320739.881156647,Phase1_Baseline,339
1790320739.956230322,Phase1_Baseline,339
1790320740.046495519,Phase1_Baseline,340
1790320740.124350568,Phase1_Baseline,340
1790320740.206819978,Phase1_Baseline,341
1790320740.280367351,Phase1_Baseline,341
1790320740.359180822,Phase1_Baseline,342
1790320740.437529885,Phase1_Baseline,342
1790320740.521824698,Phase1_Baseline,343
1790320740.591215685,Phase1_Baseline,343
1790320740.676515090,Phase1_Baseline,344
1790320740.742061434,Phase1_Baseline,344
1790320740.817898501,Phase1_Baseline,344
1790320740.902038850,Phase1_Baseline,345
1790320740.984434100,Phase1_Baseline,345
1790320741.066897934,Phase1_Baseline,346
1790320741.149206818,Phase1_Baseline,346
1790320741.213436766,Phase1_Baseline,347
1790320741.289594146,Phase1_Baseline,347
1790320741.346716320,Phase1_Baseline,347
1790320741.406310698,Phase1_Baseline,348
1790320741.491561885,Phase1_Baseline,348
1790320741.577412481,Phase1_Baseline,349
1790320741.670617116,Phase1_Baseline,349
1790320741.754830574,Phase1_Baseline,350
1790320741.834392678,Phase1_Baseline,350
1790320741.907138685,Phase1_Baseline,351
1790320741.977844264,Phase1_Baseline,351
1790320742.059563246,Phase1_Baseline,352
1790320742.141698210,Phase1_Baseline,352
1790320742.219179323,Phase1_Baseline,352
1790320742.295473572,Phase1_Baseline,353
1790320742.375490105,Phase1_Baseline,353
1790320742.457726554,Phase1_Baseline,354
1790320742.538069180,Phase1_Baseline,354
1790320742.626508655,Phase1_Baseline,355
1790320742.694625934,Phase1_Baseline,355
1790320742.774706318,Phase1_Baseline,356
1790320742.858361131,Phase1_Baseline,356
1790320742.943148356,Phase1_Baseline,357
1790320743.028273698,Phase1_Baseline,357
1790320743.106539200,Phase1_Baseline,358
1790320743.186977433,Phase1_Baseline,358
1790320743.270464315,Phase1_Baseline,358
1790320743.352531503,Phase1_Baseline,359
1790320743.431614987,Phase1_Baseline,359
1790320743.506726337,Phase1_Baseline,360
1790320743.590698270,Phase1_Baseline,360
1790320743.670783274,Phase1_Baseline,361
1790320743.748706871,Phase1_Baseline,361
1790320743.832898101,Phase1_Baseline,362
1790320743.909543633,Phase1_Baseline,362
1790320743.992510848,Phase1_Baseline,363
1790320744.062188232,Phase1_Baseline,363
1790320744.134962916,Phase1_Baseline,363
1790320744.212866467,Phase1_Baseline,364
1790320744.286168593,Phase1_Baseline,364
1790320744.368557579,Phase1_Baseline,365
1790320744.455410153,Phase1_Baseline,365
1790320744.540877004,Phase1_Baseline,366
1790320744.621536749,Phase1_Baseline,366
1790320744.701250127,Phase1_Baseline,367
1790320744.769249941,Phase1_Baseline,367
1790320744.852773018,Phase1_Baseline,368
1790320744.939133819,Phase1_Baseline,368
1790320744.993958479,Phase1_Baseline,368
1790320745.058087301,Phase1_Baseline,369
1790320745.130360357,Phase1_Baseline,369
1790320745.207273273,Phase1_Baseline,370
1790320745.294608887,Phase1_Baseline,370
1790320745.374994693,Phase1_Baseline,371
1790320745.463346387,Phase1_Baseline,371
1790320745.546382392,Phase1_Baseline,372
1790320745.623639705,Phase1_Baseline,372
1790320745.706002432,Phase1_Baseline,373
1790320745.784504068,Phase1_Baseline,373
1790320745.858308737,Phase1_Baseline,373
1790320745.933220095,Phase1_Baseline,374
1790320746.013826437,Phase1_Baseline,374
1790320746.093715151,Phase1_Baseline,375
1790320748.742830746,Phase2_Migrated,10
1790320748.834155132,Phase2_Migrated,10
1790320748.931150069,Phase2_Migrated,10
1790320749.023607162,Phase2_Migrated,20
1790320749.108998117,Phase2_Migrated,20
1790320749.199708617,Phase2_Migrated,40
1790320749.285853219,Phase2_Migrated,40
1790320749.381331757,Phase2_Migrated,80
1790320749.479881643,Phase2_Migrated,104
1790320749.576645397,Phase2_Migrated,158
1790320749.675049078,Phase2_Migrated,315
1790320749.773629089,Phase2_Migrated,316
1790320749.856478030,Phase2_Migrated,557
1790320749.948617564,Phase2_Migrated,632
1790320750.044990251,Phase2_Migrated,1014
1790320750.144297703,Phase2_Migrated,938
1790320750.232845344,Phase2_Migrated,743
1790320750.330158759,Phase2_Migrated,543
1790320750.422795027,Phase2_Migrated,543
1790320750.520431791,Phase2_Migrated,481
1790320750.611955890,Phase2_Migrated,312
1790320750.711008486,Phase2_Migrated,271
1790320750.805803202,Phase2_Migrated,272
1790320750.897604749,Phase2_Migrated,272
1790320750.995048069,Phase2_Migrated,273
1790320751.087409880,Phase2_Migrated,273
1790320751.175782594,Phase2_Migrated,274
1790320751.268323953,Phase2_Migrated,274
1790320751.362882515,Phase2_Migrated,275
1790320751.457776667,Phase2_Migrated,275
1790320751.536963752,Phase2_Migrated,276
1790320751.632969524,Phase2_Migrated,277
1790320751.723272820,Phase2_Migrated,277
1790320751.814169940,Phase2_Migrated,278
1790320751.905337975,Phase2_Migrated,278
1790320751.999802327,Phase2_Migrated,279
1790320752.094610998,Phase2_Migrated,279
1790320752.186867848,Phase2_Migrated,280
1790320752.273984749,Phase2_Migrated,280
1790320752.358209004,Phase2_Migrated,281
1790320752.445950707,Phase2_Migrated,281
1790320752.539306684,Phase2_Migrated,282
1790320752.630325256,Phase2_Migrated,283
1790320752.721184566,Phase2_Migrated,283
1790320752.787469101,Phase2_Migrated,284
1790320752.868315352,Phase2_Migrated,284
1790320752.956345133,Phase2_Migrated,285
1790320753.035338541,Phase2_Migrated,285
1790320753.116119773,Phase2_Migrated,286
1790320753.211214086,Phase2_Migrated,286
1790320753.293886650,Phase2_Migrated,287
1790320753.379990375,Phase2_Migrated,287
1790320753.473847588,Phase2_Migrated,288
1790320753.578185490,Phase2_Migrated,288
1790320753.677533510,Phase2_Migrated,289
1790320753.772910720,Phase2_Migrated,289
1790320753.868735709,Phase2_Migrated,290
1790320753.967283816,Phase2_Migrated,291
1790320754.062991091,Phase2_Migrated,291
1790320754.157179358,Phase2_Migrated,292
1790320754.238901019,Phase2_Migrated,292
1790320754.334051903,Phase2_Migrated,293
1790320754.428446886,Phase2_Migrated,293
1790320754.526609747,Phase2_Migrated,294
1790320754.622405049,Phase2_Migrated,295
1790320754.715538531,Phase2_Migrated,295
1790320754.817018512,Phase2_Migrated,296
1790320754.897362263,Phase2_Migrated,296
1790320755.005365278,Phase2_Migrated,297
1790320755.068870665,Phase2_Migrated,297
1790320755.155203300,Phase2_Migrated,298
1790320755.235192461,Phase2_Migrated,298
1790320755.309187033,Phase2_Migrated,299
1790320755.400248933,Phase2_Migrated,299
1790320755.490173296,Phase2_Migrated,300
1790320755.581457218,Phase2_Migrated,300
1790320755.674416661,Phase2_Migrated,301
1790320755.772119434,Phase2_Migrated,301
1790320755.866303397,Phase2_Migrated,302
1790320755.960110388,Phase2_Migrated,302
1790320756.049808776,Phase2_Migrated,303
1790320756.145046950,Phase2_Migrated,303
1790320756.224492068,Phase2_Migrated,304
1790320756.302637733,Phase2_Migrated,304
1790320756.377210824,Phase2_Migrated,305
1790320756.463393588,Phase2_Migrated,305
1790320756.555942355,Phase2_Migrated,306
1790320756.649271996,Phase2_Migrated,306
1790320756.745641193,Phase2_Migrated,307
1790320756.848228018,Phase2_Migrated,308
1790320756.944240840,Phase2_Migrated,308
1790320757.040294937,Phase2_Migrated,309
1790320757.134110498,Phase2_Migrated,309
1790320757.228716747,Phase2_Migrated,310
1790320757.313270102,Phase2_Migrated,310
1790320757.409963211,Phase2_Migrated,311
1790320757.508578134,Phase2_Migrated,311
1790320757.602234719,Phase2_Migrated,312
1790320757.698758936,Phase2_Migrated,312
1790320757.791328635,Phase2_Migrated,313
1790320757.888226444,Phase2_Migrated,314
1790320757.981283229,Phase2_Migrated,314
1790320758.059473155,Phase2_Migrated,315
1790320758.141214860,Phase2_Migrated,315
1790320758.233171552,Phase2_Migrated,316
1790320758.307219009,Phase2_Migrated,316
1790320758.393417132,Phase2_Migrated,317
1790320758.471714755,Phase2_Migrated,317
1790320758.529500938,Phase2_Migrated,317
1790320758.597876698,Phase2_Migrated,318
1790320758.687524425,Phase2_Migrated,318
1790320758.778313338,Phase2_Migrated,319
1790320758.851505875,Phase2_Migrated,319
1790320758.929569746,Phase2_Migrated,320
1790320759.023185784,Phase2_Migrated,320
1790320759.100124928,Phase2_Migrated,321
1790320759.189807654,Phase2_Migrated,321
1790320759.261590684,Phase2_Migrated,322
1790320759.324354056,Phase2_Migrated,322
1790320759.396930477,Phase2_Migrated,322
1790320759.485623415,Phase2_Migrated,323
1790320759.574574838,Phase2_Migrated,323
1790320759.673212326,Phase2_Migrated,324
1790320759.753387061,Phase2_Migrated,324
1790320759.834830894,Phase2_Migrated,325
1790320759.926802177,Phase2_Migrated,325
1790320760.020699539,Phase2_Migrated,326
1790320760.111881275,Phase2_Migrated,327
1790320760.206050267,Phase2_Migrated,327
1790320760.296174779,Phase2_Migrated,328
1790320760.388161742,Phase2_Migrated,328
1790320760.477180107,Phase2_Migrated,329
1790320760.544452972,Phase2_Migrated,329
1790320760.625426030,Phase2_Migrated,329
1790320760.715392635,Phase2_Migrated,330
1790320760.808363907,Phase2_Migrated,331
1790320760.901360646,Phase2_Migrated,331
1790320760.989986322,Phase2_Migrated,332
1790320761.083512495,Phase2_Migrated,332
1790320761.179231590,Phase2_Migrated,333
1790320761.272613866,Phase2_Migrated,333
1790320761.343327310,Phase2_Migrated,334
1790320761.427575369,Phase2_Migrated,334
1790320761.523454725,Phase2_Migrated,335
1790320761.618440636,Phase2_Migrated,335
1790320761.717385063,Phase2_Migrated,336
1790320761.818948482,Phase2_Migrated,336
1790320761.900994047,Phase2_Migrated,337
1790320761.981318748,Phase2_Migrated,337
1790320762.075478802,Phase2_Migrated,338
1790320762.171051312,Phase2_Migrated,338
1790320762.250524587,Phase2_Migrated,339
1790320762.350836982,Phase2_Migrated,340
1790320762.436125789,Phase2_Migrated,340
1790320762.523411509,Phase2_Migrated,341
1790320762.607201888,Phase2_Migrated,341
1790320762.691488137,Phase2_Migrated,341
1790320762.762725114,Phase2_Migrated,342
1790320762.847767167,Phase2_Migrated,342
1790320762.930383226,Phase2_Migrated,343
1790320763.012971808,Phase2_Migrated,343
1790320763.103766205,Phase2_Migrated,344
1790320763.201421597,Phase2_Migrated,344
1790320763.287801477,Phase2_Migrated,345
1790320763.355900437,Phase2_Migrated,345
1790320763.452231072,Phase2_Migrated,346
1790320763.550726383,Phase2_Migrated,346
1790320763.640267081,Phase2_Migrated,347
1790320763.725057947,Phase2_Migrated,347
1790320763.817940293,Phase2_Migrated,348
1790320763.912410971,Phase2_Migrated,348
1790320764.008187061,Phase2_Migrated,349
1790320764.099170034,Phase2_Migrated,350
1790320764.181748938,Phase2_Migrated,350
1790320764.274331646,Phase2_Migrated,350
1790320764.354130107,Phase2_Migrated,351
1790320764.447737202,Phase2_Migrated,352
1790320764.542572078,Phase2_Migrated,352
1790320764.636377744,Phase2_Migrated,353
1790320764.726205210,Phase2_Migrated,353
1790320764.816384856,Phase2_Migrated,354
1790320764.908101718,Phase2_Migrated,354
1790320764.999681429,Phase2_Migrated,355
1790320765.105573463,Phase2_Migrated,355
1790320765.170615675,Phase2_Migrated,356
1790320765.237671171,Phase2_Migrated,356
1790320765.296474977,Phase2_Migrated,356
1790320765.373848750,Phase2_Migrated,357
1790320765.450518192,Phase2_Migrated,357
1790320765.523523046,Phase2_Migrated,358
1790320765.596507038,Phase2_Migrated,358
1790320765.685755585,Phase2_Migrated,359
1790320765.767596261,Phase2_Migrated,359
1790320765.855026372,Phase2_Migrated,359
1790320765.924344365,Phase2_Migrated,360
1790320766.024882997,Phase2_Migrated,361
1790320766.116334287,Phase2_Migrated,361
1790320766.213553885,Phase2_Migrated,362
1790320766.299061480,Phase2_Migrated,362
1790320766.375946824,Phase2_Migrated,362
1790320766.471971181,Phase2_Migrated,363
1790320766.564065806,Phase2_Migrated,364
1790320766.658878252,Phase2_Migrated,364
1790320766.757400572,Phase2_Migrated,365
1790320766.851283423,Phase2_Migrated,365
1790320766.946251116,Phase2_Migrated,366
1790320767.044434413,Phase2_Migrated,366
1790320767.140361950,Phase2_Migrated,367
1790320767.233030044,Phase2_Migrated,367
1790320768.835517593,Uninterrupted_Baseline,1
1790320768.913706710,Uninterrupted_Baseline,1
1790320768.993305689,Uninterrupted_Baseline,1
1790320769.076066483,Uninterrupted_Baseline,1
1790320769.129762220,Uninterrupted_Baseline,1
1790320769.188684211,Uninterrupted_Baseline,1
1790320769.262711987,Uninterrupted_Baseline,1
1790320769.345939494,Uninterrupted_Baseline,1
1790320769.433469220,Uninterrupted_Baseline,1
1790320769.525025576,Uninterrupted_Baseline,1
1790320769.612754138,Uninterrupted_Baseline,1
1790320771.388594977,Uninterrupted_Baseline,10
1790320771.474768569,Uninterrupted_Baseline,10
1790320771.559880621,Uninterrupted_Baseline,20
1790320771.648773055,Uninterrupted_Baseline,40
1790320771.728454205,Uninterrupted_Baseline,40
1790320771.812817321,Uninterrupted_Baseline,80
1790320771.893240007,Uninterrupted_Baseline,80
1790320771.974195843,Uninterrupted_Baseline,138
1790320772.041496233,Uninterrupted_Baseline,160
1790320772.121366408,Uninterrupted_Baseline,160
1790320772.181365689,Uninterrupted_Baseline,320
1790320772.263963038,Uninterrupted_Baseline,320
1790320772.346793974,Uninterrupted_Baseline,595
1790320772.430826640,Uninterrupted_Baseline,640
1790320772.515576154,Uninterrupted_Baseline,953
1790320772.598044260,Uninterrupted_Baseline,994
1790320772.677252927,Uninterrupted_Baseline,836
1790320772.757374812,Uninterrupted_Baseline,663
1790320772.842115584,Uninterrupted_Baseline,546
1790320772.930492178,Uninterrupted_Baseline,546
1790320773.014511535,Uninterrupted_Baseline,457
1790320773.105856463,Uninterrupted_Baseline,307
1790320773.190689142,Uninterrupted_Baseline,273
1790320773.277087236,Uninterrupted_Baseline,273
1790320773.357838368,Uninterrupted_Baseline,274
1790320773.440701948,Uninterrupted_Baseline,274
1790320773.524264987,Uninterrupted_Baseline,275
1790320773.600828921,Uninterrupted_Baseline,275
1790320773.681249134,Uninterrupted_Baseline,276
1790320773.762515433,Uninterrupted_Baseline,276
1790320773.830606658,Uninterrupted_Baseline,277
1790320773.896991287,Uninterrupted_Baseline,277
1790320773.977130804,Uninterrupted_Baseline,278
1790320774.034923110,Uninterrupted_Baseline,278
1790320774.118100128,Uninterrupted_Baseline,279
1790320774.196195545,Uninterrupted_Baseline,279
1790320774.274259416,Uninterrupted_Baseline,279
1790320774.353126554,Uninterrupted_Baseline,280
1790320774.423094147,Uninterrupted_Baseline,280
1790320774.492511510,Uninterrupted_Baseline,281
1790320774.562366476,Uninterrupted_Baseline,281
1790320774.643380289,Uninterrupted_Baseline,282
1790320774.722978667,Uninterrupted_Baseline,282
1790320774.804847114,Uninterrupted_Baseline,283
1790320774.887364134,Uninterrupted_Baseline,283
1790320774.969967104,Uninterrupted_Baseline,284
1790320775.052294070,Uninterrupted_Baseline,284
1790320775.146706812,Uninterrupted_Baseline,285
1790320775.231201653,Uninterrupted_Baseline,285
1790320775.312764807,Uninterrupted_Baseline,286
1790320775.393865236,Uninterrupted_Baseline,286
1790320775.474093291,Uninterrupted_Baseline,287
1790320775.556830586,Uninterrupted_Baseline,287
1790320775.645262850,Uninterrupted_Baseline,288
1790320775.725118271,Uninterrupted_Baseline,288
1790320775.815949953,Uninterrupted_Baseline,289
1790320775.878298739,Uninterrupted_Baseline,289
1790320775.949043618,Uninterrupted_Baseline,290
1790320776.029761103,Uninterrupted_Baseline,290
1790320776.113866480,Uninterrupted_Baseline,291
1790320776.200943515,Uninterrupted_Baseline,291
1790320776.280406544,Uninterrupted_Baseline,291
1790320776.359115921,Uninterrupted_Baseline,292
1790320776.448288327,Uninterrupted_Baseline,292
1790320776.531014826,Uninterrupted_Baseline,293
1790320776.619305534,Uninterrupted_Baseline,294
1790320776.710925769,Uninterrupted_Baseline,294
1790320776.794520346,Uninterrupted_Baseline,295
1790320776.877403781,Uninterrupted_Baseline,295
1790320776.964244252,Uninterrupted_Baseline,296
1790320777.048876040,Uninterrupted_Baseline,296
1790320777.135558826,Uninterrupted_Baseline,297
1790320777.220598917,Uninterrupted_Baseline,297
1790320777.288516466,Uninterrupted_Baseline,298
1790320777.371193370,Uninterrupted_Baseline,298
1790320777.455463493,Uninterrupted_Baseline,298
1790320777.535398961,Uninterrupted_Baseline,299
1790320777.616459306,Uninterrupted_Baseline,299
1790320777.695944620,Uninterrupted_Baseline,300
1790320777.772213143,Uninterrupted_Baseline,300
1790320777.829511136,Uninterrupted_Baseline,301
1790320777.908888599,Uninterrupted_Baseline,301
1790320777.987793956,Uninterrupted_Baseline,302
1790320778.060606742,Uninterrupted_Baseline,302
1790320778.121513317,Uninterrupted_Baseline,302
1790320778.183781059,Uninterrupted_Baseline,303
1790320778.254509062,Uninterrupted_Baseline,303
1790320778.309292394,Uninterrupted_Baseline,303
1790320778.364408386,Uninterrupted_Baseline,304
1790320778.432627389,Uninterrupted_Baseline,304
1790320778.483807938,Uninterrupted_Baseline,305
1790320778.539958260,Uninterrupted_Baseline,305
1790320778.608933992,Uninterrupted_Baseline,305
1790320778.680368976,Uninterrupted_Baseline,306
1790320778.748986735,Uninterrupted_Baseline,306
1790320778.829727701,Uninterrupted_Baseline,307
1790320778.915620362,Uninterrupted_Baseline,307
1790320778.998236955,Uninterrupted_Baseline,308
1790320779.082061707,Uninterrupted_Baseline,308
1790320779.136136360,Uninterrupted_Baseline,308
1790320779.208145786,Uninterrupted_Baseline,309
1790320779.273237816,Uninterrupted_Baseline,309
1790320779.356035578,Uninterrupted_Baseline,310
1790320779.439904874,Uninterrupted_Baseline,310
1790320779.517817885,Uninterrupted_Baseline,311
1790320779.598194226,Uninterrupted_Baseline,311
1790320779.686600626,Uninterrupted_Baseline,312
1790320779.766404442,Uninterrupted_Baseline,312
1790320779.835381194,Uninterrupted_Baseline,313
1790320779.917865817,Uninterrupted_Baseline,313
1790320779.987379131,Uninterrupted_Baseline,313
1790320780.066893368,Uninterrupted_Baseline,314
1790320780.151130207,Uninterrupted_Baseline,314
1790320780.232524498,Uninterrupted_Baseline,315
1790320780.326694035,Uninterrupted_Baseline,315
1790320780.398305271,Uninterrupted_Baseline,316
1790320780.480016250,Uninterrupted_Baseline,316
1790320780.555682102,Uninterrupted_Baseline,317
1790320780.639239474,Uninterrupted_Baseline,317
1790320780.722478078,Uninterrupted_Baseline,318
1790320780.801248424,Uninterrupted_Baseline,318
1790320780.888084099,Uninterrupted_Baseline,319
1790320780.974137159,Uninterrupted_Baseline,319
1790320781.061902253,Uninterrupted_Baseline,320
1790320781.147037206,Uninterrupted_Baseline,320
1790320781.233014921,Uninterrupted_Baseline,321
1790320781.311229048,Uninterrupted_Baseline,321
1790320781.390503853,Uninterrupted_Baseline,322
1790320781.470641292,Uninterrupted_Baseline,322
1790320781.556511718,Uninterrupted_Baseline,323
1790320781.640018179,Uninterrupted_Baseline,323
1790320781.717200071,Uninterrupted_Baseline,323
1790320781.795784059,Uninterrupted_Baseline,324
1790320781.879555304,Uninterrupted_Baseline,324
1790320781.961214950,Uninterrupted_Baseline,325
1790320782.039391245,Uninterrupted_Baseline,325
1790320782.118687337,Uninterrupted_Baseline,326
1790320782.199459182,Uninterrupted_Baseline,326
1790320782.283686422,Uninterrupted_Baseline,327
1790320782.365735255,Uninterrupted_Baseline,327
1790320782.448287752,Uninterrupted_Baseline,328
1790320782.538486320,Uninterrupted_Baseline,328
1790320782.616096530,Uninterrupted_Baseline,329
1790320782.695300418,Uninterrupted_Baseline,329
1790320782.777026384,Uninterrupted_Baseline,330
1790320782.860362185,Uninterrupted_Baseline,330
1790320782.951316548,Uninterrupted_Baseline,331
1790320783.041372422,Uninterrupted_Baseline,331
1790320783.123423085,Uninterrupted_Baseline,332
1790320783.192071951,Uninterrupted_Baseline,332
1790320783.268774227,Uninterrupted_Baseline,333
1790320783.357511679,Uninterrupted_Baseline,333
1790320783.451816461,Uninterrupted_Baseline,334
1790320783.514327774,Uninterrupted_Baseline,334
1790320783.593146566,Uninterrupted_Baseline,334
1790320783.675319976,Uninterrupted_Baseline,335
1790320783.751829105,Uninterrupted_Baseline,335
1790320783.830354329,Uninterrupted_Baseline,336
1790320783.908233301,Uninterrupted_Baseline,336
1790320783.990859411,Uninterrupted_Baseline,337
1790320784.074084380,Uninterrupted_Baseline,337
1790320784.158700326,Uninterrupted_Baseline,338
1790320784.238752725,Uninterrupted_Baseline,338
1790320784.321787839,Uninterrupted_Baseline,339
1790320784.404712799,Uninterrupted_Baseline,339
1790320784.486150292,Uninterrupted_Baseline,340
1790320784.574499745,Uninterrupted_Baseline,340
1790320784.652692271,Uninterrupted_Baseline,340
1790320784.732914302,Uninterrupted_Baseline,341
1790320784.815381590,Uninterrupted_Baseline,341
1790320784.890913009,Uninterrupted_Baseline,342
1790320784.971109015,Uninterrupted_Baseline,342
1790320785.052206674,Uninterrupted_Baseline,343
1790320785.145550950,Uninterrupted_Baseline,343
1790320785.228323250,Uninterrupted_Baseline,344
1790320785.314458530,Uninterrupted_Baseline,344
1790320785.398629285,Uninterrupted_Baseline,345
1790320785.483209473,Uninterrupted_Baseline,345
1790320785.567385830,Uninterrupted_Baseline,346
1790320785.651616334,Uninterrupted_Baseline,346
1790320785.726270678,Uninterrupted_Baseline,347
1790320785.807347190,Uninterrupted_Baseline,347
1790320785.888322678,Uninterrupted_Baseline,348
1790320785.971795419,Uninterrupted_Baseline,348
1790320786.053771057,Uninterrupted_Baseline,349
1790320786.136194030,Uninterrupted_Baseline,349
1790320786.219965753,Uninterrupted_Baseline,350
1790320786.301753994,Uninterrupted_Baseline,350
1790320786.385440368,Uninterrupted_Baseline,351
1790320786.447435282,Uninterrupted_Baseline,351
1790320786.526151729,Uninterrupted_Baseline,351
1790320786.610530565,Uninterrupted_Baseline,352
1790320786.692706093,Uninterrupted_Baseline,352
1790320786.775806576,Uninterrupted_Baseline,353
1790320786.857611652,Uninterrupted_Baseline,353
1790320786.939712226,Uninterrupted_Baseline,354
1790320787.023421434,Uninterrupted_Baseline,354
1790320787.103826827,Uninterrupted_Baseline,355
1790320787.187768192,Uninterrupted_Baseline,355
1790320787.263500405,Uninterrupted_Baseline,356
1790320787.349865780,Uninterrupted_Baseline,356
1790320787.421417387,Uninterrupted_Baseline,357
1790320787.507039933,Uninterrupted_Baseline,357
1790320787.595098388,Uninterrupted_Baseline,358
1790320787.680399733,Uninterrupted_Baseline,358
1790320787.761231349,Uninterrupted_Baseline,359
1790320787.844918935,Uninterrupted_Baseline,359
1790320787.928702028,Uninterrupted_Baseline,359
1790320788.014422881,Uninterrupted_Baseline,360
1790320788.099830071,Uninterrupted_Baseline,360
1790320788.180800688,Uninterrupted_Baseline,361
1790320788.251129148,Uninterrupted_Baseline,361
1790320788.307384866,Uninterrupted_Baseline,362
1790320788.382130353,Uninterrupted_Baseline,362
1790320788.448046573,Uninterrupted_Baseline,362
1790320788.502029387,Uninterrupted_Baseline,363
1790320788.564869155,Uninterrupted_Baseline,363
1790320788.628846642,Uninterrupted_Baseline,363
1790320788.704459234,Uninterrupted_Baseline,364
1790320788.785983256,Uninterrupted_Baseline,364
1790320788.866275545,Uninterrupted_Baseline,365
1790320788.944632212,Uninterrupted_Baseline,365
1790320789.020931136,Uninterrupted_Baseline,366
1790320789.102300800,Uninterrupted_Baseline,366
1790320789.189390754,Uninterrupted_Baseline,367
1790320789.260057494,Uninterrupted_Baseline,367
1790320789.326931674,Uninterrupted_Baseline,368
1790320789.392862315,Uninterrupted_Baseline,368
1790320789.473906312,Uninterrupted_Baseline,368
1790320789.548826567,Uninterrupted_Baseline,369
1790320789.631144173,Uninterrupted_Baseline,369
1790320789.703897906,Uninterrupted_Baseline,370
1790320789.776865243,Uninterrupted_Baseline,370
1790320789.856207188,Uninterrupted_Baseline,371
1790320789.947563317,Uninterrupted_Baseline,371
1790320790.023389064,Uninterrupted_Baseline,372
1790320790.106944733,Uninterrupted_Baseline,372
1790320790.188545104,Uninterrupted_Baseline,373
1790320790.270759155,Uninterrupted_Baseline,373
1790320790.348849389,Uninterrupted_Baseline,373
1790320790.424071823,Uninterrupted_Baseline,374
1790320790.483637399,Uninterrupted_Baseline,374
1790320790.565886670,Uninterrupted_Baseline,375
1790320790.649881171,Uninterrupted_Baseline,375
1790320790.733312912,Uninterrupted_Baseline,376
1790320790.815424425,Uninterrupted_Baseline,376
1790320790.902970903,Uninterrupted_Baseline,377
1790320790.975427737,Uninterrupted_Baseline,377
1790320791.057772454,Uninterrupted_Baseline,377
1790320791.138985463,Uninterrupted_Baseline,378
1790320791.219787945,Uninterrupted_Baseline,378
1790320791.297961531,Uninterrupted_Baseline,379
1790320791.379414951,Uninterrupted_Baseline,379
1790320791.465834417,Uninterrupted_Baseline,380
1790320791.536141842,Uninterrupted_Baseline,380
1790320791.615264296,Uninterrupted_Baseline,381
1790320791.679573615,Uninterrupted_Baseline,381
1790320791.762604942,Uninterrupted_Baseline,382
1790320791.839635534,Uninterrupted_Baseline,382
1790320791.917254697,Uninterrupted_Baseline,382
1790320792.000438511,Uninterrupted_Baseline,383
1790320792.084401042,Uninterrupted_Baseline,383
1790320792.140844380,Uninterrupted_Baseline,384
1790320792.212923307,Uninterrupted_Baseline,384
1790320792.297215350,Uninterrupted_Baseline,385
1790320792.375076553,Uninterrupted_Baseline,385
1790320792.454247204,Uninterrupted_Baseline,385
1790320792.543049922,Uninterrupted_Baseline,386
1790320792.624394703,Uninterrupted_Baseline,386
1790320792.707149973,Uninterrupted_Baseline,387
1790320792.787272023,Uninterrupted_Baseline,387
1790320792.873377039,Uninterrupted_Baseline,388
1790320792.951232736,Uninterrupted_Baseline,388
1790320793.029615250,Uninterrupted_Baseline,389
1790320793.101133967,Uninterrupted_Baseline,389
1790320793.188916869,Uninterrupted_Baseline,390
1790320793.271975502,Uninterrupted_Baseline,390
1790320793.356959922,Uninterrupted_Baseline,391
1790320793.436968051,Uninterrupted_Baseline,391
1790320793.518544029,Uninterrupted_Baseline,392
1790320793.595668446,Uninterrupted_Baseline,392
1790320793.676422556,Uninterrupted_Baseline,393
1790320793.761359597,Uninterrupted_Baseline,393
1790320793.853555257,Uninterrupted_Baseline,394
1790320793.934216952,Uninterrupted_Baseline,394
1790320794.016854930,Uninterrupted_Baseline,395
1790320794.100970367,Uninterrupted_Baseline,395
1790320794.186106351,Uninterrupted_Baseline,396
1790320794.271029810,Uninterrupted_Baseline,396
1790320794.354795486,Uninterrupted_Baseline,397
1790320794.432242315,Uninterrupted_Baseline,397
1790320794.509091466,Uninterrupted_Baseline,398
1790320794.590602260,Uninterrupted_Baseline,398
1790320794.671245820,Uninterrupted_Baseline,398
1790320794.754893848,Uninterrupted_Baseline,399
1790320794.834498039,Uninterrupted_Baseline,399
1790320794.902554147,Uninterrupted_Baseline,400
1790320794.982815846,Uninterrupted_Baseline,400
1790320795.060406092,Uninterrupted_Baseline,401
1790320795.141727752,Uninterrupted_Baseline,401
1790320795.225059458,Uninterrupted_Baseline,402
1790320795.287363980,Uninterrupted_Baseline,402
1790320795.374227041,Uninterrupted_Baseline,402
1790320795.452499048,Uninterrupted_Baseline,403
1790320795.519483883,Uninterrupted_Baseline,403
1790320795.577902600,Uninterrupted_Baseline,404
1790320795.643201278,Uninterrupted_Baseline,404
1790320795.701383453,Uninterrupted_Baseline,404
1790320795.768994887,Uninterrupted_Baseline,405
1790320795.852480156,Uninterrupted_Baseline,405
1790320795.956008043,Uninterrupted_Baseline,406
1790320796.040519360,Uninterrupted_Baseline,406
1790320796.116405718,Uninterrupted_Baseline,407
1790320796.197532764,Uninterrupted_Baseline,407
1790320796.280225165,Uninterrupted_Baseline,408
1790320796.334481607,Uninterrupted_Baseline,408
1790320796.399368203,Uninterrupted_Baseline,408
1790320796.473837354,Uninterrupted_Baseline,409
1790320796.559624591,Uninterrupted_Baseline,409
1790320796.634431484,Uninterrupted_Baseline,410
1790320796.698067427,Uninterrupted_Baseline,410
1790320796.774625360,Uninterrupted_Baseline,410
1790320796.856605873,Uninterrupted_Baseline,411
1790320796.934191099,Uninterrupted_Baseline,411
1790320797.016748830,Uninterrupted_Baseline,412
1790320797.092393612,Uninterrupted_Baseline,412
1790320797.171793845,Uninterrupted_Baseline,413
1790320797.251813718,Uninterrupted_Baseline,413
1790320797.333400261,Uninterrupted_Baseline,414
1790320797.416122502,Uninterrupted_Baseline,414
1790320797.494744187,Uninterrupted_Baseline,415
1790320797.570560109,Uninterrupted_Baseline,415
1790320797.663910215,Uninterrupted_Baseline,416
1790320797.735753786,Uninterrupted_Baseline,416
1790320797.814615139,Uninterrupted_Baseline,416
1790320797.896632566,Uninterrupted_Baseline,417
1790320797.973091951,Uninterrupted_Baseline,417
1790320798.043966219,Uninterrupted_Baseline,418
1790320798.112873619,Uninterrupted_Baseline,418
1790320798.191498839,Uninterrupted_Baseline,419
1790320798.259940878,Uninterrupted_Baseline,419
1790320798.320790665,Uninterrupted_Baseline,419
1790320798.397792032,Uninterrupted_Baseline,420
1790320798.447141225,Uninterrupted_Baseline,420
1790320798.510035147,Uninterrupted_Baseline,420
1790320798.577560306,Uninterrupted_Baseline,421
1790320798.653690497,Uninterrupted_Baseline,421
1790320798.731936479,Uninterrupted_Baseline,422
1790320798.814346175,Uninterrupted_Baseline,422
1790320798.891834586,Uninterrupted_Baseline,423
1790320798.966035581,Uninterrupted_Baseline,423
1790320799.053154378,Uninterrupted_Baseline,424
1790320799.129977032,Uninterrupted_Baseline,424
1790320799.195362371,Uninterrupted_Baseline,424
1790320799.277414468,Uninterrupted_Baseline,425
1790320799.358032507,Uninterrupted_Baseline,425
1790320799.434537397,Uninterrupted_Baseline,426
1790320799.519820271,Uninterrupted_Baseline,426
1790320799.594078237,Uninterrupted_Baseline,427
1790320799.675999886,Uninterrupted_Baseline,427
1790320799.746490224,Uninterrupted_Baseline,428
1790320799.825454491,Uninterrupted_Baseline,428
1790320799.900865496,Uninterrupted_Baseline,428
1790320799.983222507,Uninterrupted_Baseline,429
1790320800.070429095,Uninterrupted_Baseline,429
1790320800.153930377,Uninterrupted_Baseline,430
1790320800.236642451,Uninterrupted_Baseline,430
1790320800.330502987,Uninterrupted_Baseline,431
1790320800.413894927,Uninterrupted_Baseline,431
1790320800.495571037,Uninterrupted_Baseline,432
1790320800.569116953,Uninterrupted_Baseline,432
1790320800.649373790,Uninterrupted_Baseline,433
1790320800.731539818,Uninterrupted_Baseline,433
1790320800.814569351,Uninterrupted_Baseline,434
1790320800.894817912,Uninterrupted_Baseline,434
1790320800.974742900,Uninterrupted_Baseline,435
1790320801.058222841,Uninterrupted_Baseline,435
1790320801.134850968,Uninterrupted_Baseline,436
1790320801.220510000,Uninterrupted_Baseline,436
1790320801.276885518,Uninterrupted_Baseline,436
1790320801.336712769,Uninterrupted_Baseline,437
1790320801.397611750,Uninterrupted_Baseline,437
1790320801.476275260,Uninterrupted_Baseline,438
1790320801.567782422,Uninterrupted_Baseline,438
1790320801.632548524,Uninterrupted_Baseline,438
1790320801.696137068,Uninterrupted_Baseline,439
1790320801.764260847,Uninterrupted_Baseline,439
1790320801.845924591,Uninterrupted_Baseline,440
1790320801.928254453,Uninterrupted_Baseline,440
1790320801.988969481,Uninterrupted_Baseline,440
1790320802.044810496,Uninterrupted_Baseline,441
1790320802.119368688,Uninterrupted_Baseline,441
1790320802.200932894,Uninterrupted_Baseline,442
1790320802.275984534,Uninterrupted_Baseline,442
1790320802.348283513,Uninterrupted_Baseline,442
1790320802.420350477,Uninterrupted_Baseline,443
1790320802.496377612,Uninterrupted_Baseline,443
1790320802.576261904,Uninterrupted_Baseline,444
1790320802.672187230,Uninterrupted_Baseline,444
1790320802.723073991,Uninterrupted_Baseline,445
1790320802.778757681,Uninterrupted_Baseline,445
1790320802.835018826,Uninterrupted_Baseline,445
1790320802.912550041,Uninterrupted_Baseline,446
1790320802.992892702,Uninterrupted_Baseline,446
1790320803.055818871,Uninterrupted_Baseline,447
1790320803.140612785,Uninterrupted_Baseline,447
1790320803.223917614,Uninterrupted_Baseline,448
1790320803.309001778,Uninterrupted_Baseline,448
1790320803.397130228,Uninterrupted_Baseline,449
1790320803.472716180,Uninterrupted_Baseline,449
1790320803.555139836,Uninterrupted_Baseline,449
1790320803.638235979,Uninterrupted_Baseline,450
1790320803.722842673,Uninterrupted_Baseline,450
1790320803.802042252,Uninterrupted_Baseline,451
1790320803.890404236,Uninterrupted_Baseline,451
1790320803.955992827,Uninterrupted_Baseline,452
1790320804.046489176,Uninterrupted_Baseline,452
1790320804.098592431,Uninterrupted_Baseline,453
1790320804.148534851,Uninterrupted_Baseline,453
1790320804.202749330,Uninterrupted_Baseline,453
1790320804.276017074,Uninterrupted_Baseline,454
1790320804.351964129,Uninterrupted_Baseline,454
1790320804.436831409,Uninterrupted_Baseline,455
1790320804.507982368,Uninterrupted_Baseline,455
1790320804.591149346,Uninterrupted_Baseline,455
1790320804.668418388,Uninterrupted_Baseline,456
1790320804.749847820,Uninterrupted_Baseline,456
1790320804.829274347,Uninterrupted_Baseline,457
1790320816.432693781,Phase1_Baseline,10
1790320816.514064515,Phase1_Baseline,10
1790320816.593885064,Phase1_Baseline,20
1790320816.674896286,Phase1_Baseline,20
1790320816.746099571,Phase1_Baseline,34
1790320816.825690301,Phase1_Baseline,40
1790320816.901983713,Phase1_Baseline,40
1790320816.976636972,Phase1_Baseline,80
1790320817.052708702,Phase1_Baseline,80
1790320817.115068056,Phase1_Baseline,158
1790320817.189248944,Phase1_Baseline,158
1790320817.253995682,Phase1_Baseline,257
1790320817.325327638,Phase1_Baseline,316
1790320817.401958941,Phase1_Baseline,376
1790320817.482785250,Phase1_Baseline,632
1790320817.564687782,Phase1_Baseline,688
1790320817.635470212,Phase1_Baseline,1019
1790320817.717285077,Phase1_Baseline,968
1790320817.807738431,Phase1_Baseline,788
1790320817.889003032,Phase1_Baseline,621
1790320817.963317546,Phase1_Baseline,544
1790320818.044246655,Phase1_Baseline,544
1790320818.123390557,Phase1_Baseline,455
1790320818.199859898,Phase1_Baseline,314
1790320818.273620791,Phase1_Baseline,272
1790320818.354935596,Phase1_Baseline,272
1790320818.420137286,Phase1_Baseline,273
1790320818.476431017,Phase1_Baseline,273
1790320818.530443567,Phase1_Baseline,273
1790320818.602578192,Phase1_Baseline,274
1790320818.679409056,Phase1_Baseline,274
1790320818.741120386,Phase1_Baseline,275
1790320818.817248147,Phase1_Baseline,275
1790320818.901215078,Phase1_Baseline,276
1790320818.971583087,Phase1_Baseline,276
1790320819.046581937,Phase1_Baseline,276
1790320819.113905775,Phase1_Baseline,277
1790320819.189531188,Phase1_Baseline,277
1790320819.279546647,Phase1_Baseline,278
1790320819.355098241,Phase1_Baseline,278
1790320819.438470551,Phase1_Baseline,279
1790320819.516389040,Phase1_Baseline,279
1790320819.595160151,Phase1_Baseline,280
1790320819.670748809,Phase1_Baseline,280
1790320819.733889945,Phase1_Baseline,281
1790320819.793237258,Phase1_Baseline,281
1790320819.880575079,Phase1_Baseline,282
1790320819.965867781,Phase1_Baseline,282
1790320820.043137090,Phase1_Baseline,283
1790320820.123499054,Phase1_Baseline,283
1790320820.206247812,Phase1_Baseline,284
1790320820.290023491,Phase1_Baseline,284
1790320820.371387488,Phase1_Baseline,285
1790320820.457447229,Phase1_Baseline,285
1790320820.534770864,Phase1_Baseline,285
1790320820.607381902,Phase1_Baseline,286
1790320820.686597814,Phase1_Baseline,286
1790320820.764353910,Phase1_Baseline,287
1790320820.842292934,Phase1_Baseline,287
1790320820.926380631,Phase1_Baseline,288
1790320821.011878579,Phase1_Baseline,288
1790320821.080858684,Phase1_Baseline,289
1790320821.162591191,Phase1_Baseline,289
1790320821.238433744,Phase1_Baseline,290
1790320821.325355884,Phase1_Baseline,290
1790320821.408302146,Phase1_Baseline,291
1790320821.495959507,Phase1_Baseline,291
1790320821.574825150,Phase1_Baseline,292
1790320821.658053809,Phase1_Baseline,292
1790320821.734953938,Phase1_Baseline,293
1790320821.823970057,Phase1_Baseline,293
1790320821.900335930,Phase1_Baseline,294
1790320821.980790973,Phase1_Baseline,294
1790320822.057911392,Phase1_Baseline,295
1790320822.137333370,Phase1_Baseline,295
1790320822.215517364,Phase1_Baseline,295
1790320822.282930644,Phase1_Baseline,296
1790320822.362820038,Phase1_Baseline,296
1790320822.442120586,Phase1_Baseline,297
1790320822.523920311,Phase1_Baseline,297
1790320822.607569388,Phase1_Baseline,298
1790320822.684607684,Phase1_Baseline,298
1790320822.769918472,Phase1_Baseline,299
1790320822.851258580,Phase1_Baseline,299
1790320822.919402613,Phase1_Baseline,300
1790320822.985747704,Phase1_Baseline,300
1790320823.056839157,Phase1_Baseline,300
1790320823.142526691,Phase1_Baseline,301
1790320823.223776282,Phase1_Baseline,301
1790320823.288557453,Phase1_Baseline,302
1790320823.367883695,Phase1_Baseline,302
1790320823.453621950,Phase1_Baseline,303
1790320823.540125018,Phase1_Baseline,303
1790320823.617811851,Phase1_Baseline,304
1790320823.700714897,Phase1_Baseline,304
1790320823.780022751,Phase1_Baseline,305
1790320823.863632616,Phase1_Baseline,305
1790320823.936300119,Phase1_Baseline,306
1790320824.021845121,Phase1_Baseline,306
1790320824.100631927,Phase1_Baseline,307
1790320824.173447237,Phase1_Baseline,307
1790320824.238335900,Phase1_Baseline,307
1790320824.319621076,Phase1_Baseline,308
1790320824.405171473,Phase1_Baseline,308
1790320824.490853319,Phase1_Baseline,309
1790320824.560676775,Phase1_Baseline,309
1790320824.645609332,Phase1_Baseline,310
1790320824.729428091,Phase1_Baseline,310
1790320824.819246695,Phase1_Baseline,311
1790320824.902754046,Phase1_Baseline,311
1790320824.969340705,Phase1_Baseline,312
1790320825.045124562,Phase1_Baseline,312
1790320825.115634585,Phase1_Baseline,313
1790320825.195028322,Phase1_Baseline,313
1790320825.269843130,Phase1_Baseline,313
1790320825.339175720,Phase1_Baseline,314
1790320825.419170426,Phase1_Baseline,314
1790320825.499905669,Phase1_Baseline,315
1790320825.572071774,Phase1_Baseline,315
1790320825.624255507,Phase1_Baseline,315
1790320825.675760790,Phase1_Baseline,316
1790320825.732573736,Phase1_Baseline,316
1790320825.797893536,Phase1_Baseline,317
1790320825.872299168,Phase1_Baseline,317
1790320825.955172345,Phase1_Baseline,317
1790320826.039150705,Phase1_Baseline,318
1790320826.118411862,Phase1_Baseline,318
1790320826.196887909,Phase1_Baseline,319
1790320826.273124344,Phase1_Baseline,319
1790320826.336182412,Phase1_Baseline,320
1790320826.410589387,Phase1_Baseline,320
1790320826.462864192,Phase1_Baseline,320
1790320826.521569964,Phase1_Baseline,321
1790320826.582422359,Phase1_Baseline,321
1790320826.644707851,Phase1_Baseline,321
1790320826.723099114,Phase1_Baseline,322
1790320826.811808093,Phase1_Baseline,322
1790320826.885826954,Phase1_Baseline,323
1790320826.963940155,Phase1_Baseline,323
1790320827.036022368,Phase1_Baseline,324
1790320827.122379318,Phase1_Baseline,324
1790320827.217017747,Phase1_Baseline,325
1790320827.299344408,Phase1_Baseline,325
1790320827.383460051,Phase1_Baseline,326
1790320827.468451996,Phase1_Baseline,326
1790320827.545767309,Phase1_Baseline,327
1790320827.605730218,Phase1_Baseline,327
1790320827.695043728,Phase1_Baseline,328
1790320827.762963705,Phase1_Baseline,328
1790320827.847114898,Phase1_Baseline,328
1790320827.926069087,Phase1_Baseline,329
1790320828.005828056,Phase1_Baseline,329
1790320828.077088343,Phase1_Baseline,330
1790320828.152790469,Phase1_Baseline,330
1790320828.229237407,Phase1_Baseline,331
1790320828.291264764,Phase1_Baseline,331
1790320828.357506350,Phase1_Baseline,331
1790320828.425319076,Phase1_Baseline,332
1790320828.475075590,Phase1_Baseline,332
1790320828.529074384,Phase1_Baseline,332
1790320828.584976869,Phase1_Baseline,333
1790320828.647233443,Phase1_Baseline,333
1790320828.724925490,Phase1_Baseline,333
1790320828.788351309,Phase1_Baseline,334
1790320828.874324503,Phase1_Baseline,334
1790320828.961299218,Phase1_Baseline,335
1790320829.041161500,Phase1_Baseline,335
1790320829.127355793,Phase1_Baseline,336
1790320829.192873572,Phase1_Baseline,336
1790320829.263620033,Phase1_Baseline,337
1790320829.347628649,Phase1_Baseline,337
1790320829.428092027,Phase1_Baseline,338
1790320829.509023470,Phase1_Baseline,338
1790320829.592958565,Phase1_Baseline,338
1790320829.678241703,Phase1_Baseline,339
1790320829.753075774,Phase1_Baseline,339
1790320829.832642591,Phase1_Baseline,340
1790320829.919925772,Phase1_Baseline,340
1790320830.004893702,Phase1_Baseline,341
1790320830.080382247,Phase1_Baseline,341
1790320830.168913047,Phase1_Baseline,342
1790320830.249237438,Phase1_Baseline,342
1790320830.336785998,Phase1_Baseline,343
1790320830.427296109,Phase1_Baseline,343
1790320830.517990125,Phase1_Baseline,344
1790320830.598885710,Phase1_Baseline,344
1790320830.681126780,Phase1_Baseline,345
1790320830.757267817,Phase1_Baseline,345
1790320830.837582709,Phase1_Baseline,346
1790320830.915941161,Phase1_Baseline,346
1790320830.994132552,Phase1_Baseline,346
1790320831.074168691,Phase1_Baseline,347
1790320831.156001164,Phase1_Baseline,347
1790320831.217891212,Phase1_Baseline,348
1790320831.299931654,Phase1_Baseline,348
1790320831.384472362,Phase1_Baseline,349
1790320831.463294192,Phase1_Baseline,349
1790320831.548473731,Phase1_Baseline,350
1790320831.636998211,Phase1_Baseline,350
1790320831.724370209,Phase1_Baseline,351
1790320831.794740459,Phase1_Baseline,351
1790320831.880859639,Phase1_Baseline,352
1790320831.947851826,Phase1_Baseline,352
1790320832.032004919,Phase1_Baseline,353
1790320832.116739774,Phase1_Baseline,353
1790320832.198460644,Phase1_Baseline,354
1790320832.287424697,Phase1_Baseline,354
1790320832.372982755,Phase1_Baseline,355
1790320832.454330381,Phase1_Baseline,355
1790320832.539035866,Phase1_Baseline,355
1790320832.603905339,Phase1_Baseline,356
1790320832.688336543,Phase1_Baseline,356
1790320832.768463753,Phase1_Baseline,357
1790320832.849880294,Phase1_Baseline,357
1790320832.932493355,Phase1_Baseline,358
1790320833.020533674,Phase1_Baseline,358
1790320833.102852524,Phase1_Baseline,359
1790320833.169940674,Phase1_Baseline,359
1790320833.254772258,Phase1_Baseline,360
1790320833.337963783,Phase1_Baseline,360
1790320833.419154547,Phase1_Baseline,361
1790320833.495303745,Phase1_Baseline,361
1790320833.576875931,Phase1_Baseline,361
1790320833.659729055,Phase1_Baseline,362
1790320833.733254144,Phase1_Baseline,362
1790320833.816120365,Phase1_Baseline,363
1790320833.896881334,Phase1_Baseline,363
1790320833.976717552,Phase1_Baseline,364
1790320834.066430870,Phase1_Baseline,364
1790320834.148610755,Phase1_Baseline,365
1790320834.210426388,Phase1_Baseline,365
1790320834.278288077,Phase1_Baseline,366
1790320834.358693461,Phase1_Baseline,366
1790320834.448920916,Phase1_Baseline,367
1790320834.535749460,Phase1_Baseline,367
1790320834.613725725,Phase1_Baseline,367
1790320834.691759623,Phase1_Baseline,368
1790320834.782081736,Phase1_Baseline,368
1790320834.858106002,Phase1_Baseline,369
1790320834.937030854,Phase1_Baseline,369
1790320835.014854941,Phase1_Baseline,370
1790320835.073031555,Phase1_Baseline,370
1790320835.143554424,Phase1_Baseline,370
1790320835.217835887,Phase1_Baseline,371
1790320835.298489271,Phase1_Baseline,371
1790320835.384285409,Phase1_Baseline,372
1790320835.469760852,Phase1_Baseline,372
1790320835.555445824,Phase1_Baseline,373
1790320835.641914884,Phase1_Baseline,373
1790320838.275891124,Phase2_Migrated,10
1790320838.339945242,Phase2_Migrated,10
1790320838.424809470,Phase2_Migrated,10
1790320838.486972933,Phase2_Migrated,10
1790320838.553119358,Phase2_Migrated,10
1790320838.631621993,Phase2_Migrated,20
1790320838.727002149,Phase2_Migrated,20
1790320838.819073593,Phase2_Migrated,40
1790320838.903396343,Phase2_Migrated,40
1790320838.983465687,Phase2_Migrated,80
1790320839.065105240,Phase2_Migrated,80
1790320839.147946887,Phase2_Migrated,160
1790320839.224079439,Phase2_Migrated,160
1790320839.286548703,Phase2_Migrated,320
1790320839.383788076,Phase2_Migrated,320
1790320839.470576224,Phase2_Migrated,639
1790320839.546974003,Phase2_Migrated,640
1790320839.628524931,Phase2_Migrated,975
1790320839.718297049,Phase2_Migrated,983
1790320839.806580452,Phase2_Migrated,790
1790320839.903895543,Phase2_Migrated,587
1790320839.993908451,Phase2_Migrated,547
1790320840.088032033,Phase2_Migrated,536
1790320840.186379724,Phase2_Migrated,331
1790320840.284738964,Phase2_Migrated,273
1790320840.379191621,Phase2_Migrated,273
1790320840.469849192,Phase2_Migrated,274
1790320840.561779480,Phase2_Migrated,274
1790320840.652370615,Phase2_Migrated,275
1790320840.739035123,Phase2_Migrated,276
1790320840.831351145,Phase2_Migrated,276
1790320840.928842481,Phase2_Migrated,277
1790320841.023562424,Phase2_Migrated,277
1790320841.112547904,Phase2_Migrated,278
1790320841.202439177,Phase2_Migrated,278
1790320841.294269243,Phase2_Migrated,279
1790320841.381834765,Phase2_Migrated,279
1790320841.471098283,Phase2_Migrated,280
1790320841.581400408,Phase2_Migrated,281
1790320841.678286103,Phase2_Migrated,281
1790320841.776970020,Phase2_Migrated,282
1790320841.868966379,Phase2_Migrated,282
1790320841.967395481,Phase2_Migrated,283
1790320842.059261337,Phase2_Migrated,284
1790320842.148820202,Phase2_Migrated,284
1790320842.237611951,Phase2_Migrated,285
1790320842.330371861,Phase2_Migrated,285
1790320842.423752488,Phase2_Migrated,286
1790320842.520992346,Phase2_Migrated,286
1790320842.617380046,Phase2_Migrated,287
1790320842.713548411,Phase2_Migrated,287
1790320842.805496148,Phase2_Migrated,288
1790320842.891999783,Phase2_Migrated,289
1790320842.993492069,Phase2_Migrated,289
1790320843.086529024,Phase2_Migrated,290
1790320843.180046602,Phase2_Migrated,290
1790320843.269687312,Phase2_Migrated,291
1790320843.364503602,Phase2_Migrated,291
1790320843.457955976,Phase2_Migrated,292
1790320843.552873591,Phase2_Migrated,293
1790320843.648711323,Phase2_Migrated,293
1790320843.736353314,Phase2_Migrated,294
1790320843.820427540,Phase2_Migrated,294
1790320843.914276927,Phase2_Migrated,295
1790320844.010828513,Phase2_Migrated,295
1790320844.097575099,Phase2_Migrated,296
1790320844.195768937,Phase2_Migrated,296
1790320844.281625786,Phase2_Migrated,297
1790320844.366380774,Phase2_Migrated,297
1790320844.460961549,Phase2_Migrated,298
1790320844.541386390,Phase2_Migrated,298
1790320844.635135547,Phase2_Migrated,299
1790320844.732865230,Phase2_Migrated,300
1790320844.828866342,Phase2_Migrated,300
1790320844.919405046,Phase2_Migrated,301
1790320845.028367633,Phase2_Migrated,301
1790320845.097359194,Phase2_Migrated,302
1790320845.183825012,Phase2_Migrated,302
1790320845.267173596,Phase2_Migrated,303
1790320845.355999425,Phase2_Migrated,303
1790320845.443052018,Phase2_Migrated,304
1790320845.536683689,Phase2_Migrated,304
1790320845.620063888,Phase2_Migrated,305
1790320845.708970255,Phase2_Migrated,305
1790320845.800863657,Phase2_Migrated,306
1790320845.889788681,Phase2_Migrated,306
1790320845.980871436,Phase2_Migrated,307
1790320846.055041159,Phase2_Migrated,307
1790320846.141475543,Phase2_Migrated,308
1790320846.237623461,Phase2_Migrated,308
1790320846.329114785,Phase2_Migrated,309
1790320846.411532501,Phase2_Migrated,309
1790320846.499080398,Phase2_Migrated,310
1790320846.586578428,Phase2_Migrated,310
1790320846.678575787,Phase2_Migrated,311
1790320846.771011215,Phase2_Migrated,311
1790320846.866598732,Phase2_Migrated,312
1790320846.961787487,Phase2_Migrated,312
1790320847.056950022,Phase2_Migrated,313
1790320847.152888107,Phase2_Migrated,314
1790320847.236779747,Phase2_Migrated,314
1790320847.323582286,Phase2_Migrated,315
1790320847.421374441,Phase2_Migrated,315
1790320847.512603475,Phase2_Migrated,316
1790320847.596430912,Phase2_Migrated,316
1790320847.684988571,Phase2_Migrated,317
1790320847.778589497,Phase2_Migrated,317
1790320847.877984551,Phase2_Migrated,318
1790320847.975368330,Phase2_Migrated,319
1790320848.051676315,Phase2_Migrated,319
1790320848.124871982,Phase2_Migrated,319
1790320848.216756414,Phase2_Migrated,320
1790320848.304633473,Phase2_Migrated,320
1790320848.394899783,Phase2_Migrated,321
1790320848.466608621,Phase2_Migrated,321
1790320848.530862844,Phase2_Migrated,322
1790320848.589709765,Phase2_Migrated,322
1790320848.668502706,Phase2_Migrated,323
1790320848.756511744,Phase2_Migrated,323
1790320848.850113893,Phase2_Migrated,324
1790320848.941548761,Phase2_Migrated,324
1790320849.036483637,Phase2_Migrated,325
1790320849.133781867,Phase2_Migrated,325
1790320849.197534071,Phase2_Migrated,326
1790320849.284369908,Phase2_Migrated,326
1790320849.377020248,Phase2_Migrated,327
1790320849.466540253,Phase2_Migrated,327
1790320849.557589372,Phase2_Migrated,328
1790320849.649481045,Phase2_Migrated,328
1790320849.744852507,Phase2_Migrated,329
1790320849.835150549,Phase2_Migrated,329
1790320849.925087032,Phase2_Migrated,330
1790320850.020710870,Phase2_Migrated,330
1790320850.108564784,Phase2_Migrated,331
1790320850.201355052,Phase2_Migrated,331
1790320850.282281597,Phase2_Migrated,332
1790320850.376551102,Phase2_Migrated,333
1790320850.456833214,Phase2_Migrated,333
1790320850.553527378,Phase2_Migrated,334
1790320850.646022391,Phase2_Migrated,334
1790320850.740145059,Phase2_Migrated,335
1790320850.836691172,Phase2_Migrated,335
1790320850.933964747,Phase2_Migrated,336
1790320851.025925870,Phase2_Migrated,336
1790320851.122721254,Phase2_Migrated,337
1790320851.215810613,Phase2_Migrated,337
1790320851.312844776,Phase2_Migrated,338
1790320851.411848766,Phase2_Migrated,338
1790320851.503318420,Phase2_Migrated,339
1790320851.590756401,Phase2_Migrated,339
1790320851.650002923,Phase2_Migrated,340
1790320851.724905042,Phase2_Migrated,340
1790320851.797952128,Phase2_Migrated,341
1790320851.893846240,Phase2_Migrated,341
1790320851.972160068,Phase2_Migrated,342
1790320852.062284549,Phase2_Migrated,342
1790320852.154551335,Phase2_Migrated,343
1790320852.245572721,Phase2_Migrated,343
1790320852.328392938,Phase2_Migrated,344
1790320852.417630026,Phase2_Migrated,344
1790320852.510087828,Phase2_Migrated,345
1790320852.608817182,Phase2_Migrated,345
1790320852.706623892,Phase2_Migrated,346
1790320852.797454279,Phase2_Migrated,346
1790320852.888886282,Phase2_Migrated,347
1790320852.974615981,Phase2_Migrated,347
1790320853.064078275,Phase2_Migrated,348
1790320853.160326703,Phase2_Migrated,349
1790320853.254005624,Phase2_Migrated,349
1790320853.346826550,Phase2_Migrated,350
1790320853.430199506,Phase2_Migrated,350
1790320853.513883659,Phase2_Migrated,351
1790320853.605396219,Phase2_Migrated,351
1790320853.702336600,Phase2_Migrated,352
1790320853.796364262,Phase2_Migrated,352
1790320853.891765480,Phase2_Migrated,353
1790320853.985908495,Phase2_Migrated,353
1790320854.074922244,Phase2_Migrated,354
1790320854.160396585,Phase2_Migrated,354
1790320854.247760357,Phase2_Migrated,355
1790320854.320593373,Phase2_Migrated,355
1790320854.402282268,Phase2_Migrated,356
1790320854.496275865,Phase2_Migrated,356
1790320854.587109667,Phase2_Migrated,357
1790320854.677083932,Phase2_Migrated,357
1790320854.770947657,Phase2_Migrated,358
1790320854.869730618,Phase2_Migrated,358
1790320854.954544391,Phase2_Migrated,359
1790320855.041615723,Phase2_Migrated,359
1790320855.142125028,Phase2_Migrated,360
1790320855.218523012,Phase2_Migrated,360
1790320855.311482781,Phase2_Migrated,361
1790320855.407720204,Phase2_Migrated,362
1790320855.509135392,Phase2_Migrated,362
1790320855.602154791,Phase2_Migrated,363
1790320855.698318715,Phase2_Migrated,363
1790320855.798121081,Phase2_Migrated,364
1790320855.876564864,Phase2_Migrated,364
1790320855.936154857,Phase2_Migrated,365
1790320856.009769150,Phase2_Migrated,365
1790320856.101177579,Phase2_Migrated,366
1790320856.194504120,Phase2_Migrated,366
1790320856.287618337,Phase2_Migrated,367
1790320856.372984694,Phase2_Migrated,367
1790320856.463024934,Phase2_Migrated,368
1790320856.558847904,Phase2_Migrated,368
1790320856.652079240,Phase2_Migrated,369
1790320858.204044184,Uninterrupted_Baseline,1
1790320858.279840714,Uninterrupted_Baseline,1
1790320858.361566004,Uninterrupted_Baseline,1
1790320858.434934577,Uninterrupted_Baseline,1
1790320858.491556611,Uninterrupted_Baseline,1
1790320858.555468036,Uninterrupted_Baseline,1
1790320858.624217410,Uninterrupted_Baseline,1
1790320858.699394528,Uninterrupted_Baseline,1
1790320858.787961859,Uninterrupted_Baseline,1
1790320858.865687096,Uninterrupted_Baseline,1
1790320858.937199152,Uninterrupted_Baseline,1
1790320859.006014403,Uninterrupted_Baseline,1
1790320859.070557374,Uninterrupted_Baseline,1
1790320859.154141306,Uninterrupted_Baseline,1
1790320859.222380464,Uninterrupted_Baseline,1
1790320859.286254127,Uninterrupted_Baseline,1
1790320859.365609350,Uninterrupted_Baseline,1
1790320859.448195050,Uninterrupted_Baseline,1
1790320859.529375817,Uninterrupted_Baseline,1
1790320859.599157071,Uninterrupted_Baseline,1
1790320859.686496343,Uninterrupted_Baseline,1
1790320859.765930966,Uninterrupted_Baseline,1
1790320860.743066380,Uninterrupted_Baseline,10
1790320860.830246512,Uninterrupted_Baseline,10
1790320860.910158126,Uninterrupted_Baseline,20
1790320860.996359153,Uninterrupted_Baseline,20
1790320861.083082716,Uninterrupted_Baseline,40
1790320861.170209697,Uninterrupted_Baseline,40
1790320861.247601557,Uninterrupted_Baseline,80
1790320861.322477481,Uninterrupted_Baseline,80
1790320861.402115086,Uninterrupted_Baseline,160
1790320861.474593247,Uninterrupted_Baseline,160
1790320861.545982578,Uninterrupted_Baseline,320
1790320861.618790691,Uninterrupted_Baseline,320
1790320861.703604597,Uninterrupted_Baseline,533
1790320861.792282422,Uninterrupted_Baseline,640
1790320861.874303513,Uninterrupted_Baseline,897
1790320861.960925227,Uninterrupted_Baseline,1008
1790320862.039933607,Uninterrupted_Baseline,853
1790320862.120861479,Uninterrupted_Baseline,676
1790320862.208803337,Uninterrupted_Baseline,546
1790320862.286902835,Uninterrupted_Baseline,546
1790320862.362887393,Uninterrupted_Baseline,520
1790320862.424749575,Uninterrupted_Baseline,390
1790320862.506887511,Uninterrupted_Baseline,277
1790320862.601857249,Uninterrupted_Baseline,273
1790320862.684634018,Uninterrupted_Baseline,274
1790320862.767852363,Uninterrupted_Baseline,274
1790320862.849799933,Uninterrupted_Baseline,275
1790320862.923177577,Uninterrupted_Baseline,275
1790320863.008077329,Uninterrupted_Baseline,276
1790320863.089594068,Uninterrupted_Baseline,276
1790320863.163168059,Uninterrupted_Baseline,277
1790320863.248188416,Uninterrupted_Baseline,277
1790320863.332314429,Uninterrupted_Baseline,278
1790320863.416896061,Uninterrupted_Baseline,278
1790320863.497748367,Uninterrupted_Baseline,279
1790320863.578088884,Uninterrupted_Baseline,279
1790320863.659369975,Uninterrupted_Baseline,280
1790320863.742900108,Uninterrupted_Baseline,280
1790320863.826497150,Uninterrupted_Baseline,281
1790320863.912605243,Uninterrupted_Baseline,281
1790320863.997036249,Uninterrupted_Baseline,282
1790320864.086202665,Uninterrupted_Baseline,282
1790320864.170164361,Uninterrupted_Baseline,283
1790320864.256982490,Uninterrupted_Baseline,283
1790320864.339088729,Uninterrupted_Baseline,284
1790320864.425169375,Uninterrupted_Baseline,284
1790320864.505114204,Uninterrupted_Baseline,285
1790320864.592128074,Uninterrupted_Baseline,285
1790320864.675053092,Uninterrupted_Baseline,286
1790320864.757562219,Uninterrupted_Baseline,286
1790320864.835342005,Uninterrupted_Baseline,287
1790320864.913879970,Uninterrupted_Baseline,287
1790320864.974787086,Uninterrupted_Baseline,287
1790320865.056983718,Uninterrupted_Baseline,288
1790320865.141098916,Uninterrupted_Baseline,288
1790320865.225738934,Uninterrupted_Baseline,289
1790320865.311453692,Uninterrupted_Baseline,289
1790320865.394428954,Uninterrupted_Baseline,290
1790320865.473160716,Uninterrupted_Baseline,290
1790320865.549425358,Uninterrupted_Baseline,291
1790320865.637007489,Uninterrupted_Baseline,291
1790320865.721836638,Uninterrupted_Baseline,292
1790320865.803301976,Uninterrupted_Baseline,292
1790320865.889017424,Uninterrupted_Baseline,293
1790320865.978734321,Uninterrupted_Baseline,293
1790320866.073413849,Uninterrupted_Baseline,294
1790320866.136999011,Uninterrupted_Baseline,294
1790320866.213524746,Uninterrupted_Baseline,295
1790320866.287997401,Uninterrupted_Baseline,295
1790320866.373753189,Uninterrupted_Baseline,296
1790320866.461428036,Uninterrupted_Baseline,296
1790320866.543089242,Uninterrupted_Baseline,297
1790320866.630292349,Uninterrupted_Baseline,297
1790320866.716724594,Uninterrupted_Baseline,298
1790320866.807045552,Uninterrupted_Baseline,298
1790320866.890304860,Uninterrupted_Baseline,299
1790320866.971909034,Uninterrupted_Baseline,299
1790320867.047755363,Uninterrupted_Baseline,300
1790320867.131144140,Uninterrupted_Baseline,300
1790320867.217792257,Uninterrupted_Baseline,301
1790320867.295793336,Uninterrupted_Baseline,301
1790320867.363384664,Uninterrupted_Baseline,302
1790320867.446110300,Uninterrupted_Baseline,302
1790320867.536889865,Uninterrupted_Baseline,303
1790320867.628600366,Uninterrupted_Baseline,303
1790320867.711169469,Uninterrupted_Baseline,304
1790320867.797159631,Uninterrupted_Baseline,304
1790320867.879373495,Uninterrupted_Baseline,305
1790320867.965014762,Uninterrupted_Baseline,305
1790320868.043201755,Uninterrupted_Baseline,306
1790320868.094794112,Uninterrupted_Baseline,306
1790320868.172139353,Uninterrupted_Baseline,306
1790320868.258108580,Uninterrupted_Baseline,307
1790320868.315765742,Uninterrupted_Baseline,307
1790320868.383642983,Uninterrupted_Baseline,308
1790320868.434963807,Uninterrupted_Baseline,308
1790320868.483071621,Uninterrupted_Baseline,308
1790320868.531855410,Uninterrupted_Baseline,309
1790320868.594268642,Uninterrupted_Baseline,309
1790320868.671153494,Uninterrupted_Baseline,309
1790320868.739138243,Uninterrupted_Baseline,310
1790320868.823620128,Uninterrupted_Baseline,310
1790320868.910426953,Uninterrupted_Baseline,311
1790320868.997977479,Uninterrupted_Baseline,311
1790320869.066011162,Uninterrupted_Baseline,312
1790320869.142939896,Uninterrupted_Baseline,312
1790320869.214508829,Uninterrupted_Baseline,313
1790320869.294561918,Uninterrupted_Baseline,313
1790320869.376629796,Uninterrupted_Baseline,314
1790320869.461872868,Uninterrupted_Baseline,314
1790320869.546125074,Uninterrupted_Baseline,314
1790320869.629063131,Uninterrupted_Baseline,315
1790320869.712993544,Uninterrupted_Baseline,315
1790320869.796972203,Uninterrupted_Baseline,316
1790320869.883440628,Uninterrupted_Baseline,316
1790320869.968149281,Uninterrupted_Baseline,317
1790320870.054223088,Uninterrupted_Baseline,317
1790320870.137483638,Uninterrupted_Baseline,318
1790320870.210353827,Uninterrupted_Baseline,318
1790320870.293976811,Uninterrupted_Baseline,319
1790320870.385192502,Uninterrupted_Baseline,319
1790320870.468255135,Uninterrupted_Baseline,320
1790320870.547140902,Uninterrupted_Baseline,320
1790320870.612745527,Uninterrupted_Baseline,321
1790320870.693443433,Uninterrupted_Baseline,321
1790320870.773033906,Uninterrupted_Baseline,322
1790320870.849921820,Uninterrupted_Baseline,322
1790320870.933142977,Uninterrupted_Baseline,323
1790320871.003517293,Uninterrupted_Baseline,323
1790320871.078807378,Uninterrupted_Baseline,323
1790320871.145960394,Uninterrupted_Baseline,324
1790320871.231319339,Uninterrupted_Baseline,324
1790320871.313152794,Uninterrupted_Baseline,325
1790320871.392883840,Uninterrupted_Baseline,325
1790320871.478678035,Uninterrupted_Baseline,326
1790320871.556928470,Uninterrupted_Baseline,326
1790320871.639522059,Uninterrupted_Baseline,327
1790320871.721715120,Uninterrupted_Baseline,327
1790320871.800208072,Uninterrupted_Baseline,328
1790320871.877149116,Uninterrupted_Baseline,328
1790320871.956357932,Uninterrupted_Baseline,328
1790320872.040172516,Uninterrupted_Baseline,329
1790320872.130537001,Uninterrupted_Baseline,330
1790320872.221449759,Uninterrupted_Baseline,330
1790320872.310473759,Uninterrupted_Baseline,331
1790320872.386781386,Uninterrupted_Baseline,331
1790320872.453805779,Uninterrupted_Baseline,331
1790320872.533791145,Uninterrupted_Baseline,332
1790320872.624983157,Uninterrupted_Baseline,332
1790320872.709153437,Uninterrupted_Baseline,333
1790320872.794797105,Uninterrupted_Baseline,333
1790320872.870265574,Uninterrupted_Baseline,334
1790320872.950204642,Uninterrupted_Baseline,334
1790320873.013207128,Uninterrupted_Baseline,335
1790320873.082386307,Uninterrupted_Baseline,335
1790320873.158094764,Uninterrupted_Baseline,336
1790320873.238176348,Uninterrupted_Baseline,336
1790320873.317869593,Uninterrupted_Baseline,336
1790320873.403262724,Uninterrupted_Baseline,337
1790320873.485505978,Uninterrupted_Baseline,337
1790320873.569160872,Uninterrupted_Baseline,338
1790320873.657357941,Uninterrupted_Baseline,338
1790320873.729170793,Uninterrupted_Baseline,339
1790320873.808194072,Uninterrupted_Baseline,339
1790320873.890766205,Uninterrupted_Baseline,340
1790320873.971522026,Uninterrupted_Baseline,340
1790320874.054683785,Uninterrupted_Baseline,341
1790320874.146321411,Uninterrupted_Baseline,341
1790320874.229063454,Uninterrupted_Baseline,342
1790320874.311517307,Uninterrupted_Baseline,342
1790320874.395122405,Uninterrupted_Baseline,343
1790320874.479180513,Uninterrupted_Baseline,343
1790320874.561833049,Uninterrupted_Baseline,344
1790320874.619441489,Uninterrupted_Baseline,344
1790320874.699396923,Uninterrupted_Baseline,344
1790320874.780620043,Uninterrupted_Baseline,345
1790320874.855569485,Uninterrupted_Baseline,345
1790320874.952004204,Uninterrupted_Baseline,346
1790320875.002562004,Uninterrupted_Baseline,346
1790320875.057296979,Uninterrupted_Baseline,347
1790320875.132961526,Uninterrupted_Baseline,347
1790320875.210896986,Uninterrupted_Baseline,347
1790320875.294035114,Uninterrupted_Baseline,348
1790320875.375504430,Uninterrupted_Baseline,348
1790320875.458989298,Uninterrupted_Baseline,349
1790320875.537720174,Uninterrupted_Baseline,349
1790320875.616383618,Uninterrupted_Baseline,350
1790320875.697124451,Uninterrupted_Baseline,350
1790320875.779467221,Uninterrupted_Baseline,351
1790320875.862781655,Uninterrupted_Baseline,351
1790320875.945872219,Uninterrupted_Baseline,352
1790320876.027887696,Uninterrupted_Baseline,352
1790320876.107823349,Uninterrupted_Baseline,353
1790320876.190211120,Uninterrupted_Baseline,353
1790320876.271332721,Uninterrupted_Baseline,353
1790320876.348375045,Uninterrupted_Baseline,354
1790320876.434602158,Uninterrupted_Baseline,354
1790320876.514902138,Uninterrupted_Baseline,355
1790320876.595719795,Uninterrupted_Baseline,355
1790320876.669115745,Uninterrupted_Baseline,356
1790320876.759142965,Uninterrupted_Baseline,356
1790320876.845526940,Uninterrupted_Baseline,357
1790320876.922856456,Uninterrupted_Baseline,357
1790320877.011903128,Uninterrupted_Baseline,358
1790320877.097115116,Uninterrupted_Baseline,358
1790320877.183012725,Uninterrupted_Baseline,359
1790320877.267858191,Uninterrupted_Baseline,359
1790320877.352954098,Uninterrupted_Baseline,360
1790320877.438833403,Uninterrupted_Baseline,360
1790320877.519196590,Uninterrupted_Baseline,361
1790320877.604419008,Uninterrupted_Baseline,361
1790320877.689502770,Uninterrupted_Baseline,362
1790320877.775021527,Uninterrupted_Baseline,362
1790320877.845927737,Uninterrupted_Baseline,363
1790320877.930435029,Uninterrupted_Baseline,363
1790320878.017229104,Uninterrupted_Baseline,363
1790320878.071275857,Uninterrupted_Baseline,364
1790320878.147174621,Uninterrupted_Baseline,364
1790320878.224583525,Uninterrupted_Baseline,365
1790320878.279452836,Uninterrupted_Baseline,365
1790320878.357132972,Uninterrupted_Baseline,365
1790320878.427843893,Uninterrupted_Baseline,366
1790320878.483618809,Uninterrupted_Baseline,366
1790320878.540866561,Uninterrupted_Baseline,367
1790320878.610440551,Uninterrupted_Baseline,367
1790320878.692908706,Uninterrupted_Baseline,367
1790320878.773935721,Uninterrupted_Baseline,368
1790320878.859446787,Uninterrupted_Baseline,368
1790320878.952621667,Uninterrupted_Baseline,369
1790320879.037025383,Uninterrupted_Baseline,369
1790320879.113673458,Uninterrupted_Baseline,370
1790320879.184635665,Uninterrupted_Baseline,370
1790320879.264570227,Uninterrupted_Baseline,371
1790320879.348689120,Uninterrupted_Baseline,371
1790320879.432211273,Uninterrupted_Baseline,372
1790320879.508572252,Uninterrupted_Baseline,372
1790320879.596142253,Uninterrupted_Baseline,373
1790320879.683160388,Uninterrupted_Baseline,373
1790320879.763350228,Uninterrupted_Baseline,374
1790320879.846177934,Uninterrupted_Baseline,374
1790320879.925866584,Uninterrupted_Baseline,374
1790320879.990452594,Uninterrupted_Baseline,375
1790320880.076797980,Uninterrupted_Baseline,375
1790320880.161214630,Uninterrupted_Baseline,376
1790320880.241808824,Uninterrupted_Baseline,376
1790320880.327075677,Uninterrupted_Baseline,377
1790320880.407818557,Uninterrupted_Baseline,377
1790320880.491766149,Uninterrupted_Baseline,378
1790320880.567469121,Uninterrupted_Baseline,378
1790320880.648378645,Uninterrupted_Baseline,379
1790320880.733021331,Uninterrupted_Baseline,379
1790320880.817374511,Uninterrupted_Baseline,380
1790320880.901831933,Uninterrupted_Baseline,380
1790320880.982501577,Uninterrupted_Baseline,381
1790320881.052218996,Uninterrupted_Baseline,381
1790320881.122479430,Uninterrupted_Baseline,381
1790320881.204545446,Uninterrupted_Baseline,382
1790320881.285160720,Uninterrupted_Baseline,382
1790320881.366369905,Uninterrupted_Baseline,383
1790320881.450463488,Uninterrupted_Baseline,383
1790320881.531217691,Uninterrupted_Baseline,384
1790320881.612326505,Uninterrupted_Baseline,384
1790320881.696519806,Uninterrupted_Baseline,385
1790320881.781068374,Uninterrupted_Baseline,385
1790320881.858594758,Uninterrupted_Baseline,386
1790320881.932977462,Uninterrupted_Baseline,386
1790320882.016879193,Uninterrupted_Baseline,387
1790320882.100049297,Uninterrupted_Baseline,387
1790320882.168005004,Uninterrupted_Baseline,387
1790320882.245957667,Uninterrupted_Baseline,388
1790320882.330032580,Uninterrupted_Baseline,388
1790320882.397304107,Uninterrupted_Baseline,389
1790320882.479979401,Uninterrupted_Baseline,389
1790320882.565172773,Uninterrupted_Baseline,390
1790320882.633287690,Uninterrupted_Baseline,390
1790320882.718882855,Uninterrupted_Baseline,391
1790320882.800763512,Uninterrupted_Baseline,391
1790320882.884829295,Uninterrupted_Baseline,392
1790320882.953457147,Uninterrupted_Baseline,392
1790320883.025286567,Uninterrupted_Baseline,392
1790320883.100318918,Uninterrupted_Baseline,393
1790320883.180761726,Uninterrupted_Baseline,393
1790320883.266950384,Uninterrupted_Baseline,394
1790320883.349464311,Uninterrupted_Baseline,394
1790320883.434225708,Uninterrupted_Baseline,395
1790320883.518183141,Uninterrupted_Baseline,395
1790320883.584359066,Uninterrupted_Baseline,396
1790320883.668174221,Uninterrupted_Baseline,396
1790320883.754784404,Uninterrupted_Baseline,397
1790320883.838446972,Uninterrupted_Baseline,397
1790320883.922567006,Uninterrupted_Baseline,398
1790320884.002034738,Uninterrupted_Baseline,398
1790320884.086404254,Uninterrupted_Baseline,398
1790320884.175771712,Uninterrupted_Baseline,399
1790320884.264543284,Uninterrupted_Baseline,400
1790320884.347120169,Uninterrupted_Baseline,400
1790320884.429020650,Uninterrupted_Baseline,400
1790320884.517060125,Uninterrupted_Baseline,401
1790320884.606696622,Uninterrupted_Baseline,401
1790320884.689881052,Uninterrupted_Baseline,402
1790320884.775805157,Uninterrupted_Baseline,402
1790320884.862037123,Uninterrupted_Baseline,403
1790320884.945477074,Uninterrupted_Baseline,403
1790320885.009630905,Uninterrupted_Baseline,404
1790320885.066508203,Uninterrupted_Baseline,404
1790320885.144966732,Uninterrupted_Baseline,405
1790320885.215610641,Uninterrupted_Baseline,405
1790320885.290877217,Uninterrupted_Baseline,405
1790320885.380133211,Uninterrupted_Baseline,406
1790320885.467938178,Uninterrupted_Baseline,406
1790320885.549354424,Uninterrupted_Baseline,407
1790320885.633091114,Uninterrupted_Baseline,407
1790320885.720999908,Uninterrupted_Baseline,408
1790320885.807849892,Uninterrupted_Baseline,408
1790320885.871614045,Uninterrupted_Baseline,409
1790320885.943905719,Uninterrupted_Baseline,409
1790320885.995722339,Uninterrupted_Baseline,409
1790320886.050594068,Uninterrupted_Baseline,410
1790320886.116229222,Uninterrupted_Baseline,410
1790320886.176994268,Uninterrupted_Baseline,410
1790320886.253800402,Uninterrupted_Baseline,411
1790320886.330610514,Uninterrupted_Baseline,411
1790320886.406221504,Uninterrupted_Baseline,412
1790320886.486701642,Uninterrupted_Baseline,412
1790320886.550787923,Uninterrupted_Baseline,413
1790320886.633600876,Uninterrupted_Baseline,413
1790320886.700700183,Uninterrupted_Baseline,414
1790320886.786224515,Uninterrupted_Baseline,414
1790320886.865125933,Uninterrupted_Baseline,415
1790320886.933860022,Uninterrupted_Baseline,415
1790320887.011046394,Uninterrupted_Baseline,415
1790320887.079062828,Uninterrupted_Baseline,416
1790320887.151554107,Uninterrupted_Baseline,416
1790320887.224743406,Uninterrupted_Baseline,417
1790320887.302517188,Uninterrupted_Baseline,417
1790320887.383601782,Uninterrupted_Baseline,418
1790320887.470883805,Uninterrupted_Baseline,418
1790320887.558768804,Uninterrupted_Baseline,419
1790320887.645547318,Uninterrupted_Baseline,419
1790320887.730112578,Uninterrupted_Baseline,420
1790320887.819762706,Uninterrupted_Baseline,420
1790320887.909973099,Uninterrupted_Baseline,421
1790320887.996989818,Uninterrupted_Baseline,421
1790320888.092960076,Uninterrupted_Baseline,422
1790320888.182462300,Uninterrupted_Baseline,422
1790320888.264618477,Uninterrupted_Baseline,423
1790320888.329678033,Uninterrupted_Baseline,423
1790320888.407799777,Uninterrupted_Baseline,424
1790320888.461000572,Uninterrupted_Baseline,424
1790320888.532468272,Uninterrupted_Baseline,424
1790320888.595187310,Uninterrupted_Baseline,425
1790320888.658004593,Uninterrupted_Baseline,425
1790320888.726573215,Uninterrupted_Baseline,426
1790320888.799025274,Uninterrupted_Baseline,426
1790320888.884627603,Uninterrupted_Baseline,426
1790320888.947008833,Uninterrupted_Baseline,427
1790320889.013211204,Uninterrupted_Baseline,427
1790320889.096554219,Uninterrupted_Baseline,428
1790320889.156027641,Uninterrupted_Baseline,428
1790320889.228190869,Uninterrupted_Baseline,428
1790320889.306842571,Uninterrupted_Baseline,429
1790320889.367554603,Uninterrupted_Baseline,429
1790320889.425010686,Uninterrupted_Baseline,430
1790320889.492778746,Uninterrupted_Baseline,430
1790320889.575116550,Uninterrupted_Baseline,430
1790320889.659482567,Uninterrupted_Baseline,431
1790320889.736334818,Uninterrupted_Baseline,431
1790320889.799065809,Uninterrupted_Baseline,432
1790320889.881527633,Uninterrupted_Baseline,432
1790320889.965696612,Uninterrupted_Baseline,433
1790320890.047078218,Uninterrupted_Baseline,433
1790320890.128382875,Uninterrupted_Baseline,434
1790320890.205632561,Uninterrupted_Baseline,434
1790320890.283522850,Uninterrupted_Baseline,434
1790320890.361634339,Uninterrupted_Baseline,435
1790320890.444994190,Uninterrupted_Baseline,435
1790320890.522047964,Uninterrupted_Baseline,436
1790320890.576454193,Uninterrupted_Baseline,436
1790320890.656913751,Uninterrupted_Baseline,437
1790320890.739169310,Uninterrupted_Baseline,437
1790320890.821310305,Uninterrupted_Baseline,438
1790320890.896889520,Uninterrupted_Baseline,438
1790320890.959900846,Uninterrupted_Baseline,438
1790320891.041051935,Uninterrupted_Baseline,439
1790320891.123102018,Uninterrupted_Baseline,439
1790320891.202894109,Uninterrupted_Baseline,440
1790320891.279544331,Uninterrupted_Baseline,440
1790320891.355087572,Uninterrupted_Baseline,441
1790320891.427461942,Uninterrupted_Baseline,441
1790320891.506423276,Uninterrupted_Baseline,442
1790320891.590481222,Uninterrupted_Baseline,442
1790320891.675133695,Uninterrupted_Baseline,442
1790320891.758148593,Uninterrupted_Baseline,443
1790320891.831862590,Uninterrupted_Baseline,443
1790320891.913108823,Uninterrupted_Baseline,444
1790320891.994810522,Uninterrupted_Baseline,444
1790320892.076726798,Uninterrupted_Baseline,445
1790320892.157492868,Uninterrupted_Baseline,445
1790320892.236563294,Uninterrupted_Baseline,446
1790320892.315609272,Uninterrupted_Baseline,446
1790320892.389559664,Uninterrupted_Baseline,447
1790320892.467210974,Uninterrupted_Baseline,447
1790320892.545096231,Uninterrupted_Baseline,448
1790320892.627117509,Uninterrupted_Baseline,448
1790320892.713773996,Uninterrupted_Baseline,449
1790320892.795371416,Uninterrupted_Baseline,449
1790320892.876064524,Uninterrupted_Baseline,449
1790320892.957615389,Uninterrupted_Baseline,450
1790320893.043279952,Uninterrupted_Baseline,450
1790320893.127225942,Uninterrupted_Baseline,451
1790320893.208742226,Uninterrupted_Baseline,451
1790320893.288744031,Uninterrupted_Baseline,452
1790320893.377916386,Uninterrupted_Baseline,452
1790320893.454881104,Uninterrupted_Baseline,453
1790320893.544878308,Uninterrupted_Baseline,453
1790320893.629790270,Uninterrupted_Baseline,454
1790320893.718009466,Uninterrupted_Baseline,454
1790320893.799048615,Uninterrupted_Baseline,455
1790320893.867936101,Uninterrupted_Baseline,455
1790320893.944140424,Uninterrupted_Baseline,456
1790320894.026437334,Uninterrupted_Baseline,456
1790320894.112206858,Uninterrupted_Baseline,457
1790320894.200427476,Uninterrupted_Baseline,457
1790320905.869838990,Phase1_Baseline,10
1790320905.948120765,Phase1_Baseline,10
1790320906.026351160,Phase1_Baseline,20
1790320906.104238560,Phase1_Baseline,20
1790320906.183136757,Phase1_Baseline,40
1790320906.257198132,Phase1_Baseline,40
1790320906.341617239,Phase1_Baseline,80
1790320906.424447541,Phase1_Baseline,80
1790320906.513701712,Phase1_Baseline,146
1790320906.594181709,Phase1_Baseline,146
1790320906.678139952,Phase1_Baseline,261
1790320906.757141256,Phase1_Baseline,292
1790320906.842679272,Phase1_Baseline,423
1790320906.931181297,Phase1_Baseline,584
1790320907.021409288,Phase1_Baseline,791
1790320907.094729841,Phase1_Baseline,1018
1790320907.156513646,Phase1_Baseline,923
1790320907.242837699,Phase1_Baseline,760
1790320907.302943793,Phase1_Baseline,620
1790320907.390809416,Phase1_Baseline,521
1790320907.473861785,Phase1_Baseline,521
1790320907.555187250,Phase1_Baseline,413
1790320907.632687570,Phase1_Baseline,297
1790320907.705586241,Phase1_Baseline,260
1790320907.786837387,Phase1_Baseline,260
1790320907.855984326,Phase1_Baseline,261
1790320907.934384118,Phase1_Baseline,261
1790320908.017503366,Phase1_Baseline,262
1790320908.066948675,Phase1_Baseline,262
1790320908.126194756,Phase1_Baseline,262
1790320908.186499880,Phase1_Baseline,263
1790320908.261111933,Phase1_Baseline,263
1790320908.334368401,Phase1_Baseline,264
1790320908.407067442,Phase1_Baseline,264
1790320908.459806998,Phase1_Baseline,264
1790320908.515528224,Phase1_Baseline,265
1790320908.591075346,Phase1_Baseline,265
1790320908.641253596,Phase1_Baseline,265
1790320908.697849159,Phase1_Baseline,266
1790320908.772330868,Phase1_Baseline,266
1790320908.855190452,Phase1_Baseline,267
1790320908.937986354,Phase1_Baseline,267
1790320909.023528603,Phase1_Baseline,268
1790320909.087021450,Phase1_Baseline,268
1790320909.150971933,Phase1_Baseline,269
1790320909.211167147,Phase1_Baseline,269
1790320909.282418878,Phase1_Baseline,269
1790320909.353861143,Phase1_Baseline,270
1790320909.424066818,Phase1_Baseline,270
1790320909.507620695,Phase1_Baseline,271
1790320909.600338807,Phase1_Baseline,271
1790320909.672076700,Phase1_Baseline,272
1790320909.757533486,Phase1_Baseline,272
1790320909.839606814,Phase1_Baseline,273
1790320909.924872404,Phase1_Baseline,273
1790320910.003903083,Phase1_Baseline,274
1790320910.071359715,Phase1_Baseline,274
1790320910.151171937,Phase1_Baseline,275
1790320910.233904272,Phase1_Baseline,275
1790320910.316909909,Phase1_Baseline,276
1790320910.393240452,Phase1_Baseline,276
1790320910.470937898,Phase1_Baseline,277
1790320910.542538615,Phase1_Baseline,277
1790320910.618814438,Phase1_Baseline,277
1790320910.704057432,Phase1_Baseline,278
1790320910.790902278,Phase1_Baseline,278
1790320910.868431041,Phase1_Baseline,279
1790320910.953056339,Phase1_Baseline,279
1790320911.037468876,Phase1_Baseline,280
1790320911.120153983,Phase1_Baseline,280
1790320911.204157831,Phase1_Baseline,281
1790320911.279691094,Phase1_Baseline,281
1790320911.358401907,Phase1_Baseline,282
1790320911.440560421,Phase1_Baseline,282
1790320911.520575699,Phase1_Baseline,283
1790320911.603174742,Phase1_Baseline,283
1790320911.685374747,Phase1_Baseline,284
1790320911.759051935,Phase1_Baseline,284
1790320911.849140570,Phase1_Baseline,285
1790320911.925706608,Phase1_Baseline,285
1790320911.988829336,Phase1_Baseline,286
1790320912.064549706,Phase1_Baseline,286
1790320912.128828872,Phase1_Baseline,286
1790320912.197194274,Phase1_Baseline,287
1790320912.273698063,Phase1_Baseline,287
1790320912.343000103,Phase1_Baseline,288
1790320912.408285471,Phase1_Baseline,288
1790320912.488323479,Phase1_Baseline,288
1790320912.562474743,Phase1_Baseline,289
1790320912.619993347,Phase1_Baseline,289
1790320912.700367016,Phase1_Baseline,290
1790320912.779913140,Phase1_Baseline,290
1790320912.861796674,Phase1_Baseline,291
1790320912.942748408,Phase1_Baseline,291
1790320913.030913371,Phase1_Baseline,292
1790320913.118854016,Phase1_Baseline,292
1790320913.193382816,Phase1_Baseline,293
1790320913.279077430,Phase1_Baseline,293
1790320913.356816205,Phase1_Baseline,294
1790320913.434975407,Phase1_Baseline,294
1790320913.520532893,Phase1_Baseline,294
1790320913.599908325,Phase1_Baseline,295
1790320913.685102534,Phase1_Baseline,295
1790320913.763703174,Phase1_Baseline,296
1790320913.839588546,Phase1_Baseline,296
1790320913.910719432,Phase1_Baseline,297
1790320913.978131391,Phase1_Baseline,297
1790320914.046166303,Phase1_Baseline,298
1790320914.130522952,Phase1_Baseline,298
1790320914.212059367,Phase1_Baseline,299
1790320914.291681021,Phase1_Baseline,299
1790320914.373368269,Phase1_Baseline,299
1790320914.458960028,Phase1_Baseline,300
1790320914.531160795,Phase1_Baseline,300
1790320914.608892507,Phase1_Baseline,301
1790320914.696785142,Phase1_Baseline,301
1790320914.769295904,Phase1_Baseline,302
1790320914.853707124,Phase1_Baseline,302
1790320914.931741629,Phase1_Baseline,303
1790320914.999501403,Phase1_Baseline,303
1790320915.080615692,Phase1_Baseline,304
1790320915.150693237,Phase1_Baseline,304
1790320915.213987130,Phase1_Baseline,304
1790320915.297940146,Phase1_Baseline,305
1790320915.384004336,Phase1_Baseline,305
1790320915.467904087,Phase1_Baseline,306
1790320915.556187660,Phase1_Baseline,306
1790320915.632439523,Phase1_Baseline,307
1790320915.710921753,Phase1_Baseline,307
1790320915.794152898,Phase1_Baseline,308
1790320915.884842191,Phase1_Baseline,308
1790320915.945625629,Phase1_Baseline,309
1790320915.997832616,Phase1_Baseline,309
1790320916.051562203,Phase1_Baseline,309
1790320916.115785096,Phase1_Baseline,310
1790320916.192969903,Phase1_Baseline,310
1790320916.269832644,Phase1_Baseline,311
1790320916.349218047,Phase1_Baseline,311
1790320916.438200769,Phase1_Baseline,312
1790320916.521493339,Phase1_Baseline,312
1790320916.603808974,Phase1_Baseline,313
1790320916.689706551,Phase1_Baseline,313
1790320916.775415852,Phase1_Baseline,313
1790320916.861947094,Phase1_Baseline,314
1790320916.928839706,Phase1_Baseline,314
1790320917.009132331,Phase1_Baseline,315
1790320917.091535263,Phase1_Baseline,315
1790320917.176773603,Phase1_Baseline,316
1790320917.248639377,Phase1_Baseline,316
1790320917.332111720,Phase1_Baseline,317
1790320917.416460675,Phase1_Baseline,317
1790320917.507718086,Phase1_Baseline,318
1790320917.592251683,Phase1_Baseline,318
1790320917.675000396,Phase1_Baseline,319
1790320917.761785866,Phase1_Baseline,319
1790320917.842395436,Phase1_Baseline,320
1790320917.923575185,Phase1_Baseline,320
1790320918.008227824,Phase1_Baseline,321
1790320918.092138938,Phase1_Baseline,321
1790320918.172888750,Phase1_Baseline,322
1790320918.261261114,Phase1_Baseline,322
1790320918.321482642,Phase1_Baseline,323
1790320918.396998587,Phase1_Baseline,323
1790320918.465797171,Phase1_Baseline,323
1790320918.529232363,Phase1_Baseline,324
1790320918.596544882,Phase1_Baseline,324
1790320918.664801048,Phase1_Baseline,325
1790320918.757368356,Phase1_Baseline,325
1790320918.839070162,Phase1_Baseline,326
1790320918.925332708,Phase1_Baseline,326
1790320918.998691821,Phase1_Baseline,326
1790320919.074771522,Phase1_Baseline,327
1790320919.137305163,Phase1_Baseline,327
1790320919.196363517,Phase1_Baseline,328
1790320919.266878268,Phase1_Baseline,328
1790320919.344380831,Phase1_Baseline,328
1790320919.427364508,Phase1_Baseline,329
1790320919.509720955,Phase1_Baseline,329
1790320919.588889370,Phase1_Baseline,330
1790320919.671040289,Phase1_Baseline,330
1790320919.744074590,Phase1_Baseline,331
1790320919.828103427,Phase1_Baseline,331
1790320919.892796595,Phase1_Baseline,332
1790320919.974232212,Phase1_Baseline,332
1790320920.067811104,Phase1_Baseline,333
1790320920.136316229,Phase1_Baseline,333
1790320920.225969170,Phase1_Baseline,334
1790320920.312241463,Phase1_Baseline,334
1790320920.398739376,Phase1_Baseline,334
1790320920.469180456,Phase1_Baseline,335
1790320920.547819515,Phase1_Baseline,335
1790320920.630834044,Phase1_Baseline,336
1790320920.702812055,Phase1_Baseline,336
1790320920.776701194,Phase1_Baseline,337
1790320920.854126388,Phase1_Baseline,337
1790320920.933858948,Phase1_Baseline,338
1790320921.014642280,Phase1_Baseline,338
1790320921.096331384,Phase1_Baseline,339
1790320921.178754642,Phase1_Baseline,339
1790320921.245886908,Phase1_Baseline,339
1790320921.319319786,Phase1_Baseline,340
1790320921.391623581,Phase1_Baseline,340
1790320921.475103768,Phase1_Baseline,341
1790320921.567874523,Phase1_Baseline,341
1790320921.641690882,Phase1_Baseline,342
1790320921.723804236,Phase1_Baseline,342
1790320921.810321386,Phase1_Baseline,343
1790320921.875869373,Phase1_Baseline,343
1790320921.953516784,Phase1_Baseline,343
1790320922.032782919,Phase1_Baseline,344
1790320922.117633709,Phase1_Baseline,344
1790320922.197545745,Phase1_Baseline,345
1790320922.269116589,Phase1_Baseline,345
1790320922.348579832,Phase1_Baseline,346
1790320922.418512244,Phase1_Baseline,346
1790320922.502634107,Phase1_Baseline,347
1790320922.591063400,Phase1_Baseline,347
1790320922.672452594,Phase1_Baseline,348
1790320922.757948164,Phase1_Baseline,348
1790320922.838189081,Phase1_Baseline,348
1790320922.909341999,Phase1_Baseline,349
1790320922.995149629,Phase1_Baseline,349
1790320923.087034872,Phase1_Baseline,350
1790320923.163878358,Phase1_Baseline,350
1790320923.232499028,Phase1_Baseline,351
1790320923.310624808,Phase1_Baseline,351
1790320923.390317493,Phase1_Baseline,352
1790320923.471774510,Phase1_Baseline,352
1790320923.547909707,Phase1_Baseline,353
1790320923.632815471,Phase1_Baseline,353
1790320923.712045437,Phase1_Baseline,353
1790320923.786999381,Phase1_Baseline,354
1790320923.869564861,Phase1_Baseline,354
1790320923.951930887,Phase1_Baseline,355
1790320924.033443720,Phase1_Baseline,355
1790320924.111756107,Phase1_Baseline,356
1790320924.203031284,Phase1_Baseline,356
1790320924.290787992,Phase1_Baseline,357
1790320924.370360757,Phase1_Baseline,357
1790320924.446400467,Phase1_Baseline,358
1790320924.526960174,Phase1_Baseline,358
1790320924.610462537,Phase1_Baseline,359
1790320924.694214307,Phase1_Baseline,359
1790320924.777369372,Phase1_Baseline,360
1790320924.868532101,Phase1_Baseline,360
1790320924.952451227,Phase1_Baseline,361
1790320925.036763357,Phase1_Baseline,361
1790320925.120157413,Phase1_Baseline,362
1790320925.206431380,Phase1_Baseline,362
1790320925.289970453,Phase1_Baseline,363
1790320925.361068257,Phase1_Baseline,363
1790320925.443517158,Phase1_Baseline,363
1790320925.527004445,Phase1_Baseline,364
1790320925.603957311,Phase1_Baseline,364
1790320925.679699697,Phase1_Baseline,365
1790320925.753023521,Phase1_Baseline,365
1790320928.388310427,Phase2_Migrated,10
1790320928.444210643,Phase2_Migrated,10
1790320928.507357652,Phase2_Migrated,10
1790320928.572015503,Phase2_Migrated,10
1790320928.649742070,Phase2_Migrated,20
1790320928.727961801,Phase2_Migrated,20
1790320928.806614986,Phase2_Migrated,24
1790320928.897527235,Phase2_Migrated,40
1790320928.978582670,Phase2_Migrated,56
1790320929.053937372,Phase2_Migrated,80
1790320929.141931130,Phase2_Migrated,126
1790320929.221922695,Phase2_Migrated,160
1790320929.319621499,Phase2_Migrated,302
1790320929.414335833,Phase2_Migrated,320
1790320929.511556928,Phase2_Migrated,588
1790320929.609213575,Phase2_Migrated,643
1790320929.701586880,Phase2_Migrated,994
1790320929.770851384,Phase2_Migrated,992
1790320929.859862113,Phase2_Migrated,807
1790320929.956204779,Phase2_Migrated,598
1790320930.049404535,Phase2_Migrated,547
1790320930.135973090,Phase2_Migrated,547
1790320930.224878433,Phase2_Migrated,371
1790320930.317887527,Phase2_Migrated,273
1790320930.393870807,Phase2_Migrated,273
1790320930.490807254,Phase2_Migrated,274
1790320930.566748374,Phase2_Migrated,274
1790320930.651019518,Phase2_Migrated,275
1790320930.723460402,Phase2_Migrated,275
1790320930.789624864,Phase2_Migrated,276
1790320930.875621110,Phase2_Migrated,276
1790320930.955914030,Phase2_Migrated,276
1790320931.021379744,Phase2_Migrated,277
1790320931.112998150,Phase2_Migrated,278
1790320931.199858774,Phase2_Migrated,278
1790320931.289267148,Phase2_Migrated,279
1790320931.379192854,Phase2_Migrated,279
1790320931.469389848,Phase2_Migrated,280
1790320931.559975424,Phase2_Migrated,280
1790320931.650756935,Phase2_Migrated,281
1790320931.745511854,Phase2_Migrated,281
1790320931.837590725,Phase2_Migrated,282
1790320931.932808859,Phase2_Migrated,282
1790320932.028939578,Phase2_Migrated,283
1790320932.124795722,Phase2_Migrated,284
1790320932.214984805,Phase2_Migrated,284
1790320932.296989767,Phase2_Migrated,285
1790320932.396706420,Phase2_Migrated,285
1790320932.489936670,Phase2_Migrated,286
1790320932.581825192,Phase2_Migrated,286
1790320932.664163358,Phase2_Migrated,287
1790320932.752151558,Phase2_Migrated,287
1790320932.852643654,Phase2_Migrated,288
1790320932.954746869,Phase2_Migrated,289
1790320933.058625447,Phase2_Migrated,289
1790320933.150271582,Phase2_Migrated,290
1790320933.241624701,Phase2_Migrated,290
1790320933.333572889,Phase2_Migrated,291
1790320933.428138967,Phase2_Migrated,291
1790320933.526941880,Phase2_Migrated,292
1790320933.625091892,Phase2_Migrated,293
1790320933.718512881,Phase2_Migrated,293
1790320933.812027563,Phase2_Migrated,294
1790320933.903716960,Phase2_Migrated,294
1790320933.993769110,Phase2_Migrated,295
1790320934.090373107,Phase2_Migrated,295
1790320934.182811604,Phase2_Migrated,296
1790320934.271310714,Phase2_Migrated,297
1790320934.358865716,Phase2_Migrated,297
1790320934.458693247,Phase2_Migrated,298
1790320934.543694060,Phase2_Migrated,298
1790320934.638720204,Phase2_Migrated,299
1790320934.732717423,Phase2_Migrated,299
1790320934.812621755,Phase2_Migrated,300
1790320934.885806881,Phase2_Migrated,300
1790320934.971330344,Phase2_Migrated,301
1790320935.056142591,Phase2_Migrated,301
1790320935.123788927,Phase2_Migrated,301
1790320935.178737891,Phase2_Migrated,302
1790320935.253934552,Phase2_Migrated,302
1790320935.321992227,Phase2_Migrated,303
1790320935.391233592,Phase2_Migrated,303
1790320935.453851260,Phase2_Migrated,303
1790320935.525198618,Phase2_Migrated,304
1790320935.579749035,Phase2_Migrated,304
1790320935.666616812,Phase2_Migrated,305
1790320935.751861210,Phase2_Migrated,305
1790320935.840357075,Phase2_Migrated,306
1790320935.913347337,Phase2_Migrated,306
1790320935.983369944,Phase2_Migrated,307
1790320936.074025190,Phase2_Migrated,307
1790320936.159344014,Phase2_Migrated,308
1790320936.254360007,Phase2_Migrated,308
1790320936.339455819,Phase2_Migrated,309
1790320936.433416257,Phase2_Migrated,309
1790320936.521782565,Phase2_Migrated,310
1790320936.592692541,Phase2_Migrated,310
1790320936.685724416,Phase2_Migrated,311
1790320936.777837335,Phase2_Migrated,311
1790320936.856596347,Phase2_Migrated,312
1790320936.953186333,Phase2_Migrated,312
1790320937.037873347,Phase2_Migrated,313
1790320937.130338656,Phase2_Migrated,313
1790320937.228571350,Phase2_Migrated,314
1790320937.321869645,Phase2_Migrated,314
1790320937.403723361,Phase2_Migrated,315
1790320937.502590562,Phase2_Migrated,315
1790320937.596421078,Phase2_Migrated,316
1790320937.689634612,Phase2_Migrated,316
1790320937.784080990,Phase2_Migrated,317
1790320937.876230684,Phase2_Migrated,318
1790320937.969428510,Phase2_Migrated,318
1790320938.050781270,Phase2_Migrated,319
1790320938.141563288,Phase2_Migrated,319
1790320938.233104522,Phase2_Migrated,320
1790320938.301597350,Phase2_Migrated,320
1790320938.388163481,Phase2_Migrated,320
1790320938.447557854,Phase2_Migrated,321
1790320938.523028063,Phase2_Migrated,321
1790320938.609757330,Phase2_Migrated,322
1790320938.705243597,Phase2_Migrated,322
1790320938.797454733,Phase2_Migrated,323
1790320938.877617623,Phase2_Migrated,323
1790320938.963447547,Phase2_Migrated,324
1790320939.052180727,Phase2_Migrated,324
1790320939.125907043,Phase2_Migrated,325
1790320939.211360984,Phase2_Migrated,325
1790320939.305004877,Phase2_Migrated,326
1790320939.395324701,Phase2_Migrated,326
1790320939.485408042,Phase2_Migrated,327
1790320939.577243977,Phase2_Migrated,327
1790320939.674755269,Phase2_Migrated,328
1790320939.756542410,Phase2_Migrated,328
1790320939.844185057,Phase2_Migrated,329
1790320939.944053251,Phase2_Migrated,329
1790320940.036713896,Phase2_Migrated,330
1790320940.136447910,Phase2_Migrated,331
1790320940.229005028,Phase2_Migrated,331
1790320940.305377309,Phase2_Migrated,331
1790320940.369826406,Phase2_Migrated,332
1790320940.448788345,Phase2_Migrated,332
1790320940.547003878,Phase2_Migrated,333
1790320940.635820116,Phase2_Migrated,333
1790320940.728828560,Phase2_Migrated,334
1790320940.824850212,Phase2_Migrated,335
1790320940.915244234,Phase2_Migrated,335
1790320940.998604890,Phase2_Migrated,335
1790320941.080634714,Phase2_Migrated,336
1790320941.169513622,Phase2_Migrated,336
1790320941.262090796,Phase2_Migrated,337
1790320941.340152945,Phase2_Migrated,337
1790320941.419473161,Phase2_Migrated,338
1790320941.507245161,Phase2_Migrated,338
1790320941.602927494,Phase2_Migrated,339
1790320941.674910026,Phase2_Migrated,339
1790320941.764082268,Phase2_Migrated,340
1790320941.840718572,Phase2_Migrated,340
1790320941.930753442,Phase2_Migrated,341
1790320942.019569592,Phase2_Migrated,341
1790320942.110171421,Phase2_Migrated,342
1790320942.206500432,Phase2_Migrated,343
1790320942.297133138,Phase2_Migrated,343
1790320942.374084191,Phase2_Migrated,344
1790320942.465543932,Phase2_Migrated,344
1790320942.547531312,Phase2_Migrated,345
1790320942.638806554,Phase2_Migrated,345
1790320942.732003010,Phase2_Migrated,346
1790320942.828270834,Phase2_Migrated,346
1790320942.928433707,Phase2_Migrated,347
1790320943.020374044,Phase2_Migrated,347
1790320943.115047798,Phase2_Migrated,348
1790320943.213410342,Phase2_Migrated,348
1790320943.296577963,Phase2_Migrated,349
1790320943.382189834,Phase2_Migrated,349
1790320943.465587596,Phase2_Migrated,350
1790320943.559137999,Phase2_Migrated,350
1790320943.651249504,Phase2_Migrated,351
1790320943.746024733,Phase2_Migrated,351
1790320943.836376636,Phase2_Migrated,352
1790320943.931734199,Phase2_Migrated,353
1790320944.013150094,Phase2_Migrated,353
1790320944.102616129,Phase2_Migrated,354
1790320944.190235680,Phase2_Migrated,354
1790320944.281113633,Phase2_Migrated,355
1790320944.358215524,Phase2_Migrated,355
1790320944.449124773,Phase2_Migrated,355
1790320944.543132315,Phase2_Migrated,356
1790320944.643087547,Phase2_Migrated,357
1790320944.742877458,Phase2_Migrated,357
1790320944.815182691,Phase2_Migrated,358
1790320944.908014570,Phase2_Migrated,358
1790320945.000795466,Phase2_Migrated,359
1790320945.087457923,Phase2_Migrated,359
1790320945.192229286,Phase2_Migrated,360
1790320945.299404974,Phase2_Migrated,360
1790320945.395424341,Phase2_Migrated,361
1790320945.480077914,Phase2_Migrated,361
1790320945.553589581,Phase2_Migrated,362
1790320945.647742820,Phase2_Migrated,362
1790320945.747611154,Phase2_Migrated,363
1790320945.841715622,Phase2_Migrated,364
1790320945.921523974,Phase2_Migrated,364
1790320946.020449414,Phase2_Migrated,365
1790320946.107427095,Phase2_Migrated,365
1790320946.204142504,Phase2_Migrated,366
1790320946.277374484,Phase2_Migrated,366
1790320946.335587377,Phase2_Migrated,366
1790320946.394838991,Phase2_Migrated,367
1790320946.457888143,Phase2_Migrated,367
1790320946.532010482,Phase2_Migrated,368
1790320946.624321684,Phase2_Migrated,368
1790320946.719418808,Phase2_Migrated,369
1790320946.812118659,Phase2_Migrated,369
1790320948.363041191,Uninterrupted_Baseline,1
1790320948.431700959,Uninterrupted_Baseline,1
1790320948.481793129,Uninterrupted_Baseline,1
1790320948.542453126,Uninterrupted_Baseline,1
1790320948.604578493,Uninterrupted_Baseline,1
1790320948.663252023,Uninterrupted_Baseline,1
1790320948.742322263,Uninterrupted_Baseline,1
1790320948.821057329,Uninterrupted_Baseline,1
1790320948.908559071,Uninterrupted_Baseline,1
1790320948.992803315,Uninterrupted_Baseline,1
1790320949.074270957,Uninterrupted_Baseline,1
1790320949.153163159,Uninterrupted_Baseline,1
1790320949.211406915,Uninterrupted_Baseline,1
1790320949.286073061,Uninterrupted_Baseline,1
1790320949.373394375,Uninterrupted_Baseline,1
1790320949.459741049,Uninterrupted_Baseline,1
1790320949.535760519,Uninterrupted_Baseline,1
1790320949.613870120,Uninterrupted_Baseline,1
1790320949.698955473,Uninterrupted_Baseline,1
1790320949.764129513,Uninterrupted_Baseline,1
1790320949.839856695,Uninterrupted_Baseline,1
1790320950.869771426,Uninterrupted_Baseline,10
1790320950.935214490,Uninterrupted_Baseline,10
1790320951.010176851,Uninterrupted_Baseline,20
1790320951.095921509,Uninterrupted_Baseline,20
1790320951.176191436,Uninterrupted_Baseline,40
1790320951.267676516,Uninterrupted_Baseline,40
1790320951.337743259,Uninterrupted_Baseline,74
1790320951.412686218,Uninterrupted_Baseline,80
1790320951.480957143,Uninterrupted_Baseline,80
1790320951.545887054,Uninterrupted_Baseline,160
1790320951.627373384,Uninterrupted_Baseline,160
1790320951.696393387,Uninterrupted_Baseline,320
1790320951.779864263,Uninterrupted_Baseline,320
1790320951.851694164,Uninterrupted_Baseline,519
1790320951.940237583,Uninterrupted_Baseline,640
1790320952.013510103,Uninterrupted_Baseline,818
1790320952.088557829,Uninterrupted_Baseline,1063
1790320952.168164114,Uninterrupted_Baseline,907
1790320952.253805486,Uninterrupted_Baseline,720
1790320952.336070646,Uninterrupted_Baseline,558
1790320952.403946749,Uninterrupted_Baseline,544
1790320952.481003054,Uninterrupted_Baseline,544
1790320952.564276089,Uninterrupted_Baseline,419
1790320952.650608228,Uninterrupted_Baseline,288
1790320952.735480907,Uninterrupted_Baseline,272
1790320952.818817307,Uninterrupted_Baseline,272
1790320952.901326706,Uninterrupted_Baseline,273
1790320952.986248632,Uninterrupted_Baseline,274
1790320953.068338915,Uninterrupted_Baseline,274
1790320953.148727217,Uninterrupted_Baseline,274
1790320953.233619773,Uninterrupted_Baseline,275
1790320953.322559926,Uninterrupted_Baseline,276
1790320953.400829036,Uninterrupted_Baseline,276
1790320953.481745240,Uninterrupted_Baseline,276
1790320953.566879068,Uninterrupted_Baseline,277
1790320953.650769009,Uninterrupted_Baseline,278
1790320953.731373724,Uninterrupted_Baseline,278
1790320953.813821870,Uninterrupted_Baseline,279
1790320953.899840292,Uninterrupted_Baseline,279
1790320953.982485096,Uninterrupted_Baseline,280
1790320954.061968659,Uninterrupted_Baseline,280
1790320954.145448571,Uninterrupted_Baseline,280
1790320954.227184056,Uninterrupted_Baseline,281
1790320954.314112146,Uninterrupted_Baseline,282
1790320954.387644042,Uninterrupted_Baseline,282
1790320954.446480088,Uninterrupted_Baseline,282
1790320954.519092219,Uninterrupted_Baseline,283
1790320954.604217178,Uninterrupted_Baseline,283
1790320954.694902839,Uninterrupted_Baseline,284
1790320954.777604743,Uninterrupted_Baseline,284
1790320954.859858092,Uninterrupted_Baseline,285
1790320954.943715354,Uninterrupted_Baseline,285
1790320955.026406276,Uninterrupted_Baseline,286
1790320955.086358892,Uninterrupted_Baseline,286
1790320955.149774894,Uninterrupted_Baseline,287
1790320955.230134754,Uninterrupted_Baseline,287
1790320955.310699634,Uninterrupted_Baseline,288
1790320955.393855992,Uninterrupted_Baseline,288
1790320955.476436840,Uninterrupted_Baseline,289
1790320955.560994488,Uninterrupted_Baseline,289
1790320955.636855917,Uninterrupted_Baseline,290
1790320955.719012475,Uninterrupted_Baseline,290
1790320955.799904452,Uninterrupted_Baseline,291
1790320955.880368124,Uninterrupted_Baseline,291
1790320955.963348013,Uninterrupted_Baseline,292
1790320956.044914662,Uninterrupted_Baseline,292
1790320956.123762488,Uninterrupted_Baseline,292
1790320956.191806116,Uninterrupted_Baseline,293
1790320956.277849169,Uninterrupted_Baseline,293
1790320956.336768746,Uninterrupted_Baseline,294
1790320956.392175302,Uninterrupted_Baseline,294
1790320956.478424184,Uninterrupted_Baseline,295
1790320956.565049407,Uninterrupted_Baseline,295
1790320956.635221311,Uninterrupted_Baseline,295
1790320956.699938684,Uninterrupted_Baseline,296
1790320956.784593935,Uninterrupted_Baseline,296
1790320956.869944915,Uninterrupted_Baseline,297
1790320956.944562008,Uninterrupted_Baseline,297
1790320957.019682008,Uninterrupted_Baseline,298
1790320957.099679791,Uninterrupted_Baseline,298
1790320957.180691720,Uninterrupted_Baseline,299
1790320957.256562814,Uninterrupted_Baseline,299
1790320957.339781022,Uninterrupted_Baseline,300
1790320957.424464887,Uninterrupted_Baseline,300
1790320957.503163822,Uninterrupted_Baseline,301
1790320957.585531948,Uninterrupted_Baseline,301
1790320957.669830697,Uninterrupted_Baseline,302
1790320957.757228673,Uninterrupted_Baseline,302
1790320957.830800423,Uninterrupted_Baseline,302
1790320957.892551702,Uninterrupted_Baseline,303
1790320957.971113483,Uninterrupted_Baseline,303
1790320958.040175349,Uninterrupted_Baseline,304
1790320958.119382152,Uninterrupted_Baseline,304
1790320958.201860779,Uninterrupted_Baseline,305
1790320958.285513326,Uninterrupted_Baseline,305
1790320958.363226088,Uninterrupted_Baseline,306
1790320958.433397861,Uninterrupted_Baseline,306
1790320958.486533477,Uninterrupted_Baseline,306
1790320958.546361564,Uninterrupted_Baseline,307
1790320958.605502158,Uninterrupted_Baseline,307
1790320958.663342596,Uninterrupted_Baseline,307
1790320958.726743139,Uninterrupted_Baseline,308
1790320958.810788541,Uninterrupted_Baseline,308
1790320958.896749878,Uninterrupted_Baseline,309
1790320958.982216103,Uninterrupted_Baseline,309
1790320959.065920732,Uninterrupted_Baseline,310
1790320959.138381929,Uninterrupted_Baseline,310
1790320959.216357612,Uninterrupted_Baseline,311
1790320959.290869963,Uninterrupted_Baseline,311
1790320959.355723682,Uninterrupted_Baseline,311
1790320959.436146094,Uninterrupted_Baseline,312
1790320959.523622335,Uninterrupted_Baseline,312
1790320959.607594352,Uninterrupted_Baseline,313
1790320959.692062598,Uninterrupted_Baseline,313
1790320959.773323333,Uninterrupted_Baseline,314
1790320959.858206533,Uninterrupted_Baseline,314
1790320959.941114680,Uninterrupted_Baseline,315
1790320960.014456299,Uninterrupted_Baseline,315
1790320960.086509776,Uninterrupted_Baseline,316
1790320960.156781545,Uninterrupted_Baseline,316
1790320960.238996176,Uninterrupted_Baseline,317
1790320960.318902338,Uninterrupted_Baseline,317
1790320960.398761361,Uninterrupted_Baseline,317
1790320960.481469164,Uninterrupted_Baseline,318
1790320960.557587691,Uninterrupted_Baseline,318
1790320960.626442098,Uninterrupted_Baseline,319
1790320960.707104396,Uninterrupted_Baseline,319
1790320960.784808495,Uninterrupted_Baseline,320
1790320960.873370139,Uninterrupted_Baseline,320
1790320960.953957257,Uninterrupted_Baseline,321
1790320961.038875594,Uninterrupted_Baseline,321
1790320961.127238347,Uninterrupted_Baseline,322
1790320961.209765099,Uninterrupted_Baseline,322
1790320961.293477718,Uninterrupted_Baseline,323
1790320961.375420675,Uninterrupted_Baseline,323
1790320961.457795252,Uninterrupted_Baseline,324
1790320961.535183876,Uninterrupted_Baseline,324
1790320961.621763473,Uninterrupted_Baseline,325
1790320961.705392435,Uninterrupted_Baseline,325
1790320961.788389592,Uninterrupted_Baseline,326
1790320961.869545252,Uninterrupted_Baseline,326
1790320961.953135879,Uninterrupted_Baseline,327
1790320962.034226228,Uninterrupted_Baseline,327
1790320962.121272395,Uninterrupted_Baseline,328
1790320962.203151151,Uninterrupted_Baseline,328
1790320962.285486431,Uninterrupted_Baseline,329
1790320962.369966768,Uninterrupted_Baseline,329
1790320962.454573391,Uninterrupted_Baseline,330
1790320962.535494064,Uninterrupted_Baseline,330
1790320962.621408634,Uninterrupted_Baseline,330
1790320962.704399345,Uninterrupted_Baseline,331
1790320962.785292397,Uninterrupted_Baseline,331
1790320962.866867952,Uninterrupted_Baseline,332
1790320962.947692673,Uninterrupted_Baseline,332
1790320963.034273775,Uninterrupted_Baseline,333
1790320963.120893096,Uninterrupted_Baseline,333
1790320963.202841103,Uninterrupted_Baseline,334
1790320963.287547097,Uninterrupted_Baseline,334
1790320963.369865583,Uninterrupted_Baseline,335
1790320963.444552262,Uninterrupted_Baseline,335
1790320963.526157049,Uninterrupted_Baseline,336
1790320963.608910019,Uninterrupted_Baseline,336
1790320963.674886587,Uninterrupted_Baseline,337
1790320963.761169181,Uninterrupted_Baseline,337
1790320963.846002865,Uninterrupted_Baseline,338
1790320963.930781015,Uninterrupted_Baseline,338
1790320964.015166257,Uninterrupted_Baseline,338
1790320964.100336843,Uninterrupted_Baseline,339
1790320964.184730975,Uninterrupted_Baseline,339
1790320964.264869238,Uninterrupted_Baseline,340
1790320964.345957633,Uninterrupted_Baseline,340
1790320964.428043187,Uninterrupted_Baseline,341
1790320964.515082553,Uninterrupted_Baseline,341
1790320964.602565257,Uninterrupted_Baseline,342
1790320964.680253049,Uninterrupted_Baseline,342
1790320964.754794279,Uninterrupted_Baseline,343
1790320964.835422668,Uninterrupted_Baseline,343
1790320964.917589245,Uninterrupted_Baseline,344
1790320964.997748059,Uninterrupted_Baseline,344
1790320965.079700247,Uninterrupted_Baseline,345
1790320965.158846659,Uninterrupted_Baseline,345
1790320965.234203155,Uninterrupted_Baseline,345
1790320965.309246725,Uninterrupted_Baseline,346
1790320965.396421064,Uninterrupted_Baseline,346
1790320965.485217441,Uninterrupted_Baseline,347
1790320965.567101842,Uninterrupted_Baseline,347
1790320965.649571075,Uninterrupted_Baseline,348
1790320965.734858418,Uninterrupted_Baseline,348
1790320965.798025198,Uninterrupted_Baseline,349
1790320965.859110142,Uninterrupted_Baseline,349
1790320965.936627222,Uninterrupted_Baseline,349
1790320966.019735394,Uninterrupted_Baseline,350
1790320966.106687020,Uninterrupted_Baseline,350
1790320966.186811391,Uninterrupted_Baseline,351
1790320966.267435382,Uninterrupted_Baseline,351
1790320966.325585833,Uninterrupted_Baseline,352
1790320966.395216342,Uninterrupted_Baseline,352
1790320966.478415756,Uninterrupted_Baseline,353
1790320966.561437329,Uninterrupted_Baseline,353
1790320966.642751050,Uninterrupted_Baseline,354
1790320966.725161237,Uninterrupted_Baseline,354
1790320966.810860261,Uninterrupted_Baseline,354
1790320966.889795120,Uninterrupted_Baseline,355
1790320966.969438237,Uninterrupted_Baseline,355
1790320967.048897631,Uninterrupted_Baseline,356
1790320967.130755766,Uninterrupted_Baseline,356
1790320967.209426177,Uninterrupted_Baseline,357
1790320967.288126459,Uninterrupted_Baseline,357
1790320967.372847292,Uninterrupted_Baseline,358
1790320967.453530888,Uninterrupted_Baseline,358
1790320967.531835579,Uninterrupted_Baseline,359
1790320967.612501568,Uninterrupted_Baseline,359
1790320967.694184134,Uninterrupted_Baseline,360
1790320967.778025234,Uninterrupted_Baseline,360
1790320967.867528140,Uninterrupted_Baseline,361
1790320967.956026963,Uninterrupted_Baseline,361
1790320968.042175910,Uninterrupted_Baseline,362
1790320968.096539650,Uninterrupted_Baseline,362
1790320968.162166379,Uninterrupted_Baseline,362
1790320968.244491346,Uninterrupted_Baseline,363
1790320968.305609993,Uninterrupted_Baseline,363
1790320968.362852512,Uninterrupted_Baseline,363
1790320968.412255165,Uninterrupted_Baseline,364
1790320968.462376130,Uninterrupted_Baseline,364
1790320968.524535896,Uninterrupted_Baseline,364
1790320968.584609577,Uninterrupted_Baseline,365
1790320968.657345500,Uninterrupted_Baseline,365
1790320968.737456344,Uninterrupted_Baseline,366
1790320968.820519103,Uninterrupted_Baseline,366
1790320968.903499734,Uninterrupted_Baseline,367
1790320968.988376795,Uninterrupted_Baseline,367
1790320969.066479893,Uninterrupted_Baseline,368
1790320969.125963723,Uninterrupted_Baseline,368
1790320969.185884298,Uninterrupted_Baseline,368
1790320969.260973184,Uninterrupted_Baseline,369
1790320969.340770190,Uninterrupted_Baseline,369
1790320969.424098574,Uninterrupted_Baseline,370
1790320969.507048342,Uninterrupted_Baseline,370
1790320969.590944173,Uninterrupted_Baseline,371
1790320969.673037857,Uninterrupted_Baseline,371
1790320969.756132593,Uninterrupted_Baseline,372
1790320969.838800879,Uninterrupted_Baseline,372
1790320969.921129230,Uninterrupted_Baseline,373
1790320970.003407200,Uninterrupted_Baseline,373
1790320970.085001288,Uninterrupted_Baseline,373
1790320970.167706903,Uninterrupted_Baseline,374
1790320970.250518417,Uninterrupted_Baseline,374
1790320970.324344175,Uninterrupted_Baseline,375
1790320970.379907015,Uninterrupted_Baseline,375
1790320970.452801120,Uninterrupted_Baseline,376
1790320970.533477703,Uninterrupted_Baseline,376
1790320970.607929687,Uninterrupted_Baseline,376
1790320970.675408944,Uninterrupted_Baseline,377
1790320970.759211328,Uninterrupted_Baseline,377
1790320970.841857829,Uninterrupted_Baseline,378
1790320970.925155683,Uninterrupted_Baseline,378
1790320971.011408486,Uninterrupted_Baseline,379
1790320971.093479675,Uninterrupted_Baseline,379
1790320971.176466871,Uninterrupted_Baseline,380
1790320971.258146402,Uninterrupted_Baseline,380
1790320971.338574958,Uninterrupted_Baseline,381
1790320971.419206834,Uninterrupted_Baseline,381
1790320971.503782156,Uninterrupted_Baseline,382
1790320971.572529335,Uninterrupted_Baseline,382
1790320971.642668605,Uninterrupted_Baseline,382
1790320971.712078801,Uninterrupted_Baseline,383
1790320971.782007073,Uninterrupted_Baseline,383
1790320971.861194223,Uninterrupted_Baseline,384
1790320971.938184403,Uninterrupted_Baseline,384
1790320972.019035050,Uninterrupted_Baseline,385
1790320972.082219144,Uninterrupted_Baseline,385
1790320972.162180490,Uninterrupted_Baseline,385
1790320972.245434995,Uninterrupted_Baseline,386
1790320972.328778270,Uninterrupted_Baseline,386
1790320972.409273094,Uninterrupted_Baseline,387
1790320972.483614112,Uninterrupted_Baseline,387
1790320972.568628144,Uninterrupted_Baseline,388
1790320972.644885181,Uninterrupted_Baseline,388
1790320972.710084183,Uninterrupted_Baseline,389
1790320972.782744914,Uninterrupted_Baseline,389
1790320972.847807796,Uninterrupted_Baseline,389
1790320972.922763069,Uninterrupted_Baseline,390
1790320973.006679515,Uninterrupted_Baseline,390
1790320973.088682743,Uninterrupted_Baseline,391
1790320973.167104446,Uninterrupted_Baseline,391
1790320973.246383384,Uninterrupted_Baseline,392
1790320973.318865850,Uninterrupted_Baseline,392
1790320973.382467411,Uninterrupted_Baseline,392
1790320973.448510400,Uninterrupted_Baseline,393
1790320973.528296094,Uninterrupted_Baseline,393
1790320973.598581597,Uninterrupted_Baseline,394
1790320973.680354162,Uninterrupted_Baseline,394
1790320973.767385072,Uninterrupted_Baseline,395
1790320973.849534851,Uninterrupted_Baseline,395
1790320973.935956008,Uninterrupted_Baseline,396
1790320974.005941225,Uninterrupted_Baseline,396
1790320974.076524860,Uninterrupted_Baseline,396
1790320974.162047319,Uninterrupted_Baseline,397
1790320974.242043223,Uninterrupted_Baseline,397
1790320974.322829749,Uninterrupted_Baseline,398
1790320974.401493884,Uninterrupted_Baseline,398
1790320974.481942958,Uninterrupted_Baseline,399
1790320974.561988111,Uninterrupted_Baseline,399
1790320974.640124835,Uninterrupted_Baseline,400
1790320974.721260685,Uninterrupted_Baseline,400
1790320974.800866150,Uninterrupted_Baseline,401
1790320974.878727720,Uninterrupted_Baseline,401
1790320974.953892571,Uninterrupted_Baseline,401
1790320975.005911891,Uninterrupted_Baseline,402
1790320975.074007159,Uninterrupted_Baseline,402
1790320975.155513062,Uninterrupted_Baseline,403
1790320975.239837067,Uninterrupted_Baseline,403
1790320975.320198577,Uninterrupted_Baseline,404
1790320975.398084190,Uninterrupted_Baseline,404
1790320975.483202019,Uninterrupted_Baseline,405
1790320975.573528316,Uninterrupted_Baseline,405
1790320975.661039187,Uninterrupted_Baseline,406
1790320975.749565007,Uninterrupted_Baseline,406
1790320975.836093344,Uninterrupted_Baseline,407
1790320975.922838966,Uninterrupted_Baseline,407
1790320976.011809857,Uninterrupted_Baseline,408
1790320976.093488477,Uninterrupted_Baseline,408
1790320976.175730877,Uninterrupted_Baseline,408
1790320976.257453452,Uninterrupted_Baseline,409
1790320976.313112865,Uninterrupted_Baseline,409
1790320976.375427520,Uninterrupted_Baseline,410
1790320976.461147453,Uninterrupted_Baseline,410
1790320976.549182028,Uninterrupted_Baseline,411
1790320976.627243277,Uninterrupted_Baseline,411
1790320976.704247657,Uninterrupted_Baseline,412
1790320976.786029514,Uninterrupted_Baseline,412
1790320976.878223164,Uninterrupted_Baseline,413
1790320976.962442902,Uninterrupted_Baseline,413
1790320977.046482975,Uninterrupted_Baseline,414
1790320977.130228870,Uninterrupted_Baseline,414
1790320977.209922279,Uninterrupted_Baseline,414
1790320977.275080635,Uninterrupted_Baseline,415
1790320977.360839450,Uninterrupted_Baseline,415
1790320977.443530313,Uninterrupted_Baseline,416
1790320977.525509611,Uninterrupted_Baseline,416
1790320977.608565390,Uninterrupted_Baseline,417
1790320977.675904175,Uninterrupted_Baseline,417
1790320977.758101860,Uninterrupted_Baseline,418
1790320977.842103465,Uninterrupted_Baseline,418
1790320977.913125960,Uninterrupted_Baseline,418
1790320977.991892396,Uninterrupted_Baseline,419
1790320978.064010948,Uninterrupted_Baseline,419
1790320978.122261348,Uninterrupted_Baseline,420
1790320978.200679086,Uninterrupted_Baseline,420
1790320978.276645285,Uninterrupted_Baseline,421
1790320978.351949570,Uninterrupted_Baseline,421
1790320978.419722063,Uninterrupted_Baseline,421
1790320978.470779891,Uninterrupted_Baseline,422
1790320978.530536142,Uninterrupted_Baseline,422
1790320978.591178540,Uninterrupted_Baseline,422
1790320978.673815441,Uninterrupted_Baseline,423
1790320978.755391524,Uninterrupted_Baseline,423
1790320978.839194365,Uninterrupted_Baseline,424
1790320978.920018201,Uninterrupted_Baseline,424
1790320978.981944356,Uninterrupted_Baseline,425
1790320979.060031881,Uninterrupted_Baseline,425
1790320979.133218347,Uninterrupted_Baseline,426
1790320979.202684109,Uninterrupted_Baseline,426
1790320979.267820084,Uninterrupted_Baseline,426
1790320979.336992786,Uninterrupted_Baseline,427
1790320979.421812726,Uninterrupted_Baseline,427
1790320979.504989595,Uninterrupted_Baseline,428
1790320979.591362264,Uninterrupted_Baseline,428
1790320979.673123389,Uninterrupted_Baseline,429
1790320979.748540775,Uninterrupted_Baseline,429
1790320979.827503576,Uninterrupted_Baseline,430
1790320979.903464561,Uninterrupted_Baseline,430
1790320979.982018502,Uninterrupted_Baseline,431
1790320980.061553781,Uninterrupted_Baseline,431
1790320980.153027110,Uninterrupted_Baseline,432
1790320980.232886497,Uninterrupted_Baseline,432
1790320980.294997316,Uninterrupted_Baseline,432
1790320980.368032934,Uninterrupted_Baseline,433
1790320980.454753528,Uninterrupted_Baseline,433
1790320980.536720365,Uninterrupted_Baseline,434
1790320980.615350525,Uninterrupted_Baseline,434
1790320980.699699755,Uninterrupted_Baseline,435
1790320980.782987385,Uninterrupted_Baseline,435
1790320980.865066360,Uninterrupted_Baseline,436
1790320980.948207972,Uninterrupted_Baseline,436
1790320981.033760739,Uninterrupted_Baseline,437
1790320981.110254653,Uninterrupted_Baseline,437
1790320981.190502171,Uninterrupted_Baseline,438
1790320981.267065484,Uninterrupted_Baseline,438
1790320981.340147527,Uninterrupted_Baseline,438
1790320981.423505378,Uninterrupted_Baseline,439
1790320981.508010285,Uninterrupted_Baseline,439
1790320981.558120824,Uninterrupted_Baseline,440
1790320981.608587276,Uninterrupted_Baseline,440
1790320981.669705229,Uninterrupted_Baseline,440
1790320981.733910941,Uninterrupted_Baseline,441
1790320981.803098974,Uninterrupted_Baseline,441
1790320981.886555453,Uninterrupted_Baseline,442
1790320981.974550483,Uninterrupted_Baseline,442
1790320982.037624090,Uninterrupted_Baseline,442
1790320982.099451829,Uninterrupted_Baseline,443
1790320982.163039126,Uninterrupted_Baseline,443
1790320982.247995450,Uninterrupted_Baseline,444
1790320982.331510367,Uninterrupted_Baseline,444
1790320982.402295154,Uninterrupted_Baseline,444
1790320982.482563752,Uninterrupted_Baseline,445
1790320982.560034899,Uninterrupted_Baseline,445
1790320982.641877692,Uninterrupted_Baseline,446
1790320982.728721732,Uninterrupted_Baseline,446
1790320982.812391273,Uninterrupted_Baseline,447
1790320982.893978269,Uninterrupted_Baseline,447
1790320982.978144474,Uninterrupted_Baseline,448
1790320983.040558293,Uninterrupted_Baseline,448
1790320983.096730298,Uninterrupted_Baseline,448
1790320983.163695779,Uninterrupted_Baseline,449
1790320983.243761230,Uninterrupted_Baseline,449
1790320983.329436476,Uninterrupted_Baseline,450
1790320983.415614815,Uninterrupted_Baseline,450
1790320983.502130753,Uninterrupted_Baseline,451
1790320983.594199161,Uninterrupted_Baseline,451
1790320983.670222100,Uninterrupted_Baseline,452
1790320983.753086516,Uninterrupted_Baseline,452
1790320983.838788102,Uninterrupted_Baseline,453
1790320983.922581596,Uninterrupted_Baseline,453
1790320983.989702390,Uninterrupted_Baseline,454
1790320984.082250159,Uninterrupted_Baseline,454
1790320984.165150912,Uninterrupted_Baseline,455
1790320984.229377473,Uninterrupted_Baseline,455
1790320984.309794637,Uninterrupted_Baseline,456
1790320984.394517315,Uninterrupted_Baseline,456
1790320984.477053393,Uninterrupted_Baseline,457
1790320996.004631384,Phase1_Baseline,10
1790320996.085000626,Phase1_Baseline,10
1790320996.169580989,Phase1_Baseline,20
1790320996.246110842,Phase1_Baseline,20
1790320996.308773810,Phase1_Baseline,40
1790320996.387400803,Phase1_Baseline,40
1790320996.464637632,Phase1_Baseline,80
1790320996.541987907,Phase1_Baseline,80
1790320996.628250724,Phase1_Baseline,160
1790320996.708706260,Phase1_Baseline,160
1790320996.787200955,Phase1_Baseline,264
1790320996.868047057,Phase1_Baseline,320
1790320996.944492794,Phase1_Baseline,413
1790320997.025827284,Phase1_Baseline,640
1790320997.105083606,Phase1_Baseline,738
1790320997.179935686,Phase1_Baseline,1044
1790320997.258794877,Phase1_Baseline,963
1790320997.333671390,Phase1_Baseline,807
1790320997.416609460,Phase1_Baseline,625
1790320997.500393793,Phase1_Baseline,547
1790320997.560851820,Phase1_Baseline,547
1790320997.620791873,Phase1_Baseline,542
1790320997.705989825,Phase1_Baseline,366
1790320997.788326718,Phase1_Baseline,273
1790320997.863255763,Phase1_Baseline,273
1790320997.943882386,Phase1_Baseline,274
1790320998.023919787,Phase1_Baseline,274
1790320998.085867573,Phase1_Baseline,274
1790320998.168451868,Phase1_Baseline,275
1790320998.241808922,Phase1_Baseline,275
1790320998.325409876,Phase1_Baseline,276
1790320998.406246635,Phase1_Baseline,276
1790320998.456842812,Phase1_Baseline,277
1790320998.507079529,Phase1_Baseline,277
1790320998.567387869,Phase1_Baseline,277
1790320998.623904633,Phase1_Baseline,278
1790320998.696867941,Phase1_Baseline,278
1790320998.771626969,Phase1_Baseline,279
1790320998.847420482,Phase1_Baseline,279
1790320998.920636035,Phase1_Baseline,279
1790320998.998718736,Phase1_Baseline,280
1790320999.078346036,Phase1_Baseline,280
1790320999.153485113,Phase1_Baseline,281
1790320999.212434175,Phase1_Baseline,281
1790320999.282346180,Phase1_Baseline,282
1790320999.366595369,Phase1_Baseline,282
1790320999.447156733,Phase1_Baseline,283
1790320999.531441907,Phase1_Baseline,283
1790320999.613006319,Phase1_Baseline,284
1790320999.695081562,Phase1_Baseline,284
1790320999.773767344,Phase1_Baseline,285
1790320999.847217315,Phase1_Baseline,285
1790320999.931174338,Phase1_Baseline,286
1790321000.010884680,Phase1_Baseline,286
1790321000.093499001,Phase1_Baseline,287
1790321000.174380458,Phase1_Baseline,287
1790321000.249194621,Phase1_Baseline,287
1790321000.335209802,Phase1_Baseline,288
1790321000.413056266,Phase1_Baseline,288
1790321000.489214547,Phase1_Baseline,289
1790321000.545134114,Phase1_Baseline,289
1790321000.623851976,Phase1_Baseline,290
1790321000.706600945,Phase1_Baseline,290
1790321000.785023214,Phase1_Baseline,291
1790321000.865284995,Phase1_Baseline,291
1790321000.949827776,Phase1_Baseline,292
1790321001.029157939,Phase1_Baseline,292
1790321001.111408000,Phase1_Baseline,293
1790321001.196167827,Phase1_Baseline,293
1790321001.278019958,Phase1_Baseline,294
1790321001.360534143,Phase1_Baseline,294
1790321001.439228336,Phase1_Baseline,295
1790321001.497296761,Phase1_Baseline,295
1790321001.565489988,Phase1_Baseline,295
1790321001.648459636,Phase1_Baseline,296
1790321001.725090130,Phase1_Baseline,296
1790321001.805120370,Phase1_Baseline,297
1790321001.887495045,Phase1_Baseline,297
1790321001.963625051,Phase1_Baseline,298
1790321002.041172522,Phase1_Baseline,298
1790321002.109370916,Phase1_Baseline,299
1790321002.191463028,Phase1_Baseline,299
1790321002.256600992,Phase1_Baseline,299
1790321002.333589227,Phase1_Baseline,300
1790321002.416855073,Phase1_Baseline,300
1790321002.494398456,Phase1_Baseline,301
1790321002.579714026,Phase1_Baseline,301
1790321002.665607740,Phase1_Baseline,302
1790321002.741593209,Phase1_Baseline,302
1790321002.821138129,Phase1_Baseline,303
1790321002.901802759,Phase1_Baseline,303
1790321002.985546914,Phase1_Baseline,304
1790321003.071224438,Phase1_Baseline,304
1790321003.153503667,Phase1_Baseline,305
1790321003.229408265,Phase1_Baseline,305
1790321003.311091299,Phase1_Baseline,306
1790321003.389507340,Phase1_Baseline,306
1790321003.454921938,Phase1_Baseline,307
1790321003.536146963,Phase1_Baseline,307
1790321003.610424948,Phase1_Baseline,307
1790321003.689399606,Phase1_Baseline,308
1790321003.771292142,Phase1_Baseline,308
1790321003.851407515,Phase1_Baseline,309
1790321003.933017840,Phase1_Baseline,309
1790321004.018513607,Phase1_Baseline,310
1790321004.099272157,Phase1_Baseline,310
1790321004.178159778,Phase1_Baseline,311
1790321004.253078145,Phase1_Baseline,311
1790321004.326709041,Phase1_Baseline,312
1790321004.407051949,Phase1_Baseline,312
1790321004.486695395,Phase1_Baseline,313
1790321004.570850685,Phase1_Baseline,313
1790321004.652135143,Phase1_Baseline,313
1790321004.730940719,Phase1_Baseline,314
1790321004.808717189,Phase1_Baseline,314
1790321004.892148168,Phase1_Baseline,315
1790321004.982291670,Phase1_Baseline,315
1790321005.037511538,Phase1_Baseline,316
1790321005.099124265,Phase1_Baseline,316
1790321005.171055886,Phase1_Baseline,316
1790321005.255705195,Phase1_Baseline,317
1790321005.331460894,Phase1_Baseline,317
1790321005.418901441,Phase1_Baseline,318
1790321005.503624291,Phase1_Baseline,318
1790321005.590790927,Phase1_Baseline,319
1790321005.670547692,Phase1_Baseline,319
1790321005.760993393,Phase1_Baseline,320
1790321005.842122281,Phase1_Baseline,320
1790321005.919594765,Phase1_Baseline,321
1790321006.001548957,Phase1_Baseline,321
1790321006.077471336,Phase1_Baseline,322
1790321006.160933865,Phase1_Baseline,322
1790321006.254128197,Phase1_Baseline,323
1790321006.336493558,Phase1_Baseline,323
1790321006.416469198,Phase1_Baseline,324
1790321006.489637396,Phase1_Baseline,324
1790321006.564838967,Phase1_Baseline,325
1790321006.638680598,Phase1_Baseline,325
1790321006.688805845,Phase1_Baseline,325
1790321006.745519746,Phase1_Baseline,326
1790321006.815230563,Phase1_Baseline,326
1790321006.882047599,Phase1_Baseline,326
1790321006.947096151,Phase1_Baseline,327
1790321007.022725637,Phase1_Baseline,327
1790321007.100490072,Phase1_Baseline,328
1790321007.186108245,Phase1_Baseline,328
1790321007.261115302,Phase1_Baseline,329
1790321007.339690510,Phase1_Baseline,329
1790321007.419987856,Phase1_Baseline,330
1790321007.499636577,Phase1_Baseline,330
1790321007.577476389,Phase1_Baseline,331
1790321007.660922922,Phase1_Baseline,331
1790321007.739712569,Phase1_Baseline,331
1790321007.814297254,Phase1_Baseline,332
1790321007.882030973,Phase1_Baseline,332
1790321007.956442135,Phase1_Baseline,333
1790321008.040497370,Phase1_Baseline,333
1790321008.107947977,Phase1_Baseline,334
1790321008.175793656,Phase1_Baseline,334
1790321008.258892863,Phase1_Baseline,334
1790321008.319247837,Phase1_Baseline,335
1790321008.405905738,Phase1_Baseline,335
1790321008.459472766,Phase1_Baseline,336
1790321008.514784656,Phase1_Baseline,336
1790321008.577256614,Phase1_Baseline,336
1790321008.641233374,Phase1_Baseline,337
1790321008.700712521,Phase1_Baseline,337
1790321008.771005739,Phase1_Baseline,337
1790321008.850188030,Phase1_Baseline,338
1790321008.921587588,Phase1_Baseline,338
1790321008.993905291,Phase1_Baseline,339
1790321009.066981475,Phase1_Baseline,339
1790321009.143924408,Phase1_Baseline,339
1790321009.199122249,Phase1_Baseline,340
1790321009.283580676,Phase1_Baseline,340
1790321009.371504975,Phase1_Baseline,341
1790321009.456439686,Phase1_Baseline,341
1790321009.541338715,Phase1_Baseline,342
1790321009.606406044,Phase1_Baseline,342
1790321009.695923017,Phase1_Baseline,343
1790321009.762413036,Phase1_Baseline,343
1790321009.832929725,Phase1_Baseline,344
1790321009.918788864,Phase1_Baseline,344
1790321010.003889692,Phase1_Baseline,345
1790321010.092688944,Phase1_Baseline,345
1790321010.176130869,Phase1_Baseline,346
1790321010.258795536,Phase1_Baseline,346
1790321010.351091017,Phase1_Baseline,347
1790321010.433190136,Phase1_Baseline,347
1790321010.519569311,Phase1_Baseline,348
1790321010.597537308,Phase1_Baseline,348
1790321010.678045926,Phase1_Baseline,349
1790321010.759933605,Phase1_Baseline,349
1790321010.825364432,Phase1_Baseline,349
1790321010.905161740,Phase1_Baseline,350
1790321010.987539340,Phase1_Baseline,350
1790321011.070432241,Phase1_Baseline,351
1790321011.145854032,Phase1_Baseline,351
1790321011.224263828,Phase1_Baseline,352
1790321011.304494764,Phase1_Baseline,352
1790321011.376701726,Phase1_Baseline,353
1790321011.450189271,Phase1_Baseline,353
1790321011.534277857,Phase1_Baseline,354
1790321011.619360591,Phase1_Baseline,354
1790321011.705065254,Phase1_Baseline,354
1790321011.782913373,Phase1_Baseline,355
1790321011.861437790,Phase1_Baseline,355
1790321011.939949138,Phase1_Baseline,356
1790321012.018751057,Phase1_Baseline,356
1790321012.106865406,Phase1_Baseline,357
1790321012.189492326,Phase1_Baseline,357
1790321012.272089912,Phase1_Baseline,358
1790321012.349873327,Phase1_Baseline,358
1790321012.435186584,Phase1_Baseline,359
1790321012.515576627,Phase1_Baseline,359
1790321012.598244321,Phase1_Baseline,360
1790321012.681358648,Phase1_Baseline,360
1790321012.763130424,Phase1_Baseline,361
1790321012.846582448,Phase1_Baseline,361
1790321012.926798494,Phase1_Baseline,362
1790321012.991628200,Phase1_Baseline,362
1790321013.067177991,Phase1_Baseline,362
1790321013.138831670,Phase1_Baseline,363
1790321013.223120092,Phase1_Baseline,363
1790321013.304975418,Phase1_Baseline,364
1790321013.387966336,Phase1_Baseline,364
1790321013.469009609,Phase1_Baseline,365
1790321013.550782809,Phase1_Baseline,365
1790321013.634039774,Phase1_Baseline,366
1790321013.706766568,Phase1_Baseline,366
1790321013.779167555,Phase1_Baseline,366
1790321013.859185556,Phase1_Baseline,367
1790321013.938395674,Phase1_Baseline,367
1790321014.009189015,Phase1_Baseline,368
1790321014.089712979,Phase1_Baseline,368
1790321014.170127125,Phase1_Baseline,369
1790321014.248644331,Phase1_Baseline,369
1790321014.328547136,Phase1_Baseline,370
1790321014.410355692,Phase1_Baseline,370
1790321014.492549482,Phase1_Baseline,371
1790321014.571735884,Phase1_Baseline,371
1790321014.655803770,Phase1_Baseline,372
1790321014.740122863,Phase1_Baseline,372
1790321014.817745394,Phase1_Baseline,373
1790321014.899441276,Phase1_Baseline,373
1790321014.979492803,Phase1_Baseline,373
1790321015.032589412,Phase1_Baseline,374
1790321015.101787645,Phase1_Baseline,374
1790321017.769021633,Phase2_Migrated,10
1790321017.859230645,Phase2_Migrated,10
1790321017.947902066,Phase2_Migrated,10
1790321018.049547129,Phase2_Migrated,20
1790321018.120374206,Phase2_Migrated,20
1790321018.218148591,Phase2_Migrated,40
1790321018.303054629,Phase2_Migrated,40
1790321018.394895168,Phase2_Migrated,80
1790321018.464814425,Phase2_Migrated,80
1790321018.534062353,Phase2_Migrated,160
1790321018.628344730,Phase2_Migrated,160
1790321018.706071678,Phase2_Migrated,320
1790321018.790987078,Phase2_Migrated,320
1790321018.892711057,Phase2_Migrated,633
1790321018.994031782,Phase2_Migrated,716
1790321019.089579511,Phase2_Migrated,1087
1790321019.170772267,Phase2_Migrated,925
1790321019.245476149,Phase2_Migrated,763
1790321019.330611997,Phase2_Migrated,597
1790321019.408291162,Phase2_Migrated,543
1790321019.499365927,Phase2_Migrated,543
1790321019.581628984,Phase2_Migrated,271
1790321019.673847040,Phase2_Migrated,271
1790321019.772925791,Phase2_Migrated,271
1790321019.876758108,Phase2_Migrated,272
1790321019.969333773,Phase2_Migrated,273
1790321020.073286258,Phase2_Migrated,273
1790321020.159980769,Phase2_Migrated,274
1790321020.261203615,Phase2_Migrated,274
1790321020.363227832,Phase2_Migrated,275
1790321020.466850668,Phase2_Migrated,276
1790321020.570076211,Phase2_Migrated,276
1790321020.663166219,Phase2_Migrated,277
1790321020.756180027,Phase2_Migrated,277
1790321020.845582159,Phase2_Migrated,278
1790321020.937979677,Phase2_Migrated,279
1790321021.029574865,Phase2_Migrated,279
1790321021.118546544,Phase2_Migrated,280
1790321021.214757166,Phase2_Migrated,280
1790321021.309869978,Phase2_Migrated,281
1790321021.406179104,Phase2_Migrated,281
1790321021.505589479,Phase2_Migrated,282
1790321021.602026115,Phase2_Migrated,283
1790321021.691552269,Phase2_Migrated,283
1790321021.774935968,Phase2_Migrated,284
1790321021.867614578,Phase2_Migrated,284
1790321021.965707156,Phase2_Migrated,285
1790321022.061113990,Phase2_Migrated,285
1790321022.164917902,Phase2_Migrated,286
1790321022.263131726,Phase2_Migrated,287
1790321022.350698924,Phase2_Migrated,287
1790321022.441444278,Phase2_Migrated,288
1790321022.531544112,Phase2_Migrated,288
1790321022.628134218,Phase2_Migrated,289
1790321022.717396333,Phase2_Migrated,289
1790321022.806384482,Phase2_Migrated,290
1790321022.899696381,Phase2_Migrated,290
1790321022.969722850,Phase2_Migrated,291
1790321023.065352852,Phase2_Migrated,291
1790321023.156689438,Phase2_Migrated,292
1790321023.228196771,Phase2_Migrated,292
1790321023.310449906,Phase2_Migrated,293
1790321023.397177361,Phase2_Migrated,293
1790321023.490929246,Phase2_Migrated,294
1790321023.578865878,Phase2_Migrated,294
1790321023.675433625,Phase2_Migrated,295
1790321023.766546609,Phase2_Migrated,296
1790321023.862735581,Phase2_Migrated,296
1790321023.956894741,Phase2_Migrated,297
1790321024.052241800,Phase2_Migrated,297
1790321024.143064000,Phase2_Migrated,298
1790321024.240047194,Phase2_Migrated,298
1790321024.320839772,Phase2_Migrated,299
1790321024.411115508,Phase2_Migrated,299
1790321024.498919272,Phase2_Migrated,300
1790321024.592627177,Phase2_Migrated,300
1790321024.682642125,Phase2_Migrated,301
1790321024.775922776,Phase2_Migrated,302
1790321024.862335348,Phase2_Migrated,302
1790321024.956495793,Phase2_Migrated,303
1790321025.054585911,Phase2_Migrated,303
1790321025.154487566,Phase2_Migrated,304
1790321025.241021628,Phase2_Migrated,304
1790321025.342039878,Phase2_Migrated,305
1790321025.435910770,Phase2_Migrated,305
1790321025.536586111,Phase2_Migrated,306
1790321025.625726871,Phase2_Migrated,307
1790321025.722796451,Phase2_Migrated,307
1790321025.815573787,Phase2_Migrated,308
1790321025.905373190,Phase2_Migrated,308
1790321025.999064549,Phase2_Migrated,309
1790321026.093456237,Phase2_Migrated,309
1790321026.185015474,Phase2_Migrated,310
1790321026.278397207,Phase2_Migrated,310
1790321026.359599874,Phase2_Migrated,311
1790321026.436213741,Phase2_Migrated,311
1790321026.523533477,Phase2_Migrated,312
1790321026.615244943,Phase2_Migrated,312
1790321026.689009277,Phase2_Migrated,313
1790321026.771750884,Phase2_Migrated,313
1790321026.867070034,Phase2_Migrated,314
1790321026.956414714,Phase2_Migrated,314
1790321027.045869320,Phase2_Migrated,315
1790321027.141209074,Phase2_Migrated,315
1790321027.226607082,Phase2_Migrated,316
1790321027.317611451,Phase2_Migrated,316
1790321027.408354651,Phase2_Migrated,317
1790321027.502864298,Phase2_Migrated,317
1790321027.598060611,Phase2_Migrated,318
1790321027.688066650,Phase2_Migrated,319
1790321027.790883599,Phase2_Migrated,319
1790321027.886882136,Phase2_Migrated,320
1790321027.976565895,Phase2_Migrated,320
1790321028.064978790,Phase2_Migrated,321
1790321028.152201385,Phase2_Migrated,321
1790321028.241176942,Phase2_Migrated,322
1790321028.319466218,Phase2_Migrated,322
1790321028.406841502,Phase2_Migrated,323
1790321028.465972473,Phase2_Migrated,323
1790321028.528221734,Phase2_Migrated,323
1790321028.594539043,Phase2_Migrated,324
1790321028.679718940,Phase2_Migrated,324
1790321028.772091239,Phase2_Migrated,325
1790321028.871519195,Phase2_Migrated,325
1790321028.964385028,Phase2_Migrated,326
1790321029.047492778,Phase2_Migrated,326
1790321029.105525922,Phase2_Migrated,327
1790321029.172904264,Phase2_Migrated,327
1790321029.257101561,Phase2_Migrated,328
1790321029.355815686,Phase2_Migrated,328
1790321029.445813210,Phase2_Migrated,329
1790321029.537957783,Phase2_Migrated,329
1790321029.631143499,Phase2_Migrated,330
1790321029.720496603,Phase2_Migrated,330
1790321029.791019828,Phase2_Migrated,331
1790321029.884132323,Phase2_Migrated,331
1790321029.971740672,Phase2_Migrated,332
1790321030.059930857,Phase2_Migrated,332
1790321030.147807321,Phase2_Migrated,333
1790321030.238483205,Phase2_Migrated,333
1790321030.326288855,Phase2_Migrated,334
1790321030.397427482,Phase2_Migrated,334
1790321030.489480139,Phase2_Migrated,335
1790321030.579929310,Phase2_Migrated,335
1790321030.674824882,Phase2_Migrated,336
1790321030.767131741,Phase2_Migrated,336
1790321030.858240923,Phase2_Migrated,337
1790321030.942233636,Phase2_Migrated,337
1790321031.031250773,Phase2_Migrated,338
1790321031.124284779,Phase2_Migrated,338
1790321031.215501202,Phase2_Migrated,339
1790321031.306852494,Phase2_Migrated,339
1790321031.402373416,Phase2_Migrated,340
1790321031.496435050,Phase2_Migrated,340
1790321031.585974295,Phase2_Migrated,341
1790321031.680763821,Phase2_Migrated,342
1790321031.771323099,Phase2_Migrated,342
1790321031.871359556,Phase2_Migrated,343
1790321031.966900363,Phase2_Migrated,343
1790321032.051485375,Phase2_Migrated,344
1790321032.147834943,Phase2_Migrated,344
1790321032.243577192,Phase2_Migrated,345
1790321032.339101385,Phase2_Migrated,345
1790321032.428256621,Phase2_Migrated,346
1790321032.511942456,Phase2_Migrated,346
1790321032.599748222,Phase2_Migrated,347
1790321032.693116505,Phase2_Migrated,347
1790321032.786552204,Phase2_Migrated,348
1790321032.880454777,Phase2_Migrated,348
1790321032.972796911,Phase2_Migrated,349
1790321033.051230332,Phase2_Migrated,349
1790321033.146857319,Phase2_Migrated,350
1790321033.239004274,Phase2_Migrated,351
1790321033.331030569,Phase2_Migrated,351
1790321033.423621327,Phase2_Migrated,352
1790321033.514062306,Phase2_Migrated,352
1790321033.607873203,Phase2_Migrated,353
1790321033.702588177,Phase2_Migrated,353
1790321033.794892322,Phase2_Migrated,354
1790321033.862553818,Phase2_Migrated,354
1790321033.956041300,Phase2_Migrated,355
1790321034.049895782,Phase2_Migrated,355
1790321034.141073821,Phase2_Migrated,356
1790321034.229237363,Phase2_Migrated,356
1790321034.321252067,Phase2_Migrated,357
1790321034.415522268,Phase2_Migrated,357
1790321034.507751852,Phase2_Migrated,358
1790321034.597462613,Phase2_Migrated,358
1790321034.692513523,Phase2_Migrated,359
1790321034.785782295,Phase2_Migrated,359
1790321034.873279322,Phase2_Migrated,360
1790321034.959621475,Phase2_Migrated,360
1790321035.058856603,Phase2_Migrated,361
1790321035.123489445,Phase2_Migrated,361
1790321035.190404845,Phase2_Migrated,362
1790321035.283958163,Phase2_Migrated,362
1790321035.378265461,Phase2_Migrated,363
1790321035.471254639,Phase2_Migrated,363
1790321035.563605229,Phase2_Migrated,364
1790321035.657114395,Phase2_Migrated,364
1790321035.748579176,Phase2_Migrated,365
1790321035.838681022,Phase2_Migrated,365
1790321035.916221498,Phase2_Migrated,366
1790321036.013438645,Phase2_Migrated,366
1790321036.103794299,Phase2_Migrated,367
1790321036.198974493,Phase2_Migrated,368
1790321036.292572304,Phase2_Migrated,368
1790321036.376403736,Phase2_Migrated,369
1790321037.934120759,Uninterrupted_Baseline,1
1790321038.015185899,Uninterrupted_Baseline,1
1790321038.072466543,Uninterrupted_Baseline,1
1790321038.136041967,Uninterrupted_Baseline,1
1790321038.216495206,Uninterrupted_Baseline,1
1790321038.289559686,Uninterrupted_Baseline,1
1790321038.371910510,Uninterrupted_Baseline,1
1790321038.435705150,Uninterrupted_Baseline,1
1790321038.494280502,Uninterrupted_Baseline,1
1790321038.568621108,Uninterrupted_Baseline,1
1790321038.637799050,Uninterrupted_Baseline,1
1790321038.703734856,Uninterrupted_Baseline,1
1790321038.774586115,Uninterrupted_Baseline,1
1790321038.843708289,Uninterrupted_Baseline,1
1790321038.921806107,Uninterrupted_Baseline,1
1790321038.992167905,Uninterrupted_Baseline,1
1790321039.066250751,Uninterrupted_Baseline,1
1790321039.138501401,Uninterrupted_Baseline,1
1790321039.219052542,Uninterrupted_Baseline,1
1790321039.306220674,Uninterrupted_Baseline,1
1790321039.394819567,Uninterrupted_Baseline,1
1790321039.479378605,Uninterrupted_Baseline,1
1790321040.460281965,Uninterrupted_Baseline,10
1790321040.545133941,Uninterrupted_Baseline,10
1790321040.613897921,Uninterrupted_Baseline,20
1790321040.696353620,Uninterrupted_Baseline,20
1790321040.778092375,Uninterrupted_Baseline,40
1790321040.854062974,Uninterrupted_Baseline,40
1790321040.934793069,Uninterrupted_Baseline,80
1790321041.014433264,Uninterrupted_Baseline,80
1790321041.099130530,Uninterrupted_Baseline,160
1790321041.181037890,Uninterrupted_Baseline,160
1790321041.250327644,Uninterrupted_Baseline,260
1790321041.327851727,Uninterrupted_Baseline,320
1790321041.409084228,Uninterrupted_Baseline,418
1790321041.495404585,Uninterrupted_Baseline,640
1790321041.579948458,Uninterrupted_Baseline,782
1790321041.664334326,Uninterrupted_Baseline,1060
1790321041.744804023,Uninterrupted_Baseline,907
1790321041.830932225,Uninterrupted_Baseline,720
1790321041.915395648,Uninterrupted_Baseline,544
1790321041.999476277,Uninterrupted_Baseline,544
1790321042.082583788,Uninterrupted_Baseline,535
1790321042.166038116,Uninterrupted_Baseline,364
1790321042.245217009,Uninterrupted_Baseline,272
1790321042.329704936,Uninterrupted_Baseline,272
1790321042.406902351,Uninterrupted_Baseline,273
1790321042.490751883,Uninterrupted_Baseline,273
1790321042.573412335,Uninterrupted_Baseline,274
1790321042.656410371,Uninterrupted_Baseline,274
1790321042.741123105,Uninterrupted_Baseline,275
1790321042.820092480,Uninterrupted_Baseline,275
1790321042.900361437,Uninterrupted_Baseline,276
1790321042.986232972,Uninterrupted_Baseline,276
1790321043.066783810,Uninterrupted_Baseline,277
1790321043.148597541,Uninterrupted_Baseline,277
1790321043.232824571,Uninterrupted_Baseline,278
1790321043.318744702,Uninterrupted_Baseline,278
1790321043.403698372,Uninterrupted_Baseline,279
1790321043.489777450,Uninterrupted_Baseline,279
1790321043.573477416,Uninterrupted_Baseline,280
1790321043.655373007,Uninterrupted_Baseline,280
1790321043.742632869,Uninterrupted_Baseline,281
1790321043.826783669,Uninterrupted_Baseline,281
1790321043.912225485,Uninterrupted_Baseline,282
1790321043.985821913,Uninterrupted_Baseline,282
1790321044.075605227,Uninterrupted_Baseline,283
1790321044.164200846,Uninterrupted_Baseline,283
1790321044.242717119,Uninterrupted_Baseline,284
1790321044.310466760,Uninterrupted_Baseline,284
1790321044.392592828,Uninterrupted_Baseline,285
1790321044.467502110,Uninterrupted_Baseline,285
1790321044.549001300,Uninterrupted_Baseline,285
1790321044.628266867,Uninterrupted_Baseline,286
1790321044.711542926,Uninterrupted_Baseline,287
1790321044.795951752,Uninterrupted_Baseline,287
1790321044.877503106,Uninterrupted_Baseline,287
1790321044.954346268,Uninterrupted_Baseline,288
1790321045.043762216,Uninterrupted_Baseline,288
1790321045.094990747,Uninterrupted_Baseline,289
1790321045.161753583,Uninterrupted_Baseline,289
1790321045.238349946,Uninterrupted_Baseline,290
1790321045.321466244,Uninterrupted_Baseline,290
1790321045.399517974,Uninterrupted_Baseline,291
1790321045.484256307,Uninterrupted_Baseline,291
1790321045.567488407,Uninterrupted_Baseline,292
1790321045.656538030,Uninterrupted_Baseline,292
1790321045.742176275,Uninterrupted_Baseline,293
1790321045.822446961,Uninterrupted_Baseline,293
1790321045.904781701,Uninterrupted_Baseline,294
1790321045.988565072,Uninterrupted_Baseline,294
1790321046.071531578,Uninterrupted_Baseline,295
1790321046.153957452,Uninterrupted_Baseline,295
1790321046.234900696,Uninterrupted_Baseline,296
1790321046.316211321,Uninterrupted_Baseline,296
1790321046.401596473,Uninterrupted_Baseline,297
1790321046.485492920,Uninterrupted_Baseline,297
1790321046.567581914,Uninterrupted_Baseline,298
1790321046.653120381,Uninterrupted_Baseline,298
1790321046.731345335,Uninterrupted_Baseline,298
1790321046.816275547,Uninterrupted_Baseline,299
1790321046.886892345,Uninterrupted_Baseline,299
1790321046.968188781,Uninterrupted_Baseline,300
1790321047.052481877,Uninterrupted_Baseline,300
1790321047.135989603,Uninterrupted_Baseline,301
1790321047.216419964,Uninterrupted_Baseline,301
1790321047.297324983,Uninterrupted_Baseline,302
1790321047.379752944,Uninterrupted_Baseline,302
1790321047.463062777,Uninterrupted_Baseline,303
1790321047.553334641,Uninterrupted_Baseline,303
1790321047.634267818,Uninterrupted_Baseline,304
1790321047.715750416,Uninterrupted_Baseline,304
1790321047.800205714,Uninterrupted_Baseline,305
1790321047.861438315,Uninterrupted_Baseline,305
1790321047.943033881,Uninterrupted_Baseline,306
1790321048.004523538,Uninterrupted_Baseline,306
1790321048.082690881,Uninterrupted_Baseline,306
1790321048.166066990,Uninterrupted_Baseline,307
1790321048.249824092,Uninterrupted_Baseline,308
1790321048.325930219,Uninterrupted_Baseline,308
1790321048.404823117,Uninterrupted_Baseline,308
1790321048.456104290,Uninterrupted_Baseline,309
1790321048.511698633,Uninterrupted_Baseline,309
1790321048.579582477,Uninterrupted_Baseline,309
1790321048.638907608,Uninterrupted_Baseline,310
1790321048.713111509,Uninterrupted_Baseline,310
1790321048.800407428,Uninterrupted_Baseline,311
1790321048.888407202,Uninterrupted_Baseline,311
1790321048.976640693,Uninterrupted_Baseline,312
1790321049.067982162,Uninterrupted_Baseline,312
1790321049.151215835,Uninterrupted_Baseline,313
1790321049.214435185,Uninterrupted_Baseline,313
1790321049.284236709,Uninterrupted_Baseline,314
1790321049.364994597,Uninterrupted_Baseline,314
1790321049.444554968,Uninterrupted_Baseline,315
1790321049.527187490,Uninterrupted_Baseline,315
1790321049.597048812,Uninterrupted_Baseline,315
1790321049.667517653,Uninterrupted_Baseline,316
1790321049.740473292,Uninterrupted_Baseline,316
1790321049.827956236,Uninterrupted_Baseline,317
1790321049.909267445,Uninterrupted_Baseline,317
1790321049.989002891,Uninterrupted_Baseline,318
1790321050.080021632,Uninterrupted_Baseline,318
1790321050.168380337,Uninterrupted_Baseline,319
1790321050.248951672,Uninterrupted_Baseline,319
1790321050.333099139,Uninterrupted_Baseline,320
1790321050.398213740,Uninterrupted_Baseline,320
1790321050.472095826,Uninterrupted_Baseline,320
1790321050.549775612,Uninterrupted_Baseline,321
1790321050.635015565,Uninterrupted_Baseline,321
1790321050.707253384,Uninterrupted_Baseline,322
1790321050.784901812,Uninterrupted_Baseline,322
1790321050.866305223,Uninterrupted_Baseline,323
1790321050.953189004,Uninterrupted_Baseline,323
1790321051.038631588,Uninterrupted_Baseline,324
1790321051.119713817,Uninterrupted_Baseline,324
1790321051.192586000,Uninterrupted_Baseline,325
1790321051.262122070,Uninterrupted_Baseline,325
1790321051.349928628,Uninterrupted_Baseline,326
1790321051.431926079,Uninterrupted_Baseline,326
1790321051.514325670,Uninterrupted_Baseline,326
1790321051.600820656,Uninterrupted_Baseline,327
1790321051.670073768,Uninterrupted_Baseline,327
1790321051.758282370,Uninterrupted_Baseline,328
1790321051.844119120,Uninterrupted_Baseline,328
1790321051.929775509,Uninterrupted_Baseline,329
1790321052.012955087,Uninterrupted_Baseline,329
1790321052.094733708,Uninterrupted_Baseline,330
1790321052.178794017,Uninterrupted_Baseline,330
1790321052.260234020,Uninterrupted_Baseline,331
1790321052.345197124,Uninterrupted_Baseline,331
1790321052.429318099,Uninterrupted_Baseline,332
1790321052.511918527,Uninterrupted_Baseline,332
1790321052.595952032,Uninterrupted_Baseline,333
1790321052.676855281,Uninterrupted_Baseline,333
1790321052.758383453,Uninterrupted_Baseline,334
1790321052.834054074,Uninterrupted_Baseline,334
1790321052.898130393,Uninterrupted_Baseline,335
1790321052.981424314,Uninterrupted_Baseline,335
1790321053.062099927,Uninterrupted_Baseline,335
1790321053.142743124,Uninterrupted_Baseline,336
1790321053.218349275,Uninterrupted_Baseline,336
1790321053.301218197,Uninterrupted_Baseline,337
1790321053.380939593,Uninterrupted_Baseline,337
1790321053.465855797,Uninterrupted_Baseline,338
1790321053.545822462,Uninterrupted_Baseline,338
1790321053.630572107,Uninterrupted_Baseline,339
1790321053.714032808,Uninterrupted_Baseline,339
1790321053.796261678,Uninterrupted_Baseline,340
1790321053.869366565,Uninterrupted_Baseline,340
1790321053.956888319,Uninterrupted_Baseline,341
1790321054.042855901,Uninterrupted_Baseline,341
1790321054.129212437,Uninterrupted_Baseline,342
1790321054.216503356,Uninterrupted_Baseline,342
1790321054.303675188,Uninterrupted_Baseline,343
1790321054.389057644,Uninterrupted_Baseline,343
1790321054.473775506,Uninterrupted_Baseline,344
1790321054.546212507,Uninterrupted_Baseline,344
1790321054.632462311,Uninterrupted_Baseline,345
1790321054.713883698,Uninterrupted_Baseline,345
1790321054.800569627,Uninterrupted_Baseline,346
1790321054.884100638,Uninterrupted_Baseline,346
1790321054.966167770,Uninterrupted_Baseline,347
1790321055.050575075,Uninterrupted_Baseline,347
1790321055.137012931,Uninterrupted_Baseline,348
1790321055.225562242,Uninterrupted_Baseline,348
1790321055.308560333,Uninterrupted_Baseline,349
1790321055.390971775,Uninterrupted_Baseline,349
1790321055.478525413,Uninterrupted_Baseline,349
1790321055.561490752,Uninterrupted_Baseline,350
1790321055.645751055,Uninterrupted_Baseline,350
1790321055.731944114,Uninterrupted_Baseline,351
1790321055.814079475,Uninterrupted_Baseline,351
1790321055.901274831,Uninterrupted_Baseline,352
1790321055.996819460,Uninterrupted_Baseline,352
1790321056.063111170,Uninterrupted_Baseline,353
1790321056.141902577,Uninterrupted_Baseline,353
1790321056.223339442,Uninterrupted_Baseline,354
1790321056.295757936,Uninterrupted_Baseline,354
1790321056.367507013,Uninterrupted_Baseline,355
1790321056.433223425,Uninterrupted_Baseline,355
1790321056.512279659,Uninterrupted_Baseline,355
1790321056.590571094,Uninterrupted_Baseline,356
1790321056.672264120,Uninterrupted_Baseline,356
1790321056.755941127,Uninterrupted_Baseline,357
1790321056.837635276,Uninterrupted_Baseline,357
1790321056.923349686,Uninterrupted_Baseline,358
1790321057.007135151,Uninterrupted_Baseline,358
1790321057.088536464,Uninterrupted_Baseline,359
1790321057.173223170,Uninterrupted_Baseline,359
1790321057.247736806,Uninterrupted_Baseline,360
1790321057.330642404,Uninterrupted_Baseline,360
1790321057.413632290,Uninterrupted_Baseline,361
1790321057.500079243,Uninterrupted_Baseline,361
1790321057.578051891,Uninterrupted_Baseline,361
1790321057.666998955,Uninterrupted_Baseline,362
1790321057.754997860,Uninterrupted_Baseline,362
1790321057.832535824,Uninterrupted_Baseline,363
1790321057.911861674,Uninterrupted_Baseline,363
1790321057.992595937,Uninterrupted_Baseline,364
1790321058.066009570,Uninterrupted_Baseline,364
1790321058.148625529,Uninterrupted_Baseline,365
1790321058.226685954,Uninterrupted_Baseline,365
1790321058.313969305,Uninterrupted_Baseline,366
1790321058.391791851,Uninterrupted_Baseline,366
1790321058.447934683,Uninterrupted_Baseline,366
1790321058.500123212,Uninterrupted_Baseline,367
1790321058.555903589,Uninterrupted_Baseline,367
1790321058.619624411,Uninterrupted_Baseline,367
1790321058.704229161,Uninterrupted_Baseline,368
1790321058.784208865,Uninterrupted_Baseline,368
1790321058.866919582,Uninterrupted_Baseline,369
1790321058.943798715,Uninterrupted_Baseline,369
1790321059.017765318,Uninterrupted_Baseline,370
1790321059.101120947,Uninterrupted_Baseline,370
1790321059.160853558,Uninterrupted_Baseline,371
1790321059.239957821,Uninterrupted_Baseline,371
1790321059.324503531,Uninterrupted_Baseline,372
1790321059.406360488,Uninterrupted_Baseline,372
1790321059.480122291,Uninterrupted_Baseline,373
1790321059.558021277,Uninterrupted_Baseline,373
1790321059.643917630,Uninterrupted_Baseline,373
1790321059.724163949,Uninterrupted_Baseline,374
1790321059.813588110,Uninterrupted_Baseline,374
1790321059.894499819,Uninterrupted_Baseline,375
1790321059.976023259,Uninterrupted_Baseline,375
1790321060.056083151,Uninterrupted_Baseline,376
1790321060.145418487,Uninterrupted_Baseline,376
1790321060.229026571,Uninterrupted_Baseline,377
1790321060.312982161,Uninterrupted_Baseline,377
1790321060.394619612,Uninterrupted_Baseline,378
1790321060.478891140,Uninterrupted_Baseline,378
1790321060.560926944,Uninterrupted_Baseline,379
1790321060.644756348,Uninterrupted_Baseline,379
1790321060.724587503,Uninterrupted_Baseline,380
1790321060.803061409,Uninterrupted_Baseline,380
1790321060.887984039,Uninterrupted_Baseline,381
1790321060.968349822,Uninterrupted_Baseline,381
1790321061.045703856,Uninterrupted_Baseline,382
1790321061.127475730,Uninterrupted_Baseline,382
1790321061.200016183,Uninterrupted_Baseline,382
1790321061.269685434,Uninterrupted_Baseline,383
1790321061.342280521,Uninterrupted_Baseline,383
1790321061.402411179,Uninterrupted_Baseline,384
1790321061.488695746,Uninterrupted_Baseline,384
1790321061.566434138,Uninterrupted_Baseline,384
1790321061.649575061,Uninterrupted_Baseline,385
1790321061.736731570,Uninterrupted_Baseline,385
1790321061.806054893,Uninterrupted_Baseline,386
1790321061.878860402,Uninterrupted_Baseline,386
1790321061.948350726,Uninterrupted_Baseline,387
1790321062.038821283,Uninterrupted_Baseline,387
1790321062.118973240,Uninterrupted_Baseline,388
1790321062.203978336,Uninterrupted_Baseline,388
1790321062.289256998,Uninterrupted_Baseline,389
1790321062.374220272,Uninterrupted_Baseline,389
1790321062.460829997,Uninterrupted_Baseline,390
1790321062.546330015,Uninterrupted_Baseline,390
1790321062.634574534,Uninterrupted_Baseline,391
1790321062.727969827,Uninterrupted_Baseline,391
1790321062.798369360,Uninterrupted_Baseline,392
1790321062.877999447,Uninterrupted_Baseline,392
1790321062.957463561,Uninterrupted_Baseline,392
1790321063.036525989,Uninterrupted_Baseline,393
1790321063.099274514,Uninterrupted_Baseline,393
1790321063.182773706,Uninterrupted_Baseline,394
1790321063.262840512,Uninterrupted_Baseline,394
1790321063.345129478,Uninterrupted_Baseline,395
1790321063.430324851,Uninterrupted_Baseline,395
1790321063.513889967,Uninterrupted_Baseline,396
1790321063.598345454,Uninterrupted_Baseline,396
1790321063.675476550,Uninterrupted_Baseline,397
1790321063.752477346,Uninterrupted_Baseline,397
1790321063.835371947,Uninterrupted_Baseline,398
1790321063.916168750,Uninterrupted_Baseline,398
1790321064.000963388,Uninterrupted_Baseline,399
1790321064.080063362,Uninterrupted_Baseline,399
1790321064.163392968,Uninterrupted_Baseline,399
1790321064.248474553,Uninterrupted_Baseline,400
1790321064.333086325,Uninterrupted_Baseline,400
1790321064.415891095,Uninterrupted_Baseline,401
1790321064.507835876,Uninterrupted_Baseline,401
1790321064.598824108,Uninterrupted_Baseline,402
1790321064.680894202,Uninterrupted_Baseline,402
1790321064.762934136,Uninterrupted_Baseline,403
1790321064.842068427,Uninterrupted_Baseline,403
1790321064.916532595,Uninterrupted_Baseline,404
1790321065.007458050,Uninterrupted_Baseline,404
1790321065.061237991,Uninterrupted_Baseline,405
1790321065.121613303,Uninterrupted_Baseline,405
1790321065.195499485,Uninterrupted_Baseline,405
1790321065.280771610,Uninterrupted_Baseline,406
1790321065.365977989,Uninterrupted_Baseline,406
1790321065.448364953,Uninterrupted_Baseline,407
1790321065.534561631,Uninterrupted_Baseline,407
1790321065.622729028,Uninterrupted_Baseline,408
1790321065.709407299,Uninterrupted_Baseline,408
1790321065.793478215,Uninterrupted_Baseline,409
1790321065.871157582,Uninterrupted_Baseline,409
1790321065.949975884,Uninterrupted_Baseline,410
1790321066.033834899,Uninterrupted_Baseline,410
1790321066.116260437,Uninterrupted_Baseline,411
1790321066.199885149,Uninterrupted_Baseline,411
1790321066.285041828,Uninterrupted_Baseline,412
1790321066.369747454,Uninterrupted_Baseline,412
1790321066.448899826,Uninterrupted_Baseline,413
1790321066.532220495,Uninterrupted_Baseline,413
1790321066.612746896,Uninterrupted_Baseline,414
1790321066.682516738,Uninterrupted_Baseline,414
1790321066.762144217,Uninterrupted_Baseline,414
1790321066.840117875,Uninterrupted_Baseline,415
1790321066.920723618,Uninterrupted_Baseline,415
1790321066.988558477,Uninterrupted_Baseline,416
1790321067.038577433,Uninterrupted_Baseline,416
1790321067.100756031,Uninterrupted_Baseline,416
1790321067.175879098,Uninterrupted_Baseline,417
1790321067.240577005,Uninterrupted_Baseline,417
1790321067.320132358,Uninterrupted_Baseline,418
1790321067.399966187,Uninterrupted_Baseline,418
1790321067.481498988,Uninterrupted_Baseline,419
1790321067.564240734,Uninterrupted_Baseline,419
1790321067.642757422,Uninterrupted_Baseline,419
1790321067.731769929,Uninterrupted_Baseline,420
1790321067.815578248,Uninterrupted_Baseline,420
1790321067.893240134,Uninterrupted_Baseline,421
1790321067.979394609,Uninterrupted_Baseline,421
1790321068.054052232,Uninterrupted_Baseline,422
1790321068.115404821,Uninterrupted_Baseline,422
1790321068.201759502,Uninterrupted_Baseline,423
1790321068.288505146,Uninterrupted_Baseline,423
1790321068.372255255,Uninterrupted_Baseline,424
1790321068.443975907,Uninterrupted_Baseline,424
1790321068.507058269,Uninterrupted_Baseline,424
1790321068.574785103,Uninterrupted_Baseline,425
1790321068.650518983,Uninterrupted_Baseline,425
1790321068.719797396,Uninterrupted_Baseline,426
1790321068.796358753,Uninterrupted_Baseline,426
1790321068.874251325,Uninterrupted_Baseline,427
1790321068.961069748,Uninterrupted_Baseline,427
1790321069.040493375,Uninterrupted_Baseline,427
1790321069.123074602,Uninterrupted_Baseline,428
1790321069.183635411,Uninterrupted_Baseline,428
1790321069.237058709,Uninterrupted_Baseline,429
1790321069.309036025,Uninterrupted_Baseline,429
1790321069.389080618,Uninterrupted_Baseline,430
1790321069.470016778,Uninterrupted_Baseline,430
1790321069.552633578,Uninterrupted_Baseline,431
1790321069.634251144,Uninterrupted_Baseline,431
1790321069.714341613,Uninterrupted_Baseline,431
1790321069.792429408,Uninterrupted_Baseline,432
1790321069.875506692,Uninterrupted_Baseline,432
1790321069.959645265,Uninterrupted_Baseline,433
1790321070.032067086,Uninterrupted_Baseline,433
1790321070.120437020,Uninterrupted_Baseline,434
1790321070.206689852,Uninterrupted_Baseline,434
1790321070.289884498,Uninterrupted_Baseline,435
1790321070.379787427,Uninterrupted_Baseline,435
1790321070.434739850,Uninterrupted_Baseline,436
1790321070.511946884,Uninterrupted_Baseline,436
1790321070.577196982,Uninterrupted_Baseline,436
1790321070.651842572,Uninterrupted_Baseline,437
1790321070.715588739,Uninterrupted_Baseline,437
1790321070.799823152,Uninterrupted_Baseline,438
1790321070.894123313,Uninterrupted_Baseline,438
1790321070.978981667,Uninterrupted_Baseline,439
1790321071.054731473,Uninterrupted_Baseline,439
1790321071.142573429,Uninterrupted_Baseline,440
1790321071.231341532,Uninterrupted_Baseline,440
1790321071.313229717,Uninterrupted_Baseline,441
1790321071.397918126,Uninterrupted_Baseline,441
1790321071.487854294,Uninterrupted_Baseline,442
1790321071.571841656,Uninterrupted_Baseline,442
1790321071.661043314,Uninterrupted_Baseline,443
1790321071.748028146,Uninterrupted_Baseline,443
1790321071.834944154,Uninterrupted_Baseline,444
1790321071.920887188,Uninterrupted_Baseline,444
1790321072.006354083,Uninterrupted_Baseline,445
1790321072.096965224,Uninterrupted_Baseline,445
1790321072.181871501,Uninterrupted_Baseline,446
1790321072.276501944,Uninterrupted_Baseline,446
1790321072.352508351,Uninterrupted_Baseline,447
1790321072.419057103,Uninterrupted_Baseline,447
1790321072.497072472,Uninterrupted_Baseline,448
1790321072.568326408,Uninterrupted_Baseline,448
1790321072.654188162,Uninterrupted_Baseline,448
1790321072.732163610,Uninterrupted_Baseline,449
1790321072.821220357,Uninterrupted_Baseline,449
1790321072.901846665,Uninterrupted_Baseline,450
1790321072.980642118,Uninterrupted_Baseline,450
1790321073.066132403,Uninterrupted_Baseline,451
1790321073.144045477,Uninterrupted_Baseline,451
1790321073.230108188,Uninterrupted_Baseline,452
1790321073.316476605,Uninterrupted_Baseline,452
1790321073.402765762,Uninterrupted_Baseline,453
1790321073.487705805,Uninterrupted_Baseline,453
1790321073.568830826,Uninterrupted_Baseline,454
1790321073.651348611,Uninterrupted_Baseline,454
1790321073.729908746,Uninterrupted_Baseline,455
1790321073.817067895,Uninterrupted_Baseline,455
1790321073.898363850,Uninterrupted_Baseline,456
1790321073.982987617,Uninterrupted_Baseline,456
1790321085.615713652,Phase1_Baseline,10
1790321085.696552679,Phase1_Baseline,10
1790321085.762383828,Phase1_Baseline,20
1790321085.845913819,Phase1_Baseline,20
1790321085.925870255,Phase1_Baseline,40
1790321086.008042593,Phase1_Baseline,40
1790321086.096171708,Phase1_Baseline,80
1790321086.155189343,Phase1_Baseline,80
1790321086.223877731,Phase1_Baseline,80
1790321086.305270517,Phase1_Baseline,160
1790321086.390116183,Phase1_Baseline,160
1790321086.477978171,Phase1_Baseline,320
1790321086.564742550,Phase1_Baseline,320
1790321086.623327658,Phase1_Baseline,573
1790321086.701934464,Phase1_Baseline,640
1790321086.780700427,Phase1_Baseline,882
1790321086.860305271,Phase1_Baseline,1035
1790321086.945035879,Phase1_Baseline,881
1790321087.008790166,Phase1_Baseline,731
1790321087.093830179,Phase1_Baseline,563
1790321087.174886548,Phase1_Baseline,550
1790321087.248593770,Phase1_Baseline,550
1790321087.327012602,Phase1_Baseline,404
1790321087.407259903,Phase1_Baseline,285
1790321087.496060012,Phase1_Baseline,275
1790321087.570224168,Phase1_Baseline,276
1790321087.653910309,Phase1_Baseline,276
1790321087.734801354,Phase1_Baseline,277
1790321087.817709645,Phase1_Baseline,277
1790321087.887568000,Phase1_Baseline,277
1790321087.977502731,Phase1_Baseline,278
1790321088.057537147,Phase1_Baseline,278
1790321088.120697882,Phase1_Baseline,279
1790321088.198123801,Phase1_Baseline,279
1790321088.274711705,Phase1_Baseline,280
1790321088.341437816,Phase1_Baseline,280
1790321088.414934993,Phase1_Baseline,281
1790321088.466001959,Phase1_Baseline,281
1790321088.528422545,Phase1_Baseline,281
1790321088.591806354,Phase1_Baseline,282
1790321088.672542772,Phase1_Baseline,282
1790321088.750630764,Phase1_Baseline,283
1790321088.834618015,Phase1_Baseline,283
1790321088.921352860,Phase1_Baseline,284
1790321089.000087703,Phase1_Baseline,284
1790321089.079923525,Phase1_Baseline,285
1790321089.136941222,Phase1_Baseline,285
1790321089.207602461,Phase1_Baseline,285
1790321089.271153218,Phase1_Baseline,286
1790321089.355046268,Phase1_Baseline,286
1790321089.443171673,Phase1_Baseline,287
1790321089.524788602,Phase1_Baseline,287
1790321089.610887298,Phase1_Baseline,288
1790321089.690370479,Phase1_Baseline,288
1790321089.751237868,Phase1_Baseline,289
1790321089.834489009,Phase1_Baseline,289
1790321089.916225838,Phase1_Baseline,290
1790321090.001395003,Phase1_Baseline,290
1790321090.088084500,Phase1_Baseline,291
1790321090.169869150,Phase1_Baseline,291
1790321090.245070331,Phase1_Baseline,292
1790321090.327863887,Phase1_Baseline,292
1790321090.403081284,Phase1_Baseline,293
1790321090.473263614,Phase1_Baseline,293
1790321090.550145516,Phase1_Baseline,294
1790321090.633043535,Phase1_Baseline,294
1790321090.716569630,Phase1_Baseline,295
1790321090.794897575,Phase1_Baseline,295
1790321090.875463024,Phase1_Baseline,295
1790321090.955880550,Phase1_Baseline,296
1790321091.026739232,Phase1_Baseline,296
1790321091.104684823,Phase1_Baseline,297
1790321091.188691999,Phase1_Baseline,297
1790321091.272083316,Phase1_Baseline,298
1790321091.357814753,Phase1_Baseline,298
1790321091.424894769,Phase1_Baseline,299
1790321091.494742864,Phase1_Baseline,299
1790321091.571560187,Phase1_Baseline,300
1790321091.650094909,Phase1_Baseline,300
1790321091.726437783,Phase1_Baseline,300
1790321091.798823645,Phase1_Baseline,301
1790321091.863787437,Phase1_Baseline,301
1790321091.939219149,Phase1_Baseline,302
1790321092.011813548,Phase1_Baseline,302
1790321092.092618718,Phase1_Baseline,303
1790321092.168302874,Phase1_Baseline,303
1790321092.249045001,Phase1_Baseline,304
1790321092.331897200,Phase1_Baseline,304
1790321092.411188785,Phase1_Baseline,305
1790321092.476940970,Phase1_Baseline,305
1790321092.555159617,Phase1_Baseline,305
1790321092.642057494,Phase1_Baseline,306
1790321092.727608322,Phase1_Baseline,306
1790321092.810445710,Phase1_Baseline,307
1790321092.874133498,Phase1_Baseline,307
1790321092.946354000,Phase1_Baseline,308
1790321093.024452598,Phase1_Baseline,308
1790321093.097695454,Phase1_Baseline,309
1790321093.181946565,Phase1_Baseline,309
1790321093.255610824,Phase1_Baseline,309
1790321093.336487502,Phase1_Baseline,310
1790321093.411302962,Phase1_Baseline,310
1790321093.498065096,Phase1_Baseline,311
1790321093.587820711,Phase1_Baseline,311
1790321093.673065046,Phase1_Baseline,312
1790321093.751934596,Phase1_Baseline,312
1790321093.835066589,Phase1_Baseline,313
1790321093.915796860,Phase1_Baseline,313
1790321093.990314923,Phase1_Baseline,314
1790321094.075572798,Phase1_Baseline,314
1790321094.157599510,Phase1_Baseline,315
1790321094.237019395,Phase1_Baseline,315
1790321094.317910178,Phase1_Baseline,316
1790321094.405410209,Phase1_Baseline,316
1790321094.491430725,Phase1_Baseline,317
1790321094.580945975,Phase1_Baseline,317
1790321094.667156664,Phase1_Baseline,318
1790321094.746406861,Phase1_Baseline,318
1790321094.813695547,Phase1_Baseline,319
1790321094.878514477,Phase1_Baseline,319
1790321094.939808822,Phase1_Baseline,319
1790321095.007269464,Phase1_Baseline,320
1790321095.079830760,Phase1_Baseline,320
1790321095.148105069,Phase1_Baseline,321
1790321095.240733467,Phase1_Baseline,321
1790321095.317887841,Phase1_Baseline,322
1790321095.406449016,Phase1_Baseline,322
1790321095.484700162,Phase1_Baseline,322
1790321095.563590537,Phase1_Baseline,323
1790321095.644247466,Phase1_Baseline,323
1790321095.723761205,Phase1_Baseline,324
1790321095.794401222,Phase1_Baseline,324
1790321095.882553618,Phase1_Baseline,325
1790321095.947950170,Phase1_Baseline,325
1790321096.017200272,Phase1_Baseline,326
1790321096.100950579,Phase1_Baseline,326
1790321096.186991307,Phase1_Baseline,327
1790321096.266546071,Phase1_Baseline,327
1790321096.330319372,Phase1_Baseline,327
1790321096.410719824,Phase1_Baseline,328
1790321096.492182307,Phase1_Baseline,328
1790321096.576613347,Phase1_Baseline,329
1790321096.655880945,Phase1_Baseline,329
1790321096.744862089,Phase1_Baseline,330
1790321096.835619474,Phase1_Baseline,330
1790321096.909524520,Phase1_Baseline,331
1790321096.988408465,Phase1_Baseline,331
1790321097.070336204,Phase1_Baseline,332
1790321097.150523524,Phase1_Baseline,332
1790321097.231701831,Phase1_Baseline,333
1790321097.316178455,Phase1_Baseline,333
1790321097.397409311,Phase1_Baseline,334
1790321097.482533282,Phase1_Baseline,334
1790321097.563520260,Phase1_Baseline,335
1790321097.648022944,Phase1_Baseline,335
1790321097.718052661,Phase1_Baseline,336
1790321097.800955635,Phase1_Baseline,336
1790321097.876941001,Phase1_Baseline,336
1790321097.956766738,Phase1_Baseline,337
1790321098.040596423,Phase1_Baseline,337
1790321098.108234423,Phase1_Baseline,338
1790321098.189561403,Phase1_Baseline,338
1790321098.265682744,Phase1_Baseline,339
1790321098.336498011,Phase1_Baseline,339
1790321098.410825234,Phase1_Baseline,339
1790321098.462571464,Phase1_Baseline,340
1790321098.513720591,Phase1_Baseline,340
1790321098.564421205,Phase1_Baseline,340
1790321098.621865981,Phase1_Baseline,341
1790321098.690670355,Phase1_Baseline,341
1790321098.763264086,Phase1_Baseline,342
1790321098.844500528,Phase1_Baseline,342
1790321098.923022169,Phase1_Baseline,342
1790321099.002002631,Phase1_Baseline,343
1790321099.071025296,Phase1_Baseline,343
1790321099.154601022,Phase1_Baseline,344
1790321099.233637131,Phase1_Baseline,344
1790321099.304378146,Phase1_Baseline,345
1790321099.366223787,Phase1_Baseline,345
1790321099.438794676,Phase1_Baseline,345
1790321099.520253845,Phase1_Baseline,346
1790321099.605467565,Phase1_Baseline,346
1790321099.683013980,Phase1_Baseline,347
1790321099.759910478,Phase1_Baseline,347
1790321099.839824923,Phase1_Baseline,348
1790321099.906758729,Phase1_Baseline,348
1790321099.990185384,Phase1_Baseline,349
1790321100.072844073,Phase1_Baseline,349
1790321100.150963908,Phase1_Baseline,350
1790321100.233929963,Phase1_Baseline,350
1790321100.311941117,Phase1_Baseline,350
1790321100.392022318,Phase1_Baseline,351
1790321100.480150075,Phase1_Baseline,352
1790321100.559735523,Phase1_Baseline,352
1790321100.638296675,Phase1_Baseline,352
1790321100.718779915,Phase1_Baseline,353
1790321100.806360297,Phase1_Baseline,353
1790321100.888051386,Phase1_Baseline,354
1790321100.974170050,Phase1_Baseline,354
1790321101.050859627,Phase1_Baseline,355
1790321101.117194299,Phase1_Baseline,355
1790321101.197129504,Phase1_Baseline,356
1790321101.280977259,Phase1_Baseline,356
1790321101.365903408,Phase1_Baseline,357
1790321101.446834466,Phase1_Baseline,357
1790321101.514854032,Phase1_Baseline,357
1790321101.599582370,Phase1_Baseline,358
1790321101.683317352,Phase1_Baseline,358
1790321101.763733081,Phase1_Baseline,359
1790321101.843575805,Phase1_Baseline,359
1790321101.934415206,Phase1_Baseline,360
1790321101.996869901,Phase1_Baseline,360
1790321102.082934917,Phase1_Baseline,361
1790321102.153382081,Phase1_Baseline,361
1790321102.235522980,Phase1_Baseline,362
1790321102.314310150,Phase1_Baseline,362
1790321102.380636794,Phase1_Baseline,362
1790321102.456064145,Phase1_Baseline,363
1790321102.545583439,Phase1_Baseline,363
1790321102.631512663,Phase1_Baseline,364
1790321102.722993339,Phase1_Baseline,364
1790321102.813788014,Phase1_Baseline,365
1790321102.897190279,Phase1_Baseline,365
1790321102.979304915,Phase1_Baseline,366
1790321103.055465014,Phase1_Baseline,366
1790321103.117331932,Phase1_Baseline,367
1790321103.182040634,Phase1_Baseline,367
1790321103.252583163,Phase1_Baseline,367
1790321103.332824087,Phase1_Baseline,368
1790321103.411323113,Phase1_Baseline,368
1790321103.481375121,Phase1_Baseline,369
1790321103.541762631,Phase1_Baseline,369
1790321103.625744698,Phase1_Baseline,370
1790321103.704164925,Phase1_Baseline,370
1790321103.784605999,Phase1_Baseline,371
1790321103.865345047,Phase1_Baseline,371
1790321103.946734268,Phase1_Baseline,371
1790321104.026624805,Phase1_Baseline,372
1790321104.104974052,Phase1_Baseline,372
1790321104.188771865,Phase1_Baseline,373
1790321104.266962689,Phase1_Baseline,373
1790321104.349462729,Phase1_Baseline,374
1790321104.438356813,Phase1_Baseline,374
1790321104.520683108,Phase1_Baseline,375
1790321104.600759530,Phase1_Baseline,375
1790321107.259950936,Phase2_Migrated,10
1790321107.353715398,Phase2_Migrated,10
1790321107.446145963,Phase2_Migrated,10
1790321107.538318501,Phase2_Migrated,20
1790321107.630116879,Phase2_Migrated,20
1790321107.721859576,Phase2_Migrated,40
1790321107.813850608,Phase2_Migrated,40
1790321107.910065849,Phase2_Migrated,80
1790321108.003988224,Phase2_Migrated,80
1790321108.082695325,Phase2_Migrated,160
1790321108.179406985,Phase2_Migrated,215
1790321108.275221704,Phase2_Migrated,320
1790321108.366139651,Phase2_Migrated,461
1790321108.440577074,Phase2_Migrated,640
1790321108.499616994,Phase2_Migrated,670
1790321108.584082324,Phase2_Migrated,1020
1790321108.673914708,Phase2_Migrated,943
1790321108.757092172,Phase2_Migrated,778
1790321108.844121304,Phase2_Migrated,589
1790321108.935171647,Phase2_Migrated,547
1790321109.035047552,Phase2_Migrated,547
1790321109.093984164,Phase2_Migrated,415
1790321109.176509834,Phase2_Migrated,283
1790321109.275531597,Phase2_Migrated,273
1790321109.368156493,Phase2_Migrated,274
1790321109.459600540,Phase2_Migrated,274
1790321109.555757209,Phase2_Migrated,275
1790321109.649531422,Phase2_Migrated,275
1790321109.732320132,Phase2_Migrated,276
1790321109.815533077,Phase2_Migrated,276
1790321109.916039799,Phase2_Migrated,277
1790321110.009052525,Phase2_Migrated,278
1790321110.100569466,Phase2_Migrated,278
1790321110.190866099,Phase2_Migrated,279
1790321110.277735881,Phase2_Migrated,279
1790321110.373430444,Phase2_Migrated,280
1790321110.468779411,Phase2_Migrated,280
1790321110.552351838,Phase2_Migrated,281
1790321110.645354654,Phase2_Migrated,281
1790321110.734971500,Phase2_Migrated,282
1790321110.828788178,Phase2_Migrated,283
1790321110.920110279,Phase2_Migrated,283
1790321111.011745424,Phase2_Migrated,284
1790321111.101386328,Phase2_Migrated,284
1790321111.197142633,Phase2_Migrated,285
1790321111.291957946,Phase2_Migrated,285
1790321111.384493153,Phase2_Migrated,286
1790321111.476883553,Phase2_Migrated,286
1790321111.570202651,Phase2_Migrated,287
1790321111.666887299,Phase2_Migrated,288
1790321111.758743871,Phase2_Migrated,288
1790321111.856223411,Phase2_Migrated,289
1790321111.948253133,Phase2_Migrated,289
1790321112.042263935,Phase2_Migrated,290
1790321112.138585313,Phase2_Migrated,290
1790321112.230632631,Phase2_Migrated,291
1790321112.319438909,Phase2_Migrated,292
1790321112.416315538,Phase2_Migrated,292
1790321112.514880209,Phase2_Migrated,293
1790321112.607122233,Phase2_Migrated,293
1790321112.704139029,Phase2_Migrated,294
1790321112.807585267,Phase2_Migrated,294
1790321112.901774368,Phase2_Migrated,295
1790321112.997932592,Phase2_Migrated,295
1790321113.070044068,Phase2_Migrated,296
1790321113.171582500,Phase2_Migrated,297
1790321113.262382121,Phase2_Migrated,297
1790321113.368327552,Phase2_Migrated,298
1790321113.461182504,Phase2_Migrated,298
1790321113.549404901,Phase2_Migrated,299
1790321113.643640772,Phase2_Migrated,299
1790321113.737626211,Phase2_Migrated,300
1790321113.829110424,Phase2_Migrated,300
1790321113.935011167,Phase2_Migrated,301
1790321113.991352283,Phase2_Migrated,301
1790321114.068805182,Phase2_Migrated,302
1790321114.158404503,Phase2_Migrated,302
1790321114.253443908,Phase2_Migrated,303
1790321114.345860353,Phase2_Migrated,303
1790321114.418685902,Phase2_Migrated,304
1790321114.492238291,Phase2_Migrated,304
1790321114.588634430,Phase2_Migrated,305
1790321114.675838199,Phase2_Migrated,305
1790321114.771488248,Phase2_Migrated,306
1790321114.864154561,Phase2_Migrated,306
1790321114.938256264,Phase2_Migrated,307
1790321115.020883223,Phase2_Migrated,307
1790321115.076579739,Phase2_Migrated,308
1790321115.156873871,Phase2_Migrated,308
1790321115.248517046,Phase2_Migrated,309
1790321115.342030776,Phase2_Migrated,309
1790321115.430074524,Phase2_Migrated,310
1790321115.528070069,Phase2_Migrated,310
1790321115.618181584,Phase2_Migrated,311
1790321115.709207859,Phase2_Migrated,311
1790321115.779381210,Phase2_Migrated,312
1790321115.853384194,Phase2_Migrated,312
1790321115.941336406,Phase2_Migrated,313
1790321116.035751801,Phase2_Migrated,313
1790321116.131759858,Phase2_Migrated,314
1790321116.219699884,Phase2_Migrated,314
1790321116.306340027,Phase2_Migrated,315
1790321116.378642195,Phase2_Migrated,315
1790321116.473196164,Phase2_Migrated,316
1790321116.566566620,Phase2_Migrated,316
1790321116.660844227,Phase2_Migrated,317
1790321116.759955648,Phase2_Migrated,318
1790321116.856630530,Phase2_Migrated,318
1790321116.955932278,Phase2_Migrated,319
1790321117.048870804,Phase2_Migrated,319
1790321117.140329877,Phase2_Migrated,320
1790321117.224731164,Phase2_Migrated,320
1790321117.318097278,Phase2_Migrated,321
1790321117.409107035,Phase2_Migrated,321
1790321117.502518122,Phase2_Migrated,322
1790321117.596416396,Phase2_Migrated,322
1790321117.691618820,Phase2_Migrated,323
1790321117.785289308,Phase2_Migrated,323
1790321117.872860498,Phase2_Migrated,324
1790321117.971319672,Phase2_Migrated,325
1790321118.062740120,Phase2_Migrated,325
1790321118.160860891,Phase2_Migrated,326
1790321118.249660653,Phase2_Migrated,326
1790321118.312870382,Phase2_Migrated,326
1790321118.404395308,Phase2_Migrated,327
1790321118.464110976,Phase2_Migrated,327
1790321118.526400974,Phase2_Migrated,328
1790321118.604435392,Phase2_Migrated,328
1790321118.692211091,Phase2_Migrated,329
1790321118.782710150,Phase2_Migrated,329
1790321118.869538711,Phase2_Migrated,330
1790321118.963970804,Phase2_Migrated,330
1790321119.056545235,Phase2_Migrated,331
1790321119.154553962,Phase2_Migrated,331
1790321119.226944218,Phase2_Migrated,332
1790321119.311207557,Phase2_Migrated,332
1790321119.412413429,Phase2_Migrated,333
1790321119.511365894,Phase2_Migrated,333
1790321119.621594499,Phase2_Migrated,334
1790321119.722604005,Phase2_Migrated,335
1790321119.793720545,Phase2_Migrated,335
1790321119.883797331,Phase2_Migrated,336
1790321119.977791352,Phase2_Migrated,336
1790321120.070508577,Phase2_Migrated,337
1790321120.171259811,Phase2_Migrated,337
1790321120.263826228,Phase2_Migrated,338
1790321120.351069897,Phase2_Migrated,338
1790321120.426869877,Phase2_Migrated,339
1790321120.489388251,Phase2_Migrated,339
1790321120.566197905,Phase2_Migrated,340
1790321120.654445252,Phase2_Migrated,340
1790321120.745594516,Phase2_Migrated,341
1790321120.836629307,Phase2_Migrated,341
1790321120.911247495,Phase2_Migrated,341
1790321121.003389300,Phase2_Migrated,342
1790321121.092915287,Phase2_Migrated,343
1790321121.185489030,Phase2_Migrated,343
1790321121.256966097,Phase2_Migrated,343
1790321121.344224104,Phase2_Migrated,344
1790321121.441223667,Phase2_Migrated,345
1790321121.530709892,Phase2_Migrated,345
1790321121.622530403,Phase2_Migrated,346
1790321121.713118410,Phase2_Migrated,346
1790321121.804598623,Phase2_Migrated,347
1790321121.898990642,Phase2_Migrated,347
1790321121.999201042,Phase2_Migrated,348
1790321122.093775100,Phase2_Migrated,348
1790321122.185520590,Phase2_Migrated,349
1790321122.261792380,Phase2_Migrated,349
1790321122.339448226,Phase2_Migrated,350
1790321122.427746238,Phase2_Migrated,350
1790321122.526229963,Phase2_Migrated,351
1790321122.618967779,Phase2_Migrated,351
1790321122.706206051,Phase2_Migrated,352
1790321122.793038037,Phase2_Migrated,352
1790321122.885534770,Phase2_Migrated,353
1790321122.974407367,Phase2_Migrated,353
1790321123.044169970,Phase2_Migrated,354
1790321123.136020540,Phase2_Migrated,354
1790321123.222203559,Phase2_Migrated,355
1790321123.307838076,Phase2_Migrated,355
1790321123.403023322,Phase2_Migrated,356
1790321123.498525526,Phase2_Migrated,356
1790321123.586391893,Phase2_Migrated,357
1790321123.674875972,Phase2_Migrated,357
1790321123.767485403,Phase2_Migrated,358
1790321123.861361840,Phase2_Migrated,359
1790321123.956554410,Phase2_Migrated,359
1790321124.024311592,Phase2_Migrated,359
1790321124.114293128,Phase2_Migrated,360
1790321124.210152820,Phase2_Migrated,361
1790321124.307508726,Phase2_Migrated,361
1790321124.407386680,Phase2_Migrated,362
1790321124.506076441,Phase2_Migrated,362
1790321124.596758553,Phase2_Migrated,363
1790321124.700293313,Phase2_Migrated,363
1790321124.805961986,Phase2_Migrated,364
1790321124.875878899,Phase2_Migrated,364
1790321124.966572144,Phase2_Migrated,365
1790321125.064467972,Phase2_Migrated,365
1790321125.124479078,Phase2_Migrated,366
1790321125.185041266,Phase2_Migrated,366
1790321125.260237366,Phase2_Migrated,366
1790321125.349550415,Phase2_Migrated,367
1790321125.439088551,Phase2_Migrated,367
1790321125.534722512,Phase2_Migrated,368
1790321125.628259440,Phase2_Migrated,369
1790321125.724684922,Phase2_Migrated,369
1790321127.282499378,Uninterrupted_Baseline,1
1790321127.344973025,Uninterrupted_Baseline,1
1790321127.399517387,Uninterrupted_Baseline,1
1790321127.473019408,Uninterrupted_Baseline,1
1790321127.539445000,Uninterrupted_Baseline,1
1790321127.620104040,Uninterrupted_Baseline,1
1790321127.707385748,Uninterrupted_Baseline,1
1790321127.795905981,Uninterrupted_Baseline,1
1790321127.879373781,Uninterrupted_Baseline,1
1790321127.972436213,Uninterrupted_Baseline,1
1790321128.057827969,Uninterrupted_Baseline,1
1790321129.779937908,Uninterrupted_Baseline,10
1790321129.862208452,Uninterrupted_Baseline,10
1790321129.946730846,Uninterrupted_Baseline,20
1790321130.028336339,Uninterrupted_Baseline,20
1790321130.107047922,Uninterrupted_Baseline,40
1790321130.183563174,Uninterrupted_Baseline,40
1790321130.262051125,Uninterrupted_Baseline,54
1790321130.348186723,Uninterrupted_Baseline,80
1790321130.426643712,Uninterrupted_Baseline,108
1790321130.507782211,Uninterrupted_Baseline,160
1790321130.569907788,Uninterrupted_Baseline,160
1790321130.651695348,Uninterrupted_Baseline,320
1790321130.719000194,Uninterrupted_Baseline,320
1790321130.790522193,Uninterrupted_Baseline,502
1790321130.853725203,Uninterrupted_Baseline,640
1790321130.937354159,Uninterrupted_Baseline,792
1790321131.021605401,Uninterrupted_Baseline,1058
1790321131.103782014,Uninterrupted_Baseline,906
1790321131.173179022,Uninterrupted_Baseline,766
1790321131.254121982,Uninterrupted_Baseline,577
1790321131.342610360,Uninterrupted_Baseline,547
1790321131.428069057,Uninterrupted_Baseline,547
1790321131.499535760,Uninterrupted_Baseline,411
1790321131.576330582,Uninterrupted_Baseline,300
1790321131.640783657,Uninterrupted_Baseline,273
1790321131.723765814,Uninterrupted_Baseline,273
1790321131.795314397,Uninterrupted_Baseline,274
1790321131.879041633,Uninterrupted_Baseline,274
1790321131.967838440,Uninterrupted_Baseline,275
1790321132.048883357,Uninterrupted_Baseline,275
1790321132.115795451,Uninterrupted_Baseline,276
1790321132.194295390,Uninterrupted_Baseline,276
1790321132.274741645,Uninterrupted_Baseline,277
1790321132.342888020,Uninterrupted_Baseline,277
1790321132.408132970,Uninterrupted_Baseline,278
1790321132.482469019,Uninterrupted_Baseline,278
1790321132.562589777,Uninterrupted_Baseline,278
1790321132.641097565,Uninterrupted_Baseline,279
1790321132.718922943,Uninterrupted_Baseline,279
1790321132.809802604,Uninterrupted_Baseline,280
1790321132.883145888,Uninterrupted_Baseline,280
1790321132.965310692,Uninterrupted_Baseline,281
1790321133.048385562,Uninterrupted_Baseline,281
1790321133.133066273,Uninterrupted_Baseline,282
1790321133.216103083,Uninterrupted_Baseline,282
1790321133.298903022,Uninterrupted_Baseline,283
1790321133.384391925,Uninterrupted_Baseline,283
1790321133.466877809,Uninterrupted_Baseline,284
1790321133.559921940,Uninterrupted_Baseline,284
1790321133.649042177,Uninterrupted_Baseline,285
1790321133.734825209,Uninterrupted_Baseline,286
1790321133.823681030,Uninterrupted_Baseline,286
1790321133.908840589,Uninterrupted_Baseline,287
1790321133.991894186,Uninterrupted_Baseline,287
1790321134.071420244,Uninterrupted_Baseline,288
1790321134.151813509,Uninterrupted_Baseline,288
1790321134.222428315,Uninterrupted_Baseline,288
1790321134.286517120,Uninterrupted_Baseline,289
1790321134.368911094,Uninterrupted_Baseline,289
1790321134.452162075,Uninterrupted_Baseline,290
1790321134.513821759,Uninterrupted_Baseline,290
1790321134.592683131,Uninterrupted_Baseline,291
1790321134.663023577,Uninterrupted_Baseline,291
1790321134.736749184,Uninterrupted_Baseline,292
1790321134.804176684,Uninterrupted_Baseline,292
1790321134.863877800,Uninterrupted_Baseline,292
1790321134.927236589,Uninterrupted_Baseline,293
1790321134.993746628,Uninterrupted_Baseline,293
1790321135.073039573,Uninterrupted_Baseline,293
1790321135.136818322,Uninterrupted_Baseline,294
1790321135.215497031,Uninterrupted_Baseline,294
1790321135.309185890,Uninterrupted_Baseline,295
1790321135.388885001,Uninterrupted_Baseline,295
1790321135.479609426,Uninterrupted_Baseline,296
1790321135.570316322,Uninterrupted_Baseline,296
1790321135.632721794,Uninterrupted_Baseline,297
1790321135.699055651,Uninterrupted_Baseline,297
1790321135.783558766,Uninterrupted_Baseline,298
1790321135.866963720,Uninterrupted_Baseline,298
1790321135.949873240,Uninterrupted_Baseline,299
1790321136.029366464,Uninterrupted_Baseline,299
1790321136.115350222,Uninterrupted_Baseline,300
1790321136.201555115,Uninterrupted_Baseline,300
1790321136.280434410,Uninterrupted_Baseline,301
1790321136.357939823,Uninterrupted_Baseline,301
1790321136.437425210,Uninterrupted_Baseline,302
1790321136.519184477,Uninterrupted_Baseline,302
1790321136.606781372,Uninterrupted_Baseline,303
1790321136.680768638,Uninterrupted_Baseline,303
1790321136.764500012,Uninterrupted_Baseline,304
1790321136.848309000,Uninterrupted_Baseline,304
1790321136.925498209,Uninterrupted_Baseline,304
1790321137.007850139,Uninterrupted_Baseline,305
1790321137.100011081,Uninterrupted_Baseline,306
1790321137.181096275,Uninterrupted_Baseline,306
1790321137.262063481,Uninterrupted_Baseline,306
1790321137.349602138,Uninterrupted_Baseline,307
1790321137.427433993,Uninterrupted_Baseline,307
1790321137.510004820,Uninterrupted_Baseline,308
1790321137.591744544,Uninterrupted_Baseline,308
1790321137.675878116,Uninterrupted_Baseline,309
1790321137.756884570,Uninterrupted_Baseline,309
1790321137.841104211,Uninterrupted_Baseline,310
1790321137.929544656,Uninterrupted_Baseline,310
1790321138.013375305,Uninterrupted_Baseline,311
1790321138.072594425,Uninterrupted_Baseline,311
1790321138.151368023,Uninterrupted_Baseline,312
1790321138.228927575,Uninterrupted_Baseline,312
1790321138.293345918,Uninterrupted_Baseline,312
1790321138.364086126,Uninterrupted_Baseline,313
1790321138.428973288,Uninterrupted_Baseline,313
1790321138.477449722,Uninterrupted_Baseline,314
1790321138.539458119,Uninterrupted_Baseline,314
1790321138.594993822,Uninterrupted_Baseline,314
1790321138.660773164,Uninterrupted_Baseline,315
1790321138.733218021,Uninterrupted_Baseline,315
1790321138.814579613,Uninterrupted_Baseline,315
1790321138.891817543,Uninterrupted_Baseline,316
1790321138.977579104,Uninterrupted_Baseline,316
1790321139.054187454,Uninterrupted_Baseline,317
1790321139.120820101,Uninterrupted_Baseline,317
1790321139.178781968,Uninterrupted_Baseline,318
1790321139.260999044,Uninterrupted_Baseline,318
1790321139.343421996,Uninterrupted_Baseline,319
1790321139.427610732,Uninterrupted_Baseline,319
1790321139.512251633,Uninterrupted_Baseline,319
1790321139.581370476,Uninterrupted_Baseline,320
1790321139.664908427,Uninterrupted_Baseline,320
1790321139.742155832,Uninterrupted_Baseline,321
1790321139.825004182,Uninterrupted_Baseline,321
1790321139.906789387,Uninterrupted_Baseline,322
1790321139.991999554,Uninterrupted_Baseline,322
1790321140.075573558,Uninterrupted_Baseline,323
1790321140.144503674,Uninterrupted_Baseline,323
1790321140.222834962,Uninterrupted_Baseline,324
1790321140.302554053,Uninterrupted_Baseline,324
1790321140.382877712,Uninterrupted_Baseline,325
1790321140.465037341,Uninterrupted_Baseline,325
1790321140.541961372,Uninterrupted_Baseline,325
1790321140.603842738,Uninterrupted_Baseline,326
1790321140.684799157,Uninterrupted_Baseline,326
1790321140.763551109,Uninterrupted_Baseline,327
1790321140.841739363,Uninterrupted_Baseline,327
1790321140.920747450,Uninterrupted_Baseline,328
1790321140.996220589,Uninterrupted_Baseline,328
1790321141.070708611,Uninterrupted_Baseline,329
1790321141.135442201,Uninterrupted_Baseline,329
1790321141.196317790,Uninterrupted_Baseline,329
1790321141.257710289,Uninterrupted_Baseline,330
1790321141.320362514,Uninterrupted_Baseline,330
1790321141.385573074,Uninterrupted_Baseline,330
1790321141.462404200,Uninterrupted_Baseline,331
1790321141.539233472,Uninterrupted_Baseline,331
1790321141.621288600,Uninterrupted_Baseline,332
1790321141.697774968,Uninterrupted_Baseline,332
1790321141.761775267,Uninterrupted_Baseline,333
1790321141.835103112,Uninterrupted_Baseline,333
1790321141.914363542,Uninterrupted_Baseline,333
1790321141.997239106,Uninterrupted_Baseline,334
1790321142.072805212,Uninterrupted_Baseline,334
1790321142.149941412,Uninterrupted_Baseline,335
1790321142.229405502,Uninterrupted_Baseline,335
1790321142.310875475,Uninterrupted_Baseline,336
1790321142.385638190,Uninterrupted_Baseline,336
1790321142.462131377,Uninterrupted_Baseline,337
1790321142.542190098,Uninterrupted_Baseline,337
1790321142.624750611,Uninterrupted_Baseline,337
1790321142.702889289,Uninterrupted_Baseline,338
1790321142.775802602,Uninterrupted_Baseline,338
1790321142.853628516,Uninterrupted_Baseline,339
1790321142.930207797,Uninterrupted_Baseline,339
1790321143.000845285,Uninterrupted_Baseline,340
1790321143.060128131,Uninterrupted_Baseline,340
1790321143.136096341,Uninterrupted_Baseline,340
1790321143.214608092,Uninterrupted_Baseline,341
1790321143.288162711,Uninterrupted_Baseline,341
1790321143.366704293,Uninterrupted_Baseline,342
1790321143.456344578,Uninterrupted_Baseline,342
1790321143.536826838,Uninterrupted_Baseline,343
1790321143.617587336,Uninterrupted_Baseline,343
1790321143.691914714,Uninterrupted_Baseline,344
1790321143.770208494,Uninterrupted_Baseline,344
1790321143.849970506,Uninterrupted_Baseline,344
1790321143.928779346,Uninterrupted_Baseline,345
1790321144.008505279,Uninterrupted_Baseline,345
1790321144.089488939,Uninterrupted_Baseline,346
1790321144.150126372,Uninterrupted_Baseline,346
1790321144.222716136,Uninterrupted_Baseline,347
1790321144.298060741,Uninterrupted_Baseline,347
1790321144.376727360,Uninterrupted_Baseline,348
1790321144.452348106,Uninterrupted_Baseline,348
1790321144.534017850,Uninterrupted_Baseline,349
1790321144.619485991,Uninterrupted_Baseline,349
1790321144.699236497,Uninterrupted_Baseline,349
1790321144.779871947,Uninterrupted_Baseline,350
1790321144.867523900,Uninterrupted_Baseline,350
1790321144.946366794,Uninterrupted_Baseline,351
1790321145.026913940,Uninterrupted_Baseline,351
1790321145.108409849,Uninterrupted_Baseline,352
1790321145.190853040,Uninterrupted_Baseline,352
1790321145.270219035,Uninterrupted_Baseline,353
1790321145.352403510,Uninterrupted_Baseline,353
1790321145.433672076,Uninterrupted_Baseline,354
1790321145.515871495,Uninterrupted_Baseline,354
1790321145.589905282,Uninterrupted_Baseline,355
1790321145.666769780,Uninterrupted_Baseline,355
1790321145.746289232,Uninterrupted_Baseline,355
1790321145.824804867,Uninterrupted_Baseline,356
1790321145.902857005,Uninterrupted_Baseline,356
1790321145.985058856,Uninterrupted_Baseline,357
1790321146.061596615,Uninterrupted_Baseline,357
1790321146.137883898,Uninterrupted_Baseline,358
1790321146.217397424,Uninterrupted_Baseline,358
1790321146.291904191,Uninterrupted_Baseline,359
1790321146.367186235,Uninterrupted_Baseline,359
1790321146.433405838,Uninterrupted_Baseline,359
1790321146.509944343,Uninterrupted_Baseline,360
1790321146.587983736,Uninterrupted_Baseline,360
1790321146.665859368,Uninterrupted_Baseline,361
1790321146.731962499,Uninterrupted_Baseline,361
1790321146.809694510,Uninterrupted_Baseline,362
1790321146.889020770,Uninterrupted_Baseline,362
1790321146.968122847,Uninterrupted_Baseline,363
1790321147.048701941,Uninterrupted_Baseline,363
1790321147.118454182,Uninterrupted_Baseline,363
1790321147.190735935,Uninterrupted_Baseline,364
1790321147.268782743,Uninterrupted_Baseline,364
1790321147.342836900,Uninterrupted_Baseline,365
1790321147.419373516,Uninterrupted_Baseline,365
1790321147.495975497,Uninterrupted_Baseline,366
1790321147.576610081,Uninterrupted_Baseline,366
1790321147.654948018,Uninterrupted_Baseline,367
1790321147.735083184,Uninterrupted_Baseline,367
1790321147.811153801,Uninterrupted_Baseline,368
1790321147.888228660,Uninterrupted_Baseline,368
1790321147.965182603,Uninterrupted_Baseline,368
1790321148.038847845,Uninterrupted_Baseline,369
1790321148.110847812,Uninterrupted_Baseline,369
1790321148.177884350,Uninterrupted_Baseline,370
1790321148.252957361,Uninterrupted_Baseline,370
1790321148.335023009,Uninterrupted_Baseline,371
1790321148.401941092,Uninterrupted_Baseline,371
1790321148.449075943,Uninterrupted_Baseline,371
1790321148.508056038,Uninterrupted_Baseline,371
1790321148.575619746,Uninterrupted_Baseline,372
1790321148.653478252,Uninterrupted_Baseline,372
1790321148.733462108,Uninterrupted_Baseline,373
1790321148.816374969,Uninterrupted_Baseline,373
1790321148.895561718,Uninterrupted_Baseline,374
1790321148.970580092,Uninterrupted_Baseline,374
1790321149.029279462,Uninterrupted_Baseline,375
1790321149.107571917,Uninterrupted_Baseline,375
1790321149.192110182,Uninterrupted_Baseline,375
1790321149.256099152,Uninterrupted_Baseline,376
1790321149.335699530,Uninterrupted_Baseline,376
1790321149.415048994,Uninterrupted_Baseline,377
1790321149.494567695,Uninterrupted_Baseline,377
1790321149.575873432,Uninterrupted_Baseline,378
1790321149.649685398,Uninterrupted_Baseline,378
1790321149.719877727,Uninterrupted_Baseline,378
1790321149.779559259,Uninterrupted_Baseline,379
1790321149.830042575,Uninterrupted_Baseline,379
1790321149.907561033,Uninterrupted_Baseline,380
1790321149.985521381,Uninterrupted_Baseline,380
1790321150.062967630,Uninterrupted_Baseline,381
1790321150.144914537,Uninterrupted_Baseline,381
1790321150.224248022,Uninterrupted_Baseline,381
1790321150.303599772,Uninterrupted_Baseline,382
1790321150.377172720,Uninterrupted_Baseline,382
1790321150.454732610,Uninterrupted_Baseline,383
1790321150.535950740,Uninterrupted_Baseline,383
1790321150.617039651,Uninterrupted_Baseline,384
1790321150.699363818,Uninterrupted_Baseline,384
1790321150.775451425,Uninterrupted_Baseline,385
1790321150.852780090,Uninterrupted_Baseline,385
1790321150.934423396,Uninterrupted_Baseline,386
1790321151.015184762,Uninterrupted_Baseline,386
1790321151.096885258,Uninterrupted_Baseline,386
1790321151.177021945,Uninterrupted_Baseline,387
1790321151.254217807,Uninterrupted_Baseline,387
1790321151.312703433,Uninterrupted_Baseline,388
1790321151.389221598,Uninterrupted_Baseline,388
1790321151.469456481,Uninterrupted_Baseline,389
1790321151.544942608,Uninterrupted_Baseline,389
1790321151.623819788,Uninterrupted_Baseline,389
1790321151.701143365,Uninterrupted_Baseline,390
1790321151.783586282,Uninterrupted_Baseline,390
1790321151.861954308,Uninterrupted_Baseline,391
1790321151.946759742,Uninterrupted_Baseline,391
1790321152.033499607,Uninterrupted_Baseline,392
1790321152.109226215,Uninterrupted_Baseline,392
1790321152.175625636,Uninterrupted_Baseline,393
1790321152.256522231,Uninterrupted_Baseline,393
1790321152.335188690,Uninterrupted_Baseline,394
1790321152.413993220,Uninterrupted_Baseline,394
1790321152.494227263,Uninterrupted_Baseline,394
1790321152.573939730,Uninterrupted_Baseline,395
1790321152.649810516,Uninterrupted_Baseline,395
1790321152.727565337,Uninterrupted_Baseline,396
1790321152.808680277,Uninterrupted_Baseline,396
1790321152.889813559,Uninterrupted_Baseline,397
1790321152.973483927,Uninterrupted_Baseline,397
1790321153.054854023,Uninterrupted_Baseline,398
1790321153.135463485,Uninterrupted_Baseline,398
1790321153.213163052,Uninterrupted_Baseline,399
1790321153.289042245,Uninterrupted_Baseline,399
1790321153.351385352,Uninterrupted_Baseline,399
1790321153.433010515,Uninterrupted_Baseline,400
1790321153.509918812,Uninterrupted_Baseline,400
1790321153.588471194,Uninterrupted_Baseline,401
1790321153.662975621,Uninterrupted_Baseline,401
1790321153.728633832,Uninterrupted_Baseline,402
1790321153.795137822,Uninterrupted_Baseline,402
1790321153.880341540,Uninterrupted_Baseline,402
1790321153.959290419,Uninterrupted_Baseline,403
1790321154.027891656,Uninterrupted_Baseline,403
1790321154.111109936,Uninterrupted_Baseline,404
1790321154.195718011,Uninterrupted_Baseline,404
1790321154.272994520,Uninterrupted_Baseline,405
1790321154.352145293,Uninterrupted_Baseline,405
1790321154.415732299,Uninterrupted_Baseline,406
1790321154.490825130,Uninterrupted_Baseline,406
1790321154.550500319,Uninterrupted_Baseline,406
1790321154.630807708,Uninterrupted_Baseline,407
1790321154.702857339,Uninterrupted_Baseline,407
1790321154.768524803,Uninterrupted_Baseline,408
1790321154.843042143,Uninterrupted_Baseline,408
1790321154.904932283,Uninterrupted_Baseline,408
1790321154.982087921,Uninterrupted_Baseline,409
1790321155.053487213,Uninterrupted_Baseline,409
1790321155.132624950,Uninterrupted_Baseline,410
1790321155.186676647,Uninterrupted_Baseline,410
1790321155.255089809,Uninterrupted_Baseline,410
1790321155.336705114,Uninterrupted_Baseline,411
1790321155.416088184,Uninterrupted_Baseline,411
1790321155.496949314,Uninterrupted_Baseline,412
1790321155.574469311,Uninterrupted_Baseline,412
1790321155.649041676,Uninterrupted_Baseline,413
1790321155.723551954,Uninterrupted_Baseline,413
1790321155.802131172,Uninterrupted_Baseline,414
1790321155.880541549,Uninterrupted_Baseline,414
1790321155.958477812,Uninterrupted_Baseline,414
1790321156.039418261,Uninterrupted_Baseline,415
1790321156.116569937,Uninterrupted_Baseline,415
1790321156.193877021,Uninterrupted_Baseline,416
1790321156.272161230,Uninterrupted_Baseline,416
1790321156.328500243,Uninterrupted_Baseline,417
1790321156.409132084,Uninterrupted_Baseline,417
1790321156.490401062,Uninterrupted_Baseline,418
1790321156.575916208,Uninterrupted_Baseline,418
1790321156.654445616,Uninterrupted_Baseline,418
1790321156.734679419,Uninterrupted_Baseline,419
1790321156.814785371,Uninterrupted_Baseline,419
1790321156.897531986,Uninterrupted_Baseline,420
1790321156.984234438,Uninterrupted_Baseline,420
1790321157.069970820,Uninterrupted_Baseline,421
1790321157.160050264,Uninterrupted_Baseline,421
1790321157.239073017,Uninterrupted_Baseline,422
1790321157.317436639,Uninterrupted_Baseline,422
1790321157.404705543,Uninterrupted_Baseline,423
1790321157.484089477,Uninterrupted_Baseline,423
1790321157.569320630,Uninterrupted_Baseline,424
1790321157.660175940,Uninterrupted_Baseline,424
1790321157.748889919,Uninterrupted_Baseline,425
1790321157.819370477,Uninterrupted_Baseline,425
1790321157.904771021,Uninterrupted_Baseline,426
1790321157.990964167,Uninterrupted_Baseline,426
1790321158.066598648,Uninterrupted_Baseline,427
1790321158.150098226,Uninterrupted_Baseline,427
1790321158.233983723,Uninterrupted_Baseline,428
1790321158.303046173,Uninterrupted_Baseline,428
1790321158.370192566,Uninterrupted_Baseline,428
1790321158.427989176,Uninterrupted_Baseline,429
1790321158.479414935,Uninterrupted_Baseline,429
1790321158.534223081,Uninterrupted_Baseline,429
1790321158.603671078,Uninterrupted_Baseline,430
1790321158.684558316,Uninterrupted_Baseline,430
1790321158.766627360,Uninterrupted_Baseline,431
1790321158.848576065,Uninterrupted_Baseline,431
1790321158.931156544,Uninterrupted_Baseline,432
1790321159.017381296,Uninterrupted_Baseline,432
1790321159.096081530,Uninterrupted_Baseline,433
1790321159.176689395,Uninterrupted_Baseline,433
1790321159.238987941,Uninterrupted_Baseline,433
1790321159.319774056,Uninterrupted_Baseline,434
1790321159.398705322,Uninterrupted_Baseline,434
1790321159.486517813,Uninterrupted_Baseline,435
1790321159.573326210,Uninterrupted_Baseline,435
1790321159.659360555,Uninterrupted_Baseline,436
1790321159.740426792,Uninterrupted_Baseline,436
1790321159.817975146,Uninterrupted_Baseline,437
1790321159.900940183,Uninterrupted_Baseline,437
1790321159.980602408,Uninterrupted_Baseline,438
1790321160.066069862,Uninterrupted_Baseline,438
1790321160.146103480,Uninterrupted_Baseline,439
1790321160.230853183,Uninterrupted_Baseline,439
1790321160.311053411,Uninterrupted_Baseline,439
1790321160.388391292,Uninterrupted_Baseline,440
1790321160.469366830,Uninterrupted_Baseline,440
1790321160.548130981,Uninterrupted_Baseline,441
1790321160.623107948,Uninterrupted_Baseline,441
1790321160.696304053,Uninterrupted_Baseline,442
1790321160.783246238,Uninterrupted_Baseline,442
1790321160.864101351,Uninterrupted_Baseline,443
1790321160.948146678,Uninterrupted_Baseline,443
1790321161.036442213,Uninterrupted_Baseline,444
1790321161.118187941,Uninterrupted_Baseline,444
1790321161.207602787,Uninterrupted_Baseline,445
1790321161.292890840,Uninterrupted_Baseline,445
1790321161.377847892,Uninterrupted_Baseline,446
1790321161.443351155,Uninterrupted_Baseline,446
1790321161.494982433,Uninterrupted_Baseline,446
1790321161.554587865,Uninterrupted_Baseline,447
1790321161.615342777,Uninterrupted_Baseline,447
1790321161.692028185,Uninterrupted_Baseline,447
1790321161.763243626,Uninterrupted_Baseline,448
1790321161.841532722,Uninterrupted_Baseline,448
1790321161.900325953,Uninterrupted_Baseline,449
1790321161.965367001,Uninterrupted_Baseline,449
1790321162.054462387,Uninterrupted_Baseline,450
1790321162.137375945,Uninterrupted_Baseline,450
1790321162.217601164,Uninterrupted_Baseline,450
1790321162.292556562,Uninterrupted_Baseline,451
1790321162.373609702,Uninterrupted_Baseline,451
1790321162.436946318,Uninterrupted_Baseline,452
1790321162.514084789,Uninterrupted_Baseline,452
1790321162.615519705,Uninterrupted_Baseline,453
1790321162.667566627,Uninterrupted_Baseline,453
1790321162.732877777,Uninterrupted_Baseline,454
1790321162.814227295,Uninterrupted_Baseline,454
1790321162.904698870,Uninterrupted_Baseline,455
1790321162.991849350,Uninterrupted_Baseline,455
1790321163.081117788,Uninterrupted_Baseline,456
1790321163.165765401,Uninterrupted_Baseline,456
1790321163.230052125,Uninterrupted_Baseline,456
1790321163.309018408,Uninterrupted_Baseline,457
1790321174.731323690,Phase1_Baseline,10
1790321174.820864505,Phase1_Baseline,10
1790321174.892690684,Phase1_Baseline,20
1790321174.977115845,Phase1_Baseline,20
1790321175.060522393,Phase1_Baseline,40
1790321175.127823831,Phase1_Baseline,40
1790321175.189547965,Phase1_Baseline,40
1790321175.260581780,Phase1_Baseline,80
1790321175.338282546,Phase1_Baseline,80
1790321175.419827990,Phase1_Baseline,158
1790321175.505338206,Phase1_Baseline,158
1790321175.595506490,Phase1_Baseline,316
1790321175.674820516,Phase1_Baseline,316
1790321175.744998545,Phase1_Baseline,601
1790321175.806091877,Phase1_Baseline,632
1790321175.887866001,Phase1_Baseline,870
1790321175.968376938,Phase1_Baseline,1020
1790321176.048318817,Phase1_Baseline,876
1790321176.125875980,Phase1_Baseline,696
1790321176.212491625,Phase1_Baseline,542
1790321176.294188599,Phase1_Baseline,542
1790321176.369190842,Phase1_Baseline,531
1790321176.449324491,Phase1_Baseline,380
1790321176.510151577,Phase1_Baseline,289
1790321176.570283983,Phase1_Baseline,271
1790321176.635229474,Phase1_Baseline,271
1790321176.701641093,Phase1_Baseline,272
1790321176.771081215,Phase1_Baseline,272
1790321176.848436195,Phase1_Baseline,273
1790321176.931823188,Phase1_Baseline,273
1790321177.011960780,Phase1_Baseline,274
1790321177.093572186,Phase1_Baseline,274
1790321177.184088627,Phase1_Baseline,275
1790321177.239394415,Phase1_Baseline,275
1790321177.319891123,Phase1_Baseline,275
1790321177.399237696,Phase1_Baseline,276
1790321177.474205450,Phase1_Baseline,276
1790321177.553222608,Phase1_Baseline,277
1790321177.633578641,Phase1_Baseline,277
1790321177.714360492,Phase1_Baseline,278
1790321177.788021773,Phase1_Baseline,278
1790321177.870350778,Phase1_Baseline,279
1790321177.949622728,Phase1_Baseline,279
1790321178.028865895,Phase1_Baseline,280
1790321178.084220224,Phase1_Baseline,280
1790321178.164188257,Phase1_Baseline,281
1790321178.227826376,Phase1_Baseline,281
1790321178.290377267,Phase1_Baseline,281
1790321178.360245590,Phase1_Baseline,282
1790321178.414307991,Phase1_Baseline,282
1790321178.466934625,Phase1_Baseline,282
1790321178.522789085,Phase1_Baseline,283
1790321178.591471923,Phase1_Baseline,283
1790321178.659918858,Phase1_Baseline,284
1790321178.739751255,Phase1_Baseline,284
1790321178.812856708,Phase1_Baseline,284
1790321178.874109239,Phase1_Baseline,285
1790321178.951539900,Phase1_Baseline,285
1790321179.015835220,Phase1_Baseline,286
1790321179.097697485,Phase1_Baseline,286
1790321179.162448369,Phase1_Baseline,287
1790321179.230411307,Phase1_Baseline,287
1790321179.306886302,Phase1_Baseline,287
1790321179.385564459,Phase1_Baseline,288
1790321179.467203990,Phase1_Baseline,288
1790321179.544496125,Phase1_Baseline,289
1790321179.630271081,Phase1_Baseline,289
1790321179.709766883,Phase1_Baseline,290
1790321179.767796743,Phase1_Baseline,290
1790321179.849332376,Phase1_Baseline,291
1790321179.936545720,Phase1_Baseline,291
1790321180.008520171,Phase1_Baseline,292
1790321180.091909320,Phase1_Baseline,292
1790321180.173199323,Phase1_Baseline,293
1790321180.249846543,Phase1_Baseline,293
1790321180.334092464,Phase1_Baseline,294
1790321180.404920657,Phase1_Baseline,294
1790321180.488911886,Phase1_Baseline,294
1790321180.571728534,Phase1_Baseline,295
1790321180.652475858,Phase1_Baseline,295
1790321180.729606002,Phase1_Baseline,296
1790321180.809371649,Phase1_Baseline,296
1790321180.879086786,Phase1_Baseline,297
1790321180.957950988,Phase1_Baseline,297
1790321181.044554502,Phase1_Baseline,298
1790321181.127548707,Phase1_Baseline,298
1790321181.206896400,Phase1_Baseline,299
1790321181.287935231,Phase1_Baseline,299
1790321181.367455071,Phase1_Baseline,300
1790321181.449352226,Phase1_Baseline,300
1790321181.534520006,Phase1_Baseline,301
1790321181.614384420,Phase1_Baseline,301
1790321181.703143476,Phase1_Baseline,302
1790321181.777851496,Phase1_Baseline,302
1790321181.857692843,Phase1_Baseline,303
1790321181.940003978,Phase1_Baseline,303
1790321182.022410462,Phase1_Baseline,303
1790321182.098389115,Phase1_Baseline,304
1790321182.165904549,Phase1_Baseline,304
1790321182.248300459,Phase1_Baseline,305
1790321182.326107808,Phase1_Baseline,305
1790321182.411316323,Phase1_Baseline,306
1790321182.496780786,Phase1_Baseline,306
1790321182.574560349,Phase1_Baseline,307
1790321182.653313782,Phase1_Baseline,307
1790321182.733027189,Phase1_Baseline,308
1790321182.816936262,Phase1_Baseline,308
1790321182.903025155,Phase1_Baseline,309
1790321182.987558668,Phase1_Baseline,309
1790321183.065829661,Phase1_Baseline,310
1790321183.149190810,Phase1_Baseline,310
1790321183.228480367,Phase1_Baseline,310
1790321183.316946777,Phase1_Baseline,311
1790321183.390440784,Phase1_Baseline,311
1790321183.461055669,Phase1_Baseline,312
1790321183.546226217,Phase1_Baseline,312
1790321183.611423754,Phase1_Baseline,313
1790321183.675986060,Phase1_Baseline,313
1790321183.750681746,Phase1_Baseline,314
1790321183.833609000,Phase1_Baseline,314
1790321183.896323456,Phase1_Baseline,314
1790321183.986539308,Phase1_Baseline,315
1790321184.056523652,Phase1_Baseline,315
1790321184.136036663,Phase1_Baseline,316
1790321184.218597875,Phase1_Baseline,316
1790321184.292823844,Phase1_Baseline,317
1790321184.375215065,Phase1_Baseline,317
1790321184.463188499,Phase1_Baseline,318
1790321184.531128526,Phase1_Baseline,318
1790321184.593555865,Phase1_Baseline,319
1790321184.668142315,Phase1_Baseline,319
1790321184.748896895,Phase1_Baseline,319
1790321184.831406129,Phase1_Baseline,320
1790321184.886766744,Phase1_Baseline,320
1790321184.953185995,Phase1_Baseline,321
1790321185.036240369,Phase1_Baseline,321
1790321185.119436521,Phase1_Baseline,322
1790321185.206074257,Phase1_Baseline,322
1790321185.299180896,Phase1_Baseline,323
1790321185.375438024,Phase1_Baseline,323
1790321185.458290910,Phase1_Baseline,324
1790321185.542627987,Phase1_Baseline,324
1790321185.627899560,Phase1_Baseline,325
1790321185.719078817,Phase1_Baseline,325
1790321185.805982713,Phase1_Baseline,326
1790321185.891381695,Phase1_Baseline,326
1790321185.974335160,Phase1_Baseline,327
1790321186.068902191,Phase1_Baseline,327
1790321186.155614291,Phase1_Baseline,328
1790321186.246182437,Phase1_Baseline,328
1790321186.323036911,Phase1_Baseline,329
1790321186.389993120,Phase1_Baseline,329
1790321186.469072988,Phase1_Baseline,329
1790321186.534228772,Phase1_Baseline,330
1790321186.614561063,Phase1_Baseline,330
1790321186.681941422,Phase1_Baseline,331
1790321186.764689257,Phase1_Baseline,331
1790321186.842576340,Phase1_Baseline,332
1790321186.919594768,Phase1_Baseline,332
1790321186.999963230,Phase1_Baseline,333
1790321187.083367745,Phase1_Baseline,333
1790321187.142846118,Phase1_Baseline,333
1790321187.198018672,Phase1_Baseline,334
1790321187.254474943,Phase1_Baseline,334
1790321187.333100999,Phase1_Baseline,334
1790321187.412014063,Phase1_Baseline,335
1790321187.495601170,Phase1_Baseline,335
1790321187.578513784,Phase1_Baseline,336
1790321187.653753441,Phase1_Baseline,336
1790321187.703965571,Phase1_Baseline,337
1790321187.757638280,Phase1_Baseline,337
1790321187.821522844,Phase1_Baseline,337
1790321187.882844287,Phase1_Baseline,338
1790321187.963398891,Phase1_Baseline,338
1790321188.046122107,Phase1_Baseline,339
1790321188.148510843,Phase1_Baseline,339
1790321188.200625353,Phase1_Baseline,339
1790321188.256205378,Phase1_Baseline,340
1790321188.311763615,Phase1_Baseline,340
1790321188.392538380,Phase1_Baseline,341
1790321188.442492725,Phase1_Baseline,341
1790321188.493721707,Phase1_Baseline,341
1790321188.555813375,Phase1_Baseline,341
1790321188.608878880,Phase1_Baseline,342
1790321188.675422749,Phase1_Baseline,342
1790321188.756413768,Phase1_Baseline,343
1790321188.837302664,Phase1_Baseline,343
1790321188.921795859,Phase1_Baseline,344
1790321188.999156040,Phase1_Baseline,344
1790321189.080866904,Phase1_Baseline,345
1790321189.155368047,Phase1_Baseline,345
1790321189.212073294,Phase1_Baseline,345
1790321189.261100474,Phase1_Baseline,346
1790321189.323926846,Phase1_Baseline,346
1790321189.401894801,Phase1_Baseline,346
1790321189.482102581,Phase1_Baseline,347
1790321189.563835542,Phase1_Baseline,347
1790321189.642559724,Phase1_Baseline,348
1790321189.714755725,Phase1_Baseline,348
1790321189.779556463,Phase1_Baseline,349
1790321189.858823998,Phase1_Baseline,349
1790321189.918815875,Phase1_Baseline,349
1790321190.000381238,Phase1_Baseline,350
1790321190.088146841,Phase1_Baseline,350
1790321190.168988779,Phase1_Baseline,351
1790321190.242970408,Phase1_Baseline,351
1790321190.330945154,Phase1_Baseline,352
1790321190.413116349,Phase1_Baseline,352
1790321190.492872639,Phase1_Baseline,353
1790321190.567885456,Phase1_Baseline,353
1790321190.648708056,Phase1_Baseline,354
1790321190.731771184,Phase1_Baseline,354
1790321190.816676782,Phase1_Baseline,355
1790321190.891990141,Phase1_Baseline,355
1790321190.951144511,Phase1_Baseline,355
1790321191.024583275,Phase1_Baseline,356
1790321191.111693734,Phase1_Baseline,356
1790321191.188331340,Phase1_Baseline,357
1790321191.258494810,Phase1_Baseline,357
1790321191.331448122,Phase1_Baseline,358
1790321191.407341536,Phase1_Baseline,358
1790321191.489874617,Phase1_Baseline,358
1790321191.572736748,Phase1_Baseline,359
1790321191.659991032,Phase1_Baseline,359
1790321191.738533797,Phase1_Baseline,360
1790321191.825446609,Phase1_Baseline,360
1790321191.911526767,Phase1_Baseline,361
1790321191.992118721,Phase1_Baseline,361
1790321192.069843761,Phase1_Baseline,362
1790321192.150972889,Phase1_Baseline,362
1790321192.232096681,Phase1_Baseline,363
1790321192.298104912,Phase1_Baseline,363
1790321192.368416809,Phase1_Baseline,364
1790321192.443406991,Phase1_Baseline,364
1790321192.525366407,Phase1_Baseline,365
1790321192.609847036,Phase1_Baseline,365
1790321192.688084396,Phase1_Baseline,366
1790321192.764810917,Phase1_Baseline,366
1790321192.838999439,Phase1_Baseline,366
1790321192.922800047,Phase1_Baseline,367
1790321193.001285514,Phase1_Baseline,367
1790321193.081923599,Phase1_Baseline,368
1790321193.164366838,Phase1_Baseline,368
1790321193.245290981,Phase1_Baseline,369
1790321193.332870793,Phase1_Baseline,369
1790321193.420174640,Phase1_Baseline,370
1790321193.499513120,Phase1_Baseline,370
1790321193.580597793,Phase1_Baseline,371
1790321193.656184634,Phase1_Baseline,371
1790321193.737057026,Phase1_Baseline,371
1790321193.810961922,Phase1_Baseline,372
1790321193.896792354,Phase1_Baseline,372
1790321196.613443434,Phase2_Migrated,10
1790321196.708008585,Phase2_Migrated,10
1790321196.803749010,Phase2_Migrated,10
1790321196.895367596,Phase2_Migrated,20
1790321196.993164613,Phase2_Migrated,20
1790321197.080816887,Phase2_Migrated,40
1790321197.175783296,Phase2_Migrated,40
1790321197.262772303,Phase2_Migrated,80
1790321197.352990039,Phase2_Migrated,132
1790321197.442151755,Phase2_Migrated,160
1790321197.527354427,Phase2_Migrated,270
1790321197.619039745,Phase2_Migrated,320
1790321197.712341444,Phase2_Migrated,532
1790321197.802929028,Phase2_Migrated,640
1790321197.895078561,Phase2_Migrated,946
1790321197.982766075,Phase2_Migrated,992
1790321198.064461305,Phase2_Migrated,828
1790321198.157815142,Phase2_Migrated,621
1790321198.250994093,Phase2_Migrated,548
1790321198.312417254,Phase2_Migrated,548
1790321198.401190774,Phase2_Migrated,468
1790321198.456883699,Phase2_Migrated,352
1790321198.518435314,Phase2_Migrated,274
1790321198.593623643,Phase2_Migrated,274
1790321198.663997718,Phase2_Migrated,274
1790321198.754553750,Phase2_Migrated,275
1790321198.826447291,Phase2_Migrated,275
1790321198.922813869,Phase2_Migrated,276
1790321199.016201267,Phase2_Migrated,277
1790321199.105746258,Phase2_Migrated,277
1790321199.186222170,Phase2_Migrated,278
1790321199.253704207,Phase2_Migrated,278
1790321199.345831331,Phase2_Migrated,279
1790321199.431615427,Phase2_Migrated,279
1790321199.516443975,Phase2_Migrated,280
1790321199.601781638,Phase2_Migrated,280
1790321199.680742506,Phase2_Migrated,281
1790321199.771890747,Phase2_Migrated,281
1790321199.864685773,Phase2_Migrated,282
1790321199.945088690,Phase2_Migrated,282
1790321200.038432271,Phase2_Migrated,283
1790321200.115090335,Phase2_Migrated,283
1790321200.192222948,Phase2_Migrated,284
1790321200.274286278,Phase2_Migrated,284
1790321200.364938634,Phase2_Migrated,285
1790321200.442884070,Phase2_Migrated,285
1790321200.522755845,Phase2_Migrated,286
1790321200.608458396,Phase2_Migrated,286
1790321200.692859873,Phase2_Migrated,287
1790321200.776400459,Phase2_Migrated,287
1790321200.858498901,Phase2_Migrated,288
1790321200.949401976,Phase2_Migrated,288
1790321201.020476727,Phase2_Migrated,289
1790321201.111911616,Phase2_Migrated,289
1790321201.203797671,Phase2_Migrated,290
1790321201.293056405,Phase2_Migrated,290
1790321201.384939076,Phase2_Migrated,291
1790321201.478070077,Phase2_Migrated,291
1790321201.555230019,Phase2_Migrated,292
1790321201.631476330,Phase2_Migrated,292
1790321201.727011009,Phase2_Migrated,293
1790321201.813187815,Phase2_Migrated,293
1790321201.915923882,Phase2_Migrated,294
1790321202.012230307,Phase2_Migrated,295
1790321202.115334073,Phase2_Migrated,295
1790321202.206445602,Phase2_Migrated,296
1790321202.298452179,Phase2_Migrated,296
1790321202.391294253,Phase2_Migrated,297
1790321202.488128954,Phase2_Migrated,297
1790321202.582838580,Phase2_Migrated,298
1790321202.679483987,Phase2_Migrated,299
1790321202.770812993,Phase2_Migrated,299
1790321202.866635070,Phase2_Migrated,300
1790321202.956596904,Phase2_Migrated,300
1790321203.023190500,Phase2_Migrated,301
1790321203.107234371,Phase2_Migrated,301
1790321203.190899695,Phase2_Migrated,302
1790321203.283811296,Phase2_Migrated,302
1790321203.378705528,Phase2_Migrated,303
1790321203.465480635,Phase2_Migrated,303
1790321203.558569537,Phase2_Migrated,304
1790321203.654383402,Phase2_Migrated,304
1790321203.751877723,Phase2_Migrated,305
1790321203.847997447,Phase2_Migrated,306
1790321203.943393710,Phase2_Migrated,306
1790321204.029302928,Phase2_Migrated,307
1790321204.124330415,Phase2_Migrated,307
1790321204.215300740,Phase2_Migrated,308
1790321204.305299509,Phase2_Migrated,308
1790321204.399879949,Phase2_Migrated,309
1790321204.496631704,Phase2_Migrated,309
1790321204.572642215,Phase2_Migrated,310
1790321204.659198949,Phase2_Migrated,310
1790321204.753355892,Phase2_Migrated,311
1790321204.849913983,Phase2_Migrated,311
1790321204.933107192,Phase2_Migrated,312
1790321205.028063996,Phase2_Migrated,312
1790321205.123889927,Phase2_Migrated,313
1790321205.216201472,Phase2_Migrated,314
1790321205.307884053,Phase2_Migrated,314
1790321205.389577048,Phase2_Migrated,315
1790321205.474411841,Phase2_Migrated,315
1790321205.583236462,Phase2_Migrated,316
1790321205.641860589,Phase2_Migrated,316
1790321205.710209801,Phase2_Migrated,316
1790321205.800838152,Phase2_Migrated,317
1790321205.896712113,Phase2_Migrated,318
1790321205.991893599,Phase2_Migrated,318
1790321206.088470667,Phase2_Migrated,319
1790321206.183338820,Phase2_Migrated,319
1790321206.274295352,Phase2_Migrated,320
1790321206.365281486,Phase2_Migrated,320
1790321206.462852139,Phase2_Migrated,321
1790321206.560199043,Phase2_Migrated,321
1790321206.656142671,Phase2_Migrated,322
1790321206.748630834,Phase2_Migrated,323
1790321206.838286135,Phase2_Migrated,323
1790321206.923001100,Phase2_Migrated,324
1790321207.008640168,Phase2_Migrated,324
1790321207.092683166,Phase2_Migrated,324
1790321207.179141919,Phase2_Migrated,325
1790321207.268730810,Phase2_Migrated,326
1790321207.358296594,Phase2_Migrated,326
1790321207.425337972,Phase2_Migrated,326
1790321207.512803265,Phase2_Migrated,327
1790321207.604528354,Phase2_Migrated,327
1790321207.696748744,Phase2_Migrated,328
1790321207.787368991,Phase2_Migrated,329
1790321207.880129930,Phase2_Migrated,329
1790321207.974797051,Phase2_Migrated,330
1790321208.065753164,Phase2_Migrated,330
1790321208.138536946,Phase2_Migrated,331
1790321208.234197077,Phase2_Migrated,331
1790321208.308627908,Phase2_Migrated,331
1790321208.397131504,Phase2_Migrated,332
1790321208.454547806,Phase2_Migrated,332
1790321208.513772581,Phase2_Migrated,333
1790321208.577758669,Phase2_Migrated,333
1790321208.651609510,Phase2_Migrated,333
1790321208.755642071,Phase2_Migrated,334
1790321208.855222880,Phase2_Migrated,335
1790321208.961165748,Phase2_Migrated,335
1790321209.057586635,Phase2_Migrated,336
1790321209.137791402,Phase2_Migrated,336
1790321209.232277821,Phase2_Migrated,337
1790321209.289209609,Phase2_Migrated,337
1790321209.372913453,Phase2_Migrated,338
1790321209.459453367,Phase2_Migrated,338
1790321209.550542663,Phase2_Migrated,339
1790321209.640073633,Phase2_Migrated,339
1790321209.732296336,Phase2_Migrated,340
1790321209.796695175,Phase2_Migrated,340
1790321209.888032891,Phase2_Migrated,341
1790321209.977999306,Phase2_Migrated,341
1790321210.061731351,Phase2_Migrated,342
1790321210.153157168,Phase2_Migrated,342
1790321210.241895157,Phase2_Migrated,343
1790321210.331400178,Phase2_Migrated,343
1790321210.415382501,Phase2_Migrated,344
1790321210.501056562,Phase2_Migrated,344
1790321210.581815588,Phase2_Migrated,345
1790321210.655582610,Phase2_Migrated,345
1790321210.742113960,Phase2_Migrated,346
1790321210.835228248,Phase2_Migrated,346
1790321210.928366335,Phase2_Migrated,347
1790321211.018171510,Phase2_Migrated,347
1790321211.113330590,Phase2_Migrated,348
1790321211.201461816,Phase2_Migrated,348
1790321211.296163962,Phase2_Migrated,349
1790321211.387273641,Phase2_Migrated,349
1790321211.479541951,Phase2_Migrated,350
1790321211.572743045,Phase2_Migrated,350
1790321211.670715502,Phase2_Migrated,351
1790321211.766305546,Phase2_Migrated,351
1790321211.857396936,Phase2_Migrated,352
1790321211.949035715,Phase2_Migrated,352
1790321212.048554152,Phase2_Migrated,353
1790321212.134053416,Phase2_Migrated,354
1790321212.219342804,Phase2_Migrated,354
1790321212.312077419,Phase2_Migrated,355
1790321212.409201908,Phase2_Migrated,355
1790321212.492317427,Phase2_Migrated,356
1790321212.578683130,Phase2_Migrated,356
1790321212.673364703,Phase2_Migrated,357
1790321212.766479134,Phase2_Migrated,357
1790321212.864149268,Phase2_Migrated,358
1790321212.953037625,Phase2_Migrated,358
1790321213.051502619,Phase2_Migrated,359
1790321213.147202692,Phase2_Migrated,359
1790321213.244482281,Phase2_Migrated,360
1790321213.339981445,Phase2_Migrated,360
1790321213.437814711,Phase2_Migrated,361
1790321213.534809147,Phase2_Migrated,362
1790321213.622732545,Phase2_Migrated,362
1790321213.717402242,Phase2_Migrated,363
1790321213.797852289,Phase2_Migrated,363
1790321213.886073067,Phase2_Migrated,364
1790321213.981167523,Phase2_Migrated,364
1790321214.077282198,Phase2_Migrated,365
1790321214.169050969,Phase2_Migrated,365
1790321214.269941191,Phase2_Migrated,366
1790321214.358698876,Phase2_Migrated,366
1790321214.444129321,Phase2_Migrated,367
1790321214.538846896,Phase2_Migrated,367
1790321214.638357684,Phase2_Migrated,368
1790321214.732349215,Phase2_Migrated,368
1790321214.830988601,Phase2_Migrated,369
1790321214.906210998,Phase2_Migrated,369
1790321214.999403610,Phase2_Migrated,370
1790321216.488632383,Uninterrupted_Baseline,1
1790321216.566576087,Uninterrupted_Baseline,1
1790321216.646046753,Uninterrupted_Baseline,1
1790321216.728104650,Uninterrupted_Baseline,1
1790321216.811689329,Uninterrupted_Baseline,1
1790321216.893118352,Uninterrupted_Baseline,1
1790321216.960016347,Uninterrupted_Baseline,1
1790321217.028156583,Uninterrupted_Baseline,1
1790321217.113715120,Uninterrupted_Baseline,1
1790321217.197846102,Uninterrupted_Baseline,1
1790321217.277343101,Uninterrupted_Baseline,1
1790321217.359743799,Uninterrupted_Baseline,1
1790321217.442769742,Uninterrupted_Baseline,1
1790321217.524778668,Uninterrupted_Baseline,1
1790321217.607398248,Uninterrupted_Baseline,1
1790321217.696834174,Uninterrupted_Baseline,1
1790321217.784725311,Uninterrupted_Baseline,1
1790321217.870019630,Uninterrupted_Baseline,1
1790321217.944700732,Uninterrupted_Baseline,1
1790321217.998519778,Uninterrupted_Baseline,1
1790321218.058552294,Uninterrupted_Baseline,1
1790321218.122619382,Uninterrupted_Baseline,1
1790321218.981067896,Uninterrupted_Baseline,10
1790321219.058431495,Uninterrupted_Baseline,10
1790321219.141052055,Uninterrupted_Baseline,10
1790321219.210621480,Uninterrupted_Baseline,20
1790321219.296213897,Uninterrupted_Baseline,20
1790321219.359220695,Uninterrupted_Baseline,40
1790321219.431766338,Uninterrupted_Baseline,40
1790321219.512125813,Uninterrupted_Baseline,80
1790321219.597602480,Uninterrupted_Baseline,80
1790321219.680615773,Uninterrupted_Baseline,158
1790321219.762621653,Uninterrupted_Baseline,158
1790321219.847129749,Uninterrupted_Baseline,316
1790321219.929977483,Uninterrupted_Baseline,316
1790321220.013025050,Uninterrupted_Baseline,619
1790321220.090568132,Uninterrupted_Baseline,632
1790321220.170569094,Uninterrupted_Baseline,914
1790321220.238945558,Uninterrupted_Baseline,1017
1790321220.319427339,Uninterrupted_Baseline,869
1790321220.404626722,Uninterrupted_Baseline,687
1790321220.486814014,Uninterrupted_Baseline,544
1790321220.566904736,Uninterrupted_Baseline,544
1790321220.648431248,Uninterrupted_Baseline,513
1790321220.732627021,Uninterrupted_Baseline,336
1790321220.817172724,Uninterrupted_Baseline,272
1790321220.894900976,Uninterrupted_Baseline,272
1790321220.980842210,Uninterrupted_Baseline,273
1790321221.062912296,Uninterrupted_Baseline,273
1790321221.144334213,Uninterrupted_Baseline,274
1790321221.219277271,Uninterrupted_Baseline,274
1790321221.298847058,Uninterrupted_Baseline,275
1790321221.380939053,Uninterrupted_Baseline,275
1790321221.468337066,Uninterrupted_Baseline,276
1790321221.544197473,Uninterrupted_Baseline,276
1790321221.625017149,Uninterrupted_Baseline,277
1790321221.695173531,Uninterrupted_Baseline,277
1790321221.775536771,Uninterrupted_Baseline,278
1790321221.854963252,Uninterrupted_Baseline,278
1790321221.936969262,Uninterrupted_Baseline,279
1790321222.019594358,Uninterrupted_Baseline,279
1790321222.098536300,Uninterrupted_Baseline,279
1790321222.181935309,Uninterrupted_Baseline,280
1790321222.262898134,Uninterrupted_Baseline,280
1790321222.345946373,Uninterrupted_Baseline,281
1790321222.414273102,Uninterrupted_Baseline,281
1790321222.496226723,Uninterrupted_Baseline,282
1790321222.572021636,Uninterrupted_Baseline,282
1790321222.660208452,Uninterrupted_Baseline,283
1790321222.745803799,Uninterrupted_Baseline,283
1790321222.832888909,Uninterrupted_Baseline,284
1790321222.920096591,Uninterrupted_Baseline,284
1790321223.001165888,Uninterrupted_Baseline,285
1790321223.084284917,Uninterrupted_Baseline,285
1790321223.166530239,Uninterrupted_Baseline,286
1790321223.249123171,Uninterrupted_Baseline,286
1790321223.333135064,Uninterrupted_Baseline,287
1790321223.414316026,Uninterrupted_Baseline,287
1790321223.496627634,Uninterrupted_Baseline,288
1790321223.580290314,Uninterrupted_Baseline,288
1790321223.663165356,Uninterrupted_Baseline,289
1790321223.746559970,Uninterrupted_Baseline,289
1790321223.815055425,Uninterrupted_Baseline,290
1790321223.895406786,Uninterrupted_Baseline,290
1790321223.979286488,Uninterrupted_Baseline,291
1790321224.059731358,Uninterrupted_Baseline,291
1790321224.140187534,Uninterrupted_Baseline,292
1790321224.218807215,Uninterrupted_Baseline,292
1790321224.305523153,Uninterrupted_Baseline,293
1790321224.390070755,Uninterrupted_Baseline,293
1790321224.475700227,Uninterrupted_Baseline,294
1790321224.554338827,Uninterrupted_Baseline,294
1790321224.624019589,Uninterrupted_Baseline,295
1790321224.701514998,Uninterrupted_Baseline,295
1790321224.776200438,Uninterrupted_Baseline,296
1790321224.846969523,Uninterrupted_Baseline,296
1790321224.911823169,Uninterrupted_Baseline,296
1790321224.980580149,Uninterrupted_Baseline,297
1790321225.035997938,Uninterrupted_Baseline,297
1790321225.099836436,Uninterrupted_Baseline,297
1790321225.175869704,Uninterrupted_Baseline,298
1790321225.260175630,Uninterrupted_Baseline,298
1790321225.338026873,Uninterrupted_Baseline,299
1790321225.422385015,Uninterrupted_Baseline,299
1790321225.509708588,Uninterrupted_Baseline,300
1790321225.594995561,Uninterrupted_Baseline,300
1790321225.673266450,Uninterrupted_Baseline,301
1790321225.755384945,Uninterrupted_Baseline,301
1790321225.840944372,Uninterrupted_Baseline,302
1790321225.925640026,Uninterrupted_Baseline,302
1790321226.008101176,Uninterrupted_Baseline,303
1790321226.081185441,Uninterrupted_Baseline,303
1790321226.155869293,Uninterrupted_Baseline,304
1790321226.235466761,Uninterrupted_Baseline,304
1790321226.314100321,Uninterrupted_Baseline,305
1790321226.393934893,Uninterrupted_Baseline,305
1790321226.472537764,Uninterrupted_Baseline,306
1790321226.548543156,Uninterrupted_Baseline,306
1790321226.626512754,Uninterrupted_Baseline,307
1790321226.710025087,Uninterrupted_Baseline,307
1790321226.784395400,Uninterrupted_Baseline,307
1790321226.846426892,Uninterrupted_Baseline,308
1790321226.918846584,Uninterrupted_Baseline,308
1790321226.996949025,Uninterrupted_Baseline,309
1790321227.085262285,Uninterrupted_Baseline,309
1790321227.166617667,Uninterrupted_Baseline,310
1790321227.226264162,Uninterrupted_Baseline,310
1790321227.305801085,Uninterrupted_Baseline,310
1790321227.390143492,Uninterrupted_Baseline,311
1790321227.448605318,Uninterrupted_Baseline,311
1790321227.525283891,Uninterrupted_Baseline,312
1790321227.607445948,Uninterrupted_Baseline,312
1790321227.695810629,Uninterrupted_Baseline,313
1790321227.778821058,Uninterrupted_Baseline,313
1790321227.860218054,Uninterrupted_Baseline,314
1790321227.936371793,Uninterrupted_Baseline,314
1790321228.017753181,Uninterrupted_Baseline,315
1790321228.068968455,Uninterrupted_Baseline,315
1790321228.130075824,Uninterrupted_Baseline,315
1790321228.212901692,Uninterrupted_Baseline,316
1790321228.288494642,Uninterrupted_Baseline,316
1790321228.352537161,Uninterrupted_Baseline,317
1790321228.423985140,Uninterrupted_Baseline,317
1790321228.481590416,Uninterrupted_Baseline,317
1790321228.534473635,Uninterrupted_Baseline,318
1790321228.593681085,Uninterrupted_Baseline,318
1790321228.658092136,Uninterrupted_Baseline,318
1790321228.717639213,Uninterrupted_Baseline,319
1790321228.795574792,Uninterrupted_Baseline,319
1790321228.876953213,Uninterrupted_Baseline,320
1790321228.958560515,Uninterrupted_Baseline,320
1790321229.042224140,Uninterrupted_Baseline,321
1790321229.118567491,Uninterrupted_Baseline,321
1790321229.186671458,Uninterrupted_Baseline,321
1790321229.277492896,Uninterrupted_Baseline,322
1790321229.360933861,Uninterrupted_Baseline,322
1790321229.440494560,Uninterrupted_Baseline,323
1790321229.515722841,Uninterrupted_Baseline,323
1790321229.597763421,Uninterrupted_Baseline,324
1790321229.673329609,Uninterrupted_Baseline,324
1790321229.751869430,Uninterrupted_Baseline,325
1790321229.824319203,Uninterrupted_Baseline,325
1790321229.903343659,Uninterrupted_Baseline,326
1790321229.985412240,Uninterrupted_Baseline,326
1790321230.070315636,Uninterrupted_Baseline,327
1790321230.149512788,Uninterrupted_Baseline,327
1790321230.204496625,Uninterrupted_Baseline,327
1790321230.267424764,Uninterrupted_Baseline,328
1790321230.340897313,Uninterrupted_Baseline,328
1790321230.408186423,Uninterrupted_Baseline,329
1790321230.490735633,Uninterrupted_Baseline,329
1790321230.576941864,Uninterrupted_Baseline,330
1790321230.660992471,Uninterrupted_Baseline,330
1790321230.746080634,Uninterrupted_Baseline,330
1790321230.824476606,Uninterrupted_Baseline,331
1790321230.900040900,Uninterrupted_Baseline,331
1790321230.970918939,Uninterrupted_Baseline,332
1790321231.046161288,Uninterrupted_Baseline,332
1790321231.108354917,Uninterrupted_Baseline,333
1790321231.178517075,Uninterrupted_Baseline,333
1790321231.261160950,Uninterrupted_Baseline,333
1790321231.340527487,Uninterrupted_Baseline,334
1790321231.428192259,Uninterrupted_Baseline,334
1790321231.508113460,Uninterrupted_Baseline,335
1790321231.590773453,Uninterrupted_Baseline,335
1790321231.672562111,Uninterrupted_Baseline,336
1790321231.755522330,Uninterrupted_Baseline,336
1790321231.834035984,Uninterrupted_Baseline,337
1790321231.919960881,Uninterrupted_Baseline,337
1790321231.998494541,Uninterrupted_Baseline,338
1790321232.083550554,Uninterrupted_Baseline,338
1790321232.167720890,Uninterrupted_Baseline,339
1790321232.252438600,Uninterrupted_Baseline,339
1790321232.336903062,Uninterrupted_Baseline,340
1790321232.423403849,Uninterrupted_Baseline,340
1790321232.500390739,Uninterrupted_Baseline,341
1790321232.586327527,Uninterrupted_Baseline,341
1790321232.637927075,Uninterrupted_Baseline,341
1790321232.688961015,Uninterrupted_Baseline,342
1790321232.757318016,Uninterrupted_Baseline,342
1790321232.839608676,Uninterrupted_Baseline,343
1790321232.912881753,Uninterrupted_Baseline,343
1790321232.988256944,Uninterrupted_Baseline,343
1790321233.069785940,Uninterrupted_Baseline,344
1790321233.146049114,Uninterrupted_Baseline,344
1790321233.215875622,Uninterrupted_Baseline,345
1790321233.298887438,Uninterrupted_Baseline,345
1790321233.380331414,Uninterrupted_Baseline,346
1790321233.463384154,Uninterrupted_Baseline,346
1790321233.541479810,Uninterrupted_Baseline,347
1790321233.624638166,Uninterrupted_Baseline,347
1790321233.704469228,Uninterrupted_Baseline,348
1790321233.788470743,Uninterrupted_Baseline,348
1790321233.867726028,Uninterrupted_Baseline,349
1790321233.948821782,Uninterrupted_Baseline,349
1790321234.033697965,Uninterrupted_Baseline,350
1790321234.117273608,Uninterrupted_Baseline,350
1790321234.203163439,Uninterrupted_Baseline,350
1790321234.287595767,Uninterrupted_Baseline,351
1790321234.378257401,Uninterrupted_Baseline,351
1790321234.464401165,Uninterrupted_Baseline,352
1790321234.543574815,Uninterrupted_Baseline,352
1790321234.627903997,Uninterrupted_Baseline,353
1790321234.711963495,Uninterrupted_Baseline,353
1790321234.799490461,Uninterrupted_Baseline,354
1790321234.887607839,Uninterrupted_Baseline,354
1790321234.962517671,Uninterrupted_Baseline,355
1790321235.046536620,Uninterrupted_Baseline,355
1790321235.133937244,Uninterrupted_Baseline,356
1790321235.219742149,Uninterrupted_Baseline,356
1790321235.302519862,Uninterrupted_Baseline,357
1790321235.384476863,Uninterrupted_Baseline,357
1790321235.466185255,Uninterrupted_Baseline,358
1790321235.550098320,Uninterrupted_Baseline,358
1790321235.633920032,Uninterrupted_Baseline,359
1790321235.722823030,Uninterrupted_Baseline,359
1790321235.802773338,Uninterrupted_Baseline,360
1790321235.886902292,Uninterrupted_Baseline,360
1790321235.974380283,Uninterrupted_Baseline,361
1790321236.057289658,Uninterrupted_Baseline,361
1790321236.142362745,Uninterrupted_Baseline,362
1790321236.218436189,Uninterrupted_Baseline,362
1790321236.298319527,Uninterrupted_Baseline,363
1790321236.377352838,Uninterrupted_Baseline,363
1790321236.458284289,Uninterrupted_Baseline,363
1790321236.540532702,Uninterrupted_Baseline,364
1790321236.626055970,Uninterrupted_Baseline,364
1790321236.711110678,Uninterrupted_Baseline,365
1790321236.790951596,Uninterrupted_Baseline,365
1790321236.865157089,Uninterrupted_Baseline,366
1790321236.932384789,Uninterrupted_Baseline,366
1790321236.999756473,Uninterrupted_Baseline,367
1790321237.101495575,Uninterrupted_Baseline,367
1790321237.154586860,Uninterrupted_Baseline,368
1790321237.225297401,Uninterrupted_Baseline,368
1790321237.298783325,Uninterrupted_Baseline,368
1790321237.379673101,Uninterrupted_Baseline,369
1790321237.463804825,Uninterrupted_Baseline,369
1790321237.538370862,Uninterrupted_Baseline,370
1790321237.621916800,Uninterrupted_Baseline,370
1790321237.709937366,Uninterrupted_Baseline,371
1790321237.795220827,Uninterrupted_Baseline,371
1790321237.877096493,Uninterrupted_Baseline,372
1790321237.966741161,Uninterrupted_Baseline,372
1790321238.044968212,Uninterrupted_Baseline,373
1790321238.126315965,Uninterrupted_Baseline,373
1790321238.210887870,Uninterrupted_Baseline,374
1790321238.266049962,Uninterrupted_Baseline,374
1790321238.335761468,Uninterrupted_Baseline,374
1790321238.416778728,Uninterrupted_Baseline,375
1790321238.472028517,Uninterrupted_Baseline,375
1790321238.529796026,Uninterrupted_Baseline,375
1790321238.596787207,Uninterrupted_Baseline,376
1790321238.677805275,Uninterrupted_Baseline,376
1790321238.764395942,Uninterrupted_Baseline,377
1790321238.853489322,Uninterrupted_Baseline,377
1790321238.942533566,Uninterrupted_Baseline,378
1790321239.028044898,Uninterrupted_Baseline,378
1790321239.107929704,Uninterrupted_Baseline,379
1790321239.176374070,Uninterrupted_Baseline,379
1790321239.237147049,Uninterrupted_Baseline,379
1790321239.320920591,Uninterrupted_Baseline,380
1790321239.402952224,Uninterrupted_Baseline,380
1790321239.483782029,Uninterrupted_Baseline,381
1790321239.566134600,Uninterrupted_Baseline,381
1790321239.652555331,Uninterrupted_Baseline,382
1790321239.740039886,Uninterrupted_Baseline,382
1790321239.822499807,Uninterrupted_Baseline,383
1790321239.898897728,Uninterrupted_Baseline,383
1790321239.982480634,Uninterrupted_Baseline,384
1790321240.063839301,Uninterrupted_Baseline,384
1790321240.152040007,Uninterrupted_Baseline,385
1790321240.237876712,Uninterrupted_Baseline,385
1790321240.323521767,Uninterrupted_Baseline,386
1790321240.407104918,Uninterrupted_Baseline,386
1790321240.489554203,Uninterrupted_Baseline,387
1790321240.571030595,Uninterrupted_Baseline,387
1790321240.648223763,Uninterrupted_Baseline,388
1790321240.727603540,Uninterrupted_Baseline,388
1790321240.804468982,Uninterrupted_Baseline,389
1790321240.887459033,Uninterrupted_Baseline,389
1790321240.970113094,Uninterrupted_Baseline,390
1790321241.039047701,Uninterrupted_Baseline,390
1790321241.120504027,Uninterrupted_Baseline,390
1790321241.194812296,Uninterrupted_Baseline,391
1790321241.274115187,Uninterrupted_Baseline,391
1790321241.354178536,Uninterrupted_Baseline,392
1790321241.429015867,Uninterrupted_Baseline,392
1790321241.503852542,Uninterrupted_Baseline,393
1790321241.584283145,Uninterrupted_Baseline,393
1790321241.664095502,Uninterrupted_Baseline,394
1790321241.739607903,Uninterrupted_Baseline,394
1790321241.810544794,Uninterrupted_Baseline,394
1790321241.892906368,Uninterrupted_Baseline,395
1790321241.971519387,Uninterrupted_Baseline,395
1790321242.053724560,Uninterrupted_Baseline,396
1790321242.139079320,Uninterrupted_Baseline,396
1790321242.224516319,Uninterrupted_Baseline,397
1790321242.302445445,Uninterrupted_Baseline,397
1790321242.386215352,Uninterrupted_Baseline,398
1790321242.472304466,Uninterrupted_Baseline,398
1790321242.556068643,Uninterrupted_Baseline,399
1790321242.644084214,Uninterrupted_Baseline,399
1790321242.730711991,Uninterrupted_Baseline,400
1790321242.816766839,Uninterrupted_Baseline,400
1790321242.900445316,Uninterrupted_Baseline,401
1790321242.976069116,Uninterrupted_Baseline,401
1790321243.040487870,Uninterrupted_Baseline,401
1790321243.127308140,Uninterrupted_Baseline,402
1790321243.208585902,Uninterrupted_Baseline,402
1790321243.293997568,Uninterrupted_Baseline,403
1790321243.378842786,Uninterrupted_Baseline,403
1790321243.461052734,Uninterrupted_Baseline,404
1790321243.544140296,Uninterrupted_Baseline,404
1790321243.630624498,Uninterrupted_Baseline,405
1790321243.710387215,Uninterrupted_Baseline,405
1790321243.797717148,Uninterrupted_Baseline,406
1790321243.869399563,Uninterrupted_Baseline,406
1790321243.950329721,Uninterrupted_Baseline,407
1790321244.031005466,Uninterrupted_Baseline,407
1790321244.103924177,Uninterrupted_Baseline,408
1790321244.191136921,Uninterrupted_Baseline,408
1790321244.272544456,Uninterrupted_Baseline,409
1790321244.352162933,Uninterrupted_Baseline,409
1790321244.431077393,Uninterrupted_Baseline,410
1790321244.518747949,Uninterrupted_Baseline,410
1790321244.602350236,Uninterrupted_Baseline,411
1790321244.678103682,Uninterrupted_Baseline,411
1790321244.765696990,Uninterrupted_Baseline,412
1790321244.851089112,Uninterrupted_Baseline,412
1790321244.943811425,Uninterrupted_Baseline,413
1790321245.045206864,Uninterrupted_Baseline,413
1790321245.097561548,Uninterrupted_Baseline,414
1790321245.154909987,Uninterrupted_Baseline,414
1790321245.214583567,Uninterrupted_Baseline,414
1790321245.293256383,Uninterrupted_Baseline,415
1790321245.374385718,Uninterrupted_Baseline,415
1790321245.456826504,Uninterrupted_Baseline,416
1790321245.542040164,Uninterrupted_Baseline,416
1790321245.611729611,Uninterrupted_Baseline,416
1790321245.687492922,Uninterrupted_Baseline,417
1790321245.771728000,Uninterrupted_Baseline,417
1790321245.856494949,Uninterrupted_Baseline,418
1790321245.923021991,Uninterrupted_Baseline,418
1790321246.007409567,Uninterrupted_Baseline,419
1790321246.095901659,Uninterrupted_Baseline,419
1790321246.176700359,Uninterrupted_Baseline,420
1790321246.257073071,Uninterrupted_Baseline,420
1790321246.324455049,Uninterrupted_Baseline,421
1790321246.408467250,Uninterrupted_Baseline,421
1790321246.490048181,Uninterrupted_Baseline,422
1790321246.567643020,Uninterrupted_Baseline,422
1790321246.631798529,Uninterrupted_Baseline,422
1790321246.715944914,Uninterrupted_Baseline,423
1790321246.800962464,Uninterrupted_Baseline,423
1790321246.878740899,Uninterrupted_Baseline,424
1790321246.961291091,Uninterrupted_Baseline,424
1790321247.040788791,Uninterrupted_Baseline,425
1790321247.122421173,Uninterrupted_Baseline,425
1790321247.204680708,Uninterrupted_Baseline,426
1790321247.288439051,Uninterrupted_Baseline,426
1790321247.370606194,Uninterrupted_Baseline,427
1790321247.450105755,Uninterrupted_Baseline,427
1790321247.535314442,Uninterrupted_Baseline,428
1790321247.619031417,Uninterrupted_Baseline,428
1790321247.701910963,Uninterrupted_Baseline,429
1790321247.780217007,Uninterrupted_Baseline,429
1790321247.859963675,Uninterrupted_Baseline,429
1790321247.941390393,Uninterrupted_Baseline,430
1790321248.017760518,Uninterrupted_Baseline,430
1790321248.070992526,Uninterrupted_Baseline,431
1790321248.144924674,Uninterrupted_Baseline,431
1790321248.217167594,Uninterrupted_Baseline,431
1790321248.273587883,Uninterrupted_Baseline,432
1790321248.326338977,Uninterrupted_Baseline,432
1790321248.384822043,Uninterrupted_Baseline,432
1790321248.442909579,Uninterrupted_Baseline,433
1790321248.493317748,Uninterrupted_Baseline,433
1790321248.550443856,Uninterrupted_Baseline,433
1790321248.607211020,Uninterrupted_Baseline,434
1790321248.682945289,Uninterrupted_Baseline,434
1790321248.756085238,Uninterrupted_Baseline,435
1790321248.842820368,Uninterrupted_Baseline,435
1790321248.925883329,Uninterrupted_Baseline,436
1790321249.006854452,Uninterrupted_Baseline,436
1790321249.089909898,Uninterrupted_Baseline,437
1790321249.163524883,Uninterrupted_Baseline,437
1790321249.223853054,Uninterrupted_Baseline,437
1790321249.304284532,Uninterrupted_Baseline,438
1790321249.384155419,Uninterrupted_Baseline,438
1790321249.471319395,Uninterrupted_Baseline,439
1790321249.550512152,Uninterrupted_Baseline,439
1790321249.634347136,Uninterrupted_Baseline,440
1790321249.720953454,Uninterrupted_Baseline,440
1790321249.801378532,Uninterrupted_Baseline,441
1790321249.885189266,Uninterrupted_Baseline,441
1790321249.954364564,Uninterrupted_Baseline,442
1790321250.025287628,Uninterrupted_Baseline,442
1790321250.109557211,Uninterrupted_Baseline,442
1790321250.189478844,Uninterrupted_Baseline,443
1790321250.276622198,Uninterrupted_Baseline,443
1790321250.347151074,Uninterrupted_Baseline,444
1790321250.430146030,Uninterrupted_Baseline,444
1790321250.513087783,Uninterrupted_Baseline,445
1790321250.578884202,Uninterrupted_Baseline,445
1790321250.662704796,Uninterrupted_Baseline,446
1790321250.743322786,Uninterrupted_Baseline,446
1790321250.822733480,Uninterrupted_Baseline,447
1790321250.902891782,Uninterrupted_Baseline,447
1790321250.982897030,Uninterrupted_Baseline,447
1790321251.058946855,Uninterrupted_Baseline,448
1790321251.142483526,Uninterrupted_Baseline,448
1790321251.228522268,Uninterrupted_Baseline,449
1790321251.292474531,Uninterrupted_Baseline,449
1790321251.373475460,Uninterrupted_Baseline,450
1790321251.455216280,Uninterrupted_Baseline,450
1790321251.540801891,Uninterrupted_Baseline,451
1790321251.628322822,Uninterrupted_Baseline,451
1790321251.712977459,Uninterrupted_Baseline,452
1790321251.800710463,Uninterrupted_Baseline,452
1790321251.885159492,Uninterrupted_Baseline,453
1790321251.974014564,Uninterrupted_Baseline,453
1790321252.055331661,Uninterrupted_Baseline,454
1790321252.135793086,Uninterrupted_Baseline,454
1790321252.222859928,Uninterrupted_Baseline,455
1790321252.306302049,Uninterrupted_Baseline,455
1790321252.389040749,Uninterrupted_Baseline,456
1790321252.475923264,Uninterrupted_Baseline,456
1790321252.560205392,Uninterrupted_Baseline,457
1790321264.143561695,Phase1_Baseline,10
1790321264.224623623,Phase1_Baseline,10
1790321264.303130370,Phase1_Baseline,20
1790321264.384071697,Phase1_Baseline,20
1790321264.464283495,Phase1_Baseline,40
1790321264.539328992,Phase1_Baseline,40
1790321264.617355449,Phase1_Baseline,80
1790321264.702211982,Phase1_Baseline,80
1790321264.787995945,Phase1_Baseline,160
1790321264.874630666,Phase1_Baseline,160
1790321264.950084156,Phase1_Baseline,320
1790321265.031582080,Phase1_Baseline,320
1790321265.117309466,Phase1_Baseline,590
1790321265.197034969,Phase1_Baseline,640
1790321265.281914364,Phase1_Baseline,925
1790321265.361795873,Phase1_Baseline,981
1790321265.447960740,Phase1_Baseline,819
1790321265.536392750,Phase1_Baseline,629
1790321265.614845483,Phase1_Baseline,540
1790321265.690620686,Phase1_Baseline,500
1790321265.763216165,Phase1_Baseline,403
1790321265.836780589,Phase1_Baseline,270
1790321265.914722550,Phase1_Baseline,270
1790321265.993851203,Phase1_Baseline,271
1790321266.060364600,Phase1_Baseline,271
1790321266.140909275,Phase1_Baseline,271
1790321266.210573808,Phase1_Baseline,272
1790321266.287343636,Phase1_Baseline,272
1790321266.370787842,Phase1_Baseline,273
1790321266.453994470,Phase1_Baseline,273
1790321266.532207586,Phase1_Baseline,274
1790321266.618937143,Phase1_Baseline,274
1790321266.698387123,Phase1_Baseline,275
1790321266.779096156,Phase1_Baseline,275
1790321266.854089514,Phase1_Baseline,276
1790321266.927575864,Phase1_Baseline,276
1790321267.008999958,Phase1_Baseline,277
1790321267.091903532,Phase1_Baseline,277
1790321267.146062191,Phase1_Baseline,278
1790321267.222336192,Phase1_Baseline,278
1790321267.278416644,Phase1_Baseline,278
1790321267.345081318,Phase1_Baseline,279
1790321267.412264657,Phase1_Baseline,279
1790321267.496150583,Phase1_Baseline,280
1790321267.571884965,Phase1_Baseline,280
1790321267.634578180,Phase1_Baseline,280
1790321267.708348526,Phase1_Baseline,281
1790321267.772497751,Phase1_Baseline,281
1790321267.853262893,Phase1_Baseline,282
1790321267.922688028,Phase1_Baseline,282
1790321268.004814234,Phase1_Baseline,283
1790321268.081551892,Phase1_Baseline,283
1790321268.163919579,Phase1_Baseline,284
1790321268.246606465,Phase1_Baseline,284
1790321268.298733150,Phase1_Baseline,284
1790321268.384837458,Phase1_Baseline,285
1790321268.445053382,Phase1_Baseline,285
1790321268.497014772,Phase1_Baseline,286
1790321268.554630877,Phase1_Baseline,286
1790321268.608942419,Phase1_Baseline,286
1790321268.685492688,Phase1_Baseline,287
1790321268.767911213,Phase1_Baseline,287
1790321268.848550806,Phase1_Baseline,288
1790321268.930702716,Phase1_Baseline,288
1790321269.015715882,Phase1_Baseline,289
1790321269.095996798,Phase1_Baseline,289
1790321269.153219576,Phase1_Baseline,289
1790321269.209791792,Phase1_Baseline,290
1790321269.291174232,Phase1_Baseline,290
1790321269.377535446,Phase1_Baseline,291
1790321269.454953025,Phase1_Baseline,291
1790321269.535750467,Phase1_Baseline,292
1790321269.613898096,Phase1_Baseline,292
1790321269.685394611,Phase1_Baseline,293
1790321269.741982963,Phase1_Baseline,293
1790321269.804023453,Phase1_Baseline,293
1790321269.884700915,Phase1_Baseline,294
1790321269.942555308,Phase1_Baseline,294
1790321270.019503933,Phase1_Baseline,295
1790321270.096880411,Phase1_Baseline,295
1790321270.186586238,Phase1_Baseline,296
1790321270.266258120,Phase1_Baseline,296
1790321270.340135807,Phase1_Baseline,296
1790321270.399944231,Phase1_Baseline,297
1790321270.478330110,Phase1_Baseline,297
1790321270.557486694,Phase1_Baseline,298
1790321270.625320816,Phase1_Baseline,298
1790321270.703456431,Phase1_Baseline,299
1790321270.785996219,Phase1_Baseline,299
1790321270.866949860,Phase1_Baseline,300
1790321270.947069251,Phase1_Baseline,300
1790321271.027133502,Phase1_Baseline,301
1790321271.108791103,Phase1_Baseline,301
1790321271.188409336,Phase1_Baseline,301
1790321271.269782101,Phase1_Baseline,302
1790321271.351559647,Phase1_Baseline,302
1790321271.429480674,Phase1_Baseline,303
1790321271.491981835,Phase1_Baseline,303
1790321271.570905920,Phase1_Baseline,304
1790321271.653363694,Phase1_Baseline,304
1790321271.734317644,Phase1_Baseline,305
1790321271.817407023,Phase1_Baseline,305
1790321271.903016163,Phase1_Baseline,306
1790321271.977970049,Phase1_Baseline,306
1790321272.070933227,Phase1_Baseline,307
1790321272.151834597,Phase1_Baseline,307
1790321272.224322288,Phase1_Baseline,308
1790321272.302747044,Phase1_Baseline,308
1790321272.383607989,Phase1_Baseline,309
1790321272.462088474,Phase1_Baseline,309
1790321272.556132497,Phase1_Baseline,310
1790321272.641425906,Phase1_Baseline,310
1790321272.719318793,Phase1_Baseline,310
1790321272.808001001,Phase1_Baseline,311
1790321272.901510764,Phase1_Baseline,312
1790321272.990422707,Phase1_Baseline,312
1790321273.081077227,Phase1_Baseline,313
1790321273.167574751,Phase1_Baseline,313
1790321273.248844714,Phase1_Baseline,314
1790321273.324817149,Phase1_Baseline,314
1790321273.398740451,Phase1_Baseline,314
1790321273.473833195,Phase1_Baseline,315
1790321273.563027342,Phase1_Baseline,315
1790321273.651732207,Phase1_Baseline,316
1790321273.735570919,Phase1_Baseline,316
1790321273.811553924,Phase1_Baseline,317
1790321273.899575547,Phase1_Baseline,317
1790321273.973492102,Phase1_Baseline,318
1790321274.049767232,Phase1_Baseline,318
1790321274.124200798,Phase1_Baseline,319
1790321274.206925713,Phase1_Baseline,319
1790321274.290046288,Phase1_Baseline,320
1790321274.372489773,Phase1_Baseline,320
1790321274.453633328,Phase1_Baseline,321
1790321274.532730437,Phase1_Baseline,321
1790321274.620034751,Phase1_Baseline,322
1790321274.703174969,Phase1_Baseline,322
1790321274.782696300,Phase1_Baseline,323
1790321274.854916093,Phase1_Baseline,323
1790321274.913066258,Phase1_Baseline,323
1790321274.987676250,Phase1_Baseline,324
1790321275.048512021,Phase1_Baseline,324
1790321275.103580645,Phase1_Baseline,324
1790321275.170987638,Phase1_Baseline,325
1790321275.249179073,Phase1_Baseline,325
1790321275.327083877,Phase1_Baseline,326
1790321275.409291938,Phase1_Baseline,326
1790321275.489627356,Phase1_Baseline,327
1790321275.575638601,Phase1_Baseline,327
1790321275.646014988,Phase1_Baseline,328
1790321275.723699928,Phase1_Baseline,328
1790321275.801096632,Phase1_Baseline,328
1790321275.875194150,Phase1_Baseline,329
1790321275.953918586,Phase1_Baseline,329
1790321276.039701789,Phase1_Baseline,330
1790321276.125256001,Phase1_Baseline,330
1790321276.203325423,Phase1_Baseline,331
1790321276.276914535,Phase1_Baseline,331
1790321276.335149560,Phase1_Baseline,331
1790321276.415595012,Phase1_Baseline,332
1790321276.495374076,Phase1_Baseline,332
1790321276.576335916,Phase1_Baseline,333
1790321276.659037792,Phase1_Baseline,333
1790321276.745960166,Phase1_Baseline,334
1790321276.828579905,Phase1_Baseline,334
1790321276.908826800,Phase1_Baseline,335
1790321276.987771358,Phase1_Baseline,335
1790321277.070134975,Phase1_Baseline,336
1790321277.150575681,Phase1_Baseline,336
1790321277.221845645,Phase1_Baseline,337
1790321277.286555698,Phase1_Baseline,337
1790321277.369151773,Phase1_Baseline,338
1790321277.437074572,Phase1_Baseline,338
1790321277.517088358,Phase1_Baseline,338
1790321277.597362088,Phase1_Baseline,339
1790321277.676425015,Phase1_Baseline,339
1790321277.750177192,Phase1_Baseline,340
1790321277.840818355,Phase1_Baseline,340
1790321277.917623507,Phase1_Baseline,341
1790321277.997760502,Phase1_Baseline,341
1790321278.058860194,Phase1_Baseline,342
1790321278.138606388,Phase1_Baseline,342
1790321278.226495128,Phase1_Baseline,342
1790321278.292907702,Phase1_Baseline,343
1790321278.369125662,Phase1_Baseline,343
1790321278.434355407,Phase1_Baseline,344
1790321278.490961398,Phase1_Baseline,344
1790321278.545102260,Phase1_Baseline,344
1790321278.606467369,Phase1_Baseline,345
1790321278.664488165,Phase1_Baseline,345
1790321278.736952683,Phase1_Baseline,345
1790321278.809811256,Phase1_Baseline,346
1790321278.885574969,Phase1_Baseline,346
1790321278.950930815,Phase1_Baseline,347
1790321279.034402057,Phase1_Baseline,347
1790321279.120857992,Phase1_Baseline,348
1790321279.193040203,Phase1_Baseline,348
1790321279.266644368,Phase1_Baseline,348
1790321279.353133579,Phase1_Baseline,349
1790321279.433516884,Phase1_Baseline,350
1790321279.509301833,Phase1_Baseline,350
1790321279.591082147,Phase1_Baseline,350
1790321279.673533190,Phase1_Baseline,351
1790321279.749602402,Phase1_Baseline,351
1790321279.827298257,Phase1_Baseline,352
1790321279.894064907,Phase1_Baseline,352
1790321279.966016187,Phase1_Baseline,353
1790321280.044160390,Phase1_Baseline,353
1790321280.122446972,Phase1_Baseline,353
1790321280.207078125,Phase1_Baseline,354
1790321280.287099944,Phase1_Baseline,354
1790321280.371036390,Phase1_Baseline,355
1790321280.457035672,Phase1_Baseline,355
1790321280.540352916,Phase1_Baseline,356
1790321280.606983695,Phase1_Baseline,356
1790321280.677464641,Phase1_Baseline,357
1790321280.758609215,Phase1_Baseline,357
1790321280.838867238,Phase1_Baseline,358
1790321280.908515288,Phase1_Baseline,358
1790321280.987782570,Phase1_Baseline,359
1790321281.061744095,Phase1_Baseline,359
1790321281.145782678,Phase1_Baseline,359
1790321281.226558562,Phase1_Baseline,360
1790321281.305046624,Phase1_Baseline,360
1790321281.390422580,Phase1_Baseline,361
1790321281.473482595,Phase1_Baseline,361
1790321281.555450756,Phase1_Baseline,362
1790321281.638336557,Phase1_Baseline,362
1790321281.715944429,Phase1_Baseline,363
1790321281.803265367,Phase1_Baseline,363
1790321281.883184434,Phase1_Baseline,364
1790321281.972735710,Phase1_Baseline,364
1790321282.040908146,Phase1_Baseline,365
1790321282.120214473,Phase1_Baseline,365
1790321282.203345247,Phase1_Baseline,365
1790321282.282849265,Phase1_Baseline,366
1790321282.356812378,Phase1_Baseline,366
1790321282.411993110,Phase1_Baseline,367
1790321282.470876745,Phase1_Baseline,367
1790321282.524613891,Phase1_Baseline,367
1790321282.586265728,Phase1_Baseline,368
1790321282.662555874,Phase1_Baseline,368
1790321282.718152633,Phase1_Baseline,368
1790321282.788603343,Phase1_Baseline,369
1790321282.875942261,Phase1_Baseline,369
1790321282.962281185,Phase1_Baseline,370
1790321283.049618647,Phase1_Baseline,370
1790321283.131839787,Phase1_Baseline,371
1790321283.213268074,Phase1_Baseline,371
1790321283.299841740,Phase1_Baseline,372
1790321283.385032315,Phase1_Baseline,372
1790321286.054169981,Phase2_Migrated,10
1790321286.150421848,Phase2_Migrated,10
1790321286.246705612,Phase2_Migrated,10
1790321286.331374302,Phase2_Migrated,20
1790321286.422599880,Phase2_Migrated,20
1790321286.508526669,Phase2_Migrated,40
1790321286.602615053,Phase2_Migrated,40
1790321286.701035360,Phase2_Migrated,80
1790321286.795935623,Phase2_Migrated,80
1790321286.888767480,Phase2_Migrated,160
1790321286.979185200,Phase2_Migrated,206
1790321287.071503043,Phase2_Migrated,320
1790321287.165615352,Phase2_Migrated,474
1790321287.255613958,Phase2_Migrated,640
1790321287.348517821,Phase2_Migrated,899
1790321287.446943799,Phase2_Migrated,1002
1790321287.540096185,Phase2_Migrated,819
1790321287.634254600,Phase2_Migrated,615
1790321287.732088877,Phase2_Migrated,549
1790321287.831387677,Phase2_Migrated,535
1790321287.927633342,Phase2_Migrated,335
1790321288.022004725,Phase2_Migrated,274
1790321288.085304869,Phase2_Migrated,274
1790321288.185802462,Phase2_Migrated,275
1790321288.273449737,Phase2_Migrated,275
1790321288.359072145,Phase2_Migrated,276
1790321288.431459066,Phase2_Migrated,276
1790321288.485570051,Phase2_Migrated,277
1790321288.547490781,Phase2_Migrated,277
1790321288.613826701,Phase2_Migrated,277
1790321288.690491068,Phase2_Migrated,278
1790321288.769615599,Phase2_Migrated,278
1790321288.842417204,Phase2_Migrated,279
1790321288.934275205,Phase2_Migrated,279
1790321289.023630048,Phase2_Migrated,280
1790321289.103961102,Phase2_Migrated,280
1790321289.177746398,Phase2_Migrated,281
1790321289.281575000,Phase2_Migrated,281
1790321289.383111585,Phase2_Migrated,282
1790321289.474025831,Phase2_Migrated,283
1790321289.572208048,Phase2_Migrated,283
1790321289.666925262,Phase2_Migrated,284
1790321289.756487081,Phase2_Migrated,284
1790321289.830546311,Phase2_Migrated,285
1790321289.891206704,Phase2_Migrated,285
1790321289.987328156,Phase2_Migrated,286
1790321290.083618885,Phase2_Migrated,286
1790321290.180383656,Phase2_Migrated,287
1790321290.278687524,Phase2_Migrated,287
1790321290.371357555,Phase2_Migrated,288
1790321290.465841259,Phase2_Migrated,289
1790321290.554559784,Phase2_Migrated,289
1790321290.648298914,Phase2_Migrated,290
1790321290.732699651,Phase2_Migrated,290
1790321290.802916666,Phase2_Migrated,291
1790321290.897408204,Phase2_Migrated,291
1790321290.993337169,Phase2_Migrated,292
1790321291.089104669,Phase2_Migrated,292
1790321291.171248876,Phase2_Migrated,293
1790321291.264122715,Phase2_Migrated,293
1790321291.322953103,Phase2_Migrated,294
1790321291.417279429,Phase2_Migrated,294
1790321291.505448335,Phase2_Migrated,295
1790321291.604972943,Phase2_Migrated,295
1790321291.698773950,Phase2_Migrated,296
1790321291.767998025,Phase2_Migrated,296
1790321291.863032839,Phase2_Migrated,297
1790321291.948242733,Phase2_Migrated,297
1790321292.020517702,Phase2_Migrated,298
1790321292.114047699,Phase2_Migrated,298
1790321292.208367127,Phase2_Migrated,299
1790321292.299454173,Phase2_Migrated,299
1790321292.395827229,Phase2_Migrated,300
1790321292.490713785,Phase2_Migrated,301
1790321292.580871359,Phase2_Migrated,301
1790321292.676869835,Phase2_Migrated,302
1790321292.771769662,Phase2_Migrated,302
1790321292.860819162,Phase2_Migrated,303
1790321292.947143606,Phase2_Migrated,303
1790321293.027716065,Phase2_Migrated,304
1790321293.118442118,Phase2_Migrated,304
1790321293.208518905,Phase2_Migrated,305
1790321293.301987574,Phase2_Migrated,305
1790321293.383322608,Phase2_Migrated,306
1790321293.470180616,Phase2_Migrated,306
1790321293.546483774,Phase2_Migrated,307
1790321293.635765580,Phase2_Migrated,307
1790321293.726393469,Phase2_Migrated,308
1790321293.820961077,Phase2_Migrated,308
1790321293.920089136,Phase2_Migrated,309
1790321294.012507610,Phase2_Migrated,310
1790321294.097736351,Phase2_Migrated,310
1790321294.196787135,Phase2_Migrated,311
1790321294.290953070,Phase2_Migrated,311
1790321294.382632113,Phase2_Migrated,312
1790321294.477732091,Phase2_Migrated,312
1790321294.573729043,Phase2_Migrated,313
1790321294.669579527,Phase2_Migrated,313
1790321294.762880211,Phase2_Migrated,314
1790321294.849284073,Phase2_Migrated,314
1790321294.939414540,Phase2_Migrated,315
1790321295.035146361,Phase2_Migrated,315
1790321295.125408082,Phase2_Migrated,316
1790321295.219187235,Phase2_Migrated,317
1790321295.316027855,Phase2_Migrated,317
1790321295.409342047,Phase2_Migrated,318
1790321295.501438983,Phase2_Migrated,318
1790321295.601963312,Phase2_Migrated,319
1790321295.697158405,Phase2_Migrated,319
1790321295.784936362,Phase2_Migrated,320
1790321295.876558296,Phase2_Migrated,320
1790321295.962086463,Phase2_Migrated,321
1790321296.046925540,Phase2_Migrated,321
1790321296.142763510,Phase2_Migrated,322
1790321296.233674617,Phase2_Migrated,322
1790321296.317436114,Phase2_Migrated,323
1790321296.403751799,Phase2_Migrated,323
1790321296.499277040,Phase2_Migrated,324
1790321296.595367818,Phase2_Migrated,325
1790321296.689928963,Phase2_Migrated,325
1790321296.778250724,Phase2_Migrated,326
1790321296.873389023,Phase2_Migrated,326
1790321296.959173583,Phase2_Migrated,327
1790321297.054724252,Phase2_Migrated,327
1790321297.150273660,Phase2_Migrated,328
1790321297.222459286,Phase2_Migrated,328
1790321297.286031134,Phase2_Migrated,329
1790321297.378381707,Phase2_Migrated,329
1790321297.466271566,Phase2_Migrated,330
1790321297.550247714,Phase2_Migrated,330
1790321297.633033827,Phase2_Migrated,331
1790321297.722801065,Phase2_Migrated,331
1790321297.818543075,Phase2_Migrated,332
1790321297.912080792,Phase2_Migrated,332
1790321298.008256322,Phase2_Migrated,333
1790321298.070610911,Phase2_Migrated,333
1790321298.143935390,Phase2_Migrated,334
1790321298.206098575,Phase2_Migrated,334
1790321298.281000111,Phase2_Migrated,334
1790321298.341804006,Phase2_Migrated,335
1790321298.406459357,Phase2_Migrated,335
1790321298.464746811,Phase2_Migrated,335
1790321298.519192684,Phase2_Migrated,336
1790321298.591848862,Phase2_Migrated,336
1790321298.657821073,Phase2_Migrated,337
1790321298.728943099,Phase2_Migrated,337
1790321298.822690621,Phase2_Migrated,337
1790321298.893415135,Phase2_Migrated,338
1790321298.989802775,Phase2_Migrated,338
1790321299.087167354,Phase2_Migrated,339
1790321299.175700424,Phase2_Migrated,339
1790321299.242106258,Phase2_Migrated,340
1790321299.307880320,Phase2_Migrated,340
1790321299.397315034,Phase2_Migrated,341
1790321299.485094832,Phase2_Migrated,341
1790321299.578776422,Phase2_Migrated,342
1790321299.677349323,Phase2_Migrated,342
1790321299.770955079,Phase2_Migrated,343
1790321299.864636684,Phase2_Migrated,343
1790321299.952514954,Phase2_Migrated,344
1790321300.053790986,Phase2_Migrated,345
1790321300.142170663,Phase2_Migrated,345
1790321300.229906247,Phase2_Migrated,346
1790321300.313318374,Phase2_Migrated,346
1790321300.401580571,Phase2_Migrated,347
1790321300.494102431,Phase2_Migrated,347
1790321300.581028653,Phase2_Migrated,348
1790321300.673639775,Phase2_Migrated,348
1790321300.770089471,Phase2_Migrated,349
1790321300.863788088,Phase2_Migrated,349
1790321300.959120973,Phase2_Migrated,350
1790321301.033337610,Phase2_Migrated,350
1790321301.130387497,Phase2_Migrated,351
1790321301.219975346,Phase2_Migrated,351
1790321301.313031387,Phase2_Migrated,352
1790321301.405982996,Phase2_Migrated,352
1790321301.501732642,Phase2_Migrated,353
1790321301.589268749,Phase2_Migrated,353
1790321301.678009590,Phase2_Migrated,354
1790321301.774584768,Phase2_Migrated,354
1790321301.865608518,Phase2_Migrated,355
1790321301.946461737,Phase2_Migrated,355
1790321302.036166661,Phase2_Migrated,356
1790321302.126299910,Phase2_Migrated,356
1790321302.210290805,Phase2_Migrated,357
1790321302.296566771,Phase2_Migrated,357
1790321302.391082319,Phase2_Migrated,358
1790321302.483359103,Phase2_Migrated,359
1790321302.578425482,Phase2_Migrated,359
1790321302.661862997,Phase2_Migrated,360
1790321302.742321760,Phase2_Migrated,360
1790321302.837494349,Phase2_Migrated,361
1790321302.937098128,Phase2_Migrated,361
1790321303.034101705,Phase2_Migrated,362
1790321303.123430738,Phase2_Migrated,362
1790321303.216200041,Phase2_Migrated,363
1790321303.309546080,Phase2_Migrated,363
1790321303.400465927,Phase2_Migrated,364
1790321303.496399504,Phase2_Migrated,364
1790321303.582438716,Phase2_Migrated,365
1790321303.668763701,Phase2_Migrated,365
1790321303.762916377,Phase2_Migrated,366
1790321303.856775021,Phase2_Migrated,367
1790321303.944842452,Phase2_Migrated,367
1790321304.038543243,Phase2_Migrated,368
1790321304.128701069,Phase2_Migrated,368
1790321304.220971922,Phase2_Migrated,369
1790321304.313560764,Phase2_Migrated,369
1790321304.386477528,Phase2_Migrated,370
1790321305.997588279,Uninterrupted_Baseline,1
1790321306.087112628,Uninterrupted_Baseline,1
1790321306.160950573,Uninterrupted_Baseline,1
1790321306.246967444,Uninterrupted_Baseline,1
1790321306.329462836,Uninterrupted_Baseline,1
1790321306.414040685,Uninterrupted_Baseline,1
1790321306.498938016,Uninterrupted_Baseline,1
1790321306.584786770,Uninterrupted_Baseline,1
1790321306.668153318,Uninterrupted_Baseline,1
1790321306.754000681,Uninterrupted_Baseline,1
1790321306.843813537,Uninterrupted_Baseline,1
1790321306.925698174,Uninterrupted_Baseline,1
1790321307.009571401,Uninterrupted_Baseline,1
1790321307.093493662,Uninterrupted_Baseline,1
1790321307.175399227,Uninterrupted_Baseline,1
1790321307.257717951,Uninterrupted_Baseline,1
1790321307.328969218,Uninterrupted_Baseline,1
1790321307.405204403,Uninterrupted_Baseline,1
1790321307.486692334,Uninterrupted_Baseline,1
1790321307.572483281,Uninterrupted_Baseline,1
1790321307.650523752,Uninterrupted_Baseline,1
1790321307.719544978,Uninterrupted_Baseline,1
1790321308.541298600,Uninterrupted_Baseline,10
1790321308.606367005,Uninterrupted_Baseline,10
1790321308.675178481,Uninterrupted_Baseline,20
1790321308.761435330,Uninterrupted_Baseline,20
1790321308.844272419,Uninterrupted_Baseline,40
1790321308.923334980,Uninterrupted_Baseline,40
1790321309.007685288,Uninterrupted_Baseline,80
1790321309.093601660,Uninterrupted_Baseline,80
1790321309.170615700,Uninterrupted_Baseline,160
1790321309.242259515,Uninterrupted_Baseline,160
1790321309.323410157,Uninterrupted_Baseline,298
1790321309.404998500,Uninterrupted_Baseline,320
1790321309.489859107,Uninterrupted_Baseline,491
1790321309.580376566,Uninterrupted_Baseline,640
1790321309.656706168,Uninterrupted_Baseline,844
1790321309.743459652,Uninterrupted_Baseline,1045
1790321309.825944858,Uninterrupted_Baseline,887
1790321309.905521274,Uninterrupted_Baseline,718
1790321309.986562173,Uninterrupted_Baseline,561
1790321310.051429036,Uninterrupted_Baseline,549
1790321310.121170638,Uninterrupted_Baseline,549
1790321310.203008818,Uninterrupted_Baseline,430
1790321310.286549484,Uninterrupted_Baseline,292
1790321310.371953457,Uninterrupted_Baseline,274
1790321310.455856401,Uninterrupted_Baseline,274
1790321310.536122818,Uninterrupted_Baseline,275
1790321310.601568807,Uninterrupted_Baseline,275
1790321310.684824922,Uninterrupted_Baseline,276
1790321310.764351244,Uninterrupted_Baseline,276
1790321310.846448380,Uninterrupted_Baseline,277
1790321310.926000728,Uninterrupted_Baseline,277
1790321311.013175816,Uninterrupted_Baseline,278
1790321311.099769832,Uninterrupted_Baseline,278
1790321311.177203951,Uninterrupted_Baseline,279
1790321311.259120412,Uninterrupted_Baseline,279
1790321311.334260938,Uninterrupted_Baseline,280
1790321311.416616007,Uninterrupted_Baseline,280
1790321311.498936532,Uninterrupted_Baseline,281
1790321311.580333420,Uninterrupted_Baseline,281
1790321311.664620048,Uninterrupted_Baseline,282
1790321311.744261124,Uninterrupted_Baseline,282
1790321311.818448030,Uninterrupted_Baseline,283
1790321311.905470537,Uninterrupted_Baseline,283
1790321311.986944171,Uninterrupted_Baseline,284
1790321312.055946056,Uninterrupted_Baseline,284
1790321312.117488118,Uninterrupted_Baseline,285
1790321312.203438521,Uninterrupted_Baseline,285
1790321312.290797938,Uninterrupted_Baseline,286
1790321312.378755519,Uninterrupted_Baseline,286
1790321312.472152537,Uninterrupted_Baseline,287
1790321312.529205058,Uninterrupted_Baseline,287
1790321312.588720842,Uninterrupted_Baseline,287
1790321312.652365628,Uninterrupted_Baseline,288
1790321312.726949884,Uninterrupted_Baseline,288
1790321312.804427356,Uninterrupted_Baseline,289
1790321312.864166971,Uninterrupted_Baseline,289
1790321312.942982631,Uninterrupted_Baseline,290
1790321313.027968185,Uninterrupted_Baseline,290
1790321313.117507416,Uninterrupted_Baseline,291
1790321313.203155535,Uninterrupted_Baseline,291
1790321313.286813517,Uninterrupted_Baseline,292
1790321313.366556449,Uninterrupted_Baseline,292
1790321313.451063370,Uninterrupted_Baseline,292
1790321313.527618678,Uninterrupted_Baseline,293
1790321313.615595145,Uninterrupted_Baseline,293
1790321313.700790720,Uninterrupted_Baseline,294
1790321313.777476223,Uninterrupted_Baseline,294
1790321313.859456947,Uninterrupted_Baseline,295
1790321313.940176422,Uninterrupted_Baseline,295
1790321314.023536941,Uninterrupted_Baseline,296
1790321314.111408042,Uninterrupted_Baseline,296
1790321314.186482362,Uninterrupted_Baseline,297
1790321314.255910738,Uninterrupted_Baseline,297
1790321314.337459262,Uninterrupted_Baseline,298
1790321314.419875955,Uninterrupted_Baseline,298
1790321314.507348168,Uninterrupted_Baseline,299
1790321314.591711367,Uninterrupted_Baseline,299
1790321314.674522187,Uninterrupted_Baseline,300
1790321314.753736971,Uninterrupted_Baseline,300
1790321314.837793036,Uninterrupted_Baseline,301
1790321314.902132042,Uninterrupted_Baseline,301
1790321314.965761151,Uninterrupted_Baseline,301
1790321315.049474029,Uninterrupted_Baseline,302
1790321315.140112125,Uninterrupted_Baseline,302
1790321315.216271007,Uninterrupted_Baseline,303
1790321315.290483376,Uninterrupted_Baseline,303
1790321315.353601482,Uninterrupted_Baseline,304
1790321315.431199227,Uninterrupted_Baseline,304
1790321315.516920333,Uninterrupted_Baseline,305
1790321315.599693022,Uninterrupted_Baseline,305
1790321315.693966121,Uninterrupted_Baseline,306
1790321315.779032879,Uninterrupted_Baseline,306
1790321315.853557774,Uninterrupted_Baseline,307
1790321315.939715290,Uninterrupted_Baseline,307
1790321316.022395384,Uninterrupted_Baseline,308
1790321316.107461109,Uninterrupted_Baseline,308
1790321316.198079814,Uninterrupted_Baseline,309
1790321316.280164907,Uninterrupted_Baseline,309
1790321316.340292253,Uninterrupted_Baseline,310
1790321316.425281991,Uninterrupted_Baseline,310
1790321316.495717770,Uninterrupted_Baseline,311
1790321316.583172257,Uninterrupted_Baseline,311
1790321316.664966123,Uninterrupted_Baseline,311
1790321316.751105508,Uninterrupted_Baseline,312
1790321316.831893655,Uninterrupted_Baseline,312
1790321316.913175101,Uninterrupted_Baseline,313
1790321316.999588602,Uninterrupted_Baseline,313
1790321317.089530602,Uninterrupted_Baseline,314
1790321317.175078277,Uninterrupted_Baseline,314
1790321317.260378178,Uninterrupted_Baseline,315
1790321317.347401862,Uninterrupted_Baseline,315
1790321317.432887021,Uninterrupted_Baseline,316
1790321317.516541149,Uninterrupted_Baseline,316
1790321317.598789758,Uninterrupted_Baseline,317
1790321317.685444232,Uninterrupted_Baseline,317
1790321317.767091032,Uninterrupted_Baseline,318
1790321317.852978462,Uninterrupted_Baseline,318
1790321317.936443886,Uninterrupted_Baseline,319
1790321318.014892897,Uninterrupted_Baseline,319
1790321318.088030093,Uninterrupted_Baseline,320
1790321318.168727676,Uninterrupted_Baseline,320
1790321318.246816122,Uninterrupted_Baseline,321
1790321318.325074447,Uninterrupted_Baseline,321
1790321318.404085941,Uninterrupted_Baseline,322
1790321318.456152880,Uninterrupted_Baseline,322
1790321318.507351151,Uninterrupted_Baseline,322
1790321318.568096927,Uninterrupted_Baseline,323
1790321318.648125859,Uninterrupted_Baseline,323
1790321318.718122974,Uninterrupted_Baseline,323
1790321318.793514076,Uninterrupted_Baseline,324
1790321318.876977076,Uninterrupted_Baseline,324
1790321318.949665572,Uninterrupted_Baseline,325
1790321319.011281946,Uninterrupted_Baseline,325
1790321319.086157426,Uninterrupted_Baseline,326
1790321319.156245449,Uninterrupted_Baseline,326
1790321319.227916763,Uninterrupted_Baseline,326
1790321319.311813364,Uninterrupted_Baseline,327
1790321319.397572440,Uninterrupted_Baseline,327
1790321319.478794735,Uninterrupted_Baseline,328
1790321319.566425319,Uninterrupted_Baseline,328
1790321319.649871691,Uninterrupted_Baseline,329
1790321319.729495386,Uninterrupted_Baseline,329
1790321319.787187130,Uninterrupted_Baseline,330
1790321319.858678724,Uninterrupted_Baseline,330
1790321319.946695485,Uninterrupted_Baseline,331
1790321320.030029991,Uninterrupted_Baseline,331
1790321320.096101416,Uninterrupted_Baseline,331
1790321320.157269625,Uninterrupted_Baseline,332
1790321320.243634413,Uninterrupted_Baseline,332
1790321320.322263831,Uninterrupted_Baseline,333
1790321320.405942937,Uninterrupted_Baseline,333
1790321320.487157363,Uninterrupted_Baseline,334
1790321320.564162295,Uninterrupted_Baseline,334
1790321320.638270473,Uninterrupted_Baseline,335
1790321320.714616578,Uninterrupted_Baseline,335
1790321320.795257501,Uninterrupted_Baseline,335
1790321320.863182598,Uninterrupted_Baseline,336
1790321320.938435872,Uninterrupted_Baseline,336
1790321321.027753317,Uninterrupted_Baseline,337
1790321321.113769572,Uninterrupted_Baseline,337
1790321321.194285841,Uninterrupted_Baseline,338
1790321321.276836121,Uninterrupted_Baseline,338
1790321321.348060971,Uninterrupted_Baseline,339
1790321321.436006123,Uninterrupted_Baseline,339
1790321321.523007546,Uninterrupted_Baseline,340
1790321321.596829409,Uninterrupted_Baseline,340
1790321321.686687887,Uninterrupted_Baseline,341
1790321321.770813634,Uninterrupted_Baseline,341
1790321321.860096484,Uninterrupted_Baseline,342
1790321321.945921730,Uninterrupted_Baseline,342
1790321322.028488684,Uninterrupted_Baseline,343
1790321322.109829566,Uninterrupted_Baseline,343
1790321322.200261354,Uninterrupted_Baseline,344
1790321322.282502971,Uninterrupted_Baseline,344
1790321322.367820338,Uninterrupted_Baseline,344
1790321322.453925509,Uninterrupted_Baseline,345
1790321322.540809545,Uninterrupted_Baseline,345
1790321322.625856316,Uninterrupted_Baseline,346
1790321322.709017883,Uninterrupted_Baseline,346
1790321322.777489815,Uninterrupted_Baseline,347
1790321322.858879712,Uninterrupted_Baseline,347
1790321322.934088754,Uninterrupted_Baseline,348
1790321323.007420298,Uninterrupted_Baseline,348
1790321323.078976678,Uninterrupted_Baseline,349
1790321323.163597488,Uninterrupted_Baseline,349
1790321323.249706809,Uninterrupted_Baseline,350
1790321323.334507943,Uninterrupted_Baseline,350
1790321323.420402268,Uninterrupted_Baseline,351
1790321323.487116216,Uninterrupted_Baseline,351
1790321323.562599456,Uninterrupted_Baseline,351
1790321323.633566890,Uninterrupted_Baseline,352
1790321323.707327413,Uninterrupted_Baseline,352
1790321323.775927326,Uninterrupted_Baseline,353
1790321323.850108463,Uninterrupted_Baseline,353
1790321323.932137898,Uninterrupted_Baseline,354
1790321324.016506171,Uninterrupted_Baseline,354
1790321324.104185976,Uninterrupted_Baseline,355
1790321324.188374107,Uninterrupted_Baseline,355
1790321324.266762662,Uninterrupted_Baseline,355
1790321324.337439356,Uninterrupted_Baseline,356
1790321324.418419125,Uninterrupted_Baseline,356
1790321324.499797933,Uninterrupted_Baseline,357
1790321324.579574548,Uninterrupted_Baseline,357
1790321324.665108321,Uninterrupted_Baseline,358
1790321324.751547048,Uninterrupted_Baseline,358
1790321324.830682855,Uninterrupted_Baseline,359
1790321324.895912148,Uninterrupted_Baseline,359
1790321324.973149294,Uninterrupted_Baseline,360
1790321325.056955313,Uninterrupted_Baseline,360
1790321325.133375670,Uninterrupted_Baseline,360
1790321325.218084588,Uninterrupted_Baseline,361
1790321325.304615287,Uninterrupted_Baseline,361
1790321325.392113370,Uninterrupted_Baseline,362
1790321325.475736868,Uninterrupted_Baseline,362
1790321325.564494137,Uninterrupted_Baseline,363
1790321325.640899124,Uninterrupted_Baseline,363
1790321325.724526007,Uninterrupted_Baseline,364
1790321325.798761490,Uninterrupted_Baseline,364
1790321325.879976488,Uninterrupted_Baseline,365
1790321325.948753181,Uninterrupted_Baseline,365
1790321326.040381741,Uninterrupted_Baseline,366
1790321326.124846071,Uninterrupted_Baseline,366
1790321326.208297268,Uninterrupted_Baseline,367
1790321326.287607446,Uninterrupted_Baseline,367
1790321326.369692135,Uninterrupted_Baseline,368
1790321326.453085716,Uninterrupted_Baseline,368
1790321326.529706246,Uninterrupted_Baseline,368
1790321326.610015078,Uninterrupted_Baseline,369
1790321326.690421382,Uninterrupted_Baseline,369
1790321326.771468882,Uninterrupted_Baseline,370
1790321326.851947388,Uninterrupted_Baseline,370
1790321326.934011310,Uninterrupted_Baseline,371
1790321327.014775588,Uninterrupted_Baseline,371
1790321327.098518737,Uninterrupted_Baseline,372
1790321327.182474068,Uninterrupted_Baseline,372
1790321327.255382306,Uninterrupted_Baseline,373
1790321327.311286748,Uninterrupted_Baseline,373
1790321327.385614932,Uninterrupted_Baseline,373
1790321327.467611371,Uninterrupted_Baseline,374
1790321327.536339840,Uninterrupted_Baseline,374
1790321327.618388635,Uninterrupted_Baseline,375
1790321327.701952837,Uninterrupted_Baseline,375
1790321327.785096590,Uninterrupted_Baseline,376
1790321327.868570597,Uninterrupted_Baseline,376
1790321327.951304151,Uninterrupted_Baseline,377
1790321328.032093139,Uninterrupted_Baseline,377
1790321328.118329040,Uninterrupted_Baseline,378
1790321328.203953287,Uninterrupted_Baseline,378
1790321328.266566725,Uninterrupted_Baseline,378
1790321328.345081766,Uninterrupted_Baseline,379
1790321328.416444186,Uninterrupted_Baseline,379
1790321328.467770357,Uninterrupted_Baseline,380
1790321328.527495322,Uninterrupted_Baseline,380
1790321328.596335480,Uninterrupted_Baseline,380
1790321328.662725123,Uninterrupted_Baseline,381
1790321328.742143149,Uninterrupted_Baseline,381
1790321328.805614384,Uninterrupted_Baseline,382
1790321328.882306221,Uninterrupted_Baseline,382
1790321328.966946642,Uninterrupted_Baseline,382
1790321329.051188041,Uninterrupted_Baseline,383
1790321329.133713732,Uninterrupted_Baseline,383
1790321329.215730955,Uninterrupted_Baseline,384
1790321329.300791469,Uninterrupted_Baseline,384
1790321329.384070649,Uninterrupted_Baseline,385
1790321329.468717042,Uninterrupted_Baseline,385
1790321329.550762511,Uninterrupted_Baseline,386
1790321329.635788601,Uninterrupted_Baseline,386
1790321329.718474839,Uninterrupted_Baseline,387
1790321329.784826139,Uninterrupted_Baseline,387
1790321329.862635243,Uninterrupted_Baseline,388
1790321329.941602425,Uninterrupted_Baseline,388
1790321330.022594559,Uninterrupted_Baseline,389
1790321330.110184548,Uninterrupted_Baseline,389
1790321330.189483562,Uninterrupted_Baseline,389
1790321330.272253453,Uninterrupted_Baseline,390
1790321330.355428223,Uninterrupted_Baseline,390
1790321330.436879176,Uninterrupted_Baseline,391
1790321330.521152845,Uninterrupted_Baseline,391
1790321330.604695652,Uninterrupted_Baseline,392
1790321330.692744735,Uninterrupted_Baseline,392
1790321330.781025074,Uninterrupted_Baseline,393
1790321330.863293796,Uninterrupted_Baseline,393
1790321330.945975422,Uninterrupted_Baseline,394
1790321331.030584187,Uninterrupted_Baseline,394
1790321331.116800080,Uninterrupted_Baseline,395
1790321331.198087552,Uninterrupted_Baseline,395
1790321331.272506058,Uninterrupted_Baseline,396
1790321331.337276991,Uninterrupted_Baseline,396
1790321331.423492067,Uninterrupted_Baseline,397
1790321331.504061483,Uninterrupted_Baseline,397
1790321331.585404110,Uninterrupted_Baseline,398
1790321331.667367653,Uninterrupted_Baseline,398
1790321331.748917499,Uninterrupted_Baseline,399
1790321331.835117520,Uninterrupted_Baseline,399
1790321331.921814400,Uninterrupted_Baseline,400
1790321332.000718837,Uninterrupted_Baseline,400
1790321332.085677376,Uninterrupted_Baseline,401
1790321332.167942878,Uninterrupted_Baseline,401
1790321332.248832971,Uninterrupted_Baseline,402
1790321332.329119791,Uninterrupted_Baseline,402
1790321332.411581303,Uninterrupted_Baseline,403
1790321332.489139187,Uninterrupted_Baseline,403
1790321332.568986302,Uninterrupted_Baseline,403
1790321332.649373150,Uninterrupted_Baseline,404
1790321332.733434917,Uninterrupted_Baseline,404
1790321332.818188546,Uninterrupted_Baseline,405
1790321332.910352846,Uninterrupted_Baseline,405
1790321332.998605153,Uninterrupted_Baseline,406
1790321333.084752261,Uninterrupted_Baseline,407
1790321333.171716901,Uninterrupted_Baseline,407
1790321333.248902616,Uninterrupted_Baseline,407
1790321333.329360012,Uninterrupted_Baseline,408
1790321333.415178664,Uninterrupted_Baseline,408
1790321333.498362283,Uninterrupted_Baseline,409
1790321333.569236621,Uninterrupted_Baseline,409
1790321333.655278787,Uninterrupted_Baseline,410
1790321333.741546615,Uninterrupted_Baseline,410
1790321333.828293121,Uninterrupted_Baseline,411
1790321333.912625406,Uninterrupted_Baseline,411
1790321333.995789190,Uninterrupted_Baseline,412
1790321334.059870195,Uninterrupted_Baseline,412
1790321334.137146069,Uninterrupted_Baseline,413
1790321334.223424681,Uninterrupted_Baseline,413
1790321334.307197120,Uninterrupted_Baseline,414
1790321334.392033821,Uninterrupted_Baseline,414
1790321334.477110686,Uninterrupted_Baseline,415
1790321334.551050018,Uninterrupted_Baseline,415
1790321334.633861693,Uninterrupted_Baseline,416
1790321334.723069212,Uninterrupted_Baseline,416
1790321334.803890576,Uninterrupted_Baseline,416
1790321334.865504259,Uninterrupted_Baseline,417
1790321334.928754958,Uninterrupted_Baseline,417
1790321334.999457073,Uninterrupted_Baseline,418
1790321335.058009735,Uninterrupted_Baseline,418
1790321335.130798733,Uninterrupted_Baseline,418
1790321335.207737024,Uninterrupted_Baseline,419
1790321335.295996635,Uninterrupted_Baseline,419
1790321335.382938454,Uninterrupted_Baseline,420
1790321335.473091141,Uninterrupted_Baseline,420
1790321335.560686123,Uninterrupted_Baseline,421
1790321335.634417989,Uninterrupted_Baseline,421
1790321335.723771123,Uninterrupted_Baseline,422
1790321335.804379356,Uninterrupted_Baseline,422
1790321335.888736406,Uninterrupted_Baseline,423
1790321335.979750792,Uninterrupted_Baseline,423
1790321336.065335603,Uninterrupted_Baseline,424
1790321336.149173349,Uninterrupted_Baseline,424
1790321336.234086031,Uninterrupted_Baseline,425
1790321336.315539439,Uninterrupted_Baseline,425
1790321336.398085886,Uninterrupted_Baseline,426
1790321336.480976352,Uninterrupted_Baseline,426
1790321336.564888199,Uninterrupted_Baseline,427
1790321336.647979920,Uninterrupted_Baseline,427
1790321336.728502269,Uninterrupted_Baseline,428
1790321336.806168024,Uninterrupted_Baseline,428
1790321336.895388969,Uninterrupted_Baseline,429
1790321336.980559067,Uninterrupted_Baseline,429
1790321337.063434743,Uninterrupted_Baseline,430
1790321337.141576572,Uninterrupted_Baseline,430
1790321337.219517710,Uninterrupted_Baseline,430
1790321337.288327722,Uninterrupted_Baseline,431
1790321337.364916671,Uninterrupted_Baseline,431
1790321337.447202455,Uninterrupted_Baseline,432
1790321337.524382607,Uninterrupted_Baseline,432
1790321337.607638863,Uninterrupted_Baseline,433
1790321337.693316775,Uninterrupted_Baseline,433
1790321337.774381760,Uninterrupted_Baseline,434
1790321337.837467334,Uninterrupted_Baseline,434
1790321337.913376382,Uninterrupted_Baseline,434
1790321337.980594699,Uninterrupted_Baseline,435
1790321338.032129772,Uninterrupted_Baseline,435
1790321338.086613321,Uninterrupted_Baseline,435
1790321338.165891219,Uninterrupted_Baseline,436
1790321338.252081413,Uninterrupted_Baseline,436
1790321338.304521948,Uninterrupted_Baseline,437
1790321338.382570978,Uninterrupted_Baseline,437
1790321338.453520097,Uninterrupted_Baseline,437
1790321338.507528171,Uninterrupted_Baseline,438
1790321338.568904068,Uninterrupted_Baseline,438
1790321338.625816614,Uninterrupted_Baseline,439
1790321338.688519195,Uninterrupted_Baseline,439
1790321338.769676677,Uninterrupted_Baseline,439
1790321338.852342006,Uninterrupted_Baseline,440
1790321338.939840711,Uninterrupted_Baseline,440
1790321339.026617553,Uninterrupted_Baseline,441
1790321339.114401750,Uninterrupted_Baseline,441
1790321339.183268020,Uninterrupted_Baseline,442
1790321339.246031956,Uninterrupted_Baseline,442
1790321339.330054139,Uninterrupted_Baseline,443
1790321339.409036739,Uninterrupted_Baseline,443
1790321339.488487217,Uninterrupted_Baseline,443
1790321339.569566123,Uninterrupted_Baseline,444
1790321339.651754873,Uninterrupted_Baseline,444
1790321339.726541423,Uninterrupted_Baseline,445
1790321339.801883986,Uninterrupted_Baseline,445
1790321339.881470053,Uninterrupted_Baseline,446
1790321339.965418140,Uninterrupted_Baseline,446
1790321340.050540420,Uninterrupted_Baseline,447
1790321340.125873606,Uninterrupted_Baseline,447
1790321340.208973297,Uninterrupted_Baseline,448
1790321340.293724440,Uninterrupted_Baseline,448
1790321340.369414912,Uninterrupted_Baseline,449
1790321340.447537086,Uninterrupted_Baseline,449
1790321340.533602388,Uninterrupted_Baseline,450
1790321340.617041321,Uninterrupted_Baseline,450
1790321340.700082054,Uninterrupted_Baseline,450
1790321340.783149393,Uninterrupted_Baseline,451
1790321340.864327788,Uninterrupted_Baseline,451
1790321340.945182119,Uninterrupted_Baseline,452
1790321341.029170400,Uninterrupted_Baseline,452
1790321341.115162061,Uninterrupted_Baseline,453
1790321341.184037891,Uninterrupted_Baseline,453
1790321341.255852664,Uninterrupted_Baseline,454
1790321341.324825498,Uninterrupted_Baseline,454
1790321341.404617165,Uninterrupted_Baseline,455
1790321341.484365995,Uninterrupted_Baseline,455
1790321341.577259618,Uninterrupted_Baseline,456
1790321341.637020983,Uninterrupted_Baseline,456
1790321341.691154666,Uninterrupted_Baseline,456
1790321341.753916800,Uninterrupted_Baseline,457
1790321341.824916040,Uninterrupted_Baseline,457
1790321341.913587237,Uninterrupted_Baseline,457
1790321353.412077080,Phase1_Baseline,10
1790321353.497063367,Phase1_Baseline,10
1790321353.571981838,Phase1_Baseline,10
1790321353.654393847,Phase1_Baseline,20
1790321353.737040728,Phase1_Baseline,40
1790321353.821346134,Phase1_Baseline,40
1790321353.904043923,Phase1_Baseline,80
1790321353.986686666,Phase1_Baseline,80
1790321354.069733281,Phase1_Baseline,130
1790321354.131788802,Phase1_Baseline,160
1790321354.205256570,Phase1_Baseline,160
1790321354.275785567,Phase1_Baseline,320
1790321354.352530913,Phase1_Baseline,320
1790321354.429101091,Phase1_Baseline,548
1790321354.514245310,Phase1_Baseline,640
1790321354.593775002,Phase1_Baseline,867
1790321354.662606414,Phase1_Baseline,1035
1790321354.747044060,Phase1_Baseline,883
1790321354.808038455,Phase1_Baseline,736
1790321354.903680055,Phase1_Baseline,551
1790321354.976974842,Phase1_Baseline,543
1790321355.036467689,Phase1_Baseline,543
1790321355.118059803,Phase1_Baseline,271
1790321355.201704150,Phase1_Baseline,271
1790321355.271797338,Phase1_Baseline,271
1790321355.347326675,Phase1_Baseline,271
1790321355.437938067,Phase1_Baseline,272
1790321355.520914318,Phase1_Baseline,273
1790321355.597764651,Phase1_Baseline,273
1790321355.675680203,Phase1_Baseline,273
1790321355.735742876,Phase1_Baseline,274
1790321355.789715043,Phase1_Baseline,274
1790321355.863128365,Phase1_Baseline,275
1790321355.946047931,Phase1_Baseline,275
1790321356.027975990,Phase1_Baseline,276
1790321356.096680009,Phase1_Baseline,276
1790321356.179791800,Phase1_Baseline,277
1790321356.266025598,Phase1_Baseline,277
1790321356.347752101,Phase1_Baseline,278
1790321356.427423081,Phase1_Baseline,278
1790321356.511890929,Phase1_Baseline,279
1790321356.589987559,Phase1_Baseline,279
1790321356.669507037,Phase1_Baseline,280
1790321356.746897624,Phase1_Baseline,280
1790321356.827618430,Phase1_Baseline,280
1790321356.892550841,Phase1_Baseline,281
1790321356.972921354,Phase1_Baseline,281
1790321357.041998372,Phase1_Baseline,282
1790321357.118033372,Phase1_Baseline,282
1790321357.197857677,Phase1_Baseline,283
1790321357.280574018,Phase1_Baseline,283
1790321357.353332402,Phase1_Baseline,284
1790321357.435131880,Phase1_Baseline,284
1790321357.510848709,Phase1_Baseline,285
1790321357.593859898,Phase1_Baseline,285
1790321357.677041088,Phase1_Baseline,286
1790321357.760431116,Phase1_Baseline,286
1790321357.842002977,Phase1_Baseline,287
1790321357.920614969,Phase1_Baseline,287
1790321357.995524064,Phase1_Baseline,288
1790321358.053096298,Phase1_Baseline,288
1790321358.134824603,Phase1_Baseline,288
1790321358.211944678,Phase1_Baseline,289
1790321358.291378391,Phase1_Baseline,289
1790321358.375433850,Phase1_Baseline,290
1790321358.444363270,Phase1_Baseline,290
1790321358.499753719,Phase1_Baseline,291
1790321358.556718098,Phase1_Baseline,291
1790321358.616427195,Phase1_Baseline,291
1790321358.682357336,Phase1_Baseline,292
1790321358.762404928,Phase1_Baseline,292
1790321358.844697362,Phase1_Baseline,293
1790321358.926549777,Phase1_Baseline,293
1790321359.008365770,Phase1_Baseline,294
1790321359.086808824,Phase1_Baseline,294
1790321359.153168332,Phase1_Baseline,294
1790321359.218432703,Phase1_Baseline,295
1790321359.305341658,Phase1_Baseline,295
1790321359.386393265,Phase1_Baseline,296
1790321359.450997735,Phase1_Baseline,296
1790321359.531602537,Phase1_Baseline,297
1790321359.615305822,Phase1_Baseline,297
1790321359.691068683,Phase1_Baseline,298
1790321359.770854661,Phase1_Baseline,298
1790321359.847247462,Phase1_Baseline,299
1790321359.921534792,Phase1_Baseline,299
1790321360.004812239,Phase1_Baseline,299
1790321360.089714390,Phase1_Baseline,300
1790321360.172036045,Phase1_Baseline,300
1790321360.253674459,Phase1_Baseline,301
1790321360.333934653,Phase1_Baseline,301
1790321360.394540745,Phase1_Baseline,302
1790321360.471733232,Phase1_Baseline,302
1790321360.547381802,Phase1_Baseline,303
1790321360.630317472,Phase1_Baseline,303
1790321360.710281822,Phase1_Baseline,304
1790321360.770380484,Phase1_Baseline,304
1790321360.824251330,Phase1_Baseline,304
1790321360.898724878,Phase1_Baseline,305
1790321360.975537962,Phase1_Baseline,305
1790321361.058790075,Phase1_Baseline,306
1790321361.139382132,Phase1_Baseline,306
1790321361.219101007,Phase1_Baseline,307
1790321361.304541294,Phase1_Baseline,307
1790321361.388549506,Phase1_Baseline,308
1790321361.472398484,Phase1_Baseline,308
1790321361.553339917,Phase1_Baseline,309
1790321361.633384379,Phase1_Baseline,309
1790321361.708916554,Phase1_Baseline,309
1790321361.778467910,Phase1_Baseline,310
1790321361.857129126,Phase1_Baseline,310
1790321361.937884514,Phase1_Baseline,311
1790321362.014287751,Phase1_Baseline,311
1790321362.092552116,Phase1_Baseline,312
1790321362.173291092,Phase1_Baseline,312
1790321362.223921959,Phase1_Baseline,313
1790321362.305371599,Phase1_Baseline,313
1790321362.386051308,Phase1_Baseline,314
1790321362.466868587,Phase1_Baseline,314
1790321362.532599162,Phase1_Baseline,314
1790321362.616276797,Phase1_Baseline,315
1790321362.696343201,Phase1_Baseline,315
1790321362.774001378,Phase1_Baseline,316
1790321362.859789367,Phase1_Baseline,316
1790321362.941785572,Phase1_Baseline,317
1790321363.023274198,Phase1_Baseline,317
1790321363.112730122,Phase1_Baseline,318
1790321363.196019100,Phase1_Baseline,318
1790321363.270014968,Phase1_Baseline,319
1790321363.351444084,Phase1_Baseline,319
1790321363.431845299,Phase1_Baseline,320
1790321363.513354226,Phase1_Baseline,320
1790321363.591477413,Phase1_Baseline,321
1790321363.673059639,Phase1_Baseline,321
1790321363.758052881,Phase1_Baseline,322
1790321363.840245685,Phase1_Baseline,322
1790321363.926602696,Phase1_Baseline,322
1790321364.010296696,Phase1_Baseline,323
1790321364.091492144,Phase1_Baseline,323
1790321364.172993456,Phase1_Baseline,324
1790321364.259971862,Phase1_Baseline,324
1790321364.336102570,Phase1_Baseline,325
1790321364.416928126,Phase1_Baseline,325
1790321364.499597452,Phase1_Baseline,326
1790321364.579090036,Phase1_Baseline,326
1790321364.658574153,Phase1_Baseline,327
1790321364.741868386,Phase1_Baseline,327
1790321364.823605675,Phase1_Baseline,328
1790321364.896280917,Phase1_Baseline,328
1790321364.972530361,Phase1_Baseline,328
1790321365.033603935,Phase1_Baseline,329
1790321365.091720772,Phase1_Baseline,329
1790321365.153560462,Phase1_Baseline,330
1790321365.221318268,Phase1_Baseline,330
1790321365.305691966,Phase1_Baseline,330
1790321365.392729567,Phase1_Baseline,331
1790321365.456559878,Phase1_Baseline,331
1790321365.541411795,Phase1_Baseline,332
1790321365.606092551,Phase1_Baseline,332
1790321365.692534736,Phase1_Baseline,333
1790321365.772084169,Phase1_Baseline,333
1790321365.832495281,Phase1_Baseline,333
1790321365.897027050,Phase1_Baseline,334
1790321365.976297831,Phase1_Baseline,334
1790321366.049767364,Phase1_Baseline,335
1790321366.122311890,Phase1_Baseline,335
1790321366.203728690,Phase1_Baseline,336
1790321366.284576501,Phase1_Baseline,336
1790321366.364882476,Phase1_Baseline,336
1790321366.430324259,Phase1_Baseline,337
1790321366.505119378,Phase1_Baseline,337
1790321366.588848156,Phase1_Baseline,338
1790321366.669951737,Phase1_Baseline,338
1790321366.753784935,Phase1_Baseline,339
1790321366.838746674,Phase1_Baseline,339
1790321366.921221704,Phase1_Baseline,340
1790321367.015369911,Phase1_Baseline,340
1790321367.088345439,Phase1_Baseline,341
1790321367.156339199,Phase1_Baseline,341
1790321367.217020322,Phase1_Baseline,341
1790321367.275746812,Phase1_Baseline,342
1790321367.359779363,Phase1_Baseline,342
1790321367.443521385,Phase1_Baseline,343
1790321367.523509192,Phase1_Baseline,343
1790321367.614333957,Phase1_Baseline,344
1790321367.686497150,Phase1_Baseline,344
1790321367.774839547,Phase1_Baseline,345
1790321367.857964935,Phase1_Baseline,345
1790321367.938184132,Phase1_Baseline,346
1790321368.025125243,Phase1_Baseline,346
1790321368.093296641,Phase1_Baseline,346
1790321368.174963510,Phase1_Baseline,347
1790321368.239604622,Phase1_Baseline,347
1790321368.299922814,Phase1_Baseline,348
1790321368.369435236,Phase1_Baseline,348
1790321368.444185876,Phase1_Baseline,348
1790321368.500343537,Phase1_Baseline,349
1790321368.568277838,Phase1_Baseline,349
1790321368.631868415,Phase1_Baseline,350
1790321368.705880947,Phase1_Baseline,350
1790321368.761387002,Phase1_Baseline,350
1790321368.825582064,Phase1_Baseline,351
1790321368.881754822,Phase1_Baseline,351
1790321368.953813883,Phase1_Baseline,351
1790321369.033922558,Phase1_Baseline,352
1790321369.110127427,Phase1_Baseline,352
1790321369.171062638,Phase1_Baseline,353
1790321369.248483930,Phase1_Baseline,353
1790321369.317908340,Phase1_Baseline,353
1790321369.395295717,Phase1_Baseline,354
1790321369.476630409,Phase1_Baseline,354
1790321369.547418724,Phase1_Baseline,355
1790321369.631425649,Phase1_Baseline,355
1790321369.716381907,Phase1_Baseline,356
1790321369.803045560,Phase1_Baseline,356
1790321369.877167460,Phase1_Baseline,357
1790321369.962515985,Phase1_Baseline,357
1790321370.048586059,Phase1_Baseline,358
1790321370.116528694,Phase1_Baseline,358
1790321370.203766217,Phase1_Baseline,359
1790321370.287749996,Phase1_Baseline,359
1790321370.363945820,Phase1_Baseline,359
1790321370.445261186,Phase1_Baseline,360
1790321370.532914011,Phase1_Baseline,360
1790321370.606817596,Phase1_Baseline,361
1790321370.677142081,Phase1_Baseline,361
1790321370.768538473,Phase1_Baseline,362
1790321370.849591551,Phase1_Baseline,362
1790321370.909492608,Phase1_Baseline,363
1790321370.992899405,Phase1_Baseline,363
1790321371.073171272,Phase1_Baseline,364
1790321371.155242149,Phase1_Baseline,364
1790321371.232917225,Phase1_Baseline,365
1790321371.318799948,Phase1_Baseline,365
1790321371.399325701,Phase1_Baseline,365
1790321371.481183671,Phase1_Baseline,366
1790321371.566558263,Phase1_Baseline,366
1790321371.649544153,Phase1_Baseline,367
1790321371.731334561,Phase1_Baseline,367
1790321371.816185864,Phase1_Baseline,368
1790321371.903633384,Phase1_Baseline,368
1790321371.984851046,Phase1_Baseline,369
1790321372.073995159,Phase1_Baseline,369
1790321372.157635116,Phase1_Baseline,370
1790321372.243133865,Phase1_Baseline,370
1790321372.319418721,Phase1_Baseline,371
1790321372.396931064,Phase1_Baseline,371
1790321372.469076225,Phase1_Baseline,372
1790321372.541988034,Phase1_Baseline,372
1790321372.620858580,Phase1_Baseline,372
1790321372.697895651,Phase1_Baseline,373
1790321375.336175822,Phase2_Migrated,10
1790321375.422502537,Phase2_Migrated,10
1790321375.520822268,Phase2_Migrated,10
1790321375.624739003,Phase2_Migrated,10
1790321375.705518702,Phase2_Migrated,20
1790321375.791454696,Phase2_Migrated,20
1790321375.865322565,Phase2_Migrated,40
1790321375.961252767,Phase2_Migrated,80
1790321376.059445830,Phase2_Migrated,80
1790321376.148758292,Phase2_Migrated,160
1790321376.239942502,Phase2_Migrated,160
1790321376.334406976,Phase2_Migrated,320
1790321376.425703307,Phase2_Migrated,320
1790321376.523468952,Phase2_Migrated,640
1790321376.624064746,Phase2_Migrated,776
1790321376.716131418,Phase2_Migrated,1043
1790321376.816639762,Phase2_Migrated,852
1790321376.915142282,Phase2_Migrated,645
1790321377.011045646,Phase2_Migrated,544
1790321377.104464206,Phase2_Migrated,544
1790321377.202702486,Phase2_Migrated,404
1790321377.260968570,Phase2_Migrated,304
1790321377.350019658,Phase2_Migrated,272
1790321377.443936790,Phase2_Migrated,272
1790321377.536301921,Phase2_Migrated,273
1790321377.628814508,Phase2_Migrated,274
1790321377.709714029,Phase2_Migrated,274
1790321377.796034200,Phase2_Migrated,275
1790321377.888798265,Phase2_Migrated,275
1790321377.958938829,Phase2_Migrated,276
1790321378.036369554,Phase2_Migrated,276
1790321378.119471160,Phase2_Migrated,277
1790321378.218557899,Phase2_Migrated,277
1790321378.292179302,Phase2_Migrated,278
1790321378.383463088,Phase2_Migrated,278
1790321378.442323403,Phase2_Migrated,279
1790321378.502058923,Phase2_Migrated,279
1790321378.589679339,Phase2_Migrated,279
1790321378.658729970,Phase2_Migrated,280
1790321378.726046802,Phase2_Migrated,280
1790321378.805344535,Phase2_Migrated,281
1790321378.875710416,Phase2_Migrated,281
1790321378.964894476,Phase2_Migrated,282
1790321379.058933177,Phase2_Migrated,282
1790321379.138611331,Phase2_Migrated,283
1790321379.232812030,Phase2_Migrated,283
1790321379.324418784,Phase2_Migrated,284
1790321379.412703198,Phase2_Migrated,285
1790321379.507308692,Phase2_Migrated,285
1790321379.602427843,Phase2_Migrated,286
1790321379.689913211,Phase2_Migrated,286
1790321379.778996511,Phase2_Migrated,287
1790321379.862118399,Phase2_Migrated,287
1790321379.951966942,Phase2_Migrated,288
1790321380.017425014,Phase2_Migrated,288
1790321380.109278500,Phase2_Migrated,289
1790321380.197189385,Phase2_Migrated,289
1790321380.289805322,Phase2_Migrated,290
1790321380.370523473,Phase2_Migrated,290
1790321380.464042549,Phase2_Migrated,291
1790321380.553966818,Phase2_Migrated,291
1790321380.646390574,Phase2_Migrated,292
1790321380.731922042,Phase2_Migrated,292
1790321380.825981018,Phase2_Migrated,293
1790321380.921191604,Phase2_Migrated,293
1790321381.013459328,Phase2_Migrated,294
1790321381.092688757,Phase2_Migrated,295
1790321381.186351133,Phase2_Migrated,295
1790321381.280757902,Phase2_Migrated,296
1790321381.349456140,Phase2_Migrated,296
1790321381.440985709,Phase2_Migrated,297
1790321381.526070023,Phase2_Migrated,297
1790321381.624742855,Phase2_Migrated,298
1790321381.716533651,Phase2_Migrated,298
1790321381.814588287,Phase2_Migrated,299
1790321381.892569668,Phase2_Migrated,299
1790321381.976922385,Phase2_Migrated,300
1790321382.065510009,Phase2_Migrated,300
1790321382.157812234,Phase2_Migrated,301
1790321382.260375766,Phase2_Migrated,301
1790321382.352709627,Phase2_Migrated,302
1790321382.446327734,Phase2_Migrated,302
1790321382.544238915,Phase2_Migrated,303
1790321382.638856576,Phase2_Migrated,304
1790321382.736286727,Phase2_Migrated,304
1790321382.816021330,Phase2_Migrated,305
1790321382.912024664,Phase2_Migrated,305
1790321383.007593088,Phase2_Migrated,306
1790321383.096340526,Phase2_Migrated,306
1790321383.188515991,Phase2_Migrated,307
1790321383.277877973,Phase2_Migrated,307
1790321383.371603692,Phase2_Migrated,308
1790321383.463848942,Phase2_Migrated,308
1790321383.561018277,Phase2_Migrated,309
1790321383.657827647,Phase2_Migrated,310
1790321383.752411534,Phase2_Migrated,310
1790321383.850101732,Phase2_Migrated,311
1790321383.943358802,Phase2_Migrated,311
1790321384.047729125,Phase2_Migrated,312
1790321384.142903103,Phase2_Migrated,312
1790321384.236686112,Phase2_Migrated,313
1790321384.333876602,Phase2_Migrated,313
1790321384.431508010,Phase2_Migrated,314
1790321384.525529469,Phase2_Migrated,315
1790321384.620762078,Phase2_Migrated,315
1790321384.709579992,Phase2_Migrated,316
1790321384.805748678,Phase2_Migrated,316
1790321384.907411136,Phase2_Migrated,317
1790321384.974794752,Phase2_Migrated,317
1790321385.065032638,Phase2_Migrated,318
1790321385.161843295,Phase2_Migrated,318
1790321385.253623232,Phase2_Migrated,319
1790321385.343106657,Phase2_Migrated,319
1790321385.440153434,Phase2_Migrated,320
1790321385.533554941,Phase2_Migrated,320
1790321385.631733874,Phase2_Migrated,321
1790321385.723025120,Phase2_Migrated,321
1790321385.818750207,Phase2_Migrated,322
1790321385.909609639,Phase2_Migrated,323
1790321386.004220215,Phase2_Migrated,323
1790321386.102094302,Phase2_Migrated,324
1790321386.198603119,Phase2_Migrated,324
1790321386.280065998,Phase2_Migrated,325
1790321386.368143604,Phase2_Migrated,325
1790321386.455099820,Phase2_Migrated,326
1790321386.547021579,Phase2_Migrated,326
1790321386.643741284,Phase2_Migrated,327
1790321386.733258864,Phase2_Migrated,327
1790321386.828618822,Phase2_Migrated,328
1790321386.907015338,Phase2_Migrated,328
1790321386.982340869,Phase2_Migrated,329
1790321387.076620836,Phase2_Migrated,329
1790321387.173869502,Phase2_Migrated,330
1790321387.235467827,Phase2_Migrated,330
1790321387.312583719,Phase2_Migrated,331
1790321387.401044801,Phase2_Migrated,331
1790321387.494472615,Phase2_Migrated,332
1790321387.589555372,Phase2_Migrated,332
1790321387.677615023,Phase2_Migrated,333
1790321387.772154315,Phase2_Migrated,333
1790321387.860315393,Phase2_Migrated,334
1790321387.948100868,Phase2_Migrated,334
1790321388.040606992,Phase2_Migrated,335
1790321388.134362189,Phase2_Migrated,336
1790321388.231267657,Phase2_Migrated,336
1790321388.307505056,Phase2_Migrated,336
1790321388.388887800,Phase2_Migrated,337
1790321388.444701719,Phase2_Migrated,337
1790321388.497782027,Phase2_Migrated,338
1790321388.571268042,Phase2_Migrated,338
1790321388.659570693,Phase2_Migrated,339
1790321388.756901178,Phase2_Migrated,339
1790321388.845456345,Phase2_Migrated,340
1790321388.944297385,Phase2_Migrated,340
1790321389.036376010,Phase2_Migrated,341
1790321389.126128113,Phase2_Migrated,341
1790321389.194028710,Phase2_Migrated,342
1790321389.285014246,Phase2_Migrated,342
1790321389.377213716,Phase2_Migrated,343
1790321389.472340476,Phase2_Migrated,343
1790321389.566928667,Phase2_Migrated,344
1790321389.663716763,Phase2_Migrated,344
1790321389.751797897,Phase2_Migrated,345
1790321389.843564548,Phase2_Migrated,345
1790321389.944885630,Phase2_Migrated,346
1790321390.042456553,Phase2_Migrated,346
1790321390.137680000,Phase2_Migrated,347
1790321390.228624008,Phase2_Migrated,348
1790321390.317722230,Phase2_Migrated,348
1790321390.378318640,Phase2_Migrated,348
1790321390.466794129,Phase2_Migrated,349
1790321390.553475515,Phase2_Migrated,349
1790321390.653613753,Phase2_Migrated,350
1790321390.746918153,Phase2_Migrated,351
1790321390.837405532,Phase2_Migrated,351
1790321390.930790657,Phase2_Migrated,352
1790321391.028465637,Phase2_Migrated,352
1790321391.118766204,Phase2_Migrated,353
1790321391.203029468,Phase2_Migrated,353
1790321391.287077754,Phase2_Migrated,354
1790321391.367971816,Phase2_Migrated,354
1790321391.462989876,Phase2_Migrated,355
1790321391.552135005,Phase2_Migrated,355
1790321391.624155303,Phase2_Migrated,356
1790321391.722508443,Phase2_Migrated,356
1790321391.822381767,Phase2_Migrated,357
1790321391.901492632,Phase2_Migrated,357
1790321391.994371985,Phase2_Migrated,358
1790321392.083087998,Phase2_Migrated,358
1790321392.178028238,Phase2_Migrated,359
1790321392.272988583,Phase2_Migrated,359
1790321392.367697000,Phase2_Migrated,360
1790321392.447577184,Phase2_Migrated,360
1790321392.529808664,Phase2_Migrated,361
1790321392.605308272,Phase2_Migrated,361
1790321392.682375869,Phase2_Migrated,362
1790321392.768689505,Phase2_Migrated,362
1790321392.850379231,Phase2_Migrated,363
1790321392.943249998,Phase2_Migrated,363
1790321393.037768868,Phase2_Migrated,364
1790321393.131558808,Phase2_Migrated,364
1790321393.225167860,Phase2_Migrated,365
1790321393.316021675,Phase2_Migrated,365
1790321393.407426897,Phase2_Migrated,366
1790321393.499087322,Phase2_Migrated,366
1790321393.596855613,Phase2_Migrated,367
1790321393.702562340,Phase2_Migrated,367
1790321393.795611853,Phase2_Migrated,368
1790321395.414167295,Uninterrupted_Baseline,1
1790321395.497167777,Uninterrupted_Baseline,1
1790321395.588535113,Uninterrupted_Baseline,1
1790321395.671386045,Uninterrupted_Baseline,1
1790321395.754579577,Uninterrupted_Baseline,1
1790321395.820360161,Uninterrupted_Baseline,1
1790321395.885512415,Uninterrupted_Baseline,1
1790321395.969808223,Uninterrupted_Baseline,1
1790321396.053783175,Uninterrupted_Baseline,1
1790321396.141230727,Uninterrupted_Baseline,1
1790321396.224858919,Uninterrupted_Baseline,1
1790321396.294273655,Uninterrupted_Baseline,1
1790321396.371141592,Uninterrupted_Baseline,1
1790321396.457024367,Uninterrupted_Baseline,1
1790321396.542928011,Uninterrupted_Baseline,1
1790321396.626588613,Uninterrupted_Baseline,1
1790321396.711340191,Uninterrupted_Baseline,1
1790321396.795168375,Uninterrupted_Baseline,1
1790321397.964282843,Uninterrupted_Baseline,10
1790321398.045312391,Uninterrupted_Baseline,10
1790321398.122737205,Uninterrupted_Baseline,20
1790321398.197900006,Uninterrupted_Baseline,20
1790321398.267538546,Uninterrupted_Baseline,40
1790321398.332966860,Uninterrupted_Baseline,40
1790321398.413300491,Uninterrupted_Baseline,80
1790321398.468912358,Uninterrupted_Baseline,80
1790321398.526244440,Uninterrupted_Baseline,80
1790321398.588697286,Uninterrupted_Baseline,160
1790321398.672792759,Uninterrupted_Baseline,160
1790321398.750770279,Uninterrupted_Baseline,320
1790321398.826846485,Uninterrupted_Baseline,320
1790321398.902524966,Uninterrupted_Baseline,474
1790321398.994590320,Uninterrupted_Baseline,640
1790321399.073971325,Uninterrupted_Baseline,814
1790321399.144151443,Uninterrupted_Baseline,1068
1790321399.212798642,Uninterrupted_Baseline,950
1790321399.277035956,Uninterrupted_Baseline,819
1790321399.342583289,Uninterrupted_Baseline,669
1790321399.421094125,Uninterrupted_Baseline,543
1790321399.497295516,Uninterrupted_Baseline,543
1790321399.579582343,Uninterrupted_Baseline,520
1790321399.647548339,Uninterrupted_Baseline,384
1790321399.708571760,Uninterrupted_Baseline,298
1790321399.771019741,Uninterrupted_Baseline,271
1790321399.849886267,Uninterrupted_Baseline,271
1790321399.932898686,Uninterrupted_Baseline,272
1790321400.001694591,Uninterrupted_Baseline,272
1790321400.089509472,Uninterrupted_Baseline,273
1790321400.171558051,Uninterrupted_Baseline,273
1790321400.252586066,Uninterrupted_Baseline,274
1790321400.335948851,Uninterrupted_Baseline,274
1790321400.417034721,Uninterrupted_Baseline,275
1790321400.505380906,Uninterrupted_Baseline,275
1790321400.584694335,Uninterrupted_Baseline,276
1790321400.661758989,Uninterrupted_Baseline,276
1790321400.746620984,Uninterrupted_Baseline,277
1790321400.834026580,Uninterrupted_Baseline,277
1790321400.917812804,Uninterrupted_Baseline,278
1790321400.998996970,Uninterrupted_Baseline,278
1790321401.081795096,Uninterrupted_Baseline,279
1790321401.162375592,Uninterrupted_Baseline,279
1790321401.247870720,Uninterrupted_Baseline,280
1790321401.332175969,Uninterrupted_Baseline,280
1790321401.415817494,Uninterrupted_Baseline,281
1790321401.497467578,Uninterrupted_Baseline,281
1790321401.579438596,Uninterrupted_Baseline,282
1790321401.662326642,Uninterrupted_Baseline,282
1790321401.755812927,Uninterrupted_Baseline,283
1790321401.838089811,Uninterrupted_Baseline,283
1790321401.921151653,Uninterrupted_Baseline,284
1790321402.004009760,Uninterrupted_Baseline,284
1790321402.089555655,Uninterrupted_Baseline,285
1790321402.166219754,Uninterrupted_Baseline,285
1790321402.249898068,Uninterrupted_Baseline,286
1790321402.331237658,Uninterrupted_Baseline,286
1790321402.396966351,Uninterrupted_Baseline,287
1790321402.478541785,Uninterrupted_Baseline,287
1790321402.558453695,Uninterrupted_Baseline,288
1790321402.637804460,Uninterrupted_Baseline,288
1790321402.720382333,Uninterrupted_Baseline,289
1790321402.806109695,Uninterrupted_Baseline,289
1790321402.896545510,Uninterrupted_Baseline,290
1790321402.977853856,Uninterrupted_Baseline,290
1790321403.059477511,Uninterrupted_Baseline,291
1790321403.140465457,Uninterrupted_Baseline,291
1790321403.215509986,Uninterrupted_Baseline,292
1790321403.297158006,Uninterrupted_Baseline,292
1790321403.365641018,Uninterrupted_Baseline,293
1790321403.451151937,Uninterrupted_Baseline,293
1790321403.534132094,Uninterrupted_Baseline,294
1790321403.623563591,Uninterrupted_Baseline,294
1790321403.708173477,Uninterrupted_Baseline,295
1790321403.794741228,Uninterrupted_Baseline,295
1790321403.873765359,Uninterrupted_Baseline,295
1790321403.959859073,Uninterrupted_Baseline,296
1790321404.046267883,Uninterrupted_Baseline,297
1790321404.123222292,Uninterrupted_Baseline,297
1790321404.204580327,Uninterrupted_Baseline,297
1790321404.289412707,Uninterrupted_Baseline,298
1790321404.370998152,Uninterrupted_Baseline,298
1790321404.452680266,Uninterrupted_Baseline,299
1790321404.539181671,Uninterrupted_Baseline,299
1790321404.621013298,Uninterrupted_Baseline,300
1790321404.704789417,Uninterrupted_Baseline,300
1790321404.791366307,Uninterrupted_Baseline,301
1790321404.876914102,Uninterrupted_Baseline,301
1790321404.950370791,Uninterrupted_Baseline,302
1790321405.015665952,Uninterrupted_Baseline,302
1790321405.076022792,Uninterrupted_Baseline,303
1790321405.142432811,Uninterrupted_Baseline,303
1790321405.226101985,Uninterrupted_Baseline,303
1790321405.309682212,Uninterrupted_Baseline,304
1790321405.380685640,Uninterrupted_Baseline,304
1790321405.450900284,Uninterrupted_Baseline,305
1790321405.525228916,Uninterrupted_Baseline,305
1790321405.607289799,Uninterrupted_Baseline,306
1790321405.690387388,Uninterrupted_Baseline,306
1790321405.774946906,Uninterrupted_Baseline,307
1790321405.858042288,Uninterrupted_Baseline,307
1790321405.944440067,Uninterrupted_Baseline,308
1790321406.033850036,Uninterrupted_Baseline,308
1790321406.112384064,Uninterrupted_Baseline,309
1790321406.192877990,Uninterrupted_Baseline,309
1790321406.276489147,Uninterrupted_Baseline,310
1790321406.356963358,Uninterrupted_Baseline,310
1790321406.437389247,Uninterrupted_Baseline,311
1790321406.519633742,Uninterrupted_Baseline,311
1790321406.602398203,Uninterrupted_Baseline,312
1790321406.681867654,Uninterrupted_Baseline,312
1790321406.763178801,Uninterrupted_Baseline,312
1790321406.841581542,Uninterrupted_Baseline,313
1790321406.915727198,Uninterrupted_Baseline,313
1790321406.998264223,Uninterrupted_Baseline,314
1790321407.083946090,Uninterrupted_Baseline,314
1790321407.171955982,Uninterrupted_Baseline,315
1790321407.259514042,Uninterrupted_Baseline,315
1790321407.337967109,Uninterrupted_Baseline,316
1790321407.419287891,Uninterrupted_Baseline,316
1790321407.504500292,Uninterrupted_Baseline,317
1790321407.588721471,Uninterrupted_Baseline,317
1790321407.670539749,Uninterrupted_Baseline,318
1790321407.757742374,Uninterrupted_Baseline,318
1790321407.838572092,Uninterrupted_Baseline,319
1790321407.924447046,Uninterrupted_Baseline,319
1790321408.009015297,Uninterrupted_Baseline,320
1790321408.088947488,Uninterrupted_Baseline,320
1790321408.169348252,Uninterrupted_Baseline,321
1790321408.246854751,Uninterrupted_Baseline,321
1790321408.322077973,Uninterrupted_Baseline,321
1790321408.383288566,Uninterrupted_Baseline,322
1790321408.433345308,Uninterrupted_Baseline,322
1790321408.490299174,Uninterrupted_Baseline,322
1790321408.553468468,Uninterrupted_Baseline,323
1790321408.616547028,Uninterrupted_Baseline,323
1790321408.708505357,Uninterrupted_Baseline,324
1790321408.795454299,Uninterrupted_Baseline,324
1790321408.868730199,Uninterrupted_Baseline,325
1790321408.947591434,Uninterrupted_Baseline,325
1790321409.033557384,Uninterrupted_Baseline,326
1790321409.109072660,Uninterrupted_Baseline,326
1790321409.167393232,Uninterrupted_Baseline,326
1790321409.251254094,Uninterrupted_Baseline,327
1790321409.336108868,Uninterrupted_Baseline,327
1790321409.407571722,Uninterrupted_Baseline,328
1790321409.486453731,Uninterrupted_Baseline,328
1790321409.566929337,Uninterrupted_Baseline,329
1790321409.651643276,Uninterrupted_Baseline,329
1790321409.738591729,Uninterrupted_Baseline,330
1790321409.820819840,Uninterrupted_Baseline,330
1790321409.908908570,Uninterrupted_Baseline,331
1790321409.996028364,Uninterrupted_Baseline,331
1790321410.083373641,Uninterrupted_Baseline,332
1790321410.165908890,Uninterrupted_Baseline,332
1790321410.249953412,Uninterrupted_Baseline,333
1790321410.335965912,Uninterrupted_Baseline,333
1790321410.421357797,Uninterrupted_Baseline,334
1790321410.508051023,Uninterrupted_Baseline,334
1790321410.579596268,Uninterrupted_Baseline,335
1790321410.662231841,Uninterrupted_Baseline,335
1790321410.751311565,Uninterrupted_Baseline,336
1790321410.833413354,Uninterrupted_Baseline,336
1790321410.914913450,Uninterrupted_Baseline,337
1790321410.997708484,Uninterrupted_Baseline,337
1790321411.081976973,Uninterrupted_Baseline,337
1790321411.167284303,Uninterrupted_Baseline,338
1790321411.249068517,Uninterrupted_Baseline,338
1790321411.306092278,Uninterrupted_Baseline,339
1790321411.391242043,Uninterrupted_Baseline,339
1790321411.475053779,Uninterrupted_Baseline,340
1790321411.559526426,Uninterrupted_Baseline,340
1790321411.645490645,Uninterrupted_Baseline,341
1790321411.722949733,Uninterrupted_Baseline,341
1790321411.810358142,Uninterrupted_Baseline,342
1790321411.891827114,Uninterrupted_Baseline,342
1790321411.977616079,Uninterrupted_Baseline,343
1790321412.061043146,Uninterrupted_Baseline,343
1790321412.135288958,Uninterrupted_Baseline,344
1790321412.204015561,Uninterrupted_Baseline,344
1790321412.289442472,Uninterrupted_Baseline,344
1790321412.372923989,Uninterrupted_Baseline,345
1790321412.456076810,Uninterrupted_Baseline,345
1790321412.537321560,Uninterrupted_Baseline,346
1790321412.613315241,Uninterrupted_Baseline,346
1790321412.698865306,Uninterrupted_Baseline,347
1790321412.780067328,Uninterrupted_Baseline,347
1790321412.863564566,Uninterrupted_Baseline,348
1790321412.949456716,Uninterrupted_Baseline,348
1790321413.033490018,Uninterrupted_Baseline,349
1790321413.115242224,Uninterrupted_Baseline,349
1790321413.204966548,Uninterrupted_Baseline,350
1790321413.293556466,Uninterrupted_Baseline,350
1790321413.377270302,Uninterrupted_Baseline,351
1790321413.461130752,Uninterrupted_Baseline,351
1790321413.528038827,Uninterrupted_Baseline,352
1790321413.602778047,Uninterrupted_Baseline,352
1790321413.685886306,Uninterrupted_Baseline,352
1790321413.766023678,Uninterrupted_Baseline,353
1790321413.846176051,Uninterrupted_Baseline,353
1790321413.934163664,Uninterrupted_Baseline,354
1790321413.990970620,Uninterrupted_Baseline,354
1790321414.046791710,Uninterrupted_Baseline,354
1790321414.115307317,Uninterrupted_Baseline,355
1790321414.190365837,Uninterrupted_Baseline,355
1790321414.268403516,Uninterrupted_Baseline,356
1790321414.350148689,Uninterrupted_Baseline,356
1790321414.434794356,Uninterrupted_Baseline,357
1790321414.525217761,Uninterrupted_Baseline,357
1790321414.608920031,Uninterrupted_Baseline,358
1790321414.693512018,Uninterrupted_Baseline,358
1790321414.781071127,Uninterrupted_Baseline,359
1790321414.863855479,Uninterrupted_Baseline,359
1790321414.927709668,Uninterrupted_Baseline,360
1790321415.006583560,Uninterrupted_Baseline,360
1790321415.090050196,Uninterrupted_Baseline,361
1790321415.167871233,Uninterrupted_Baseline,361
1790321415.241989085,Uninterrupted_Baseline,361
1790321415.321271229,Uninterrupted_Baseline,362
1790321415.403516386,Uninterrupted_Baseline,362
1790321415.484737069,Uninterrupted_Baseline,363
1790321415.569425287,Uninterrupted_Baseline,363
1790321415.658431043,Uninterrupted_Baseline,364
1790321415.739581406,Uninterrupted_Baseline,364
1790321415.821289846,Uninterrupted_Baseline,365
1790321415.900793143,Uninterrupted_Baseline,365
1790321415.986019916,Uninterrupted_Baseline,366
1790321416.071752319,Uninterrupted_Baseline,366
1790321416.156012955,Uninterrupted_Baseline,367
1790321416.231047590,Uninterrupted_Baseline,367
1790321416.289626917,Uninterrupted_Baseline,367
1790321416.348801725,Uninterrupted_Baseline,368
1790321416.423018072,Uninterrupted_Baseline,368
1790321416.504550451,Uninterrupted_Baseline,369
1790321416.585359790,Uninterrupted_Baseline,369
1790321416.667993120,Uninterrupted_Baseline,370
1790321416.750525790,Uninterrupted_Baseline,370
1790321416.832733490,Uninterrupted_Baseline,371
1790321416.917388287,Uninterrupted_Baseline,371
1790321417.000034924,Uninterrupted_Baseline,372
1790321417.077566067,Uninterrupted_Baseline,372
1790321417.162176456,Uninterrupted_Baseline,373
1790321417.238428818,Uninterrupted_Baseline,373
1790321417.319868631,Uninterrupted_Baseline,373
1790321417.401271549,Uninterrupted_Baseline,374
1790321417.486095936,Uninterrupted_Baseline,374
1790321417.567938033,Uninterrupted_Baseline,375
1790321417.645821664,Uninterrupted_Baseline,375
1790321417.726880419,Uninterrupted_Baseline,376
1790321417.809227518,Uninterrupted_Baseline,376
1790321417.894737219,Uninterrupted_Baseline,377
1790321417.977700916,Uninterrupted_Baseline,377
1790321418.061494082,Uninterrupted_Baseline,378
1790321418.134118056,Uninterrupted_Baseline,378
1790321418.211212246,Uninterrupted_Baseline,379
1790321418.288772813,Uninterrupted_Baseline,379
1790321418.364896765,Uninterrupted_Baseline,379
1790321418.425048444,Uninterrupted_Baseline,380
1790321418.475618111,Uninterrupted_Baseline,380
1790321418.530680213,Uninterrupted_Baseline,380
1790321418.586945706,Uninterrupted_Baseline,381
1790321418.648014890,Uninterrupted_Baseline,381
1790321418.733440950,Uninterrupted_Baseline,382
1790321418.816959735,Uninterrupted_Baseline,382
1790321418.901902025,Uninterrupted_Baseline,383
1790321418.983389259,Uninterrupted_Baseline,383
1790321419.066251674,Uninterrupted_Baseline,384
1790321419.131492963,Uninterrupted_Baseline,384
1790321419.208674520,Uninterrupted_Baseline,384
1790321419.270294140,Uninterrupted_Baseline,385
1790321419.352028945,Uninterrupted_Baseline,385
1790321419.431053887,Uninterrupted_Baseline,386
1790321419.517133723,Uninterrupted_Baseline,386
1790321419.600101353,Uninterrupted_Baseline,387
1790321419.682890088,Uninterrupted_Baseline,387
1790321419.757446410,Uninterrupted_Baseline,387
1790321419.842829081,Uninterrupted_Baseline,388
1790321419.928986946,Uninterrupted_Baseline,389
1790321420.000747514,Uninterrupted_Baseline,389
1790321420.085091125,Uninterrupted_Baseline,389
1790321420.166968755,Uninterrupted_Baseline,390
1790321420.238925806,Uninterrupted_Baseline,390
1790321420.323604189,Uninterrupted_Baseline,391
1790321420.403642346,Uninterrupted_Baseline,391
1790321420.488565367,Uninterrupted_Baseline,392
1790321420.566999853,Uninterrupted_Baseline,392
1790321420.650863128,Uninterrupted_Baseline,393
1790321420.715716369,Uninterrupted_Baseline,393
1790321420.794498719,Uninterrupted_Baseline,393
1790321420.874161777,Uninterrupted_Baseline,394
1790321420.960924676,Uninterrupted_Baseline,394
1790321421.047131658,Uninterrupted_Baseline,395
1790321421.131500928,Uninterrupted_Baseline,395
1790321421.216438190,Uninterrupted_Baseline,396
1790321421.298477785,Uninterrupted_Baseline,396
1790321421.383363299,Uninterrupted_Baseline,397
1790321421.467984362,Uninterrupted_Baseline,397
1790321421.549144746,Uninterrupted_Baseline,398
1790321421.631622174,Uninterrupted_Baseline,398
1790321421.715808943,Uninterrupted_Baseline,399
1790321421.798167011,Uninterrupted_Baseline,399
1790321421.879416454,Uninterrupted_Baseline,400
1790321421.960174873,Uninterrupted_Baseline,400
1790321422.045688039,Uninterrupted_Baseline,401
1790321422.129262556,Uninterrupted_Baseline,401
1790321422.216814087,Uninterrupted_Baseline,402
1790321422.302861022,Uninterrupted_Baseline,402
1790321422.370849415,Uninterrupted_Baseline,403
1790321422.447608151,Uninterrupted_Baseline,403
1790321422.529292239,Uninterrupted_Baseline,404
1790321422.615882665,Uninterrupted_Baseline,404
1790321422.695405572,Uninterrupted_Baseline,404
1790321422.777816196,Uninterrupted_Baseline,405
1790321422.861814644,Uninterrupted_Baseline,405
1790321422.941854079,Uninterrupted_Baseline,406
1790321423.029569560,Uninterrupted_Baseline,406
1790321423.110564662,Uninterrupted_Baseline,407
1790321423.198423725,Uninterrupted_Baseline,407
1790321423.283886406,Uninterrupted_Baseline,408
1790321423.364035659,Uninterrupted_Baseline,408
1790321423.436451549,Uninterrupted_Baseline,409
1790321423.515584749,Uninterrupted_Baseline,409
1790321423.581413651,Uninterrupted_Baseline,410
1790321423.660924083,Uninterrupted_Baseline,410
1790321423.733355331,Uninterrupted_Baseline,411
1790321423.817889298,Uninterrupted_Baseline,411
1790321423.902146708,Uninterrupted_Baseline,412
1790321423.983223760,Uninterrupted_Baseline,412
1790321424.059047661,Uninterrupted_Baseline,412
1790321424.124997138,Uninterrupted_Baseline,413
1790321424.207466446,Uninterrupted_Baseline,413
1790321424.295929464,Uninterrupted_Baseline,414
1790321424.371786277,Uninterrupted_Baseline,414
1790321424.443595976,Uninterrupted_Baseline,415
1790321424.527989182,Uninterrupted_Baseline,415
1790321424.611176912,Uninterrupted_Baseline,416
1790321424.696075838,Uninterrupted_Baseline,416
1790321424.784877758,Uninterrupted_Baseline,417
1790321424.869563608,Uninterrupted_Baseline,417
1790321424.961248319,Uninterrupted_Baseline,418
1790321425.016409162,Uninterrupted_Baseline,418
1790321425.076628314,Uninterrupted_Baseline,418
1790321425.151103106,Uninterrupted_Baseline,419
1790321425.234514538,Uninterrupted_Baseline,419
1790321425.316777844,Uninterrupted_Baseline,420
1790321425.393835285,Uninterrupted_Baseline,420
1790321425.472988858,Uninterrupted_Baseline,421
1790321425.560831300,Uninterrupted_Baseline,421
1790321425.648880461,Uninterrupted_Baseline,422
1790321425.736459991,Uninterrupted_Baseline,422
1790321425.819912785,Uninterrupted_Baseline,423
1790321425.901552844,Uninterrupted_Baseline,423
1790321425.982588822,Uninterrupted_Baseline,423
1790321426.064928985,Uninterrupted_Baseline,424
1790321426.144902118,Uninterrupted_Baseline,424
1790321426.225548847,Uninterrupted_Baseline,425
1790321426.303051851,Uninterrupted_Baseline,425
1790321426.386581476,Uninterrupted_Baseline,426
1790321426.470606603,Uninterrupted_Baseline,426
1790321426.553370639,Uninterrupted_Baseline,427
1790321426.635266789,Uninterrupted_Baseline,427
1790321426.713609006,Uninterrupted_Baseline,428
1790321426.802729650,Uninterrupted_Baseline,428
1790321426.883613889,Uninterrupted_Baseline,429
1790321426.966172238,Uninterrupted_Baseline,429
1790321427.035083991,Uninterrupted_Baseline,430
1790321427.103326086,Uninterrupted_Baseline,430
1790321427.173561182,Uninterrupted_Baseline,430
1790321427.239743571,Uninterrupted_Baseline,431
1790321427.318958349,Uninterrupted_Baseline,431
1790321427.401284287,Uninterrupted_Baseline,432
1790321427.483282147,Uninterrupted_Baseline,432
1790321427.564746655,Uninterrupted_Baseline,433
1790321427.649278294,Uninterrupted_Baseline,433
1790321427.735582024,Uninterrupted_Baseline,434
1790321427.811482232,Uninterrupted_Baseline,434
1790321427.896636176,Uninterrupted_Baseline,435
1790321427.980024235,Uninterrupted_Baseline,435
1790321428.044802572,Uninterrupted_Baseline,435
1790321428.100867920,Uninterrupted_Baseline,436
1790321428.177467776,Uninterrupted_Baseline,436
1790321428.250333629,Uninterrupted_Baseline,437
1790321428.316690215,Uninterrupted_Baseline,437
1790321428.393476145,Uninterrupted_Baseline,437
1790321428.444552936,Uninterrupted_Baseline,438
1790321428.493911369,Uninterrupted_Baseline,438
1790321428.549906368,Uninterrupted_Baseline,438
1790321428.603080073,Uninterrupted_Baseline,439
1790321428.681513090,Uninterrupted_Baseline,439
1790321428.762448696,Uninterrupted_Baseline,440
1790321428.841462658,Uninterrupted_Baseline,440
1790321428.913743283,Uninterrupted_Baseline,440
1790321428.992598260,Uninterrupted_Baseline,441
1790321429.047330560,Uninterrupted_Baseline,441
1790321429.099291415,Uninterrupted_Baseline,441
1790321429.171817904,Uninterrupted_Baseline,442
1790321429.226495282,Uninterrupted_Baseline,442
1790321429.290817595,Uninterrupted_Baseline,443
1790321429.368958814,Uninterrupted_Baseline,443
1790321429.453475687,Uninterrupted_Baseline,444
1790321429.535436047,Uninterrupted_Baseline,444
1790321429.618522307,Uninterrupted_Baseline,444
1790321429.700006677,Uninterrupted_Baseline,445
1790321429.760383955,Uninterrupted_Baseline,445
1790321429.836030182,Uninterrupted_Baseline,446
1790321429.920683830,Uninterrupted_Baseline,446
1790321430.005986596,Uninterrupted_Baseline,447
1790321430.086865492,Uninterrupted_Baseline,447
1790321430.178435208,Uninterrupted_Baseline,448
1790321430.258075057,Uninterrupted_Baseline,448
1790321430.343164080,Uninterrupted_Baseline,449
1790321430.424537769,Uninterrupted_Baseline,449
1790321430.509389125,Uninterrupted_Baseline,450
1790321430.593148780,Uninterrupted_Baseline,450
1790321430.665962287,Uninterrupted_Baseline,450
1790321430.727319139,Uninterrupted_Baseline,451
1790321430.814047618,Uninterrupted_Baseline,451
1790321430.890518600,Uninterrupted_Baseline,452
1790321430.974133412,Uninterrupted_Baseline,452
1790321431.053889364,Uninterrupted_Baseline,453
1790321431.117277963,Uninterrupted_Baseline,453
1790321431.198011847,Uninterrupted_Baseline,454
1790321431.286051900,Uninterrupted_Baseline,454
1790321431.378037642,Uninterrupted_Baseline,455
1790321431.458685385,Uninterrupted_Baseline,455
1790321431.536462175,Uninterrupted_Baseline,456
1790321431.623909964,Uninterrupted_Baseline,456
