timestamp,session_type,cwnd_segments
1790325506.903027295,Phase1_Baseline,10
1790325506.986631421,Phase1_Baseline,10
1790325507.067438780,Phase1_Baseline,20
1790325507.161060185,Phase1_Baseline,20
1790325507.243924073,Phase1_Baseline,40
1790325507.330830437,Phase1_Baseline,40
1790325507.416932880,Phase1_Baseline,80
1790325507.501642594,Phase1_Baseline,80
1790325507.584507073,Phase1_Baseline,160
1790325507.665383003,Phase1_Baseline,160
1790325507.751517698,Phase1_Baseline,320
1790325507.840590860,Phase1_Baseline,320
1790325507.932162761,Phase1_Baseline,604
1790325508.016448066,Phase1_Baseline,640
1790325508.106444262,Phase1_Baseline,980
1790325508.195718175,Phase1_Baseline,953
1790325508.277195505,Phase1_Baseline,797
1790325508.338392935,Phase1_Baseline,651
1790325508.416009039,Phase1_Baseline,542
1790325508.468431333,Phase1_Baseline,542
1790325508.520459681,Phase1_Baseline,486
1790325508.576638761,Phase1_Baseline,403
1790325508.645259699,Phase1_Baseline,271
1790325508.707284163,Phase1_Baseline,271
1790325508.773134286,Phase1_Baseline,271
1790325508.846075526,Phase1_Baseline,272
1790325508.925557348,Phase1_Baseline,272
1790325508.992186574,Phase1_Baseline,273
1790325509.079210567,Phase1_Baseline,273
1790325509.140952546,Phase1_Baseline,274
1790325509.203601256,Phase1_Baseline,274
1790325509.264903378,Phase1_Baseline,274
1790325509.340964047,Phase1_Baseline,275
1790325509.413383448,Phase1_Baseline,275
1790325509.484718482,Phase1_Baseline,276
1790325509.549631875,Phase1_Baseline,276
1790325509.632456167,Phase1_Baseline,277
1790325509.714611498,Phase1_Baseline,277
1790325509.793801161,Phase1_Baseline,278
1790325509.863508117,Phase1_Baseline,278
1790325509.943684457,Phase1_Baseline,278
1790325510.014046488,Phase1_Baseline,279
1790325510.102545487,Phase1_Baseline,279
1790325510.196607941,Phase1_Baseline,280
1790325510.284073252,Phase1_Baseline,281
1790325510.366337542,Phase1_Baseline,281
1790325510.441049960,Phase1_Baseline,281
1790325510.513247300,Phase1_Baseline,282
1790325510.578258857,Phase1_Baseline,282
1790325510.659475850,Phase1_Baseline,283
1790325510.730578410,Phase1_Baseline,283
1790325510.812475272,Phase1_Baseline,284
1790325510.878770337,Phase1_Baseline,284
1790325510.957505417,Phase1_Baseline,285
1790325511.039951156,Phase1_Baseline,285
1790325511.127461066,Phase1_Baseline,286
1790325511.210256108,Phase1_Baseline,286
1790325511.288617967,Phase1_Baseline,286
1790325511.383473015,Phase1_Baseline,287
1790325511.469230697,Phase1_Baseline,288
1790325511.551451134,Phase1_Baseline,288
1790325511.636018341,Phase1_Baseline,289
1790325511.716240664,Phase1_Baseline,289
1790325511.802211517,Phase1_Baseline,290
1790325511.879826778,Phase1_Baseline,290
1790325511.948641689,Phase1_Baseline,290
1790325512.036009211,Phase1_Baseline,291
1790325512.114806571,Phase1_Baseline,291
1790325512.178436619,Phase1_Baseline,292
1790325512.248431105,Phase1_Baseline,292
1790325512.319441356,Phase1_Baseline,293
1790325512.397755511,Phase1_Baseline,293
1790325512.462310413,Phase1_Baseline,293
1790325512.546081265,Phase1_Baseline,294
1790325512.629359487,Phase1_Baseline,294
1790325512.719063764,Phase1_Baseline,295
1790325512.806423921,Phase1_Baseline,295
1790325512.889375891,Phase1_Baseline,296
1790325512.968336407,Phase1_Baseline,296
1790325513.050069388,Phase1_Baseline,297
1790325513.133568734,Phase1_Baseline,297
1790325513.196965213,Phase1_Baseline,298
1790325513.274593197,Phase1_Baseline,298
1790325513.360333735,Phase1_Baseline,299
1790325513.445520857,Phase1_Baseline,299
1790325513.517049570,Phase1_Baseline,300
1790325513.602343983,Phase1_Baseline,300
1790325513.687247762,Phase1_Baseline,301
1790325513.774464667,Phase1_Baseline,301
1790325513.853074769,Phase1_Baseline,302
1790325513.926112043,Phase1_Baseline,302
1790325514.011590698,Phase1_Baseline,303
1790325514.094343776,Phase1_Baseline,303
1790325514.166937236,Phase1_Baseline,303
1790325514.232925911,Phase1_Baseline,304
1790325514.317395834,Phase1_Baseline,304
1790325514.400202798,Phase1_Baseline,305
1790325514.483172868,Phase1_Baseline,305
1790325514.564108616,Phase1_Baseline,306
1790325514.649750910,Phase1_Baseline,306
1790325514.727266076,Phase1_Baseline,307
1790325514.819098697,Phase1_Baseline,307
1790325514.902610715,Phase1_Baseline,308
1790325514.975124074,Phase1_Baseline,308
1790325515.062937513,Phase1_Baseline,309
1790325515.126513431,Phase1_Baseline,309
1790325515.200549516,Phase1_Baseline,309
1790325515.275143206,Phase1_Baseline,310
1790325515.367567223,Phase1_Baseline,310
1790325515.437767837,Phase1_Baseline,311
1790325515.500046419,Phase1_Baseline,311
1790325515.577963360,Phase1_Baseline,312
1790325515.674997562,Phase1_Baseline,312
1790325515.737388416,Phase1_Baseline,313
1790325515.807284990,Phase1_Baseline,313
1790325515.888438922,Phase1_Baseline,314
1790325515.966480439,Phase1_Baseline,314
1790325516.036848545,Phase1_Baseline,314
1790325516.128236098,Phase1_Baseline,315
1790325516.200561409,Phase1_Baseline,315
1790325516.282974004,Phase1_Baseline,316
1790325516.364439313,Phase1_Baseline,316
1790325516.438615160,Phase1_Baseline,317
1790325516.507099484,Phase1_Baseline,317
1790325516.582794696,Phase1_Baseline,318
1790325516.666275464,Phase1_Baseline,318
1790325516.758144913,Phase1_Baseline,319
1790325516.841412320,Phase1_Baseline,319
1790325516.914281724,Phase1_Baseline,319
1790325516.986995409,Phase1_Baseline,320
1790325517.064235561,Phase1_Baseline,320
1790325517.145962313,Phase1_Baseline,321
1790325517.224955318,Phase1_Baseline,321
1790325517.291030474,Phase1_Baseline,322
1790325517.373624641,Phase1_Baseline,322
1790325517.464123262,Phase1_Baseline,323
1790325517.551045790,Phase1_Baseline,323
1790325517.633975440,Phase1_Baseline,324
1790325517.718216432,Phase1_Baseline,324
1790325517.802467615,Phase1_Baseline,325
1790325517.889328438,Phase1_Baseline,325
1790325517.976156522,Phase1_Baseline,326
1790325518.051431128,Phase1_Baseline,326
1790325518.121240933,Phase1_Baseline,327
1790325518.211291917,Phase1_Baseline,327
1790325518.281344994,Phase1_Baseline,327
1790325518.358484114,Phase1_Baseline,328
1790325518.421692949,Phase1_Baseline,328
1790325518.476074579,Phase1_Baseline,329
1790325518.534373009,Phase1_Baseline,329
1790325518.587735638,Phase1_Baseline,329
1790325518.660685073,Phase1_Baseline,330
1790325518.721719131,Phase1_Baseline,330
1790325518.798464828,Phase1_Baseline,330
1790325518.873256173,Phase1_Baseline,331
1790325518.943096749,Phase1_Baseline,331
1790325519.022311155,Phase1_Baseline,332
1790325519.112922480,Phase1_Baseline,332
1790325519.188138691,Phase1_Baseline,333
1790325519.260166415,Phase1_Baseline,333
1790325519.344069712,Phase1_Baseline,334
1790325519.415692230,Phase1_Baseline,334
1790325519.503093751,Phase1_Baseline,335
1790325519.581453968,Phase1_Baseline,335
1790325519.667847295,Phase1_Baseline,336
1790325519.747733321,Phase1_Baseline,336
1790325519.825441318,Phase1_Baseline,336
1790325519.890096537,Phase1_Baseline,337
1790325519.975574230,Phase1_Baseline,337
1790325520.057794268,Phase1_Baseline,338
1790325520.140058076,Phase1_Baseline,338
1790325520.222453975,Phase1_Baseline,339
1790325520.305438010,Phase1_Baseline,339
1790325520.380629850,Phase1_Baseline,340
1790325520.461535263,Phase1_Baseline,340
1790325520.544176726,Phase1_Baseline,341
1790325520.607702612,Phase1_Baseline,341
1790325520.687796413,Phase1_Baseline,341
1790325520.772405230,Phase1_Baseline,342
1790325520.848566349,Phase1_Baseline,342
1790325520.928794761,Phase1_Baseline,343
1790325521.015531817,Phase1_Baseline,343
1790325521.100475725,Phase1_Baseline,344
1790325521.179609069,Phase1_Baseline,344
1790325521.249817766,Phase1_Baseline,345
1790325521.318980012,Phase1_Baseline,345
1790325521.410126905,Phase1_Baseline,345
1790325521.488332165,Phase1_Baseline,346
1790325521.570320824,Phase1_Baseline,346
1790325521.647395561,Phase1_Baseline,347
1790325521.726618264,Phase1_Baseline,347
1790325521.807923799,Phase1_Baseline,348
1790325521.894423567,Phase1_Baseline,348
1790325521.978726734,Phase1_Baseline,349
1790325522.062599144,Phase1_Baseline,349
1790325522.147774580,Phase1_Baseline,350
1790325522.227581390,Phase1_Baseline,350
1790325522.312948551,Phase1_Baseline,351
1790325522.404944934,Phase1_Baseline,351
1790325522.481250886,Phase1_Baseline,352
1790325522.550359693,Phase1_Baseline,352
1790325522.620322432,Phase1_Baseline,353
1790325522.697441985,Phase1_Baseline,353
1790325522.771392768,Phase1_Baseline,353
1790325522.855403849,Phase1_Baseline,354
1790325522.935801144,Phase1_Baseline,354
1790325523.019005096,Phase1_Baseline,355
1790325523.096090038,Phase1_Baseline,355
1790325523.184947590,Phase1_Baseline,356
1790325523.266829665,Phase1_Baseline,356
1790325523.344432580,Phase1_Baseline,357
1790325523.428342816,Phase1_Baseline,357
1790325523.506255267,Phase1_Baseline,358
1790325523.588091111,Phase1_Baseline,358
1790325523.669429604,Phase1_Baseline,359
1790325523.748172669,Phase1_Baseline,359
1790325523.799289080,Phase1_Baseline,359
1790325523.859769090,Phase1_Baseline,360
1790325523.938588710,Phase1_Baseline,360
1790325524.019091846,Phase1_Baseline,361
1790325524.103474069,Phase1_Baseline,361
1790325524.186381074,Phase1_Baseline,362
1790325524.269350068,Phase1_Baseline,362
1790325524.351531620,Phase1_Baseline,363
1790325524.436317432,Phase1_Baseline,363
1790325524.516938434,Phase1_Baseline,363
1790325524.599244362,Phase1_Baseline,364
1790325524.677917285,Phase1_Baseline,364
1790325524.757970616,Phase1_Baseline,365
1790325524.823703971,Phase1_Baseline,365
1790325524.899472398,Phase1_Baseline,366
1790325524.980302308,Phase1_Baseline,366
1790325525.070055194,Phase1_Baseline,367
1790325525.158321520,Phase1_Baseline,367
1790325525.231181517,Phase1_Baseline,368
1790325525.311941990,Phase1_Baseline,368
1790325525.392524694,Phase1_Baseline,368
1790325525.477100037,Phase1_Baseline,369
1790325525.561437485,Phase1_Baseline,370
1790325525.646374689,Phase1_Baseline,370
1790325525.731471217,Phase1_Baseline,371
1790325525.814981925,Phase1_Baseline,371
1790325525.889082886,Phase1_Baseline,371
1790325525.961213016,Phase1_Baseline,372
1790325526.037119617,Phase1_Baseline,372
1790325526.117033085,Phase1_Baseline,373
1790325526.185758281,Phase1_Baseline,373
1790325526.254403500,Phase1_Baseline,374
1790325526.320300404,Phase1_Baseline,374
1790325526.392228370,Phase1_Baseline,374
1790325526.460686821,Phase1_Baseline,375
1790325526.529226496,Phase1_Baseline,375
1790325526.606484268,Phase1_Baseline,376
1790325526.690374939,Phase1_Baseline,376
1790325526.773716508,Phase1_Baseline,377
1790325526.854628350,Phase1_Baseline,377
1790325526.936391832,Phase1_Baseline,377
1790325527.019201752,Phase1_Baseline,378
1790325527.107373564,Phase1_Baseline,378
1790325527.194183012,Phase1_Baseline,379
1790325527.281368565,Phase1_Baseline,379
1790325527.371992979,Phase1_Baseline,380
1790325527.468471788,Phase1_Baseline,381
1790325527.524447806,Phase1_Baseline,381
1790325527.584905788,Phase1_Baseline,381
1790325527.664031117,Phase1_Baseline,382
1790325527.730240489,Phase1_Baseline,382
1790325527.808805585,Phase1_Baseline,383
1790325527.891150039,Phase1_Baseline,383
1790325527.965549390,Phase1_Baseline,383
1790325528.045291739,Phase1_Baseline,384
1790325528.112996210,Phase1_Baseline,384
1790325528.187151925,Phase1_Baseline,385
1790325528.265155461,Phase1_Baseline,385
1790325528.352984213,Phase1_Baseline,386
1790325528.426998387,Phase1_Baseline,386
1790325528.484482693,Phase1_Baseline,386
1790325528.539822984,Phase1_Baseline,387
1790325528.606918371,Phase1_Baseline,387
1790325528.678222356,Phase1_Baseline,387
1790325528.773209422,Phase1_Baseline,388
1790325528.853506187,Phase1_Baseline,388
1790325528.927536910,Phase1_Baseline,389
1790325529.013524639,Phase1_Baseline,389
1790325529.081303428,Phase1_Baseline,390
1790325529.147174777,Phase1_Baseline,390
1790325529.221128072,Phase1_Baseline,391
1790325529.292001839,Phase1_Baseline,391
1790325529.373331938,Phase1_Baseline,391
1790325529.438572012,Phase1_Baseline,392
1790325529.512479609,Phase1_Baseline,392
1790325529.597765919,Phase1_Baseline,393
1790325529.683586347,Phase1_Baseline,393
1790325529.768364520,Phase1_Baseline,394
1790325529.857057314,Phase1_Baseline,394
1790325529.943381565,Phase1_Baseline,395
1790325530.032578426,Phase1_Baseline,395
1790325530.118839182,Phase1_Baseline,396
1790325530.193222204,Phase1_Baseline,396
1790325530.273389017,Phase1_Baseline,397
1790325530.364723718,Phase1_Baseline,397
1790325530.449858023,Phase1_Baseline,398
1790325530.536381557,Phase1_Baseline,398
1790325530.615514294,Phase1_Baseline,399
1790325530.700001962,Phase1_Baseline,399
1790325530.781242267,Phase1_Baseline,400
1790325530.864499893,Phase1_Baseline,400
1790325530.942804541,Phase1_Baseline,400
1790325531.027609002,Phase1_Baseline,401
1790325531.107199346,Phase1_Baseline,401
1790325531.199276525,Phase1_Baseline,402
1790325531.285235888,Phase1_Baseline,402
1790325531.370384348,Phase1_Baseline,403
1790325531.448826665,Phase1_Baseline,403
1790325531.532581526,Phase1_Baseline,404
1790325531.611595708,Phase1_Baseline,404
1790325531.682197603,Phase1_Baseline,405
1790325531.766493885,Phase1_Baseline,405
1790325531.845299308,Phase1_Baseline,406
1790325531.923463187,Phase1_Baseline,406
1790325532.000935535,Phase1_Baseline,407
1790325532.075320817,Phase1_Baseline,407
1790325532.150421678,Phase1_Baseline,407
1790325532.218211607,Phase1_Baseline,408
1790325532.277841272,Phase1_Baseline,408
1790325532.339698809,Phase1_Baseline,409
1790325532.403582264,Phase1_Baseline,409
1790325532.472626403,Phase1_Baseline,409
1790325532.544096435,Phase1_Baseline,410
1790325532.614026867,Phase1_Baseline,410
1790325532.685245033,Phase1_Baseline,411
1790325532.765627444,Phase1_Baseline,411
1790325532.843246630,Phase1_Baseline,411
1790325532.924422763,Phase1_Baseline,412
1790325533.009225896,Phase1_Baseline,412
1790325533.087941059,Phase1_Baseline,413
1790325533.168471325,Phase1_Baseline,413
1790325533.251242657,Phase1_Baseline,414
1790325533.322560069,Phase1_Baseline,414
1790325533.404689575,Phase1_Baseline,415
1790325533.491140584,Phase1_Baseline,415
1790325533.572748130,Phase1_Baseline,416
1790325533.657165039,Phase1_Baseline,416
1790325533.742805333,Phase1_Baseline,417
1790325533.825976420,Phase1_Baseline,417
1790325533.912498229,Phase1_Baseline,418
1790325533.997208892,Phase1_Baseline,418
1790325534.051972067,Phase1_Baseline,418
1790325534.127722476,Phase1_Baseline,419
1790325534.205255983,Phase1_Baseline,419
1790325534.273695087,Phase1_Baseline,420
1790325534.361799101,Phase1_Baseline,420
1790325534.444812131,Phase1_Baseline,421
1790325534.514930760,Phase1_Baseline,421
1790325534.599274530,Phase1_Baseline,422
1790325534.670337347,Phase1_Baseline,422
1790325534.753222961,Phase1_Baseline,423
1790325534.841304359,Phase1_Baseline,423
1790325534.909486100,Phase1_Baseline,423
1790325534.985372131,Phase1_Baseline,424
1790325535.059698467,Phase1_Baseline,424
1790325535.135447387,Phase1_Baseline,425
1790325535.225065032,Phase1_Baseline,425
1790325535.289947462,Phase1_Baseline,426
1790325535.351416332,Phase1_Baseline,426
1790325535.419758567,Phase1_Baseline,426
1790325535.502349494,Phase1_Baseline,427
1790325535.582007862,Phase1_Baseline,427
1790325535.661537743,Phase1_Baseline,428
1790325535.738578380,Phase1_Baseline,428
1790325535.823293246,Phase1_Baseline,429
1790325535.896444614,Phase1_Baseline,429
1790325535.980302852,Phase1_Baseline,430
1790325536.074572647,Phase1_Baseline,430
1790325536.164289602,Phase1_Baseline,431
1790325536.252052813,Phase1_Baseline,431
1790325536.337403130,Phase1_Baseline,432
1790325536.416166615,Phase1_Baseline,432
1790325536.496993273,Phase1_Baseline,433
1790325536.584072849,Phase1_Baseline,433
1790325536.652791267,Phase1_Baseline,433
1790325536.735382774,Phase1_Baseline,434
1790325536.820927548,Phase1_Baseline,434
1790325536.900362599,Phase1_Baseline,435
1790325536.984704844,Phase1_Baseline,435
1790325537.066145926,Phase1_Baseline,436
1790325537.147293189,Phase1_Baseline,436
1790325537.212543750,Phase1_Baseline,437
1790325537.299043689,Phase1_Baseline,437
1790325537.379991165,Phase1_Baseline,438
1790325537.460211274,Phase1_Baseline,438
1790325537.542803013,Phase1_Baseline,439
1790325537.626489689,Phase1_Baseline,439
1790325537.708708702,Phase1_Baseline,440
1790325537.790448379,Phase1_Baseline,440
1790325537.869826938,Phase1_Baseline,441
1790325537.957389082,Phase1_Baseline,441
1790325538.039684125,Phase1_Baseline,441
1790325538.121146064,Phase1_Baseline,442
1790325538.204240177,Phase1_Baseline,442
1790325538.272951486,Phase1_Baseline,443
1790325538.338834240,Phase1_Baseline,443
1790325538.415144168,Phase1_Baseline,444
1790325538.470054574,Phase1_Baseline,444
1790325538.522316180,Phase1_Baseline,444
1790325538.578770077,Phase1_Baseline,445
1790325538.641816154,Phase1_Baseline,445
1790325538.715286790,Phase1_Baseline,445
1790325538.803342824,Phase1_Baseline,446
1790325538.891177496,Phase1_Baseline,446
1790325538.977734783,Phase1_Baseline,447
1790325539.053694646,Phase1_Baseline,447
1790325539.122241832,Phase1_Baseline,448
1790325539.190699269,Phase1_Baseline,448
1790325539.254482186,Phase1_Baseline,448
1790325539.333610844,Phase1_Baseline,449
1790325539.412381763,Phase1_Baseline,449
1790325539.494432793,Phase1_Baseline,450
1790325539.560310183,Phase1_Baseline,450
1790325539.643155865,Phase1_Baseline,451
1790325539.727778752,Phase1_Baseline,451
1790325539.791275992,Phase1_Baseline,452
1790325539.860639969,Phase1_Baseline,452
1790325539.940604404,Phase1_Baseline,452
1790325540.014541266,Phase1_Baseline,453
1790325540.098041445,Phase1_Baseline,453
1790325540.180349533,Phase1_Baseline,454
1790325540.267295080,Phase1_Baseline,454
1790325540.344320634,Phase1_Baseline,455
1790325540.409676702,Phase1_Baseline,455
1790325540.488341546,Phase1_Baseline,456
1790325540.574634010,Phase1_Baseline,456
1790325540.641599635,Phase1_Baseline,457
1790325540.715721779,Phase1_Baseline,457
1790325540.806841541,Phase1_Baseline,457
1790325540.893254355,Phase1_Baseline,458
1790325540.967020301,Phase1_Baseline,458
1790325541.041893295,Phase1_Baseline,459
1790325541.115535060,Phase1_Baseline,459
1790325541.188352056,Phase1_Baseline,460
1790325541.271465940,Phase1_Baseline,460
1790325543.854487460,Phase2_Migrated,10
1790325543.948211084,Phase2_Migrated,10
1790325544.040691252,Phase2_Migrated,10
1790325544.132815504,Phase2_Migrated,10
1790325544.227845944,Phase2_Migrated,20
1790325544.322300709,Phase2_Migrated,40
1790325544.416899297,Phase2_Migrated,40
1790325544.512845957,Phase2_Migrated,80
1790325544.614315250,Phase2_Migrated,80
1790325544.710186281,Phase2_Migrated,160
1790325544.801482885,Phase2_Migrated,228
1790325544.893014049,Phase2_Migrated,320
1790325544.969441839,Phase2_Migrated,410
1790325545.057727857,Phase2_Migrated,640
1790325545.159102144,Phase2_Migrated,866
1790325545.254621533,Phase2_Migrated,1047
1790325545.343212996,Phase2_Migrated,883
1790325545.429791555,Phase2_Migrated,688
1790325545.530739209,Phase2_Migrated,560
1790325545.633223073,Phase2_Migrated,560
1790325545.732267088,Phase2_Migrated,379
1790325545.826805144,Phase2_Migrated,280
1790325545.933588947,Phase2_Migrated,280
1790325546.014815890,Phase2_Migrated,281
1790325546.100953572,Phase2_Migrated,281
1790325546.195409462,Phase2_Migrated,282
1790325546.284749168,Phase2_Migrated,282
1790325546.371083992,Phase2_Migrated,283
1790325546.466014471,Phase2_Migrated,284
1790325546.545303739,Phase2_Migrated,284
1790325546.637716018,Phase2_Migrated,285
1790325546.727988964,Phase2_Migrated,285
1790325546.819409650,Phase2_Migrated,286
1790325546.905445780,Phase2_Migrated,286
1790325546.997550806,Phase2_Migrated,287
1790325547.089028554,Phase2_Migrated,287
1790325547.181954569,Phase2_Migrated,288
1790325547.267352163,Phase2_Migrated,288
1790325547.354986412,Phase2_Migrated,289
1790325547.452639173,Phase2_Migrated,290
1790325547.546191104,Phase2_Migrated,290
1790325547.635267273,Phase2_Migrated,291
1790325547.724369726,Phase2_Migrated,291
1790325547.812345900,Phase2_Migrated,292
1790325547.897625766,Phase2_Migrated,292
1790325547.996678041,Phase2_Migrated,293
1790325548.096755070,Phase2_Migrated,293
1790325548.189103871,Phase2_Migrated,294
1790325548.289558334,Phase2_Migrated,295
1790325548.373638216,Phase2_Migrated,295
1790325548.456604511,Phase2_Migrated,296
1790325548.514076339,Phase2_Migrated,296
1790325548.575913020,Phase2_Migrated,296
1790325548.653561040,Phase2_Migrated,297
1790325548.729238506,Phase2_Migrated,297
1790325548.798215205,Phase2_Migrated,298
1790325548.883338307,Phase2_Migrated,298
1790325548.973715393,Phase2_Migrated,299
1790325549.064205743,Phase2_Migrated,299
1790325549.152401809,Phase2_Migrated,300
1790325549.223776193,Phase2_Migrated,300
1790325549.324321004,Phase2_Migrated,301
1790325549.424289174,Phase2_Migrated,301
1790325549.520983050,Phase2_Migrated,302
1790325549.608329102,Phase2_Migrated,302
1790325549.705197146,Phase2_Migrated,303
1790325549.799262602,Phase2_Migrated,304
1790325549.899463298,Phase2_Migrated,304
1790325549.975792318,Phase2_Migrated,305
1790325550.070967201,Phase2_Migrated,305
1790325550.164156169,Phase2_Migrated,306
1790325550.257803536,Phase2_Migrated,306
1790325550.353138036,Phase2_Migrated,307
1790325550.450514014,Phase2_Migrated,307
1790325550.546323357,Phase2_Migrated,308
1790325550.643509440,Phase2_Migrated,309
1790325550.735751359,Phase2_Migrated,309
1790325550.843292246,Phase2_Migrated,310
1790325550.930264529,Phase2_Migrated,310
1790325551.026633223,Phase2_Migrated,311
1790325551.125049806,Phase2_Migrated,311
1790325551.220317859,Phase2_Migrated,312
1790325551.291893675,Phase2_Migrated,312
1790325551.385331328,Phase2_Migrated,313
1790325551.483558792,Phase2_Migrated,314
1790325551.579395819,Phase2_Migrated,314
1790325551.665243962,Phase2_Migrated,315
1790325551.744029181,Phase2_Migrated,315
1790325551.843248231,Phase2_Migrated,316
1790325551.944118884,Phase2_Migrated,316
1790325552.041401567,Phase2_Migrated,317
1790325552.126273035,Phase2_Migrated,317
1790325552.222747150,Phase2_Migrated,318
1790325552.313757896,Phase2_Migrated,318
1790325552.412059238,Phase2_Migrated,319
1790325552.513990776,Phase2_Migrated,320
1790325552.606542905,Phase2_Migrated,320
1790325552.701279112,Phase2_Migrated,321
1790325552.793303179,Phase2_Migrated,321
1790325552.889384461,Phase2_Migrated,322
1790325552.988245704,Phase2_Migrated,322
1790325553.087569076,Phase2_Migrated,323
1790325553.182822539,Phase2_Migrated,323
1790325553.275343146,Phase2_Migrated,324
1790325553.374896511,Phase2_Migrated,325
1790325553.460712857,Phase2_Migrated,325
1790325553.557549696,Phase2_Migrated,326
1790325553.654027915,Phase2_Migrated,326
1790325553.752543666,Phase2_Migrated,327
1790325553.831718468,Phase2_Migrated,327
1790325553.918054245,Phase2_Migrated,328
1790325554.004938741,Phase2_Migrated,328
1790325554.100756575,Phase2_Migrated,329
1790325554.187912134,Phase2_Migrated,329
1790325554.284243799,Phase2_Migrated,330
1790325554.371159696,Phase2_Migrated,330
1790325554.437602207,Phase2_Migrated,331
1790325554.509026392,Phase2_Migrated,331
1790325554.595377895,Phase2_Migrated,332
1790325554.676046060,Phase2_Migrated,332
1790325554.766268514,Phase2_Migrated,333
1790325554.855715436,Phase2_Migrated,333
1790325554.945718426,Phase2_Migrated,334
1790325555.033628949,Phase2_Migrated,334
1790325555.121574902,Phase2_Migrated,335
1790325555.213357802,Phase2_Migrated,335
1790325555.307616215,Phase2_Migrated,336
1790325555.400282333,Phase2_Migrated,336
1790325555.492818091,Phase2_Migrated,337
1790325555.591831305,Phase2_Migrated,338
1790325555.685633983,Phase2_Migrated,338
1790325555.777474489,Phase2_Migrated,339
1790325555.858303917,Phase2_Migrated,339
1790325555.944455546,Phase2_Migrated,340
1790325556.036550109,Phase2_Migrated,340
1790325556.128458959,Phase2_Migrated,341
1790325556.214093979,Phase2_Migrated,341
1790325556.293311317,Phase2_Migrated,342
1790325556.386144561,Phase2_Migrated,342
1790325556.478510027,Phase2_Migrated,343
1790325556.575098392,Phase2_Migrated,343
1790325556.671519247,Phase2_Migrated,344
1790325556.765833350,Phase2_Migrated,344
1790325556.856627410,Phase2_Migrated,345
1790325556.948629877,Phase2_Migrated,345
1790325557.048212813,Phase2_Migrated,346
1790325557.142904050,Phase2_Migrated,347
1790325557.229955117,Phase2_Migrated,347
1790325557.309511028,Phase2_Migrated,348
1790325557.408981842,Phase2_Migrated,348
1790325557.502624583,Phase2_Migrated,349
1790325557.576186922,Phase2_Migrated,349
1790325557.657627722,Phase2_Migrated,350
1790325557.738831169,Phase2_Migrated,350
1790325557.824011531,Phase2_Migrated,351
1790325557.906637332,Phase2_Migrated,351
1790325558.004233286,Phase2_Migrated,352
1790325558.111546990,Phase2_Migrated,352
1790325558.195205222,Phase2_Migrated,353
1790325558.277116628,Phase2_Migrated,353
1790325558.349335625,Phase2_Migrated,354
1790325558.429904297,Phase2_Migrated,354
1790325558.498629257,Phase2_Migrated,354
1790325558.579017834,Phase2_Migrated,355
1790325558.665355776,Phase2_Migrated,356
1790325558.762726456,Phase2_Migrated,356
1790325558.861143189,Phase2_Migrated,357
1790325558.950280482,Phase2_Migrated,357
1790325559.041098893,Phase2_Migrated,358
1790325559.124865540,Phase2_Migrated,358
1790325559.191140927,Phase2_Migrated,358
1790325559.279279103,Phase2_Migrated,359
1790325559.373547465,Phase2_Migrated,360
1790325559.465263585,Phase2_Migrated,360
1790325559.542191367,Phase2_Migrated,361
1790325559.638721618,Phase2_Migrated,361
1790325559.729696335,Phase2_Migrated,362
1790325559.824539569,Phase2_Migrated,362
1790325559.912911264,Phase2_Migrated,363
1790325559.998212366,Phase2_Migrated,363
1790325560.089507170,Phase2_Migrated,364
1790325560.179431263,Phase2_Migrated,364
1790325560.282322760,Phase2_Migrated,365
1790325560.368240698,Phase2_Migrated,365
1790325560.454828421,Phase2_Migrated,366
1790325560.548809093,Phase2_Migrated,366
1790325560.648053729,Phase2_Migrated,367
1790325560.744196646,Phase2_Migrated,367
1790325560.837016934,Phase2_Migrated,368
1790325560.926013445,Phase2_Migrated,369
1790325561.012364154,Phase2_Migrated,369
1790325561.101508751,Phase2_Migrated,370
1790325561.181085088,Phase2_Migrated,370
1790325561.273092325,Phase2_Migrated,371
1790325561.360089282,Phase2_Migrated,371
1790325561.445309988,Phase2_Migrated,372
1790325561.543203012,Phase2_Migrated,372
1790325561.637589235,Phase2_Migrated,373
1790325561.730803925,Phase2_Migrated,373
1790325561.830036045,Phase2_Migrated,374
1790325561.924966336,Phase2_Migrated,374
1790325562.009231465,Phase2_Migrated,375
1790325562.093145374,Phase2_Migrated,375
1790325562.174092687,Phase2_Migrated,376
1790325562.270489628,Phase2_Migrated,376
1790325562.363232102,Phase2_Migrated,377
1790325562.463370416,Phase2_Migrated,377
1790325562.557521919,Phase2_Migrated,378
1790325562.647911916,Phase2_Migrated,378
1790325562.719525183,Phase2_Migrated,379
1790325562.819766150,Phase2_Migrated,379
1790325562.924702656,Phase2_Migrated,380
1790325563.017645208,Phase2_Migrated,381
1790325563.113153537,Phase2_Migrated,381
1790325563.211306088,Phase2_Migrated,382
1790325563.300834605,Phase2_Migrated,382
1790325563.399975272,Phase2_Migrated,383
1790325563.498246924,Phase2_Migrated,383
1790325563.589039128,Phase2_Migrated,384
1790325563.688807939,Phase2_Migrated,384
1790325563.789464075,Phase2_Migrated,385
1790325563.883046182,Phase2_Migrated,386
1790325563.978183923,Phase2_Migrated,386
1790325564.073374310,Phase2_Migrated,387
1790325564.172498701,Phase2_Migrated,387
1790325564.268966975,Phase2_Migrated,388
1790325564.365716883,Phase2_Migrated,388
1790325564.465464692,Phase2_Migrated,389
1790325564.550527842,Phase2_Migrated,389
1790325564.621393678,Phase2_Migrated,390
1790325564.703425244,Phase2_Migrated,390
1790325564.795339340,Phase2_Migrated,391
1790325564.889241864,Phase2_Migrated,391
1790325564.985762159,Phase2_Migrated,392
1790325565.085357545,Phase2_Migrated,392
1790325565.180443425,Phase2_Migrated,393
1790325565.268990592,Phase2_Migrated,394
1790325565.370473146,Phase2_Migrated,394
1790325565.458517659,Phase2_Migrated,395
1790325565.553021750,Phase2_Migrated,395
1790325565.633116150,Phase2_Migrated,396
1790325565.725617228,Phase2_Migrated,396
1790325565.817061232,Phase2_Migrated,397
1790325565.905070030,Phase2_Migrated,397
1790325565.996342765,Phase2_Migrated,398
1790325566.072345046,Phase2_Migrated,398
1790325566.162152531,Phase2_Migrated,399
1790325566.255572905,Phase2_Migrated,399
1790325566.348677818,Phase2_Migrated,400
1790325566.444800614,Phase2_Migrated,401
1790325566.537097558,Phase2_Migrated,401
1790325566.625017286,Phase2_Migrated,402
1790325566.719445105,Phase2_Migrated,402
1790325566.817991709,Phase2_Migrated,403
1790325566.902624380,Phase2_Migrated,403
1790325566.995690487,Phase2_Migrated,404
1790325567.098801356,Phase2_Migrated,404
1790325567.204028671,Phase2_Migrated,405
1790325567.293066116,Phase2_Migrated,405
1790325567.371474217,Phase2_Migrated,406
1790325567.471050311,Phase2_Migrated,406
1790325567.566927956,Phase2_Migrated,407
1790325567.659711454,Phase2_Migrated,407
1790325567.738362166,Phase2_Migrated,408
1790325567.830570423,Phase2_Migrated,408
1790325567.927482728,Phase2_Migrated,409
1790325568.027147184,Phase2_Migrated,410
1790325568.112168732,Phase2_Migrated,410
1790325568.206189718,Phase2_Migrated,411
1790325568.291156989,Phase2_Migrated,411
1790325568.388712881,Phase2_Migrated,412
1790325568.466077626,Phase2_Migrated,412
1790325568.529096174,Phase2_Migrated,413
1790325568.592383860,Phase2_Migrated,413
1790325568.665764669,Phase2_Migrated,413
1790325568.762465262,Phase2_Migrated,414
1790325568.854948647,Phase2_Migrated,414
1790325568.947412338,Phase2_Migrated,415
1790325569.045273686,Phase2_Migrated,415
1790325569.142358137,Phase2_Migrated,416
1790325569.209838964,Phase2_Migrated,416
1790325569.290949110,Phase2_Migrated,417
1790325569.390125341,Phase2_Migrated,417
1790325569.486537020,Phase2_Migrated,418
1790325569.584289938,Phase2_Migrated,419
1790325569.681216957,Phase2_Migrated,419
1790325569.771310889,Phase2_Migrated,420
1790325569.865405715,Phase2_Migrated,420
1790325569.950510675,Phase2_Migrated,421
1790325570.045237083,Phase2_Migrated,421
1790325570.141090001,Phase2_Migrated,422
1790325570.247835547,Phase2_Migrated,422
1790325570.348613245,Phase2_Migrated,423
1790325570.437209110,Phase2_Migrated,424
1790325570.533799449,Phase2_Migrated,424
1790325570.611020189,Phase2_Migrated,425
1790325570.693033128,Phase2_Migrated,425
1790325570.783838657,Phase2_Migrated,426
1790325570.884531626,Phase2_Migrated,426
1790325570.982594422,Phase2_Migrated,427
1790325571.081267529,Phase2_Migrated,427
1790325571.171931857,Phase2_Migrated,428
1790325571.266065473,Phase2_Migrated,428
1790325571.364598272,Phase2_Migrated,429
1790325571.457554619,Phase2_Migrated,429
1790325571.560367373,Phase2_Migrated,430
1790325571.655213181,Phase2_Migrated,431
1790325571.754360913,Phase2_Migrated,431
1790325571.848049280,Phase2_Migrated,432
1790325571.948948358,Phase2_Migrated,432
1790325572.025251557,Phase2_Migrated,433
1790325572.125231870,Phase2_Migrated,433
1790325572.216580825,Phase2_Migrated,434
1790325572.315116645,Phase2_Migrated,434
1790325572.407355222,Phase2_Migrated,435
1790325572.505150585,Phase2_Migrated,435
1790325572.599887182,Phase2_Migrated,436
1790325572.693371628,Phase2_Migrated,437
1790325572.792716371,Phase2_Migrated,437
1790325572.876358876,Phase2_Migrated,438
1790325572.963511685,Phase2_Migrated,438
1790325573.059467594,Phase2_Migrated,439
1790325573.155083141,Phase2_Migrated,439
1790325573.252929068,Phase2_Migrated,440
1790325573.349732001,Phase2_Migrated,440
1790325573.443958729,Phase2_Migrated,441
1790325573.539751151,Phase2_Migrated,441
1790325573.628021650,Phase2_Migrated,442
1790325573.724995040,Phase2_Migrated,442
1790325573.826546778,Phase2_Migrated,443
1790325573.924888910,Phase2_Migrated,444
1790325574.016576724,Phase2_Migrated,444
1790325574.108339293,Phase2_Migrated,445
1790325574.200256558,Phase2_Migrated,445
1790325574.293102093,Phase2_Migrated,446
1790325574.388157023,Phase2_Migrated,446
1790325574.481330030,Phase2_Migrated,447
1790325574.564256922,Phase2_Migrated,447
1790325574.654313212,Phase2_Migrated,448
1790325574.748257397,Phase2_Migrated,448
1790325574.841889293,Phase2_Migrated,449
1790325574.939110707,Phase2_Migrated,450
1790325575.012025757,Phase2_Migrated,450
1790325575.085011012,Phase2_Migrated,450
1790325575.176934519,Phase2_Migrated,451
1790325575.275032829,Phase2_Migrated,451
1790325575.374223179,Phase2_Migrated,452
1790325575.472389281,Phase2_Migrated,453
1790325575.574756388,Phase2_Migrated,453
1790325575.671610533,Phase2_Migrated,454
1790325575.753205684,Phase2_Migrated,454
1790325575.844897033,Phase2_Migrated,455
1790325575.942089258,Phase2_Migrated,455
1790325576.037589735,Phase2_Migrated,456
1790325576.116932718,Phase2_Migrated,456
1790325576.195563883,Phase2_Migrated,457
1790325576.273758586,Phase2_Migrated,457
1790325576.358081332,Phase2_Migrated,458
1790325576.444188767,Phase2_Migrated,458
1790325576.529984708,Phase2_Migrated,459
1790325576.622076809,Phase2_Migrated,459
1790325576.714992568,Phase2_Migrated,460
1790325576.812971491,Phase2_Migrated,460
1790325576.914877290,Phase2_Migrated,461
1790325578.259888396,Uninterrupted_Baseline,1
1790325578.329895764,Uninterrupted_Baseline,1
1790325578.412169191,Uninterrupted_Baseline,1
1790325578.467114806,Uninterrupted_Baseline,1
1790325578.529627276,Uninterrupted_Baseline,1
1790325578.596173297,Uninterrupted_Baseline,1
1790325578.666802323,Uninterrupted_Baseline,1
1790325578.752766120,Uninterrupted_Baseline,1
1790325578.823691521,Uninterrupted_Baseline,1
1790325578.909735551,Uninterrupted_Baseline,1
1790325578.992743173,Uninterrupted_Baseline,1
1790325579.083092784,Uninterrupted_Baseline,1
1790325579.164637905,Uninterrupted_Baseline,1
1790325579.229218963,Uninterrupted_Baseline,1
1790325579.311459643,Uninterrupted_Baseline,1
1790325579.398993495,Uninterrupted_Baseline,1
1790325579.470814773,Uninterrupted_Baseline,1
1790325579.559056702,Uninterrupted_Baseline,1
1790325579.642444640,Uninterrupted_Baseline,1
1790325579.733812506,Uninterrupted_Baseline,1
1790325579.818182492,Uninterrupted_Baseline,1
1790325579.902094464,Uninterrupted_Baseline,1
1790325579.989580847,Uninterrupted_Baseline,1
1790325580.078476649,Uninterrupted_Baseline,1
1790325580.160135314,Uninterrupted_Baseline,1
1790325580.246163308,Uninterrupted_Baseline,1
1790325580.328594011,Uninterrupted_Baseline,1
1790325580.417453636,Uninterrupted_Baseline,1
1790325580.507741664,Uninterrupted_Baseline,1
1790325580.593699498,Uninterrupted_Baseline,1
1790325580.676241208,Uninterrupted_Baseline,1
1790325580.761123989,Uninterrupted_Baseline,1
1790325580.761123989,Uninterrupted_Baseline,10
1790325580.851035020,Uninterrupted_Baseline,1
1790325580.851035020,Uninterrupted_Baseline,10
1790325580.933446499,Uninterrupted_Baseline,1
1790325580.933446499,Uninterrupted_Baseline,20
1790325581.017149749,Uninterrupted_Baseline,1
1790325581.017149749,Uninterrupted_Baseline,20
1790325581.092706661,Uninterrupted_Baseline,1
1790325581.092706661,Uninterrupted_Baseline,40
1790325581.176758487,Uninterrupted_Baseline,1
1790325581.176758487,Uninterrupted_Baseline,40
1790325581.262061680,Uninterrupted_Baseline,1
1790325581.262061680,Uninterrupted_Baseline,80
1790325581.343775392,Uninterrupted_Baseline,1
1790325581.343775392,Uninterrupted_Baseline,80
1790325581.425552599,Uninterrupted_Baseline,1
1790325581.425552599,Uninterrupted_Baseline,160
1790325581.504488483,Uninterrupted_Baseline,1
1790325581.504488483,Uninterrupted_Baseline,160
1790325581.585826341,Uninterrupted_Baseline,1
1790325581.585826341,Uninterrupted_Baseline,298
1790325581.664892910,Uninterrupted_Baseline,1
1790325581.664892910,Uninterrupted_Baseline,320
1790325581.744027483,Uninterrupted_Baseline,1
1790325581.744027483,Uninterrupted_Baseline,455
1790325581.829257797,Uninterrupted_Baseline,1
1790325581.829257797,Uninterrupted_Baseline,640
1790325581.908931980,Uninterrupted_Baseline,1
1790325581.908931980,Uninterrupted_Baseline,780
1790325581.970946238,Uninterrupted_Baseline,1
1790325581.970946238,Uninterrupted_Baseline,1047
1790325582.062148837,Uninterrupted_Baseline,1
1790325582.062148837,Uninterrupted_Baseline,941
1790325582.143068001,Uninterrupted_Baseline,1
1790325582.143068001,Uninterrupted_Baseline,775
1790325582.229115015,Uninterrupted_Baseline,1
1790325582.229115015,Uninterrupted_Baseline,593
1790325582.310060198,Uninterrupted_Baseline,1
1790325582.310060198,Uninterrupted_Baseline,548
1790325582.401344292,Uninterrupted_Baseline,1
1790325582.401344292,Uninterrupted_Baseline,548
1790325582.486429891,Uninterrupted_Baseline,1
1790325582.486429891,Uninterrupted_Baseline,392
1790325582.570679787,Uninterrupted_Baseline,1
1790325582.570679787,Uninterrupted_Baseline,279
1790325582.656284716,Uninterrupted_Baseline,1
1790325582.656284716,Uninterrupted_Baseline,274
1790325582.724180588,Uninterrupted_Baseline,1
1790325582.724180588,Uninterrupted_Baseline,274
1790325582.804820704,Uninterrupted_Baseline,1
1790325582.804820704,Uninterrupted_Baseline,275
1790325582.893434429,Uninterrupted_Baseline,1
1790325582.893434429,Uninterrupted_Baseline,275
1790325582.969112011,Uninterrupted_Baseline,1
1790325582.969112011,Uninterrupted_Baseline,276
1790325583.059473926,Uninterrupted_Baseline,1
1790325583.059473926,Uninterrupted_Baseline,277
1790325583.143274477,Uninterrupted_Baseline,1
1790325583.143274477,Uninterrupted_Baseline,277
1790325583.231549201,Uninterrupted_Baseline,1
1790325583.231549201,Uninterrupted_Baseline,278
1790325583.313504591,Uninterrupted_Baseline,1
1790325583.313504591,Uninterrupted_Baseline,278
1790325583.396695021,Uninterrupted_Baseline,1
1790325583.396695021,Uninterrupted_Baseline,279
1790325583.476304457,Uninterrupted_Baseline,1
1790325583.476304457,Uninterrupted_Baseline,279
1790325583.557200306,Uninterrupted_Baseline,1
1790325583.557200306,Uninterrupted_Baseline,280
1790325583.639934851,Uninterrupted_Baseline,1
1790325583.639934851,Uninterrupted_Baseline,280
1790325583.725120172,Uninterrupted_Baseline,1
1790325583.725120172,Uninterrupted_Baseline,281
1790325583.802046487,Uninterrupted_Baseline,1
1790325583.802046487,Uninterrupted_Baseline,281
1790325583.882159717,Uninterrupted_Baseline,1
1790325583.882159717,Uninterrupted_Baseline,281
1790325583.968986464,Uninterrupted_Baseline,1
1790325583.968986464,Uninterrupted_Baseline,282
1790325584.055271043,Uninterrupted_Baseline,1
1790325584.055271043,Uninterrupted_Baseline,283
1790325584.139440849,Uninterrupted_Baseline,1
1790325584.139440849,Uninterrupted_Baseline,283
1790325584.222964862,Uninterrupted_Baseline,1
1790325584.222964862,Uninterrupted_Baseline,284
1790325584.306211164,Uninterrupted_Baseline,1
1790325584.306211164,Uninterrupted_Baseline,284
1790325584.394166451,Uninterrupted_Baseline,1
1790325584.394166451,Uninterrupted_Baseline,285
1790325584.473208057,Uninterrupted_Baseline,1
1790325584.473208057,Uninterrupted_Baseline,285
1790325584.553754900,Uninterrupted_Baseline,1
1790325584.553754900,Uninterrupted_Baseline,286
1790325584.635477287,Uninterrupted_Baseline,1
1790325584.635477287,Uninterrupted_Baseline,286
1790325584.720206779,Uninterrupted_Baseline,1
1790325584.720206779,Uninterrupted_Baseline,287
1790325584.789338458,Uninterrupted_Baseline,1
1790325584.789338458,Uninterrupted_Baseline,287
1790325584.868987938,Uninterrupted_Baseline,1
1790325584.868987938,Uninterrupted_Baseline,287
1790325584.928786111,Uninterrupted_Baseline,1
1790325584.928786111,Uninterrupted_Baseline,288
1790325585.011222901,Uninterrupted_Baseline,1
1790325585.011222901,Uninterrupted_Baseline,288
1790325585.103073937,Uninterrupted_Baseline,1
1790325585.103073937,Uninterrupted_Baseline,289
1790325585.180281474,Uninterrupted_Baseline,1
1790325585.180281474,Uninterrupted_Baseline,289
1790325585.242160271,Uninterrupted_Baseline,1
1790325585.242160271,Uninterrupted_Baseline,290
1790325585.307947413,Uninterrupted_Baseline,1
1790325585.307947413,Uninterrupted_Baseline,290
1790325585.392988682,Uninterrupted_Baseline,1
1790325585.392988682,Uninterrupted_Baseline,291
1790325585.478169587,Uninterrupted_Baseline,1
1790325585.478169587,Uninterrupted_Baseline,291
1790325585.564532869,Uninterrupted_Baseline,1
1790325585.564532869,Uninterrupted_Baseline,292
1790325585.649303424,Uninterrupted_Baseline,1
1790325585.649303424,Uninterrupted_Baseline,292
1790325585.734549099,Uninterrupted_Baseline,1
1790325585.734549099,Uninterrupted_Baseline,293
1790325585.817167004,Uninterrupted_Baseline,1
1790325585.817167004,Uninterrupted_Baseline,293
1790325585.900251870,Uninterrupted_Baseline,1
1790325585.900251870,Uninterrupted_Baseline,294
1790325585.995929485,Uninterrupted_Baseline,1
1790325585.995929485,Uninterrupted_Baseline,294
1790325586.083901602,Uninterrupted_Baseline,1
1790325586.083901602,Uninterrupted_Baseline,295
1790325586.171193968,Uninterrupted_Baseline,1
1790325586.171193968,Uninterrupted_Baseline,295
1790325586.258953272,Uninterrupted_Baseline,1
1790325586.258953272,Uninterrupted_Baseline,296
1790325586.330252937,Uninterrupted_Baseline,1
1790325586.330252937,Uninterrupted_Baseline,296
1790325586.415224080,Uninterrupted_Baseline,1
1790325586.415224080,Uninterrupted_Baseline,297
1790325586.501004331,Uninterrupted_Baseline,1
1790325586.501004331,Uninterrupted_Baseline,297
1790325586.583817362,Uninterrupted_Baseline,1
1790325586.583817362,Uninterrupted_Baseline,298
1790325586.671956656,Uninterrupted_Baseline,1
1790325586.671956656,Uninterrupted_Baseline,298
1790325586.756511370,Uninterrupted_Baseline,1
1790325586.756511370,Uninterrupted_Baseline,299
1790325586.843777724,Uninterrupted_Baseline,1
1790325586.843777724,Uninterrupted_Baseline,299
1790325586.929777013,Uninterrupted_Baseline,1
1790325586.929777013,Uninterrupted_Baseline,300
1790325587.006238363,Uninterrupted_Baseline,1
1790325587.006238363,Uninterrupted_Baseline,300
1790325587.085518691,Uninterrupted_Baseline,1
1790325587.085518691,Uninterrupted_Baseline,301
1790325587.166327911,Uninterrupted_Baseline,1
1790325587.166327911,Uninterrupted_Baseline,301
1790325587.253818305,Uninterrupted_Baseline,1
1790325587.253818305,Uninterrupted_Baseline,302
1790325587.345818806,Uninterrupted_Baseline,1
1790325587.345818806,Uninterrupted_Baseline,302
1790325587.434293356,Uninterrupted_Baseline,1
1790325587.434293356,Uninterrupted_Baseline,303
1790325587.520557276,Uninterrupted_Baseline,1
1790325587.520557276,Uninterrupted_Baseline,303
1790325587.606934380,Uninterrupted_Baseline,1
1790325587.606934380,Uninterrupted_Baseline,304
1790325587.694049294,Uninterrupted_Baseline,1
1790325587.694049294,Uninterrupted_Baseline,304
1790325587.771623314,Uninterrupted_Baseline,1
1790325587.771623314,Uninterrupted_Baseline,305
1790325587.856629387,Uninterrupted_Baseline,1
1790325587.856629387,Uninterrupted_Baseline,305
1790325587.944904603,Uninterrupted_Baseline,1
1790325587.944904603,Uninterrupted_Baseline,306
1790325588.031132156,Uninterrupted_Baseline,1
1790325588.031132156,Uninterrupted_Baseline,306
1790325588.113121095,Uninterrupted_Baseline,1
1790325588.113121095,Uninterrupted_Baseline,307
1790325588.187778687,Uninterrupted_Baseline,307
1790325588.262983863,Uninterrupted_Baseline,308
1790325588.345184672,Uninterrupted_Baseline,308
1790325588.415399068,Uninterrupted_Baseline,309
1790325588.470987631,Uninterrupted_Baseline,309
1790325588.531389750,Uninterrupted_Baseline,309
1790325588.590250699,Uninterrupted_Baseline,310
1790325588.667378651,Uninterrupted_Baseline,310
1790325588.745996758,Uninterrupted_Baseline,310
1790325588.829785085,Uninterrupted_Baseline,311
1790325588.906783851,Uninterrupted_Baseline,311
1790325588.986337364,Uninterrupted_Baseline,312
1790325589.070004000,Uninterrupted_Baseline,312
1790325589.153665552,Uninterrupted_Baseline,313
1790325589.222432335,Uninterrupted_Baseline,313
1790325589.301801244,Uninterrupted_Baseline,314
1790325589.384395854,Uninterrupted_Baseline,314
1790325589.465786852,Uninterrupted_Baseline,315
1790325589.541778915,Uninterrupted_Baseline,315
1790325589.622502329,Uninterrupted_Baseline,316
1790325589.704625524,Uninterrupted_Baseline,316
1790325589.772123343,Uninterrupted_Baseline,317
1790325589.852468991,Uninterrupted_Baseline,317
1790325589.935182182,Uninterrupted_Baseline,317
1790325590.019603814,Uninterrupted_Baseline,318
1790325590.102106788,Uninterrupted_Baseline,318
1790325590.182282148,Uninterrupted_Baseline,319
1790325590.263370584,Uninterrupted_Baseline,319
1790325590.340889690,Uninterrupted_Baseline,320
1790325590.423038786,Uninterrupted_Baseline,320
1790325590.505203525,Uninterrupted_Baseline,321
1790325590.586746914,Uninterrupted_Baseline,321
1790325590.672329663,Uninterrupted_Baseline,322
1790325590.752622005,Uninterrupted_Baseline,322
1790325590.831699227,Uninterrupted_Baseline,323
1790325590.913995659,Uninterrupted_Baseline,323
1790325590.993817715,Uninterrupted_Baseline,324
1790325591.077492182,Uninterrupted_Baseline,324
1790325591.157186198,Uninterrupted_Baseline,325
1790325591.240004319,Uninterrupted_Baseline,325
1790325591.322567019,Uninterrupted_Baseline,326
1790325591.404470597,Uninterrupted_Baseline,326
1790325591.490867753,Uninterrupted_Baseline,327
1790325591.570904512,Uninterrupted_Baseline,327
1790325591.649085924,Uninterrupted_Baseline,327
1790325591.733032222,Uninterrupted_Baseline,328
1790325591.819103470,Uninterrupted_Baseline,328
1790325591.901335156,Uninterrupted_Baseline,329
1790325591.988177143,Uninterrupted_Baseline,329
1790325592.062357957,Uninterrupted_Baseline,330
1790325592.151303833,Uninterrupted_Baseline,330
1790325592.238162519,Uninterrupted_Baseline,331
1790325592.322437215,Uninterrupted_Baseline,331
1790325592.402826907,Uninterrupted_Baseline,332
1790325592.478577152,Uninterrupted_Baseline,332
1790325592.542689085,Uninterrupted_Baseline,333
1790325592.594886365,Uninterrupted_Baseline,333
1790325592.659222518,Uninterrupted_Baseline,333
1790325592.720375401,Uninterrupted_Baseline,334
1790325592.804094727,Uninterrupted_Baseline,334
1790325592.889017335,Uninterrupted_Baseline,335
1790325592.979185973,Uninterrupted_Baseline,335
1790325593.066507748,Uninterrupted_Baseline,336
1790325593.143229681,Uninterrupted_Baseline,336
1790325593.219989538,Uninterrupted_Baseline,336
1790325593.289247999,Uninterrupted_Baseline,337
1790325593.378903268,Uninterrupted_Baseline,337
1790325593.462044699,Uninterrupted_Baseline,338
1790325593.547540410,Uninterrupted_Baseline,338
1790325593.633317177,Uninterrupted_Baseline,339
1790325593.718351670,Uninterrupted_Baseline,339
1790325593.799714240,Uninterrupted_Baseline,340
1790325593.884188113,Uninterrupted_Baseline,340
1790325593.959085769,Uninterrupted_Baseline,341
1790325594.050890042,Uninterrupted_Baseline,341
1790325594.137159316,Uninterrupted_Baseline,342
1790325594.227148833,Uninterrupted_Baseline,342
1790325594.314037704,Uninterrupted_Baseline,343
1790325594.409518553,Uninterrupted_Baseline,343
1790325594.503198040,Uninterrupted_Baseline,344
1790325594.581189900,Uninterrupted_Baseline,344
1790325594.665598815,Uninterrupted_Baseline,345
1790325594.730161246,Uninterrupted_Baseline,345
1790325594.813502354,Uninterrupted_Baseline,346
1790325594.888981937,Uninterrupted_Baseline,346
1790325594.956342747,Uninterrupted_Baseline,347
1790325595.044217143,Uninterrupted_Baseline,347
1790325595.128461355,Uninterrupted_Baseline,348
1790325595.215097608,Uninterrupted_Baseline,348
1790325595.299344732,Uninterrupted_Baseline,349
1790325595.381444572,Uninterrupted_Baseline,349
1790325595.465932705,Uninterrupted_Baseline,349
1790325595.551128596,Uninterrupted_Baseline,350
1790325595.636332803,Uninterrupted_Baseline,350
1790325595.724898717,Uninterrupted_Baseline,351
1790325595.811698054,Uninterrupted_Baseline,351
1790325595.888248168,Uninterrupted_Baseline,352
1790325595.971755631,Uninterrupted_Baseline,352
1790325596.056560262,Uninterrupted_Baseline,353
1790325596.121934472,Uninterrupted_Baseline,353
1790325596.203561511,Uninterrupted_Baseline,354
1790325596.287028760,Uninterrupted_Baseline,354
1790325596.372708883,Uninterrupted_Baseline,355
1790325596.454174657,Uninterrupted_Baseline,355
1790325596.529470566,Uninterrupted_Baseline,356
1790325596.613416919,Uninterrupted_Baseline,356
1790325596.692115506,Uninterrupted_Baseline,357
1790325596.777688974,Uninterrupted_Baseline,357
1790325596.851484838,Uninterrupted_Baseline,358
1790325596.936329165,Uninterrupted_Baseline,358
1790325597.020330402,Uninterrupted_Baseline,359
1790325597.097410584,Uninterrupted_Baseline,359
1790325597.187705306,Uninterrupted_Baseline,359
1790325597.247054293,Uninterrupted_Baseline,360
1790325597.321747691,Uninterrupted_Baseline,360
1790325597.405630902,Uninterrupted_Baseline,361
1790325597.490894498,Uninterrupted_Baseline,361
1790325597.573083603,Uninterrupted_Baseline,362
1790325597.654802003,Uninterrupted_Baseline,362
1790325597.735990431,Uninterrupted_Baseline,363
1790325597.816625090,Uninterrupted_Baseline,363
1790325597.900553954,Uninterrupted_Baseline,364
1790325597.985096778,Uninterrupted_Baseline,364
1790325598.057224874,Uninterrupted_Baseline,364
1790325598.129524244,Uninterrupted_Baseline,365
1790325598.202380484,Uninterrupted_Baseline,365
1790325598.259548987,Uninterrupted_Baseline,366
1790325598.339480258,Uninterrupted_Baseline,366
1790325598.392954468,Uninterrupted_Baseline,366
1790325598.450263056,Uninterrupted_Baseline,367
1790325598.504496644,Uninterrupted_Baseline,367
1790325598.554734522,Uninterrupted_Baseline,367
1790325598.613571437,Uninterrupted_Baseline,368
1790325598.683448584,Uninterrupted_Baseline,368
1790325598.761015109,Uninterrupted_Baseline,369
1790325598.837925777,Uninterrupted_Baseline,369
1790325598.923080911,Uninterrupted_Baseline,369
1790325599.006430478,Uninterrupted_Baseline,370
1790325599.089239405,Uninterrupted_Baseline,370
1790325599.157768348,Uninterrupted_Baseline,371
1790325599.221348553,Uninterrupted_Baseline,371
1790325599.307003913,Uninterrupted_Baseline,372
1790325599.376792224,Uninterrupted_Baseline,372
1790325599.450602906,Uninterrupted_Baseline,372
1790325599.536062517,Uninterrupted_Baseline,373
1790325599.621607063,Uninterrupted_Baseline,373
1790325599.708371661,Uninterrupted_Baseline,374
1790325599.775642084,Uninterrupted_Baseline,374
1790325599.861259116,Uninterrupted_Baseline,375
1790325599.951994975,Uninterrupted_Baseline,375
1790325600.034094804,Uninterrupted_Baseline,376
1790325600.120186438,Uninterrupted_Baseline,376
1790325600.203569834,Uninterrupted_Baseline,377
1790325600.284252127,Uninterrupted_Baseline,377
1790325600.365856376,Uninterrupted_Baseline,378
1790325600.448574781,Uninterrupted_Baseline,378
1790325600.535300764,Uninterrupted_Baseline,379
1790325600.615522706,Uninterrupted_Baseline,379
1790325600.697806444,Uninterrupted_Baseline,380
1790325600.778632946,Uninterrupted_Baseline,380
1790325600.851190916,Uninterrupted_Baseline,380
1790325600.914397375,Uninterrupted_Baseline,381
1790325600.995347783,Uninterrupted_Baseline,381
1790325601.079153050,Uninterrupted_Baseline,382
1790325601.159862631,Uninterrupted_Baseline,382
1790325601.244137542,Uninterrupted_Baseline,383
1790325601.297197224,Uninterrupted_Baseline,383
1790325601.378694810,Uninterrupted_Baseline,384
1790325601.454437283,Uninterrupted_Baseline,384
1790325601.517989829,Uninterrupted_Baseline,384
1790325601.585410500,Uninterrupted_Baseline,385
1790325601.659688743,Uninterrupted_Baseline,385
1790325601.723354596,Uninterrupted_Baseline,386
1790325601.809614215,Uninterrupted_Baseline,386
1790325601.895484822,Uninterrupted_Baseline,387
1790325601.986158654,Uninterrupted_Baseline,387
1790325602.066756249,Uninterrupted_Baseline,387
1790325602.152636764,Uninterrupted_Baseline,388
1790325602.235543753,Uninterrupted_Baseline,388
1790325602.304459044,Uninterrupted_Baseline,389
1790325602.380885163,Uninterrupted_Baseline,389
1790325602.446587480,Uninterrupted_Baseline,390
1790325602.524270441,Uninterrupted_Baseline,390
1790325602.610745948,Uninterrupted_Baseline,391
1790325602.690098432,Uninterrupted_Baseline,391
1790325602.766383380,Uninterrupted_Baseline,392
1790325602.845531272,Uninterrupted_Baseline,392
1790325602.927486469,Uninterrupted_Baseline,392
1790325603.008421008,Uninterrupted_Baseline,393
1790325603.094625837,Uninterrupted_Baseline,393
1790325603.177281731,Uninterrupted_Baseline,394
1790325603.261337135,Uninterrupted_Baseline,394
1790325603.347294126,Uninterrupted_Baseline,395
1790325603.427113335,Uninterrupted_Baseline,395
1790325603.510884476,Uninterrupted_Baseline,396
1790325603.591246134,Uninterrupted_Baseline,396
1790325603.680532553,Uninterrupted_Baseline,397
1790325603.747003247,Uninterrupted_Baseline,397
1790325603.826409179,Uninterrupted_Baseline,398
1790325603.908209361,Uninterrupted_Baseline,398
1790325603.986974024,Uninterrupted_Baseline,398
1790325604.070981531,Uninterrupted_Baseline,399
1790325604.150179585,Uninterrupted_Baseline,399
1790325604.234081980,Uninterrupted_Baseline,400
1790325604.309003656,Uninterrupted_Baseline,400
1790325604.394222215,Uninterrupted_Baseline,401
1790325604.475055372,Uninterrupted_Baseline,401
1790325604.555568327,Uninterrupted_Baseline,402
1790325604.641281362,Uninterrupted_Baseline,402
1790325604.726772029,Uninterrupted_Baseline,403
1790325604.805520776,Uninterrupted_Baseline,403
1790325604.890284810,Uninterrupted_Baseline,404
1790325604.972935433,Uninterrupted_Baseline,404
1790325605.046526113,Uninterrupted_Baseline,405
1790325605.109174568,Uninterrupted_Baseline,405
1790325605.188695723,Uninterrupted_Baseline,405
1790325605.265087824,Uninterrupted_Baseline,406
1790325605.329936591,Uninterrupted_Baseline,406
1790325605.411148952,Uninterrupted_Baseline,407
1790325605.494976919,Uninterrupted_Baseline,407
1790325605.576118784,Uninterrupted_Baseline,408
1790325605.642207634,Uninterrupted_Baseline,408
1790325605.706387725,Uninterrupted_Baseline,409
1790325605.790358978,Uninterrupted_Baseline,409
1790325605.872088529,Uninterrupted_Baseline,409
1790325605.951109837,Uninterrupted_Baseline,410
1790325606.037224254,Uninterrupted_Baseline,410
1790325606.114198213,Uninterrupted_Baseline,411
1790325606.184986627,Uninterrupted_Baseline,411
1790325606.262081447,Uninterrupted_Baseline,412
1790325606.315632587,Uninterrupted_Baseline,412
1790325606.387691898,Uninterrupted_Baseline,412
1790325606.471523653,Uninterrupted_Baseline,413
1790325606.557705617,Uninterrupted_Baseline,413
1790325606.643396177,Uninterrupted_Baseline,414
1790325606.728915726,Uninterrupted_Baseline,414
1790325606.815050214,Uninterrupted_Baseline,415
1790325606.900993345,Uninterrupted_Baseline,415
1790325606.984480838,Uninterrupted_Baseline,416
1790325607.059517100,Uninterrupted_Baseline,416
1790325607.141613539,Uninterrupted_Baseline,417
1790325607.224598202,Uninterrupted_Baseline,417
1790325607.303678868,Uninterrupted_Baseline,418
1790325607.386122001,Uninterrupted_Baseline,418
1790325607.468496207,Uninterrupted_Baseline,419
1790325607.550925920,Uninterrupted_Baseline,419
1790325607.634777552,Uninterrupted_Baseline,420
1790325607.722800734,Uninterrupted_Baseline,420
1790325607.808491392,Uninterrupted_Baseline,421
1790325607.890012956,Uninterrupted_Baseline,421
1790325607.975723252,Uninterrupted_Baseline,422
1790325608.052894020,Uninterrupted_Baseline,422
1790325608.130124581,Uninterrupted_Baseline,423
1790325608.209435749,Uninterrupted_Baseline,423
1790325608.293785055,Uninterrupted_Baseline,423
1790325608.376149861,Uninterrupted_Baseline,424
1790325608.449295418,Uninterrupted_Baseline,424
1790325608.500443983,Uninterrupted_Baseline,425
1790325608.569887591,Uninterrupted_Baseline,425
1790325608.633252002,Uninterrupted_Baseline,425
1790325608.706959769,Uninterrupted_Baseline,426
1790325608.767538719,Uninterrupted_Baseline,426
1790325608.847537165,Uninterrupted_Baseline,427
1790325608.913406676,Uninterrupted_Baseline,427
1790325608.998799657,Uninterrupted_Baseline,428
1790325609.081876177,Uninterrupted_Baseline,428
1790325609.152906007,Uninterrupted_Baseline,428
1790325609.217223704,Uninterrupted_Baseline,429
1790325609.300845575,Uninterrupted_Baseline,429
1790325609.375625804,Uninterrupted_Baseline,430
1790325609.453911829,Uninterrupted_Baseline,430
1790325609.534314540,Uninterrupted_Baseline,431
1790325609.610093397,Uninterrupted_Baseline,431
1790325609.676277583,Uninterrupted_Baseline,431
1790325609.750137232,Uninterrupted_Baseline,432
1790325609.838156578,Uninterrupted_Baseline,432
1790325609.903460697,Uninterrupted_Baseline,433
1790325609.983495225,Uninterrupted_Baseline,433
1790325610.064465714,Uninterrupted_Baseline,434
1790325610.154338034,Uninterrupted_Baseline,434
1790325610.238952144,Uninterrupted_Baseline,435
1790325610.326960240,Uninterrupted_Baseline,435
1790325610.397139065,Uninterrupted_Baseline,436
1790325610.474748085,Uninterrupted_Baseline,436
1790325610.548810146,Uninterrupted_Baseline,436
1790325610.627323882,Uninterrupted_Baseline,437
1790325610.709338260,Uninterrupted_Baseline,437
1790325610.781781031,Uninterrupted_Baseline,438
1790325610.864249744,Uninterrupted_Baseline,438
1790325610.945346044,Uninterrupted_Baseline,439
1790325611.016180650,Uninterrupted_Baseline,439
1790325611.095795977,Uninterrupted_Baseline,440
1790325611.160552446,Uninterrupted_Baseline,440
1790325611.241120620,Uninterrupted_Baseline,440
1790325611.323537783,Uninterrupted_Baseline,441
1790325611.404159433,Uninterrupted_Baseline,441
1790325611.483183143,Uninterrupted_Baseline,442
1790325611.559102588,Uninterrupted_Baseline,442
1790325611.631701556,Uninterrupted_Baseline,443
1790325611.714267075,Uninterrupted_Baseline,443
1790325611.799926029,Uninterrupted_Baseline,444
1790325611.881896282,Uninterrupted_Baseline,444
1790325611.970688206,Uninterrupted_Baseline,445
1790325612.055524716,Uninterrupted_Baseline,445
1790325612.137703252,Uninterrupted_Baseline,446
1790325612.224871055,Uninterrupted_Baseline,446
1790325612.308188942,Uninterrupted_Baseline,446
1790325612.393596428,Uninterrupted_Baseline,447
1790325612.475986129,Uninterrupted_Baseline,447
1790325612.554633800,Uninterrupted_Baseline,448
1790325612.639965911,Uninterrupted_Baseline,448
1790325612.706528396,Uninterrupted_Baseline,449
1790325612.790403827,Uninterrupted_Baseline,449
1790325612.876501770,Uninterrupted_Baseline,450
1790325612.968128677,Uninterrupted_Baseline,450
1790325613.048754618,Uninterrupted_Baseline,451
1790325613.137526247,Uninterrupted_Baseline,451
1790325613.216241857,Uninterrupted_Baseline,452
1790325613.295568326,Uninterrupted_Baseline,452
1790325613.379409511,Uninterrupted_Baseline,453
1790325613.466616445,Uninterrupted_Baseline,453
1790325613.549284766,Uninterrupted_Baseline,454
1790325613.630253133,Uninterrupted_Baseline,454
1790325613.713560176,Uninterrupted_Baseline,455
1790325613.796786650,Uninterrupted_Baseline,455
1790325613.881279134,Uninterrupted_Baseline,456
1790325613.962738875,Uninterrupted_Baseline,456
1790325614.047388071,Uninterrupted_Baseline,457
1790325614.134451312,Uninterrupted_Baseline,457
1790325614.216063997,Uninterrupted_Baseline,458
1790325614.300132560,Uninterrupted_Baseline,458
1790325614.385611513,Uninterrupted_Baseline,459
1790325614.466175083,Uninterrupted_Baseline,459
1790325614.547889899,Uninterrupted_Baseline,460
1790325614.636012996,Uninterrupted_Baseline,460
1790325614.723236694,Uninterrupted_Baseline,461
1790325614.808491107,Uninterrupted_Baseline,461
1790325614.891853626,Uninterrupted_Baseline,462
1790325614.972382791,Uninterrupted_Baseline,462
1790325615.058365387,Uninterrupted_Baseline,463
1790325615.141865034,Uninterrupted_Baseline,463
1790325615.217499656,Uninterrupted_Baseline,464
1790325615.297081332,Uninterrupted_Baseline,464
1790325615.388205538,Uninterrupted_Baseline,464
1790325615.469685671,Uninterrupted_Baseline,465
1790325615.570633322,Uninterrupted_Baseline,466
1790325615.620684817,Uninterrupted_Baseline,466
1790325615.680437071,Uninterrupted_Baseline,466
1790325615.762113290,Uninterrupted_Baseline,467
1790325615.846138278,Uninterrupted_Baseline,467
1790325615.930444890,Uninterrupted_Baseline,468
1790325616.014200010,Uninterrupted_Baseline,468
1790325616.096945206,Uninterrupted_Baseline,469
1790325616.180384816,Uninterrupted_Baseline,469
1790325616.257976433,Uninterrupted_Baseline,469
1790325616.340126568,Uninterrupted_Baseline,470
1790325616.424811107,Uninterrupted_Baseline,470
1790325616.495358546,Uninterrupted_Baseline,471
1790325616.580151492,Uninterrupted_Baseline,471
1790325616.665011596,Uninterrupted_Baseline,472
1790325616.747597359,Uninterrupted_Baseline,472
1790325616.836531417,Uninterrupted_Baseline,473
1790325616.915700988,Uninterrupted_Baseline,473
1790325616.996426228,Uninterrupted_Baseline,474
1790325617.085101582,Uninterrupted_Baseline,474
1790325617.176757163,Uninterrupted_Baseline,475
1790325617.237608862,Uninterrupted_Baseline,475
1790325617.318752102,Uninterrupted_Baseline,476
1790325617.401804068,Uninterrupted_Baseline,476
1790325617.487237883,Uninterrupted_Baseline,477
1790325617.568296717,Uninterrupted_Baseline,477
1790325617.648560813,Uninterrupted_Baseline,478
1790325617.730875469,Uninterrupted_Baseline,478
1790325617.815300636,Uninterrupted_Baseline,479
1790325617.899591276,Uninterrupted_Baseline,479
1790325617.966466560,Uninterrupted_Baseline,479
1790325618.048594131,Uninterrupted_Baseline,480
1790325618.132179341,Uninterrupted_Baseline,480
1790325618.216322932,Uninterrupted_Baseline,481
1790325618.290313762,Uninterrupted_Baseline,481
1790325618.373922665,Uninterrupted_Baseline,482
1790325618.443399138,Uninterrupted_Baseline,482
1790325618.493740230,Uninterrupted_Baseline,482
1790325618.561697447,Uninterrupted_Baseline,483
1790325618.630469887,Uninterrupted_Baseline,483
1790325618.709745585,Uninterrupted_Baseline,484
1790325618.785751640,Uninterrupted_Baseline,484
1790325618.868961342,Uninterrupted_Baseline,485
1790325618.947227653,Uninterrupted_Baseline,485
1790325619.027404514,Uninterrupted_Baseline,485
1790325619.112746494,Uninterrupted_Baseline,486
1790325619.192123047,Uninterrupted_Baseline,486
1790325619.257050901,Uninterrupted_Baseline,487
1790325619.337232417,Uninterrupted_Baseline,487
1790325619.419031127,Uninterrupted_Baseline,488
1790325619.507980935,Uninterrupted_Baseline,488
1790325619.579239498,Uninterrupted_Baseline,489
1790325619.664601939,Uninterrupted_Baseline,489
1790325619.746633247,Uninterrupted_Baseline,490
1790325619.832937402,Uninterrupted_Baseline,490
1790325619.911183244,Uninterrupted_Baseline,491
1790325619.994587981,Uninterrupted_Baseline,491
1790325620.057473245,Uninterrupted_Baseline,492
1790325620.134055517,Uninterrupted_Baseline,492
1790325620.211850203,Uninterrupted_Baseline,492
1790325620.280731520,Uninterrupted_Baseline,493
1790325620.358023597,Uninterrupted_Baseline,493
1790325620.422267188,Uninterrupted_Baseline,494
1790325620.505916913,Uninterrupted_Baseline,494
1790325620.592540766,Uninterrupted_Baseline,495
1790325620.674386469,Uninterrupted_Baseline,495
1790325620.739204495,Uninterrupted_Baseline,495
1790325620.822965109,Uninterrupted_Baseline,496
1790325620.907270666,Uninterrupted_Baseline,496
1790325620.984765701,Uninterrupted_Baseline,497
1790325621.074972394,Uninterrupted_Baseline,497
1790325621.164056033,Uninterrupted_Baseline,498
1790325621.247125494,Uninterrupted_Baseline,498
1790325621.320434372,Uninterrupted_Baseline,499
1790325621.398909495,Uninterrupted_Baseline,499
1790325621.485405988,Uninterrupted_Baseline,500
1790325621.569598478,Uninterrupted_Baseline,500
1790325621.648592042,Uninterrupted_Baseline,501
1790325621.730595640,Uninterrupted_Baseline,501
1790325621.810111047,Uninterrupted_Baseline,502
1790325621.881575111,Uninterrupted_Baseline,502
1790325621.951095898,Uninterrupted_Baseline,502
1790325622.038069535,Uninterrupted_Baseline,503
1790325622.122188314,Uninterrupted_Baseline,503
1790325622.192495394,Uninterrupted_Baseline,504
1790325622.276241604,Uninterrupted_Baseline,504
1790325622.365985243,Uninterrupted_Baseline,505
1790325622.461028647,Uninterrupted_Baseline,505
1790325622.540998761,Uninterrupted_Baseline,506
1790325622.627206693,Uninterrupted_Baseline,506
1790325622.709467065,Uninterrupted_Baseline,507
1790325622.799371180,Uninterrupted_Baseline,507
1790325622.885556909,Uninterrupted_Baseline,508
1790325622.972861898,Uninterrupted_Baseline,508
1790325623.059196108,Uninterrupted_Baseline,509
1790325623.140138717,Uninterrupted_Baseline,509
1790325623.222497614,Uninterrupted_Baseline,510
1790325623.302947082,Uninterrupted_Baseline,510
1790325623.373975439,Uninterrupted_Baseline,511
1790325623.453413216,Uninterrupted_Baseline,511
1790325623.538616257,Uninterrupted_Baseline,512
1790325623.624944556,Uninterrupted_Baseline,512
1790325623.710281237,Uninterrupted_Baseline,513
1790325623.792374832,Uninterrupted_Baseline,513
1790325623.877452898,Uninterrupted_Baseline,514
1790325623.961344971,Uninterrupted_Baseline,514
1790325624.048409938,Uninterrupted_Baseline,515
1790325624.124520869,Uninterrupted_Baseline,515
1790325624.195986500,Uninterrupted_Baseline,515
1790325624.282682060,Uninterrupted_Baseline,516
1790325624.367555830,Uninterrupted_Baseline,516
1790325624.459607795,Uninterrupted_Baseline,517
1790325624.542809021,Uninterrupted_Baseline,517
1790325624.627838977,Uninterrupted_Baseline,518
1790325624.710758745,Uninterrupted_Baseline,518
1790325624.790341829,Uninterrupted_Baseline,519
1790325624.875926131,Uninterrupted_Baseline,519
1790325624.951741227,Uninterrupted_Baseline,520
1790325625.029934584,Uninterrupted_Baseline,520
1790325625.108774984,Uninterrupted_Baseline,521
1790325625.193169392,Uninterrupted_Baseline,521
1790325625.274899457,Uninterrupted_Baseline,522
1790325625.356386936,Uninterrupted_Baseline,522
1790325625.438793274,Uninterrupted_Baseline,523
1790325625.522635289,Uninterrupted_Baseline,523
1790325625.602888184,Uninterrupted_Baseline,523
1790325625.689929178,Uninterrupted_Baseline,524
1790325625.775222497,Uninterrupted_Baseline,524
1790325625.860253705,Uninterrupted_Baseline,525
1790325625.927194209,Uninterrupted_Baseline,525
1790325626.012841201,Uninterrupted_Baseline,526
1790325626.094683720,Uninterrupted_Baseline,526
1790325626.161591313,Uninterrupted_Baseline,527
1790325626.237953079,Uninterrupted_Baseline,527
1790325626.321978966,Uninterrupted_Baseline,528
1790325626.389418062,Uninterrupted_Baseline,528
1790325626.473233174,Uninterrupted_Baseline,529
1790325626.553797222,Uninterrupted_Baseline,529
1790325626.635605225,Uninterrupted_Baseline,529
1790325626.721366739,Uninterrupted_Baseline,530
1790325626.809494896,Uninterrupted_Baseline,531
1790325626.895321151,Uninterrupted_Baseline,531
1790325626.982003199,Uninterrupted_Baseline,532
1790325627.066424452,Uninterrupted_Baseline,532
1790325627.142904390,Uninterrupted_Baseline,532
1790325627.212719713,Uninterrupted_Baseline,533
1790325627.288952665,Uninterrupted_Baseline,533
1790325627.375153819,Uninterrupted_Baseline,534
1790325627.458975194,Uninterrupted_Baseline,534
1790325627.538067554,Uninterrupted_Baseline,535
1790325627.623158472,Uninterrupted_Baseline,535
1790325627.706218421,Uninterrupted_Baseline,536
1790325627.795431180,Uninterrupted_Baseline,536
1790325627.879499842,Uninterrupted_Baseline,537
1790325627.963743392,Uninterrupted_Baseline,537
1790325628.047132953,Uninterrupted_Baseline,538
1790325628.103681125,Uninterrupted_Baseline,538
1790325628.172755837,Uninterrupted_Baseline,538
1790325628.245464135,Uninterrupted_Baseline,539
1790325628.306006038,Uninterrupted_Baseline,539
1790325628.378995438,Uninterrupted_Baseline,540
1790325628.429983947,Uninterrupted_Baseline,540
1790325628.490381933,Uninterrupted_Baseline,540
1790325628.558425849,Uninterrupted_Baseline,541
1790325628.611481539,Uninterrupted_Baseline,541
1790325628.670857573,Uninterrupted_Baseline,541
1790325628.744394553,Uninterrupted_Baseline,542
1790325628.820378033,Uninterrupted_Baseline,542
1790325628.885025577,Uninterrupted_Baseline,543
1790325628.969688876,Uninterrupted_Baseline,543
1790325629.051500038,Uninterrupted_Baseline,543
1790325629.133250938,Uninterrupted_Baseline,544
1790325629.217741677,Uninterrupted_Baseline,544
1790325629.283853956,Uninterrupted_Baseline,545
1790325629.351348933,Uninterrupted_Baseline,545
1790325629.424793704,Uninterrupted_Baseline,546
1790325629.514188533,Uninterrupted_Baseline,546
1790325629.606611157,Uninterrupted_Baseline,547
1790325629.689352603,Uninterrupted_Baseline,547
1790325629.751133222,Uninterrupted_Baseline,548
1790325629.832306655,Uninterrupted_Baseline,548
1790325629.910450880,Uninterrupted_Baseline,548
1790325629.989253008,Uninterrupted_Baseline,549
1790325630.076478362,Uninterrupted_Baseline,549
1790325630.157475960,Uninterrupted_Baseline,550
1790325630.243064539,Uninterrupted_Baseline,550
1790325630.325802290,Uninterrupted_Baseline,551
1790325630.414231244,Uninterrupted_Baseline,551
1790325630.493588902,Uninterrupted_Baseline,552
1790325630.572229791,Uninterrupted_Baseline,552
1790325630.654940717,Uninterrupted_Baseline,553
1790325630.741148512,Uninterrupted_Baseline,553
1790325630.811997971,Uninterrupted_Baseline,554
1790325630.892688906,Uninterrupted_Baseline,554
1790325630.979037582,Uninterrupted_Baseline,555
1790325631.068181794,Uninterrupted_Baseline,555
1790325631.153386438,Uninterrupted_Baseline,556
1790325631.235382170,Uninterrupted_Baseline,556
1790325631.317306782,Uninterrupted_Baseline,557
1790325631.404566283,Uninterrupted_Baseline,557
1790325631.492916676,Uninterrupted_Baseline,558
1790325631.572532677,Uninterrupted_Baseline,558
1790325631.660847147,Uninterrupted_Baseline,559
1790325631.740792245,Uninterrupted_Baseline,559
1790325631.825730136,Uninterrupted_Baseline,560
1790325631.894689163,Uninterrupted_Baseline,560
1790325631.972014522,Uninterrupted_Baseline,560
1790325632.060382530,Uninterrupted_Baseline,561
1790325632.144313993,Uninterrupted_Baseline,561
1790325632.229029142,Uninterrupted_Baseline,562
1790325632.314011772,Uninterrupted_Baseline,562
1790325632.390239179,Uninterrupted_Baseline,563
1790325632.453193477,Uninterrupted_Baseline,563
1790325632.551617070,Uninterrupted_Baseline,564
1790325632.603822329,Uninterrupted_Baseline,564
1790325632.667016317,Uninterrupted_Baseline,564
1790325632.751035085,Uninterrupted_Baseline,565
1790325632.831201645,Uninterrupted_Baseline,565
1790325632.909957056,Uninterrupted_Baseline,566
1790325632.996315851,Uninterrupted_Baseline,566
1790325633.079838906,Uninterrupted_Baseline,567
1790325633.163881102,Uninterrupted_Baseline,567
1790325633.245575623,Uninterrupted_Baseline,568
1790325633.328637145,Uninterrupted_Baseline,568
1790325633.402850923,Uninterrupted_Baseline,569
1790325633.491175894,Uninterrupted_Baseline,569
1790325633.571055821,Uninterrupted_Baseline,570
1790325633.646727719,Uninterrupted_Baseline,570
1790325633.727243522,Uninterrupted_Baseline,571
1790325633.820034039,Uninterrupted_Baseline,571
1790325633.903362531,Uninterrupted_Baseline,572
1790325633.983169507,Uninterrupted_Baseline,572
1790325634.060399369,Uninterrupted_Baseline,572
1790325634.142421141,Uninterrupted_Baseline,573
1790325634.228007164,Uninterrupted_Baseline,573
1790325634.309017027,Uninterrupted_Baseline,574
1790325634.392691407,Uninterrupted_Baseline,574
1790325634.481462161,Uninterrupted_Baseline,575
1790325634.549569904,Uninterrupted_Baseline,575
1790325634.635211642,Uninterrupted_Baseline,576
1790325634.716362063,Uninterrupted_Baseline,576
1790325634.802965000,Uninterrupted_Baseline,577
1790325634.881386114,Uninterrupted_Baseline,577
1790325634.968195089,Uninterrupted_Baseline,578
1790325635.030542422,Uninterrupted_Baseline,578
1790325635.097407062,Uninterrupted_Baseline,578
1790325635.165721114,Uninterrupted_Baseline,579
1790325635.238782156,Uninterrupted_Baseline,579
1790325635.314237240,Uninterrupted_Baseline,580
1790325635.395039593,Uninterrupted_Baseline,580
1790325635.473391875,Uninterrupted_Baseline,581
1790325635.548751149,Uninterrupted_Baseline,581
1790325635.613292536,Uninterrupted_Baseline,581
1790325635.696978247,Uninterrupted_Baseline,582
1790325635.777478504,Uninterrupted_Baseline,582
1790325635.861437622,Uninterrupted_Baseline,583
1790325635.949063705,Uninterrupted_Baseline,583
1790325636.019795513,Uninterrupted_Baseline,584
1790325636.091519223,Uninterrupted_Baseline,584
1790325636.159464460,Uninterrupted_Baseline,585
1790325636.228619907,Uninterrupted_Baseline,585
1790325636.306272965,Uninterrupted_Baseline,585
1790325636.390382581,Uninterrupted_Baseline,586
1790325636.479726301,Uninterrupted_Baseline,586
1790325636.567517760,Uninterrupted_Baseline,587
1790325636.648127670,Uninterrupted_Baseline,587
1790325636.731696344,Uninterrupted_Baseline,588
1790325636.814917762,Uninterrupted_Baseline,588
1790325636.896258505,Uninterrupted_Baseline,589
1790325636.980478654,Uninterrupted_Baseline,589
1790325637.064044048,Uninterrupted_Baseline,590
1790325637.153399705,Uninterrupted_Baseline,590
1790325637.229434911,Uninterrupted_Baseline,591
1790325637.311548176,Uninterrupted_Baseline,591
1790325637.392682269,Uninterrupted_Baseline,592
1790325637.459615617,Uninterrupted_Baseline,592
1790325637.527358878,Uninterrupted_Baseline,593
1790325637.609008366,Uninterrupted_Baseline,593
1790325637.692082041,Uninterrupted_Baseline,594
1790325637.768214593,Uninterrupted_Baseline,594
1790325637.847436847,Uninterrupted_Baseline,594
1790325637.933308044,Uninterrupted_Baseline,595
1790325649.902371904,Phase1_Baseline,10
1790325649.981943808,Phase1_Baseline,10
1790325650.068192972,Phase1_Baseline,20
1790325650.150087581,Phase1_Baseline,20
1790325650.230682058,Phase1_Baseline,40
1790325650.313617218,Phase1_Baseline,40
1790325650.381202434,Phase1_Baseline,80
1790325650.462473933,Phase1_Baseline,80
1790325650.540988405,Phase1_Baseline,160
1790325650.611709137,Phase1_Baseline,160
1790325650.692152590,Phase1_Baseline,229
1790325650.771505907,Phase1_Baseline,320
1790325650.851088490,Phase1_Baseline,389
1790325650.934115229,Phase1_Baseline,640
1790325651.008952416,Phase1_Baseline,700
1790325651.088141405,Phase1_Baseline,1026
1790325651.175040483,Phase1_Baseline,960
1790325651.261391943,Phase1_Baseline,797
1790325651.321612261,Phase1_Baseline,653
1790325651.404173794,Phase1_Baseline,550
1790325651.487386877,Phase1_Baseline,550
1790325651.564085225,Phase1_Baseline,491
1790325651.628568922,Phase1_Baseline,345
1790325651.711411328,Phase1_Baseline,275
1790325651.791389932,Phase1_Baseline,275
1790325651.858548736,Phase1_Baseline,276
1790325651.940240741,Phase1_Baseline,276
1790325652.023233893,Phase1_Baseline,277
1790325652.107986387,Phase1_Baseline,277
1790325652.192340998,Phase1_Baseline,278
1790325652.272618551,Phase1_Baseline,278
1790325652.347411926,Phase1_Baseline,279
1790325652.433287376,Phase1_Baseline,279
1790325652.501585801,Phase1_Baseline,279
1790325652.580087916,Phase1_Baseline,280
1790325652.660402848,Phase1_Baseline,280
1790325652.744314774,Phase1_Baseline,281
1790325652.813174857,Phase1_Baseline,281
1790325652.864347460,Phase1_Baseline,282
1790325652.914937474,Phase1_Baseline,282
1790325652.980748847,Phase1_Baseline,282
1790325653.044838845,Phase1_Baseline,283
1790325653.121076327,Phase1_Baseline,283
1790325653.201946057,Phase1_Baseline,284
1790325653.287338884,Phase1_Baseline,284
1790325653.374560285,Phase1_Baseline,285
1790325653.453453669,Phase1_Baseline,285
1790325653.530749079,Phase1_Baseline,286
1790325653.596237904,Phase1_Baseline,286
1790325653.662943111,Phase1_Baseline,287
1790325653.727851881,Phase1_Baseline,287
1790325653.809442045,Phase1_Baseline,287
1790325653.892011964,Phase1_Baseline,288
1790325653.978508150,Phase1_Baseline,288
1790325654.040505113,Phase1_Baseline,289
1790325654.121345104,Phase1_Baseline,289
1790325654.203941125,Phase1_Baseline,290
1790325654.282115860,Phase1_Baseline,290
1790325654.369008955,Phase1_Baseline,291
1790325654.451622083,Phase1_Baseline,291
1790325654.528959031,Phase1_Baseline,292
1790325654.607605625,Phase1_Baseline,292
1790325654.687920517,Phase1_Baseline,293
1790325654.773518635,Phase1_Baseline,293
1790325654.850288690,Phase1_Baseline,294
1790325654.917806379,Phase1_Baseline,294
1790325654.983945733,Phase1_Baseline,294
1790325655.043689047,Phase1_Baseline,295
1790325655.115472861,Phase1_Baseline,295
1790325655.197292172,Phase1_Baseline,296
1790325655.274075504,Phase1_Baseline,296
1790325655.356729267,Phase1_Baseline,297
1790325655.446224538,Phase1_Baseline,297
1790325655.525712647,Phase1_Baseline,298
1790325655.592308234,Phase1_Baseline,298
1790325655.667730199,Phase1_Baseline,298
1790325655.743202459,Phase1_Baseline,299
1790325655.815896922,Phase1_Baseline,299
1790325655.889248280,Phase1_Baseline,300
1790325655.969572107,Phase1_Baseline,300
1790325656.045891055,Phase1_Baseline,301
1790325656.122298543,Phase1_Baseline,301
1790325656.205491773,Phase1_Baseline,302
1790325656.292493499,Phase1_Baseline,302
1790325656.375302515,Phase1_Baseline,303
1790325656.468049780,Phase1_Baseline,303
1790325656.553637187,Phase1_Baseline,304
1790325656.637684056,Phase1_Baseline,304
1790325656.716293400,Phase1_Baseline,305
1790325656.799161005,Phase1_Baseline,305
1790325656.870455186,Phase1_Baseline,306
1790325656.949143848,Phase1_Baseline,306
1790325657.027757856,Phase1_Baseline,307
1790325657.108539251,Phase1_Baseline,307
1790325657.192398142,Phase1_Baseline,307
1790325657.254488013,Phase1_Baseline,308
1790325657.336057546,Phase1_Baseline,308
1790325657.425959853,Phase1_Baseline,309
1790325657.509836410,Phase1_Baseline,309
1790325657.592511199,Phase1_Baseline,310
1790325657.679062172,Phase1_Baseline,310
1790325657.757712532,Phase1_Baseline,311
1790325657.837433947,Phase1_Baseline,311
1790325657.920427208,Phase1_Baseline,312
1790325658.006064277,Phase1_Baseline,312
1790325658.088849793,Phase1_Baseline,313
1790325658.161990905,Phase1_Baseline,313
1790325658.239786288,Phase1_Baseline,314
1790325658.306891125,Phase1_Baseline,314
1790325658.388286175,Phase1_Baseline,314
1790325658.438705020,Phase1_Baseline,315
1790325658.488538681,Phase1_Baseline,315
1790325658.548742896,Phase1_Baseline,315
1790325658.612195812,Phase1_Baseline,316
1790325658.689594099,Phase1_Baseline,316
1790325658.769120419,Phase1_Baseline,317
1790325658.856603169,Phase1_Baseline,317
1790325658.941120256,Phase1_Baseline,318
1790325659.025500287,Phase1_Baseline,318
1790325659.104099739,Phase1_Baseline,319
1790325659.168390567,Phase1_Baseline,319
1790325659.252633612,Phase1_Baseline,320
1790325659.331549584,Phase1_Baseline,320
1790325659.406860211,Phase1_Baseline,320
1790325659.490950429,Phase1_Baseline,321
1790325659.575874832,Phase1_Baseline,321
1790325659.668012182,Phase1_Baseline,322
1790325659.754859726,Phase1_Baseline,322
1790325659.836515796,Phase1_Baseline,323
1790325659.916369373,Phase1_Baseline,323
1790325660.018007328,Phase1_Baseline,324
1790325660.068789990,Phase1_Baseline,324
1790325660.126140011,Phase1_Baseline,325
1790325660.186671000,Phase1_Baseline,325
1790325660.269771389,Phase1_Baseline,326
1790325660.351778000,Phase1_Baseline,326
1790325660.431280428,Phase1_Baseline,326
1790325660.512348904,Phase1_Baseline,327
1790325660.577952903,Phase1_Baseline,327
1790325660.658188499,Phase1_Baseline,328
1790325660.721170064,Phase1_Baseline,328
1790325660.787593082,Phase1_Baseline,329
1790325660.859489309,Phase1_Baseline,329
1790325660.923981913,Phase1_Baseline,329
1790325661.001516516,Phase1_Baseline,330
1790325661.081626310,Phase1_Baseline,330
1790325661.165235968,Phase1_Baseline,331
1790325661.228984937,Phase1_Baseline,331
1790325661.316545269,Phase1_Baseline,332
1790325661.392142716,Phase1_Baseline,332
1790325661.479005963,Phase1_Baseline,333
1790325661.557551755,Phase1_Baseline,333
1790325661.612987076,Phase1_Baseline,333
1790325661.676062264,Phase1_Baseline,334
1790325661.757272920,Phase1_Baseline,334
1790325661.833460758,Phase1_Baseline,335
1790325661.912390708,Phase1_Baseline,335
1790325661.991629203,Phase1_Baseline,335
1790325662.043272244,Phase1_Baseline,336
1790325662.098946579,Phase1_Baseline,336
1790325662.155312949,Phase1_Baseline,336
1790325662.233696274,Phase1_Baseline,337
1790325662.312540188,Phase1_Baseline,337
1790325662.368736671,Phase1_Baseline,338
1790325662.447178474,Phase1_Baseline,338
1790325662.527101286,Phase1_Baseline,339
1790325662.613145948,Phase1_Baseline,339
1790325662.681366907,Phase1_Baseline,339
1790325662.760851206,Phase1_Baseline,340
1790325662.831478323,Phase1_Baseline,340
1790325662.883237838,Phase1_Baseline,341
1790325662.946451386,Phase1_Baseline,341
1790325663.019506429,Phase1_Baseline,342
1790325663.105009211,Phase1_Baseline,342
1790325663.188969718,Phase1_Baseline,343
1790325663.274453109,Phase1_Baseline,343
1790325663.360320349,Phase1_Baseline,343
1790325663.429044634,Phase1_Baseline,344
1790325663.511747263,Phase1_Baseline,344
1790325663.581508152,Phase1_Baseline,345
1790325663.662291034,Phase1_Baseline,345
1790325663.741211291,Phase1_Baseline,346
1790325663.809545826,Phase1_Baseline,346
1790325663.891515643,Phase1_Baseline,347
1790325663.976197791,Phase1_Baseline,347
1790325664.057221365,Phase1_Baseline,348
1790325664.140703739,Phase1_Baseline,348
1790325664.227927010,Phase1_Baseline,349
1790325664.312297075,Phase1_Baseline,349
1790325664.393024585,Phase1_Baseline,350
1790325664.477265605,Phase1_Baseline,350
1790325664.560525969,Phase1_Baseline,350
1790325664.632877023,Phase1_Baseline,351
1790325664.717705348,Phase1_Baseline,351
1790325664.807477556,Phase1_Baseline,352
1790325664.880975057,Phase1_Baseline,352
1790325664.967274113,Phase1_Baseline,353
1790325665.022426208,Phase1_Baseline,353
1790325665.083745103,Phase1_Baseline,354
1790325665.160467527,Phase1_Baseline,354
1790325665.232578965,Phase1_Baseline,354
1790325665.309119240,Phase1_Baseline,355
1790325665.392439209,Phase1_Baseline,355
1790325665.479934001,Phase1_Baseline,356
1790325665.562184699,Phase1_Baseline,356
1790325665.630164407,Phase1_Baseline,357
1790325665.712209585,Phase1_Baseline,357
1790325665.795521979,Phase1_Baseline,358
1790325665.876745999,Phase1_Baseline,358
1790325665.959719278,Phase1_Baseline,359
1790325666.045863215,Phase1_Baseline,359
1790325666.128195195,Phase1_Baseline,359
1790325666.209082657,Phase1_Baseline,360
1790325666.286749478,Phase1_Baseline,360
1790325666.353209084,Phase1_Baseline,361
1790325666.439430833,Phase1_Baseline,361
1790325666.521504390,Phase1_Baseline,362
1790325666.600502540,Phase1_Baseline,362
1790325666.678105380,Phase1_Baseline,363
1790325666.760600597,Phase1_Baseline,363
1790325666.844818486,Phase1_Baseline,364
1790325666.924399171,Phase1_Baseline,364
1790325667.004089450,Phase1_Baseline,365
1790325667.084315154,Phase1_Baseline,365
1790325667.165477570,Phase1_Baseline,365
1790325667.247933271,Phase1_Baseline,366
1790325667.331479205,Phase1_Baseline,366
1790325667.403862427,Phase1_Baseline,367
1790325667.484447471,Phase1_Baseline,367
1790325667.568446938,Phase1_Baseline,368
1790325667.658566914,Phase1_Baseline,368
1790325667.738454701,Phase1_Baseline,369
1790325667.815270019,Phase1_Baseline,369
1790325667.899806021,Phase1_Baseline,370
1790325667.977928677,Phase1_Baseline,370
1790325668.053563102,Phase1_Baseline,371
1790325668.128990485,Phase1_Baseline,371
1790325668.208845428,Phase1_Baseline,371
1790325668.286508353,Phase1_Baseline,372
1790325668.369499286,Phase1_Baseline,372
1790325668.436427395,Phase1_Baseline,373
1790325668.485683766,Phase1_Baseline,373
1790325668.536168103,Phase1_Baseline,373
1790325668.589320848,Phase1_Baseline,374
1790325668.653410919,Phase1_Baseline,374
1790325668.714236258,Phase1_Baseline,374
1790325668.782874695,Phase1_Baseline,375
1790325668.871951672,Phase1_Baseline,375
1790325668.950153387,Phase1_Baseline,376
1790325669.009343016,Phase1_Baseline,376
1790325669.091772997,Phase1_Baseline,376
1790325669.141944546,Phase1_Baseline,377
1790325669.195939342,Phase1_Baseline,377
1790325669.271740894,Phase1_Baseline,378
1790325669.352217023,Phase1_Baseline,378
1790325669.433460213,Phase1_Baseline,378
1790325669.515501515,Phase1_Baseline,379
1790325669.600579143,Phase1_Baseline,379
1790325669.676307133,Phase1_Baseline,380
1790325669.750371575,Phase1_Baseline,380
1790325669.836283940,Phase1_Baseline,381
1790325669.909442427,Phase1_Baseline,381
1790325669.990841765,Phase1_Baseline,382
1790325670.072584153,Phase1_Baseline,382
1790325670.162076349,Phase1_Baseline,383
1790325670.243496425,Phase1_Baseline,383
1790325670.323588144,Phase1_Baseline,384
1790325670.389453660,Phase1_Baseline,384
1790325670.464696878,Phase1_Baseline,384
1790325670.536753992,Phase1_Baseline,385
1790325670.620461887,Phase1_Baseline,385
1790325670.702082650,Phase1_Baseline,386
1790325670.786727494,Phase1_Baseline,386
1790325670.872471532,Phase1_Baseline,387
1790325670.951636089,Phase1_Baseline,387
1790325671.036170811,Phase1_Baseline,388
1790325671.112634031,Phase1_Baseline,388
1790325671.196456980,Phase1_Baseline,389
1790325671.272321148,Phase1_Baseline,389
1790325671.341299143,Phase1_Baseline,390
1790325671.426548702,Phase1_Baseline,390
1790325671.512049273,Phase1_Baseline,391
1790325671.596043611,Phase1_Baseline,391
1790325671.672341902,Phase1_Baseline,391
1790325671.746418074,Phase1_Baseline,392
1790325671.829391410,Phase1_Baseline,392
1790325671.920257744,Phase1_Baseline,393
1790325672.002107710,Phase1_Baseline,393
1790325672.067778651,Phase1_Baseline,394
1790325672.125016111,Phase1_Baseline,394
1790325672.197418611,Phase1_Baseline,394
1790325672.279601996,Phase1_Baseline,395
1790325672.348419982,Phase1_Baseline,395
1790325672.433372261,Phase1_Baseline,396
1790325672.518930693,Phase1_Baseline,396
1790325672.588858685,Phase1_Baseline,397
1790325672.669479199,Phase1_Baseline,397
1790325672.760762135,Phase1_Baseline,398
1790325672.841751176,Phase1_Baseline,398
1790325672.922549514,Phase1_Baseline,399
1790325673.003305615,Phase1_Baseline,399
1790325673.090892077,Phase1_Baseline,400
1790325673.160239197,Phase1_Baseline,400
1790325673.221828156,Phase1_Baseline,400
1790325673.290554024,Phase1_Baseline,401
1790325673.372011432,Phase1_Baseline,401
1790325673.448175078,Phase1_Baseline,402
1790325673.523697073,Phase1_Baseline,402
1790325673.602455854,Phase1_Baseline,403
1790325673.676331003,Phase1_Baseline,403
1790325673.756827371,Phase1_Baseline,403
1790325673.839923443,Phase1_Baseline,404
1790325673.919435962,Phase1_Baseline,404
1790325673.997910029,Phase1_Baseline,405
1790325674.080027093,Phase1_Baseline,405
1790325674.162619216,Phase1_Baseline,406
1790325674.243320691,Phase1_Baseline,406
1790325674.310314359,Phase1_Baseline,407
1790325674.393624504,Phase1_Baseline,407
1790325674.475255437,Phase1_Baseline,408
1790325674.551586965,Phase1_Baseline,408
1790325674.610106086,Phase1_Baseline,408
1790325674.672692872,Phase1_Baseline,409
1790325674.743072625,Phase1_Baseline,409
1790325674.827424479,Phase1_Baseline,410
1790325674.892423936,Phase1_Baseline,410
1790325674.970064535,Phase1_Baseline,410
1790325675.037059450,Phase1_Baseline,411
1790325675.088362806,Phase1_Baseline,411
1790325675.147105843,Phase1_Baseline,411
1790325675.218717799,Phase1_Baseline,412
1790325675.297011993,Phase1_Baseline,412
1790325675.364850764,Phase1_Baseline,413
1790325675.446017282,Phase1_Baseline,413
1790325675.533026509,Phase1_Baseline,414
1790325675.615609941,Phase1_Baseline,414
1790325675.700245529,Phase1_Baseline,415
1790325675.783916402,Phase1_Baseline,415
1790325675.865991214,Phase1_Baseline,416
1790325675.954975301,Phase1_Baseline,416
1790325676.036549707,Phase1_Baseline,417
1790325676.109850277,Phase1_Baseline,417
1790325676.193463490,Phase1_Baseline,417
1790325676.274910956,Phase1_Baseline,418
1790325676.355643027,Phase1_Baseline,418
1790325676.436022713,Phase1_Baseline,419
1790325676.509394463,Phase1_Baseline,419
1790325676.599546819,Phase1_Baseline,420
1790325676.681284253,Phase1_Baseline,420
1790325676.762533872,Phase1_Baseline,421
1790325676.843088344,Phase1_Baseline,421
1790325676.929485557,Phase1_Baseline,422
1790325677.012319027,Phase1_Baseline,422
1790325677.090461047,Phase1_Baseline,423
1790325677.164146078,Phase1_Baseline,423
1790325677.242978964,Phase1_Baseline,424
1790325677.323074584,Phase1_Baseline,424
1790325677.390949590,Phase1_Baseline,424
1790325677.465517215,Phase1_Baseline,425
1790325677.548920751,Phase1_Baseline,425
1790325677.625896965,Phase1_Baseline,426
1790325677.710979202,Phase1_Baseline,426
1790325677.795246716,Phase1_Baseline,427
1790325677.881570444,Phase1_Baseline,427
1790325677.965828799,Phase1_Baseline,428
1790325678.055004792,Phase1_Baseline,428
1790325678.108189432,Phase1_Baseline,428
1790325678.179155316,Phase1_Baseline,429
1790325678.258893319,Phase1_Baseline,429
1790325678.324224092,Phase1_Baseline,430
1790325678.400189581,Phase1_Baseline,430
1790325678.455175360,Phase1_Baseline,430
1790325678.508369046,Phase1_Baseline,431
1790325678.569441263,Phase1_Baseline,431
1790325678.627452471,Phase1_Baseline,431
1790325678.686814106,Phase1_Baseline,432
1790325678.758244445,Phase1_Baseline,432
1790325678.842540045,Phase1_Baseline,433
1790325678.924316855,Phase1_Baseline,433
1790325678.995562408,Phase1_Baseline,434
1790325679.066741586,Phase1_Baseline,434
1790325679.128940335,Phase1_Baseline,434
1790325679.189005273,Phase1_Baseline,435
1790325679.262767059,Phase1_Baseline,435
1790325679.347500938,Phase1_Baseline,436
1790325679.429484191,Phase1_Baseline,436
1790325679.518581802,Phase1_Baseline,437
1790325679.588564928,Phase1_Baseline,437
1790325679.663539718,Phase1_Baseline,437
1790325679.743264576,Phase1_Baseline,438
1790325679.823847817,Phase1_Baseline,438
1790325679.884587691,Phase1_Baseline,439
1790325679.959940426,Phase1_Baseline,439
1790325680.041731521,Phase1_Baseline,440
1790325680.120882070,Phase1_Baseline,440
1790325680.200070382,Phase1_Baseline,441
1790325680.272026011,Phase1_Baseline,441
1790325680.352973460,Phase1_Baseline,441
1790325680.409759461,Phase1_Baseline,442
1790325680.489583447,Phase1_Baseline,442
1790325680.562532043,Phase1_Baseline,443
1790325680.627105332,Phase1_Baseline,443
1790325680.710920527,Phase1_Baseline,443
1790325680.793253687,Phase1_Baseline,444
1790325680.870241096,Phase1_Baseline,444
1790325680.941065110,Phase1_Baseline,445
1790325681.021725314,Phase1_Baseline,445
1790325681.102031769,Phase1_Baseline,446
1790325681.179104195,Phase1_Baseline,446
1790325681.264163306,Phase1_Baseline,447
1790325681.350133016,Phase1_Baseline,447
1790325681.432328941,Phase1_Baseline,448
1790325681.513709977,Phase1_Baseline,448
1790325681.597261425,Phase1_Baseline,449
1790325681.674898110,Phase1_Baseline,449
1790325681.752200549,Phase1_Baseline,449
1790325681.827516280,Phase1_Baseline,450
1790325681.911231714,Phase1_Baseline,450
1790325681.997074623,Phase1_Baseline,451
1790325682.079477153,Phase1_Baseline,451
1790325682.167481644,Phase1_Baseline,452
1790325682.250402250,Phase1_Baseline,452
1790325682.334062757,Phase1_Baseline,453
1790325682.419607400,Phase1_Baseline,453
1790325682.498530872,Phase1_Baseline,454
1790325682.581250886,Phase1_Baseline,454
1790325682.662522161,Phase1_Baseline,455
1790325682.744079940,Phase1_Baseline,455
1790325682.832405298,Phase1_Baseline,456
1790325682.916728461,Phase1_Baseline,456
1790325683.000737539,Phase1_Baseline,457
1790325683.079742343,Phase1_Baseline,457
1790325683.154429064,Phase1_Baseline,458
1790325683.223255523,Phase1_Baseline,458
1790325683.301741825,Phase1_Baseline,459
1790325683.371706062,Phase1_Baseline,459
1790325683.454303425,Phase1_Baseline,459
1790325683.538485284,Phase1_Baseline,460
1790325683.619368944,Phase1_Baseline,460
1790325683.696595726,Phase1_Baseline,461
1790325683.778232001,Phase1_Baseline,461
1790325683.849630180,Phase1_Baseline,462
1790325686.493036182,Phase2_Migrated,10
1790325686.584849142,Phase2_Migrated,10
1790325686.675950158,Phase2_Migrated,10
1790325686.770079347,Phase2_Migrated,20
1790325686.863923507,Phase2_Migrated,20
1790325686.960104573,Phase2_Migrated,40
1790325687.050304145,Phase2_Migrated,40
1790325687.148106494,Phase2_Migrated,80
1790325687.232931839,Phase2_Migrated,160
1790325687.323224101,Phase2_Migrated,160
1790325687.419089687,Phase2_Migrated,320
1790325687.512704601,Phase2_Migrated,320
1790325687.606299520,Phase2_Migrated,614
1790325687.695583140,Phase2_Migrated,640
1790325687.783565278,Phase2_Migrated,1026
1790325687.881016198,Phase2_Migrated,921
1790325687.983058859,Phase2_Migrated,709
1790325688.065619913,Phase2_Migrated,551
1790325688.143173931,Phase2_Migrated,543
1790325688.235697122,Phase2_Migrated,298
1790325688.303234295,Phase2_Migrated,271
1790325688.386046553,Phase2_Migrated,271
1790325688.444415636,Phase2_Migrated,271
1790325688.502267297,Phase2_Migrated,271
1790325688.580753720,Phase2_Migrated,272
1790325688.646711816,Phase2_Migrated,272
1790325688.716159582,Phase2_Migrated,273
1790325688.808391433,Phase2_Migrated,273
1790325688.894153552,Phase2_Migrated,274
1790325688.978026612,Phase2_Migrated,274
1790325689.071186716,Phase2_Migrated,275
1790325689.164864947,Phase2_Migrated,276
1790325689.249985177,Phase2_Migrated,276
1790325689.323256801,Phase2_Migrated,277
1790325689.417210858,Phase2_Migrated,277
1790325689.511182116,Phase2_Migrated,278
1790325689.604932436,Phase2_Migrated,278
1790325689.695313584,Phase2_Migrated,279
1790325689.775050042,Phase2_Migrated,279
1790325689.870812629,Phase2_Migrated,280
1790325689.966448263,Phase2_Migrated,280
1790325690.053090200,Phase2_Migrated,281
1790325690.132952042,Phase2_Migrated,281
1790325690.224277333,Phase2_Migrated,282
1790325690.320978134,Phase2_Migrated,283
1790325690.418196188,Phase2_Migrated,283
1790325690.511393142,Phase2_Migrated,284
1790325690.604268101,Phase2_Migrated,284
1790325690.698818218,Phase2_Migrated,285
1790325690.799507766,Phase2_Migrated,285
1790325690.899013937,Phase2_Migrated,286
1790325690.990403795,Phase2_Migrated,287
1790325691.077828664,Phase2_Migrated,287
1790325691.167623752,Phase2_Migrated,288
1790325691.259919434,Phase2_Migrated,288
1790325691.346029644,Phase2_Migrated,289
1790325691.433249512,Phase2_Migrated,289
1790325691.522215622,Phase2_Migrated,290
1790325691.608876248,Phase2_Migrated,290
1790325691.701435747,Phase2_Migrated,291
1790325691.794639157,Phase2_Migrated,292
1790325691.891268981,Phase2_Migrated,292
1790325691.987512551,Phase2_Migrated,293
1790325692.080137700,Phase2_Migrated,293
1790325692.173051957,Phase2_Migrated,294
1790325692.263732698,Phase2_Migrated,294
1790325692.354543175,Phase2_Migrated,295
1790325692.427521829,Phase2_Migrated,295
1790325692.517070799,Phase2_Migrated,296
1790325692.617629501,Phase2_Migrated,296
1790325692.714210324,Phase2_Migrated,297
1790325692.810544265,Phase2_Migrated,298
1790325692.900298506,Phase2_Migrated,298
1790325692.976244680,Phase2_Migrated,299
1790325693.069259644,Phase2_Migrated,299
1790325693.158543145,Phase2_Migrated,300
1790325693.247828969,Phase2_Migrated,300
1790325693.342474127,Phase2_Migrated,301
1790325693.429510323,Phase2_Migrated,301
1790325693.518833895,Phase2_Migrated,302
1790325693.607218305,Phase2_Migrated,302
1790325693.701148272,Phase2_Migrated,303
1790325693.793296142,Phase2_Migrated,303
1790325693.886101518,Phase2_Migrated,304
1790325693.979862703,Phase2_Migrated,304
1790325694.071420712,Phase2_Migrated,305
1790325694.175445547,Phase2_Migrated,306
1790325694.277092173,Phase2_Migrated,306
1790325694.368757505,Phase2_Migrated,307
1790325694.468723410,Phase2_Migrated,307
1790325694.566958610,Phase2_Migrated,308
1790325694.664499246,Phase2_Migrated,308
1790325694.762014283,Phase2_Migrated,309
1790325694.842140318,Phase2_Migrated,309
1790325694.922506618,Phase2_Migrated,310
1790325694.984382354,Phase2_Migrated,310
1790325695.077511204,Phase2_Migrated,311
1790325695.168059673,Phase2_Migrated,311
1790325695.256809735,Phase2_Migrated,312
1790325695.347102389,Phase2_Migrated,312
1790325695.437268069,Phase2_Migrated,313
1790325695.528858323,Phase2_Migrated,313
1790325695.615622810,Phase2_Migrated,314
1790325695.718808583,Phase2_Migrated,315
1790325695.810499223,Phase2_Migrated,315
1790325695.901928095,Phase2_Migrated,316
1790325695.998834053,Phase2_Migrated,316
1790325696.095916225,Phase2_Migrated,317
1790325696.189629845,Phase2_Migrated,317
1790325696.282628042,Phase2_Migrated,318
1790325696.375913928,Phase2_Migrated,318
1790325696.467382546,Phase2_Migrated,319
1790325696.557520932,Phase2_Migrated,319
1790325696.643823911,Phase2_Migrated,320
1790325696.729693426,Phase2_Migrated,320
1790325696.822725788,Phase2_Migrated,321
1790325696.913137031,Phase2_Migrated,321
1790325697.007250726,Phase2_Migrated,322
1790325697.105554891,Phase2_Migrated,323
1790325697.199392175,Phase2_Migrated,323
1790325697.278361523,Phase2_Migrated,323
1790325697.370754040,Phase2_Migrated,324
1790325697.462815265,Phase2_Migrated,325
1790325697.553627177,Phase2_Migrated,325
1790325697.641687177,Phase2_Migrated,326
1790325697.738267691,Phase2_Migrated,326
1790325697.835581310,Phase2_Migrated,327
1790325697.928183034,Phase2_Migrated,327
1790325698.021258154,Phase2_Migrated,328
1790325698.091507146,Phase2_Migrated,328
1790325698.163401380,Phase2_Migrated,329
1790325698.252421123,Phase2_Migrated,329
1790325698.322965777,Phase2_Migrated,329
1790325698.411327579,Phase2_Migrated,330
1790325698.469481961,Phase2_Migrated,330
1790325698.538278762,Phase2_Migrated,331
1790325698.622497021,Phase2_Migrated,331
1790325698.691261739,Phase2_Migrated,332
1790325698.770421154,Phase2_Migrated,332
1790325698.857760792,Phase2_Migrated,333
1790325698.946201411,Phase2_Migrated,333
1790325699.044558219,Phase2_Migrated,334
1790325699.138135326,Phase2_Migrated,334
1790325699.212546300,Phase2_Migrated,335
1790325699.282877345,Phase2_Migrated,335
1790325699.370379681,Phase2_Migrated,335
1790325699.461712923,Phase2_Migrated,336
1790325699.546254155,Phase2_Migrated,337
1790325699.639768174,Phase2_Migrated,337
1790325699.729907180,Phase2_Migrated,338
1790325699.822645399,Phase2_Migrated,338
1790325699.912941402,Phase2_Migrated,339
1790325699.999548008,Phase2_Migrated,339
1790325700.104364119,Phase2_Migrated,340
1790325700.181406718,Phase2_Migrated,340
1790325700.258949389,Phase2_Migrated,341
1790325700.347056414,Phase2_Migrated,341
1790325700.436107439,Phase2_Migrated,342
1790325700.515918864,Phase2_Migrated,342
1790325700.594370302,Phase2_Migrated,343
1790325700.670746036,Phase2_Migrated,343
1790325700.755720695,Phase2_Migrated,344
1790325700.856352943,Phase2_Migrated,344
1790325700.946447193,Phase2_Migrated,345
1790325701.037559092,Phase2_Migrated,345
1790325701.128255632,Phase2_Migrated,346
1790325701.222186144,Phase2_Migrated,346
1790325701.310503269,Phase2_Migrated,347
1790325701.401529712,Phase2_Migrated,347
1790325701.487722855,Phase2_Migrated,348
1790325701.580279033,Phase2_Migrated,348
1790325701.676689544,Phase2_Migrated,349
1790325701.761463079,Phase2_Migrated,349
1790325701.857076372,Phase2_Migrated,350
1790325701.956594172,Phase2_Migrated,350
1790325702.051861643,Phase2_Migrated,351
1790325702.144501742,Phase2_Migrated,351
1790325702.238868163,Phase2_Migrated,352
1790325702.331391767,Phase2_Migrated,353
1790325702.425269259,Phase2_Migrated,353
1790325702.503262910,Phase2_Migrated,353
1790325702.581235239,Phase2_Migrated,354
1790325702.665223347,Phase2_Migrated,354
1790325702.748804745,Phase2_Migrated,355
1790325702.825859686,Phase2_Migrated,355
1790325702.912537839,Phase2_Migrated,356
1790325702.994141883,Phase2_Migrated,356
1790325703.082561800,Phase2_Migrated,357
1790325703.164970207,Phase2_Migrated,357
1790325703.236618732,Phase2_Migrated,358
1790325703.306734685,Phase2_Migrated,358
1790325703.380599952,Phase2_Migrated,359
1790325703.470530210,Phase2_Migrated,359
1790325703.543686292,Phase2_Migrated,359
1790325703.630121074,Phase2_Migrated,360
1790325703.706328421,Phase2_Migrated,360
1790325703.802017292,Phase2_Migrated,361
1790325703.889828761,Phase2_Migrated,361
1790325703.969930999,Phase2_Migrated,362
1790325704.069336550,Phase2_Migrated,362
1790325704.163387038,Phase2_Migrated,363
1790325704.249872613,Phase2_Migrated,364
1790325704.338335096,Phase2_Migrated,364
1790325704.440799282,Phase2_Migrated,365
1790325704.538112261,Phase2_Migrated,365
1790325704.638432765,Phase2_Migrated,366
1790325704.734103958,Phase2_Migrated,366
1790325704.840120615,Phase2_Migrated,367
1790325704.915966288,Phase2_Migrated,367
1790325704.989965266,Phase2_Migrated,368
1790325705.088087222,Phase2_Migrated,368
1790325705.166016574,Phase2_Migrated,369
1790325705.264939003,Phase2_Migrated,369
1790325705.364813263,Phase2_Migrated,370
1790325705.442556200,Phase2_Migrated,370
1790325705.535445202,Phase2_Migrated,371
1790325705.633712971,Phase2_Migrated,372
1790325705.733139800,Phase2_Migrated,372
1790325705.830089426,Phase2_Migrated,373
1790325705.928448246,Phase2_Migrated,373
1790325706.029452002,Phase2_Migrated,374
1790325706.108582836,Phase2_Migrated,374
1790325706.208333530,Phase2_Migrated,375
1790325706.299156032,Phase2_Migrated,375
1790325706.389634175,Phase2_Migrated,376
1790325706.486024950,Phase2_Migrated,376
1790325706.567980037,Phase2_Migrated,377
1790325706.663145130,Phase2_Migrated,377
1790325706.753857942,Phase2_Migrated,378
1790325706.844513847,Phase2_Migrated,379
1790325706.928370763,Phase2_Migrated,379
1790325707.020588753,Phase2_Migrated,380
1790325707.110249528,Phase2_Migrated,380
1790325707.205767631,Phase2_Migrated,381
1790325707.281332424,Phase2_Migrated,381
1790325707.372623521,Phase2_Migrated,382
1790325707.464523978,Phase2_Migrated,382
1790325707.552057993,Phase2_Migrated,383
1790325707.639149869,Phase2_Migrated,383
1790325707.722372617,Phase2_Migrated,384
1790325707.810468343,Phase2_Migrated,384
1790325707.908049867,Phase2_Migrated,385
1790325707.994146928,Phase2_Migrated,385
1790325708.085864142,Phase2_Migrated,386
1790325708.165483851,Phase2_Migrated,386
1790325708.255616258,Phase2_Migrated,387
1790325708.325006811,Phase2_Migrated,387
1790325708.412149592,Phase2_Migrated,388
1790325708.467450490,Phase2_Migrated,388
1790325708.523897651,Phase2_Migrated,388
1790325708.583865862,Phase2_Migrated,389
1790325708.659130127,Phase2_Migrated,389
1790325708.749157158,Phase2_Migrated,390
1790325708.841565009,Phase2_Migrated,390
1790325708.933280755,Phase2_Migrated,391
1790325709.020310961,Phase2_Migrated,391
1790325709.103306017,Phase2_Migrated,392
1790325709.185136303,Phase2_Migrated,392
1790325709.271379125,Phase2_Migrated,393
1790325709.361641252,Phase2_Migrated,393
1790325709.455269501,Phase2_Migrated,394
1790325709.548999630,Phase2_Migrated,394
1790325709.643605959,Phase2_Migrated,395
1790325709.739477399,Phase2_Migrated,395
1790325709.831300851,Phase2_Migrated,396
1790325709.926086030,Phase2_Migrated,396
1790325710.018124350,Phase2_Migrated,397
1790325710.112973060,Phase2_Migrated,397
1790325710.206865137,Phase2_Migrated,398
1790325710.301277598,Phase2_Migrated,398
1790325710.385297586,Phase2_Migrated,399
1790325710.479233407,Phase2_Migrated,399
1790325710.568338092,Phase2_Migrated,400
1790325710.663027843,Phase2_Migrated,401
1790325710.753859254,Phase2_Migrated,401
1790325710.840421843,Phase2_Migrated,402
1790325710.934328306,Phase2_Migrated,402
1790325711.024473987,Phase2_Migrated,403
1790325711.123224325,Phase2_Migrated,403
1790325711.217430021,Phase2_Migrated,404
1790325711.315585678,Phase2_Migrated,404
1790325711.403518706,Phase2_Migrated,405
1790325711.494698522,Phase2_Migrated,405
1790325711.573365641,Phase2_Migrated,406
1790325711.649598378,Phase2_Migrated,406
1790325711.742313542,Phase2_Migrated,407
1790325711.828823513,Phase2_Migrated,407
1790325711.927002975,Phase2_Migrated,408
1790325712.017387388,Phase2_Migrated,408
1790325712.109501405,Phase2_Migrated,409
1790325712.200997916,Phase2_Migrated,409
1790325712.294998283,Phase2_Migrated,410
1790325712.386316936,Phase2_Migrated,410
1790325712.483913607,Phase2_Migrated,411
1790325712.573345445,Phase2_Migrated,411
1790325712.665007661,Phase2_Migrated,412
1790325712.735706238,Phase2_Migrated,412
1790325712.830422282,Phase2_Migrated,413
1790325712.918042784,Phase2_Migrated,414
1790325713.009588856,Phase2_Migrated,414
1790325713.081704617,Phase2_Migrated,415
1790325713.157930453,Phase2_Migrated,415
1790325713.222025117,Phase2_Migrated,415
1790325713.285927737,Phase2_Migrated,416
1790325713.369229455,Phase2_Migrated,416
1790325713.456035426,Phase2_Migrated,417
1790325713.531860916,Phase2_Migrated,417
1790325713.622164642,Phase2_Migrated,418
1790325713.707117146,Phase2_Migrated,418
1790325713.782960689,Phase2_Migrated,419
1790325713.868722073,Phase2_Migrated,419
1790325713.957072597,Phase2_Migrated,420
1790325714.024614483,Phase2_Migrated,420
1790325714.108416017,Phase2_Migrated,421
1790325714.198426280,Phase2_Migrated,421
1790325714.298188508,Phase2_Migrated,422
1790325714.396516957,Phase2_Migrated,422
1790325714.498810745,Phase2_Migrated,423
1790325714.584046898,Phase2_Migrated,423
1790325714.681851349,Phase2_Migrated,424
1790325714.782041311,Phase2_Migrated,425
1790325714.871935272,Phase2_Migrated,425
1790325714.949080258,Phase2_Migrated,426
1790325715.010414464,Phase2_Migrated,426
1790325715.093690485,Phase2_Migrated,426
1790325715.172930628,Phase2_Migrated,427
1790325715.268325491,Phase2_Migrated,427
1790325715.348340238,Phase2_Migrated,428
1790325715.442018066,Phase2_Migrated,428
1790325715.531734668,Phase2_Migrated,429
1790325715.620186882,Phase2_Migrated,429
1790325715.712094144,Phase2_Migrated,430
1790325715.803172734,Phase2_Migrated,430
1790325715.902002967,Phase2_Migrated,431
1790325715.975342526,Phase2_Migrated,431
1790325716.065599142,Phase2_Migrated,432
1790325716.158601275,Phase2_Migrated,433
1790325716.254925854,Phase2_Migrated,433
1790325716.354303099,Phase2_Migrated,434
1790325716.450835665,Phase2_Migrated,434
1790325716.543096032,Phase2_Migrated,435
1790325716.637384329,Phase2_Migrated,435
1790325716.715958125,Phase2_Migrated,436
1790325716.808052425,Phase2_Migrated,436
1790325716.896486488,Phase2_Migrated,437
1790325716.986821810,Phase2_Migrated,437
1790325717.078519141,Phase2_Migrated,438
1790325717.178202064,Phase2_Migrated,438
1790325717.263022987,Phase2_Migrated,439
1790325717.356894717,Phase2_Migrated,439
1790325717.452347454,Phase2_Migrated,440
1790325717.548021863,Phase2_Migrated,440
1790325717.632360413,Phase2_Migrated,441
1790325717.711221919,Phase2_Migrated,441
1790325717.802295703,Phase2_Migrated,442
1790325717.896143840,Phase2_Migrated,442
1790325717.985484106,Phase2_Migrated,443
1790325718.069215204,Phase2_Migrated,443
1790325718.162505555,Phase2_Migrated,444
1790325718.256169418,Phase2_Migrated,445
1790325718.346191319,Phase2_Migrated,445
1790325718.421801219,Phase2_Migrated,445
1790325718.477376670,Phase2_Migrated,446
1790325718.545509159,Phase2_Migrated,446
1790325718.616221045,Phase2_Migrated,447
1790325718.707598767,Phase2_Migrated,447
1790325718.792236660,Phase2_Migrated,448
1790325718.880837321,Phase2_Migrated,448
1790325718.957718591,Phase2_Migrated,449
1790325719.045826672,Phase2_Migrated,449
1790325719.131531345,Phase2_Migrated,450
1790325719.213847016,Phase2_Migrated,450
1790325719.297698706,Phase2_Migrated,451
1790325719.385995571,Phase2_Migrated,451
1790325719.466790859,Phase2_Migrated,452
1790325719.552110557,Phase2_Migrated,452
1790325719.642087469,Phase2_Migrated,453
1790325719.735951080,Phase2_Migrated,453
1790325719.827364343,Phase2_Migrated,454
1790325719.922678417,Phase2_Migrated,454
1790325720.005235234,Phase2_Migrated,455
1790325720.096836744,Phase2_Migrated,455
1790325720.188264062,Phase2_Migrated,456
1790325720.276681986,Phase2_Migrated,456
1790325721.700278287,Uninterrupted_Baseline,1
1790325721.782161412,Uninterrupted_Baseline,1
1790325721.866885615,Uninterrupted_Baseline,1
1790325721.950613794,Uninterrupted_Baseline,1
1790325722.032115700,Uninterrupted_Baseline,1
1790325722.114015426,Uninterrupted_Baseline,1
1790325722.196230690,Uninterrupted_Baseline,1
1790325722.278258926,Uninterrupted_Baseline,1
1790325722.358297941,Uninterrupted_Baseline,1
1790325722.440327190,Uninterrupted_Baseline,1
1790325722.523369964,Uninterrupted_Baseline,1
1790325722.604412335,Uninterrupted_Baseline,1
1790325722.690534246,Uninterrupted_Baseline,1
1790325722.769572959,Uninterrupted_Baseline,1
1790325722.852427534,Uninterrupted_Baseline,1
1790325722.936483971,Uninterrupted_Baseline,1
1790325723.012130241,Uninterrupted_Baseline,1
1790325723.092722768,Uninterrupted_Baseline,1
1790325723.178076593,Uninterrupted_Baseline,1
1790325723.256135247,Uninterrupted_Baseline,1
1790325723.340792618,Uninterrupted_Baseline,1
1790325723.424238341,Uninterrupted_Baseline,1
1790325723.514059151,Uninterrupted_Baseline,1
1790325723.597600147,Uninterrupted_Baseline,1
1790325723.679810266,Uninterrupted_Baseline,1
1790325723.768341831,Uninterrupted_Baseline,1
1790325723.849156484,Uninterrupted_Baseline,1
1790325723.931682987,Uninterrupted_Baseline,1
1790325724.014860295,Uninterrupted_Baseline,1
1790325724.099248920,Uninterrupted_Baseline,1
1790325724.180601369,Uninterrupted_Baseline,1
1790325724.180601369,Uninterrupted_Baseline,10
1790325724.261025866,Uninterrupted_Baseline,1
1790325724.261025866,Uninterrupted_Baseline,10
1790325724.347139248,Uninterrupted_Baseline,1
1790325724.347139248,Uninterrupted_Baseline,20
1790325724.428977732,Uninterrupted_Baseline,1
1790325724.428977732,Uninterrupted_Baseline,20
1790325724.512428321,Uninterrupted_Baseline,1
1790325724.512428321,Uninterrupted_Baseline,40
1790325724.595878048,Uninterrupted_Baseline,1
1790325724.595878048,Uninterrupted_Baseline,40
1790325724.671126435,Uninterrupted_Baseline,1
1790325724.671126435,Uninterrupted_Baseline,66
1790325724.743710597,Uninterrupted_Baseline,1
1790325724.743710597,Uninterrupted_Baseline,80
1790325724.822580576,Uninterrupted_Baseline,1
1790325724.822580576,Uninterrupted_Baseline,88
1790325724.893207474,Uninterrupted_Baseline,1
1790325724.893207474,Uninterrupted_Baseline,160
1790325724.946509771,Uninterrupted_Baseline,1
1790325724.946509771,Uninterrupted_Baseline,160
1790325725.018736979,Uninterrupted_Baseline,1
1790325725.018736979,Uninterrupted_Baseline,313
1790325725.092865494,Uninterrupted_Baseline,1
1790325725.092865494,Uninterrupted_Baseline,320
1790325725.176529737,Uninterrupted_Baseline,1
1790325725.176529737,Uninterrupted_Baseline,478
1790325725.260733302,Uninterrupted_Baseline,1
1790325725.260733302,Uninterrupted_Baseline,640
1790325725.340174476,Uninterrupted_Baseline,1
1790325725.340174476,Uninterrupted_Baseline,793
1790325725.422892790,Uninterrupted_Baseline,1
1790325725.422892790,Uninterrupted_Baseline,1060
1790325725.503541159,Uninterrupted_Baseline,1
1790325725.503541159,Uninterrupted_Baseline,906
1790325725.586504530,Uninterrupted_Baseline,1
1790325725.586504530,Uninterrupted_Baseline,726
1790325725.669087791,Uninterrupted_Baseline,1
1790325725.669087791,Uninterrupted_Baseline,558
1790325725.749203800,Uninterrupted_Baseline,1
1790325725.749203800,Uninterrupted_Baseline,545
1790325725.832172516,Uninterrupted_Baseline,1
1790325725.832172516,Uninterrupted_Baseline,545
1790325725.919381474,Uninterrupted_Baseline,1
1790325725.919381474,Uninterrupted_Baseline,375
1790325725.999192066,Uninterrupted_Baseline,1
1790325725.999192066,Uninterrupted_Baseline,272
1790325726.081611489,Uninterrupted_Baseline,1
1790325726.081611489,Uninterrupted_Baseline,272
1790325726.164388612,Uninterrupted_Baseline,1
1790325726.164388612,Uninterrupted_Baseline,273
1790325726.247704061,Uninterrupted_Baseline,1
1790325726.247704061,Uninterrupted_Baseline,273
1790325726.330327159,Uninterrupted_Baseline,1
1790325726.330327159,Uninterrupted_Baseline,274
1790325726.413854985,Uninterrupted_Baseline,1
1790325726.413854985,Uninterrupted_Baseline,274
1790325726.499405472,Uninterrupted_Baseline,1
1790325726.499405472,Uninterrupted_Baseline,275
1790325726.581209861,Uninterrupted_Baseline,1
1790325726.581209861,Uninterrupted_Baseline,275
1790325726.667807826,Uninterrupted_Baseline,1
1790325726.667807826,Uninterrupted_Baseline,276
1790325726.749070262,Uninterrupted_Baseline,1
1790325726.749070262,Uninterrupted_Baseline,276
1790325726.828583349,Uninterrupted_Baseline,1
1790325726.828583349,Uninterrupted_Baseline,277
1790325726.899008879,Uninterrupted_Baseline,1
1790325726.899008879,Uninterrupted_Baseline,277
1790325726.985429163,Uninterrupted_Baseline,1
1790325726.985429163,Uninterrupted_Baseline,278
1790325727.056437718,Uninterrupted_Baseline,1
1790325727.056437718,Uninterrupted_Baseline,278
1790325727.137916452,Uninterrupted_Baseline,1
1790325727.137916452,Uninterrupted_Baseline,279
1790325727.221297539,Uninterrupted_Baseline,1
1790325727.221297539,Uninterrupted_Baseline,279
1790325727.303960457,Uninterrupted_Baseline,1
1790325727.303960457,Uninterrupted_Baseline,279
1790325727.377429277,Uninterrupted_Baseline,1
1790325727.377429277,Uninterrupted_Baseline,280
1790325727.464559346,Uninterrupted_Baseline,1
1790325727.464559346,Uninterrupted_Baseline,281
1790325727.543239759,Uninterrupted_Baseline,1
1790325727.543239759,Uninterrupted_Baseline,281
1790325727.624878144,Uninterrupted_Baseline,1
1790325727.624878144,Uninterrupted_Baseline,281
1790325727.702595479,Uninterrupted_Baseline,1
1790325727.702595479,Uninterrupted_Baseline,282
1790325727.775271832,Uninterrupted_Baseline,1
1790325727.775271832,Uninterrupted_Baseline,282
1790325727.846500299,Uninterrupted_Baseline,1
1790325727.846500299,Uninterrupted_Baseline,283
1790325727.933139051,Uninterrupted_Baseline,1
1790325727.933139051,Uninterrupted_Baseline,283
1790325728.014885118,Uninterrupted_Baseline,1
1790325728.014885118,Uninterrupted_Baseline,284
1790325728.073151999,Uninterrupted_Baseline,1
1790325728.073151999,Uninterrupted_Baseline,284
1790325728.149448574,Uninterrupted_Baseline,1
1790325728.149448574,Uninterrupted_Baseline,285
1790325728.230004803,Uninterrupted_Baseline,1
1790325728.230004803,Uninterrupted_Baseline,285
1790325728.299535472,Uninterrupted_Baseline,1
1790325728.299535472,Uninterrupted_Baseline,286
1790325728.376483893,Uninterrupted_Baseline,1
1790325728.376483893,Uninterrupted_Baseline,286
1790325728.443577455,Uninterrupted_Baseline,1
1790325728.443577455,Uninterrupted_Baseline,286
1790325728.505010695,Uninterrupted_Baseline,1
1790325728.505010695,Uninterrupted_Baseline,287
1790325728.574634514,Uninterrupted_Baseline,1
1790325728.574634514,Uninterrupted_Baseline,287
1790325728.646877648,Uninterrupted_Baseline,1
1790325728.646877648,Uninterrupted_Baseline,288
1790325728.732341860,Uninterrupted_Baseline,1
1790325728.732341860,Uninterrupted_Baseline,288
1790325728.815115082,Uninterrupted_Baseline,1
1790325728.815115082,Uninterrupted_Baseline,289
1790325728.906207448,Uninterrupted_Baseline,1
1790325728.906207448,Uninterrupted_Baseline,289
1790325728.998216806,Uninterrupted_Baseline,1
1790325728.998216806,Uninterrupted_Baseline,290
1790325729.092751043,Uninterrupted_Baseline,1
1790325729.092751043,Uninterrupted_Baseline,290
1790325729.173944474,Uninterrupted_Baseline,1
1790325729.173944474,Uninterrupted_Baseline,291
1790325729.250790168,Uninterrupted_Baseline,1
1790325729.250790168,Uninterrupted_Baseline,291
1790325729.326931402,Uninterrupted_Baseline,1
1790325729.326931402,Uninterrupted_Baseline,292
1790325729.410095879,Uninterrupted_Baseline,1
1790325729.410095879,Uninterrupted_Baseline,292
1790325729.491396379,Uninterrupted_Baseline,1
1790325729.491396379,Uninterrupted_Baseline,293
1790325729.574329810,Uninterrupted_Baseline,1
1790325729.574329810,Uninterrupted_Baseline,293
1790325729.661829700,Uninterrupted_Baseline,1
1790325729.661829700,Uninterrupted_Baseline,294
1790325729.742269313,Uninterrupted_Baseline,1
1790325729.742269313,Uninterrupted_Baseline,294
1790325729.828078308,Uninterrupted_Baseline,1
1790325729.828078308,Uninterrupted_Baseline,295
1790325729.912831303,Uninterrupted_Baseline,1
1790325729.912831303,Uninterrupted_Baseline,295
1790325729.988168870,Uninterrupted_Baseline,1
1790325729.988168870,Uninterrupted_Baseline,296
1790325730.076336146,Uninterrupted_Baseline,1
1790325730.076336146,Uninterrupted_Baseline,296
1790325730.160412041,Uninterrupted_Baseline,1
1790325730.160412041,Uninterrupted_Baseline,297
1790325730.250586296,Uninterrupted_Baseline,1
1790325730.250586296,Uninterrupted_Baseline,297
1790325730.316454088,Uninterrupted_Baseline,1
1790325730.316454088,Uninterrupted_Baseline,298
1790325730.401616865,Uninterrupted_Baseline,1
1790325730.401616865,Uninterrupted_Baseline,298
1790325730.492279179,Uninterrupted_Baseline,1
1790325730.492279179,Uninterrupted_Baseline,299
1790325730.567193442,Uninterrupted_Baseline,1
1790325730.567193442,Uninterrupted_Baseline,299
1790325730.648612144,Uninterrupted_Baseline,1
1790325730.648612144,Uninterrupted_Baseline,299
1790325730.732456023,Uninterrupted_Baseline,1
1790325730.732456023,Uninterrupted_Baseline,300
1790325730.804386273,Uninterrupted_Baseline,1
1790325730.804386273,Uninterrupted_Baseline,300
1790325730.879176203,Uninterrupted_Baseline,1
1790325730.879176203,Uninterrupted_Baseline,301
1790325730.958891283,Uninterrupted_Baseline,1
1790325730.958891283,Uninterrupted_Baseline,301
1790325731.044288982,Uninterrupted_Baseline,302
1790325731.121207045,Uninterrupted_Baseline,302
1790325731.202865902,Uninterrupted_Baseline,303
1790325731.280016288,Uninterrupted_Baseline,303
1790325731.349504013,Uninterrupted_Baseline,304
1790325731.438559522,Uninterrupted_Baseline,304
1790325731.523357816,Uninterrupted_Baseline,305
1790325731.609071199,Uninterrupted_Baseline,305
1790325731.688633875,Uninterrupted_Baseline,306
1790325731.772302990,Uninterrupted_Baseline,306
1790325731.853756276,Uninterrupted_Baseline,307
1790325731.938448222,Uninterrupted_Baseline,307
1790325732.026006514,Uninterrupted_Baseline,308
1790325732.114090409,Uninterrupted_Baseline,308
1790325732.196366137,Uninterrupted_Baseline,309
1790325732.277598247,Uninterrupted_Baseline,309
1790325732.362794040,Uninterrupted_Baseline,309
1790325732.412459303,Uninterrupted_Baseline,310
1790325732.469988803,Uninterrupted_Baseline,310
1790325732.523738842,Uninterrupted_Baseline,310
1790325732.589755572,Uninterrupted_Baseline,311
1790325732.655576274,Uninterrupted_Baseline,311
1790325732.740113670,Uninterrupted_Baseline,312
1790325732.819729653,Uninterrupted_Baseline,312
1790325732.895901687,Uninterrupted_Baseline,313
1790325732.980996177,Uninterrupted_Baseline,313
1790325733.067066346,Uninterrupted_Baseline,314
1790325733.155932013,Uninterrupted_Baseline,314
1790325733.241170256,Uninterrupted_Baseline,315
1790325733.324859877,Uninterrupted_Baseline,315
1790325733.407793598,Uninterrupted_Baseline,315
1790325733.492150808,Uninterrupted_Baseline,316
1790325733.577213404,Uninterrupted_Baseline,316
1790325733.658085229,Uninterrupted_Baseline,317
1790325733.740182792,Uninterrupted_Baseline,317
1790325733.823531076,Uninterrupted_Baseline,318
1790325733.910096890,Uninterrupted_Baseline,318
1790325733.999524224,Uninterrupted_Baseline,319
1790325734.088036594,Uninterrupted_Baseline,319
1790325734.173126040,Uninterrupted_Baseline,320
1790325734.257141509,Uninterrupted_Baseline,320
1790325734.340579945,Uninterrupted_Baseline,321
1790325734.421098343,Uninterrupted_Baseline,321
1790325734.502687909,Uninterrupted_Baseline,322
1790325734.574978753,Uninterrupted_Baseline,322
1790325734.651014846,Uninterrupted_Baseline,323
1790325734.728706631,Uninterrupted_Baseline,323
1790325734.809590251,Uninterrupted_Baseline,324
1790325734.884434301,Uninterrupted_Baseline,324
1790325734.954592770,Uninterrupted_Baseline,324
1790325735.006168486,Uninterrupted_Baseline,325
1790325735.079184124,Uninterrupted_Baseline,325
1790325735.154862492,Uninterrupted_Baseline,326
1790325735.214296132,Uninterrupted_Baseline,326
1790325735.289406769,Uninterrupted_Baseline,326
1790325735.363572302,Uninterrupted_Baseline,327
1790325735.435918536,Uninterrupted_Baseline,327
1790325735.505782430,Uninterrupted_Baseline,328
1790325735.582878247,Uninterrupted_Baseline,328
1790325735.646351097,Uninterrupted_Baseline,328
1790325735.713095281,Uninterrupted_Baseline,329
1790325735.792869052,Uninterrupted_Baseline,329
1790325735.875096270,Uninterrupted_Baseline,330
1790325735.949170136,Uninterrupted_Baseline,330
1790325736.019034978,Uninterrupted_Baseline,331
1790325736.092874719,Uninterrupted_Baseline,331
1790325736.169131185,Uninterrupted_Baseline,331
1790325736.223542319,Uninterrupted_Baseline,332
1790325736.294410617,Uninterrupted_Baseline,332
1790325736.360930558,Uninterrupted_Baseline,333
1790325736.441137068,Uninterrupted_Baseline,333
1790325736.524431026,Uninterrupted_Baseline,333
1790325736.608752114,Uninterrupted_Baseline,334
1790325736.694227770,Uninterrupted_Baseline,334
1790325736.776552444,Uninterrupted_Baseline,335
1790325736.860188881,Uninterrupted_Baseline,335
1790325736.942740718,Uninterrupted_Baseline,336
1790325737.022737445,Uninterrupted_Baseline,336
1790325737.106703379,Uninterrupted_Baseline,337
1790325737.187482601,Uninterrupted_Baseline,337
1790325737.249127505,Uninterrupted_Baseline,338
1790325737.323141303,Uninterrupted_Baseline,338
1790325737.407560868,Uninterrupted_Baseline,339
1790325737.490063735,Uninterrupted_Baseline,339
1790325737.572700002,Uninterrupted_Baseline,339
1790325737.655010017,Uninterrupted_Baseline,340
1790325737.736181134,Uninterrupted_Baseline,340
1790325737.799875608,Uninterrupted_Baseline,341
1790325737.864506794,Uninterrupted_Baseline,341
1790325737.948961063,Uninterrupted_Baseline,342
1790325738.024524957,Uninterrupted_Baseline,342
1790325738.084599336,Uninterrupted_Baseline,342
1790325738.154209068,Uninterrupted_Baseline,343
1790325738.232431694,Uninterrupted_Baseline,343
1790325738.292570700,Uninterrupted_Baseline,344
1790325738.375456201,Uninterrupted_Baseline,344
1790325738.437938859,Uninterrupted_Baseline,344
1790325738.496748370,Uninterrupted_Baseline,345
1790325738.562528420,Uninterrupted_Baseline,345
1790325738.630230718,Uninterrupted_Baseline,346
1790325738.710888895,Uninterrupted_Baseline,346
1790325738.796943822,Uninterrupted_Baseline,347
1790325738.885428094,Uninterrupted_Baseline,347
1790325738.967407372,Uninterrupted_Baseline,348
1790325739.049031024,Uninterrupted_Baseline,348
1790325739.129333876,Uninterrupted_Baseline,348
1790325739.191578531,Uninterrupted_Baseline,349
1790325739.250376621,Uninterrupted_Baseline,349
1790325739.330153052,Uninterrupted_Baseline,350
1790325739.408892671,Uninterrupted_Baseline,350
1790325739.489701434,Uninterrupted_Baseline,351
1790325739.568437170,Uninterrupted_Baseline,351
1790325739.649127758,Uninterrupted_Baseline,351
1790325739.730526739,Uninterrupted_Baseline,352
1790325739.796178774,Uninterrupted_Baseline,352
1790325739.879068053,Uninterrupted_Baseline,353
1790325739.961613381,Uninterrupted_Baseline,353
1790325740.042343740,Uninterrupted_Baseline,354
1790325740.127128382,Uninterrupted_Baseline,354
1790325740.205492982,Uninterrupted_Baseline,355
1790325740.286804567,Uninterrupted_Baseline,355
1790325740.368922751,Uninterrupted_Baseline,356
1790325740.455752403,Uninterrupted_Baseline,356
1790325740.536199991,Uninterrupted_Baseline,357
1790325740.624063832,Uninterrupted_Baseline,357
1790325740.692854881,Uninterrupted_Baseline,357
1790325740.768559563,Uninterrupted_Baseline,358
1790325740.833386269,Uninterrupted_Baseline,358
1790325740.917145977,Uninterrupted_Baseline,359
1790325740.986265092,Uninterrupted_Baseline,359
1790325741.065128744,Uninterrupted_Baseline,360
1790325741.145674686,Uninterrupted_Baseline,360
1790325741.217248222,Uninterrupted_Baseline,360
1790325741.291106234,Uninterrupted_Baseline,361
1790325741.371795847,Uninterrupted_Baseline,361
1790325741.441431424,Uninterrupted_Baseline,362
1790325741.523463097,Uninterrupted_Baseline,362
1790325741.602976910,Uninterrupted_Baseline,363
1790325741.686315423,Uninterrupted_Baseline,363
1790325741.769465835,Uninterrupted_Baseline,364
1790325741.853879154,Uninterrupted_Baseline,364
1790325741.946077140,Uninterrupted_Baseline,365
1790325742.018628865,Uninterrupted_Baseline,365
1790325742.095186674,Uninterrupted_Baseline,365
1790325742.175614745,Uninterrupted_Baseline,366
1790325742.258463058,Uninterrupted_Baseline,366
1790325742.353782258,Uninterrupted_Baseline,367
1790325742.438346074,Uninterrupted_Baseline,367
1790325742.523529742,Uninterrupted_Baseline,368
1790325742.609262634,Uninterrupted_Baseline,368
1790325742.700724901,Uninterrupted_Baseline,369
1790325742.784229793,Uninterrupted_Baseline,369
1790325742.867027896,Uninterrupted_Baseline,370
1790325742.952382819,Uninterrupted_Baseline,370
1790325743.036398491,Uninterrupted_Baseline,371
1790325743.123313329,Uninterrupted_Baseline,371
1790325743.197459584,Uninterrupted_Baseline,372
1790325743.278029558,Uninterrupted_Baseline,372
1790325743.351122617,Uninterrupted_Baseline,373
1790325743.437253824,Uninterrupted_Baseline,373
1790325743.518508583,Uninterrupted_Baseline,374
1790325743.599228536,Uninterrupted_Baseline,374
1790325743.684351319,Uninterrupted_Baseline,375
1790325743.768240108,Uninterrupted_Baseline,375
1790325743.847982582,Uninterrupted_Baseline,376
1790325743.931871261,Uninterrupted_Baseline,376
1790325744.015063264,Uninterrupted_Baseline,376
1790325744.098957109,Uninterrupted_Baseline,377
1790325744.180522641,Uninterrupted_Baseline,377
1790325744.258352131,Uninterrupted_Baseline,378
1790325744.337731485,Uninterrupted_Baseline,378
1790325744.413626505,Uninterrupted_Baseline,379
1790325744.488824954,Uninterrupted_Baseline,379
1790325744.570285586,Uninterrupted_Baseline,380
1790325744.645999077,Uninterrupted_Baseline,380
1790325744.730549398,Uninterrupted_Baseline,381
1790325744.797315675,Uninterrupted_Baseline,381
1790325744.896026071,Uninterrupted_Baseline,381
1790325744.960952512,Uninterrupted_Baseline,382
1790325745.024267745,Uninterrupted_Baseline,382
1790325745.098447253,Uninterrupted_Baseline,383
1790325745.183936423,Uninterrupted_Baseline,383
1790325745.271115381,Uninterrupted_Baseline,384
1790325745.363503096,Uninterrupted_Baseline,384
1790325745.451587989,Uninterrupted_Baseline,385
1790325745.542384908,Uninterrupted_Baseline,385
1790325745.617602241,Uninterrupted_Baseline,386
1790325745.703383413,Uninterrupted_Baseline,386
1790325745.795471628,Uninterrupted_Baseline,387
1790325745.882297606,Uninterrupted_Baseline,387
1790325745.971843204,Uninterrupted_Baseline,388
1790325746.060983355,Uninterrupted_Baseline,388
1790325746.148023484,Uninterrupted_Baseline,389
1790325746.233778832,Uninterrupted_Baseline,389
1790325746.298467913,Uninterrupted_Baseline,390
1790325746.383357523,Uninterrupted_Baseline,390
1790325746.461834012,Uninterrupted_Baseline,390
1790325746.547886003,Uninterrupted_Baseline,391
1790325746.635702729,Uninterrupted_Baseline,391
1790325746.711513947,Uninterrupted_Baseline,392
1790325746.797310324,Uninterrupted_Baseline,392
1790325746.881459440,Uninterrupted_Baseline,393
1790325746.968291971,Uninterrupted_Baseline,393
1790325747.057732882,Uninterrupted_Baseline,394
1790325747.138425099,Uninterrupted_Baseline,394
1790325747.223261419,Uninterrupted_Baseline,395
1790325747.302543369,Uninterrupted_Baseline,395
1790325747.391049443,Uninterrupted_Baseline,396
1790325747.470871199,Uninterrupted_Baseline,396
1790325747.550886236,Uninterrupted_Baseline,397
1790325747.633021968,Uninterrupted_Baseline,397
1790325747.714318287,Uninterrupted_Baseline,398
1790325747.793234313,Uninterrupted_Baseline,398
1790325747.877379485,Uninterrupted_Baseline,399
1790325747.962033568,Uninterrupted_Baseline,399
1790325748.050177656,Uninterrupted_Baseline,400
1790325748.115241989,Uninterrupted_Baseline,400
1790325748.193183932,Uninterrupted_Baseline,401
1790325748.276685247,Uninterrupted_Baseline,401
1790325748.357107208,Uninterrupted_Baseline,402
1790325748.426552065,Uninterrupted_Baseline,402
1790325748.476997372,Uninterrupted_Baseline,402
1790325748.538724782,Uninterrupted_Baseline,403
1790325748.602616118,Uninterrupted_Baseline,403
1790325748.677151937,Uninterrupted_Baseline,404
1790325748.758458092,Uninterrupted_Baseline,404
1790325748.841942818,Uninterrupted_Baseline,405
1790325748.928437142,Uninterrupted_Baseline,405
1790325749.017375709,Uninterrupted_Baseline,406
1790325749.105005125,Uninterrupted_Baseline,406
1790325749.166263376,Uninterrupted_Baseline,406
1790325749.247445099,Uninterrupted_Baseline,407
1790325749.315526410,Uninterrupted_Baseline,407
1790325749.397940490,Uninterrupted_Baseline,408
1790325749.483560452,Uninterrupted_Baseline,408
1790325749.569200888,Uninterrupted_Baseline,409
1790325749.651278670,Uninterrupted_Baseline,409
1790325749.722342165,Uninterrupted_Baseline,410
1790325749.809406831,Uninterrupted_Baseline,410
1790325749.887360319,Uninterrupted_Baseline,411
1790325749.971084957,Uninterrupted_Baseline,411
1790325750.043784673,Uninterrupted_Baseline,412
1790325750.126327274,Uninterrupted_Baseline,412
1790325750.207156549,Uninterrupted_Baseline,412
1790325750.292070307,Uninterrupted_Baseline,413
1790325750.363488762,Uninterrupted_Baseline,413
1790325750.446940922,Uninterrupted_Baseline,414
1790325750.528816172,Uninterrupted_Baseline,414
1790325750.619366596,Uninterrupted_Baseline,415
1790325750.706210268,Uninterrupted_Baseline,415
1790325750.790487954,Uninterrupted_Baseline,416
1790325750.876640498,Uninterrupted_Baseline,416
1790325750.943631395,Uninterrupted_Baseline,417
1790325751.035396604,Uninterrupted_Baseline,417
1790325751.118963051,Uninterrupted_Baseline,418
1790325751.204360590,Uninterrupted_Baseline,418
1790325751.293340453,Uninterrupted_Baseline,419
1790325751.375947480,Uninterrupted_Baseline,419
1790325751.459854134,Uninterrupted_Baseline,420
1790325751.537451828,Uninterrupted_Baseline,420
1790325751.612383060,Uninterrupted_Baseline,421
1790325751.700387511,Uninterrupted_Baseline,421
1790325751.778116190,Uninterrupted_Baseline,421
1790325751.863058564,Uninterrupted_Baseline,422
1790325751.953067216,Uninterrupted_Baseline,422
1790325752.037098799,Uninterrupted_Baseline,423
1790325752.120259472,Uninterrupted_Baseline,423
1790325752.207432401,Uninterrupted_Baseline,424
1790325752.290072994,Uninterrupted_Baseline,424
1790325752.363201555,Uninterrupted_Baseline,425
1790325752.449312711,Uninterrupted_Baseline,425
1790325752.529557940,Uninterrupted_Baseline,426
1790325752.612814357,Uninterrupted_Baseline,426
1790325752.683363394,Uninterrupted_Baseline,427
1790325752.755175721,Uninterrupted_Baseline,427
1790325752.837567831,Uninterrupted_Baseline,428
1790325752.924147002,Uninterrupted_Baseline,428
1790325753.011044680,Uninterrupted_Baseline,429
1790325753.090132982,Uninterrupted_Baseline,429
1790325753.163002335,Uninterrupted_Baseline,429
1790325753.246431521,Uninterrupted_Baseline,430
1790325753.337618485,Uninterrupted_Baseline,430
1790325753.430862940,Uninterrupted_Baseline,431
1790325753.517716418,Uninterrupted_Baseline,431
1790325753.599115468,Uninterrupted_Baseline,432
1790325753.684733658,Uninterrupted_Baseline,432
1790325753.770118448,Uninterrupted_Baseline,433
1790325753.852833960,Uninterrupted_Baseline,433
1790325753.935576619,Uninterrupted_Baseline,434
1790325754.021121804,Uninterrupted_Baseline,434
1790325754.105360491,Uninterrupted_Baseline,435
1790325754.188560120,Uninterrupted_Baseline,435
1790325754.277113219,Uninterrupted_Baseline,436
1790325754.362847996,Uninterrupted_Baseline,436
1790325754.449316574,Uninterrupted_Baseline,437
1790325754.530261759,Uninterrupted_Baseline,437
1790325754.608910615,Uninterrupted_Baseline,438
1790325754.687361647,Uninterrupted_Baseline,438
1790325754.764324304,Uninterrupted_Baseline,439
1790325754.842379508,Uninterrupted_Baseline,439
1790325754.931154107,Uninterrupted_Baseline,440
1790325754.984790431,Uninterrupted_Baseline,440
1790325755.046580402,Uninterrupted_Baseline,440
1790325755.116227009,Uninterrupted_Baseline,441
1790325755.205330899,Uninterrupted_Baseline,441
1790325755.281333606,Uninterrupted_Baseline,442
1790325755.358361091,Uninterrupted_Baseline,442
1790325755.441547258,Uninterrupted_Baseline,443
1790325755.525477616,Uninterrupted_Baseline,443
1790325755.601927516,Uninterrupted_Baseline,443
1790325755.686232218,Uninterrupted_Baseline,444
1790325755.768806335,Uninterrupted_Baseline,444
1790325755.850432646,Uninterrupted_Baseline,445
1790325755.932071410,Uninterrupted_Baseline,445
1790325756.016814472,Uninterrupted_Baseline,446
1790325756.099841868,Uninterrupted_Baseline,446
1790325756.182803572,Uninterrupted_Baseline,447
1790325756.271242789,Uninterrupted_Baseline,447
1790325756.331731085,Uninterrupted_Baseline,448
1790325756.411138550,Uninterrupted_Baseline,448
1790325756.493015451,Uninterrupted_Baseline,449
1790325756.581098250,Uninterrupted_Baseline,449
1790325756.667362593,Uninterrupted_Baseline,450
1790325756.747800518,Uninterrupted_Baseline,450
1790325756.821841424,Uninterrupted_Baseline,451
1790325756.907051159,Uninterrupted_Baseline,451
1790325756.976891979,Uninterrupted_Baseline,451
1790325757.057403445,Uninterrupted_Baseline,452
1790325757.139559242,Uninterrupted_Baseline,452
1790325757.213609107,Uninterrupted_Baseline,453
1790325757.296482566,Uninterrupted_Baseline,453
1790325757.352250709,Uninterrupted_Baseline,454
1790325757.433797096,Uninterrupted_Baseline,454
1790325757.521942227,Uninterrupted_Baseline,455
1790325757.608228258,Uninterrupted_Baseline,455
1790325757.684448925,Uninterrupted_Baseline,455
1790325757.767963454,Uninterrupted_Baseline,456
1790325757.853873713,Uninterrupted_Baseline,457
1790325757.929815975,Uninterrupted_Baseline,457
1790325758.009682912,Uninterrupted_Baseline,457
1790325758.066412821,Uninterrupted_Baseline,458
1790325758.150189812,Uninterrupted_Baseline,458
1790325758.236393354,Uninterrupted_Baseline,459
1790325758.310462898,Uninterrupted_Baseline,459
1790325758.386666529,Uninterrupted_Baseline,460
1790325758.436291384,Uninterrupted_Baseline,460
1790325758.487525782,Uninterrupted_Baseline,460
1790325758.561895337,Uninterrupted_Baseline,461
1790325758.639553453,Uninterrupted_Baseline,461
1790325758.702030030,Uninterrupted_Baseline,461
1790325758.772927664,Uninterrupted_Baseline,462
1790325758.850544068,Uninterrupted_Baseline,462
1790325758.934161720,Uninterrupted_Baseline,463
1790325759.008353334,Uninterrupted_Baseline,463
1790325759.070239682,Uninterrupted_Baseline,463
1790325759.133043512,Uninterrupted_Baseline,464
1790325759.209344334,Uninterrupted_Baseline,464
1790325759.292202743,Uninterrupted_Baseline,465
1790325759.374196149,Uninterrupted_Baseline,465
1790325759.457146639,Uninterrupted_Baseline,466
1790325759.544190203,Uninterrupted_Baseline,466
1790325759.626989593,Uninterrupted_Baseline,467
1790325759.712442742,Uninterrupted_Baseline,467
1790325759.767264514,Uninterrupted_Baseline,467
1790325759.850232537,Uninterrupted_Baseline,468
1790325759.931196062,Uninterrupted_Baseline,468
1790325760.013879325,Uninterrupted_Baseline,469
1790325760.095228384,Uninterrupted_Baseline,469
1790325760.174210247,Uninterrupted_Baseline,470
1790325760.256413129,Uninterrupted_Baseline,470
1790325760.337344799,Uninterrupted_Baseline,471
1790325760.422263339,Uninterrupted_Baseline,471
1790325760.496920306,Uninterrupted_Baseline,472
1790325760.553179906,Uninterrupted_Baseline,472
1790325760.624675241,Uninterrupted_Baseline,472
1790325760.707586945,Uninterrupted_Baseline,473
1790325760.790171739,Uninterrupted_Baseline,473
1790325760.879705572,Uninterrupted_Baseline,474
1790325760.963247249,Uninterrupted_Baseline,474
1790325761.046387665,Uninterrupted_Baseline,475
1790325761.138422992,Uninterrupted_Baseline,475
1790325761.215805354,Uninterrupted_Baseline,476
1790325761.301403025,Uninterrupted_Baseline,476
1790325761.394783950,Uninterrupted_Baseline,477
1790325761.485940794,Uninterrupted_Baseline,477
1790325761.569961455,Uninterrupted_Baseline,478
1790325761.654319799,Uninterrupted_Baseline,478
1790325761.738247857,Uninterrupted_Baseline,479
1790325761.821999236,Uninterrupted_Baseline,479
1790325761.904854975,Uninterrupted_Baseline,480
1790325761.986874685,Uninterrupted_Baseline,480
1790325762.074223119,Uninterrupted_Baseline,481
1790325762.148976920,Uninterrupted_Baseline,481
1790325762.231025016,Uninterrupted_Baseline,482
1790325762.317225433,Uninterrupted_Baseline,482
1790325762.400928464,Uninterrupted_Baseline,483
1790325762.486497001,Uninterrupted_Baseline,483
1790325762.570867989,Uninterrupted_Baseline,484
1790325762.638270490,Uninterrupted_Baseline,484
1790325762.714961049,Uninterrupted_Baseline,484
1790325762.774232970,Uninterrupted_Baseline,485
1790325762.852249140,Uninterrupted_Baseline,485
1790325762.935349014,Uninterrupted_Baseline,486
1790325763.019413044,Uninterrupted_Baseline,486
1790325763.091391318,Uninterrupted_Baseline,487
1790325763.177305778,Uninterrupted_Baseline,487
1790325763.249148856,Uninterrupted_Baseline,488
1790325763.338920257,Uninterrupted_Baseline,488
1790325763.422837998,Uninterrupted_Baseline,489
1790325763.506438763,Uninterrupted_Baseline,489
1790325763.588081191,Uninterrupted_Baseline,490
1790325763.667570408,Uninterrupted_Baseline,490
1790325763.753538691,Uninterrupted_Baseline,491
1790325763.838613307,Uninterrupted_Baseline,491
1790325763.930062910,Uninterrupted_Baseline,492
1790325764.013575996,Uninterrupted_Baseline,492
1790325764.095885670,Uninterrupted_Baseline,493
1790325764.177091978,Uninterrupted_Baseline,493
1790325764.258558452,Uninterrupted_Baseline,493
1790325764.337317792,Uninterrupted_Baseline,494
1790325764.419347305,Uninterrupted_Baseline,494
1790325764.498306175,Uninterrupted_Baseline,495
1790325764.582770530,Uninterrupted_Baseline,495
1790325764.661058650,Uninterrupted_Baseline,496
1790325764.722641589,Uninterrupted_Baseline,496
1790325764.800824451,Uninterrupted_Baseline,497
1790325764.872021161,Uninterrupted_Baseline,497
1790325764.958487312,Uninterrupted_Baseline,497
1790325765.010937547,Uninterrupted_Baseline,498
1790325765.070414614,Uninterrupted_Baseline,498
1790325765.138388849,Uninterrupted_Baseline,499
1790325765.220092907,Uninterrupted_Baseline,499
1790325765.283254752,Uninterrupted_Baseline,499
1790325765.364160249,Uninterrupted_Baseline,500
1790325765.443132646,Uninterrupted_Baseline,500
1790325765.520590351,Uninterrupted_Baseline,501
1790325765.591336048,Uninterrupted_Baseline,501
1790325765.670988096,Uninterrupted_Baseline,502
1790325765.755232398,Uninterrupted_Baseline,502
1790325765.839361235,Uninterrupted_Baseline,503
1790325765.921570757,Uninterrupted_Baseline,503
1790325766.003150521,Uninterrupted_Baseline,504
1790325766.090727900,Uninterrupted_Baseline,504
1790325766.173877687,Uninterrupted_Baseline,504
1790325766.254917194,Uninterrupted_Baseline,505
1790325766.318194367,Uninterrupted_Baseline,505
1790325766.377997920,Uninterrupted_Baseline,506
1790325766.460129948,Uninterrupted_Baseline,506
1790325766.546955786,Uninterrupted_Baseline,507
1790325766.627209270,Uninterrupted_Baseline,507
1790325766.701587217,Uninterrupted_Baseline,508
1790325766.786512012,Uninterrupted_Baseline,508
1790325766.866112016,Uninterrupted_Baseline,508
1790325766.948431157,Uninterrupted_Baseline,509
1790325767.034362370,Uninterrupted_Baseline,510
1790325767.116797547,Uninterrupted_Baseline,510
1790325767.204904752,Uninterrupted_Baseline,510
1790325767.262194713,Uninterrupted_Baseline,511
1790325767.348555886,Uninterrupted_Baseline,511
1790325767.418807449,Uninterrupted_Baseline,512
1790325767.508425609,Uninterrupted_Baseline,512
1790325767.590498531,Uninterrupted_Baseline,513
1790325767.675434299,Uninterrupted_Baseline,513
1790325767.756178524,Uninterrupted_Baseline,514
1790325767.836880182,Uninterrupted_Baseline,514
1790325767.920613004,Uninterrupted_Baseline,515
1790325768.005445792,Uninterrupted_Baseline,515
1790325768.085360406,Uninterrupted_Baseline,516
1790325768.169848284,Uninterrupted_Baseline,516
1790325768.251987287,Uninterrupted_Baseline,516
1790325768.328427336,Uninterrupted_Baseline,517
1790325768.407285343,Uninterrupted_Baseline,517
1790325768.458190787,Uninterrupted_Baseline,518
1790325768.509328538,Uninterrupted_Baseline,518
1790325768.572197447,Uninterrupted_Baseline,518
1790325768.642556722,Uninterrupted_Baseline,519
1790325768.723569839,Uninterrupted_Baseline,519
1790325768.805414777,Uninterrupted_Baseline,520
1790325768.887708186,Uninterrupted_Baseline,520
1790325768.973783417,Uninterrupted_Baseline,521
1790325769.063370131,Uninterrupted_Baseline,521
1790325769.138043322,Uninterrupted_Baseline,522
1790325769.210985969,Uninterrupted_Baseline,522
1790325769.287465031,Uninterrupted_Baseline,522
1790325769.363427029,Uninterrupted_Baseline,523
1790325769.445240843,Uninterrupted_Baseline,523
1790325769.530148757,Uninterrupted_Baseline,524
1790325769.612480148,Uninterrupted_Baseline,524
1790325769.694257336,Uninterrupted_Baseline,525
1790325769.773088737,Uninterrupted_Baseline,525
1790325769.853643903,Uninterrupted_Baseline,526
1790325769.936012747,Uninterrupted_Baseline,526
1790325770.017249633,Uninterrupted_Baseline,527
1790325770.099282927,Uninterrupted_Baseline,527
1790325770.173186160,Uninterrupted_Baseline,528
1790325770.258440467,Uninterrupted_Baseline,528
1790325770.335494965,Uninterrupted_Baseline,529
1790325770.413959271,Uninterrupted_Baseline,529
1790325770.496437456,Uninterrupted_Baseline,529
1790325770.575100797,Uninterrupted_Baseline,530
1790325770.655473536,Uninterrupted_Baseline,530
1790325770.735193920,Uninterrupted_Baseline,531
1790325770.822735888,Uninterrupted_Baseline,531
1790325770.905066531,Uninterrupted_Baseline,532
1790325770.978810831,Uninterrupted_Baseline,532
1790325771.051494481,Uninterrupted_Baseline,533
1790325771.124789577,Uninterrupted_Baseline,533
1790325771.213437467,Uninterrupted_Baseline,534
1790325771.298873953,Uninterrupted_Baseline,534
1790325771.378737207,Uninterrupted_Baseline,535
1790325771.461519995,Uninterrupted_Baseline,535
1790325771.539893235,Uninterrupted_Baseline,535
1790325771.623224205,Uninterrupted_Baseline,536
1790325771.706363382,Uninterrupted_Baseline,536
1790325771.787282487,Uninterrupted_Baseline,537
1790325771.853123037,Uninterrupted_Baseline,537
1790325771.918684813,Uninterrupted_Baseline,538
1790325771.995179708,Uninterrupted_Baseline,538
1790325772.075472085,Uninterrupted_Baseline,539
1790325772.152231362,Uninterrupted_Baseline,539
1790325772.217585026,Uninterrupted_Baseline,539
1790325772.286166182,Uninterrupted_Baseline,540
1790325772.356988993,Uninterrupted_Baseline,540
1790325772.431938313,Uninterrupted_Baseline,541
1790325772.514013469,Uninterrupted_Baseline,541
1790325772.601334543,Uninterrupted_Baseline,542
1790325772.670998800,Uninterrupted_Baseline,542
1790325772.758533403,Uninterrupted_Baseline,542
1790325772.839966564,Uninterrupted_Baseline,543
1790325772.928203494,Uninterrupted_Baseline,543
1790325773.014365215,Uninterrupted_Baseline,544
1790325773.102839130,Uninterrupted_Baseline,545
1790325773.195342956,Uninterrupted_Baseline,545
1790325773.278345716,Uninterrupted_Baseline,546
1790325773.359818914,Uninterrupted_Baseline,546
1790325773.422736184,Uninterrupted_Baseline,546
1790325773.505980520,Uninterrupted_Baseline,547
1790325773.557334443,Uninterrupted_Baseline,547
1790325773.612273336,Uninterrupted_Baseline,547
1790325773.671303410,Uninterrupted_Baseline,548
1790325773.730901421,Uninterrupted_Baseline,548
1790325773.808769762,Uninterrupted_Baseline,549
1790325773.892278317,Uninterrupted_Baseline,549
1790325773.965313323,Uninterrupted_Baseline,550
1790325774.035832133,Uninterrupted_Baseline,550
1790325774.115999370,Uninterrupted_Baseline,550
1790325774.199474705,Uninterrupted_Baseline,551
1790325774.280365370,Uninterrupted_Baseline,551
1790325774.361401992,Uninterrupted_Baseline,552
1790325774.441989870,Uninterrupted_Baseline,552
1790325774.524873197,Uninterrupted_Baseline,553
1790325774.593251203,Uninterrupted_Baseline,553
1790325774.677029265,Uninterrupted_Baseline,554
1790325774.759424934,Uninterrupted_Baseline,554
1790325774.839321890,Uninterrupted_Baseline,555
1790325774.918813348,Uninterrupted_Baseline,555
1790325775.009575588,Uninterrupted_Baseline,556
1790325775.062166489,Uninterrupted_Baseline,556
1790325775.139325428,Uninterrupted_Baseline,556
1790325775.220079362,Uninterrupted_Baseline,557
1790325775.290488696,Uninterrupted_Baseline,557
1790325775.370906593,Uninterrupted_Baseline,558
1790325775.450561469,Uninterrupted_Baseline,558
1790325775.532777481,Uninterrupted_Baseline,559
1790325775.612610338,Uninterrupted_Baseline,559
1790325775.694322750,Uninterrupted_Baseline,560
1790325775.776084241,Uninterrupted_Baseline,560
1790325775.856508539,Uninterrupted_Baseline,561
1790325775.941890739,Uninterrupted_Baseline,561
1790325776.027537404,Uninterrupted_Baseline,562
1790325776.105970260,Uninterrupted_Baseline,562
1790325776.189233834,Uninterrupted_Baseline,563
1790325776.275961914,Uninterrupted_Baseline,563
1790325776.337698126,Uninterrupted_Baseline,563
1790325776.419729331,Uninterrupted_Baseline,564
1790325776.489233080,Uninterrupted_Baseline,564
1790325776.573246918,Uninterrupted_Baseline,565
1790325776.653380415,Uninterrupted_Baseline,565
1790325776.732931341,Uninterrupted_Baseline,566
1790325776.811848222,Uninterrupted_Baseline,566
1790325776.894307767,Uninterrupted_Baseline,567
1790325776.976144913,Uninterrupted_Baseline,567
1790325777.065600125,Uninterrupted_Baseline,568
1790325777.148701130,Uninterrupted_Baseline,568
1790325777.231146631,Uninterrupted_Baseline,569
1790325777.307194139,Uninterrupted_Baseline,569
1790325777.385411399,Uninterrupted_Baseline,570
1790325777.470894153,Uninterrupted_Baseline,570
1790325777.552177207,Uninterrupted_Baseline,570
1790325777.637299533,Uninterrupted_Baseline,571
1790325777.721157526,Uninterrupted_Baseline,571
1790325777.798124639,Uninterrupted_Baseline,572
1790325777.884156753,Uninterrupted_Baseline,572
1790325777.977458868,Uninterrupted_Baseline,573
1790325778.050983198,Uninterrupted_Baseline,573
1790325778.121494871,Uninterrupted_Baseline,574
1790325778.207077083,Uninterrupted_Baseline,574
1790325778.274124612,Uninterrupted_Baseline,575
1790325778.332112390,Uninterrupted_Baseline,575
1790325778.399490684,Uninterrupted_Baseline,575
1790325778.453715039,Uninterrupted_Baseline,576
1790325778.505127593,Uninterrupted_Baseline,576
1790325778.560818131,Uninterrupted_Baseline,576
1790325778.620733012,Uninterrupted_Baseline,577
1790325778.695372152,Uninterrupted_Baseline,577
1790325778.775493998,Uninterrupted_Baseline,578
1790325778.861334906,Uninterrupted_Baseline,578
1790325778.939231622,Uninterrupted_Baseline,579
1790325779.028025288,Uninterrupted_Baseline,579
1790325779.105560888,Uninterrupted_Baseline,579
1790325779.174686835,Uninterrupted_Baseline,580
1790325779.247110087,Uninterrupted_Baseline,580
1790325779.330330754,Uninterrupted_Baseline,581
1790325779.415151035,Uninterrupted_Baseline,581
1790325779.505808231,Uninterrupted_Baseline,582
1790325779.590483390,Uninterrupted_Baseline,582
1790325779.654215021,Uninterrupted_Baseline,583
1790325779.725414203,Uninterrupted_Baseline,583
1790325779.802721953,Uninterrupted_Baseline,584
1790325779.884819661,Uninterrupted_Baseline,584
1790325779.959215263,Uninterrupted_Baseline,584
1790325780.042122242,Uninterrupted_Baseline,585
1790325780.122001768,Uninterrupted_Baseline,585
1790325780.203501908,Uninterrupted_Baseline,586
1790325780.287055374,Uninterrupted_Baseline,586
1790325780.371089850,Uninterrupted_Baseline,587
1790325780.450095467,Uninterrupted_Baseline,587
1790325780.526412449,Uninterrupted_Baseline,588
1790325780.590137663,Uninterrupted_Baseline,588
1790325780.676462939,Uninterrupted_Baseline,589
1790325780.758769873,Uninterrupted_Baseline,589
1790325780.839340323,Uninterrupted_Baseline,590
1790325780.898290699,Uninterrupted_Baseline,590
1790325780.973134809,Uninterrupted_Baseline,590
1790325781.053274518,Uninterrupted_Baseline,591
1790325781.134534557,Uninterrupted_Baseline,591
1790325781.219566430,Uninterrupted_Baseline,592
1790325781.294507544,Uninterrupted_Baseline,592
1790325781.376630606,Uninterrupted_Baseline,593
1790325781.455777079,Uninterrupted_Baseline,593
1790325781.531804327,Uninterrupted_Baseline,594
1790325781.613632572,Uninterrupted_Baseline,594
1790325793.849539961,Phase1_Baseline,10
1790325793.926412375,Phase1_Baseline,10
1790325794.003458735,Phase1_Baseline,20
1790325794.092493672,Phase1_Baseline,20
1790325794.181686507,Phase1_Baseline,40
1790325794.255884197,Phase1_Baseline,40
1790325794.328053783,Phase1_Baseline,80
1790325794.398174280,Phase1_Baseline,80
1790325794.481773372,Phase1_Baseline,160
1790325794.554997526,Phase1_Baseline,160
1790325794.612041113,Phase1_Baseline,160
1790325794.678536567,Phase1_Baseline,320
1790325794.743467390,Phase1_Baseline,320
1790325794.812837222,Phase1_Baseline,474
1790325794.879228393,Phase1_Baseline,640
1790325794.957037222,Phase1_Baseline,740
1790325795.037304036,Phase1_Baseline,1056
1790325795.105985988,Phase1_Baseline,954
1790325795.174201985,Phase1_Baseline,808
1790325795.258639310,Phase1_Baseline,621
1790325795.336518748,Phase1_Baseline,540
1790325795.414074028,Phase1_Baseline,497
1790325795.495119320,Phase1_Baseline,362
1790325795.591326182,Phase1_Baseline,270
1790325795.660170252,Phase1_Baseline,270
1790325795.735842284,Phase1_Baseline,271
1790325795.821782640,Phase1_Baseline,271
1790325795.913311771,Phase1_Baseline,272
1790325795.991537860,Phase1_Baseline,272
1790325796.075384279,Phase1_Baseline,273
1790325796.160509548,Phase1_Baseline,273
1790325796.226616015,Phase1_Baseline,274
1790325796.309990040,Phase1_Baseline,274
1790325796.373417341,Phase1_Baseline,275
1790325796.453854776,Phase1_Baseline,275
1790325796.532867378,Phase1_Baseline,276
1790325796.617865423,Phase1_Baseline,276
1790325796.702309821,Phase1_Baseline,277
1790325796.785449085,Phase1_Baseline,277
1790325796.868689825,Phase1_Baseline,278
1790325796.942174620,Phase1_Baseline,278
1790325797.024210089,Phase1_Baseline,279
1790325797.110202249,Phase1_Baseline,279
1790325797.195546717,Phase1_Baseline,280
1790325797.276606802,Phase1_Baseline,280
1790325797.358918196,Phase1_Baseline,280
1790325797.417574797,Phase1_Baseline,281
1790325797.483384901,Phase1_Baseline,281
1790325797.553689278,Phase1_Baseline,282
1790325797.628246941,Phase1_Baseline,282
1790325797.713106231,Phase1_Baseline,283
1790325797.784556699,Phase1_Baseline,283
1790325797.859453396,Phase1_Baseline,283
1790325797.933133907,Phase1_Baseline,284
1790325798.015234714,Phase1_Baseline,284
1790325798.074827080,Phase1_Baseline,285
1790325798.129778780,Phase1_Baseline,285
1790325798.186297276,Phase1_Baseline,285
1790325798.253922039,Phase1_Baseline,286
1790325798.329755605,Phase1_Baseline,286
1790325798.408163609,Phase1_Baseline,287
1790325798.457827141,Phase1_Baseline,287
1790325798.506827494,Phase1_Baseline,287
1790325798.569432470,Phase1_Baseline,288
1790325798.624522282,Phase1_Baseline,288
1790325798.704245465,Phase1_Baseline,289
1790325798.781966371,Phase1_Baseline,289
1790325798.865445179,Phase1_Baseline,289
1790325798.950701906,Phase1_Baseline,290
1790325799.028997377,Phase1_Baseline,290
1790325799.107255161,Phase1_Baseline,291
1790325799.170017989,Phase1_Baseline,291
1790325799.227912300,Phase1_Baseline,292
1790325799.286078704,Phase1_Baseline,292
1790325799.346693833,Phase1_Baseline,292
1790325799.426845292,Phase1_Baseline,293
1790325799.509344137,Phase1_Baseline,293
1790325799.583571752,Phase1_Baseline,294
1790325799.666018982,Phase1_Baseline,294
1790325799.747073112,Phase1_Baseline,295
1790325799.829992175,Phase1_Baseline,295
1790325799.912376481,Phase1_Baseline,296
1790325799.991171315,Phase1_Baseline,296
1790325800.076479707,Phase1_Baseline,297
1790325800.149396986,Phase1_Baseline,297
1790325800.234639113,Phase1_Baseline,298
1790325800.319969910,Phase1_Baseline,298
1790325800.380790616,Phase1_Baseline,298
1790325800.463495006,Phase1_Baseline,299
1790325800.541135048,Phase1_Baseline,299
1790325800.623776478,Phase1_Baseline,300
1790325800.696088147,Phase1_Baseline,300
1790325800.782623297,Phase1_Baseline,301
1790325800.854420627,Phase1_Baseline,301
1790325800.925801200,Phase1_Baseline,302
1790325801.006055672,Phase1_Baseline,302
1790325801.091576617,Phase1_Baseline,303
1790325801.174526008,Phase1_Baseline,303
1790325801.255417267,Phase1_Baseline,303
1790325801.337294982,Phase1_Baseline,304
1790325801.396401856,Phase1_Baseline,304
1790325801.474817157,Phase1_Baseline,305
1790325801.558399007,Phase1_Baseline,305
1790325801.633694923,Phase1_Baseline,306
1790325801.714704759,Phase1_Baseline,306
1790325801.798468182,Phase1_Baseline,307
1790325801.872884554,Phase1_Baseline,307
1790325801.933358748,Phase1_Baseline,307
1790325802.005924276,Phase1_Baseline,308
1790325802.087636115,Phase1_Baseline,308
1790325802.158297113,Phase1_Baseline,309
1790325802.244190937,Phase1_Baseline,309
1790325802.326830357,Phase1_Baseline,310
1790325802.402702909,Phase1_Baseline,310
1790325802.484793111,Phase1_Baseline,311
1790325802.569589894,Phase1_Baseline,311
1790325802.653120944,Phase1_Baseline,312
1790325802.722610235,Phase1_Baseline,312
1790325802.795617898,Phase1_Baseline,313
1790325802.861675874,Phase1_Baseline,313
1790325802.933151197,Phase1_Baseline,313
1790325803.008638071,Phase1_Baseline,314
1790325803.068326796,Phase1_Baseline,314
1790325803.131705744,Phase1_Baseline,314
1790325803.206869192,Phase1_Baseline,315
1790325803.288341626,Phase1_Baseline,315
1790325803.377128652,Phase1_Baseline,316
1790325803.461599845,Phase1_Baseline,316
1790325803.537868151,Phase1_Baseline,317
1790325803.624147386,Phase1_Baseline,317
1790325803.706284844,Phase1_Baseline,318
1790325803.786695470,Phase1_Baseline,318
1790325803.857700660,Phase1_Baseline,319
1790325803.927364026,Phase1_Baseline,319
1790325803.989375063,Phase1_Baseline,320
1790325804.063228129,Phase1_Baseline,320
1790325804.128869792,Phase1_Baseline,320
1790325804.212567379,Phase1_Baseline,321
1790325804.288239500,Phase1_Baseline,321
1790325804.369973300,Phase1_Baseline,322
1790325804.446845812,Phase1_Baseline,322
1790325804.530817871,Phase1_Baseline,323
1790325804.618703522,Phase1_Baseline,323
1790325804.698881485,Phase1_Baseline,324
1790325804.786517522,Phase1_Baseline,324
1790325804.860110320,Phase1_Baseline,325
1790325804.935176643,Phase1_Baseline,325
1790325805.008170291,Phase1_Baseline,326
1790325805.089593332,Phase1_Baseline,326
1790325805.169039602,Phase1_Baseline,326
1790325805.261765870,Phase1_Baseline,327
1790325805.315937052,Phase1_Baseline,327
1790325805.384286208,Phase1_Baseline,328
1790325805.466173617,Phase1_Baseline,328
1790325805.551700136,Phase1_Baseline,329
1790325805.634916317,Phase1_Baseline,329
1790325805.717790757,Phase1_Baseline,330
1790325805.783386990,Phase1_Baseline,330
1790325805.861257724,Phase1_Baseline,330
1790325805.920431221,Phase1_Baseline,331
1790325805.995925386,Phase1_Baseline,331
1790325806.076911972,Phase1_Baseline,332
1790325806.161068542,Phase1_Baseline,332
1790325806.243512126,Phase1_Baseline,333
1790325806.321891340,Phase1_Baseline,333
1790325806.406497573,Phase1_Baseline,334
1790325806.487618902,Phase1_Baseline,334
1790325806.574458871,Phase1_Baseline,334
1790325806.654160554,Phase1_Baseline,335
1790325806.732379853,Phase1_Baseline,335
1790325806.806959732,Phase1_Baseline,336
1790325806.878141792,Phase1_Baseline,336
1790325806.957021782,Phase1_Baseline,337
1790325807.047997154,Phase1_Baseline,337
1790325807.131501738,Phase1_Baseline,338
1790325807.209024397,Phase1_Baseline,338
1790325807.282565154,Phase1_Baseline,339
1790325807.364368307,Phase1_Baseline,339
1790325807.448770430,Phase1_Baseline,340
1790325807.534100989,Phase1_Baseline,340
1790325807.608575704,Phase1_Baseline,340
1790325807.692480880,Phase1_Baseline,341
1790325807.757923167,Phase1_Baseline,341
1790325807.841361511,Phase1_Baseline,342
1790325807.921894607,Phase1_Baseline,342
1790325807.987553989,Phase1_Baseline,343
1790325808.062297450,Phase1_Baseline,343
1790325808.141507679,Phase1_Baseline,343
1790325808.222115597,Phase1_Baseline,344
1790325808.293242098,Phase1_Baseline,344
1790325808.352764033,Phase1_Baseline,345
1790325808.418291282,Phase1_Baseline,345
1790325808.468363367,Phase1_Baseline,345
1790325808.522499050,Phase1_Baseline,346
1790325808.580401974,Phase1_Baseline,346
1790325808.634073260,Phase1_Baseline,346
1790325808.715474797,Phase1_Baseline,347
1790325808.777817327,Phase1_Baseline,347
1790325808.854242307,Phase1_Baseline,348
1790325808.939878398,Phase1_Baseline,348
1790325809.017994051,Phase1_Baseline,348
1790325809.081639970,Phase1_Baseline,349
1790325809.160793171,Phase1_Baseline,349
1790325809.226097507,Phase1_Baseline,350
1790325809.284139843,Phase1_Baseline,350
1790325809.345913156,Phase1_Baseline,350
1790325809.424169310,Phase1_Baseline,351
1790325809.510091077,Phase1_Baseline,351
1790325809.593495072,Phase1_Baseline,352
1790325809.675761299,Phase1_Baseline,352
1790325809.758288195,Phase1_Baseline,353
1790325809.840444042,Phase1_Baseline,353
1790325809.918128839,Phase1_Baseline,354
1790325809.998465618,Phase1_Baseline,354
1790325810.073544813,Phase1_Baseline,355
1790325810.154231851,Phase1_Baseline,355
1790325810.237269472,Phase1_Baseline,356
1790325810.320252022,Phase1_Baseline,356
1790325810.399438740,Phase1_Baseline,357
1790325810.487417457,Phase1_Baseline,357
1790325810.557615863,Phase1_Baseline,357
1790325810.625128493,Phase1_Baseline,358
1790325810.710066456,Phase1_Baseline,358
1790325810.794285139,Phase1_Baseline,359
1790325810.868243664,Phase1_Baseline,359
1790325810.940893060,Phase1_Baseline,360
1790325811.023984188,Phase1_Baseline,360
1790325811.111395095,Phase1_Baseline,361
1790325811.191059092,Phase1_Baseline,361
1790325811.271406357,Phase1_Baseline,362
1790325811.351019944,Phase1_Baseline,362
1790325811.422071815,Phase1_Baseline,362
1790325811.487984932,Phase1_Baseline,363
1790325811.565847016,Phase1_Baseline,363
1790325811.645490909,Phase1_Baseline,364
1790325811.714910621,Phase1_Baseline,364
1790325811.794080627,Phase1_Baseline,365
1790325811.877796125,Phase1_Baseline,365
1790325811.953357830,Phase1_Baseline,366
1790325812.035865110,Phase1_Baseline,366
1790325812.122497372,Phase1_Baseline,367
1790325812.196416390,Phase1_Baseline,367
1790325812.274882793,Phase1_Baseline,367
1790325812.355140446,Phase1_Baseline,368
1790325812.426699912,Phase1_Baseline,368
1790325812.491211537,Phase1_Baseline,369
1790325812.565929622,Phase1_Baseline,369
1790325812.642511257,Phase1_Baseline,370
1790325812.716319897,Phase1_Baseline,370
1790325812.793326851,Phase1_Baseline,370
1790325812.861177163,Phase1_Baseline,371
1790325812.924254166,Phase1_Baseline,371
1790325812.987794663,Phase1_Baseline,372
1790325813.066848566,Phase1_Baseline,372
1790325813.146408627,Phase1_Baseline,372
1790325813.226436682,Phase1_Baseline,373
1790325813.309460599,Phase1_Baseline,373
1790325813.393458468,Phase1_Baseline,374
1790325813.483408149,Phase1_Baseline,374
1790325813.563476876,Phase1_Baseline,375
1790325813.644861685,Phase1_Baseline,375
1790325813.728270732,Phase1_Baseline,376
1790325813.810327586,Phase1_Baseline,376
1790325813.877061089,Phase1_Baseline,377
1790325813.940430793,Phase1_Baseline,377
1790325814.001048668,Phase1_Baseline,377
1790325814.079953508,Phase1_Baseline,378
1790325814.158329189,Phase1_Baseline,378
1790325814.236167109,Phase1_Baseline,379
1790325814.317106267,Phase1_Baseline,379
1790325814.396551549,Phase1_Baseline,380
1790325814.477308821,Phase1_Baseline,380
1790325814.553830386,Phase1_Baseline,381
1790325814.626220687,Phase1_Baseline,381
1790325814.709034000,Phase1_Baseline,381
1790325814.784391477,Phase1_Baseline,382
1790325814.863443063,Phase1_Baseline,382
1790325814.940044726,Phase1_Baseline,383
1790325815.019232437,Phase1_Baseline,383
1790325815.107984615,Phase1_Baseline,384
1790325815.192576139,Phase1_Baseline,384
1790325815.265869122,Phase1_Baseline,385
1790325815.336550377,Phase1_Baseline,385
1790325815.413092001,Phase1_Baseline,385
1790325815.492074281,Phase1_Baseline,386
1790325815.576583370,Phase1_Baseline,386
1790325815.647999114,Phase1_Baseline,387
1790325815.737960730,Phase1_Baseline,387
1790325815.816830913,Phase1_Baseline,388
1790325815.898359040,Phase1_Baseline,388
1790325815.984857650,Phase1_Baseline,389
1790325816.067957726,Phase1_Baseline,389
1790325816.132817794,Phase1_Baseline,390
1790325816.218121657,Phase1_Baseline,390
1790325816.294412288,Phase1_Baseline,391
1790325816.368962489,Phase1_Baseline,391
1790325816.434545820,Phase1_Baseline,391
1790325816.514797312,Phase1_Baseline,392
1790325816.595207496,Phase1_Baseline,392
1790325816.671036382,Phase1_Baseline,393
1790325816.753193438,Phase1_Baseline,393
1790325816.837110601,Phase1_Baseline,394
1790325816.923097251,Phase1_Baseline,394
1790325817.004905823,Phase1_Baseline,395
1790325817.084093857,Phase1_Baseline,395
1790325817.158581179,Phase1_Baseline,396
1790325817.241227676,Phase1_Baseline,396
1790325817.320438270,Phase1_Baseline,397
1790325817.401513211,Phase1_Baseline,397
1790325817.482372985,Phase1_Baseline,398
1790325817.562453142,Phase1_Baseline,398
1790325817.641394187,Phase1_Baseline,398
1790325817.729423600,Phase1_Baseline,399
1790325817.812213114,Phase1_Baseline,399
1790325817.897236092,Phase1_Baseline,400
1790325817.979133328,Phase1_Baseline,400
1790325818.041290356,Phase1_Baseline,401
1790325818.094591764,Phase1_Baseline,401
1790325818.172105286,Phase1_Baseline,401
1790325818.254264075,Phase1_Baseline,402
1790325818.332309911,Phase1_Baseline,402
1790325818.406526350,Phase1_Baseline,403
1790325818.456501778,Phase1_Baseline,403
1790325818.506671852,Phase1_Baseline,403
1790325818.564866415,Phase1_Baseline,404
1790325818.616071814,Phase1_Baseline,404
1790325818.685174366,Phase1_Baseline,404
1790325818.743812354,Phase1_Baseline,405
1790325818.828478930,Phase1_Baseline,405
1790325818.911071532,Phase1_Baseline,406
1790325818.992146004,Phase1_Baseline,406
1790325819.067448083,Phase1_Baseline,407
1790325819.129136366,Phase1_Baseline,407
1790325819.189681737,Phase1_Baseline,407
1790325819.264247474,Phase1_Baseline,408
1790325819.347926277,Phase1_Baseline,408
1790325819.437355553,Phase1_Baseline,409
1790325819.518283569,Phase1_Baseline,409
1790325819.590118905,Phase1_Baseline,410
1790325819.674316872,Phase1_Baseline,410
1790325819.749460201,Phase1_Baseline,411
1790325819.828715314,Phase1_Baseline,411
1790325819.913637209,Phase1_Baseline,411
1790325819.998086948,Phase1_Baseline,412
1790325820.087429753,Phase1_Baseline,412
1790325820.161403401,Phase1_Baseline,413
1790325820.239170055,Phase1_Baseline,413
1790325820.312003843,Phase1_Baseline,414
1790325820.387158720,Phase1_Baseline,414
1790325820.451864274,Phase1_Baseline,415
1790325820.530297094,Phase1_Baseline,415
1790325820.594479935,Phase1_Baseline,415
1790325820.659418815,Phase1_Baseline,416
1790325820.728440951,Phase1_Baseline,416
1790325820.799153596,Phase1_Baseline,416
1790325820.865506001,Phase1_Baseline,417
1790325820.938396143,Phase1_Baseline,417
1790325821.019337362,Phase1_Baseline,418
1790325821.098400611,Phase1_Baseline,418
1790325821.182328273,Phase1_Baseline,419
1790325821.263957929,Phase1_Baseline,419
1790325821.346545450,Phase1_Baseline,420
1790325821.416195127,Phase1_Baseline,420
1790325821.496684858,Phase1_Baseline,421
1790325821.579107872,Phase1_Baseline,421
1790325821.661024955,Phase1_Baseline,421
1790325821.743432840,Phase1_Baseline,422
1790325821.825937671,Phase1_Baseline,422
1790325821.903591718,Phase1_Baseline,423
1790325821.990242509,Phase1_Baseline,423
1790325822.074397124,Phase1_Baseline,424
1790325822.159823778,Phase1_Baseline,424
1790325822.247946997,Phase1_Baseline,425
1790325822.323619111,Phase1_Baseline,425
1790325822.403621043,Phase1_Baseline,426
1790325822.469310212,Phase1_Baseline,426
1790325822.519819657,Phase1_Baseline,426
1790325822.573397849,Phase1_Baseline,427
1790325822.637133086,Phase1_Baseline,427
1790325822.714076006,Phase1_Baseline,428
1790325822.790991345,Phase1_Baseline,428
1790325822.867614888,Phase1_Baseline,428
1790325822.951055736,Phase1_Baseline,429
1790325823.016273358,Phase1_Baseline,429
1790325823.098356382,Phase1_Baseline,430
1790325823.166332854,Phase1_Baseline,430
1790325823.235084498,Phase1_Baseline,431
1790325823.315282189,Phase1_Baseline,431
1790325823.398303526,Phase1_Baseline,432
1790325823.483407231,Phase1_Baseline,432
1790325823.560994993,Phase1_Baseline,432
1790325823.630204104,Phase1_Baseline,433
1790325823.708688473,Phase1_Baseline,433
1790325823.788301099,Phase1_Baseline,434
1790325823.865925597,Phase1_Baseline,434
1790325823.952473417,Phase1_Baseline,435
1790325824.033074338,Phase1_Baseline,435
1790325824.116827285,Phase1_Baseline,436
1790325824.198758560,Phase1_Baseline,436
1790325824.274344259,Phase1_Baseline,437
1790325824.354631346,Phase1_Baseline,437
1790325824.434201907,Phase1_Baseline,437
1790325824.499881885,Phase1_Baseline,438
1790325824.567079628,Phase1_Baseline,438
1790325824.648804189,Phase1_Baseline,439
1790325824.727405623,Phase1_Baseline,439
1790325824.799173689,Phase1_Baseline,440
1790325824.871614837,Phase1_Baseline,440
1790325824.941144003,Phase1_Baseline,440
1790325825.022483076,Phase1_Baseline,441
1790325825.104266707,Phase1_Baseline,441
1790325825.177609632,Phase1_Baseline,442
1790325825.230632708,Phase1_Baseline,442
1790325825.284597774,Phase1_Baseline,442
1790325825.348877889,Phase1_Baseline,443
1790325825.409810949,Phase1_Baseline,443
1790325825.485110179,Phase1_Baseline,444
1790325825.566871877,Phase1_Baseline,444
1790325825.649914607,Phase1_Baseline,445
1790325825.733243365,Phase1_Baseline,445
1790325825.811162705,Phase1_Baseline,445
1790325825.888384249,Phase1_Baseline,446
1790325825.976908123,Phase1_Baseline,446
1790325826.057193741,Phase1_Baseline,447
1790325826.134584292,Phase1_Baseline,447
1790325826.207640060,Phase1_Baseline,448
1790325826.280351289,Phase1_Baseline,448
1790325826.345945498,Phase1_Baseline,449
1790325826.421536192,Phase1_Baseline,449
1790325826.500348702,Phase1_Baseline,449
1790325826.579813332,Phase1_Baseline,450
1790325826.658414424,Phase1_Baseline,450
1790325826.737367740,Phase1_Baseline,451
1790325826.818286712,Phase1_Baseline,451
1790325826.888189275,Phase1_Baseline,452
1790325826.971682837,Phase1_Baseline,452
1790325827.052800059,Phase1_Baseline,453
1790325827.134873465,Phase1_Baseline,453
1790325827.218048673,Phase1_Baseline,454
1790325827.282290441,Phase1_Baseline,454
1790325827.362803946,Phase1_Baseline,454
1790325827.446019124,Phase1_Baseline,455
1790325827.533568252,Phase1_Baseline,455
1790325827.614791283,Phase1_Baseline,456
1790325827.693611734,Phase1_Baseline,456
1790325827.775105580,Phase1_Baseline,457
1790325827.860526341,Phase1_Baseline,457
1790325827.935975240,Phase1_Baseline,458
1790325828.012975695,Phase1_Baseline,458
1790325828.077376793,Phase1_Baseline,458
1790325828.133916761,Phase1_Baseline,459
1790325828.213429713,Phase1_Baseline,459
1790325830.841619514,Phase2_Migrated,10
1790325830.946149410,Phase2_Migrated,10
1790325831.039989455,Phase2_Migrated,10
1790325831.126204027,Phase2_Migrated,20
1790325831.218292068,Phase2_Migrated,20
1790325831.310292859,Phase2_Migrated,40
1790325831.402590739,Phase2_Migrated,40
1790325831.495782897,Phase2_Migrated,80
1790325831.588181792,Phase2_Migrated,80
1790325831.684593500,Phase2_Migrated,160
1790325831.779809187,Phase2_Migrated,239
1790325831.874971014,Phase2_Migrated,320
1790325831.976535664,Phase2_Migrated,546
1790325832.068412814,Phase2_Migrated,640
1790325832.149993183,Phase2_Migrated,927
1790325832.243356979,Phase2_Migrated,993
1790325832.340636827,Phase2_Migrated,807
1790325832.421368836,Phase2_Migrated,616
1790325832.512972217,Phase2_Migrated,548
1790325832.608856321,Phase2_Migrated,548
1790325832.704880795,Phase2_Migrated,365
1790325832.797835746,Phase2_Migrated,274
1790325832.889878778,Phase2_Migrated,274
1790325832.984111261,Phase2_Migrated,275
1790325833.079926449,Phase2_Migrated,275
1790325833.174350930,Phase2_Migrated,276
1790325833.263939266,Phase2_Migrated,277
1790325833.352811807,Phase2_Migrated,277
1790325833.444333934,Phase2_Migrated,278
1790325833.535444937,Phase2_Migrated,278
1790325833.627911986,Phase2_Migrated,279
1790325833.723637831,Phase2_Migrated,279
1790325833.808836616,Phase2_Migrated,280
1790325833.874593055,Phase2_Migrated,280
1790325833.931101656,Phase2_Migrated,281
1790325833.994708883,Phase2_Migrated,281
1790325834.072838908,Phase2_Migrated,281
1790325834.144584740,Phase2_Migrated,282
1790325834.232171080,Phase2_Migrated,282
1790325834.327339186,Phase2_Migrated,283
1790325834.422935342,Phase2_Migrated,284
1790325834.520160765,Phase2_Migrated,284
1790325834.619028891,Phase2_Migrated,285
1790325834.710782341,Phase2_Migrated,285
1790325834.815570734,Phase2_Migrated,286
1790325834.890181745,Phase2_Migrated,286
1790325834.992089573,Phase2_Migrated,287
1790325835.082410151,Phase2_Migrated,288
1790325835.171954099,Phase2_Migrated,288
1790325835.269209302,Phase2_Migrated,289
1790325835.362311437,Phase2_Migrated,289
1790325835.457993530,Phase2_Migrated,290
1790325835.557249441,Phase2_Migrated,290
1790325835.652917118,Phase2_Migrated,291
1790325835.720135217,Phase2_Migrated,291
1790325835.815070440,Phase2_Migrated,292
1790325835.911101690,Phase2_Migrated,292
1790325836.006597114,Phase2_Migrated,293
1790325836.104883465,Phase2_Migrated,294
1790325836.200635894,Phase2_Migrated,294
1790325836.284985610,Phase2_Migrated,295
1790325836.375294587,Phase2_Migrated,295
1790325836.473645404,Phase2_Migrated,296
1790325836.568890625,Phase2_Migrated,296
1790325836.663111313,Phase2_Migrated,297
1790325836.754471848,Phase2_Migrated,298
1790325836.850436733,Phase2_Migrated,298
1790325836.944206756,Phase2_Migrated,299
1790325837.039809709,Phase2_Migrated,299
1790325837.114509517,Phase2_Migrated,300
1790325837.184765617,Phase2_Migrated,300
1790325837.266372861,Phase2_Migrated,300
1790325837.351930984,Phase2_Migrated,301
1790325837.443611512,Phase2_Migrated,302
1790325837.540232398,Phase2_Migrated,302
1790325837.635556487,Phase2_Migrated,303
1790325837.728074973,Phase2_Migrated,303
1790325837.825406406,Phase2_Migrated,304
1790325837.920825980,Phase2_Migrated,304
1790325838.015193896,Phase2_Migrated,305
1790325838.082339568,Phase2_Migrated,305
1790325838.153488251,Phase2_Migrated,306
1790325838.247567560,Phase2_Migrated,306
1790325838.308414639,Phase2_Migrated,307
1790325838.399759005,Phase2_Migrated,307
1790325838.457230582,Phase2_Migrated,308
1790325838.531391029,Phase2_Migrated,308
1790325838.609467503,Phase2_Migrated,308
1790325838.691064294,Phase2_Migrated,309
1790325838.777992953,Phase2_Migrated,309
1790325838.871419474,Phase2_Migrated,310
1790325838.959539256,Phase2_Migrated,311
1790325839.050532563,Phase2_Migrated,311
1790325839.143587508,Phase2_Migrated,312
1790325839.215954235,Phase2_Migrated,312
1790325839.298493427,Phase2_Migrated,312
1790325839.390978818,Phase2_Migrated,313
1790325839.481801164,Phase2_Migrated,314
1790325839.573201473,Phase2_Migrated,314
1790325839.659251916,Phase2_Migrated,315
1790325839.735479406,Phase2_Migrated,315
1790325839.797328984,Phase2_Migrated,315
1790325839.879886580,Phase2_Migrated,316
1790325839.970102312,Phase2_Migrated,316
1790325840.060556158,Phase2_Migrated,317
1790325840.154393233,Phase2_Migrated,318
1790325840.247336587,Phase2_Migrated,318
1790325840.341273473,Phase2_Migrated,319
1790325840.433171653,Phase2_Migrated,319
1790325840.523075603,Phase2_Migrated,320
1790325840.608576463,Phase2_Migrated,320
1790325840.707616976,Phase2_Migrated,321
1790325840.801049771,Phase2_Migrated,321
1790325840.889977372,Phase2_Migrated,322
1790325840.983645281,Phase2_Migrated,322
1790325841.080135084,Phase2_Migrated,323
1790325841.174194161,Phase2_Migrated,323
1790325841.253011481,Phase2_Migrated,324
1790325841.329548103,Phase2_Migrated,324
1790325841.405836503,Phase2_Migrated,325
1790325841.486964505,Phase2_Migrated,325
1790325841.586203127,Phase2_Migrated,326
1790325841.646174128,Phase2_Migrated,326
1790325841.719306388,Phase2_Migrated,327
1790325841.807414530,Phase2_Migrated,327
1790325841.904017597,Phase2_Migrated,328
1790325841.991162122,Phase2_Migrated,328
1790325842.073835123,Phase2_Migrated,329
1790325842.134422581,Phase2_Migrated,329
1790325842.214638133,Phase2_Migrated,329
1790325842.302298175,Phase2_Migrated,330
1790325842.381399086,Phase2_Migrated,330
1790325842.475842849,Phase2_Migrated,331
1790325842.571044291,Phase2_Migrated,332
1790325842.667527253,Phase2_Migrated,332
1790325842.761035828,Phase2_Migrated,333
1790325842.853589489,Phase2_Migrated,333
1790325842.952503870,Phase2_Migrated,334
1790325843.022988241,Phase2_Migrated,334
1790325843.099783436,Phase2_Migrated,335
1790325843.191334727,Phase2_Migrated,335
1790325843.271453099,Phase2_Migrated,335
1790325843.350352694,Phase2_Migrated,336
1790325843.441427866,Phase2_Migrated,336
1790325843.528353629,Phase2_Migrated,337
1790325843.618997712,Phase2_Migrated,338
1790325843.711346707,Phase2_Migrated,338
1790325843.800760738,Phase2_Migrated,339
1790325843.879544792,Phase2_Migrated,339
1790325843.967785340,Phase2_Migrated,340
1790325844.057240152,Phase2_Migrated,340
1790325844.158112024,Phase2_Migrated,341
1790325844.245428977,Phase2_Migrated,341
1790325844.327329889,Phase2_Migrated,342
1790325844.413535705,Phase2_Migrated,342
1790325844.500202524,Phase2_Migrated,343
1790325844.581041059,Phase2_Migrated,343
1790325844.669575882,Phase2_Migrated,344
1790325844.750938147,Phase2_Migrated,344
1790325844.836323962,Phase2_Migrated,344
1790325844.917682189,Phase2_Migrated,345
1790325844.997205913,Phase2_Migrated,345
1790325845.080431393,Phase2_Migrated,346
1790325845.160073257,Phase2_Migrated,346
1790325845.245962014,Phase2_Migrated,347
1790325845.335619008,Phase2_Migrated,347
1790325845.429886945,Phase2_Migrated,348
1790325845.524991522,Phase2_Migrated,349
1790325845.620606272,Phase2_Migrated,349
1790325845.716317355,Phase2_Migrated,350
1790325845.809080268,Phase2_Migrated,350
1790325845.899082800,Phase2_Migrated,351
1790325845.989556321,Phase2_Migrated,351
1790325846.083044206,Phase2_Migrated,352
1790325846.176976842,Phase2_Migrated,352
1790325846.271565476,Phase2_Migrated,353
1790325846.350630394,Phase2_Migrated,353
1790325846.430749017,Phase2_Migrated,354
1790325846.522613706,Phase2_Migrated,354
1790325846.618800237,Phase2_Migrated,355
1790325846.717477177,Phase2_Migrated,355
1790325846.810214384,Phase2_Migrated,356
1790325846.874825834,Phase2_Migrated,356
1790325846.967338239,Phase2_Migrated,357
1790325847.058595143,Phase2_Migrated,357
1790325847.150565004,Phase2_Migrated,358
1790325847.236264830,Phase2_Migrated,358
1790325847.328520592,Phase2_Migrated,359
1790325847.421030759,Phase2_Migrated,359
1790325847.520864306,Phase2_Migrated,360
1790325847.617528483,Phase2_Migrated,361
1790325847.717981325,Phase2_Migrated,361
1790325847.815391260,Phase2_Migrated,362
1790325847.911316942,Phase2_Migrated,362
1790325848.005353138,Phase2_Migrated,363
1790325848.088300064,Phase2_Migrated,363
1790325848.150117561,Phase2_Migrated,364
1790325848.224204950,Phase2_Migrated,364
1790325848.301587879,Phase2_Migrated,364
1790325848.379619088,Phase2_Migrated,365
1790325848.441526853,Phase2_Migrated,365
1790325848.498962169,Phase2_Migrated,366
1790325848.560420810,Phase2_Migrated,366
1790325848.637561056,Phase2_Migrated,366
1790325848.711843917,Phase2_Migrated,367
1790325848.797152410,Phase2_Migrated,367
1790325848.888963302,Phase2_Migrated,368
1790325848.963586212,Phase2_Migrated,368
1790325849.049217947,Phase2_Migrated,369
1790325849.139284119,Phase2_Migrated,369
1790325849.206549650,Phase2_Migrated,370
1790325849.281473396,Phase2_Migrated,370
1790325849.367116568,Phase2_Migrated,371
1790325849.456458959,Phase2_Migrated,371
1790325849.546195969,Phase2_Migrated,372
1790325849.645489544,Phase2_Migrated,372
1790325849.738978340,Phase2_Migrated,373
1790325849.816099873,Phase2_Migrated,373
1790325849.909393706,Phase2_Migrated,374
1790325849.995301120,Phase2_Migrated,374
1790325850.091810030,Phase2_Migrated,375
1790325850.186198077,Phase2_Migrated,375
1790325850.282194876,Phase2_Migrated,376
1790325850.375368565,Phase2_Migrated,376
1790325850.467770465,Phase2_Migrated,377
1790325850.555072004,Phase2_Migrated,377
1790325850.626451289,Phase2_Migrated,378
1790325850.718796753,Phase2_Migrated,378
1790325850.809633923,Phase2_Migrated,379
1790325850.911014438,Phase2_Migrated,379
1790325851.005021144,Phase2_Migrated,380
1790325851.103292925,Phase2_Migrated,381
1790325851.205840444,Phase2_Migrated,381
1790325851.298642387,Phase2_Migrated,382
1790325851.383125406,Phase2_Migrated,382
1790325851.472684559,Phase2_Migrated,383
1790325851.560542700,Phase2_Migrated,383
1790325851.655342962,Phase2_Migrated,384
1790325851.746931710,Phase2_Migrated,384
1790325851.841173143,Phase2_Migrated,385
1790325851.934765533,Phase2_Migrated,385
1790325852.026426681,Phase2_Migrated,386
1790325852.114150753,Phase2_Migrated,386
1790325852.204894875,Phase2_Migrated,387
1790325852.297624458,Phase2_Migrated,387
1790325852.391984538,Phase2_Migrated,388
1790325852.466441210,Phase2_Migrated,388
1790325852.556416761,Phase2_Migrated,389
1790325852.645372033,Phase2_Migrated,389
1790325852.741920607,Phase2_Migrated,390
1790325852.841017853,Phase2_Migrated,391
1790325852.922447282,Phase2_Migrated,391
1790325853.018100903,Phase2_Migrated,392
1790325853.114883418,Phase2_Migrated,392
1790325853.202356442,Phase2_Migrated,393
1790325853.294451240,Phase2_Migrated,393
1790325853.387113793,Phase2_Migrated,394
1790325853.477403656,Phase2_Migrated,394
1790325853.568930803,Phase2_Migrated,395
1790325853.665453048,Phase2_Migrated,395
1790325853.751816326,Phase2_Migrated,396
1790325853.839207815,Phase2_Migrated,396
1790325853.917199296,Phase2_Migrated,397
1790325854.010246784,Phase2_Migrated,397
1790325854.104955425,Phase2_Migrated,398
1790325854.197628869,Phase2_Migrated,398
1790325854.292932921,Phase2_Migrated,399
1790325854.385946568,Phase2_Migrated,400
1790325854.483535882,Phase2_Migrated,400
1790325854.585392338,Phase2_Migrated,401
1790325854.671602417,Phase2_Migrated,401
1790325854.773932143,Phase2_Migrated,402
1790325854.862793189,Phase2_Migrated,402
1790325854.935313833,Phase2_Migrated,403
1790325855.020396558,Phase2_Migrated,403
1790325855.115162034,Phase2_Migrated,404
1790325855.221090321,Phase2_Migrated,404
1790325855.317365268,Phase2_Migrated,405
1790325855.419902965,Phase2_Migrated,405
1790325855.521098725,Phase2_Migrated,406
1790325855.622063806,Phase2_Migrated,407
1790325855.704224547,Phase2_Migrated,407
1790325855.794519998,Phase2_Migrated,408
1790325855.887131485,Phase2_Migrated,408
1790325855.979448994,Phase2_Migrated,409
1790325856.072947700,Phase2_Migrated,409
1790325856.168375924,Phase2_Migrated,410
1790325856.272696752,Phase2_Migrated,410
1790325856.326974046,Phase2_Migrated,411
1790325856.396576179,Phase2_Migrated,411
1790325856.488061282,Phase2_Migrated,412
1790325856.580476418,Phase2_Migrated,412
1790325856.669864924,Phase2_Migrated,413
1790325856.761931055,Phase2_Migrated,413
1790325856.855866595,Phase2_Migrated,414
1790325856.947544404,Phase2_Migrated,414
1790325857.041757985,Phase2_Migrated,415
1790325857.132790758,Phase2_Migrated,415
1790325857.227062206,Phase2_Migrated,416
1790325857.318084491,Phase2_Migrated,416
1790325857.412983630,Phase2_Migrated,417
1790325857.504867306,Phase2_Migrated,417
1790325857.597467816,Phase2_Migrated,418
1790325857.694962805,Phase2_Migrated,419
1790325857.781199187,Phase2_Migrated,419
1790325857.872639497,Phase2_Migrated,420
1790325857.963472717,Phase2_Migrated,420
1790325858.055742224,Phase2_Migrated,421
1790325858.137797804,Phase2_Migrated,421
1790325858.232777807,Phase2_Migrated,422
1790325858.307933824,Phase2_Migrated,422
1790325858.401171525,Phase2_Migrated,423
1790325858.456027712,Phase2_Migrated,423
1790325858.511052877,Phase2_Migrated,423
1790325858.575308833,Phase2_Migrated,424
1790325858.636586237,Phase2_Migrated,424
1790325858.705643470,Phase2_Migrated,424
1790325858.795600695,Phase2_Migrated,425
1790325858.893693945,Phase2_Migrated,426
1790325858.998202347,Phase2_Migrated,426
1790325859.094349578,Phase2_Migrated,427
1790325859.166956801,Phase2_Migrated,427
1790325859.232501838,Phase2_Migrated,427
1790325859.316751740,Phase2_Migrated,428
1790325859.414626697,Phase2_Migrated,428
1790325859.510026131,Phase2_Migrated,429
1790325859.610303552,Phase2_Migrated,430
1790325859.705197877,Phase2_Migrated,430
1790325859.784744135,Phase2_Migrated,431
1790325859.878192231,Phase2_Migrated,431
1790325859.975757576,Phase2_Migrated,432
1790325860.073423132,Phase2_Migrated,432
1790325860.172923249,Phase2_Migrated,433
1790325860.271112821,Phase2_Migrated,433
1790325860.352915753,Phase2_Migrated,434
1790325860.433082680,Phase2_Migrated,434
1790325860.528742486,Phase2_Migrated,435
1790325860.618217422,Phase2_Migrated,435
1790325860.712250204,Phase2_Migrated,436
1790325860.805885960,Phase2_Migrated,436
1790325860.897464478,Phase2_Migrated,437
1790325860.990309801,Phase2_Migrated,438
1790325861.083603904,Phase2_Migrated,438
1790325861.186627212,Phase2_Migrated,439
1790325861.288822487,Phase2_Migrated,439
1790325861.378989845,Phase2_Migrated,440
1790325861.473399227,Phase2_Migrated,440
1790325861.561155488,Phase2_Migrated,441
1790325861.655739034,Phase2_Migrated,441
1790325861.748691970,Phase2_Migrated,442
1790325861.840878512,Phase2_Migrated,442
1790325861.936308796,Phase2_Migrated,443
1790325862.019797305,Phase2_Migrated,444
1790325862.115827271,Phase2_Migrated,444
1790325862.204515313,Phase2_Migrated,445
1790325862.293416811,Phase2_Migrated,445
1790325862.386854019,Phase2_Migrated,446
1790325862.475104010,Phase2_Migrated,446
1790325862.566960674,Phase2_Migrated,447
1790325862.661529931,Phase2_Migrated,447
1790325862.753244477,Phase2_Migrated,448
1790325862.846175349,Phase2_Migrated,448
1790325862.936809815,Phase2_Migrated,449
1790325863.033029922,Phase2_Migrated,449
1790325863.131376204,Phase2_Migrated,450
1790325863.221085833,Phase2_Migrated,450
1790325863.317554857,Phase2_Migrated,451
1790325863.402921418,Phase2_Migrated,451
1790325863.491372016,Phase2_Migrated,452
1790325863.587350275,Phase2_Migrated,453
1790325863.686182826,Phase2_Migrated,453
1790325863.785379427,Phase2_Migrated,454
1790325863.880858417,Phase2_Migrated,454
1790325863.972848953,Phase2_Migrated,455
1790325864.071149244,Phase2_Migrated,455
1790325864.170116931,Phase2_Migrated,456
1790325864.271783257,Phase2_Migrated,456
1790325864.363069990,Phase2_Migrated,457
1790325865.788166281,Uninterrupted_Baseline,1
1790325865.869195548,Uninterrupted_Baseline,1
1790325865.958474588,Uninterrupted_Baseline,1
1790325866.045449836,Uninterrupted_Baseline,1
1790325866.128369924,Uninterrupted_Baseline,1
1790325866.208541741,Uninterrupted_Baseline,1
1790325866.288959151,Uninterrupted_Baseline,1
1790325866.368325995,Uninterrupted_Baseline,1
1790325866.450618058,Uninterrupted_Baseline,1
1790325866.526300641,Uninterrupted_Baseline,1
1790325866.610281612,Uninterrupted_Baseline,1
1790325866.686294171,Uninterrupted_Baseline,1
1790325866.763285508,Uninterrupted_Baseline,1
1790325866.846812728,Uninterrupted_Baseline,1
1790325866.913549110,Uninterrupted_Baseline,1
1790325867.002068791,Uninterrupted_Baseline,1
1790325867.082205789,Uninterrupted_Baseline,1
1790325867.165788704,Uninterrupted_Baseline,1
1790325867.248855544,Uninterrupted_Baseline,1
1790325867.329903444,Uninterrupted_Baseline,1
1790325867.410348904,Uninterrupted_Baseline,1
1790325867.488997057,Uninterrupted_Baseline,1
1790325867.574953214,Uninterrupted_Baseline,1
1790325867.661250130,Uninterrupted_Baseline,1
1790325867.742394305,Uninterrupted_Baseline,1
1790325867.827334609,Uninterrupted_Baseline,1
1790325867.916213020,Uninterrupted_Baseline,1
1790325867.999990232,Uninterrupted_Baseline,1
1790325868.072076320,Uninterrupted_Baseline,1
1790325868.156859556,Uninterrupted_Baseline,1
1790325868.238611028,Uninterrupted_Baseline,1
1790325868.309267354,Uninterrupted_Baseline,10
1790325868.309267354,Uninterrupted_Baseline,1
1790325868.367977829,Uninterrupted_Baseline,10
1790325868.367977829,Uninterrupted_Baseline,1
1790325868.432512372,Uninterrupted_Baseline,10
1790325868.432512372,Uninterrupted_Baseline,1
1790325868.482846591,Uninterrupted_Baseline,20
1790325868.482846591,Uninterrupted_Baseline,1
1790325868.549691657,Uninterrupted_Baseline,20
1790325868.549691657,Uninterrupted_Baseline,1
1790325868.613958723,Uninterrupted_Baseline,40
1790325868.613958723,Uninterrupted_Baseline,1
1790325868.684071744,Uninterrupted_Baseline,40
1790325868.684071744,Uninterrupted_Baseline,1
1790325868.759580865,Uninterrupted_Baseline,40
1790325868.759580865,Uninterrupted_Baseline,1
1790325868.841061569,Uninterrupted_Baseline,80
1790325868.841061569,Uninterrupted_Baseline,1
1790325868.922218991,Uninterrupted_Baseline,80
1790325868.922218991,Uninterrupted_Baseline,1
1790325869.008990317,Uninterrupted_Baseline,160
1790325869.008990317,Uninterrupted_Baseline,1
1790325869.089481920,Uninterrupted_Baseline,164
1790325869.089481920,Uninterrupted_Baseline,1
1790325869.151599312,Uninterrupted_Baseline,320
1790325869.151599312,Uninterrupted_Baseline,1
1790325869.226369381,Uninterrupted_Baseline,320
1790325869.226369381,Uninterrupted_Baseline,1
1790325869.311852803,Uninterrupted_Baseline,604
1790325869.311852803,Uninterrupted_Baseline,1
1790325869.387915535,Uninterrupted_Baseline,640
1790325869.387915535,Uninterrupted_Baseline,1
1790325869.454336058,Uninterrupted_Baseline,835
1790325869.454336058,Uninterrupted_Baseline,1
1790325869.527324443,Uninterrupted_Baseline,1053
1790325869.527324443,Uninterrupted_Baseline,1
1790325869.613902637,Uninterrupted_Baseline,888
1790325869.613902637,Uninterrupted_Baseline,1
1790325869.700254204,Uninterrupted_Baseline,702
1790325869.700254204,Uninterrupted_Baseline,1
1790325869.769207738,Uninterrupted_Baseline,563
1790325869.769207738,Uninterrupted_Baseline,1
1790325869.829811126,Uninterrupted_Baseline,544
1790325869.829811126,Uninterrupted_Baseline,1
1790325869.894607324,Uninterrupted_Baseline,544
1790325869.894607324,Uninterrupted_Baseline,1
1790325869.971389084,Uninterrupted_Baseline,480
1790325869.971389084,Uninterrupted_Baseline,1
1790325870.046293964,Uninterrupted_Baseline,329
1790325870.046293964,Uninterrupted_Baseline,1
1790325870.132599445,Uninterrupted_Baseline,272
1790325870.132599445,Uninterrupted_Baseline,1
1790325870.214831909,Uninterrupted_Baseline,272
1790325870.214831909,Uninterrupted_Baseline,1
1790325870.299214051,Uninterrupted_Baseline,273
1790325870.299214051,Uninterrupted_Baseline,1
1790325870.381023734,Uninterrupted_Baseline,273
1790325870.381023734,Uninterrupted_Baseline,1
1790325870.465199574,Uninterrupted_Baseline,274
1790325870.465199574,Uninterrupted_Baseline,1
1790325870.545020902,Uninterrupted_Baseline,274
1790325870.545020902,Uninterrupted_Baseline,1
1790325870.629568337,Uninterrupted_Baseline,275
1790325870.629568337,Uninterrupted_Baseline,1
1790325870.705785751,Uninterrupted_Baseline,275
1790325870.705785751,Uninterrupted_Baseline,1
1790325870.791212859,Uninterrupted_Baseline,276
1790325870.791212859,Uninterrupted_Baseline,1
1790325870.868456967,Uninterrupted_Baseline,276
1790325870.868456967,Uninterrupted_Baseline,1
1790325870.944538979,Uninterrupted_Baseline,277
1790325870.944538979,Uninterrupted_Baseline,1
1790325871.025469834,Uninterrupted_Baseline,277
1790325871.025469834,Uninterrupted_Baseline,1
1790325871.110408266,Uninterrupted_Baseline,278
1790325871.110408266,Uninterrupted_Baseline,1
1790325871.194094422,Uninterrupted_Baseline,278
1790325871.194094422,Uninterrupted_Baseline,1
1790325871.277097630,Uninterrupted_Baseline,279
1790325871.277097630,Uninterrupted_Baseline,1
1790325871.361229866,Uninterrupted_Baseline,279
1790325871.361229866,Uninterrupted_Baseline,1
1790325871.447741805,Uninterrupted_Baseline,280
1790325871.447741805,Uninterrupted_Baseline,1
1790325871.536840723,Uninterrupted_Baseline,280
1790325871.536840723,Uninterrupted_Baseline,1
1790325871.623968501,Uninterrupted_Baseline,281
1790325871.623968501,Uninterrupted_Baseline,1
1790325871.700119625,Uninterrupted_Baseline,281
1790325871.700119625,Uninterrupted_Baseline,1
1790325871.777403138,Uninterrupted_Baseline,282
1790325871.777403138,Uninterrupted_Baseline,1
1790325871.854502691,Uninterrupted_Baseline,282
1790325871.854502691,Uninterrupted_Baseline,1
1790325871.941424662,Uninterrupted_Baseline,283
1790325871.941424662,Uninterrupted_Baseline,1
1790325872.017227548,Uninterrupted_Baseline,283
1790325872.017227548,Uninterrupted_Baseline,1
1790325872.103925641,Uninterrupted_Baseline,284
1790325872.103925641,Uninterrupted_Baseline,1
1790325872.187946513,Uninterrupted_Baseline,284
1790325872.187946513,Uninterrupted_Baseline,1
1790325872.270560711,Uninterrupted_Baseline,285
1790325872.270560711,Uninterrupted_Baseline,1
1790325872.351897249,Uninterrupted_Baseline,285
1790325872.351897249,Uninterrupted_Baseline,1
1790325872.434165747,Uninterrupted_Baseline,286
1790325872.434165747,Uninterrupted_Baseline,1
1790325872.517451074,Uninterrupted_Baseline,286
1790325872.517451074,Uninterrupted_Baseline,1
1790325872.598204270,Uninterrupted_Baseline,287
1790325872.598204270,Uninterrupted_Baseline,1
1790325872.679555630,Uninterrupted_Baseline,287
1790325872.679555630,Uninterrupted_Baseline,1
1790325872.761524074,Uninterrupted_Baseline,288
1790325872.761524074,Uninterrupted_Baseline,1
1790325872.846302169,Uninterrupted_Baseline,288
1790325872.846302169,Uninterrupted_Baseline,1
1790325872.932559051,Uninterrupted_Baseline,289
1790325872.932559051,Uninterrupted_Baseline,1
1790325873.018076619,Uninterrupted_Baseline,289
1790325873.018076619,Uninterrupted_Baseline,1
1790325873.100846879,Uninterrupted_Baseline,290
1790325873.100846879,Uninterrupted_Baseline,1
1790325873.184608253,Uninterrupted_Baseline,290
1790325873.184608253,Uninterrupted_Baseline,1
1790325873.269890279,Uninterrupted_Baseline,291
1790325873.269890279,Uninterrupted_Baseline,1
1790325873.354727205,Uninterrupted_Baseline,291
1790325873.354727205,Uninterrupted_Baseline,1
1790325873.438021958,Uninterrupted_Baseline,292
1790325873.438021958,Uninterrupted_Baseline,1
1790325873.520021732,Uninterrupted_Baseline,292
1790325873.520021732,Uninterrupted_Baseline,1
1790325873.609528190,Uninterrupted_Baseline,293
1790325873.609528190,Uninterrupted_Baseline,1
1790325873.702508029,Uninterrupted_Baseline,293
1790325873.702508029,Uninterrupted_Baseline,1
1790325873.783274791,Uninterrupted_Baseline,294
1790325873.783274791,Uninterrupted_Baseline,1
1790325873.861440984,Uninterrupted_Baseline,294
1790325873.861440984,Uninterrupted_Baseline,1
1790325873.944840219,Uninterrupted_Baseline,295
1790325873.944840219,Uninterrupted_Baseline,1
1790325874.018051048,Uninterrupted_Baseline,295
1790325874.018051048,Uninterrupted_Baseline,1
1790325874.098962318,Uninterrupted_Baseline,296
1790325874.098962318,Uninterrupted_Baseline,1
1790325874.165622224,Uninterrupted_Baseline,296
1790325874.165622224,Uninterrupted_Baseline,1
1790325874.248193159,Uninterrupted_Baseline,297
1790325874.248193159,Uninterrupted_Baseline,1
1790325874.326105005,Uninterrupted_Baseline,297
1790325874.326105005,Uninterrupted_Baseline,1
1790325874.412110371,Uninterrupted_Baseline,298
1790325874.412110371,Uninterrupted_Baseline,1
1790325874.494380014,Uninterrupted_Baseline,298
1790325874.494380014,Uninterrupted_Baseline,1
1790325874.574231443,Uninterrupted_Baseline,298
1790325874.574231443,Uninterrupted_Baseline,1
1790325874.653137342,Uninterrupted_Baseline,299
1790325874.653137342,Uninterrupted_Baseline,1
1790325874.739325321,Uninterrupted_Baseline,299
1790325874.739325321,Uninterrupted_Baseline,1
1790325874.825205102,Uninterrupted_Baseline,300
1790325874.825205102,Uninterrupted_Baseline,1
1790325874.910250012,Uninterrupted_Baseline,300
1790325874.910250012,Uninterrupted_Baseline,1
1790325874.995978197,Uninterrupted_Baseline,301
1790325874.995978197,Uninterrupted_Baseline,1
1790325875.084545051,Uninterrupted_Baseline,301
1790325875.084545051,Uninterrupted_Baseline,1
1790325875.140430345,Uninterrupted_Baseline,302
1790325875.140430345,Uninterrupted_Baseline,1
1790325875.196808764,Uninterrupted_Baseline,302
1790325875.196808764,Uninterrupted_Baseline,1
1790325875.275010660,Uninterrupted_Baseline,303
1790325875.275010660,Uninterrupted_Baseline,1
1790325875.355116146,Uninterrupted_Baseline,303
1790325875.355116146,Uninterrupted_Baseline,1
1790325875.437397672,Uninterrupted_Baseline,304
1790325875.437397672,Uninterrupted_Baseline,1
1790325875.520948812,Uninterrupted_Baseline,304
1790325875.520948812,Uninterrupted_Baseline,1
1790325875.604527686,Uninterrupted_Baseline,305
1790325875.604527686,Uninterrupted_Baseline,1
1790325875.685996996,Uninterrupted_Baseline,305
1790325875.685996996,Uninterrupted_Baseline,1
1790325875.770586605,Uninterrupted_Baseline,306
1790325875.770586605,Uninterrupted_Baseline,1
1790325875.853163050,Uninterrupted_Baseline,306
1790325875.853163050,Uninterrupted_Baseline,1
1790325875.941326634,Uninterrupted_Baseline,307
1790325875.941326634,Uninterrupted_Baseline,1
1790325876.026248931,Uninterrupted_Baseline,307
1790325876.026248931,Uninterrupted_Baseline,1
1790325876.110470362,Uninterrupted_Baseline,308
1790325876.110470362,Uninterrupted_Baseline,1
1790325876.199347503,Uninterrupted_Baseline,308
1790325876.199347503,Uninterrupted_Baseline,1
1790325876.263128787,Uninterrupted_Baseline,308
1790325876.263128787,Uninterrupted_Baseline,1
1790325876.342338355,Uninterrupted_Baseline,309
1790325876.342338355,Uninterrupted_Baseline,1
1790325876.411625357,Uninterrupted_Baseline,309
1790325876.494766063,Uninterrupted_Baseline,310
1790325876.577380593,Uninterrupted_Baseline,310
1790325876.665503487,Uninterrupted_Baseline,311
1790325876.750385584,Uninterrupted_Baseline,311
1790325876.836151144,Uninterrupted_Baseline,312
1790325876.918341490,Uninterrupted_Baseline,312
1790325877.006318774,Uninterrupted_Baseline,313
1790325877.093417667,Uninterrupted_Baseline,313
1790325877.175896842,Uninterrupted_Baseline,314
1790325877.259205663,Uninterrupted_Baseline,314
1790325877.345958369,Uninterrupted_Baseline,315
1790325877.425413612,Uninterrupted_Baseline,315
1790325877.505688246,Uninterrupted_Baseline,316
1790325877.590471102,Uninterrupted_Baseline,316
1790325877.677162162,Uninterrupted_Baseline,317
1790325877.759800222,Uninterrupted_Baseline,317
1790325877.839167910,Uninterrupted_Baseline,318
1790325877.923890202,Uninterrupted_Baseline,318
1790325878.005186610,Uninterrupted_Baseline,319
1790325878.095846788,Uninterrupted_Baseline,319
1790325878.178420384,Uninterrupted_Baseline,320
1790325878.251069259,Uninterrupted_Baseline,320
1790325878.310401977,Uninterrupted_Baseline,320
1790325878.383169990,Uninterrupted_Baseline,321
1790325878.451305401,Uninterrupted_Baseline,321
1790325878.500855220,Uninterrupted_Baseline,321
1790325878.555038065,Uninterrupted_Baseline,322
1790325878.620716709,Uninterrupted_Baseline,322
1790325878.693546840,Uninterrupted_Baseline,323
1790325878.760552201,Uninterrupted_Baseline,323
1790325878.844201772,Uninterrupted_Baseline,323
1790325878.932273455,Uninterrupted_Baseline,324
1790325879.013273372,Uninterrupted_Baseline,324
1790325879.095956576,Uninterrupted_Baseline,325
1790325879.165680778,Uninterrupted_Baseline,325
1790325879.231924085,Uninterrupted_Baseline,326
1790325879.314903289,Uninterrupted_Baseline,326
1790325879.393780785,Uninterrupted_Baseline,327
1790325879.467188921,Uninterrupted_Baseline,327
1790325879.551174929,Uninterrupted_Baseline,327
1790325879.634596692,Uninterrupted_Baseline,328
1790325879.711547934,Uninterrupted_Baseline,328
1790325879.795116322,Uninterrupted_Baseline,329
1790325879.874050274,Uninterrupted_Baseline,329
1790325879.960491910,Uninterrupted_Baseline,330
1790325880.043384093,Uninterrupted_Baseline,330
1790325880.130365436,Uninterrupted_Baseline,331
1790325880.212190933,Uninterrupted_Baseline,331
1790325880.299043490,Uninterrupted_Baseline,332
1790325880.379338993,Uninterrupted_Baseline,332
1790325880.465053653,Uninterrupted_Baseline,333
1790325880.533789099,Uninterrupted_Baseline,333
1790325880.603321398,Uninterrupted_Baseline,334
1790325880.672261033,Uninterrupted_Baseline,334
1790325880.751965518,Uninterrupted_Baseline,334
1790325880.830644522,Uninterrupted_Baseline,335
1790325880.917405732,Uninterrupted_Baseline,335
1790325881.001911950,Uninterrupted_Baseline,336
1790325881.080475484,Uninterrupted_Baseline,336
1790325881.162392261,Uninterrupted_Baseline,337
1790325881.244849034,Uninterrupted_Baseline,337
1790325881.332326011,Uninterrupted_Baseline,338
1790325881.413412664,Uninterrupted_Baseline,338
1790325881.499326595,Uninterrupted_Baseline,339
1790325881.586205566,Uninterrupted_Baseline,339
1790325881.664239728,Uninterrupted_Baseline,340
1790325881.751839416,Uninterrupted_Baseline,340
1790325881.830312046,Uninterrupted_Baseline,341
1790325881.912252825,Uninterrupted_Baseline,341
1790325881.996528876,Uninterrupted_Baseline,342
1790325882.074995487,Uninterrupted_Baseline,342
1790325882.152249902,Uninterrupted_Baseline,343
1790325882.233386072,Uninterrupted_Baseline,343
1790325882.309425800,Uninterrupted_Baseline,343
1790325882.396870951,Uninterrupted_Baseline,344
1790325882.477897281,Uninterrupted_Baseline,344
1790325882.559240533,Uninterrupted_Baseline,345
1790325882.634165176,Uninterrupted_Baseline,345
1790325882.714336390,Uninterrupted_Baseline,346
1790325882.803114452,Uninterrupted_Baseline,346
1790325882.877596053,Uninterrupted_Baseline,347
1790325882.968998922,Uninterrupted_Baseline,347
1790325883.046148057,Uninterrupted_Baseline,348
1790325883.130048389,Uninterrupted_Baseline,348
1790325883.210627020,Uninterrupted_Baseline,349
1790325883.294242176,Uninterrupted_Baseline,349
1790325883.375465479,Uninterrupted_Baseline,350
1790325883.434197788,Uninterrupted_Baseline,350
1790325883.523402456,Uninterrupted_Baseline,350
1790325883.601919967,Uninterrupted_Baseline,351
1790325883.682952547,Uninterrupted_Baseline,351
1790325883.766510728,Uninterrupted_Baseline,352
1790325883.851164096,Uninterrupted_Baseline,352
1790325883.937808566,Uninterrupted_Baseline,353
1790325884.021213839,Uninterrupted_Baseline,353
1790325884.102309708,Uninterrupted_Baseline,354
1790325884.180391765,Uninterrupted_Baseline,354
1790325884.264789935,Uninterrupted_Baseline,355
1790325884.350594851,Uninterrupted_Baseline,355
1790325884.433614509,Uninterrupted_Baseline,356
1790325884.512446058,Uninterrupted_Baseline,356
1790325884.595521382,Uninterrupted_Baseline,357
1790325884.668615145,Uninterrupted_Baseline,357
1790325884.751324083,Uninterrupted_Baseline,357
1790325884.827138270,Uninterrupted_Baseline,358
1790325884.891349724,Uninterrupted_Baseline,358
1790325884.946613309,Uninterrupted_Baseline,359
1790325885.007610272,Uninterrupted_Baseline,359
1790325885.079595748,Uninterrupted_Baseline,359
1790325885.160917746,Uninterrupted_Baseline,360
1790325885.242854073,Uninterrupted_Baseline,360
1790325885.304839520,Uninterrupted_Baseline,361
1790325885.391145837,Uninterrupted_Baseline,361
1790325885.476092495,Uninterrupted_Baseline,362
1790325885.560675818,Uninterrupted_Baseline,362
1790325885.642820120,Uninterrupted_Baseline,363
1790325885.724973125,Uninterrupted_Baseline,363
1790325885.810215212,Uninterrupted_Baseline,364
1790325885.885168427,Uninterrupted_Baseline,364
1790325885.969853854,Uninterrupted_Baseline,364
1790325886.049954275,Uninterrupted_Baseline,365
1790325886.131272497,Uninterrupted_Baseline,365
1790325886.212941953,Uninterrupted_Baseline,366
1790325886.287825613,Uninterrupted_Baseline,366
1790325886.366097037,Uninterrupted_Baseline,367
1790325886.448105362,Uninterrupted_Baseline,367
1790325886.522522873,Uninterrupted_Baseline,368
1790325886.605467027,Uninterrupted_Baseline,368
1790325886.687194298,Uninterrupted_Baseline,369
1790325886.765914116,Uninterrupted_Baseline,369
1790325886.834030342,Uninterrupted_Baseline,370
1790325886.915116845,Uninterrupted_Baseline,370
1790325887.001814366,Uninterrupted_Baseline,371
1790325887.063533375,Uninterrupted_Baseline,371
1790325887.128838452,Uninterrupted_Baseline,371
1790325887.200226040,Uninterrupted_Baseline,372
1790325887.279977389,Uninterrupted_Baseline,372
1790325887.360036670,Uninterrupted_Baseline,373
1790325887.438917925,Uninterrupted_Baseline,373
1790325887.522862292,Uninterrupted_Baseline,373
1790325887.605415762,Uninterrupted_Baseline,374
1790325887.689325301,Uninterrupted_Baseline,374
1790325887.767381767,Uninterrupted_Baseline,375
1790325887.847767870,Uninterrupted_Baseline,375
1790325887.930588678,Uninterrupted_Baseline,376
1790325888.013430941,Uninterrupted_Baseline,376
1790325888.090920621,Uninterrupted_Baseline,377
1790325888.174482431,Uninterrupted_Baseline,377
1790325888.257263320,Uninterrupted_Baseline,378
1790325888.340909847,Uninterrupted_Baseline,378
1790325888.419874976,Uninterrupted_Baseline,379
1790325888.469523677,Uninterrupted_Baseline,379
1790325888.528993894,Uninterrupted_Baseline,379
1790325888.589196689,Uninterrupted_Baseline,380
1790325888.672289673,Uninterrupted_Baseline,380
1790325888.756150691,Uninterrupted_Baseline,381
1790325888.833150911,Uninterrupted_Baseline,381
1790325888.916552866,Uninterrupted_Baseline,381
1790325888.991488926,Uninterrupted_Baseline,382
1790325889.064166627,Uninterrupted_Baseline,382
1790325889.124561894,Uninterrupted_Baseline,383
1790325889.179955975,Uninterrupted_Baseline,383
1790325889.250811612,Uninterrupted_Baseline,383
1790325889.333563163,Uninterrupted_Baseline,384
1790325889.406801219,Uninterrupted_Baseline,384
1790325889.484488590,Uninterrupted_Baseline,385
1790325889.564524542,Uninterrupted_Baseline,385
1790325889.645814738,Uninterrupted_Baseline,386
1790325889.726098287,Uninterrupted_Baseline,386
1790325889.806284699,Uninterrupted_Baseline,387
1790325889.888129286,Uninterrupted_Baseline,387
1790325889.965082708,Uninterrupted_Baseline,387
1790325890.055917622,Uninterrupted_Baseline,388
1790325890.142117246,Uninterrupted_Baseline,388
1790325890.223644442,Uninterrupted_Baseline,389
1790325890.308675037,Uninterrupted_Baseline,389
1790325890.374814077,Uninterrupted_Baseline,390
1790325890.452904767,Uninterrupted_Baseline,390
1790325890.530086672,Uninterrupted_Baseline,391
1790325890.589044758,Uninterrupted_Baseline,391
1790325890.673575583,Uninterrupted_Baseline,392
1790325890.760777242,Uninterrupted_Baseline,392
1790325890.846337305,Uninterrupted_Baseline,392
1790325890.929739139,Uninterrupted_Baseline,393
1790325891.013829388,Uninterrupted_Baseline,393
1790325891.095949854,Uninterrupted_Baseline,394
1790325891.166953317,Uninterrupted_Baseline,394
1790325891.250952810,Uninterrupted_Baseline,395
1790325891.315550982,Uninterrupted_Baseline,395
1790325891.398015337,Uninterrupted_Baseline,396
1790325891.478839603,Uninterrupted_Baseline,396
1790325891.563683436,Uninterrupted_Baseline,397
1790325891.649480111,Uninterrupted_Baseline,397
1790325891.733484920,Uninterrupted_Baseline,398
1790325891.812204192,Uninterrupted_Baseline,398
1790325891.897540004,Uninterrupted_Baseline,399
1790325891.979155621,Uninterrupted_Baseline,399
1790325892.060288852,Uninterrupted_Baseline,400
1790325892.142068568,Uninterrupted_Baseline,400
1790325892.228526605,Uninterrupted_Baseline,401
1790325892.315398926,Uninterrupted_Baseline,401
1790325892.399383860,Uninterrupted_Baseline,402
1790325892.486099954,Uninterrupted_Baseline,402
1790325892.571160279,Uninterrupted_Baseline,402
1790325892.654061251,Uninterrupted_Baseline,403
1790325892.736004580,Uninterrupted_Baseline,403
1790325892.814893649,Uninterrupted_Baseline,404
1790325892.902512907,Uninterrupted_Baseline,404
1790325892.986251089,Uninterrupted_Baseline,405
1790325893.072615577,Uninterrupted_Baseline,405
1790325893.156899062,Uninterrupted_Baseline,406
1790325893.237751569,Uninterrupted_Baseline,406
1790325893.322880169,Uninterrupted_Baseline,407
1790325893.405989444,Uninterrupted_Baseline,407
1790325893.486478334,Uninterrupted_Baseline,408
1790325893.567568725,Uninterrupted_Baseline,408
1790325893.648788036,Uninterrupted_Baseline,409
1790325893.732932610,Uninterrupted_Baseline,409
1790325893.814561596,Uninterrupted_Baseline,410
1790325893.896201452,Uninterrupted_Baseline,410
1790325893.979510844,Uninterrupted_Baseline,411
1790325894.063264091,Uninterrupted_Baseline,411
1790325894.148060002,Uninterrupted_Baseline,412
1790325894.212621683,Uninterrupted_Baseline,412
1790325894.263726462,Uninterrupted_Baseline,412
1790325894.318515499,Uninterrupted_Baseline,413
1790325894.391009481,Uninterrupted_Baseline,413
1790325894.477575821,Uninterrupted_Baseline,413
1790325894.559305946,Uninterrupted_Baseline,414
1790325894.647180391,Uninterrupted_Baseline,414
1790325894.727291963,Uninterrupted_Baseline,415
1790325894.809545089,Uninterrupted_Baseline,415
1790325894.893241468,Uninterrupted_Baseline,416
1790325894.982558952,Uninterrupted_Baseline,416
1790325895.044095076,Uninterrupted_Baseline,417
1790325895.108041856,Uninterrupted_Baseline,417
1790325895.186567960,Uninterrupted_Baseline,418
1790325895.271529250,Uninterrupted_Baseline,418
1790325895.357839147,Uninterrupted_Baseline,419
1790325895.441337755,Uninterrupted_Baseline,419
1790325895.522689139,Uninterrupted_Baseline,419
1790325895.605987394,Uninterrupted_Baseline,420
1790325895.687587506,Uninterrupted_Baseline,420
1790325895.773195877,Uninterrupted_Baseline,421
1790325895.859032362,Uninterrupted_Baseline,421
1790325895.925040292,Uninterrupted_Baseline,422
1790325895.991262179,Uninterrupted_Baseline,422
1790325896.078068084,Uninterrupted_Baseline,423
1790325896.160149633,Uninterrupted_Baseline,423
1790325896.252225549,Uninterrupted_Baseline,424
1790325896.346874005,Uninterrupted_Baseline,424
1790325896.432510984,Uninterrupted_Baseline,425
1790325896.512796122,Uninterrupted_Baseline,425
1790325896.590927670,Uninterrupted_Baseline,426
1790325896.677610880,Uninterrupted_Baseline,426
1790325896.763089072,Uninterrupted_Baseline,427
1790325896.845323694,Uninterrupted_Baseline,427
1790325896.928462918,Uninterrupted_Baseline,428
1790325897.011061859,Uninterrupted_Baseline,428
1790325897.095144782,Uninterrupted_Baseline,429
1790325897.179002175,Uninterrupted_Baseline,429
1790325897.253978822,Uninterrupted_Baseline,430
1790325897.337281889,Uninterrupted_Baseline,430
1790325897.419686552,Uninterrupted_Baseline,431
1790325897.502968879,Uninterrupted_Baseline,431
1790325897.590106873,Uninterrupted_Baseline,432
1790325897.674406378,Uninterrupted_Baseline,432
1790325897.759554202,Uninterrupted_Baseline,433
1790325897.838526619,Uninterrupted_Baseline,433
1790325897.926056860,Uninterrupted_Baseline,434
1790325897.995748221,Uninterrupted_Baseline,434
1790325898.074111454,Uninterrupted_Baseline,434
1790325898.154892733,Uninterrupted_Baseline,435
1790325898.224239706,Uninterrupted_Baseline,435
1790325898.296914086,Uninterrupted_Baseline,436
1790325898.360191689,Uninterrupted_Baseline,436
1790325898.428257934,Uninterrupted_Baseline,436
1790325898.477733578,Uninterrupted_Baseline,437
1790325898.532940118,Uninterrupted_Baseline,437
1790325898.591361524,Uninterrupted_Baseline,437
1790325898.665885871,Uninterrupted_Baseline,438
1790325898.744387616,Uninterrupted_Baseline,438
1790325898.830022512,Uninterrupted_Baseline,439
1790325898.914300622,Uninterrupted_Baseline,439
1790325898.995461094,Uninterrupted_Baseline,440
1790325899.083830330,Uninterrupted_Baseline,440
1790325899.165413696,Uninterrupted_Baseline,441
1790325899.240286749,Uninterrupted_Baseline,441
1790325899.313767633,Uninterrupted_Baseline,442
1790325899.391555662,Uninterrupted_Baseline,442
1790325899.473861688,Uninterrupted_Baseline,442
1790325899.561741449,Uninterrupted_Baseline,443
1790325899.644927410,Uninterrupted_Baseline,443
1790325899.727118021,Uninterrupted_Baseline,444
1790325899.806615641,Uninterrupted_Baseline,444
1790325899.886625551,Uninterrupted_Baseline,445
1790325899.974018183,Uninterrupted_Baseline,445
1790325900.060110831,Uninterrupted_Baseline,446
1790325900.139562466,Uninterrupted_Baseline,446
1790325900.225880202,Uninterrupted_Baseline,447
1790325900.308382456,Uninterrupted_Baseline,447
1790325900.392262288,Uninterrupted_Baseline,448
1790325900.473009324,Uninterrupted_Baseline,448
1790325900.547605917,Uninterrupted_Baseline,449
1790325900.612955828,Uninterrupted_Baseline,449
1790325900.698784067,Uninterrupted_Baseline,450
1790325900.781190725,Uninterrupted_Baseline,450
1790325900.859779549,Uninterrupted_Baseline,450
1790325900.924910405,Uninterrupted_Baseline,451
1790325901.005231362,Uninterrupted_Baseline,451
1790325901.089371751,Uninterrupted_Baseline,452
1790325901.172351535,Uninterrupted_Baseline,452
1790325901.255971551,Uninterrupted_Baseline,453
1790325901.340581794,Uninterrupted_Baseline,453
1790325901.425819820,Uninterrupted_Baseline,454
1790325901.511033181,Uninterrupted_Baseline,454
1790325901.594967129,Uninterrupted_Baseline,455
1790325901.682189612,Uninterrupted_Baseline,455
1790325901.767627424,Uninterrupted_Baseline,456
1790325901.851987721,Uninterrupted_Baseline,456
1790325901.937211053,Uninterrupted_Baseline,457
1790325902.020783875,Uninterrupted_Baseline,457
1790325902.106562272,Uninterrupted_Baseline,458
1790325902.193898843,Uninterrupted_Baseline,458
1790325902.279878426,Uninterrupted_Baseline,459
1790325902.359862135,Uninterrupted_Baseline,459
1790325902.445202121,Uninterrupted_Baseline,460
1790325902.525996663,Uninterrupted_Baseline,460
1790325902.610504352,Uninterrupted_Baseline,461
1790325902.691548227,Uninterrupted_Baseline,461
1790325902.773016875,Uninterrupted_Baseline,462
1790325902.856270963,Uninterrupted_Baseline,462
1790325902.940005443,Uninterrupted_Baseline,462
1790325903.024964080,Uninterrupted_Baseline,463
1790325903.109505699,Uninterrupted_Baseline,463
1790325903.194153254,Uninterrupted_Baseline,464
1790325903.275169024,Uninterrupted_Baseline,464
1790325903.359203873,Uninterrupted_Baseline,465
1790325903.441803677,Uninterrupted_Baseline,465
1790325903.517742783,Uninterrupted_Baseline,466
1790325903.600472251,Uninterrupted_Baseline,466
1790325903.685196301,Uninterrupted_Baseline,467
1790325903.770533558,Uninterrupted_Baseline,467
1790325903.851286879,Uninterrupted_Baseline,468
1790325903.933198152,Uninterrupted_Baseline,468
1790325904.011485215,Uninterrupted_Baseline,469
1790325904.078403485,Uninterrupted_Baseline,469
1790325904.151054605,Uninterrupted_Baseline,469
1790325904.237893030,Uninterrupted_Baseline,470
1790325904.320839963,Uninterrupted_Baseline,470
1790325904.402056105,Uninterrupted_Baseline,471
1790325904.482402400,Uninterrupted_Baseline,471
1790325904.550505957,Uninterrupted_Baseline,472
1790325904.631436513,Uninterrupted_Baseline,472
1790325904.701718834,Uninterrupted_Baseline,473
1790325904.777195008,Uninterrupted_Baseline,473
1790325904.853290895,Uninterrupted_Baseline,473
1790325904.925300445,Uninterrupted_Baseline,474
1790325905.007762688,Uninterrupted_Baseline,474
1790325905.076463287,Uninterrupted_Baseline,475
1790325905.130770913,Uninterrupted_Baseline,475
1790325905.199681766,Uninterrupted_Baseline,475
1790325905.260170104,Uninterrupted_Baseline,476
1790325905.337947387,Uninterrupted_Baseline,476
1790325905.419424145,Uninterrupted_Baseline,477
1790325905.490510944,Uninterrupted_Baseline,477
1790325905.574011804,Uninterrupted_Baseline,478
1790325905.657050883,Uninterrupted_Baseline,478
1790325905.744350838,Uninterrupted_Baseline,479
1790325905.825258617,Uninterrupted_Baseline,479
1790325905.907091678,Uninterrupted_Baseline,480
1790325905.989444607,Uninterrupted_Baseline,480
1790325906.070063893,Uninterrupted_Baseline,480
1790325906.146614054,Uninterrupted_Baseline,481
1790325906.232233334,Uninterrupted_Baseline,481
1790325906.308886036,Uninterrupted_Baseline,482
1790325906.390632733,Uninterrupted_Baseline,482
1790325906.476371923,Uninterrupted_Baseline,483
1790325906.548099192,Uninterrupted_Baseline,483
1790325906.630871189,Uninterrupted_Baseline,484
1790325906.714920904,Uninterrupted_Baseline,484
1790325906.798850396,Uninterrupted_Baseline,485
1790325906.883441106,Uninterrupted_Baseline,485
1790325906.967332322,Uninterrupted_Baseline,486
1790325907.054604157,Uninterrupted_Baseline,486
1790325907.137783468,Uninterrupted_Baseline,487
1790325907.221102211,Uninterrupted_Baseline,487
1790325907.290485953,Uninterrupted_Baseline,488
1790325907.373802909,Uninterrupted_Baseline,488
1790325907.457842280,Uninterrupted_Baseline,489
1790325907.541979463,Uninterrupted_Baseline,489
1790325907.629208713,Uninterrupted_Baseline,490
1790325907.708102091,Uninterrupted_Baseline,490
1790325907.791219137,Uninterrupted_Baseline,490
1790325907.873147224,Uninterrupted_Baseline,491
1790325907.954328146,Uninterrupted_Baseline,491
1790325908.040986249,Uninterrupted_Baseline,492
1790325908.102114280,Uninterrupted_Baseline,492
1790325908.185719679,Uninterrupted_Baseline,493
1790325908.261731834,Uninterrupted_Baseline,493
1790325908.316307576,Uninterrupted_Baseline,493
1790325908.375077521,Uninterrupted_Baseline,494
1790325908.445201380,Uninterrupted_Baseline,494
1790325908.495206989,Uninterrupted_Baseline,494
1790325908.552924919,Uninterrupted_Baseline,495
1790325908.610306151,Uninterrupted_Baseline,495
1790325908.679157493,Uninterrupted_Baseline,496
1790325908.744852548,Uninterrupted_Baseline,496
1790325908.826078452,Uninterrupted_Baseline,496
1790325908.906211348,Uninterrupted_Baseline,497
1790325908.981329004,Uninterrupted_Baseline,497
1790325909.064546376,Uninterrupted_Baseline,498
1790325909.149149299,Uninterrupted_Baseline,498
1790325909.204392814,Uninterrupted_Baseline,499
1790325909.276010602,Uninterrupted_Baseline,499
1790325909.347904686,Uninterrupted_Baseline,499
1790325909.422852014,Uninterrupted_Baseline,500
1790325909.506866693,Uninterrupted_Baseline,500
1790325909.593022566,Uninterrupted_Baseline,501
1790325909.676112316,Uninterrupted_Baseline,501
1790325909.746345786,Uninterrupted_Baseline,502
1790325909.820371878,Uninterrupted_Baseline,502
1790325909.898997177,Uninterrupted_Baseline,503
1790325909.979350214,Uninterrupted_Baseline,503
1790325910.058986231,Uninterrupted_Baseline,504
1790325910.145232921,Uninterrupted_Baseline,504
1790325910.227357910,Uninterrupted_Baseline,504
1790325910.310642517,Uninterrupted_Baseline,505
1790325910.395835256,Uninterrupted_Baseline,505
1790325910.481547652,Uninterrupted_Baseline,506
1790325910.558080363,Uninterrupted_Baseline,506
1790325910.633850632,Uninterrupted_Baseline,507
1790325910.719605767,Uninterrupted_Baseline,507
1790325910.794346430,Uninterrupted_Baseline,508
1790325910.883069135,Uninterrupted_Baseline,508
1790325910.968546153,Uninterrupted_Baseline,509
1790325911.060516993,Uninterrupted_Baseline,509
1790325911.147235595,Uninterrupted_Baseline,510
1790325911.222521830,Uninterrupted_Baseline,510
1790325911.274480506,Uninterrupted_Baseline,510
1790325911.339354301,Uninterrupted_Baseline,511
1790325911.422281334,Uninterrupted_Baseline,511
1790325911.496248542,Uninterrupted_Baseline,512
1790325911.574864142,Uninterrupted_Baseline,512
1790325911.658782801,Uninterrupted_Baseline,513
1790325911.742199674,Uninterrupted_Baseline,513
1790325911.827159370,Uninterrupted_Baseline,514
1790325911.905423036,Uninterrupted_Baseline,514
1790325911.981411145,Uninterrupted_Baseline,515
1790325912.066049304,Uninterrupted_Baseline,515
1790325912.155168928,Uninterrupted_Baseline,516
1790325912.237231353,Uninterrupted_Baseline,516
1790325912.324499735,Uninterrupted_Baseline,517
1790325912.406754759,Uninterrupted_Baseline,517
1790325912.491725371,Uninterrupted_Baseline,518
1790325912.575424986,Uninterrupted_Baseline,518
1790325912.656226065,Uninterrupted_Baseline,518
1790325912.737346493,Uninterrupted_Baseline,519
1790325912.819598512,Uninterrupted_Baseline,519
1790325912.904959537,Uninterrupted_Baseline,520
1790325912.991444585,Uninterrupted_Baseline,520
1790325913.069498290,Uninterrupted_Baseline,521
1790325913.151188736,Uninterrupted_Baseline,521
1790325913.231920248,Uninterrupted_Baseline,522
1790325913.313186974,Uninterrupted_Baseline,522
1790325913.397446150,Uninterrupted_Baseline,523
1790325913.479745812,Uninterrupted_Baseline,523
1790325913.560583550,Uninterrupted_Baseline,524
1790325913.643315571,Uninterrupted_Baseline,524
1790325913.726529430,Uninterrupted_Baseline,525
1790325913.809789858,Uninterrupted_Baseline,525
1790325913.892988903,Uninterrupted_Baseline,526
1790325913.979446269,Uninterrupted_Baseline,526
1790325914.060439655,Uninterrupted_Baseline,527
1790325914.143550869,Uninterrupted_Baseline,527
1790325914.226186064,Uninterrupted_Baseline,528
1790325914.311240437,Uninterrupted_Baseline,528
1790325914.398807063,Uninterrupted_Baseline,529
1790325914.473589214,Uninterrupted_Baseline,529
1790325914.560529181,Uninterrupted_Baseline,529
1790325914.642172057,Uninterrupted_Baseline,530
1790325914.718828258,Uninterrupted_Baseline,530
1790325914.805129609,Uninterrupted_Baseline,531
1790325914.898300247,Uninterrupted_Baseline,531
1790325914.978337678,Uninterrupted_Baseline,532
1790325915.046600593,Uninterrupted_Baseline,532
1790325915.127333099,Uninterrupted_Baseline,533
1790325915.211228767,Uninterrupted_Baseline,533
1790325915.290376688,Uninterrupted_Baseline,534
1790325915.368720548,Uninterrupted_Baseline,534
1790325915.449722687,Uninterrupted_Baseline,535
1790325915.530755492,Uninterrupted_Baseline,535
1790325915.612720306,Uninterrupted_Baseline,536
1790325915.690504903,Uninterrupted_Baseline,536
1790325915.774019221,Uninterrupted_Baseline,536
1790325915.847344629,Uninterrupted_Baseline,537
1790325915.921428440,Uninterrupted_Baseline,537
1790325916.009301201,Uninterrupted_Baseline,538
1790325916.091928973,Uninterrupted_Baseline,538
1790325916.159005256,Uninterrupted_Baseline,539
1790325916.241487690,Uninterrupted_Baseline,539
1790325916.319299699,Uninterrupted_Baseline,540
1790325916.398017722,Uninterrupted_Baseline,540
1790325916.478293629,Uninterrupted_Baseline,541
1790325916.563750161,Uninterrupted_Baseline,541
1790325916.638601591,Uninterrupted_Baseline,542
1790325916.719987965,Uninterrupted_Baseline,542
1790325916.810877393,Uninterrupted_Baseline,542
1790325916.867453879,Uninterrupted_Baseline,543
1790325916.937450059,Uninterrupted_Baseline,543
1790325917.012464995,Uninterrupted_Baseline,544
1790325917.102237163,Uninterrupted_Baseline,544
1790325917.185360258,Uninterrupted_Baseline,545
1790325917.266709402,Uninterrupted_Baseline,545
1790325917.345860639,Uninterrupted_Baseline,546
1790325917.423347878,Uninterrupted_Baseline,546
1790325917.504995960,Uninterrupted_Baseline,547
1790325917.586323827,Uninterrupted_Baseline,547
1790325917.671782855,Uninterrupted_Baseline,548
1790325917.755891144,Uninterrupted_Baseline,548
1790325917.840268882,Uninterrupted_Baseline,549
1790325917.927265658,Uninterrupted_Baseline,549
1790325918.013754718,Uninterrupted_Baseline,550
1790325918.073901523,Uninterrupted_Baseline,550
1790325918.164555296,Uninterrupted_Baseline,550
1790325918.246485559,Uninterrupted_Baseline,551
1790325918.331777915,Uninterrupted_Baseline,551
1790325918.413172352,Uninterrupted_Baseline,552
1790325918.463964609,Uninterrupted_Baseline,552
1790325918.514853346,Uninterrupted_Baseline,552
1790325918.579548295,Uninterrupted_Baseline,553
1790325918.653519659,Uninterrupted_Baseline,553
1790325918.725470321,Uninterrupted_Baseline,554
1790325918.805815226,Uninterrupted_Baseline,554
1790325918.879364104,Uninterrupted_Baseline,555
1790325918.959218496,Uninterrupted_Baseline,555
1790325919.039100616,Uninterrupted_Baseline,556
1790325919.121089304,Uninterrupted_Baseline,556
1790325919.202964202,Uninterrupted_Baseline,557
1790325919.288964799,Uninterrupted_Baseline,557
1790325919.367629986,Uninterrupted_Baseline,557
1790325919.449879388,Uninterrupted_Baseline,558
1790325919.533263824,Uninterrupted_Baseline,558
1790325919.622875531,Uninterrupted_Baseline,559
1790325919.708319800,Uninterrupted_Baseline,559
1790325919.793904433,Uninterrupted_Baseline,560
1790325919.879635789,Uninterrupted_Baseline,560
1790325919.956249061,Uninterrupted_Baseline,561
1790325920.044111222,Uninterrupted_Baseline,561
1790325920.131414225,Uninterrupted_Baseline,562
1790325920.217101926,Uninterrupted_Baseline,562
1790325920.302566873,Uninterrupted_Baseline,563
1790325920.383175171,Uninterrupted_Baseline,563
1790325920.466227377,Uninterrupted_Baseline,564
1790325920.551842981,Uninterrupted_Baseline,564
1790325920.636388862,Uninterrupted_Baseline,565
1790325920.713338145,Uninterrupted_Baseline,565
1790325920.796633654,Uninterrupted_Baseline,566
1790325920.871955282,Uninterrupted_Baseline,566
1790325920.956589192,Uninterrupted_Baseline,567
1790325921.039133872,Uninterrupted_Baseline,567
1790325921.121778576,Uninterrupted_Baseline,568
1790325921.203937306,Uninterrupted_Baseline,568
1790325921.290620932,Uninterrupted_Baseline,569
1790325921.372086644,Uninterrupted_Baseline,569
1790325921.456222523,Uninterrupted_Baseline,570
1790325921.526584421,Uninterrupted_Baseline,570
1790325921.619966506,Uninterrupted_Baseline,571
1790325921.702858337,Uninterrupted_Baseline,571
1790325921.785140925,Uninterrupted_Baseline,571
1790325921.867116018,Uninterrupted_Baseline,572
1790325921.953901224,Uninterrupted_Baseline,572
1790325922.025423097,Uninterrupted_Baseline,573
1790325922.110191468,Uninterrupted_Baseline,573
1790325922.191084914,Uninterrupted_Baseline,574
1790325922.274473651,Uninterrupted_Baseline,574
1790325922.348852813,Uninterrupted_Baseline,575
1790325922.435937102,Uninterrupted_Baseline,575
1790325922.518402670,Uninterrupted_Baseline,576
1790325922.584769596,Uninterrupted_Baseline,576
1790325922.669456844,Uninterrupted_Baseline,577
1790325922.747385016,Uninterrupted_Baseline,577
1790325922.817899142,Uninterrupted_Baseline,577
1790325922.899589732,Uninterrupted_Baseline,578
1790325922.976576414,Uninterrupted_Baseline,578
1790325923.057984678,Uninterrupted_Baseline,579
1790325923.141769087,Uninterrupted_Baseline,579
1790325923.218245029,Uninterrupted_Baseline,580
1790325923.294944176,Uninterrupted_Baseline,580
1790325923.379474140,Uninterrupted_Baseline,581
1790325923.461339528,Uninterrupted_Baseline,581
1790325923.537227024,Uninterrupted_Baseline,582
1790325923.626256516,Uninterrupted_Baseline,582
1790325923.717400837,Uninterrupted_Baseline,583
1790325923.803308373,Uninterrupted_Baseline,583
1790325923.891091233,Uninterrupted_Baseline,584
1790325923.972452707,Uninterrupted_Baseline,584
1790325924.054248317,Uninterrupted_Baseline,585
1790325924.137302193,Uninterrupted_Baseline,585
1790325924.220949242,Uninterrupted_Baseline,586
1790325924.306811888,Uninterrupted_Baseline,586
1790325924.390968114,Uninterrupted_Baseline,587
1790325924.477778909,Uninterrupted_Baseline,587
1790325924.562907653,Uninterrupted_Baseline,587
1790325924.642904051,Uninterrupted_Baseline,588
1790325924.726069986,Uninterrupted_Baseline,588
1790325924.807266103,Uninterrupted_Baseline,589
1790325924.880262896,Uninterrupted_Baseline,589
1790325924.976461924,Uninterrupted_Baseline,590
1790325925.051272867,Uninterrupted_Baseline,590
1790325925.107572227,Uninterrupted_Baseline,591
1790325925.175165672,Uninterrupted_Baseline,591
1790325925.255784035,Uninterrupted_Baseline,591
1790325925.331151653,Uninterrupted_Baseline,592
1790325925.417144512,Uninterrupted_Baseline,592
1790325925.505252738,Uninterrupted_Baseline,593
1790325925.589794279,Uninterrupted_Baseline,593
1790325925.676878135,Uninterrupted_Baseline,594
1790325925.755187714,Uninterrupted_Baseline,594
1790325938.014281924,Phase1_Baseline,10
1790325938.083940357,Phase1_Baseline,10
1790325938.160740563,Phase1_Baseline,20
1790325938.241262705,Phase1_Baseline,20
1790325938.297882473,Phase1_Baseline,20
1790325938.375939076,Phase1_Baseline,40
1790325938.444636611,Phase1_Baseline,40
1790325938.496767767,Phase1_Baseline,80
1790325938.551096033,Phase1_Baseline,80
1790325938.606591408,Phase1_Baseline,80
1790325938.671565051,Phase1_Baseline,146
1790325938.748548656,Phase1_Baseline,146
1790325938.830308253,Phase1_Baseline,273
1790325938.900451504,Phase1_Baseline,292
1790325938.983131034,Phase1_Baseline,409
1790325939.065786837,Phase1_Baseline,584
1790325939.129831098,Phase1_Baseline,635
1790325939.203878037,Phase1_Baseline,935
1790325939.286300938,Phase1_Baseline,923
1790325939.369977676,Phase1_Baseline,749
1790325939.453044352,Phase1_Baseline,576
1790325939.523884397,Phase1_Baseline,509
1790325939.599389622,Phase1_Baseline,509
1790325939.679112548,Phase1_Baseline,272
1790325939.759267645,Phase1_Baseline,254
1790325939.841821114,Phase1_Baseline,254
1790325939.920250701,Phase1_Baseline,255
1790325940.002539060,Phase1_Baseline,255
1790325940.087183769,Phase1_Baseline,256
1790325940.168226889,Phase1_Baseline,256
1790325940.237779248,Phase1_Baseline,257
1790325940.320768482,Phase1_Baseline,257
1790325940.403434757,Phase1_Baseline,258
1790325940.484179805,Phase1_Baseline,258
1790325940.567960044,Phase1_Baseline,259
1790325940.650120031,Phase1_Baseline,259
1790325940.730074510,Phase1_Baseline,260
1790325940.803047832,Phase1_Baseline,260
1790325940.871319491,Phase1_Baseline,260
1790325940.931275735,Phase1_Baseline,261
1790325941.002586851,Phase1_Baseline,261
1790325941.074707931,Phase1_Baseline,262
1790325941.128527599,Phase1_Baseline,262
1790325941.184911301,Phase1_Baseline,262
1790325941.252105108,Phase1_Baseline,263
1790325941.333772788,Phase1_Baseline,263
1790325941.410436914,Phase1_Baseline,264
1790325941.490034159,Phase1_Baseline,264
1790325941.560487112,Phase1_Baseline,265
1790325941.639902437,Phase1_Baseline,265
1790325941.726024814,Phase1_Baseline,266
1790325941.803163803,Phase1_Baseline,266
1790325941.885272786,Phase1_Baseline,267
1790325941.966843276,Phase1_Baseline,267
1790325942.049510197,Phase1_Baseline,268
1790325942.133761307,Phase1_Baseline,268
1790325942.215321896,Phase1_Baseline,269
1790325942.301364035,Phase1_Baseline,269
1790325942.372447998,Phase1_Baseline,269
1790325942.443622297,Phase1_Baseline,270
1790325942.523585657,Phase1_Baseline,270
1790325942.608209391,Phase1_Baseline,271
1790325942.693528151,Phase1_Baseline,271
1790325942.756744016,Phase1_Baseline,272
1790325942.814328074,Phase1_Baseline,272
1790325942.898499483,Phase1_Baseline,273
1790325942.981978407,Phase1_Baseline,273
1790325943.051961729,Phase1_Baseline,274
1790325943.121744104,Phase1_Baseline,274
1790325943.190496216,Phase1_Baseline,274
1790325943.275728858,Phase1_Baseline,275
1790325943.353086550,Phase1_Baseline,275
1790325943.436742119,Phase1_Baseline,276
1790325943.515032169,Phase1_Baseline,276
1790325943.596756400,Phase1_Baseline,277
1790325943.677792900,Phase1_Baseline,277
1790325943.757532941,Phase1_Baseline,278
1790325943.817586134,Phase1_Baseline,278
1790325943.894968167,Phase1_Baseline,278
1790325943.971870678,Phase1_Baseline,279
1790325944.054546438,Phase1_Baseline,279
1790325944.121998581,Phase1_Baseline,280
1790325944.188335995,Phase1_Baseline,280
1790325944.270745688,Phase1_Baseline,281
1790325944.349390165,Phase1_Baseline,281
1790325944.429937680,Phase1_Baseline,282
1790325944.499567759,Phase1_Baseline,282
1790325944.580223904,Phase1_Baseline,283
1790325944.664022051,Phase1_Baseline,283
1790325944.734405458,Phase1_Baseline,283
1790325944.819021307,Phase1_Baseline,284
1790325944.874572278,Phase1_Baseline,284
1790325944.942442698,Phase1_Baseline,285
1790325945.021759373,Phase1_Baseline,285
1790325945.109486588,Phase1_Baseline,286
1790325945.190455324,Phase1_Baseline,286
1790325945.274589053,Phase1_Baseline,287
1790325945.343084002,Phase1_Baseline,287
1790325945.416913927,Phase1_Baseline,287
1790325945.496828567,Phase1_Baseline,288
1790325945.581577300,Phase1_Baseline,288
1790325945.662285822,Phase1_Baseline,289
1790325945.743011305,Phase1_Baseline,289
1790325945.831071911,Phase1_Baseline,290
1790325945.909625162,Phase1_Baseline,290
1790325945.996976962,Phase1_Baseline,291
1790325946.079813524,Phase1_Baseline,291
1790325946.165364192,Phase1_Baseline,292
1790325946.242097450,Phase1_Baseline,292
1790325946.305830661,Phase1_Baseline,293
1790325946.373179146,Phase1_Baseline,293
1790325946.455148185,Phase1_Baseline,294
1790325946.542747851,Phase1_Baseline,294
1790325946.621641456,Phase1_Baseline,294
1790325946.702379488,Phase1_Baseline,295
1790325946.781559643,Phase1_Baseline,295
1790325946.861631710,Phase1_Baseline,296
1790325946.944601828,Phase1_Baseline,296
1790325947.030239335,Phase1_Baseline,297
1790325947.111271091,Phase1_Baseline,297
1790325947.191352431,Phase1_Baseline,298
1790325947.260364825,Phase1_Baseline,298
1790325947.342108596,Phase1_Baseline,299
1790325947.417307990,Phase1_Baseline,299
1790325947.488983434,Phase1_Baseline,300
1790325947.566462859,Phase1_Baseline,300
1790325947.643846148,Phase1_Baseline,300
1790325947.711031674,Phase1_Baseline,301
1790325947.789463695,Phase1_Baseline,301
1790325947.859353286,Phase1_Baseline,302
1790325947.935089859,Phase1_Baseline,302
1790325948.014551360,Phase1_Baseline,303
1790325948.080787271,Phase1_Baseline,303
1790325948.135284599,Phase1_Baseline,303
1790325948.198460063,Phase1_Baseline,304
1790325948.275073828,Phase1_Baseline,304
1790325948.355718026,Phase1_Baseline,305
1790325948.426419360,Phase1_Baseline,305
1790325948.478786748,Phase1_Baseline,305
1790325948.534361788,Phase1_Baseline,306
1790325948.593038386,Phase1_Baseline,306
1790325948.646699684,Phase1_Baseline,306
1790325948.704187032,Phase1_Baseline,307
1790325948.792758974,Phase1_Baseline,307
1790325948.870124791,Phase1_Baseline,308
1790325948.956422084,Phase1_Baseline,308
1790325949.034596026,Phase1_Baseline,309
1790325949.112397612,Phase1_Baseline,309
1790325949.175002428,Phase1_Baseline,309
1790325949.246119740,Phase1_Baseline,310
1790325949.301525350,Phase1_Baseline,310
1790325949.372742898,Phase1_Baseline,310
1790325949.457900041,Phase1_Baseline,311
1790325949.528204037,Phase1_Baseline,311
1790325949.614736385,Phase1_Baseline,312
1790325949.696120028,Phase1_Baseline,312
1790325949.773883576,Phase1_Baseline,313
1790325949.852860907,Phase1_Baseline,313
1790325949.937290522,Phase1_Baseline,314
1790325950.021850327,Phase1_Baseline,314
1790325950.104177213,Phase1_Baseline,315
1790325950.172709080,Phase1_Baseline,315
1790325950.242490494,Phase1_Baseline,315
1790325950.324355991,Phase1_Baseline,316
1790325950.385405414,Phase1_Baseline,316
1790325950.463699513,Phase1_Baseline,317
1790325950.534147858,Phase1_Baseline,317
1790325950.604907143,Phase1_Baseline,318
1790325950.695492871,Phase1_Baseline,318
1790325950.777386498,Phase1_Baseline,318
1790325950.855607266,Phase1_Baseline,319
1790325950.942728069,Phase1_Baseline,319
1790325951.025244886,Phase1_Baseline,320
1790325951.111792436,Phase1_Baseline,320
1790325951.194958510,Phase1_Baseline,321
1790325951.277267516,Phase1_Baseline,321
1790325951.348740613,Phase1_Baseline,322
1790325951.431977850,Phase1_Baseline,322
1790325951.516836755,Phase1_Baseline,323
1790325951.608187960,Phase1_Baseline,323
1790325951.688610393,Phase1_Baseline,324
1790325951.780881446,Phase1_Baseline,324
1790325951.869518573,Phase1_Baseline,325
1790325951.956731982,Phase1_Baseline,325
1790325952.040638724,Phase1_Baseline,326
1790325952.127428203,Phase1_Baseline,326
1790325952.201598757,Phase1_Baseline,327
1790325952.277603253,Phase1_Baseline,327
1790325952.360984894,Phase1_Baseline,328
1790325952.443404572,Phase1_Baseline,328
1790325952.522309645,Phase1_Baseline,329
1790325952.599762850,Phase1_Baseline,329
1790325952.675450633,Phase1_Baseline,329
1790325952.748060491,Phase1_Baseline,330
1790325952.829180203,Phase1_Baseline,330
1790325952.908878814,Phase1_Baseline,331
1790325952.991128386,Phase1_Baseline,331
1790325953.075039813,Phase1_Baseline,332
1790325953.153314225,Phase1_Baseline,332
1790325953.232139855,Phase1_Baseline,333
1790325953.306392421,Phase1_Baseline,333
1790325953.392948604,Phase1_Baseline,334
1790325953.473493130,Phase1_Baseline,334
1790325953.548872599,Phase1_Baseline,334
1790325953.626611521,Phase1_Baseline,335
1790325953.710874672,Phase1_Baseline,335
1790325953.788102720,Phase1_Baseline,336
1790325953.860460812,Phase1_Baseline,336
1790325953.938785290,Phase1_Baseline,337
1790325954.019009716,Phase1_Baseline,337
1790325954.086389305,Phase1_Baseline,338
1790325954.171257840,Phase1_Baseline,338
1790325954.255551114,Phase1_Baseline,339
1790325954.332986321,Phase1_Baseline,339
1790325954.399558981,Phase1_Baseline,339
1790325954.482503694,Phase1_Baseline,340
1790325954.558707640,Phase1_Baseline,340
1790325954.615402362,Phase1_Baseline,341
1790325954.673826648,Phase1_Baseline,341
1790325954.741186846,Phase1_Baseline,341
1790325954.795932648,Phase1_Baseline,342
1790325954.875551559,Phase1_Baseline,342
1790325954.956279621,Phase1_Baseline,343
1790325955.041981444,Phase1_Baseline,343
1790325955.125490155,Phase1_Baseline,344
1790325955.189627353,Phase1_Baseline,344
1790325955.268373637,Phase1_Baseline,344
1790325955.352192438,Phase1_Baseline,345
1790325955.429194209,Phase1_Baseline,345
1790325955.510044949,Phase1_Baseline,346
1790325955.595304517,Phase1_Baseline,346
1790325955.675376423,Phase1_Baseline,347
1790325955.758335449,Phase1_Baseline,347
1790325955.845249426,Phase1_Baseline,348
1790325955.926844551,Phase1_Baseline,348
1790325956.000320619,Phase1_Baseline,349
1790325956.080419676,Phase1_Baseline,349
1790325956.164051320,Phase1_Baseline,349
1790325956.238854815,Phase1_Baseline,350
1790325956.315263009,Phase1_Baseline,350
1790325956.395812441,Phase1_Baseline,351
1790325956.476266914,Phase1_Baseline,351
1790325956.559418814,Phase1_Baseline,352
1790325956.639094090,Phase1_Baseline,352
1790325956.721102487,Phase1_Baseline,353
1790325956.791257482,Phase1_Baseline,353
1790325956.867503457,Phase1_Baseline,354
1790325956.949075066,Phase1_Baseline,354
1790325957.028036300,Phase1_Baseline,355
1790325957.107487967,Phase1_Baseline,355
1790325957.198307574,Phase1_Baseline,356
1790325957.256627419,Phase1_Baseline,356
1790325957.324556012,Phase1_Baseline,356
1790325957.410244977,Phase1_Baseline,357
1790325957.486110547,Phase1_Baseline,357
1790325957.557218720,Phase1_Baseline,358
1790325957.640460850,Phase1_Baseline,358
1790325957.722036104,Phase1_Baseline,359
1790325957.802432302,Phase1_Baseline,359
1790325957.866933024,Phase1_Baseline,359
1790325957.945870890,Phase1_Baseline,360
1790325958.003000081,Phase1_Baseline,360
1790325958.065147898,Phase1_Baseline,361
1790325958.148464737,Phase1_Baseline,361
1790325958.236294811,Phase1_Baseline,361
1790325958.293200759,Phase1_Baseline,362
1790325958.365801161,Phase1_Baseline,362
1790325958.436348113,Phase1_Baseline,363
1790325958.485613578,Phase1_Baseline,363
1790325958.546375631,Phase1_Baseline,363
1790325958.618703667,Phase1_Baseline,364
1790325958.692581964,Phase1_Baseline,364
1790325958.770789818,Phase1_Baseline,365
1790325958.848604463,Phase1_Baseline,365
1790325958.934942270,Phase1_Baseline,366
1790325959.011771075,Phase1_Baseline,366
1790325959.099065333,Phase1_Baseline,366
1790325959.155987725,Phase1_Baseline,367
1790325959.235392279,Phase1_Baseline,367
1790325959.298046006,Phase1_Baseline,368
1790325959.361388941,Phase1_Baseline,368
1790325959.451042933,Phase1_Baseline,368
1790325959.525531635,Phase1_Baseline,369
1790325959.603034929,Phase1_Baseline,369
1790325959.689400784,Phase1_Baseline,370
1790325959.766283166,Phase1_Baseline,370
1790325959.839042577,Phase1_Baseline,371
1790325959.919116890,Phase1_Baseline,371
1790325959.990115088,Phase1_Baseline,372
1790325960.068586767,Phase1_Baseline,372
1790325960.152854093,Phase1_Baseline,372
1790325960.235201225,Phase1_Baseline,373
1790325960.317760299,Phase1_Baseline,373
1790325960.385850784,Phase1_Baseline,374
1790325960.473484012,Phase1_Baseline,374
1790325960.541573916,Phase1_Baseline,375
1790325960.621490625,Phase1_Baseline,375
1790325960.710967179,Phase1_Baseline,376
1790325960.788961761,Phase1_Baseline,376
1790325960.871881277,Phase1_Baseline,377
1790325960.960432407,Phase1_Baseline,377
1790325961.048520092,Phase1_Baseline,378
1790325961.133004803,Phase1_Baseline,378
1790325961.211075910,Phase1_Baseline,379
1790325961.300360073,Phase1_Baseline,379
1790325961.387189688,Phase1_Baseline,380
1790325961.469207522,Phase1_Baseline,380
1790325961.552787241,Phase1_Baseline,381
1790325961.636917256,Phase1_Baseline,381
1790325961.717342069,Phase1_Baseline,381
1790325961.797514898,Phase1_Baseline,382
1790325961.882467694,Phase1_Baseline,382
1790325961.955352192,Phase1_Baseline,383
1790325962.038830160,Phase1_Baseline,383
1790325962.106912684,Phase1_Baseline,384
1790325962.176047019,Phase1_Baseline,384
1790325962.260083703,Phase1_Baseline,385
1790325962.343391199,Phase1_Baseline,385
1790325962.417907290,Phase1_Baseline,386
1790325962.512366419,Phase1_Baseline,386
1790325962.594700890,Phase1_Baseline,387
1790325962.684426029,Phase1_Baseline,387
1790325962.770256344,Phase1_Baseline,388
1790325962.849420239,Phase1_Baseline,388
1790325962.930586888,Phase1_Baseline,389
1790325963.004962980,Phase1_Baseline,389
1790325963.088956588,Phase1_Baseline,390
1790325963.162927365,Phase1_Baseline,390
1790325963.246513164,Phase1_Baseline,390
1790325963.318841829,Phase1_Baseline,391
1790325963.388114577,Phase1_Baseline,391
1790325963.469147600,Phase1_Baseline,392
1790325963.547981152,Phase1_Baseline,392
1790325963.637143266,Phase1_Baseline,393
1790325963.716069319,Phase1_Baseline,393
1790325963.790151142,Phase1_Baseline,394
1790325963.862562996,Phase1_Baseline,394
1790325963.950159836,Phase1_Baseline,395
1790325964.029575140,Phase1_Baseline,395
1790325964.115504495,Phase1_Baseline,395
1790325964.198226868,Phase1_Baseline,396
1790325964.278813746,Phase1_Baseline,396
1790325964.355289127,Phase1_Baseline,397
1790325964.437179080,Phase1_Baseline,397
1790325964.519576272,Phase1_Baseline,398
1790325964.591716171,Phase1_Baseline,398
1790325964.673404372,Phase1_Baseline,399
1790325964.755035547,Phase1_Baseline,399
1790325964.830196863,Phase1_Baseline,400
1790325964.892409088,Phase1_Baseline,400
1790325964.973040712,Phase1_Baseline,400
1790325965.035778295,Phase1_Baseline,401
1790325965.108918659,Phase1_Baseline,401
1790325965.184216860,Phase1_Baseline,402
1790325965.264357300,Phase1_Baseline,402
1790325965.350597239,Phase1_Baseline,403
1790325965.434212757,Phase1_Baseline,403
1790325965.519233089,Phase1_Baseline,404
1790325965.589164803,Phase1_Baseline,404
1790325965.669354738,Phase1_Baseline,404
1790325965.752024555,Phase1_Baseline,405
1790325965.831915270,Phase1_Baseline,405
1790325965.919304127,Phase1_Baseline,406
1790325965.999405032,Phase1_Baseline,406
1790325966.078231635,Phase1_Baseline,407
1790325966.159176409,Phase1_Baseline,407
1790325966.245125215,Phase1_Baseline,408
1790325966.325702516,Phase1_Baseline,408
1790325966.404428662,Phase1_Baseline,409
1790325966.492113636,Phase1_Baseline,409
1790325966.576225759,Phase1_Baseline,410
1790325966.657732468,Phase1_Baseline,410
1790325966.738746647,Phase1_Baseline,411
1790325966.829155317,Phase1_Baseline,411
1790325966.909886762,Phase1_Baseline,412
1790325966.989737395,Phase1_Baseline,412
1790325967.068410318,Phase1_Baseline,412
1790325967.150169449,Phase1_Baseline,413
1790325967.231407220,Phase1_Baseline,413
1790325967.307023768,Phase1_Baseline,414
1790325967.386152267,Phase1_Baseline,414
1790325967.466519296,Phase1_Baseline,415
1790325967.549976304,Phase1_Baseline,415
1790325967.631756895,Phase1_Baseline,416
1790325967.708353132,Phase1_Baseline,416
1790325967.792855424,Phase1_Baseline,417
1790325967.872863989,Phase1_Baseline,417
1790325967.948494237,Phase1_Baseline,417
1790325968.024512191,Phase1_Baseline,418
1790325968.092415929,Phase1_Baseline,418
1790325968.171886752,Phase1_Baseline,419
1790325968.231176542,Phase1_Baseline,419
1790325968.287445840,Phase1_Baseline,419
1790325968.358537758,Phase1_Baseline,420
1790325968.419235155,Phase1_Baseline,420
1790325968.473153460,Phase1_Baseline,421
1790325968.526181312,Phase1_Baseline,421
1790325968.589512935,Phase1_Baseline,421
1790325968.650589573,Phase1_Baseline,422
1790325968.725182539,Phase1_Baseline,422
1790325968.799625990,Phase1_Baseline,422
1790325968.880151797,Phase1_Baseline,423
1790325968.945460087,Phase1_Baseline,423
1790325969.021182910,Phase1_Baseline,424
1790325969.096202588,Phase1_Baseline,424
1790325969.168665361,Phase1_Baseline,425
1790325969.224027471,Phase1_Baseline,425
1790325969.306036054,Phase1_Baseline,425
1790325969.388530984,Phase1_Baseline,426
1790325969.473222783,Phase1_Baseline,426
1790325969.550506032,Phase1_Baseline,427
1790325969.638208589,Phase1_Baseline,427
1790325969.722158645,Phase1_Baseline,428
1790325969.805169660,Phase1_Baseline,428
1790325969.886274344,Phase1_Baseline,429
1790325969.976421896,Phase1_Baseline,429
1790325970.060874939,Phase1_Baseline,430
1790325970.158138125,Phase1_Baseline,430
1790325970.240574453,Phase1_Baseline,431
1790325970.307899507,Phase1_Baseline,431
1790325970.393103251,Phase1_Baseline,432
1790325970.479138915,Phase1_Baseline,432
1790325970.563917680,Phase1_Baseline,433
1790325970.627235850,Phase1_Baseline,433
1790325970.706276988,Phase1_Baseline,433
1790325970.777531531,Phase1_Baseline,434
1790325970.853525636,Phase1_Baseline,434
1790325970.925829131,Phase1_Baseline,435
1790325971.008184988,Phase1_Baseline,435
1790325971.088329533,Phase1_Baseline,436
1790325971.169258807,Phase1_Baseline,436
1790325971.251546078,Phase1_Baseline,436
1790325971.326562164,Phase1_Baseline,437
1790325971.413588760,Phase1_Baseline,437
1790325971.494755136,Phase1_Baseline,438
1790325971.573600979,Phase1_Baseline,438
1790325971.643533407,Phase1_Baseline,439
1790325971.720846346,Phase1_Baseline,439
1790325971.805156600,Phase1_Baseline,440
1790325971.863268165,Phase1_Baseline,440
1790325971.940012698,Phase1_Baseline,440
1790325972.019730014,Phase1_Baseline,441
1790325972.104865694,Phase1_Baseline,441
1790325972.186989247,Phase1_Baseline,442
1790325972.269221269,Phase1_Baseline,442
1790325972.356475292,Phase1_Baseline,443
1790325972.438973860,Phase1_Baseline,443
1790325972.525101378,Phase1_Baseline,444
1790325972.610975509,Phase1_Baseline,444
1790325972.696496877,Phase1_Baseline,445
1790325972.775923311,Phase1_Baseline,445
1790325972.857182537,Phase1_Baseline,446
1790325972.937909274,Phase1_Baseline,446
1790325973.014506969,Phase1_Baseline,447
1790325973.093147532,Phase1_Baseline,447
1790325973.173770951,Phase1_Baseline,448
1790325973.256029832,Phase1_Baseline,448
1790325973.339323654,Phase1_Baseline,449
1790325973.416010183,Phase1_Baseline,449
1790325973.497314858,Phase1_Baseline,449
1790325973.577929327,Phase1_Baseline,450
1790325973.659282844,Phase1_Baseline,450
1790325973.749335640,Phase1_Baseline,451
1790325976.365163429,Phase2_Migrated,10
1790325976.466717725,Phase2_Migrated,10
1790325976.551327272,Phase2_Migrated,10
1790325976.630375848,Phase2_Migrated,10
1790325976.724722006,Phase2_Migrated,20
1790325976.814948761,Phase2_Migrated,20
1790325976.908949516,Phase2_Migrated,40
1790325977.001612418,Phase2_Migrated,80
1790325977.097113090,Phase2_Migrated,80
1790325977.190514478,Phase2_Migrated,158
1790325977.270237567,Phase2_Migrated,158
1790325977.340142547,Phase2_Migrated,316
1790325977.441835664,Phase2_Migrated,316
1790325977.535591740,Phase2_Migrated,622
1790325977.628812198,Phase2_Migrated,663
1790325977.723411262,Phase2_Migrated,1044
1790325977.814375012,Phase2_Migrated,911
1790325977.908509517,Phase2_Migrated,708
1790325977.991200077,Phase2_Migrated,539
1790325978.076259310,Phase2_Migrated,539
1790325978.145841988,Phase2_Migrated,539
1790325978.242571174,Phase2_Migrated,269
1790325978.327472006,Phase2_Migrated,269
1790325978.413710412,Phase2_Migrated,269
1790325978.468732178,Phase2_Migrated,269
1790325978.529387137,Phase2_Migrated,270
1790325978.595563503,Phase2_Migrated,270
1790325978.683106291,Phase2_Migrated,271
1790325978.760143264,Phase2_Migrated,271
1790325978.856289034,Phase2_Migrated,272
1790325978.948432665,Phase2_Migrated,272
1790325979.039414060,Phase2_Migrated,273
1790325979.129361161,Phase2_Migrated,274
1790325979.201239230,Phase2_Migrated,274
1790325979.261429355,Phase2_Migrated,274
1790325979.354290788,Phase2_Migrated,275
1790325979.451502643,Phase2_Migrated,275
1790325979.540860562,Phase2_Migrated,276
1790325979.626841923,Phase2_Migrated,276
1790325979.708490853,Phase2_Migrated,277
1790325979.796373289,Phase2_Migrated,278
1790325979.883141423,Phase2_Migrated,278
1790325979.978068096,Phase2_Migrated,279
1790325980.072023103,Phase2_Migrated,279
1790325980.164553324,Phase2_Migrated,280
1790325980.257236920,Phase2_Migrated,280
1790325980.342160279,Phase2_Migrated,281
1790325980.414794135,Phase2_Migrated,281
1790325980.505077243,Phase2_Migrated,282
1790325980.587232137,Phase2_Migrated,282
1790325980.678942189,Phase2_Migrated,283
1790325980.769875889,Phase2_Migrated,283
1790325980.862092415,Phase2_Migrated,284
1790325980.949756638,Phase2_Migrated,285
1790325981.037113022,Phase2_Migrated,285
1790325981.131841129,Phase2_Migrated,286
1790325981.229154545,Phase2_Migrated,286
1790325981.311047654,Phase2_Migrated,287
1790325981.394094115,Phase2_Migrated,287
1790325981.490252394,Phase2_Migrated,288
1790325981.580124383,Phase2_Migrated,288
1790325981.666474063,Phase2_Migrated,289
1790325981.757137601,Phase2_Migrated,289
1790325981.849850996,Phase2_Migrated,290
1790325981.944238045,Phase2_Migrated,291
1790325982.043104730,Phase2_Migrated,291
1790325982.136992527,Phase2_Migrated,292
1790325982.228805575,Phase2_Migrated,292
1790325982.324279194,Phase2_Migrated,293
1790325982.420091385,Phase2_Migrated,293
1790325982.518428209,Phase2_Migrated,294
1790325982.613040820,Phase2_Migrated,295
1790325982.710644563,Phase2_Migrated,295
1790325982.802346794,Phase2_Migrated,296
1790325982.890024248,Phase2_Migrated,296
1790325982.978823517,Phase2_Migrated,297
1790325983.072128659,Phase2_Migrated,297
1790325983.168502046,Phase2_Migrated,298
1790325983.266608800,Phase2_Migrated,299
1790325983.367219230,Phase2_Migrated,299
1790325983.463131562,Phase2_Migrated,300
1790325983.556552822,Phase2_Migrated,300
1790325983.647397209,Phase2_Migrated,301
1790325983.723218293,Phase2_Migrated,301
1790325983.804478964,Phase2_Migrated,302
1790325983.897418137,Phase2_Migrated,302
1790325983.985209323,Phase2_Migrated,303
1790325984.070478677,Phase2_Migrated,303
1790325984.166421304,Phase2_Migrated,304
1790325984.245307403,Phase2_Migrated,304
1790325984.317232519,Phase2_Migrated,305
1790325984.407590533,Phase2_Migrated,305
1790325984.474386915,Phase2_Migrated,306
1790325984.556881033,Phase2_Migrated,306
1790325984.644787718,Phase2_Migrated,307
1790325984.733419852,Phase2_Migrated,307
1790325984.824922784,Phase2_Migrated,308
1790325984.920901018,Phase2_Migrated,308
1790325984.993925955,Phase2_Migrated,309
1790325985.059425931,Phase2_Migrated,309
1790325985.144251215,Phase2_Migrated,310
1790325985.233963880,Phase2_Migrated,310
1790325985.323461990,Phase2_Migrated,311
1790325985.383644158,Phase2_Migrated,311
1790325985.461328530,Phase2_Migrated,312
1790325985.553167254,Phase2_Migrated,312
1790325985.640403080,Phase2_Migrated,313
1790325985.727345505,Phase2_Migrated,313
1790325985.822351611,Phase2_Migrated,314
1790325985.909426811,Phase2_Migrated,314
1790325986.002027442,Phase2_Migrated,315
1790325986.098183060,Phase2_Migrated,315
1790325986.159334318,Phase2_Migrated,316
1790325986.247284140,Phase2_Migrated,316
1790325986.333887554,Phase2_Migrated,317
1790325986.423548396,Phase2_Migrated,317
1790325986.503044627,Phase2_Migrated,318
1790325986.596344999,Phase2_Migrated,318
1790325986.677565787,Phase2_Migrated,319
1790325986.759967425,Phase2_Migrated,319
1790325986.843630642,Phase2_Migrated,319
1790325986.925736447,Phase2_Migrated,320
1790325987.017807721,Phase2_Migrated,321
1790325987.110286441,Phase2_Migrated,321
1790325987.198748543,Phase2_Migrated,322
1790325987.295477593,Phase2_Migrated,322
1790325987.390407870,Phase2_Migrated,323
1790325987.476325431,Phase2_Migrated,323
1790325987.577568984,Phase2_Migrated,324
1790325987.680896056,Phase2_Migrated,324
1790325987.759498543,Phase2_Migrated,325
1790325987.847201098,Phase2_Migrated,325
1790325987.938099350,Phase2_Migrated,326
1790325988.030807772,Phase2_Migrated,326
1790325988.106813042,Phase2_Migrated,327
1790325988.203241585,Phase2_Migrated,327
1790325988.293195900,Phase2_Migrated,328
1790325988.385177348,Phase2_Migrated,328
1790325988.452085398,Phase2_Migrated,329
1790325988.510222118,Phase2_Migrated,329
1790325988.587117265,Phase2_Migrated,330
1790325988.667095759,Phase2_Migrated,330
1790325988.769050235,Phase2_Migrated,331
1790325988.863115299,Phase2_Migrated,331
1790325988.959113822,Phase2_Migrated,332
1790325989.055135045,Phase2_Migrated,332
1790325989.144562595,Phase2_Migrated,333
1790325989.217600751,Phase2_Migrated,333
1790325989.303244771,Phase2_Migrated,334
1790325989.399552291,Phase2_Migrated,334
1790325989.472969087,Phase2_Migrated,335
1790325989.564037072,Phase2_Migrated,335
1790325989.669753124,Phase2_Migrated,336
1790325989.761350495,Phase2_Migrated,336
1790325989.848028803,Phase2_Migrated,337
1790325989.941496287,Phase2_Migrated,337
1790325990.037747181,Phase2_Migrated,338
1790325990.128005809,Phase2_Migrated,338
1790325990.215634431,Phase2_Migrated,339
1790325990.310490888,Phase2_Migrated,340
1790325990.409239889,Phase2_Migrated,340
1790325990.498116972,Phase2_Migrated,341
1790325990.586464335,Phase2_Migrated,341
1790325990.651865890,Phase2_Migrated,341
1790325990.727278601,Phase2_Migrated,342
1790325990.822438930,Phase2_Migrated,342
1790325990.905193026,Phase2_Migrated,343
1790325990.990093421,Phase2_Migrated,343
1790325991.086575659,Phase2_Migrated,344
1790325991.161738698,Phase2_Migrated,344
1790325991.238757378,Phase2_Migrated,345
1790325991.315024451,Phase2_Migrated,345
1790325991.407489679,Phase2_Migrated,346
1790325991.498347384,Phase2_Migrated,346
1790325991.594730746,Phase2_Migrated,347
1790325991.684619794,Phase2_Migrated,347
1790325991.781743681,Phase2_Migrated,348
1790325991.869297033,Phase2_Migrated,348
1790325991.962777758,Phase2_Migrated,349
1790325992.056002844,Phase2_Migrated,350
1790325992.150340511,Phase2_Migrated,350
1790325992.244410620,Phase2_Migrated,351
1790325992.329464467,Phase2_Migrated,351
1790325992.414979275,Phase2_Migrated,352
1790325992.508595846,Phase2_Migrated,352
1790325992.603850821,Phase2_Migrated,353
1790325992.696845571,Phase2_Migrated,353
1790325992.784460135,Phase2_Migrated,354
1790325992.869057077,Phase2_Migrated,354
1790325992.936960658,Phase2_Migrated,355
1790325993.023778836,Phase2_Migrated,355
1790325993.119555403,Phase2_Migrated,356
1790325993.202895180,Phase2_Migrated,356
1790325993.280215303,Phase2_Migrated,357
1790325993.364335859,Phase2_Migrated,357
1790325993.453131291,Phase2_Migrated,358
1790325993.540935938,Phase2_Migrated,358
1790325993.633946908,Phase2_Migrated,359
1790325993.728926371,Phase2_Migrated,359
1790325993.823013625,Phase2_Migrated,360
1790325993.918416538,Phase2_Migrated,360
1790325994.005543662,Phase2_Migrated,361
1790325994.084582496,Phase2_Migrated,361
1790325994.170920801,Phase2_Migrated,362
1790325994.257574936,Phase2_Migrated,362
1790325994.347856756,Phase2_Migrated,363
1790325994.444250619,Phase2_Migrated,363
1790325994.540518984,Phase2_Migrated,364
1790325994.632127089,Phase2_Migrated,364
1790325994.724207869,Phase2_Migrated,365
1790325994.819846276,Phase2_Migrated,365
1790325994.895464057,Phase2_Migrated,366
1790325994.963928309,Phase2_Migrated,366
1790325995.034265712,Phase2_Migrated,367
1790325995.114202187,Phase2_Migrated,367
1790325995.194973125,Phase2_Migrated,368
1790325995.288526259,Phase2_Migrated,368
1790325995.382080808,Phase2_Migrated,369
1790325995.478387378,Phase2_Migrated,369
1790325995.572476408,Phase2_Migrated,370
1790325995.670414750,Phase2_Migrated,370
1790325995.764605845,Phase2_Migrated,371
1790325995.861791199,Phase2_Migrated,371
1790325995.956164831,Phase2_Migrated,372
1790325996.054198070,Phase2_Migrated,373
1790325996.151536415,Phase2_Migrated,373
1790325996.248113598,Phase2_Migrated,374
1790325996.316366041,Phase2_Migrated,374
1790325996.399395124,Phase2_Migrated,375
1790325996.488462178,Phase2_Migrated,375
1790325996.578989453,Phase2_Migrated,376
1790325996.673946108,Phase2_Migrated,376
1790325996.758104930,Phase2_Migrated,377
1790325996.843974862,Phase2_Migrated,377
1790325996.924993674,Phase2_Migrated,378
1790325997.008983658,Phase2_Migrated,378
1790325997.093978135,Phase2_Migrated,379
1790325997.188603375,Phase2_Migrated,379
1790325997.281354936,Phase2_Migrated,380
1790325997.382284012,Phase2_Migrated,380
1790325997.484041905,Phase2_Migrated,381
1790325997.578372737,Phase2_Migrated,381
1790325997.680245436,Phase2_Migrated,382
1790325997.761552835,Phase2_Migrated,382
1790325997.855343879,Phase2_Migrated,383
1790325997.957914839,Phase2_Migrated,383
1790325998.038228122,Phase2_Migrated,384
1790325998.133879986,Phase2_Migrated,384
1790325998.216825038,Phase2_Migrated,385
1790325998.299885851,Phase2_Migrated,385
1790325998.375978448,Phase2_Migrated,386
1790325998.454133393,Phase2_Migrated,386
1790325998.509355947,Phase2_Migrated,387
1790325998.575952331,Phase2_Migrated,387
1790325998.639931011,Phase2_Migrated,387
1790325998.712281496,Phase2_Migrated,388
1790325998.808459415,Phase2_Migrated,388
1790325998.902777852,Phase2_Migrated,389
1790325998.999025329,Phase2_Migrated,389
1790325999.089618946,Phase2_Migrated,390
1790325999.166527058,Phase2_Migrated,390
1790325999.231756201,Phase2_Migrated,391
1790325999.294503112,Phase2_Migrated,391
1790325999.385754698,Phase2_Migrated,392
1790325999.467195558,Phase2_Migrated,392
1790325999.558975080,Phase2_Migrated,393
1790325999.651281377,Phase2_Migrated,393
1790325999.740461124,Phase2_Migrated,394
1790325999.828460225,Phase2_Migrated,394
1790325999.923986234,Phase2_Migrated,395
1790326000.019279065,Phase2_Migrated,395
1790326000.110594797,Phase2_Migrated,396
1790326000.201553549,Phase2_Migrated,396
1790326000.267379819,Phase2_Migrated,397
1790326000.354598249,Phase2_Migrated,397
1790326000.447926745,Phase2_Migrated,398
1790326000.531432752,Phase2_Migrated,398
1790326000.622389472,Phase2_Migrated,399
1790326000.712942563,Phase2_Migrated,399
1790326000.802997649,Phase2_Migrated,400
1790326000.891929895,Phase2_Migrated,400
1790326000.979176762,Phase2_Migrated,401
1790326001.061549353,Phase2_Migrated,401
1790326001.155164308,Phase2_Migrated,402
1790326001.250055369,Phase2_Migrated,402
1790326001.326710259,Phase2_Migrated,403
1790326001.398466957,Phase2_Migrated,403
1790326001.497101365,Phase2_Migrated,404
1790326001.590857297,Phase2_Migrated,404
1790326001.687606196,Phase2_Migrated,405
1790326001.767564400,Phase2_Migrated,405
1790326001.852498503,Phase2_Migrated,406
1790326001.951101675,Phase2_Migrated,406
1790326002.044427241,Phase2_Migrated,407
1790326002.137012665,Phase2_Migrated,407
1790326002.217355659,Phase2_Migrated,408
1790326002.311162224,Phase2_Migrated,408
1790326002.394247028,Phase2_Migrated,409
1790326002.475042540,Phase2_Migrated,409
1790326002.570375736,Phase2_Migrated,410
1790326002.663516986,Phase2_Migrated,410
1790326002.757772888,Phase2_Migrated,411
1790326002.854929011,Phase2_Migrated,412
1790326002.935090158,Phase2_Migrated,412
1790326003.014458916,Phase2_Migrated,413
1790326003.101874436,Phase2_Migrated,413
1790326003.185810528,Phase2_Migrated,413
1790326003.278181831,Phase2_Migrated,414
1790326003.372452261,Phase2_Migrated,415
1790326003.464855945,Phase2_Migrated,415
1790326003.553333511,Phase2_Migrated,416
1790326003.644124021,Phase2_Migrated,416
1790326003.724548315,Phase2_Migrated,417
1790326003.818020359,Phase2_Migrated,417
1790326003.895171706,Phase2_Migrated,418
1790326003.984082501,Phase2_Migrated,418
1790326004.067179124,Phase2_Migrated,418
1790326004.145294395,Phase2_Migrated,419
1790326004.223378704,Phase2_Migrated,419
1790326004.294132117,Phase2_Migrated,420
1790326004.374344311,Phase2_Migrated,420
1790326004.466228145,Phase2_Migrated,421
1790326004.544320681,Phase2_Migrated,421
1790326004.630022035,Phase2_Migrated,422
1790326004.709175732,Phase2_Migrated,422
1790326004.794829026,Phase2_Migrated,423
1790326004.886156923,Phase2_Migrated,423
1790326004.945725491,Phase2_Migrated,424
1790326005.036821780,Phase2_Migrated,424
1790326005.121559240,Phase2_Migrated,425
1790326005.204013692,Phase2_Migrated,425
1790326005.303782367,Phase2_Migrated,426
1790326005.397464857,Phase2_Migrated,426
1790326005.493392459,Phase2_Migrated,427
1790326005.579376076,Phase2_Migrated,427
1790326005.669941756,Phase2_Migrated,428
1790326005.762914860,Phase2_Migrated,428
1790326005.856753551,Phase2_Migrated,429
1790326005.945369964,Phase2_Migrated,429
1790326006.050110480,Phase2_Migrated,430
1790326006.154574980,Phase2_Migrated,431
1790326006.255057965,Phase2_Migrated,431
1790326006.330271839,Phase2_Migrated,432
1790326006.421975704,Phase2_Migrated,432
1790326006.518537983,Phase2_Migrated,433
1790326006.612298053,Phase2_Migrated,433
1790326006.705203137,Phase2_Migrated,434
1790326006.805410935,Phase2_Migrated,434
1790326006.878403786,Phase2_Migrated,435
1790326006.965318176,Phase2_Migrated,435
1790326007.058113729,Phase2_Migrated,436
1790326007.148452176,Phase2_Migrated,436
1790326007.233515382,Phase2_Migrated,437
1790326007.328226629,Phase2_Migrated,437
1790326007.415779827,Phase2_Migrated,438
1790326007.504506289,Phase2_Migrated,438
1790326007.593423474,Phase2_Migrated,439
1790326007.687743906,Phase2_Migrated,439
1790326007.775115219,Phase2_Migrated,440
1790326007.867294007,Phase2_Migrated,440
1790326007.959061303,Phase2_Migrated,441
1790326008.043742723,Phase2_Migrated,441
1790326008.125874371,Phase2_Migrated,442
1790326008.215914693,Phase2_Migrated,442
1790326008.311640238,Phase2_Migrated,443
1790326008.396261668,Phase2_Migrated,444
1790326008.452942759,Phase2_Migrated,444
1790326008.514433898,Phase2_Migrated,444
1790326008.593033482,Phase2_Migrated,445
1790326008.676475415,Phase2_Migrated,445
1790326008.771894016,Phase2_Migrated,446
1790326008.868916409,Phase2_Migrated,446
1790326008.963336952,Phase2_Migrated,447
1790326009.054110160,Phase2_Migrated,447
1790326009.142976883,Phase2_Migrated,448
1790326009.219334977,Phase2_Migrated,448
1790326009.298920897,Phase2_Migrated,449
1790326009.386235085,Phase2_Migrated,449
1790326009.481168288,Phase2_Migrated,450
1790326009.567129855,Phase2_Migrated,450
1790326009.656412097,Phase2_Migrated,451
1790326009.745468114,Phase2_Migrated,451
1790326009.832165236,Phase2_Migrated,452
1790326009.926197335,Phase2_Migrated,452
1790326010.010101307,Phase2_Migrated,453
1790326010.096169668,Phase2_Migrated,453
1790326010.190005666,Phase2_Migrated,454
1790326010.270220997,Phase2_Migrated,454
1790326011.703627019,Uninterrupted_Baseline,1
1790326011.787571410,Uninterrupted_Baseline,1
1790326011.877340874,Uninterrupted_Baseline,1
1790326011.955975475,Uninterrupted_Baseline,1
1790326012.048377338,Uninterrupted_Baseline,1
1790326012.124325148,Uninterrupted_Baseline,1
1790326012.204015133,Uninterrupted_Baseline,1
1790326012.285520967,Uninterrupted_Baseline,1
1790326012.358167545,Uninterrupted_Baseline,1
1790326012.436644090,Uninterrupted_Baseline,1
1790326012.512281815,Uninterrupted_Baseline,1
1790326012.594249494,Uninterrupted_Baseline,1
1790326012.676150516,Uninterrupted_Baseline,1
1790326012.759989991,Uninterrupted_Baseline,1
1790326012.847150789,Uninterrupted_Baseline,1
1790326012.926935552,Uninterrupted_Baseline,1
1790326013.011740532,Uninterrupted_Baseline,1
1790326013.093531778,Uninterrupted_Baseline,1
1790326013.176797679,Uninterrupted_Baseline,1
1790326013.261703575,Uninterrupted_Baseline,1
1790326013.345911399,Uninterrupted_Baseline,1
1790326013.425798346,Uninterrupted_Baseline,1
1790326013.506297515,Uninterrupted_Baseline,1
1790326013.584402926,Uninterrupted_Baseline,1
1790326013.666786863,Uninterrupted_Baseline,1
1790326013.745106789,Uninterrupted_Baseline,1
1790326013.822932321,Uninterrupted_Baseline,1
1790326013.902365347,Uninterrupted_Baseline,1
1790326013.984776474,Uninterrupted_Baseline,1
1790326014.077560353,Uninterrupted_Baseline,1
1790326014.158804127,Uninterrupted_Baseline,1
1790326014.241019697,Uninterrupted_Baseline,1
1790326014.241019697,Uninterrupted_Baseline,10
1790326014.312439969,Uninterrupted_Baseline,1
1790326014.312439969,Uninterrupted_Baseline,10
1790326014.393789055,Uninterrupted_Baseline,1
1790326014.393789055,Uninterrupted_Baseline,20
1790326014.476858017,Uninterrupted_Baseline,1
1790326014.476858017,Uninterrupted_Baseline,20
1790326014.556721531,Uninterrupted_Baseline,1
1790326014.556721531,Uninterrupted_Baseline,40
1790326014.622497969,Uninterrupted_Baseline,1
1790326014.622497969,Uninterrupted_Baseline,40
1790326014.689719338,Uninterrupted_Baseline,1
1790326014.689719338,Uninterrupted_Baseline,80
1790326014.763788121,Uninterrupted_Baseline,1
1790326014.763788121,Uninterrupted_Baseline,80
1790326014.826520097,Uninterrupted_Baseline,1
1790326014.826520097,Uninterrupted_Baseline,80
1790326014.909376050,Uninterrupted_Baseline,1
1790326014.909376050,Uninterrupted_Baseline,160
1790326014.967704823,Uninterrupted_Baseline,1
1790326014.967704823,Uninterrupted_Baseline,160
1790326015.034021829,Uninterrupted_Baseline,1
1790326015.034021829,Uninterrupted_Baseline,320
1790326015.098821942,Uninterrupted_Baseline,1
1790326015.098821942,Uninterrupted_Baseline,320
1790326015.164925287,Uninterrupted_Baseline,1
1790326015.164925287,Uninterrupted_Baseline,375
1790326015.250222156,Uninterrupted_Baseline,1
1790326015.250222156,Uninterrupted_Baseline,640
1790326015.335738514,Uninterrupted_Baseline,1
1790326015.335738514,Uninterrupted_Baseline,741
1790326015.416804013,Uninterrupted_Baseline,1
1790326015.416804013,Uninterrupted_Baseline,1093
1790326015.506124481,Uninterrupted_Baseline,1
1790326015.506124481,Uninterrupted_Baseline,914
1790326015.595031906,Uninterrupted_Baseline,1
1790326015.595031906,Uninterrupted_Baseline,728
1790326015.676154844,Uninterrupted_Baseline,1
1790326015.676154844,Uninterrupted_Baseline,561
1790326015.757123033,Uninterrupted_Baseline,1
1790326015.757123033,Uninterrupted_Baseline,546
1790326015.839171997,Uninterrupted_Baseline,1
1790326015.839171997,Uninterrupted_Baseline,546
1790326015.920603213,Uninterrupted_Baseline,1
1790326015.920603213,Uninterrupted_Baseline,386
1790326016.008251837,Uninterrupted_Baseline,1
1790326016.008251837,Uninterrupted_Baseline,273
1790326016.089218555,Uninterrupted_Baseline,1
1790326016.089218555,Uninterrupted_Baseline,273
1790326016.175897297,Uninterrupted_Baseline,1
1790326016.175897297,Uninterrupted_Baseline,274
1790326016.257380360,Uninterrupted_Baseline,1
1790326016.257380360,Uninterrupted_Baseline,274
1790326016.335049429,Uninterrupted_Baseline,1
1790326016.335049429,Uninterrupted_Baseline,275
1790326016.413829717,Uninterrupted_Baseline,1
1790326016.413829717,Uninterrupted_Baseline,275
1790326016.486519281,Uninterrupted_Baseline,1
1790326016.486519281,Uninterrupted_Baseline,276
1790326016.571438060,Uninterrupted_Baseline,1
1790326016.571438060,Uninterrupted_Baseline,276
1790326016.651385609,Uninterrupted_Baseline,1
1790326016.651385609,Uninterrupted_Baseline,277
1790326016.736583481,Uninterrupted_Baseline,1
1790326016.736583481,Uninterrupted_Baseline,277
1790326016.818965748,Uninterrupted_Baseline,1
1790326016.818965748,Uninterrupted_Baseline,278
1790326016.901782725,Uninterrupted_Baseline,1
1790326016.901782725,Uninterrupted_Baseline,278
1790326016.984732306,Uninterrupted_Baseline,1
1790326016.984732306,Uninterrupted_Baseline,279
1790326017.065831077,Uninterrupted_Baseline,1
1790326017.065831077,Uninterrupted_Baseline,279
1790326017.148309068,Uninterrupted_Baseline,1
1790326017.148309068,Uninterrupted_Baseline,280
1790326017.228014004,Uninterrupted_Baseline,1
1790326017.228014004,Uninterrupted_Baseline,280
1790326017.299704771,Uninterrupted_Baseline,1
1790326017.299704771,Uninterrupted_Baseline,280
1790326017.380632076,Uninterrupted_Baseline,1
1790326017.380632076,Uninterrupted_Baseline,281
1790326017.462939078,Uninterrupted_Baseline,1
1790326017.462939078,Uninterrupted_Baseline,281
1790326017.546555632,Uninterrupted_Baseline,1
1790326017.546555632,Uninterrupted_Baseline,282
1790326017.627321417,Uninterrupted_Baseline,1
1790326017.627321417,Uninterrupted_Baseline,282
1790326017.709540983,Uninterrupted_Baseline,1
1790326017.709540983,Uninterrupted_Baseline,283
1790326017.792224238,Uninterrupted_Baseline,1
1790326017.792224238,Uninterrupted_Baseline,283
1790326017.877008671,Uninterrupted_Baseline,1
1790326017.877008671,Uninterrupted_Baseline,284
1790326017.962357680,Uninterrupted_Baseline,1
1790326017.962357680,Uninterrupted_Baseline,284
1790326018.040816081,Uninterrupted_Baseline,1
1790326018.040816081,Uninterrupted_Baseline,285
1790326018.115746226,Uninterrupted_Baseline,1
1790326018.115746226,Uninterrupted_Baseline,285
1790326018.192281252,Uninterrupted_Baseline,1
1790326018.192281252,Uninterrupted_Baseline,286
1790326018.260859047,Uninterrupted_Baseline,1
1790326018.260859047,Uninterrupted_Baseline,286
1790326018.316337658,Uninterrupted_Baseline,1
1790326018.316337658,Uninterrupted_Baseline,287
1790326018.395824260,Uninterrupted_Baseline,1
1790326018.395824260,Uninterrupted_Baseline,287
1790326018.450838175,Uninterrupted_Baseline,1
1790326018.450838175,Uninterrupted_Baseline,287
1790326018.505268641,Uninterrupted_Baseline,1
1790326018.505268641,Uninterrupted_Baseline,288
1790326018.564712342,Uninterrupted_Baseline,1
1790326018.564712342,Uninterrupted_Baseline,288
1790326018.631037758,Uninterrupted_Baseline,1
1790326018.631037758,Uninterrupted_Baseline,289
1790326018.705506980,Uninterrupted_Baseline,1
1790326018.705506980,Uninterrupted_Baseline,289
1790326018.779395240,Uninterrupted_Baseline,1
1790326018.779395240,Uninterrupted_Baseline,289
1790326018.859445835,Uninterrupted_Baseline,1
1790326018.859445835,Uninterrupted_Baseline,290
1790326018.949892198,Uninterrupted_Baseline,1
1790326018.949892198,Uninterrupted_Baseline,290
1790326019.043748815,Uninterrupted_Baseline,1
1790326019.043748815,Uninterrupted_Baseline,291
1790326019.127817348,Uninterrupted_Baseline,1
1790326019.127817348,Uninterrupted_Baseline,291
1790326019.197058988,Uninterrupted_Baseline,1
1790326019.197058988,Uninterrupted_Baseline,292
1790326019.263996925,Uninterrupted_Baseline,1
1790326019.263996925,Uninterrupted_Baseline,292
1790326019.338400522,Uninterrupted_Baseline,1
1790326019.338400522,Uninterrupted_Baseline,293
1790326019.407159518,Uninterrupted_Baseline,1
1790326019.407159518,Uninterrupted_Baseline,293
1790326019.475324478,Uninterrupted_Baseline,1
1790326019.475324478,Uninterrupted_Baseline,294
1790326019.559099808,Uninterrupted_Baseline,1
1790326019.559099808,Uninterrupted_Baseline,294
1790326019.630846028,Uninterrupted_Baseline,1
1790326019.630846028,Uninterrupted_Baseline,294
1790326019.714386750,Uninterrupted_Baseline,1
1790326019.714386750,Uninterrupted_Baseline,295
1790326019.781892495,Uninterrupted_Baseline,1
1790326019.781892495,Uninterrupted_Baseline,295
1790326019.861935833,Uninterrupted_Baseline,1
1790326019.861935833,Uninterrupted_Baseline,296
1790326019.948907764,Uninterrupted_Baseline,1
1790326019.948907764,Uninterrupted_Baseline,296
1790326020.034264360,Uninterrupted_Baseline,1
1790326020.034264360,Uninterrupted_Baseline,297
1790326020.115218042,Uninterrupted_Baseline,1
1790326020.115218042,Uninterrupted_Baseline,297
1790326020.188901310,Uninterrupted_Baseline,1
1790326020.188901310,Uninterrupted_Baseline,298
1790326020.260500894,Uninterrupted_Baseline,1
1790326020.260500894,Uninterrupted_Baseline,298
1790326020.332473209,Uninterrupted_Baseline,1
1790326020.332473209,Uninterrupted_Baseline,299
1790326020.416864627,Uninterrupted_Baseline,1
1790326020.416864627,Uninterrupted_Baseline,299
1790326020.499726582,Uninterrupted_Baseline,1
1790326020.499726582,Uninterrupted_Baseline,300
1790326020.558559469,Uninterrupted_Baseline,1
1790326020.558559469,Uninterrupted_Baseline,300
1790326020.638992586,Uninterrupted_Baseline,1
1790326020.638992586,Uninterrupted_Baseline,300
1790326020.724971421,Uninterrupted_Baseline,1
1790326020.724971421,Uninterrupted_Baseline,301
1790326020.782951801,Uninterrupted_Baseline,301
1790326020.851054330,Uninterrupted_Baseline,302
1790326020.934229223,Uninterrupted_Baseline,302
1790326021.017580470,Uninterrupted_Baseline,303
1790326021.112820080,Uninterrupted_Baseline,303
1790326021.194871813,Uninterrupted_Baseline,304
1790326021.272629972,Uninterrupted_Baseline,304
1790326021.355595453,Uninterrupted_Baseline,305
1790326021.429883486,Uninterrupted_Baseline,305
1790326021.484635686,Uninterrupted_Baseline,305
1790326021.557302035,Uninterrupted_Baseline,306
1790326021.629426942,Uninterrupted_Baseline,306
1790326021.707799131,Uninterrupted_Baseline,307
1790326021.773507013,Uninterrupted_Baseline,307
1790326021.841821018,Uninterrupted_Baseline,307
1790326021.893344863,Uninterrupted_Baseline,308
1790326021.951882209,Uninterrupted_Baseline,308
1790326022.022826992,Uninterrupted_Baseline,308
1790326022.089111595,Uninterrupted_Baseline,309
1790326022.147049412,Uninterrupted_Baseline,309
1790326022.217354406,Uninterrupted_Baseline,310
1790326022.302463115,Uninterrupted_Baseline,310
1790326022.379973364,Uninterrupted_Baseline,311
1790326022.463792020,Uninterrupted_Baseline,311
1790326022.543899960,Uninterrupted_Baseline,311
1790326022.628460717,Uninterrupted_Baseline,312
1790326022.713582345,Uninterrupted_Baseline,312
1790326022.777501676,Uninterrupted_Baseline,313
1790326022.840505291,Uninterrupted_Baseline,313
1790326022.925620523,Uninterrupted_Baseline,314
1790326023.010813558,Uninterrupted_Baseline,314
1790326023.099335609,Uninterrupted_Baseline,315
1790326023.178195266,Uninterrupted_Baseline,315
1790326023.256768457,Uninterrupted_Baseline,316
1790326023.336164015,Uninterrupted_Baseline,316
1790326023.414029212,Uninterrupted_Baseline,316
1790326023.495956019,Uninterrupted_Baseline,317
1790326023.572922327,Uninterrupted_Baseline,317
1790326023.652942188,Uninterrupted_Baseline,318
1790326023.734873861,Uninterrupted_Baseline,318
1790326023.815079106,Uninterrupted_Baseline,319
1790326023.868841748,Uninterrupted_Baseline,319
1790326023.933544473,Uninterrupted_Baseline,319
1790326023.987315943,Uninterrupted_Baseline,320
1790326024.059160298,Uninterrupted_Baseline,320
1790326024.143763709,Uninterrupted_Baseline,321
1790326024.223546121,Uninterrupted_Baseline,321
1790326024.303597160,Uninterrupted_Baseline,322
1790326024.388533962,Uninterrupted_Baseline,322
1790326024.467046882,Uninterrupted_Baseline,323
1790326024.546553141,Uninterrupted_Baseline,323
1790326024.615747876,Uninterrupted_Baseline,323
1790326024.698454686,Uninterrupted_Baseline,324
1790326024.788417322,Uninterrupted_Baseline,324
1790326024.842061438,Uninterrupted_Baseline,325
1790326024.913755670,Uninterrupted_Baseline,325
1790326024.979911560,Uninterrupted_Baseline,326
1790326025.061604345,Uninterrupted_Baseline,326
1790326025.154301221,Uninterrupted_Baseline,326
1790326025.227981298,Uninterrupted_Baseline,327
1790326025.309786095,Uninterrupted_Baseline,327
1790326025.390960129,Uninterrupted_Baseline,328
1790326025.457282178,Uninterrupted_Baseline,328
1790326025.527117684,Uninterrupted_Baseline,329
1790326025.616531868,Uninterrupted_Baseline,329
1790326025.701860613,Uninterrupted_Baseline,330
1790326025.769459983,Uninterrupted_Baseline,330
1790326025.855943004,Uninterrupted_Baseline,331
1790326025.943019656,Uninterrupted_Baseline,331
1790326026.026582455,Uninterrupted_Baseline,332
1790326026.111591195,Uninterrupted_Baseline,332
1790326026.198606363,Uninterrupted_Baseline,333
1790326026.284148416,Uninterrupted_Baseline,333
1790326026.355142752,Uninterrupted_Baseline,333
1790326026.437003164,Uninterrupted_Baseline,334
1790326026.521230519,Uninterrupted_Baseline,334
1790326026.598130996,Uninterrupted_Baseline,335
1790326026.677621182,Uninterrupted_Baseline,335
1790326026.747938372,Uninterrupted_Baseline,336
1790326026.830797074,Uninterrupted_Baseline,336
1790326026.915781385,Uninterrupted_Baseline,337
1790326027.004074953,Uninterrupted_Baseline,337
1790326027.088167856,Uninterrupted_Baseline,338
1790326027.166536619,Uninterrupted_Baseline,338
1790326027.252834465,Uninterrupted_Baseline,339
1790326027.339998113,Uninterrupted_Baseline,339
1790326027.423136128,Uninterrupted_Baseline,340
1790326027.492148315,Uninterrupted_Baseline,340
1790326027.578835438,Uninterrupted_Baseline,340
1790326027.663639627,Uninterrupted_Baseline,341
1790326027.745994445,Uninterrupted_Baseline,341
1790326027.832751543,Uninterrupted_Baseline,342
1790326027.905189344,Uninterrupted_Baseline,342
1790326027.986781952,Uninterrupted_Baseline,343
1790326028.068470058,Uninterrupted_Baseline,343
1790326028.145220690,Uninterrupted_Baseline,344
1790326028.225524113,Uninterrupted_Baseline,344
1790326028.285943708,Uninterrupted_Baseline,345
1790326028.358157857,Uninterrupted_Baseline,345
1790326028.427441677,Uninterrupted_Baseline,345
1790326028.480890734,Uninterrupted_Baseline,346
1790326028.549299514,Uninterrupted_Baseline,346
1790326028.607689179,Uninterrupted_Baseline,346
1790326028.661720203,Uninterrupted_Baseline,347
1790326028.720355158,Uninterrupted_Baseline,347
1790326028.779772728,Uninterrupted_Baseline,347
1790326028.852856406,Uninterrupted_Baseline,348
1790326028.930973822,Uninterrupted_Baseline,348
1790326029.000546591,Uninterrupted_Baseline,349
1790326029.085639270,Uninterrupted_Baseline,349
1790326029.157595754,Uninterrupted_Baseline,350
1790326029.226757605,Uninterrupted_Baseline,350
1790326029.301479791,Uninterrupted_Baseline,351
1790326029.372255562,Uninterrupted_Baseline,351
1790326029.453296250,Uninterrupted_Baseline,351
1790326029.538601463,Uninterrupted_Baseline,352
1790326029.621551427,Uninterrupted_Baseline,352
1790326029.705337699,Uninterrupted_Baseline,353
1790326029.778160806,Uninterrupted_Baseline,353
1790326029.859980888,Uninterrupted_Baseline,354
1790326029.939376179,Uninterrupted_Baseline,354
1790326030.019735783,Uninterrupted_Baseline,355
1790326030.098977180,Uninterrupted_Baseline,355
1790326030.182041079,Uninterrupted_Baseline,356
1790326030.260496482,Uninterrupted_Baseline,356
1790326030.325974819,Uninterrupted_Baseline,356
1790326030.399931391,Uninterrupted_Baseline,357
1790326030.487137186,Uninterrupted_Baseline,357
1790326030.570223914,Uninterrupted_Baseline,358
1790326030.658983470,Uninterrupted_Baseline,358
1790326030.740682702,Uninterrupted_Baseline,359
1790326030.797547473,Uninterrupted_Baseline,359
1790326030.873160269,Uninterrupted_Baseline,360
1790326030.957906079,Uninterrupted_Baseline,360
1790326031.049025255,Uninterrupted_Baseline,361
1790326031.132747223,Uninterrupted_Baseline,361
1790326031.220553018,Uninterrupted_Baseline,362
1790326031.312207950,Uninterrupted_Baseline,362
1790326031.388304748,Uninterrupted_Baseline,363
1790326031.474769571,Uninterrupted_Baseline,363
1790326031.551616350,Uninterrupted_Baseline,363
1790326031.637952046,Uninterrupted_Baseline,364
1790326031.724778020,Uninterrupted_Baseline,364
1790326031.811334697,Uninterrupted_Baseline,365
1790326031.893264789,Uninterrupted_Baseline,365
1790326031.988110730,Uninterrupted_Baseline,366
1790326032.073790349,Uninterrupted_Baseline,366
1790326032.159518038,Uninterrupted_Baseline,367
1790326032.243725278,Uninterrupted_Baseline,367
1790326032.327034888,Uninterrupted_Baseline,368
1790326032.411947515,Uninterrupted_Baseline,368
1790326032.502575174,Uninterrupted_Baseline,369
1790326032.578754990,Uninterrupted_Baseline,369
1790326032.647817053,Uninterrupted_Baseline,370
1790326032.716605596,Uninterrupted_Baseline,370
1790326032.794374735,Uninterrupted_Baseline,371
1790326032.872216196,Uninterrupted_Baseline,371
1790326032.950521660,Uninterrupted_Baseline,371
1790326033.042219990,Uninterrupted_Baseline,372
1790326033.123960917,Uninterrupted_Baseline,372
1790326033.199332516,Uninterrupted_Baseline,373
1790326033.283955078,Uninterrupted_Baseline,373
1790326033.364976683,Uninterrupted_Baseline,374
1790326033.450497234,Uninterrupted_Baseline,374
1790326033.533843016,Uninterrupted_Baseline,375
1790326033.619198804,Uninterrupted_Baseline,375
1790326033.700855399,Uninterrupted_Baseline,376
1790326033.771847912,Uninterrupted_Baseline,376
1790326033.860800612,Uninterrupted_Baseline,377
1790326033.944088633,Uninterrupted_Baseline,377
1790326034.028820782,Uninterrupted_Baseline,378
1790326034.093543423,Uninterrupted_Baseline,378
1790326034.173931116,Uninterrupted_Baseline,378
1790326034.236778401,Uninterrupted_Baseline,379
1790326034.321874429,Uninterrupted_Baseline,379
1790326034.404476127,Uninterrupted_Baseline,380
1790326034.491491378,Uninterrupted_Baseline,380
1790326034.574085908,Uninterrupted_Baseline,381
1790326034.645055574,Uninterrupted_Baseline,381
1790326034.726316401,Uninterrupted_Baseline,382
1790326034.796882703,Uninterrupted_Baseline,382
1790326034.869569120,Uninterrupted_Baseline,382
1790326034.934874214,Uninterrupted_Baseline,383
1790326035.015633099,Uninterrupted_Baseline,383
1790326035.101905649,Uninterrupted_Baseline,384
1790326035.186487311,Uninterrupted_Baseline,384
1790326035.265034508,Uninterrupted_Baseline,385
1790326035.344942696,Uninterrupted_Baseline,385
1790326035.429013563,Uninterrupted_Baseline,386
1790326035.510122858,Uninterrupted_Baseline,386
1790326035.590715273,Uninterrupted_Baseline,387
1790326035.668191231,Uninterrupted_Baseline,387
1790326035.753427931,Uninterrupted_Baseline,388
1790326035.833718008,Uninterrupted_Baseline,388
1790326035.901954817,Uninterrupted_Baseline,388
1790326035.984033506,Uninterrupted_Baseline,389
1790326036.060039755,Uninterrupted_Baseline,389
1790326036.146569608,Uninterrupted_Baseline,390
1790326036.224245839,Uninterrupted_Baseline,390
1790326036.309231711,Uninterrupted_Baseline,391
1790326036.387859306,Uninterrupted_Baseline,391
1790326036.470963938,Uninterrupted_Baseline,392
1790326036.534350854,Uninterrupted_Baseline,392
1790326036.613365863,Uninterrupted_Baseline,392
1790326036.697871855,Uninterrupted_Baseline,393
1790326036.781471753,Uninterrupted_Baseline,393
1790326036.861779956,Uninterrupted_Baseline,394
1790326036.943615386,Uninterrupted_Baseline,394
1790326037.031282038,Uninterrupted_Baseline,395
1790326037.113347791,Uninterrupted_Baseline,395
1790326037.199868714,Uninterrupted_Baseline,396
1790326037.279525542,Uninterrupted_Baseline,396
1790326037.352086818,Uninterrupted_Baseline,397
1790326037.430604790,Uninterrupted_Baseline,397
1790326037.513895286,Uninterrupted_Baseline,398
1790326037.596829859,Uninterrupted_Baseline,398
1790326037.686107402,Uninterrupted_Baseline,399
1790326037.769865010,Uninterrupted_Baseline,399
1790326037.854533275,Uninterrupted_Baseline,400
1790326037.936836291,Uninterrupted_Baseline,400
1790326038.016164671,Uninterrupted_Baseline,400
1790326038.080984720,Uninterrupted_Baseline,401
1790326038.158282707,Uninterrupted_Baseline,401
1790326038.238890120,Uninterrupted_Baseline,402
1790326038.290322973,Uninterrupted_Baseline,402
1790326038.371338529,Uninterrupted_Baseline,402
1790326038.438616430,Uninterrupted_Baseline,403
1790326038.490382832,Uninterrupted_Baseline,403
1790326038.554389168,Uninterrupted_Baseline,403
1790326038.621507024,Uninterrupted_Baseline,404
1790326038.695706207,Uninterrupted_Baseline,404
1790326038.774077472,Uninterrupted_Baseline,405
1790326038.846242398,Uninterrupted_Baseline,405
1790326038.938000185,Uninterrupted_Baseline,406
1790326039.028517124,Uninterrupted_Baseline,406
1790326039.124050143,Uninterrupted_Baseline,407
1790326039.215944531,Uninterrupted_Baseline,407
1790326039.302138408,Uninterrupted_Baseline,408
1790326039.362074724,Uninterrupted_Baseline,408
1790326039.434860639,Uninterrupted_Baseline,409
1790326039.512409531,Uninterrupted_Baseline,409
1790326039.592434753,Uninterrupted_Baseline,410
1790326039.670017478,Uninterrupted_Baseline,410
1790326039.752544607,Uninterrupted_Baseline,411
1790326039.841267774,Uninterrupted_Baseline,411
1790326039.906109127,Uninterrupted_Baseline,411
1790326039.990171149,Uninterrupted_Baseline,412
1790326040.068770100,Uninterrupted_Baseline,412
1790326040.153497364,Uninterrupted_Baseline,413
1790326040.237607647,Uninterrupted_Baseline,413
1790326040.316349269,Uninterrupted_Baseline,414
1790326040.377505780,Uninterrupted_Baseline,414
1790326040.461905472,Uninterrupted_Baseline,415
1790326040.537217274,Uninterrupted_Baseline,415
1790326040.614057831,Uninterrupted_Baseline,416
1790326040.689909078,Uninterrupted_Baseline,416
1790326040.770226918,Uninterrupted_Baseline,416
1790326040.839311523,Uninterrupted_Baseline,417
1790326040.912049017,Uninterrupted_Baseline,417
1790326040.998781870,Uninterrupted_Baseline,418
1790326041.075970175,Uninterrupted_Baseline,418
1790326041.130116088,Uninterrupted_Baseline,418
1790326041.194077907,Uninterrupted_Baseline,419
1790326041.280346751,Uninterrupted_Baseline,419
1790326041.345560667,Uninterrupted_Baseline,420
1790326041.426092472,Uninterrupted_Baseline,420
1790326041.505832884,Uninterrupted_Baseline,421
1790326041.588115449,Uninterrupted_Baseline,421
1790326041.670349734,Uninterrupted_Baseline,422
1790326041.750120360,Uninterrupted_Baseline,422
1790326041.835234803,Uninterrupted_Baseline,423
1790326041.920181833,Uninterrupted_Baseline,423
1790326042.006942462,Uninterrupted_Baseline,423
1790326042.097213405,Uninterrupted_Baseline,424
1790326042.174955551,Uninterrupted_Baseline,424
1790326042.257799218,Uninterrupted_Baseline,425
1790326042.340192724,Uninterrupted_Baseline,425
1790326042.408954809,Uninterrupted_Baseline,426
1790326042.487323075,Uninterrupted_Baseline,426
1790326042.555786603,Uninterrupted_Baseline,427
1790326042.622968395,Uninterrupted_Baseline,427
1790326042.701986591,Uninterrupted_Baseline,428
1790326042.783960952,Uninterrupted_Baseline,428
1790326042.869512234,Uninterrupted_Baseline,428
1790326042.945524400,Uninterrupted_Baseline,429
1790326043.026447614,Uninterrupted_Baseline,429
1790326043.107831905,Uninterrupted_Baseline,430
1790326043.190277353,Uninterrupted_Baseline,430
1790326043.266808208,Uninterrupted_Baseline,431
1790326043.332423797,Uninterrupted_Baseline,431
1790326043.415198978,Uninterrupted_Baseline,432
1790326043.497278006,Uninterrupted_Baseline,432
1790326043.576893781,Uninterrupted_Baseline,433
1790326043.658512052,Uninterrupted_Baseline,433
1790326043.742492744,Uninterrupted_Baseline,433
1790326043.818242366,Uninterrupted_Baseline,434
1790326043.904788248,Uninterrupted_Baseline,434
1790326043.990076641,Uninterrupted_Baseline,435
1790326044.067872034,Uninterrupted_Baseline,435
1790326044.147529400,Uninterrupted_Baseline,436
1790326044.229994302,Uninterrupted_Baseline,436
1790326044.316544993,Uninterrupted_Baseline,437
1790326044.396881230,Uninterrupted_Baseline,437
1790326044.479873617,Uninterrupted_Baseline,438
1790326044.561158934,Uninterrupted_Baseline,438
1790326044.642580470,Uninterrupted_Baseline,439
1790326044.720393058,Uninterrupted_Baseline,439
1790326044.794565801,Uninterrupted_Baseline,440
1790326044.869835164,Uninterrupted_Baseline,440
1790326044.948611640,Uninterrupted_Baseline,440
1790326045.029517463,Uninterrupted_Baseline,441
1790326045.102206432,Uninterrupted_Baseline,441
1790326045.184600404,Uninterrupted_Baseline,442
1790326045.267789278,Uninterrupted_Baseline,442
1790326045.341109371,Uninterrupted_Baseline,443
1790326045.420275353,Uninterrupted_Baseline,443
1790326045.506888635,Uninterrupted_Baseline,444
1790326045.589354187,Uninterrupted_Baseline,444
1790326045.674755763,Uninterrupted_Baseline,445
1790326045.757706643,Uninterrupted_Baseline,445
1790326045.817878318,Uninterrupted_Baseline,445
1790326045.897471872,Uninterrupted_Baseline,446
1790326045.975793720,Uninterrupted_Baseline,446
1790326046.059824467,Uninterrupted_Baseline,447
1790326046.145249238,Uninterrupted_Baseline,447
1790326046.225521993,Uninterrupted_Baseline,448
1790326046.307232684,Uninterrupted_Baseline,448
1790326046.386203854,Uninterrupted_Baseline,449
1790326046.473173738,Uninterrupted_Baseline,449
1790326046.556907698,Uninterrupted_Baseline,450
1790326046.633812861,Uninterrupted_Baseline,450
1790326046.720153052,Uninterrupted_Baseline,451
1790326046.809751871,Uninterrupted_Baseline,451
1790326046.879288495,Uninterrupted_Baseline,452
1790326046.966042599,Uninterrupted_Baseline,452
1790326047.057622104,Uninterrupted_Baseline,453
1790326047.144412538,Uninterrupted_Baseline,453
1790326047.227172942,Uninterrupted_Baseline,454
1790326047.312755341,Uninterrupted_Baseline,454
1790326047.396320273,Uninterrupted_Baseline,455
1790326047.479138349,Uninterrupted_Baseline,455
1790326047.564986158,Uninterrupted_Baseline,456
1790326047.656207805,Uninterrupted_Baseline,456
1790326047.742862611,Uninterrupted_Baseline,457
1790326047.827055010,Uninterrupted_Baseline,457
1790326047.912990942,Uninterrupted_Baseline,458
1790326048.003247514,Uninterrupted_Baseline,458
1790326048.059172096,Uninterrupted_Baseline,458
1790326048.135398360,Uninterrupted_Baseline,459
1790326048.213183516,Uninterrupted_Baseline,459
1790326048.284817078,Uninterrupted_Baseline,460
1790326048.367176960,Uninterrupted_Baseline,460
1790326048.424216818,Uninterrupted_Baseline,460
1790326048.474850070,Uninterrupted_Baseline,461
1790326048.532225376,Uninterrupted_Baseline,461
1790326048.591094279,Uninterrupted_Baseline,461
1790326048.664106858,Uninterrupted_Baseline,462
1790326048.733622925,Uninterrupted_Baseline,462
1790326048.816511757,Uninterrupted_Baseline,463
1790326048.901485594,Uninterrupted_Baseline,463
1790326048.989926923,Uninterrupted_Baseline,464
1790326049.081055567,Uninterrupted_Baseline,464
1790326049.165852457,Uninterrupted_Baseline,465
1790326049.229182187,Uninterrupted_Baseline,465
1790326049.309514808,Uninterrupted_Baseline,466
1790326049.397505040,Uninterrupted_Baseline,466
1790326049.480404760,Uninterrupted_Baseline,467
1790326049.545510778,Uninterrupted_Baseline,467
1790326049.619989987,Uninterrupted_Baseline,467
1790326049.709820460,Uninterrupted_Baseline,468
1790326049.790087086,Uninterrupted_Baseline,468
1790326049.878027341,Uninterrupted_Baseline,469
1790326049.960213328,Uninterrupted_Baseline,469
1790326050.028933910,Uninterrupted_Baseline,470
1790326050.117887771,Uninterrupted_Baseline,470
1790326050.192399470,Uninterrupted_Baseline,471
1790326050.264597510,Uninterrupted_Baseline,471
1790326050.345202514,Uninterrupted_Baseline,472
1790326050.430182446,Uninterrupted_Baseline,472
1790326050.513171233,Uninterrupted_Baseline,473
1790326050.594564365,Uninterrupted_Baseline,473
1790326050.680587547,Uninterrupted_Baseline,474
1790326050.761212600,Uninterrupted_Baseline,474
1790326050.846288030,Uninterrupted_Baseline,475
1790326050.920594539,Uninterrupted_Baseline,475
1790326050.989231902,Uninterrupted_Baseline,475
1790326051.069824772,Uninterrupted_Baseline,476
1790326051.152896729,Uninterrupted_Baseline,476
1790326051.235306825,Uninterrupted_Baseline,477
1790326051.310977083,Uninterrupted_Baseline,477
1790326051.381538426,Uninterrupted_Baseline,478
1790326051.462734306,Uninterrupted_Baseline,478
1790326051.540159905,Uninterrupted_Baseline,479
1790326051.616996098,Uninterrupted_Baseline,479
1790326051.705955098,Uninterrupted_Baseline,480
1790326051.791014459,Uninterrupted_Baseline,480
1790326051.874882771,Uninterrupted_Baseline,481
1790326051.958351967,Uninterrupted_Baseline,481
1790326052.043491114,Uninterrupted_Baseline,482
1790326052.128755420,Uninterrupted_Baseline,482
1790326052.212374676,Uninterrupted_Baseline,483
1790326052.276748382,Uninterrupted_Baseline,483
1790326052.328130494,Uninterrupted_Baseline,483
1790326052.386513859,Uninterrupted_Baseline,484
1790326052.450767530,Uninterrupted_Baseline,484
1790326052.532073929,Uninterrupted_Baseline,484
1790326052.609518833,Uninterrupted_Baseline,485
1790326052.689643252,Uninterrupted_Baseline,485
1790326052.771515465,Uninterrupted_Baseline,486
1790326052.857401379,Uninterrupted_Baseline,486
1790326052.942369420,Uninterrupted_Baseline,487
1790326053.024929694,Uninterrupted_Baseline,487
1790326053.107836701,Uninterrupted_Baseline,488
1790326053.190503927,Uninterrupted_Baseline,488
1790326053.274575642,Uninterrupted_Baseline,489
1790326053.363633433,Uninterrupted_Baseline,489
1790326053.454164583,Uninterrupted_Baseline,490
1790326053.540310371,Uninterrupted_Baseline,490
1790326053.628234794,Uninterrupted_Baseline,491
1790326053.707424481,Uninterrupted_Baseline,491
1790326053.786219163,Uninterrupted_Baseline,492
1790326053.870282760,Uninterrupted_Baseline,492
1790326053.955128816,Uninterrupted_Baseline,493
1790326054.032491549,Uninterrupted_Baseline,493
1790326054.117562361,Uninterrupted_Baseline,494
1790326054.197927973,Uninterrupted_Baseline,494
1790326054.276155504,Uninterrupted_Baseline,494
1790326054.356287795,Uninterrupted_Baseline,495
1790326054.445023997,Uninterrupted_Baseline,495
1790326054.528381583,Uninterrupted_Baseline,496
1790326054.610234385,Uninterrupted_Baseline,496
1790326054.693556850,Uninterrupted_Baseline,497
1790326054.774987022,Uninterrupted_Baseline,497
1790326054.856050715,Uninterrupted_Baseline,498
1790326054.936164714,Uninterrupted_Baseline,498
1790326054.991717944,Uninterrupted_Baseline,499
1790326055.058119611,Uninterrupted_Baseline,499
1790326055.134876484,Uninterrupted_Baseline,499
1790326055.223506906,Uninterrupted_Baseline,500
1790326055.305159696,Uninterrupted_Baseline,500
1790326055.389377800,Uninterrupted_Baseline,501
1790326055.471948927,Uninterrupted_Baseline,501
1790326055.552590317,Uninterrupted_Baseline,502
1790326055.638480893,Uninterrupted_Baseline,502
1790326055.711976361,Uninterrupted_Baseline,503
1790326055.797465790,Uninterrupted_Baseline,503
1790326055.880733765,Uninterrupted_Baseline,504
1790326055.960221223,Uninterrupted_Baseline,504
1790326056.045512308,Uninterrupted_Baseline,505
1790326056.132352281,Uninterrupted_Baseline,505
1790326056.204426009,Uninterrupted_Baseline,506
1790326056.285102259,Uninterrupted_Baseline,506
1790326056.371348244,Uninterrupted_Baseline,507
1790326056.451056244,Uninterrupted_Baseline,507
1790326056.533827260,Uninterrupted_Baseline,507
1790326056.615530716,Uninterrupted_Baseline,508
1790326056.697493652,Uninterrupted_Baseline,508
1790326056.768965123,Uninterrupted_Baseline,509
1790326056.836019178,Uninterrupted_Baseline,509
1790326056.916767898,Uninterrupted_Baseline,510
1790326056.998536058,Uninterrupted_Baseline,510
1790326057.083932045,Uninterrupted_Baseline,511
1790326057.166816135,Uninterrupted_Baseline,511
1790326057.243041163,Uninterrupted_Baseline,512
1790326057.333527937,Uninterrupted_Baseline,512
1790326057.422578578,Uninterrupted_Baseline,513
1790326057.505070960,Uninterrupted_Baseline,513
1790326057.586092858,Uninterrupted_Baseline,514
1790326057.665882923,Uninterrupted_Baseline,514
1790326057.750226126,Uninterrupted_Baseline,515
1790326057.829867414,Uninterrupted_Baseline,515
1790326057.916590383,Uninterrupted_Baseline,516
1790326058.003756511,Uninterrupted_Baseline,516
1790326058.078510932,Uninterrupted_Baseline,516
1790326058.138499200,Uninterrupted_Baseline,517
1790326058.211912059,Uninterrupted_Baseline,517
1790326058.292456208,Uninterrupted_Baseline,518
1790326058.373854601,Uninterrupted_Baseline,518
1790326058.444523833,Uninterrupted_Baseline,519
1790326058.495039682,Uninterrupted_Baseline,519
1790326058.552167766,Uninterrupted_Baseline,519
1790326058.613323889,Uninterrupted_Baseline,520
1790326058.679186999,Uninterrupted_Baseline,520
1790326058.743511948,Uninterrupted_Baseline,520
1790326058.807936871,Uninterrupted_Baseline,521
1790326058.893542808,Uninterrupted_Baseline,521
1790326058.968573994,Uninterrupted_Baseline,522
1790326059.050934395,Uninterrupted_Baseline,522
1790326059.127380590,Uninterrupted_Baseline,523
1790326059.190196756,Uninterrupted_Baseline,523
1790326059.249255634,Uninterrupted_Baseline,523
1790326059.333420650,Uninterrupted_Baseline,524
1790326059.413742266,Uninterrupted_Baseline,524
1790326059.494114788,Uninterrupted_Baseline,525
1790326059.577576640,Uninterrupted_Baseline,525
1790326059.657175689,Uninterrupted_Baseline,526
1790326059.733974236,Uninterrupted_Baseline,526
1790326059.811312610,Uninterrupted_Baseline,527
1790326059.890024242,Uninterrupted_Baseline,527
1790326059.969207936,Uninterrupted_Baseline,527
1790326060.050791981,Uninterrupted_Baseline,528
1790326060.131744168,Uninterrupted_Baseline,528
1790326060.214398386,Uninterrupted_Baseline,529
1790326060.309495875,Uninterrupted_Baseline,529
1790326060.392820336,Uninterrupted_Baseline,530
1790326060.477861102,Uninterrupted_Baseline,530
1790326060.552022315,Uninterrupted_Baseline,531
1790326060.626408553,Uninterrupted_Baseline,531
1790326060.698973142,Uninterrupted_Baseline,532
1790326060.776140837,Uninterrupted_Baseline,532
1790326060.846322113,Uninterrupted_Baseline,532
1790326060.906706892,Uninterrupted_Baseline,533
1790326060.974258941,Uninterrupted_Baseline,533
1790326061.055808315,Uninterrupted_Baseline,534
1790326061.120616008,Uninterrupted_Baseline,534
1790326061.198087317,Uninterrupted_Baseline,534
1790326061.268040754,Uninterrupted_Baseline,535
1790326061.350342658,Uninterrupted_Baseline,535
1790326061.432126668,Uninterrupted_Baseline,536
1790326061.517099641,Uninterrupted_Baseline,536
1790326061.600155479,Uninterrupted_Baseline,537
1790326061.682884303,Uninterrupted_Baseline,537
1790326061.764763384,Uninterrupted_Baseline,538
1790326061.831056282,Uninterrupted_Baseline,538
1790326061.913401368,Uninterrupted_Baseline,539
1790326061.997048890,Uninterrupted_Baseline,539
1790326062.080121240,Uninterrupted_Baseline,540
1790326062.160132295,Uninterrupted_Baseline,540
1790326062.222883931,Uninterrupted_Baseline,540
1790326062.304525100,Uninterrupted_Baseline,541
1790326062.385138318,Uninterrupted_Baseline,541
1790326062.469280588,Uninterrupted_Baseline,542
1790326062.547225491,Uninterrupted_Baseline,542
1790326062.622606365,Uninterrupted_Baseline,543
1790326062.707332280,Uninterrupted_Baseline,543
1790326062.789528299,Uninterrupted_Baseline,544
1790326062.872574607,Uninterrupted_Baseline,544
1790326062.954310217,Uninterrupted_Baseline,545
1790326063.033425034,Uninterrupted_Baseline,545
1790326063.105143615,Uninterrupted_Baseline,546
1790326063.190363490,Uninterrupted_Baseline,546
1790326063.271626836,Uninterrupted_Baseline,547
1790326063.348159541,Uninterrupted_Baseline,547
1790326063.433216762,Uninterrupted_Baseline,547
1790326063.515455830,Uninterrupted_Baseline,548
1790326063.599350428,Uninterrupted_Baseline,548
1790326063.674234735,Uninterrupted_Baseline,549
1790326063.751871328,Uninterrupted_Baseline,549
1790326063.832986203,Uninterrupted_Baseline,550
1790326063.910933772,Uninterrupted_Baseline,550
1790326063.996801167,Uninterrupted_Baseline,551
1790326064.085553918,Uninterrupted_Baseline,551
1790326064.170775523,Uninterrupted_Baseline,552
1790326064.253627293,Uninterrupted_Baseline,552
1790326064.331088672,Uninterrupted_Baseline,553
1790326064.414918127,Uninterrupted_Baseline,553
1790326064.492973803,Uninterrupted_Baseline,554
1790326064.572207428,Uninterrupted_Baseline,554
1790326064.653519924,Uninterrupted_Baseline,555
1790326064.736877066,Uninterrupted_Baseline,555
1790326064.822068989,Uninterrupted_Baseline,555
1790326064.888439516,Uninterrupted_Baseline,556
1790326064.980520658,Uninterrupted_Baseline,556
1790326065.035442405,Uninterrupted_Baseline,557
1790326065.108891438,Uninterrupted_Baseline,557
1790326065.178851936,Uninterrupted_Baseline,558
1790326065.261271568,Uninterrupted_Baseline,558
1790326065.342018064,Uninterrupted_Baseline,558
1790326065.428078176,Uninterrupted_Baseline,559
1790326065.513045446,Uninterrupted_Baseline,559
1790326065.596142714,Uninterrupted_Baseline,560
1790326065.676055383,Uninterrupted_Baseline,560
1790326065.752776419,Uninterrupted_Baseline,561
1790326065.827328295,Uninterrupted_Baseline,561
1790326065.909775327,Uninterrupted_Baseline,562
1790326065.991039383,Uninterrupted_Baseline,562
1790326066.074106280,Uninterrupted_Baseline,563
1790326066.156942902,Uninterrupted_Baseline,563
1790326066.242526234,Uninterrupted_Baseline,564
1790326066.306584879,Uninterrupted_Baseline,564
1790326066.385439011,Uninterrupted_Baseline,565
1790326066.467213589,Uninterrupted_Baseline,565
1790326066.546220930,Uninterrupted_Baseline,566
1790326066.627610167,Uninterrupted_Baseline,566
1790326066.704510711,Uninterrupted_Baseline,566
1790326066.785425079,Uninterrupted_Baseline,567
1790326066.862420372,Uninterrupted_Baseline,567
1790326066.949384368,Uninterrupted_Baseline,568
1790326067.041492938,Uninterrupted_Baseline,568
1790326067.126583175,Uninterrupted_Baseline,569
1790326067.208221943,Uninterrupted_Baseline,569
1790326067.266214217,Uninterrupted_Baseline,570
1790326067.348608378,Uninterrupted_Baseline,570
1790326067.430053366,Uninterrupted_Baseline,571
1790326067.514029287,Uninterrupted_Baseline,571
1790326067.602954551,Uninterrupted_Baseline,572
1790326067.675434728,Uninterrupted_Baseline,572
1790326067.762282427,Uninterrupted_Baseline,573
1790326067.846119796,Uninterrupted_Baseline,573
1790326067.931015692,Uninterrupted_Baseline,574
1790326068.013331677,Uninterrupted_Baseline,574
1790326068.074054407,Uninterrupted_Baseline,574
1790326068.138320014,Uninterrupted_Baseline,575
1790326068.217092059,Uninterrupted_Baseline,575
1790326068.303596239,Uninterrupted_Baseline,576
1790326068.380880964,Uninterrupted_Baseline,576
1790326068.437824231,Uninterrupted_Baseline,576
1790326068.488157696,Uninterrupted_Baseline,577
1790326068.556628897,Uninterrupted_Baseline,577
1790326068.614224823,Uninterrupted_Baseline,577
1790326068.694901140,Uninterrupted_Baseline,578
1790326068.771539366,Uninterrupted_Baseline,578
1790326068.860232369,Uninterrupted_Baseline,579
1790326068.946299866,Uninterrupted_Baseline,579
1790326069.030551785,Uninterrupted_Baseline,580
1790326069.115187492,Uninterrupted_Baseline,580
1790326069.190963435,Uninterrupted_Baseline,581
1790326069.252753845,Uninterrupted_Baseline,581
1790326069.323854387,Uninterrupted_Baseline,582
1790326069.401904771,Uninterrupted_Baseline,582
1790326069.483939519,Uninterrupted_Baseline,583
1790326069.567019107,Uninterrupted_Baseline,583
1790326069.650268626,Uninterrupted_Baseline,584
1790326069.731612887,Uninterrupted_Baseline,584
1790326069.814544485,Uninterrupted_Baseline,584
1790326069.895842396,Uninterrupted_Baseline,585
1790326069.977331743,Uninterrupted_Baseline,585
1790326070.059047368,Uninterrupted_Baseline,586
1790326070.143387014,Uninterrupted_Baseline,586
1790326070.230203887,Uninterrupted_Baseline,587
1790326070.316448270,Uninterrupted_Baseline,587
1790326070.387243131,Uninterrupted_Baseline,588
1790326070.473064445,Uninterrupted_Baseline,588
1790326070.553862501,Uninterrupted_Baseline,589
1790326070.621004065,Uninterrupted_Baseline,589
1790326070.703596239,Uninterrupted_Baseline,590
1790326070.782296034,Uninterrupted_Baseline,590
1790326070.862395080,Uninterrupted_Baseline,591
1790326070.944135759,Uninterrupted_Baseline,591
1790326071.026607217,Uninterrupted_Baseline,591
1790326071.111217594,Uninterrupted_Baseline,592
1790326071.193720272,Uninterrupted_Baseline,592
1790326071.275610028,Uninterrupted_Baseline,593
1790326071.354966031,Uninterrupted_Baseline,593
1790326071.438924152,Uninterrupted_Baseline,594
1790326071.523985204,Uninterrupted_Baseline,594
1790326071.606119059,Uninterrupted_Baseline,595
1790326083.772507406,Phase1_Baseline,10
1790326083.862861634,Phase1_Baseline,10
1790326083.941152617,Phase1_Baseline,20
1790326084.026773933,Phase1_Baseline,20
1790326084.107859697,Phase1_Baseline,40
1790326084.193027753,Phase1_Baseline,40
1790326084.276519746,Phase1_Baseline,80
1790326084.357320788,Phase1_Baseline,80
1790326084.444501765,Phase1_Baseline,160
1790326084.520616455,Phase1_Baseline,160
1790326084.605317693,Phase1_Baseline,320
1790326084.692401026,Phase1_Baseline,346
1790326084.777050255,Phase1_Baseline,640
1790326084.843331441,Phase1_Baseline,640
1790326084.909269689,Phase1_Baseline,893
1790326084.996558405,Phase1_Baseline,996
1790326085.071034682,Phase1_Baseline,887
1790326085.132329662,Phase1_Baseline,751
1790326085.196131839,Phase1_Baseline,607
1790326085.278461324,Phase1_Baseline,548
1790326085.361842024,Phase1_Baseline,548
1790326085.427524431,Phase1_Baseline,456
1790326085.513516757,Phase1_Baseline,305
1790326085.591263688,Phase1_Baseline,274
1790326085.673003529,Phase1_Baseline,274
1790326085.751705205,Phase1_Baseline,275
1790326085.834615192,Phase1_Baseline,275
1790326085.914905802,Phase1_Baseline,276
1790326085.997208249,Phase1_Baseline,276
1790326086.068084448,Phase1_Baseline,277
1790326086.154435507,Phase1_Baseline,277
1790326086.245070489,Phase1_Baseline,278
1790326086.330480454,Phase1_Baseline,278
1790326086.416164791,Phase1_Baseline,279
1790326086.497793655,Phase1_Baseline,279
1790326086.574798284,Phase1_Baseline,280
1790326086.648470925,Phase1_Baseline,280
1790326086.727032667,Phase1_Baseline,281
1790326086.803142959,Phase1_Baseline,281
1790326086.887071669,Phase1_Baseline,282
1790326086.967575607,Phase1_Baseline,282
1790326087.057548771,Phase1_Baseline,283
1790326087.131452496,Phase1_Baseline,283
1790326087.213627662,Phase1_Baseline,284
1790326087.271379014,Phase1_Baseline,284
1790326087.361413025,Phase1_Baseline,285
1790326087.440594515,Phase1_Baseline,285
1790326087.528257677,Phase1_Baseline,286
1790326087.607759551,Phase1_Baseline,286
1790326087.684886528,Phase1_Baseline,287
1790326087.765171326,Phase1_Baseline,287
1790326087.859225369,Phase1_Baseline,288
1790326087.944715666,Phase1_Baseline,288
1790326088.020019130,Phase1_Baseline,289
1790326088.083294870,Phase1_Baseline,289
1790326088.152140862,Phase1_Baseline,289
1790326088.220068235,Phase1_Baseline,290
1790326088.297091915,Phase1_Baseline,290
1790326088.379805270,Phase1_Baseline,291
1790326088.447895336,Phase1_Baseline,291
1790326088.498077963,Phase1_Baseline,291
1790326088.553415373,Phase1_Baseline,292
1790326088.611210896,Phase1_Baseline,292
1790326088.680246165,Phase1_Baseline,292
1790326088.745309220,Phase1_Baseline,293
1790326088.828307176,Phase1_Baseline,293
1790326088.910887779,Phase1_Baseline,294
1790326088.990466729,Phase1_Baseline,294
1790326089.075020435,Phase1_Baseline,295
1790326089.135789226,Phase1_Baseline,295
1790326089.198085534,Phase1_Baseline,296
1790326089.257896217,Phase1_Baseline,296
1790326089.340434350,Phase1_Baseline,296
1790326089.409932837,Phase1_Baseline,297
1790326089.474244449,Phase1_Baseline,297
1790326089.553746943,Phase1_Baseline,298
1790326089.640942251,Phase1_Baseline,298
1790326089.723816182,Phase1_Baseline,299
1790326089.806948711,Phase1_Baseline,299
1790326089.890618968,Phase1_Baseline,300
1790326089.973889133,Phase1_Baseline,300
1790326090.059881388,Phase1_Baseline,301
1790326090.149737282,Phase1_Baseline,301
1790326090.234054517,Phase1_Baseline,302
1790326090.317796390,Phase1_Baseline,302
1790326090.385458959,Phase1_Baseline,303
1790326090.469297656,Phase1_Baseline,303
1790326090.545095040,Phase1_Baseline,304
1790326090.621002748,Phase1_Baseline,304
1790326090.698053638,Phase1_Baseline,304
1790326090.779044225,Phase1_Baseline,305
1790326090.854927808,Phase1_Baseline,305
1790326090.934716581,Phase1_Baseline,306
1790326091.015769603,Phase1_Baseline,306
1790326091.086591813,Phase1_Baseline,307
1790326091.148098819,Phase1_Baseline,307
1790326091.217986662,Phase1_Baseline,308
1790326091.296553984,Phase1_Baseline,308
1790326091.373262657,Phase1_Baseline,308
1790326091.455292934,Phase1_Baseline,309
1790326091.523094148,Phase1_Baseline,309
1790326091.605076159,Phase1_Baseline,310
1790326091.670547197,Phase1_Baseline,310
1790326091.739176415,Phase1_Baseline,311
1790326091.813684736,Phase1_Baseline,311
1790326091.897098134,Phase1_Baseline,312
1790326091.973790323,Phase1_Baseline,312
1790326092.059441998,Phase1_Baseline,312
1790326092.147947656,Phase1_Baseline,313
1790326092.227159087,Phase1_Baseline,313
1790326092.306216616,Phase1_Baseline,314
1790326092.385787596,Phase1_Baseline,314
1790326092.458966003,Phase1_Baseline,315
1790326092.518732627,Phase1_Baseline,315
1790326092.588899327,Phase1_Baseline,316
1790326092.673237947,Phase1_Baseline,316
1790326092.761830721,Phase1_Baseline,317
1790326092.834133866,Phase1_Baseline,317
1790326092.918784794,Phase1_Baseline,317
1790326092.995398960,Phase1_Baseline,318
1790326093.076965503,Phase1_Baseline,318
1790326093.160879329,Phase1_Baseline,319
1790326093.218342406,Phase1_Baseline,319
1790326093.284776153,Phase1_Baseline,320
1790326093.361985791,Phase1_Baseline,320
1790326093.443964593,Phase1_Baseline,321
1790326093.524491121,Phase1_Baseline,321
1790326093.601216286,Phase1_Baseline,322
1790326093.684849486,Phase1_Baseline,322
1790326093.764813029,Phase1_Baseline,322
1790326093.846070253,Phase1_Baseline,323
1790326093.917900129,Phase1_Baseline,323
1790326093.997240625,Phase1_Baseline,324
1790326094.062609628,Phase1_Baseline,324
1790326094.141052257,Phase1_Baseline,325
1790326094.231517369,Phase1_Baseline,325
1790326094.302883801,Phase1_Baseline,326
1790326094.380250624,Phase1_Baseline,326
1790326094.457100081,Phase1_Baseline,326
1790326094.527383262,Phase1_Baseline,327
1790326094.596931140,Phase1_Baseline,327
1790326094.662156368,Phase1_Baseline,328
1790326094.743961955,Phase1_Baseline,328
1790326094.817621406,Phase1_Baseline,329
1790326094.901540832,Phase1_Baseline,329
1790326094.978427728,Phase1_Baseline,329
1790326095.049940318,Phase1_Baseline,330
1790326095.117890757,Phase1_Baseline,330
1790326095.196875769,Phase1_Baseline,331
1790326095.279927273,Phase1_Baseline,331
1790326095.361001896,Phase1_Baseline,332
1790326095.439104297,Phase1_Baseline,332
1790326095.518590709,Phase1_Baseline,333
1790326095.604092306,Phase1_Baseline,333
1790326095.676590326,Phase1_Baseline,333
1790326095.750055943,Phase1_Baseline,334
1790326095.825063638,Phase1_Baseline,334
1790326095.894471255,Phase1_Baseline,335
1790326095.983831403,Phase1_Baseline,335
1790326096.052185565,Phase1_Baseline,336
1790326096.128049743,Phase1_Baseline,336
1790326096.211933029,Phase1_Baseline,337
1790326096.293260862,Phase1_Baseline,337
1790326096.377599265,Phase1_Baseline,338
1790326096.453811572,Phase1_Baseline,338
1790326096.536882923,Phase1_Baseline,338
1790326096.617903142,Phase1_Baseline,339
1790326096.697080191,Phase1_Baseline,339
1790326096.785909040,Phase1_Baseline,340
1790326096.869597764,Phase1_Baseline,340
1790326096.956123241,Phase1_Baseline,341
1790326097.042476643,Phase1_Baseline,341
1790326097.124738778,Phase1_Baseline,342
1790326097.193834097,Phase1_Baseline,342
1790326097.253381893,Phase1_Baseline,343
1790326097.333434657,Phase1_Baseline,343
1790326097.412141803,Phase1_Baseline,344
1790326097.494247133,Phase1_Baseline,344
1790326097.578838635,Phase1_Baseline,344
1790326097.661106545,Phase1_Baseline,345
1790326097.741957181,Phase1_Baseline,345
1790326097.827283935,Phase1_Baseline,346
1790326097.909800892,Phase1_Baseline,346
1790326097.984232672,Phase1_Baseline,347
1790326098.062180867,Phase1_Baseline,347
1790326098.131415571,Phase1_Baseline,348
1790326098.209103872,Phase1_Baseline,348
1790326098.271703343,Phase1_Baseline,349
1790326098.353233687,Phase1_Baseline,349
1790326098.404937258,Phase1_Baseline,349
1790326098.455278294,Phase1_Baseline,350
1790326098.504951539,Phase1_Baseline,350
1790326098.564559084,Phase1_Baseline,350
1790326098.620183773,Phase1_Baseline,351
1790326098.694069669,Phase1_Baseline,351
1790326098.773769299,Phase1_Baseline,351
1790326098.847614969,Phase1_Baseline,352
1790326098.931062515,Phase1_Baseline,352
1790326099.013850427,Phase1_Baseline,353
1790326099.097216002,Phase1_Baseline,353
1790326099.162831214,Phase1_Baseline,354
1790326099.241313884,Phase1_Baseline,354
1790326099.306882482,Phase1_Baseline,355
1790326099.388863440,Phase1_Baseline,355
1790326099.470740994,Phase1_Baseline,355
1790326099.544773928,Phase1_Baseline,356
1790326099.608541309,Phase1_Baseline,356
1790326099.681903710,Phase1_Baseline,357
1790326099.768492486,Phase1_Baseline,357
1790326099.848627666,Phase1_Baseline,358
1790326099.930857835,Phase1_Baseline,358
1790326100.010155676,Phase1_Baseline,359
1790326100.093971092,Phase1_Baseline,359
1790326100.179355176,Phase1_Baseline,360
1790326100.262859868,Phase1_Baseline,360
1790326100.343105500,Phase1_Baseline,360
1790326100.404384653,Phase1_Baseline,361
1790326100.477890318,Phase1_Baseline,361
1790326100.554858788,Phase1_Baseline,362
1790326100.630041559,Phase1_Baseline,362
1790326100.707335897,Phase1_Baseline,363
1790326100.787607262,Phase1_Baseline,363
1790326100.864527385,Phase1_Baseline,363
1790326100.949226879,Phase1_Baseline,364
1790326101.035832111,Phase1_Baseline,364
1790326101.120337020,Phase1_Baseline,365
1790326101.193284173,Phase1_Baseline,365
1790326101.276687645,Phase1_Baseline,366
1790326101.336723327,Phase1_Baseline,366
1790326101.399199486,Phase1_Baseline,367
1790326101.473987113,Phase1_Baseline,367
1790326101.554992001,Phase1_Baseline,368
1790326101.640018280,Phase1_Baseline,368
1790326101.721494675,Phase1_Baseline,368
1790326101.806867974,Phase1_Baseline,369
1790326101.887402656,Phase1_Baseline,369
1790326101.959693378,Phase1_Baseline,370
1790326102.047417865,Phase1_Baseline,370
1790326102.127388712,Phase1_Baseline,371
1790326102.199924563,Phase1_Baseline,371
1790326102.271121429,Phase1_Baseline,372
1790326102.352036905,Phase1_Baseline,372
1790326102.430983073,Phase1_Baseline,373
1790326102.512166418,Phase1_Baseline,373
1790326102.591569489,Phase1_Baseline,373
1790326102.670916071,Phase1_Baseline,374
1790326102.750090536,Phase1_Baseline,374
1790326102.818892658,Phase1_Baseline,375
1790326102.903843889,Phase1_Baseline,375
1790326102.982437953,Phase1_Baseline,376
1790326103.047456387,Phase1_Baseline,376
1790326103.125838745,Phase1_Baseline,377
1790326103.206906833,Phase1_Baseline,377
1790326103.287615243,Phase1_Baseline,377
1790326103.368072031,Phase1_Baseline,378
1790326103.454964976,Phase1_Baseline,378
1790326103.538391076,Phase1_Baseline,379
1790326103.616579961,Phase1_Baseline,379
1790326103.685865532,Phase1_Baseline,380
1790326103.770502740,Phase1_Baseline,380
1790326103.850499393,Phase1_Baseline,381
1790326103.931233748,Phase1_Baseline,381
1790326104.011003744,Phase1_Baseline,382
1790326104.089992179,Phase1_Baseline,382
1790326104.176192950,Phase1_Baseline,383
1790326104.254597832,Phase1_Baseline,383
1790326104.336923889,Phase1_Baseline,383
1790326104.416107970,Phase1_Baseline,384
1790326104.489732589,Phase1_Baseline,384
1790326104.569895686,Phase1_Baseline,385
1790326104.656105819,Phase1_Baseline,385
1790326104.740701807,Phase1_Baseline,386
1790326104.831709145,Phase1_Baseline,386
1790326104.894586361,Phase1_Baseline,387
1790326104.979928239,Phase1_Baseline,387
1790326105.061831305,Phase1_Baseline,388
1790326105.166624346,Phase1_Baseline,388
1790326105.223770195,Phase1_Baseline,389
1790326105.284550152,Phase1_Baseline,389
1790326105.349491372,Phase1_Baseline,389
1790326105.432829522,Phase1_Baseline,390
1790326105.516600787,Phase1_Baseline,390
1790326105.600342346,Phase1_Baseline,391
1790326105.683683819,Phase1_Baseline,391
1790326105.762469853,Phase1_Baseline,392
1790326105.838227079,Phase1_Baseline,392
1790326105.922408508,Phase1_Baseline,393
1790326105.991993676,Phase1_Baseline,393
1790326106.071073816,Phase1_Baseline,393
1790326106.156545127,Phase1_Baseline,394
1790326106.237099619,Phase1_Baseline,394
1790326106.316863479,Phase1_Baseline,395
1790326106.377427249,Phase1_Baseline,395
1790326106.444047481,Phase1_Baseline,396
1790326106.522926224,Phase1_Baseline,396
1790326106.600169896,Phase1_Baseline,396
1790326106.685756428,Phase1_Baseline,397
1790326106.771944820,Phase1_Baseline,397
1790326106.856755659,Phase1_Baseline,398
1790326106.939140271,Phase1_Baseline,398
1790326107.011992605,Phase1_Baseline,399
1790326107.094555732,Phase1_Baseline,399
1790326107.168404921,Phase1_Baseline,400
1790326107.252851884,Phase1_Baseline,400
1790326107.337597591,Phase1_Baseline,401
1790326107.414101457,Phase1_Baseline,401
1790326107.497559673,Phase1_Baseline,402
1790326107.581543184,Phase1_Baseline,402
1790326107.666312923,Phase1_Baseline,403
1790326107.751719897,Phase1_Baseline,403
1790326107.832254550,Phase1_Baseline,404
1790326107.912990171,Phase1_Baseline,404
1790326107.995742931,Phase1_Baseline,405
1790326108.073583170,Phase1_Baseline,405
1790326108.139213003,Phase1_Baseline,405
1790326108.210211326,Phase1_Baseline,406
1790326108.287819155,Phase1_Baseline,406
1790326108.368880528,Phase1_Baseline,407
1790326108.446014891,Phase1_Baseline,407
1790326108.499270056,Phase1_Baseline,407
1790326108.553708732,Phase1_Baseline,408
1790326108.606308136,Phase1_Baseline,408
1790326108.670408661,Phase1_Baseline,408
1790326108.736380089,Phase1_Baseline,409
1790326108.809070109,Phase1_Baseline,409
1790326108.893706027,Phase1_Baseline,410
1790326108.970389390,Phase1_Baseline,410
1790326109.052537642,Phase1_Baseline,411
1790326109.132193714,Phase1_Baseline,411
1790326109.188901910,Phase1_Baseline,411
1790326109.244235417,Phase1_Baseline,412
1790326109.303476648,Phase1_Baseline,412
1790326109.382373782,Phase1_Baseline,413
1790326109.470454226,Phase1_Baseline,413
1790326109.554319651,Phase1_Baseline,414
1790326109.635395789,Phase1_Baseline,414
1790326109.715591465,Phase1_Baseline,414
1790326109.797327955,Phase1_Baseline,415
1790326109.878561483,Phase1_Baseline,415
1790326109.961290768,Phase1_Baseline,416
1790326110.044221064,Phase1_Baseline,416
1790326110.128205661,Phase1_Baseline,417
1790326110.208958336,Phase1_Baseline,417
1790326110.289099381,Phase1_Baseline,418
1790326110.369836267,Phase1_Baseline,418
1790326110.453788693,Phase1_Baseline,419
1790326110.536109502,Phase1_Baseline,419
1790326110.617281558,Phase1_Baseline,420
1790326110.695216341,Phase1_Baseline,420
1790326110.777000356,Phase1_Baseline,421
1790326110.858249221,Phase1_Baseline,421
1790326110.922268091,Phase1_Baseline,421
1790326111.007526339,Phase1_Baseline,422
1790326111.087543998,Phase1_Baseline,422
1790326111.170514635,Phase1_Baseline,423
1790326111.236403912,Phase1_Baseline,423
1790326111.296234476,Phase1_Baseline,424
1790326111.359889934,Phase1_Baseline,424
1790326111.436707019,Phase1_Baseline,424
1790326111.515548372,Phase1_Baseline,425
1790326111.601764255,Phase1_Baseline,425
1790326111.684323228,Phase1_Baseline,426
1790326111.768017756,Phase1_Baseline,426
1790326111.851019199,Phase1_Baseline,427
1790326111.931061642,Phase1_Baseline,427
1790326112.012063674,Phase1_Baseline,428
1790326112.094099226,Phase1_Baseline,428
1790326112.176266815,Phase1_Baseline,429
1790326112.260616747,Phase1_Baseline,429
1790326112.341984361,Phase1_Baseline,430
1790326112.425292103,Phase1_Baseline,430
1790326112.509535485,Phase1_Baseline,431
1790326112.591705977,Phase1_Baseline,431
1790326112.673792412,Phase1_Baseline,431
1790326112.749050788,Phase1_Baseline,432
1790326112.818954637,Phase1_Baseline,432
1790326112.900396374,Phase1_Baseline,433
1790326112.975948901,Phase1_Baseline,433
1790326113.055901106,Phase1_Baseline,434
1790326113.141835271,Phase1_Baseline,434
1790326113.225153538,Phase1_Baseline,435
1790326113.304978167,Phase1_Baseline,435
1790326113.386502765,Phase1_Baseline,436
1790326113.470385932,Phase1_Baseline,436
1790326113.549248694,Phase1_Baseline,437
1790326113.625901025,Phase1_Baseline,437
1790326113.711271773,Phase1_Baseline,437
1790326113.783613718,Phase1_Baseline,438
1790326113.856614721,Phase1_Baseline,438
1790326113.933192823,Phase1_Baseline,439
1790326114.017464804,Phase1_Baseline,439
1790326114.103355053,Phase1_Baseline,440
1790326114.188909654,Phase1_Baseline,440
1790326114.274353332,Phase1_Baseline,441
1790326114.350532262,Phase1_Baseline,441
1790326114.435308686,Phase1_Baseline,442
1790326114.519292462,Phase1_Baseline,442
1790326114.604174922,Phase1_Baseline,443
1790326114.672308902,Phase1_Baseline,443
1790326114.754570182,Phase1_Baseline,444
1790326114.839034551,Phase1_Baseline,444
1790326114.903420945,Phase1_Baseline,444
1790326114.982933033,Phase1_Baseline,445
1790326115.068288822,Phase1_Baseline,445
1790326115.133251756,Phase1_Baseline,446
1790326115.207467741,Phase1_Baseline,446
1790326115.282275013,Phase1_Baseline,447
1790326115.361736710,Phase1_Baseline,447
1790326115.430453188,Phase1_Baseline,448
1790326115.499768832,Phase1_Baseline,448
1790326115.581326493,Phase1_Baseline,449
1790326115.670380430,Phase1_Baseline,449
1790326115.749181901,Phase1_Baseline,450
1790326115.834700377,Phase1_Baseline,450
1790326115.910693819,Phase1_Baseline,450
1790326115.961973333,Phase1_Baseline,451
1790326116.019053188,Phase1_Baseline,451
1790326116.102968401,Phase1_Baseline,452
1790326116.192361340,Phase1_Baseline,452
1790326116.274471301,Phase1_Baseline,453
1790326116.336927064,Phase1_Baseline,453
1790326116.414604705,Phase1_Baseline,453
1790326116.498683836,Phase1_Baseline,454
1790326116.579404957,Phase1_Baseline,454
1790326116.649736202,Phase1_Baseline,455
1790326116.718879016,Phase1_Baseline,455
1790326116.804897531,Phase1_Baseline,456
1790326116.885966536,Phase1_Baseline,456
1790326116.964808621,Phase1_Baseline,457
1790326117.050000016,Phase1_Baseline,457
1790326117.134345124,Phase1_Baseline,458
1790326117.216405828,Phase1_Baseline,458
1790326117.278002114,Phase1_Baseline,458
1790326117.350119751,Phase1_Baseline,459
1790326117.430866592,Phase1_Baseline,459
1790326117.519923325,Phase1_Baseline,460
1790326117.601253698,Phase1_Baseline,460
1790326117.680720060,Phase1_Baseline,461
1790326117.763076861,Phase1_Baseline,461
1790326117.849194274,Phase1_Baseline,462
1790326120.467962811,Phase2_Migrated,10
1790326120.562184131,Phase2_Migrated,10
1790326120.655876614,Phase2_Migrated,10
1790326120.745850769,Phase2_Migrated,10
1790326120.841492406,Phase2_Migrated,20
1790326120.939163149,Phase2_Migrated,20
1790326121.035482259,Phase2_Migrated,40
1790326121.131284994,Phase2_Migrated,80
1790326121.212235000,Phase2_Migrated,80
1790326121.301265466,Phase2_Migrated,160
1790326121.395442799,Phase2_Migrated,160
1790326121.488412692,Phase2_Migrated,320
1790326121.582851424,Phase2_Migrated,320
1790326121.678119303,Phase2_Migrated,640
1790326121.768112483,Phase2_Migrated,734
1790326121.861996274,Phase2_Migrated,1070
1790326121.959415275,Phase2_Migrated,887
1790326122.054411992,Phase2_Migrated,670
1790326122.149949699,Phase2_Migrated,547
1790326122.240747485,Phase2_Migrated,547
1790326122.338747781,Phase2_Migrated,433
1790326122.420839739,Phase2_Migrated,295
1790326122.511987950,Phase2_Migrated,273
1790326122.607873971,Phase2_Migrated,274
1790326122.698110663,Phase2_Migrated,274
1790326122.799365028,Phase2_Migrated,275
1790326122.883736337,Phase2_Migrated,275
1790326122.980620409,Phase2_Migrated,276
1790326123.078347768,Phase2_Migrated,276
1790326123.176438655,Phase2_Migrated,277
1790326123.270463276,Phase2_Migrated,278
1790326123.348748389,Phase2_Migrated,278
1790326123.443566197,Phase2_Migrated,279
1790326123.536091565,Phase2_Migrated,279
1790326123.628806921,Phase2_Migrated,280
1790326123.727620986,Phase2_Migrated,280
1790326123.823538691,Phase2_Migrated,281
1790326123.924766281,Phase2_Migrated,282
1790326124.009334697,Phase2_Migrated,282
1790326124.099614187,Phase2_Migrated,283
1790326124.195745440,Phase2_Migrated,283
1790326124.287489476,Phase2_Migrated,284
1790326124.384098225,Phase2_Migrated,284
1790326124.449969535,Phase2_Migrated,285
1790326124.541783886,Phase2_Migrated,285
1790326124.639000180,Phase2_Migrated,286
1790326124.739756003,Phase2_Migrated,287
1790326124.834786974,Phase2_Migrated,287
1790326124.937223757,Phase2_Migrated,288
1790326125.039812368,Phase2_Migrated,288
1790326125.136135437,Phase2_Migrated,289
1790326125.235928515,Phase2_Migrated,289
1790326125.333493792,Phase2_Migrated,290
1790326125.410620392,Phase2_Migrated,290
1790326125.507820055,Phase2_Migrated,291
1790326125.600581597,Phase2_Migrated,292
1790326125.695574198,Phase2_Migrated,292
1790326125.787916465,Phase2_Migrated,293
1790326125.882386422,Phase2_Migrated,293
1790326125.975054306,Phase2_Migrated,294
1790326126.070785841,Phase2_Migrated,294
1790326126.168707785,Phase2_Migrated,295
1790326126.267724046,Phase2_Migrated,296
1790326126.360459087,Phase2_Migrated,296
1790326126.451828363,Phase2_Migrated,297
1790326126.542615395,Phase2_Migrated,297
1790326126.634442227,Phase2_Migrated,298
1790326126.729606151,Phase2_Migrated,298
1790326126.827876609,Phase2_Migrated,299
1790326126.913255094,Phase2_Migrated,299
1790326127.007786391,Phase2_Migrated,300
1790326127.101853938,Phase2_Migrated,301
1790326127.194849346,Phase2_Migrated,301
1790326127.282446757,Phase2_Migrated,302
1790326127.383189621,Phase2_Migrated,302
1790326127.480154571,Phase2_Migrated,303
1790326127.573515662,Phase2_Migrated,303
1790326127.665741168,Phase2_Migrated,304
1790326127.755801407,Phase2_Migrated,304
1790326127.851573847,Phase2_Migrated,305
1790326127.940144927,Phase2_Migrated,305
1790326128.032395686,Phase2_Migrated,306
1790326128.097818186,Phase2_Migrated,306
1790326128.188288499,Phase2_Migrated,307
1790326128.266227275,Phase2_Migrated,307
1790326128.327921559,Phase2_Migrated,308
1790326128.409429445,Phase2_Migrated,308
1790326128.463294745,Phase2_Migrated,309
1790326128.518933669,Phase2_Migrated,309
1790326128.592442924,Phase2_Migrated,309
1790326128.676990851,Phase2_Migrated,310
1790326128.768489429,Phase2_Migrated,310
1790326128.862728574,Phase2_Migrated,311
1790326128.955897533,Phase2_Migrated,311
1790326129.041039151,Phase2_Migrated,312
1790326129.112704921,Phase2_Migrated,312
1790326129.180317365,Phase2_Migrated,313
1790326129.253844008,Phase2_Migrated,313
1790326129.335210708,Phase2_Migrated,314
1790326129.428243217,Phase2_Migrated,314
1790326129.520012158,Phase2_Migrated,315
1790326129.616061506,Phase2_Migrated,315
1790326129.705993765,Phase2_Migrated,316
1790326129.765682255,Phase2_Migrated,316
1790326129.837744896,Phase2_Migrated,317
1790326129.905427630,Phase2_Migrated,317
1790326129.980440174,Phase2_Migrated,317
1790326130.055387044,Phase2_Migrated,318
1790326130.152570827,Phase2_Migrated,318
1790326130.241388879,Phase2_Migrated,319
1790326130.331966709,Phase2_Migrated,320
1790326130.423292996,Phase2_Migrated,320
1790326130.513613586,Phase2_Migrated,321
1790326130.604125333,Phase2_Migrated,321
1790326130.698176090,Phase2_Migrated,322
1790326130.793055333,Phase2_Migrated,322
1790326130.889305164,Phase2_Migrated,323
1790326130.984349074,Phase2_Migrated,323
1790326131.072395028,Phase2_Migrated,324
1790326131.167039277,Phase2_Migrated,324
1790326131.263105224,Phase2_Migrated,325
1790326131.351731310,Phase2_Migrated,325
1790326131.441366635,Phase2_Migrated,326
1790326131.524989984,Phase2_Migrated,326
1790326131.622602235,Phase2_Migrated,327
1790326131.711944102,Phase2_Migrated,328
1790326131.806303024,Phase2_Migrated,328
1790326131.900133635,Phase2_Migrated,329
1790326131.994120257,Phase2_Migrated,329
1790326132.091088173,Phase2_Migrated,330
1790326132.185783842,Phase2_Migrated,330
1790326132.280257394,Phase2_Migrated,331
1790326132.379189834,Phase2_Migrated,331
1790326132.478785225,Phase2_Migrated,332
1790326132.568713593,Phase2_Migrated,332
1790326132.662566168,Phase2_Migrated,333
1790326132.758774239,Phase2_Migrated,334
1790326132.856394040,Phase2_Migrated,334
1790326132.946485650,Phase2_Migrated,335
1790326133.046620081,Phase2_Migrated,335
1790326133.144817363,Phase2_Migrated,336
1790326133.247788602,Phase2_Migrated,336
1790326133.338148855,Phase2_Migrated,337
1790326133.424553650,Phase2_Migrated,338
1790326133.513743977,Phase2_Migrated,338
1790326133.612704216,Phase2_Migrated,339
1790326133.714257805,Phase2_Migrated,339
1790326133.806106023,Phase2_Migrated,340
1790326133.904813926,Phase2_Migrated,340
1790326133.993451805,Phase2_Migrated,341
1790326134.069949367,Phase2_Migrated,341
1790326134.161505146,Phase2_Migrated,342
1790326134.253532058,Phase2_Migrated,342
1790326134.341496267,Phase2_Migrated,343
1790326134.433554891,Phase2_Migrated,343
1790326134.523322399,Phase2_Migrated,344
1790326134.619239104,Phase2_Migrated,344
1790326134.718256901,Phase2_Migrated,345
1790326134.814294727,Phase2_Migrated,346
1790326134.914203492,Phase2_Migrated,346
1790326134.999724693,Phase2_Migrated,347
1790326135.102514512,Phase2_Migrated,347
1790326135.193765325,Phase2_Migrated,348
1790326135.287761254,Phase2_Migrated,348
1790326135.379431579,Phase2_Migrated,349
1790326135.472207990,Phase2_Migrated,349
1790326135.569096101,Phase2_Migrated,350
1790326135.646271292,Phase2_Migrated,350
1790326135.709435025,Phase2_Migrated,351
1790326135.786314565,Phase2_Migrated,351
1790326135.857224482,Phase2_Migrated,352
1790326135.953814043,Phase2_Migrated,352
1790326136.048226255,Phase2_Migrated,353
1790326136.148418092,Phase2_Migrated,353
1790326136.243077441,Phase2_Migrated,354
1790326136.340294026,Phase2_Migrated,354
1790326136.412085150,Phase2_Migrated,355
1790326136.475228201,Phase2_Migrated,355
1790326136.565924004,Phase2_Migrated,356
1790326136.653510783,Phase2_Migrated,356
1790326136.745008332,Phase2_Migrated,357
1790326136.839834927,Phase2_Migrated,357
1790326136.933536711,Phase2_Migrated,358
1790326137.029325855,Phase2_Migrated,358
1790326137.118487142,Phase2_Migrated,359
1790326137.213577890,Phase2_Migrated,359
1790326137.309156382,Phase2_Migrated,360
1790326137.404320537,Phase2_Migrated,361
1790326137.497221429,Phase2_Migrated,361
1790326137.597029666,Phase2_Migrated,362
1790326137.690761756,Phase2_Migrated,362
1790326137.788017296,Phase2_Migrated,363
1790326137.875049452,Phase2_Migrated,363
1790326137.967230311,Phase2_Migrated,364
1790326138.053231053,Phase2_Migrated,364
1790326138.146927193,Phase2_Migrated,365
1790326138.230307693,Phase2_Migrated,365
1790326138.297563707,Phase2_Migrated,366
1790326138.392277647,Phase2_Migrated,366
1790326138.451606431,Phase2_Migrated,367
1790326138.508448918,Phase2_Migrated,367
1790326138.574043493,Phase2_Migrated,367
1790326138.649229814,Phase2_Migrated,368
1790326138.734448572,Phase2_Migrated,368
1790326138.824021276,Phase2_Migrated,369
1790326138.914153625,Phase2_Migrated,369
1790326139.007905118,Phase2_Migrated,370
1790326139.104919456,Phase2_Migrated,370
1790326139.179988330,Phase2_Migrated,371
1790326139.258901453,Phase2_Migrated,371
1790326139.345476084,Phase2_Migrated,372
1790326139.428760198,Phase2_Migrated,372
1790326139.523381130,Phase2_Migrated,373
1790326139.616985258,Phase2_Migrated,373
1790326139.709380882,Phase2_Migrated,374
1790326139.786388331,Phase2_Migrated,374
1790326139.879946945,Phase2_Migrated,375
1790326139.975724093,Phase2_Migrated,376
1790326140.068504818,Phase2_Migrated,376
1790326140.133090646,Phase2_Migrated,376
1790326140.226890211,Phase2_Migrated,377
1790326140.317871134,Phase2_Migrated,377
1790326140.410619279,Phase2_Migrated,378
1790326140.510328182,Phase2_Migrated,379
1790326140.583338557,Phase2_Migrated,379
1790326140.674248720,Phase2_Migrated,380
1790326140.763530173,Phase2_Migrated,380
1790326140.861703808,Phase2_Migrated,381
1790326140.939078144,Phase2_Migrated,381
1790326141.030307753,Phase2_Migrated,382
1790326141.121923423,Phase2_Migrated,382
1790326141.213867171,Phase2_Migrated,383
1790326141.308707055,Phase2_Migrated,383
1790326141.384820987,Phase2_Migrated,384
1790326141.474053274,Phase2_Migrated,384
1790326141.574983359,Phase2_Migrated,385
1790326141.676350041,Phase2_Migrated,385
1790326141.778107368,Phase2_Migrated,386
1790326141.882403675,Phase2_Migrated,387
1790326141.994138936,Phase2_Migrated,387
1790326142.078740559,Phase2_Migrated,388
1790326142.171038540,Phase2_Migrated,388
1790326142.262163665,Phase2_Migrated,389
1790326142.326408382,Phase2_Migrated,389
1790326142.401419977,Phase2_Migrated,389
1790326142.501098898,Phase2_Migrated,390
1790326142.599763700,Phase2_Migrated,391
1790326142.701080583,Phase2_Migrated,391
1790326142.801373956,Phase2_Migrated,392
1790326142.902158773,Phase2_Migrated,392
1790326142.996171096,Phase2_Migrated,393
1790326143.082493815,Phase2_Migrated,393
1790326143.174988483,Phase2_Migrated,394
1790326143.270185061,Phase2_Migrated,395
1790326143.366838405,Phase2_Migrated,395
1790326143.464120743,Phase2_Migrated,396
1790326143.558295277,Phase2_Migrated,396
1790326143.651181593,Phase2_Migrated,397
1790326143.761718246,Phase2_Migrated,397
1790326143.853944986,Phase2_Migrated,398
1790326143.949605034,Phase2_Migrated,398
1790326144.046795187,Phase2_Migrated,399
1790326144.139197664,Phase2_Migrated,400
1790326144.233277528,Phase2_Migrated,400
1790326144.325794331,Phase2_Migrated,401
1790326144.417776109,Phase2_Migrated,401
1790326144.510304541,Phase2_Migrated,402
1790326144.599960797,Phase2_Migrated,402
1790326144.693956980,Phase2_Migrated,403
1790326144.790000957,Phase2_Migrated,403
1790326144.884583060,Phase2_Migrated,404
1790326144.987290384,Phase2_Migrated,404
1790326145.054878680,Phase2_Migrated,405
1790326145.127290081,Phase2_Migrated,405
1790326145.197947782,Phase2_Migrated,406
1790326145.276137887,Phase2_Migrated,406
1790326145.372367056,Phase2_Migrated,407
1790326145.464454820,Phase2_Migrated,407
1790326145.557321621,Phase2_Migrated,408
1790326145.653982075,Phase2_Migrated,408
1790326145.744754336,Phase2_Migrated,409
1790326145.833163950,Phase2_Migrated,409
1790326145.924538322,Phase2_Migrated,410
1790326146.018785206,Phase2_Migrated,410
1790326146.112892919,Phase2_Migrated,411
1790326146.206571358,Phase2_Migrated,411
1790326146.289845507,Phase2_Migrated,412
1790326146.378800622,Phase2_Migrated,412
1790326146.464278541,Phase2_Migrated,413
1790326146.558844655,Phase2_Migrated,413
1790326146.654214570,Phase2_Migrated,414
1790326146.741941683,Phase2_Migrated,414
1790326146.833497992,Phase2_Migrated,415
1790326146.915210916,Phase2_Migrated,415
1790326147.008548826,Phase2_Migrated,416
1790326147.102574043,Phase2_Migrated,417
1790326147.187020549,Phase2_Migrated,417
1790326147.281028548,Phase2_Migrated,418
1790326147.373083691,Phase2_Migrated,418
1790326147.467128653,Phase2_Migrated,419
1790326147.562303731,Phase2_Migrated,419
1790326147.652843430,Phase2_Migrated,420
1790326147.742828056,Phase2_Migrated,420
1790326147.837290552,Phase2_Migrated,421
1790326147.933509350,Phase2_Migrated,421
1790326148.023143414,Phase2_Migrated,422
1790326148.096356704,Phase2_Migrated,422
1790326148.170307999,Phase2_Migrated,423
1790326148.252311678,Phase2_Migrated,423
1790326148.330822903,Phase2_Migrated,424
1790326148.415057490,Phase2_Migrated,424
1790326148.474608156,Phase2_Migrated,424
1790326148.534095422,Phase2_Migrated,425
1790326148.607471758,Phase2_Migrated,425
1790326148.670267018,Phase2_Migrated,426
1790326148.760090616,Phase2_Migrated,426
1790326148.851815639,Phase2_Migrated,427
1790326148.941871264,Phase2_Migrated,427
1790326149.030128383,Phase2_Migrated,428
1790326149.129045247,Phase2_Migrated,428
1790326149.210019827,Phase2_Migrated,429
1790326149.284601899,Phase2_Migrated,429
1790326149.381847738,Phase2_Migrated,430
1790326149.465054877,Phase2_Migrated,430
1790326149.558220021,Phase2_Migrated,431
1790326149.652128006,Phase2_Migrated,431
1790326149.748029780,Phase2_Migrated,432
1790326149.827963865,Phase2_Migrated,432
1790326149.911677035,Phase2_Migrated,433
1790326149.990613195,Phase2_Migrated,433
1790326150.082765444,Phase2_Migrated,434
1790326150.176607745,Phase2_Migrated,434
1790326150.272119932,Phase2_Migrated,435
1790326150.381077324,Phase2_Migrated,435
1790326150.474490581,Phase2_Migrated,436
1790326150.566243831,Phase2_Migrated,437
1790326150.652966868,Phase2_Migrated,437
1790326150.747156447,Phase2_Migrated,438
1790326150.847717768,Phase2_Migrated,438
1790326150.941948032,Phase2_Migrated,439
1790326151.036047116,Phase2_Migrated,439
1790326151.129774081,Phase2_Migrated,440
1790326151.222981560,Phase2_Migrated,440
1790326151.309183796,Phase2_Migrated,441
1790326151.402741355,Phase2_Migrated,441
1790326151.503744689,Phase2_Migrated,442
1790326151.603123148,Phase2_Migrated,443
1790326151.700895297,Phase2_Migrated,443
1790326151.802386144,Phase2_Migrated,444
1790326151.889378156,Phase2_Migrated,444
1790326151.987450307,Phase2_Migrated,445
1790326152.081129077,Phase2_Migrated,445
1790326152.173029391,Phase2_Migrated,446
1790326152.253459340,Phase2_Migrated,446
1790326152.343947454,Phase2_Migrated,447
1790326152.435741219,Phase2_Migrated,447
1790326152.530157586,Phase2_Migrated,448
1790326152.638368190,Phase2_Migrated,448
1790326152.731909467,Phase2_Migrated,449
1790326152.819744035,Phase2_Migrated,449
1790326152.916814532,Phase2_Migrated,450
1790326153.007399604,Phase2_Migrated,451
1790326153.087064840,Phase2_Migrated,451
1790326153.170833617,Phase2_Migrated,452
1790326153.256093620,Phase2_Migrated,452
1790326153.348600327,Phase2_Migrated,453
1790326153.437941929,Phase2_Migrated,453
1790326153.526293947,Phase2_Migrated,454
1790326153.618241560,Phase2_Migrated,454
1790326153.706122526,Phase2_Migrated,455
1790326153.797930884,Phase2_Migrated,455
1790326153.893000106,Phase2_Migrated,456
1790326153.986310838,Phase2_Migrated,456
1790326155.360770814,Uninterrupted_Baseline,1
1790326155.442969569,Uninterrupted_Baseline,1
1790326155.527901073,Uninterrupted_Baseline,1
1790326155.610768955,Uninterrupted_Baseline,1
1790326155.695849725,Uninterrupted_Baseline,1
1790326155.760722692,Uninterrupted_Baseline,1
1790326155.843198241,Uninterrupted_Baseline,1
1790326155.928235156,Uninterrupted_Baseline,1
1790326155.983961161,Uninterrupted_Baseline,1
1790326156.067081339,Uninterrupted_Baseline,1
1790326156.157894281,Uninterrupted_Baseline,1
1790326156.241486258,Uninterrupted_Baseline,1
1790326156.321605757,Uninterrupted_Baseline,1
1790326156.403256859,Uninterrupted_Baseline,1
1790326156.496504345,Uninterrupted_Baseline,1
1790326156.581084707,Uninterrupted_Baseline,1
1790326156.666460932,Uninterrupted_Baseline,1
1790326156.750581683,Uninterrupted_Baseline,1
1790326156.834036562,Uninterrupted_Baseline,1
1790326156.916550006,Uninterrupted_Baseline,1
1790326157.001379365,Uninterrupted_Baseline,1
1790326157.088569688,Uninterrupted_Baseline,1
1790326157.173528078,Uninterrupted_Baseline,1
1790326157.247948399,Uninterrupted_Baseline,1
1790326157.330126426,Uninterrupted_Baseline,1
1790326157.417210377,Uninterrupted_Baseline,1
1790326157.498209949,Uninterrupted_Baseline,1
1790326157.581723476,Uninterrupted_Baseline,1
1790326157.665063301,Uninterrupted_Baseline,1
1790326157.753532744,Uninterrupted_Baseline,1
1790326157.834835271,Uninterrupted_Baseline,1
1790326157.918240605,Uninterrupted_Baseline,10
1790326157.918240605,Uninterrupted_Baseline,1
1790326158.001015221,Uninterrupted_Baseline,10
1790326158.001015221,Uninterrupted_Baseline,1
1790326158.062152211,Uninterrupted_Baseline,20
1790326158.062152211,Uninterrupted_Baseline,1
1790326158.130739230,Uninterrupted_Baseline,20
1790326158.130739230,Uninterrupted_Baseline,1
1790326158.201320012,Uninterrupted_Baseline,40
1790326158.201320012,Uninterrupted_Baseline,1
1790326158.282713214,Uninterrupted_Baseline,40
1790326158.282713214,Uninterrupted_Baseline,1
1790326158.361080451,Uninterrupted_Baseline,80
1790326158.361080451,Uninterrupted_Baseline,1
1790326158.430090816,Uninterrupted_Baseline,80
1790326158.430090816,Uninterrupted_Baseline,1
1790326158.483051137,Uninterrupted_Baseline,80
1790326158.483051137,Uninterrupted_Baseline,1
1790326158.539708652,Uninterrupted_Baseline,160
1790326158.539708652,Uninterrupted_Baseline,1
1790326158.597227298,Uninterrupted_Baseline,160
1790326158.597227298,Uninterrupted_Baseline,1
1790326158.676515882,Uninterrupted_Baseline,250
1790326158.676515882,Uninterrupted_Baseline,1
1790326158.760341328,Uninterrupted_Baseline,320
1790326158.760341328,Uninterrupted_Baseline,1
1790326158.841825440,Uninterrupted_Baseline,431
1790326158.841825440,Uninterrupted_Baseline,1
1790326158.926469443,Uninterrupted_Baseline,640
1790326158.926469443,Uninterrupted_Baseline,1
1790326159.005531607,Uninterrupted_Baseline,765
1790326159.005531607,Uninterrupted_Baseline,1
1790326159.088327440,Uninterrupted_Baseline,1078
1790326159.088327440,Uninterrupted_Baseline,1
1790326159.169611701,Uninterrupted_Baseline,928
1790326159.169611701,Uninterrupted_Baseline,1
1790326159.248179192,Uninterrupted_Baseline,765
1790326159.248179192,Uninterrupted_Baseline,1
1790326159.329084377,Uninterrupted_Baseline,598
1790326159.329084377,Uninterrupted_Baseline,1
1790326159.407362003,Uninterrupted_Baseline,548
1790326159.407362003,Uninterrupted_Baseline,1
1790326159.489894961,Uninterrupted_Baseline,548
1790326159.489894961,Uninterrupted_Baseline,1
1790326159.569544130,Uninterrupted_Baseline,435
1790326159.569544130,Uninterrupted_Baseline,1
1790326159.635993903,Uninterrupted_Baseline,313
1790326159.635993903,Uninterrupted_Baseline,1
1790326159.712926991,Uninterrupted_Baseline,274
1790326159.712926991,Uninterrupted_Baseline,1
1790326159.787438917,Uninterrupted_Baseline,274
1790326159.787438917,Uninterrupted_Baseline,1
1790326159.854133143,Uninterrupted_Baseline,275
1790326159.854133143,Uninterrupted_Baseline,1
1790326159.939230036,Uninterrupted_Baseline,275
1790326159.939230036,Uninterrupted_Baseline,1
1790326160.009955582,Uninterrupted_Baseline,276
1790326160.009955582,Uninterrupted_Baseline,1
1790326160.081791215,Uninterrupted_Baseline,276
1790326160.081791215,Uninterrupted_Baseline,1
1790326160.161573593,Uninterrupted_Baseline,277
1790326160.161573593,Uninterrupted_Baseline,1
1790326160.233143917,Uninterrupted_Baseline,277
1790326160.233143917,Uninterrupted_Baseline,1
1790326160.319694798,Uninterrupted_Baseline,278
1790326160.319694798,Uninterrupted_Baseline,1
1790326160.403074799,Uninterrupted_Baseline,278
1790326160.403074799,Uninterrupted_Baseline,1
1790326160.482999095,Uninterrupted_Baseline,279
1790326160.482999095,Uninterrupted_Baseline,1
1790326160.573586496,Uninterrupted_Baseline,279
1790326160.573586496,Uninterrupted_Baseline,1
1790326160.660537451,Uninterrupted_Baseline,280
1790326160.660537451,Uninterrupted_Baseline,1
1790326160.741904106,Uninterrupted_Baseline,280
1790326160.741904106,Uninterrupted_Baseline,1
1790326160.819167532,Uninterrupted_Baseline,281
1790326160.819167532,Uninterrupted_Baseline,1
1790326160.903006993,Uninterrupted_Baseline,281
1790326160.903006993,Uninterrupted_Baseline,1
1790326160.985558745,Uninterrupted_Baseline,282
1790326160.985558745,Uninterrupted_Baseline,1
1790326161.072057969,Uninterrupted_Baseline,282
1790326161.072057969,Uninterrupted_Baseline,1
1790326161.160719590,Uninterrupted_Baseline,283
1790326161.160719590,Uninterrupted_Baseline,1
1790326161.242728743,Uninterrupted_Baseline,283
1790326161.242728743,Uninterrupted_Baseline,1
1790326161.323738755,Uninterrupted_Baseline,284
1790326161.323738755,Uninterrupted_Baseline,1
1790326161.413379221,Uninterrupted_Baseline,284
1790326161.413379221,Uninterrupted_Baseline,1
1790326161.496866796,Uninterrupted_Baseline,285
1790326161.496866796,Uninterrupted_Baseline,1
1790326161.582126409,Uninterrupted_Baseline,285
1790326161.582126409,Uninterrupted_Baseline,1
1790326161.665415739,Uninterrupted_Baseline,286
1790326161.665415739,Uninterrupted_Baseline,1
1790326161.753316848,Uninterrupted_Baseline,286
1790326161.753316848,Uninterrupted_Baseline,1
1790326161.839415779,Uninterrupted_Baseline,287
1790326161.839415779,Uninterrupted_Baseline,1
1790326161.923437121,Uninterrupted_Baseline,287
1790326161.923437121,Uninterrupted_Baseline,1
1790326162.010093523,Uninterrupted_Baseline,288
1790326162.010093523,Uninterrupted_Baseline,1
1790326162.096321555,Uninterrupted_Baseline,288
1790326162.096321555,Uninterrupted_Baseline,1
1790326162.180528448,Uninterrupted_Baseline,289
1790326162.180528448,Uninterrupted_Baseline,1
1790326162.266007878,Uninterrupted_Baseline,289
1790326162.266007878,Uninterrupted_Baseline,1
1790326162.351371447,Uninterrupted_Baseline,290
1790326162.351371447,Uninterrupted_Baseline,1
1790326162.434804158,Uninterrupted_Baseline,290
1790326162.434804158,Uninterrupted_Baseline,1
1790326162.519304768,Uninterrupted_Baseline,291
1790326162.519304768,Uninterrupted_Baseline,1
1790326162.600253852,Uninterrupted_Baseline,291
1790326162.600253852,Uninterrupted_Baseline,1
1790326162.682906535,Uninterrupted_Baseline,292
1790326162.682906535,Uninterrupted_Baseline,1
1790326162.764297131,Uninterrupted_Baseline,292
1790326162.764297131,Uninterrupted_Baseline,1
1790326162.848182220,Uninterrupted_Baseline,293
1790326162.848182220,Uninterrupted_Baseline,1
1790326162.934342702,Uninterrupted_Baseline,293
1790326162.934342702,Uninterrupted_Baseline,1
1790326163.016305899,Uninterrupted_Baseline,294
1790326163.016305899,Uninterrupted_Baseline,1
1790326163.101567503,Uninterrupted_Baseline,294
1790326163.101567503,Uninterrupted_Baseline,1
1790326163.180444470,Uninterrupted_Baseline,295
1790326163.180444470,Uninterrupted_Baseline,1
1790326163.243519245,Uninterrupted_Baseline,295
1790326163.243519245,Uninterrupted_Baseline,1
1790326163.329728177,Uninterrupted_Baseline,296
1790326163.329728177,Uninterrupted_Baseline,1
1790326163.416398515,Uninterrupted_Baseline,296
1790326163.416398515,Uninterrupted_Baseline,1
1790326163.500772219,Uninterrupted_Baseline,297
1790326163.500772219,Uninterrupted_Baseline,1
1790326163.589432581,Uninterrupted_Baseline,297
1790326163.589432581,Uninterrupted_Baseline,1
1790326163.674512762,Uninterrupted_Baseline,298
1790326163.674512762,Uninterrupted_Baseline,1
1790326163.754992463,Uninterrupted_Baseline,298
1790326163.754992463,Uninterrupted_Baseline,1
1790326163.839356049,Uninterrupted_Baseline,299
1790326163.839356049,Uninterrupted_Baseline,1
1790326163.915020230,Uninterrupted_Baseline,299
1790326163.915020230,Uninterrupted_Baseline,1
1790326164.002935298,Uninterrupted_Baseline,300
1790326164.002935298,Uninterrupted_Baseline,1
1790326164.087379109,Uninterrupted_Baseline,300
1790326164.087379109,Uninterrupted_Baseline,1
1790326164.172278647,Uninterrupted_Baseline,301
1790326164.172278647,Uninterrupted_Baseline,1
1790326164.271783784,Uninterrupted_Baseline,301
1790326164.271783784,Uninterrupted_Baseline,1
1790326164.353588684,Uninterrupted_Baseline,302
1790326164.353588684,Uninterrupted_Baseline,1
1790326164.435262423,Uninterrupted_Baseline,302
1790326164.435262423,Uninterrupted_Baseline,1
1790326164.513863036,Uninterrupted_Baseline,303
1790326164.513863036,Uninterrupted_Baseline,1
1790326164.595694570,Uninterrupted_Baseline,303
1790326164.595694570,Uninterrupted_Baseline,1
1790326164.672734150,Uninterrupted_Baseline,304
1790326164.672734150,Uninterrupted_Baseline,1
1790326164.753925141,Uninterrupted_Baseline,304
1790326164.753925141,Uninterrupted_Baseline,1
1790326164.841375781,Uninterrupted_Baseline,305
1790326164.841375781,Uninterrupted_Baseline,1
1790326164.917004020,Uninterrupted_Baseline,305
1790326164.917004020,Uninterrupted_Baseline,1
1790326165.001835650,Uninterrupted_Baseline,305
1790326165.001835650,Uninterrupted_Baseline,1
1790326165.084544468,Uninterrupted_Baseline,306
1790326165.084544468,Uninterrupted_Baseline,1
1790326165.167987595,Uninterrupted_Baseline,306
1790326165.252007111,Uninterrupted_Baseline,307
1790326165.315788184,Uninterrupted_Baseline,307
1790326165.387406934,Uninterrupted_Baseline,308
1790326165.468994173,Uninterrupted_Baseline,308
1790326165.546395346,Uninterrupted_Baseline,309
1790326165.626604070,Uninterrupted_Baseline,309
1790326165.700967940,Uninterrupted_Baseline,310
1790326165.786779482,Uninterrupted_Baseline,310
1790326165.867100284,Uninterrupted_Baseline,311
1790326165.920836146,Uninterrupted_Baseline,311
1790326166.000351217,Uninterrupted_Baseline,311
1790326166.083461225,Uninterrupted_Baseline,312
1790326166.158456280,Uninterrupted_Baseline,312
1790326166.232899149,Uninterrupted_Baseline,313
1790326166.314243155,Uninterrupted_Baseline,313
1790326166.375439518,Uninterrupted_Baseline,314
1790326166.470719911,Uninterrupted_Baseline,314
1790326166.529488820,Uninterrupted_Baseline,314
1790326166.601006063,Uninterrupted_Baseline,315
1790326166.678158107,Uninterrupted_Baseline,315
1790326166.759850716,Uninterrupted_Baseline,316
1790326166.845924092,Uninterrupted_Baseline,316
1790326166.927468999,Uninterrupted_Baseline,317
1790326167.004024399,Uninterrupted_Baseline,317
1790326167.093184457,Uninterrupted_Baseline,318
1790326167.172914195,Uninterrupted_Baseline,318
1790326167.242582439,Uninterrupted_Baseline,319
1790326167.321046982,Uninterrupted_Baseline,319
1790326167.385961565,Uninterrupted_Baseline,319
1790326167.458935809,Uninterrupted_Baseline,320
1790326167.544534486,Uninterrupted_Baseline,320
1790326167.626372746,Uninterrupted_Baseline,321
1790326167.702460562,Uninterrupted_Baseline,321
1790326167.787189005,Uninterrupted_Baseline,322
1790326167.878079863,Uninterrupted_Baseline,322
1790326167.964126693,Uninterrupted_Baseline,323
1790326168.033133166,Uninterrupted_Baseline,323
1790326168.113175309,Uninterrupted_Baseline,324
1790326168.195531425,Uninterrupted_Baseline,324
1790326168.255684477,Uninterrupted_Baseline,324
1790326168.319875217,Uninterrupted_Baseline,325
1790326168.402881896,Uninterrupted_Baseline,325
1790326168.452320632,Uninterrupted_Baseline,326
1790326168.503451648,Uninterrupted_Baseline,326
1790326168.560218546,Uninterrupted_Baseline,326
1790326168.620434738,Uninterrupted_Baseline,327
1790326168.699952591,Uninterrupted_Baseline,327
1790326168.782935077,Uninterrupted_Baseline,328
1790326168.862032130,Uninterrupted_Baseline,328
1790326168.920194284,Uninterrupted_Baseline,328
1790326169.003335416,Uninterrupted_Baseline,329
1790326169.083019851,Uninterrupted_Baseline,329
1790326169.153331001,Uninterrupted_Baseline,330
1790326169.233479878,Uninterrupted_Baseline,330
1790326169.312981009,Uninterrupted_Baseline,331
1790326169.401924221,Uninterrupted_Baseline,331
1790326169.490543687,Uninterrupted_Baseline,332
1790326169.575022983,Uninterrupted_Baseline,332
1790326169.658289681,Uninterrupted_Baseline,333
1790326169.739287669,Uninterrupted_Baseline,333
1790326169.819758271,Uninterrupted_Baseline,334
1790326169.907240602,Uninterrupted_Baseline,334
1790326169.992612435,Uninterrupted_Baseline,335
1790326170.076579221,Uninterrupted_Baseline,335
1790326170.158005152,Uninterrupted_Baseline,336
1790326170.241501434,Uninterrupted_Baseline,336
1790326170.321952040,Uninterrupted_Baseline,337
1790326170.405180425,Uninterrupted_Baseline,337
1790326170.491877562,Uninterrupted_Baseline,338
1790326170.568977701,Uninterrupted_Baseline,338
1790326170.635526540,Uninterrupted_Baseline,338
1790326170.727314712,Uninterrupted_Baseline,339
1790326170.810792572,Uninterrupted_Baseline,339
1790326170.888095433,Uninterrupted_Baseline,340
1790326170.953899126,Uninterrupted_Baseline,340
1790326171.038222255,Uninterrupted_Baseline,341
1790326171.122588310,Uninterrupted_Baseline,341
1790326171.206305088,Uninterrupted_Baseline,342
1790326171.292205766,Uninterrupted_Baseline,342
1790326171.360572323,Uninterrupted_Baseline,343
1790326171.442798647,Uninterrupted_Baseline,343
1790326171.520923282,Uninterrupted_Baseline,343
1790326171.593978044,Uninterrupted_Baseline,344
1790326171.681553367,Uninterrupted_Baseline,344
1790326171.766454149,Uninterrupted_Baseline,345
1790326171.851074584,Uninterrupted_Baseline,345
1790326171.935525847,Uninterrupted_Baseline,346
1790326172.015144600,Uninterrupted_Baseline,346
1790326172.099839306,Uninterrupted_Baseline,347
1790326172.168239234,Uninterrupted_Baseline,347
1790326172.250347961,Uninterrupted_Baseline,348
1790326172.317252348,Uninterrupted_Baseline,348
1790326172.405163525,Uninterrupted_Baseline,349
1790326172.485739625,Uninterrupted_Baseline,349
1790326172.568226952,Uninterrupted_Baseline,349
1790326172.646559656,Uninterrupted_Baseline,350
1790326172.714691658,Uninterrupted_Baseline,350
1790326172.802751417,Uninterrupted_Baseline,351
1790326172.884325396,Uninterrupted_Baseline,351
1790326172.952061325,Uninterrupted_Baseline,352
1790326173.040030409,Uninterrupted_Baseline,352
1790326173.126579404,Uninterrupted_Baseline,353
1790326173.208162263,Uninterrupted_Baseline,353
1790326173.291955273,Uninterrupted_Baseline,354
1790326173.374067661,Uninterrupted_Baseline,354
1790326173.463918048,Uninterrupted_Baseline,355
1790326173.551248040,Uninterrupted_Baseline,355
1790326173.635224560,Uninterrupted_Baseline,356
1790326173.719374273,Uninterrupted_Baseline,356
1790326173.807553752,Uninterrupted_Baseline,357
1790326173.885962533,Uninterrupted_Baseline,357
1790326173.967948325,Uninterrupted_Baseline,358
1790326174.050692683,Uninterrupted_Baseline,358
1790326174.116199843,Uninterrupted_Baseline,358
1790326174.190465385,Uninterrupted_Baseline,359
1790326174.256296537,Uninterrupted_Baseline,359
1790326174.336767495,Uninterrupted_Baseline,360
1790326174.405521414,Uninterrupted_Baseline,360
1790326174.476133076,Uninterrupted_Baseline,360
1790326174.541178771,Uninterrupted_Baseline,361
1790326174.613228737,Uninterrupted_Baseline,361
1790326174.696797989,Uninterrupted_Baseline,362
1790326174.785393809,Uninterrupted_Baseline,362
1790326174.875245457,Uninterrupted_Baseline,363
1790326174.931722215,Uninterrupted_Baseline,363
1790326175.003069443,Uninterrupted_Baseline,363
1790326175.084886514,Uninterrupted_Baseline,364
1790326175.168756923,Uninterrupted_Baseline,364
1790326175.229566652,Uninterrupted_Baseline,365
1790326175.312580759,Uninterrupted_Baseline,365
1790326175.395273356,Uninterrupted_Baseline,366
1790326175.478222578,Uninterrupted_Baseline,366
1790326175.556851628,Uninterrupted_Baseline,367
1790326175.633989106,Uninterrupted_Baseline,367
1790326175.706517832,Uninterrupted_Baseline,368
1790326175.790494143,Uninterrupted_Baseline,368
1790326175.872768784,Uninterrupted_Baseline,368
1790326175.956391826,Uninterrupted_Baseline,369
1790326176.040143140,Uninterrupted_Baseline,369
1790326176.128378407,Uninterrupted_Baseline,370
1790326176.212829992,Uninterrupted_Baseline,370
1790326176.289098788,Uninterrupted_Baseline,371
1790326176.368191458,Uninterrupted_Baseline,371
1790326176.447773246,Uninterrupted_Baseline,372
1790326176.531554600,Uninterrupted_Baseline,372
1790326176.610696785,Uninterrupted_Baseline,373
1790326176.695112475,Uninterrupted_Baseline,373
1790326176.779993680,Uninterrupted_Baseline,374
1790326176.863532585,Uninterrupted_Baseline,374
1790326176.946135259,Uninterrupted_Baseline,375
1790326177.027770357,Uninterrupted_Baseline,375
1790326177.093272930,Uninterrupted_Baseline,376
1790326177.181209340,Uninterrupted_Baseline,376
1790326177.248051187,Uninterrupted_Baseline,376
1790326177.329226814,Uninterrupted_Baseline,377
1790326177.416351166,Uninterrupted_Baseline,377
1790326177.500716081,Uninterrupted_Baseline,378
1790326177.581094349,Uninterrupted_Baseline,378
1790326177.664119562,Uninterrupted_Baseline,379
1790326177.741723416,Uninterrupted_Baseline,379
1790326177.828478221,Uninterrupted_Baseline,380
1790326177.910330387,Uninterrupted_Baseline,380
1790326177.994715637,Uninterrupted_Baseline,381
1790326178.079286486,Uninterrupted_Baseline,381
1790326178.145492713,Uninterrupted_Baseline,382
1790326178.227953345,Uninterrupted_Baseline,382
1790326178.305065270,Uninterrupted_Baseline,383
1790326178.368480903,Uninterrupted_Baseline,383
1790326178.429057552,Uninterrupted_Baseline,383
1790326178.482181247,Uninterrupted_Baseline,384
1790326178.548565828,Uninterrupted_Baseline,384
1790326178.608240243,Uninterrupted_Baseline,384
1790326178.683770627,Uninterrupted_Baseline,385
1790326178.756329655,Uninterrupted_Baseline,385
1790326178.835053115,Uninterrupted_Baseline,386
1790326178.908118674,Uninterrupted_Baseline,386
1790326178.992268716,Uninterrupted_Baseline,387
1790326179.068129172,Uninterrupted_Baseline,387
1790326179.151261709,Uninterrupted_Baseline,388
1790326179.233181604,Uninterrupted_Baseline,388
1790326179.295984498,Uninterrupted_Baseline,388
1790326179.378509214,Uninterrupted_Baseline,389
1790326179.464666567,Uninterrupted_Baseline,389
1790326179.542112592,Uninterrupted_Baseline,390
1790326179.633142693,Uninterrupted_Baseline,390
1790326179.711287168,Uninterrupted_Baseline,391
1790326179.776994124,Uninterrupted_Baseline,391
1790326179.856110283,Uninterrupted_Baseline,392
1790326179.937033019,Uninterrupted_Baseline,392
1790326180.018424755,Uninterrupted_Baseline,393
1790326180.100049453,Uninterrupted_Baseline,393
1790326180.180033187,Uninterrupted_Baseline,394
1790326180.255188690,Uninterrupted_Baseline,394
1790326180.337301891,Uninterrupted_Baseline,395
1790326180.418565726,Uninterrupted_Baseline,395
1790326180.503499134,Uninterrupted_Baseline,395
1790326180.561871189,Uninterrupted_Baseline,396
1790326180.621300360,Uninterrupted_Baseline,396
1790326180.697899966,Uninterrupted_Baseline,397
1790326180.781611204,Uninterrupted_Baseline,397
1790326180.865283136,Uninterrupted_Baseline,398
1790326180.937289729,Uninterrupted_Baseline,398
1790326181.023823818,Uninterrupted_Baseline,398
1790326181.095695448,Uninterrupted_Baseline,399
1790326181.177193250,Uninterrupted_Baseline,399
1790326181.262490197,Uninterrupted_Baseline,400
1790326181.340251765,Uninterrupted_Baseline,400
1790326181.426328376,Uninterrupted_Baseline,401
1790326181.511603993,Uninterrupted_Baseline,401
1790326181.596972054,Uninterrupted_Baseline,402
1790326181.680530299,Uninterrupted_Baseline,402
1790326181.762562271,Uninterrupted_Baseline,403
1790326181.846431357,Uninterrupted_Baseline,403
1790326181.909611151,Uninterrupted_Baseline,403
1790326181.981929057,Uninterrupted_Baseline,404
1790326182.055597255,Uninterrupted_Baseline,404
1790326182.131747619,Uninterrupted_Baseline,405
1790326182.203960642,Uninterrupted_Baseline,405
1790326182.288707640,Uninterrupted_Baseline,406
1790326182.372796218,Uninterrupted_Baseline,406
1790326182.455445115,Uninterrupted_Baseline,407
1790326182.540804805,Uninterrupted_Baseline,407
1790326182.632124357,Uninterrupted_Baseline,408
1790326182.716133188,Uninterrupted_Baseline,408
1790326182.798854171,Uninterrupted_Baseline,409
1790326182.878323486,Uninterrupted_Baseline,409
1790326182.965485510,Uninterrupted_Baseline,410
1790326183.047670019,Uninterrupted_Baseline,410
1790326183.112399344,Uninterrupted_Baseline,410
1790326183.200982275,Uninterrupted_Baseline,411
1790326183.276114271,Uninterrupted_Baseline,411
1790326183.360149678,Uninterrupted_Baseline,412
1790326183.444847623,Uninterrupted_Baseline,412
1790326183.503565052,Uninterrupted_Baseline,413
1790326183.586836538,Uninterrupted_Baseline,413
1790326183.670146220,Uninterrupted_Baseline,414
1790326183.749491858,Uninterrupted_Baseline,414
1790326183.819327697,Uninterrupted_Baseline,414
1790326183.905716332,Uninterrupted_Baseline,415
1790326183.986747639,Uninterrupted_Baseline,415
1790326184.060965606,Uninterrupted_Baseline,416
1790326184.144425167,Uninterrupted_Baseline,416
1790326184.227401983,Uninterrupted_Baseline,417
1790326184.312272893,Uninterrupted_Baseline,417
1790326184.396870309,Uninterrupted_Baseline,418
1790326184.479058039,Uninterrupted_Baseline,418
1790326184.557258274,Uninterrupted_Baseline,419
1790326184.647304018,Uninterrupted_Baseline,419
1790326184.730243117,Uninterrupted_Baseline,420
1790326184.819007739,Uninterrupted_Baseline,420
1790326184.874738069,Uninterrupted_Baseline,421
1790326184.942938768,Uninterrupted_Baseline,421
1790326185.006504095,Uninterrupted_Baseline,421
1790326185.089693354,Uninterrupted_Baseline,422
1790326185.175945536,Uninterrupted_Baseline,422
1790326185.262527216,Uninterrupted_Baseline,423
1790326185.338583300,Uninterrupted_Baseline,423
1790326185.416879342,Uninterrupted_Baseline,424
1790326185.496399780,Uninterrupted_Baseline,424
1790326185.583423800,Uninterrupted_Baseline,425
1790326185.668130503,Uninterrupted_Baseline,425
1790326185.756755054,Uninterrupted_Baseline,426
1790326185.841209504,Uninterrupted_Baseline,426
1790326185.927210784,Uninterrupted_Baseline,427
1790326186.012177575,Uninterrupted_Baseline,427
1790326186.100586238,Uninterrupted_Baseline,428
1790326186.179315293,Uninterrupted_Baseline,428
1790326186.265826098,Uninterrupted_Baseline,429
1790326186.349232789,Uninterrupted_Baseline,429
1790326186.431387368,Uninterrupted_Baseline,430
1790326186.509570212,Uninterrupted_Baseline,430
1790326186.590896562,Uninterrupted_Baseline,430
1790326186.678363981,Uninterrupted_Baseline,431
1790326186.758765844,Uninterrupted_Baseline,431
1790326186.845600397,Uninterrupted_Baseline,432
1790326186.921297097,Uninterrupted_Baseline,432
1790326187.016213633,Uninterrupted_Baseline,433
1790326187.093418644,Uninterrupted_Baseline,433
1790326187.171790211,Uninterrupted_Baseline,434
1790326187.242821813,Uninterrupted_Baseline,434
1790326187.324410191,Uninterrupted_Baseline,435
1790326187.409032003,Uninterrupted_Baseline,435
1790326187.490258911,Uninterrupted_Baseline,436
1790326187.573296239,Uninterrupted_Baseline,436
1790326187.657512777,Uninterrupted_Baseline,437
1790326187.727374213,Uninterrupted_Baseline,437
1790326187.810164427,Uninterrupted_Baseline,437
1790326187.878870100,Uninterrupted_Baseline,438
1790326187.961222735,Uninterrupted_Baseline,438
1790326188.037453227,Uninterrupted_Baseline,439
1790326188.115343883,Uninterrupted_Baseline,439
1790326188.202068368,Uninterrupted_Baseline,440
1790326188.262221443,Uninterrupted_Baseline,440
1790326188.332044120,Uninterrupted_Baseline,440
1790326188.408421944,Uninterrupted_Baseline,441
1790326188.458117656,Uninterrupted_Baseline,441
1790326188.510992583,Uninterrupted_Baseline,442
1790326188.575115507,Uninterrupted_Baseline,442
1790326188.635042642,Uninterrupted_Baseline,442
1790326188.715565169,Uninterrupted_Baseline,443
1790326188.797900524,Uninterrupted_Baseline,443
1790326188.877999312,Uninterrupted_Baseline,444
1790326188.958898855,Uninterrupted_Baseline,444
1790326189.039489883,Uninterrupted_Baseline,445
1790326189.118359607,Uninterrupted_Baseline,445
1790326189.174561464,Uninterrupted_Baseline,445
1790326189.255393423,Uninterrupted_Baseline,446
1790326189.337755290,Uninterrupted_Baseline,446
1790326189.420951778,Uninterrupted_Baseline,447
1790326189.502331763,Uninterrupted_Baseline,447
1790326189.581885661,Uninterrupted_Baseline,448
1790326189.660282918,Uninterrupted_Baseline,448
1790326189.733902626,Uninterrupted_Baseline,449
1790326189.807912961,Uninterrupted_Baseline,449
1790326189.885811638,Uninterrupted_Baseline,450
1790326189.975105160,Uninterrupted_Baseline,450
1790326190.058324842,Uninterrupted_Baseline,450
1790326190.142130378,Uninterrupted_Baseline,451
1790326190.226936330,Uninterrupted_Baseline,451
1790326190.315757341,Uninterrupted_Baseline,452
1790326190.374708573,Uninterrupted_Baseline,452
1790326190.455137312,Uninterrupted_Baseline,453
1790326190.534053669,Uninterrupted_Baseline,453
1790326190.595470698,Uninterrupted_Baseline,454
1790326190.674954900,Uninterrupted_Baseline,454
1790326190.760542796,Uninterrupted_Baseline,454
1790326190.829529958,Uninterrupted_Baseline,455
1790326190.913434512,Uninterrupted_Baseline,455
1790326191.005574787,Uninterrupted_Baseline,456
1790326191.086235032,Uninterrupted_Baseline,456
1790326191.162742971,Uninterrupted_Baseline,457
1790326191.250449187,Uninterrupted_Baseline,457
1790326191.319442333,Uninterrupted_Baseline,458
1790326191.392190833,Uninterrupted_Baseline,458
1790326191.475245638,Uninterrupted_Baseline,459
1790326191.554821337,Uninterrupted_Baseline,459
1790326191.637562106,Uninterrupted_Baseline,460
1790326191.722191149,Uninterrupted_Baseline,460
1790326191.806424437,Uninterrupted_Baseline,461
1790326191.890875557,Uninterrupted_Baseline,461
1790326191.977730009,Uninterrupted_Baseline,462
1790326192.062814431,Uninterrupted_Baseline,462
1790326192.148810184,Uninterrupted_Baseline,462
1790326192.226938232,Uninterrupted_Baseline,463
1790326192.306057336,Uninterrupted_Baseline,463
1790326192.394117395,Uninterrupted_Baseline,464
1790326192.476846120,Uninterrupted_Baseline,464
1790326192.564641132,Uninterrupted_Baseline,465
1790326192.644377056,Uninterrupted_Baseline,465
1790326192.730834062,Uninterrupted_Baseline,466
1790326192.821115022,Uninterrupted_Baseline,466
1790326192.902984993,Uninterrupted_Baseline,467
1790326192.987991294,Uninterrupted_Baseline,467
1790326193.073359923,Uninterrupted_Baseline,468
1790326193.158249386,Uninterrupted_Baseline,468
1790326193.243859479,Uninterrupted_Baseline,469
1790326193.324539152,Uninterrupted_Baseline,469
1790326193.407057974,Uninterrupted_Baseline,470
1790326193.496078158,Uninterrupted_Baseline,470
1790326193.582018918,Uninterrupted_Baseline,471
1790326193.672147050,Uninterrupted_Baseline,471
1790326193.749988621,Uninterrupted_Baseline,472
1790326193.834074667,Uninterrupted_Baseline,472
1790326193.917778506,Uninterrupted_Baseline,473
1790326193.996161683,Uninterrupted_Baseline,473
1790326194.077095134,Uninterrupted_Baseline,474
1790326194.162524681,Uninterrupted_Baseline,474
1790326194.245086135,Uninterrupted_Baseline,475
1790326194.329318994,Uninterrupted_Baseline,475
1790326194.413912796,Uninterrupted_Baseline,475
1790326194.495748389,Uninterrupted_Baseline,476
1790326194.582901511,Uninterrupted_Baseline,477
1790326194.666910323,Uninterrupted_Baseline,477
1790326194.755873631,Uninterrupted_Baseline,478
1790326194.835591759,Uninterrupted_Baseline,478
1790326194.912880727,Uninterrupted_Baseline,478
1790326195.011164527,Uninterrupted_Baseline,479
1790326195.070318980,Uninterrupted_Baseline,479
1790326195.140933106,Uninterrupted_Baseline,480
1790326195.217150252,Uninterrupted_Baseline,480
1790326195.299390917,Uninterrupted_Baseline,481
1790326195.380165465,Uninterrupted_Baseline,481
1790326195.455105230,Uninterrupted_Baseline,481
1790326195.536130217,Uninterrupted_Baseline,482
1790326195.618084664,Uninterrupted_Baseline,482
1790326195.702336287,Uninterrupted_Baseline,483
1790326195.780920986,Uninterrupted_Baseline,483
1790326195.847455510,Uninterrupted_Baseline,484
1790326195.921245743,Uninterrupted_Baseline,484
1790326195.993440688,Uninterrupted_Baseline,485
1790326196.045573250,Uninterrupted_Baseline,485
1790326196.112879157,Uninterrupted_Baseline,485
1790326196.184209781,Uninterrupted_Baseline,486
1790326196.259171589,Uninterrupted_Baseline,486
1790326196.327452830,Uninterrupted_Baseline,486
1790326196.410932521,Uninterrupted_Baseline,487
1790326196.495335795,Uninterrupted_Baseline,487
1790326196.571171366,Uninterrupted_Baseline,488
1790326196.653953493,Uninterrupted_Baseline,488
1790326196.734753203,Uninterrupted_Baseline,489
1790326196.823837974,Uninterrupted_Baseline,489
1790326196.902990811,Uninterrupted_Baseline,490
1790326196.986261302,Uninterrupted_Baseline,490
1790326197.068490625,Uninterrupted_Baseline,491
1790326197.156004026,Uninterrupted_Baseline,491
1790326197.236765157,Uninterrupted_Baseline,492
1790326197.321516818,Uninterrupted_Baseline,492
1790326197.410982988,Uninterrupted_Baseline,493
1790326197.503730490,Uninterrupted_Baseline,493
1790326197.589072304,Uninterrupted_Baseline,494
1790326197.676251446,Uninterrupted_Baseline,494
1790326197.763382473,Uninterrupted_Baseline,495
1790326197.849765581,Uninterrupted_Baseline,495
1790326197.939490011,Uninterrupted_Baseline,496
1790326198.026148094,Uninterrupted_Baseline,496
1790326198.109003483,Uninterrupted_Baseline,497
1790326198.200007147,Uninterrupted_Baseline,497
1790326198.276449483,Uninterrupted_Baseline,498
1790326198.340414323,Uninterrupted_Baseline,498
1790326198.416016036,Uninterrupted_Baseline,498
1790326198.468090328,Uninterrupted_Baseline,499
1790326198.536729174,Uninterrupted_Baseline,499
1790326198.604915469,Uninterrupted_Baseline,500
1790326198.678943127,Uninterrupted_Baseline,500
1790326198.745161948,Uninterrupted_Baseline,500
1790326198.825504437,Uninterrupted_Baseline,501
1790326198.906205547,Uninterrupted_Baseline,501
1790326198.989192034,Uninterrupted_Baseline,502
1790326199.058046171,Uninterrupted_Baseline,502
1790326199.137048181,Uninterrupted_Baseline,503
1790326199.202083486,Uninterrupted_Baseline,503
1790326199.283039122,Uninterrupted_Baseline,504
1790326199.371153733,Uninterrupted_Baseline,504
1790326199.455803616,Uninterrupted_Baseline,505
1790326199.539349147,Uninterrupted_Baseline,505
1790326199.625980619,Uninterrupted_Baseline,506
1790326199.698816212,Uninterrupted_Baseline,506
1790326199.775965088,Uninterrupted_Baseline,507
1790326199.858227572,Uninterrupted_Baseline,507
1790326199.938714484,Uninterrupted_Baseline,507
1790326200.022485193,Uninterrupted_Baseline,508
1790326200.104511229,Uninterrupted_Baseline,508
1790326200.186108262,Uninterrupted_Baseline,509
1790326200.271512237,Uninterrupted_Baseline,509
1790326200.356405147,Uninterrupted_Baseline,510
1790326200.438814222,Uninterrupted_Baseline,510
1790326200.520893774,Uninterrupted_Baseline,511
1790326200.592322114,Uninterrupted_Baseline,511
1790326200.676889060,Uninterrupted_Baseline,512
1790326200.757214104,Uninterrupted_Baseline,512
1790326200.829921563,Uninterrupted_Baseline,513
1790326200.903778263,Uninterrupted_Baseline,513
1790326200.986006246,Uninterrupted_Baseline,513
1790326201.071953836,Uninterrupted_Baseline,514
1790326201.155033083,Uninterrupted_Baseline,514
1790326201.241365767,Uninterrupted_Baseline,515
1790326201.305192225,Uninterrupted_Baseline,515
1790326201.382362970,Uninterrupted_Baseline,516
1790326201.447216686,Uninterrupted_Baseline,516
1790326201.535709640,Uninterrupted_Baseline,517
1790326201.621066553,Uninterrupted_Baseline,517
1790326201.702573341,Uninterrupted_Baseline,518
1790326201.781424412,Uninterrupted_Baseline,518
1790326201.842937750,Uninterrupted_Baseline,518
1790326201.909925847,Uninterrupted_Baseline,519
1790326201.990441204,Uninterrupted_Baseline,519
1790326202.071442827,Uninterrupted_Baseline,520
1790326202.135811691,Uninterrupted_Baseline,520
1790326202.221109154,Uninterrupted_Baseline,521
1790326202.302050594,Uninterrupted_Baseline,521
1790326202.365984326,Uninterrupted_Baseline,522
1790326202.429885675,Uninterrupted_Baseline,522
1790326202.506269172,Uninterrupted_Baseline,522
1790326202.588384430,Uninterrupted_Baseline,523
1790326202.671298956,Uninterrupted_Baseline,523
1790326202.754705380,Uninterrupted_Baseline,524
1790326202.827815813,Uninterrupted_Baseline,524
1790326202.908944841,Uninterrupted_Baseline,525
1790326202.988144727,Uninterrupted_Baseline,525
1790326203.053517159,Uninterrupted_Baseline,526
1790326203.133917298,Uninterrupted_Baseline,526
1790326203.216814790,Uninterrupted_Baseline,526
1790326203.300712710,Uninterrupted_Baseline,527
1790326203.390819809,Uninterrupted_Baseline,527
1790326203.471086784,Uninterrupted_Baseline,528
1790326203.554086253,Uninterrupted_Baseline,528
1790326203.626197316,Uninterrupted_Baseline,529
1790326203.699992300,Uninterrupted_Baseline,529
1790326203.769152589,Uninterrupted_Baseline,530
1790326203.850822097,Uninterrupted_Baseline,530
1790326203.934783754,Uninterrupted_Baseline,531
1790326204.021827122,Uninterrupted_Baseline,531
1790326204.108065401,Uninterrupted_Baseline,532
1790326204.189922211,Uninterrupted_Baseline,532
1790326204.273056994,Uninterrupted_Baseline,533
1790326204.354984309,Uninterrupted_Baseline,533
1790326204.436025421,Uninterrupted_Baseline,534
1790326204.515509715,Uninterrupted_Baseline,534
1790326204.598130567,Uninterrupted_Baseline,534
1790326204.662282808,Uninterrupted_Baseline,535
1790326204.754192474,Uninterrupted_Baseline,535
1790326204.844186022,Uninterrupted_Baseline,536
1790326204.925749871,Uninterrupted_Baseline,536
1790326205.002730547,Uninterrupted_Baseline,537
1790326205.064339955,Uninterrupted_Baseline,537
1790326205.124376066,Uninterrupted_Baseline,538
1790326205.206306096,Uninterrupted_Baseline,538
1790326205.290566336,Uninterrupted_Baseline,538
1790326205.359199643,Uninterrupted_Baseline,539
1790326205.445014382,Uninterrupted_Baseline,539
1790326205.522500191,Uninterrupted_Baseline,540
1790326205.605369571,Uninterrupted_Baseline,540
1790326205.689417262,Uninterrupted_Baseline,541
1790326205.775070864,Uninterrupted_Baseline,541
1790326205.862903352,Uninterrupted_Baseline,542
1790326205.931420597,Uninterrupted_Baseline,542
1790326206.011588497,Uninterrupted_Baseline,543
1790326206.078573776,Uninterrupted_Baseline,543
1790326206.158229871,Uninterrupted_Baseline,544
1790326206.234350136,Uninterrupted_Baseline,544
1790326206.318538893,Uninterrupted_Baseline,544
1790326206.378380392,Uninterrupted_Baseline,545
1790326206.462205180,Uninterrupted_Baseline,545
1790326206.548895838,Uninterrupted_Baseline,546
1790326206.635737131,Uninterrupted_Baseline,546
1790326206.711446963,Uninterrupted_Baseline,547
1790326206.794839787,Uninterrupted_Baseline,547
1790326206.872199196,Uninterrupted_Baseline,548
1790326206.930915918,Uninterrupted_Baseline,548
1790326207.014035774,Uninterrupted_Baseline,549
1790326207.095409041,Uninterrupted_Baseline,549
1790326207.175500912,Uninterrupted_Baseline,549
1790326207.261169422,Uninterrupted_Baseline,550
1790326207.345869043,Uninterrupted_Baseline,550
1790326207.429864409,Uninterrupted_Baseline,551
1790326207.512398402,Uninterrupted_Baseline,551
1790326207.595737626,Uninterrupted_Baseline,552
1790326207.674599788,Uninterrupted_Baseline,552
1790326207.755874597,Uninterrupted_Baseline,553
1790326207.836939800,Uninterrupted_Baseline,553
1790326207.918478631,Uninterrupted_Baseline,554
1790326207.992061402,Uninterrupted_Baseline,554
1790326208.072347937,Uninterrupted_Baseline,555
1790326208.154583867,Uninterrupted_Baseline,555
1790326208.237583143,Uninterrupted_Baseline,556
1790326208.301403285,Uninterrupted_Baseline,556
1790326208.367463921,Uninterrupted_Baseline,556
1790326208.431184168,Uninterrupted_Baseline,557
1790326208.488406475,Uninterrupted_Baseline,557
1790326208.559092726,Uninterrupted_Baseline,557
1790326208.638179530,Uninterrupted_Baseline,558
1790326208.701455725,Uninterrupted_Baseline,558
1790326208.776765740,Uninterrupted_Baseline,559
1790326208.852477313,Uninterrupted_Baseline,559
1790326208.929424751,Uninterrupted_Baseline,560
1790326209.015063483,Uninterrupted_Baseline,560
1790326209.101951986,Uninterrupted_Baseline,561
1790326209.175576222,Uninterrupted_Baseline,561
1790326209.249821554,Uninterrupted_Baseline,561
1790326209.320176544,Uninterrupted_Baseline,562
1790326209.382856516,Uninterrupted_Baseline,562
1790326209.463334465,Uninterrupted_Baseline,563
1790326209.547053981,Uninterrupted_Baseline,563
1790326209.628432811,Uninterrupted_Baseline,564
1790326209.715462099,Uninterrupted_Baseline,564
1790326209.785014090,Uninterrupted_Baseline,565
1790326209.866405765,Uninterrupted_Baseline,565
1790326209.935341556,Uninterrupted_Baseline,565
1790326210.019565284,Uninterrupted_Baseline,566
1790326210.102766287,Uninterrupted_Baseline,566
1790326210.183410177,Uninterrupted_Baseline,567
1790326210.266941537,Uninterrupted_Baseline,567
1790326210.349043634,Uninterrupted_Baseline,568
1790326210.430514396,Uninterrupted_Baseline,568
1790326210.510710796,Uninterrupted_Baseline,569
1790326210.581130771,Uninterrupted_Baseline,569
1790326210.664552497,Uninterrupted_Baseline,570
1790326210.746890046,Uninterrupted_Baseline,570
1790326210.829775697,Uninterrupted_Baseline,571
1790326210.909689488,Uninterrupted_Baseline,571
1790326210.989802848,Uninterrupted_Baseline,572
1790326211.074265753,Uninterrupted_Baseline,572
1790326211.145418751,Uninterrupted_Baseline,572
1790326211.216844130,Uninterrupted_Baseline,573
1790326211.297537590,Uninterrupted_Baseline,573
1790326211.373206194,Uninterrupted_Baseline,574
1790326211.445068114,Uninterrupted_Baseline,574
1790326211.523144953,Uninterrupted_Baseline,575
1790326211.607349557,Uninterrupted_Baseline,575
1790326211.692831102,Uninterrupted_Baseline,576
1790326211.783928790,Uninterrupted_Baseline,576
1790326211.865484762,Uninterrupted_Baseline,577
1790326211.947334837,Uninterrupted_Baseline,577
1790326212.027253139,Uninterrupted_Baseline,578
1790326212.110760396,Uninterrupted_Baseline,578
1790326212.188783624,Uninterrupted_Baseline,578
1790326212.251762064,Uninterrupted_Baseline,579
1790326212.320284285,Uninterrupted_Baseline,579
1790326212.399285434,Uninterrupted_Baseline,580
1790326212.482837351,Uninterrupted_Baseline,580
1790326212.564491923,Uninterrupted_Baseline,581
1790326212.648114610,Uninterrupted_Baseline,581
1790326212.730115568,Uninterrupted_Baseline,582
1790326212.807093797,Uninterrupted_Baseline,582
1790326212.894766817,Uninterrupted_Baseline,583
1790326212.982184671,Uninterrupted_Baseline,583
1790326213.065196938,Uninterrupted_Baseline,584
1790326213.149074233,Uninterrupted_Baseline,584
1790326213.237266788,Uninterrupted_Baseline,585
1790326213.310216359,Uninterrupted_Baseline,585
1790326213.387979564,Uninterrupted_Baseline,585
1790326213.466018708,Uninterrupted_Baseline,586
1790326213.537113924,Uninterrupted_Baseline,586
1790326213.621052450,Uninterrupted_Baseline,587
1790326213.702813303,Uninterrupted_Baseline,587
1790326213.788705468,Uninterrupted_Baseline,588
1790326213.875514756,Uninterrupted_Baseline,588
1790326213.958480532,Uninterrupted_Baseline,589
1790326214.039245267,Uninterrupted_Baseline,589
1790326214.120966775,Uninterrupted_Baseline,590
1790326214.205510591,Uninterrupted_Baseline,590
1790326214.290762534,Uninterrupted_Baseline,591
1790326214.371812631,Uninterrupted_Baseline,591
1790326214.455561979,Uninterrupted_Baseline,592
1790326214.534236016,Uninterrupted_Baseline,592
1790326214.612995201,Uninterrupted_Baseline,593
1790326214.694460972,Uninterrupted_Baseline,593
1790326214.785635357,Uninterrupted_Baseline,594
1790326214.865237811,Uninterrupted_Baseline,594
1790326214.943360794,Uninterrupted_Baseline,594
1790326215.033087517,Uninterrupted_Baseline,595
1790326227.166362427,Phase1_Baseline,10
1790326227.237249581,Phase1_Baseline,10
1790326227.313868297,Phase1_Baseline,20
1790326227.379324870,Phase1_Baseline,20
1790326227.433100155,Phase1_Baseline,20
1790326227.508415133,Phase1_Baseline,40
1790326227.588145693,Phase1_Baseline,40
1790326227.675791414,Phase1_Baseline,80
1790326227.758046927,Phase1_Baseline,80
1790326227.843089722,Phase1_Baseline,160
1790326227.928173380,Phase1_Baseline,160
1790326228.004643138,Phase1_Baseline,320
1790326228.073096535,Phase1_Baseline,320
1790326228.147231904,Phase1_Baseline,458
1790326228.212532632,Phase1_Baseline,640
1790326228.284281285,Phase1_Baseline,671
1790326228.343142789,Phase1_Baseline,933
1790326228.416699859,Phase1_Baseline,1014
1790326228.469568628,Phase1_Baseline,911
1790326228.526088177,Phase1_Baseline,802
1790326228.582110871,Phase1_Baseline,675
1790326228.642884381,Phase1_Baseline,544
1790326228.711169710,Phase1_Baseline,544
1790326228.795703597,Phase1_Baseline,544
1790326228.872941317,Phase1_Baseline,400
1790326228.953980659,Phase1_Baseline,288
1790326229.028725886,Phase1_Baseline,272
1790326229.110033461,Phase1_Baseline,272
1790326229.177783867,Phase1_Baseline,273
1790326229.256291699,Phase1_Baseline,273
1790326229.341267683,Phase1_Baseline,274
1790326229.426198928,Phase1_Baseline,274
1790326229.509025214,Phase1_Baseline,275
1790326229.581789890,Phase1_Baseline,275
1790326229.664022980,Phase1_Baseline,276
1790326229.730060350,Phase1_Baseline,276
1790326229.794060546,Phase1_Baseline,277
1790326229.875513948,Phase1_Baseline,277
1790326229.957015951,Phase1_Baseline,278
1790326230.038463831,Phase1_Baseline,278
1790326230.115883145,Phase1_Baseline,279
1790326230.187867742,Phase1_Baseline,279
1790326230.259057627,Phase1_Baseline,279
1790326230.337339153,Phase1_Baseline,280
1790326230.414209495,Phase1_Baseline,280
1790326230.497781278,Phase1_Baseline,281
1790326230.558148427,Phase1_Baseline,281
1790326230.624460053,Phase1_Baseline,282
1790326230.711460966,Phase1_Baseline,282
1790326230.795225740,Phase1_Baseline,283
1790326230.875531276,Phase1_Baseline,283
1790326230.942296456,Phase1_Baseline,284
1790326231.023483135,Phase1_Baseline,284
1790326231.105208378,Phase1_Baseline,284
1790326231.185916391,Phase1_Baseline,285
1790326231.270066751,Phase1_Baseline,285
1790326231.343794922,Phase1_Baseline,286
1790326231.421383917,Phase1_Baseline,286
1790326231.502505519,Phase1_Baseline,287
1790326231.581145617,Phase1_Baseline,287
1790326231.664638870,Phase1_Baseline,288
1790326231.751323272,Phase1_Baseline,288
1790326231.823355770,Phase1_Baseline,289
1790326231.908571571,Phase1_Baseline,289
1790326231.991577182,Phase1_Baseline,290
1790326232.075333619,Phase1_Baseline,290
1790326232.158461644,Phase1_Baseline,291
1790326232.243060133,Phase1_Baseline,291
1790326232.325778193,Phase1_Baseline,292
1790326232.390558350,Phase1_Baseline,292
1790326232.471271402,Phase1_Baseline,293
1790326232.547229746,Phase1_Baseline,293
1790326232.633205725,Phase1_Baseline,294
1790326232.717354842,Phase1_Baseline,294
1790326232.804171429,Phase1_Baseline,295
1790326232.865841732,Phase1_Baseline,295
1790326232.929082139,Phase1_Baseline,295
1790326233.005326356,Phase1_Baseline,296
1790326233.089205926,Phase1_Baseline,296
1790326233.175942062,Phase1_Baseline,297
1790326233.256730582,Phase1_Baseline,297
1790326233.346499183,Phase1_Baseline,298
1790326233.427842879,Phase1_Baseline,298
1790326233.510868613,Phase1_Baseline,299
1790326233.596414745,Phase1_Baseline,299
1790326233.661714202,Phase1_Baseline,300
1790326233.739445633,Phase1_Baseline,300
1790326233.817710392,Phase1_Baseline,301
1790326233.898353858,Phase1_Baseline,301
1790326233.987126987,Phase1_Baseline,302
1790326234.073060552,Phase1_Baseline,302
1790326234.154737315,Phase1_Baseline,303
1790326234.235516675,Phase1_Baseline,303
1790326234.319290738,Phase1_Baseline,304
1790326234.401518456,Phase1_Baseline,304
1790326234.486895977,Phase1_Baseline,305
1790326234.568511935,Phase1_Baseline,305
1790326234.651510799,Phase1_Baseline,306
1790326234.735886430,Phase1_Baseline,306
1790326234.814150312,Phase1_Baseline,306
1790326234.909856263,Phase1_Baseline,307
1790326234.963740066,Phase1_Baseline,307
1790326235.023022104,Phase1_Baseline,308
1790326235.098705443,Phase1_Baseline,308
1790326235.162014811,Phase1_Baseline,308
1790326235.234962921,Phase1_Baseline,309
1790326235.314809243,Phase1_Baseline,309
1790326235.386434214,Phase1_Baseline,310
1790326235.468251493,Phase1_Baseline,310
1790326235.545928389,Phase1_Baseline,311
1790326235.625214394,Phase1_Baseline,311
1790326235.704262313,Phase1_Baseline,312
1790326235.782087339,Phase1_Baseline,312
1790326235.856593304,Phase1_Baseline,313
1790326235.934330610,Phase1_Baseline,313
1790326236.013888342,Phase1_Baseline,313
1790326236.100316733,Phase1_Baseline,314
1790326236.176151290,Phase1_Baseline,314
1790326236.258337598,Phase1_Baseline,315
1790326236.331875032,Phase1_Baseline,315
1790326236.418191331,Phase1_Baseline,316
1790326236.500915544,Phase1_Baseline,316
1790326236.587343183,Phase1_Baseline,317
1790326236.663296856,Phase1_Baseline,317
1790326236.746820622,Phase1_Baseline,318
1790326236.830778609,Phase1_Baseline,318
1790326236.912981392,Phase1_Baseline,319
1790326236.990690897,Phase1_Baseline,319
1790326237.074725848,Phase1_Baseline,320
1790326237.155257053,Phase1_Baseline,320
1790326237.227475760,Phase1_Baseline,321
1790326237.300196077,Phase1_Baseline,321
1790326237.385686736,Phase1_Baseline,322
1790326237.463304804,Phase1_Baseline,322
1790326237.545794090,Phase1_Baseline,322
1790326237.625490408,Phase1_Baseline,323
1790326237.690286562,Phase1_Baseline,323
1790326237.769770530,Phase1_Baseline,324
1790326237.852868861,Phase1_Baseline,324
1790326237.942466501,Phase1_Baseline,325
1790326238.021967503,Phase1_Baseline,325
1790326238.105144606,Phase1_Baseline,326
1790326238.189159857,Phase1_Baseline,326
1790326238.267982344,Phase1_Baseline,327
1790326238.349362389,Phase1_Baseline,327
1790326238.423943907,Phase1_Baseline,328
1790326238.477130328,Phase1_Baseline,328
1790326238.527862104,Phase1_Baseline,328
1790326238.581814275,Phase1_Baseline,329
1790326238.641423065,Phase1_Baseline,329
1790326238.701095340,Phase1_Baseline,329
1790326238.768772568,Phase1_Baseline,330
1790326238.853203135,Phase1_Baseline,330
1790326238.928968512,Phase1_Baseline,331
1790326239.012947308,Phase1_Baseline,331
1790326239.097319179,Phase1_Baseline,332
1790326239.173357816,Phase1_Baseline,332
1790326239.234515905,Phase1_Baseline,332
1790326239.296672395,Phase1_Baseline,333
1790326239.379231354,Phase1_Baseline,333
1790326239.457135340,Phase1_Baseline,334
1790326239.538800429,Phase1_Baseline,334
1790326239.620533379,Phase1_Baseline,335
1790326239.704277631,Phase1_Baseline,335
1790326239.770267055,Phase1_Baseline,335
1790326239.849196310,Phase1_Baseline,336
1790326239.921549415,Phase1_Baseline,336
1790326240.000922807,Phase1_Baseline,337
1790326240.081828882,Phase1_Baseline,337
1790326240.168837976,Phase1_Baseline,338
1790326240.250733937,Phase1_Baseline,338
1790326240.321823950,Phase1_Baseline,339
1790326240.395485325,Phase1_Baseline,339
1790326240.479257184,Phase1_Baseline,340
1790326240.553189474,Phase1_Baseline,340
1790326240.617878656,Phase1_Baseline,340
1790326240.700408827,Phase1_Baseline,341
1790326240.782983468,Phase1_Baseline,341
1790326240.866238536,Phase1_Baseline,342
1790326240.949744078,Phase1_Baseline,342
1790326241.020755188,Phase1_Baseline,343
1790326241.103478827,Phase1_Baseline,343
1790326241.170188232,Phase1_Baseline,344
1790326241.224815219,Phase1_Baseline,344
1790326241.288022697,Phase1_Baseline,344
1790326241.367075011,Phase1_Baseline,345
1790326241.451401566,Phase1_Baseline,345
1790326241.537738879,Phase1_Baseline,346
1790326241.627789752,Phase1_Baseline,346
1790326241.709875570,Phase1_Baseline,347
1790326241.793882136,Phase1_Baseline,347
1790326241.878981402,Phase1_Baseline,348
1790326241.963351022,Phase1_Baseline,348
1790326242.043703378,Phase1_Baseline,349
1790326242.126225728,Phase1_Baseline,349
1790326242.204530384,Phase1_Baseline,349
1790326242.283531132,Phase1_Baseline,350
1790326242.362538953,Phase1_Baseline,350
1790326242.418413672,Phase1_Baseline,351
1790326242.506742509,Phase1_Baseline,351
1790326242.588512914,Phase1_Baseline,352
1790326242.668067350,Phase1_Baseline,352
1790326242.737861046,Phase1_Baseline,353
1790326242.807932290,Phase1_Baseline,353
1790326242.878973889,Phase1_Baseline,353
1790326242.954115636,Phase1_Baseline,354
1790326243.034597504,Phase1_Baseline,354
1790326243.095284002,Phase1_Baseline,355
1790326243.176588105,Phase1_Baseline,355
1790326243.264927696,Phase1_Baseline,356
1790326243.343692212,Phase1_Baseline,356
1790326243.420574741,Phase1_Baseline,356
1790326243.501564579,Phase1_Baseline,357
1790326243.571010434,Phase1_Baseline,357
1790326243.654259662,Phase1_Baseline,358
1790326243.731560508,Phase1_Baseline,358
1790326243.811356059,Phase1_Baseline,359
1790326243.894264133,Phase1_Baseline,359
1790326243.978237360,Phase1_Baseline,360
1790326244.069019621,Phase1_Baseline,360
1790326244.149353471,Phase1_Baseline,361
1790326244.231894108,Phase1_Baseline,361
1790326244.314460019,Phase1_Baseline,362
1790326244.396340578,Phase1_Baseline,362
1790326244.462509892,Phase1_Baseline,363
1790326244.523451031,Phase1_Baseline,363
1790326244.595819913,Phase1_Baseline,363
1790326244.661119341,Phase1_Baseline,364
1790326244.742066874,Phase1_Baseline,364
1790326244.813940098,Phase1_Baseline,365
1790326244.898104390,Phase1_Baseline,365
1790326244.981216773,Phase1_Baseline,366
1790326245.061022121,Phase1_Baseline,366
1790326245.140320318,Phase1_Baseline,366
1790326245.235439647,Phase1_Baseline,367
1790326245.289242648,Phase1_Baseline,367
1790326245.353735299,Phase1_Baseline,368
1790326245.420232192,Phase1_Baseline,368
1790326245.489423605,Phase1_Baseline,368
1790326245.579075115,Phase1_Baseline,369
1790326245.646975487,Phase1_Baseline,369
1790326245.728503738,Phase1_Baseline,370
1790326245.817996188,Phase1_Baseline,370
1790326245.896907349,Phase1_Baseline,371
1790326245.982217862,Phase1_Baseline,371
1790326246.069702296,Phase1_Baseline,372
1790326246.151932547,Phase1_Baseline,372
1790326246.230831657,Phase1_Baseline,373
1790326246.302131990,Phase1_Baseline,373
1790326246.364905192,Phase1_Baseline,373
1790326246.446192912,Phase1_Baseline,374
1790326246.525638124,Phase1_Baseline,374
1790326246.609772551,Phase1_Baseline,375
1790326246.693274583,Phase1_Baseline,375
1790326246.770757397,Phase1_Baseline,376
1790326246.853056695,Phase1_Baseline,376
1790326246.934391925,Phase1_Baseline,377
1790326247.005026344,Phase1_Baseline,377
1790326247.088690275,Phase1_Baseline,378
1790326247.173024160,Phase1_Baseline,378
1790326247.253889943,Phase1_Baseline,379
1790326247.336853925,Phase1_Baseline,379
1790326247.399841585,Phase1_Baseline,379
1790326247.477963630,Phase1_Baseline,380
1790326247.551931902,Phase1_Baseline,380
1790326247.625757921,Phase1_Baseline,381
1790326247.714570290,Phase1_Baseline,381
1790326247.793061862,Phase1_Baseline,382
1790326247.858699647,Phase1_Baseline,382
1790326247.941534014,Phase1_Baseline,383
1790326248.018708324,Phase1_Baseline,383
1790326248.069984048,Phase1_Baseline,383
1790326248.141993354,Phase1_Baseline,384
1790326248.228416982,Phase1_Baseline,384
1790326248.309385849,Phase1_Baseline,385
1790326248.395064167,Phase1_Baseline,385
1790326248.473726000,Phase1_Baseline,386
1790326248.527811958,Phase1_Baseline,386
1790326248.602327880,Phase1_Baseline,386
1790326248.675883089,Phase1_Baseline,387
1790326248.759993623,Phase1_Baseline,387
1790326248.841559059,Phase1_Baseline,388
1790326248.922189657,Phase1_Baseline,388
1790326249.001825865,Phase1_Baseline,389
1790326249.083562940,Phase1_Baseline,389
1790326249.163826350,Phase1_Baseline,390
1790326249.250003110,Phase1_Baseline,390
1790326249.312105197,Phase1_Baseline,390
1790326249.396348476,Phase1_Baseline,391
1790326249.482496944,Phase1_Baseline,391
1790326249.537957798,Phase1_Baseline,392
1790326249.624019204,Phase1_Baseline,392
1790326249.711384757,Phase1_Baseline,393
1790326249.795555210,Phase1_Baseline,393
1790326249.881351743,Phase1_Baseline,394
1790326249.965933373,Phase1_Baseline,394
1790326250.055042419,Phase1_Baseline,395
1790326250.148802247,Phase1_Baseline,395
1790326250.233254957,Phase1_Baseline,396
1790326250.313023256,Phase1_Baseline,396
1790326250.387675739,Phase1_Baseline,397
1790326250.472803140,Phase1_Baseline,397
1790326250.563036940,Phase1_Baseline,398
1790326250.647803954,Phase1_Baseline,398
1790326250.720342093,Phase1_Baseline,398
1790326250.803948003,Phase1_Baseline,399
1790326250.884475501,Phase1_Baseline,399
1790326250.968129281,Phase1_Baseline,400
1790326251.041462854,Phase1_Baseline,400
1790326251.121759324,Phase1_Baseline,401
1790326251.202972052,Phase1_Baseline,401
1790326251.270877384,Phase1_Baseline,402
1790326251.352351985,Phase1_Baseline,402
1790326251.431546397,Phase1_Baseline,403
1790326251.494945363,Phase1_Baseline,403
1790326251.565355248,Phase1_Baseline,403
1790326251.645137839,Phase1_Baseline,404
1790326251.713489650,Phase1_Baseline,404
1790326251.791165889,Phase1_Baseline,405
1790326251.872050410,Phase1_Baseline,405
1790326251.962062923,Phase1_Baseline,406
1790326252.043782561,Phase1_Baseline,406
1790326252.133984077,Phase1_Baseline,407
1790326252.214368637,Phase1_Baseline,407
1790326252.285315153,Phase1_Baseline,408
1790326252.367266715,Phase1_Baseline,408
1790326252.450592229,Phase1_Baseline,408
1790326252.530180472,Phase1_Baseline,409
1790326252.613039053,Phase1_Baseline,409
1790326252.691247827,Phase1_Baseline,410
1790326252.769754705,Phase1_Baseline,410
1790326252.858715398,Phase1_Baseline,411
1790326252.946112227,Phase1_Baseline,411
1790326253.030220998,Phase1_Baseline,412
1790326253.113484807,Phase1_Baseline,412
1790326253.192683606,Phase1_Baseline,413
1790326253.270776391,Phase1_Baseline,413
1790326253.339861069,Phase1_Baseline,414
1790326253.417395902,Phase1_Baseline,414
1790326253.488364513,Phase1_Baseline,414
1790326253.548937417,Phase1_Baseline,415
1790326253.626908445,Phase1_Baseline,415
1790326253.701122124,Phase1_Baseline,416
1790326253.777897069,Phase1_Baseline,416
1790326253.862934710,Phase1_Baseline,417
1790326253.949859208,Phase1_Baseline,417
1790326254.038382068,Phase1_Baseline,418
1790326254.107524030,Phase1_Baseline,418
1790326254.189697452,Phase1_Baseline,419
1790326254.277389400,Phase1_Baseline,419
1790326254.361237393,Phase1_Baseline,420
1790326254.442264551,Phase1_Baseline,420
1790326254.528916398,Phase1_Baseline,421
1790326254.613496714,Phase1_Baseline,421
1790326254.698894442,Phase1_Baseline,422
1790326254.785527718,Phase1_Baseline,422
1790326254.870188358,Phase1_Baseline,422
1790326254.956027624,Phase1_Baseline,423
1790326255.039900853,Phase1_Baseline,423
1790326255.119869964,Phase1_Baseline,424
1790326255.197977184,Phase1_Baseline,424
1790326255.280983450,Phase1_Baseline,425
1790326255.349205404,Phase1_Baseline,425
1790326255.430491574,Phase1_Baseline,426
1790326255.513084462,Phase1_Baseline,426
1790326255.595253920,Phase1_Baseline,427
1790326255.678929378,Phase1_Baseline,427
1790326255.755577512,Phase1_Baseline,428
1790326255.828818738,Phase1_Baseline,428
1790326255.911398781,Phase1_Baseline,429
1790326255.992590469,Phase1_Baseline,429
1790326256.076026870,Phase1_Baseline,430
1790326256.162572610,Phase1_Baseline,430
1790326256.238343856,Phase1_Baseline,431
1790326256.322586200,Phase1_Baseline,431
1790326256.380351573,Phase1_Baseline,431
1790326256.430570389,Phase1_Baseline,432
1790326256.509900030,Phase1_Baseline,432
1790326256.559979371,Phase1_Baseline,432
1790326256.615325659,Phase1_Baseline,433
1790326256.682052223,Phase1_Baseline,433
1790326256.746514250,Phase1_Baseline,433
1790326256.815724805,Phase1_Baseline,434
1790326256.898000039,Phase1_Baseline,434
1790326256.981002374,Phase1_Baseline,435
1790326257.071415712,Phase1_Baseline,435
1790326257.152389849,Phase1_Baseline,436
1790326257.234700993,Phase1_Baseline,436
1790326257.318017610,Phase1_Baseline,437
1790326257.398731392,Phase1_Baseline,437
1790326257.473042169,Phase1_Baseline,438
1790326257.552916742,Phase1_Baseline,438
1790326257.632125929,Phase1_Baseline,439
1790326257.715142016,Phase1_Baseline,439
1790326257.798039145,Phase1_Baseline,439
1790326257.878522238,Phase1_Baseline,440
1790326257.963230849,Phase1_Baseline,440
1790326258.053949124,Phase1_Baseline,441
1790326258.125434920,Phase1_Baseline,441
1790326258.208207920,Phase1_Baseline,442
1790326258.260814710,Phase1_Baseline,442
1790326258.315380428,Phase1_Baseline,442
1790326258.374710641,Phase1_Baseline,443
1790326258.447262023,Phase1_Baseline,443
1790326258.504494740,Phase1_Baseline,444
1790326258.575803013,Phase1_Baseline,444
1790326258.639920267,Phase1_Baseline,444
1790326258.719949342,Phase1_Baseline,445
1790326258.799892157,Phase1_Baseline,445
1790326258.878000262,Phase1_Baseline,446
1790326258.974895367,Phase1_Baseline,446
1790326259.063592868,Phase1_Baseline,447
1790326259.148724328,Phase1_Baseline,447
1790326259.232044639,Phase1_Baseline,448
1790326259.302909750,Phase1_Baseline,448
1790326259.374227506,Phase1_Baseline,449
1790326259.457543384,Phase1_Baseline,449
1790326259.517942849,Phase1_Baseline,449
1790326259.586638718,Phase1_Baseline,450
1790326259.655694267,Phase1_Baseline,450
1790326259.735136887,Phase1_Baseline,451
1790326259.817836056,Phase1_Baseline,451
1790326259.892421591,Phase1_Baseline,452
1790326259.967505006,Phase1_Baseline,452
1790326260.051716099,Phase1_Baseline,453
1790326260.136334340,Phase1_Baseline,453
1790326260.218282282,Phase1_Baseline,454
1790326260.309829623,Phase1_Baseline,454
1790326260.382340675,Phase1_Baseline,454
1790326260.466898945,Phase1_Baseline,455
1790326260.541255489,Phase1_Baseline,455
1790326260.628747833,Phase1_Baseline,456
1790326260.714876140,Phase1_Baseline,456
1790326260.792464987,Phase1_Baseline,457
1790326260.863816368,Phase1_Baseline,457
1790326260.934990350,Phase1_Baseline,458
1790326261.017219194,Phase1_Baseline,458
1790326261.094753538,Phase1_Baseline,459
1790326261.176513406,Phase1_Baseline,459
1790326261.257796741,Phase1_Baseline,459
1790326261.318795323,Phase1_Baseline,460
1790326263.989500838,Phase2_Migrated,10
1790326264.085239571,Phase2_Migrated,10
1790326264.179090542,Phase2_Migrated,10
1790326264.273007238,Phase2_Migrated,20
1790326264.371063838,Phase2_Migrated,20
1790326264.468476751,Phase2_Migrated,40
1790326264.563540994,Phase2_Migrated,64
1790326264.653402754,Phase2_Migrated,80
1790326264.751036701,Phase2_Migrated,160
1790326264.846066109,Phase2_Migrated,160
1790326264.940328530,Phase2_Migrated,319
1790326265.004331728,Phase2_Migrated,320
1790326265.067179886,Phase2_Migrated,437
1790326265.157211216,Phase2_Migrated,640
1790326265.250326761,Phase2_Migrated,855
1790326265.343791455,Phase2_Migrated,1015
1790326265.440099719,Phase2_Migrated,834
1790326265.527797811,Phase2_Migrated,643
1790326265.617922475,Phase2_Migrated,548
1790326265.702885339,Phase2_Migrated,548
1790326265.794545904,Phase2_Migrated,417
1790326265.887713362,Phase2_Migrated,279
1790326265.981874399,Phase2_Migrated,274
1790326266.072011249,Phase2_Migrated,275
1790326266.167536946,Phase2_Migrated,275
1790326266.263221438,Phase2_Migrated,276
1790326266.355590421,Phase2_Migrated,276
1790326266.447432380,Phase2_Migrated,277
1790326266.546059696,Phase2_Migrated,278
1790326266.643191576,Phase2_Migrated,278
1790326266.736793950,Phase2_Migrated,279
1790326266.831749680,Phase2_Migrated,279
1790326266.926300137,Phase2_Migrated,280
1790326267.021221278,Phase2_Migrated,280
1790326267.114990721,Phase2_Migrated,281
1790326267.210732818,Phase2_Migrated,282
1790326267.281119580,Phase2_Migrated,282
1790326267.373998026,Phase2_Migrated,283
1790326267.465332780,Phase2_Migrated,283
1790326267.544915765,Phase2_Migrated,284
1790326267.641691354,Phase2_Migrated,284
1790326267.732121915,Phase2_Migrated,285
1790326267.827823372,Phase2_Migrated,285
1790326267.922945929,Phase2_Migrated,286
1790326268.017229600,Phase2_Migrated,286
1790326268.091235822,Phase2_Migrated,287
1790326268.180018829,Phase2_Migrated,287
1790326268.274576112,Phase2_Migrated,288
1790326268.361474480,Phase2_Migrated,288
1790326268.435843912,Phase2_Migrated,289
1790326268.492501484,Phase2_Migrated,289
1790326268.563010506,Phase2_Migrated,290
1790326268.638758169,Phase2_Migrated,290
1790326268.717018430,Phase2_Migrated,291
1790326268.804437989,Phase2_Migrated,291
1790326268.901785166,Phase2_Migrated,292
1790326269.002844231,Phase2_Migrated,292
1790326269.103283494,Phase2_Migrated,293
1790326269.180530409,Phase2_Migrated,293
1790326269.273859003,Phase2_Migrated,294
1790326269.369077932,Phase2_Migrated,295
1790326269.464960791,Phase2_Migrated,295
1790326269.549394457,Phase2_Migrated,296
1790326269.645920966,Phase2_Migrated,296
1790326269.734270654,Phase2_Migrated,297
1790326269.805902277,Phase2_Migrated,297
1790326269.903985461,Phase2_Migrated,298
1790326269.989421513,Phase2_Migrated,298
1790326270.079526423,Phase2_Migrated,299
1790326270.167199097,Phase2_Migrated,299
1790326270.257232280,Phase2_Migrated,300
1790326270.360361249,Phase2_Migrated,300
1790326270.453899141,Phase2_Migrated,301
1790326270.545973644,Phase2_Migrated,301
1790326270.631207861,Phase2_Migrated,302
1790326270.728174196,Phase2_Migrated,303
1790326270.820078292,Phase2_Migrated,303
1790326270.915150769,Phase2_Migrated,304
1790326271.021415112,Phase2_Migrated,304
1790326271.115104591,Phase2_Migrated,305
1790326271.207472871,Phase2_Migrated,305
1790326271.294538552,Phase2_Migrated,306
1790326271.384632430,Phase2_Migrated,306
1790326271.470188857,Phase2_Migrated,307
1790326271.566434490,Phase2_Migrated,307
1790326271.657808432,Phase2_Migrated,308
1790326271.731563063,Phase2_Migrated,308
1790326271.819919070,Phase2_Migrated,309
1790326271.894260308,Phase2_Migrated,309
1790326271.983751763,Phase2_Migrated,310
1790326272.075713997,Phase2_Migrated,311
1790326272.166132639,Phase2_Migrated,311
1790326272.256951451,Phase2_Migrated,312
1790326272.349492789,Phase2_Migrated,312
1790326272.442077575,Phase2_Migrated,313
1790326272.534917451,Phase2_Migrated,313
1790326272.629728761,Phase2_Migrated,314
1790326272.716354852,Phase2_Migrated,314
1790326272.809246323,Phase2_Migrated,315
1790326272.902636232,Phase2_Migrated,315
1790326272.991900089,Phase2_Migrated,316
1790326273.081158461,Phase2_Migrated,316
1790326273.174787063,Phase2_Migrated,317
1790326273.269466789,Phase2_Migrated,317
1790326273.364831774,Phase2_Migrated,318
1790326273.456035000,Phase2_Migrated,319
1790326273.553355740,Phase2_Migrated,319
1790326273.638766440,Phase2_Migrated,320
1790326273.705141648,Phase2_Migrated,320
1790326273.798710995,Phase2_Migrated,320
1790326273.885732024,Phase2_Migrated,321
1790326273.974363046,Phase2_Migrated,322
1790326274.067520123,Phase2_Migrated,322
1790326274.162918843,Phase2_Migrated,323
1790326274.259734721,Phase2_Migrated,323
1790326274.356963597,Phase2_Migrated,324
1790326274.444864842,Phase2_Migrated,324
1790326274.543713625,Phase2_Migrated,325
1790326274.640238150,Phase2_Migrated,325
1790326274.734400558,Phase2_Migrated,326
1790326274.798147025,Phase2_Migrated,326
1790326274.883673502,Phase2_Migrated,327
1790326274.974731632,Phase2_Migrated,327
1790326275.046159936,Phase2_Migrated,328
1790326275.101391845,Phase2_Migrated,328
1790326275.168867055,Phase2_Migrated,328
1790326275.248430716,Phase2_Migrated,329
1790326275.338198004,Phase2_Migrated,329
1790326275.405276361,Phase2_Migrated,330
1790326275.470690088,Phase2_Migrated,330
1790326275.557409791,Phase2_Migrated,331
1790326275.653090808,Phase2_Migrated,331
1790326275.746037328,Phase2_Migrated,332
1790326275.830948180,Phase2_Migrated,332
1790326275.900833833,Phase2_Migrated,333
1790326275.981525827,Phase2_Migrated,333
1790326276.076246776,Phase2_Migrated,334
1790326276.170028316,Phase2_Migrated,334
1790326276.260841981,Phase2_Migrated,335
1790326276.352009085,Phase2_Migrated,335
1790326276.443424692,Phase2_Migrated,336
1790326276.536967717,Phase2_Migrated,336
1790326276.635131099,Phase2_Migrated,337
1790326276.735076517,Phase2_Migrated,337
1790326276.827823918,Phase2_Migrated,338
1790326276.916939031,Phase2_Migrated,339
1790326277.009828653,Phase2_Migrated,339
1790326277.103005221,Phase2_Migrated,340
1790326277.193074607,Phase2_Migrated,340
1790326277.271095352,Phase2_Migrated,341
1790326277.369008962,Phase2_Migrated,341
1790326277.465450847,Phase2_Migrated,342
1790326277.558028564,Phase2_Migrated,342
1790326277.655125715,Phase2_Migrated,343
1790326277.739206621,Phase2_Migrated,343
1790326277.833688818,Phase2_Migrated,344
1790326277.923565155,Phase2_Migrated,344
1790326278.012856195,Phase2_Migrated,345
1790326278.075930298,Phase2_Migrated,345
1790326278.155389692,Phase2_Migrated,346
1790326278.247093583,Phase2_Migrated,346
1790326278.335427258,Phase2_Migrated,347
1790326278.420379924,Phase2_Migrated,347
1790326278.479100987,Phase2_Migrated,347
1790326278.552107992,Phase2_Migrated,348
1790326278.628381098,Phase2_Migrated,348
1790326278.718143824,Phase2_Migrated,349
1790326278.812548734,Phase2_Migrated,349
1790326278.904450834,Phase2_Migrated,350
1790326278.995283161,Phase2_Migrated,350
1790326279.092086769,Phase2_Migrated,351
1790326279.174713204,Phase2_Migrated,351
1790326279.254928000,Phase2_Migrated,352
1790326279.343318699,Phase2_Migrated,352
1790326279.438125018,Phase2_Migrated,353
1790326279.529571129,Phase2_Migrated,354
1790326279.625829408,Phase2_Migrated,354
1790326279.726710459,Phase2_Migrated,355
1790326279.816747493,Phase2_Migrated,355
1790326279.908526314,Phase2_Migrated,356
1790326280.004279621,Phase2_Migrated,356
1790326280.100439369,Phase2_Migrated,357
1790326280.194711738,Phase2_Migrated,357
1790326280.287142115,Phase2_Migrated,358
1790326280.379894700,Phase2_Migrated,358
1790326280.467468578,Phase2_Migrated,359
1790326280.557206913,Phase2_Migrated,359
1790326280.634325899,Phase2_Migrated,360
1790326280.719829352,Phase2_Migrated,360
1790326280.809970521,Phase2_Migrated,361
1790326280.898567031,Phase2_Migrated,362
1790326280.992722824,Phase2_Migrated,362
1790326281.096264526,Phase2_Migrated,363
1790326281.175129474,Phase2_Migrated,363
1790326281.265388234,Phase2_Migrated,364
1790326281.334807138,Phase2_Migrated,364
1790326281.408017047,Phase2_Migrated,364
1790326281.503324319,Phase2_Migrated,365
1790326281.590752644,Phase2_Migrated,365
1790326281.682700959,Phase2_Migrated,366
1790326281.771517188,Phase2_Migrated,367
1790326281.861737382,Phase2_Migrated,367
1790326281.963150185,Phase2_Migrated,368
1790326282.065021711,Phase2_Migrated,368
1790326282.154281013,Phase2_Migrated,369
1790326282.243996702,Phase2_Migrated,369
1790326282.342786874,Phase2_Migrated,370
1790326282.433963779,Phase2_Migrated,370
1790326282.525759220,Phase2_Migrated,371
1790326282.618746115,Phase2_Migrated,371
1790326282.713313157,Phase2_Migrated,372
1790326282.807620406,Phase2_Migrated,372
1790326282.903047841,Phase2_Migrated,373
1790326282.999149267,Phase2_Migrated,374
1790326283.095193187,Phase2_Migrated,374
1790326283.195115593,Phase2_Migrated,375
1790326283.299630284,Phase2_Migrated,375
1790326283.377327092,Phase2_Migrated,376
1790326283.463273909,Phase2_Migrated,376
1790326283.559827704,Phase2_Migrated,377
1790326283.646440436,Phase2_Migrated,377
1790326283.717559071,Phase2_Migrated,378
1790326283.794756602,Phase2_Migrated,378
1790326283.886285794,Phase2_Migrated,379
1790326283.975229873,Phase2_Migrated,379
1790326284.060244227,Phase2_Migrated,380
1790326284.154814767,Phase2_Migrated,380
1790326284.240701717,Phase2_Migrated,381
1790326284.330870798,Phase2_Migrated,381
1790326284.411891674,Phase2_Migrated,382
1790326284.501740271,Phase2_Migrated,382
1790326284.595915254,Phase2_Migrated,383
1790326284.685265656,Phase2_Migrated,383
1790326284.772114389,Phase2_Migrated,384
1790326284.861975052,Phase2_Migrated,384
1790326284.950277487,Phase2_Migrated,385
1790326285.042342700,Phase2_Migrated,385
1790326285.136093108,Phase2_Migrated,386
1790326285.227916574,Phase2_Migrated,387
1790326285.318795741,Phase2_Migrated,387
1790326285.410714297,Phase2_Migrated,388
1790326285.501049982,Phase2_Migrated,388
1790326285.589175197,Phase2_Migrated,389
1790326285.682639880,Phase2_Migrated,389
1790326285.759388319,Phase2_Migrated,390
1790326285.846763459,Phase2_Migrated,390
1790326285.944878719,Phase2_Migrated,391
1790326286.037146629,Phase2_Migrated,391
1790326286.129583596,Phase2_Migrated,392
1790326286.219584423,Phase2_Migrated,392
1790326286.311224556,Phase2_Migrated,393
1790326286.401288996,Phase2_Migrated,393
1790326286.499197208,Phase2_Migrated,394
1790326286.593728211,Phase2_Migrated,395
1790326286.688224317,Phase2_Migrated,395
1790326286.750356493,Phase2_Migrated,395
1790326286.826776245,Phase2_Migrated,396
1790326286.916378198,Phase2_Migrated,396
1790326287.011122388,Phase2_Migrated,397
1790326287.108214014,Phase2_Migrated,397
1790326287.197776257,Phase2_Migrated,398
1790326287.265611133,Phase2_Migrated,398
1790326287.357139043,Phase2_Migrated,399
1790326287.454586124,Phase2_Migrated,399
1790326287.520748588,Phase2_Migrated,400
1790326287.607307549,Phase2_Migrated,400
1790326287.703472511,Phase2_Migrated,401
1790326287.807428189,Phase2_Migrated,401
1790326287.898319100,Phase2_Migrated,402
1790326287.999029934,Phase2_Migrated,403
1790326288.079144762,Phase2_Migrated,403
1790326288.179785139,Phase2_Migrated,404
1790326288.262166768,Phase2_Migrated,404
1790326288.326814417,Phase2_Migrated,404
1790326288.416842768,Phase2_Migrated,405
1790326288.473392289,Phase2_Migrated,405
1790326288.538395789,Phase2_Migrated,406
1790326288.607390765,Phase2_Migrated,406
1790326288.683725049,Phase2_Migrated,407
1790326288.777266767,Phase2_Migrated,407
1790326288.869208834,Phase2_Migrated,408
1790326288.962517308,Phase2_Migrated,408
1790326289.051407731,Phase2_Migrated,409
1790326289.144967364,Phase2_Migrated,409
1790326289.213330152,Phase2_Migrated,410
1790326289.302381903,Phase2_Migrated,410
1790326289.392921056,Phase2_Migrated,411
1790326289.488842395,Phase2_Migrated,411
1790326289.580412404,Phase2_Migrated,412
1790326289.658845295,Phase2_Migrated,412
1790326289.746428690,Phase2_Migrated,413
1790326289.832907308,Phase2_Migrated,413
1790326289.925566592,Phase2_Migrated,414
1790326290.022307314,Phase2_Migrated,414
1790326290.107276742,Phase2_Migrated,415
1790326290.193834620,Phase2_Migrated,415
1790326290.290192139,Phase2_Migrated,416
1790326290.385965427,Phase2_Migrated,416
1790326290.478490413,Phase2_Migrated,417
1790326290.570132458,Phase2_Migrated,417
1790326290.662546603,Phase2_Migrated,418
1790326290.752409864,Phase2_Migrated,418
1790326290.844545574,Phase2_Migrated,419
1790326290.920151848,Phase2_Migrated,419
1790326291.006844615,Phase2_Migrated,420
1790326291.098260914,Phase2_Migrated,420
1790326291.193978700,Phase2_Migrated,421
1790326291.298445926,Phase2_Migrated,422
1790326291.397271342,Phase2_Migrated,422
1790326291.483838510,Phase2_Migrated,423
1790326291.588995798,Phase2_Migrated,423
1790326291.681285645,Phase2_Migrated,424
1790326291.779098628,Phase2_Migrated,424
1790326291.870988521,Phase2_Migrated,425
1790326291.963993231,Phase2_Migrated,425
1790326292.057226971,Phase2_Migrated,426
1790326292.150058326,Phase2_Migrated,427
1790326292.251411703,Phase2_Migrated,427
1790326292.350068149,Phase2_Migrated,428
1790326292.455152962,Phase2_Migrated,428
1790326292.551295283,Phase2_Migrated,429
1790326292.647088117,Phase2_Migrated,429
1790326292.733556590,Phase2_Migrated,430
1790326292.824838995,Phase2_Migrated,430
1790326292.906742681,Phase2_Migrated,431
1790326293.005421943,Phase2_Migrated,431
1790326293.100876226,Phase2_Migrated,432
1790326293.207014770,Phase2_Migrated,433
1790326293.302335023,Phase2_Migrated,433
1790326293.395114996,Phase2_Migrated,434
1790326293.493001431,Phase2_Migrated,434
1790326293.587766526,Phase2_Migrated,435
1790326293.686102619,Phase2_Migrated,435
1790326293.781447703,Phase2_Migrated,436
1790326293.880324186,Phase2_Migrated,436
1790326293.972165442,Phase2_Migrated,437
1790326294.070191222,Phase2_Migrated,438
1790326294.165020866,Phase2_Migrated,438
1790326294.253241745,Phase2_Migrated,439
1790326294.351210680,Phase2_Migrated,439
1790326294.456902018,Phase2_Migrated,440
1790326294.554324899,Phase2_Migrated,440
1790326294.650436045,Phase2_Migrated,441
1790326294.743173754,Phase2_Migrated,441
1790326294.837825992,Phase2_Migrated,442
1790326294.929471074,Phase2_Migrated,442
1790326295.012286828,Phase2_Migrated,443
1790326295.083123323,Phase2_Migrated,443
1790326295.178616197,Phase2_Migrated,444
1790326295.266262584,Phase2_Migrated,444
1790326295.356719461,Phase2_Migrated,445
1790326295.452276881,Phase2_Migrated,445
1790326295.549394150,Phase2_Migrated,446
1790326295.621750895,Phase2_Migrated,446
1790326295.697087944,Phase2_Migrated,447
1790326295.778308272,Phase2_Migrated,447
1790326295.863781972,Phase2_Migrated,448
1790326295.938968673,Phase2_Migrated,448
1790326296.025744994,Phase2_Migrated,449
1790326296.114932301,Phase2_Migrated,449
1790326296.209916375,Phase2_Migrated,450
1790326296.300301235,Phase2_Migrated,450
1790326296.380105339,Phase2_Migrated,451
1790326296.452043691,Phase2_Migrated,451
1790326296.540535567,Phase2_Migrated,452
1790326296.627280782,Phase2_Migrated,452
1790326296.708366300,Phase2_Migrated,453
1790326296.785676714,Phase2_Migrated,453
1790326296.869353546,Phase2_Migrated,454
1790326296.950883431,Phase2_Migrated,454
1790326297.030384577,Phase2_Migrated,454
1790326297.114892102,Phase2_Migrated,455
1790326297.216504070,Phase2_Migrated,456
1790326297.302056763,Phase2_Migrated,456
1790326297.392494365,Phase2_Migrated,457
1790326297.478690920,Phase2_Migrated,457
1790326298.928756024,Uninterrupted_Baseline,1
1790326299.019544385,Uninterrupted_Baseline,1
1790326299.084122894,Uninterrupted_Baseline,1
1790326299.161806773,Uninterrupted_Baseline,1
1790326299.227440372,Uninterrupted_Baseline,1
1790326299.288797726,Uninterrupted_Baseline,1
1790326299.353462975,Uninterrupted_Baseline,1
1790326299.438533642,Uninterrupted_Baseline,1
1790326299.519486032,Uninterrupted_Baseline,1
1790326299.605930187,Uninterrupted_Baseline,1
1790326299.686072500,Uninterrupted_Baseline,1
1790326299.764217554,Uninterrupted_Baseline,1
1790326299.850702698,Uninterrupted_Baseline,1
1790326299.934120763,Uninterrupted_Baseline,1
1790326300.000190936,Uninterrupted_Baseline,1
1790326300.082286909,Uninterrupted_Baseline,1
1790326300.164094962,Uninterrupted_Baseline,1
1790326300.246577833,Uninterrupted_Baseline,1
1790326300.335325555,Uninterrupted_Baseline,1
1790326300.418161210,Uninterrupted_Baseline,1
1790326300.499389388,Uninterrupted_Baseline,1
1790326300.580209842,Uninterrupted_Baseline,1
1790326300.649865269,Uninterrupted_Baseline,1
1790326300.729966318,Uninterrupted_Baseline,1
1790326300.813008329,Uninterrupted_Baseline,1
1790326300.895064197,Uninterrupted_Baseline,1
1790326300.980482475,Uninterrupted_Baseline,1
1790326301.077132706,Uninterrupted_Baseline,1
1790326301.163189781,Uninterrupted_Baseline,1
1790326301.231256760,Uninterrupted_Baseline,1
1790326301.307253241,Uninterrupted_Baseline,1
1790326301.376022147,Uninterrupted_Baseline,1
1790326301.454143742,Uninterrupted_Baseline,1
1790326301.454143742,Uninterrupted_Baseline,10
1790326301.532477622,Uninterrupted_Baseline,1
1790326301.532477622,Uninterrupted_Baseline,10
1790326301.616516597,Uninterrupted_Baseline,1
1790326301.616516597,Uninterrupted_Baseline,20
1790326301.698564450,Uninterrupted_Baseline,1
1790326301.698564450,Uninterrupted_Baseline,20
1790326301.784712234,Uninterrupted_Baseline,1
1790326301.784712234,Uninterrupted_Baseline,40
1790326301.854052121,Uninterrupted_Baseline,1
1790326301.854052121,Uninterrupted_Baseline,40
1790326301.932118799,Uninterrupted_Baseline,1
1790326301.932118799,Uninterrupted_Baseline,80
1790326302.019509267,Uninterrupted_Baseline,1
1790326302.019509267,Uninterrupted_Baseline,80
1790326302.082196543,Uninterrupted_Baseline,1
1790326302.082196543,Uninterrupted_Baseline,160
1790326302.166914949,Uninterrupted_Baseline,1
1790326302.166914949,Uninterrupted_Baseline,160
1790326302.252164338,Uninterrupted_Baseline,1
1790326302.252164338,Uninterrupted_Baseline,311
1790326302.328774826,Uninterrupted_Baseline,1
1790326302.328774826,Uninterrupted_Baseline,320
1790326302.417981527,Uninterrupted_Baseline,1
1790326302.417981527,Uninterrupted_Baseline,499
1790326302.501182495,Uninterrupted_Baseline,1
1790326302.501182495,Uninterrupted_Baseline,640
1790326302.566322824,Uninterrupted_Baseline,1
1790326302.566322824,Uninterrupted_Baseline,732
1790326302.630739727,Uninterrupted_Baseline,1
1790326302.630739727,Uninterrupted_Baseline,1029
1790326302.713520171,Uninterrupted_Baseline,1
1790326302.713520171,Uninterrupted_Baseline,945
1790326302.793810971,Uninterrupted_Baseline,1
1790326302.793810971,Uninterrupted_Baseline,777
1790326302.877769049,Uninterrupted_Baseline,1
1790326302.877769049,Uninterrupted_Baseline,601
1790326302.949612345,Uninterrupted_Baseline,1
1790326302.949612345,Uninterrupted_Baseline,542
1790326303.022219025,Uninterrupted_Baseline,1
1790326303.022219025,Uninterrupted_Baseline,542
1790326303.102222772,Uninterrupted_Baseline,1
1790326303.102222772,Uninterrupted_Baseline,271
1790326303.186525405,Uninterrupted_Baseline,1
1790326303.186525405,Uninterrupted_Baseline,271
1790326303.255213789,Uninterrupted_Baseline,1
1790326303.255213789,Uninterrupted_Baseline,271
1790326303.332290501,Uninterrupted_Baseline,1
1790326303.332290501,Uninterrupted_Baseline,271
1790326303.415907429,Uninterrupted_Baseline,1
1790326303.415907429,Uninterrupted_Baseline,272
1790326303.485952519,Uninterrupted_Baseline,1
1790326303.485952519,Uninterrupted_Baseline,272
1790326303.575974767,Uninterrupted_Baseline,1
1790326303.575974767,Uninterrupted_Baseline,273
1790326303.646404248,Uninterrupted_Baseline,1
1790326303.646404248,Uninterrupted_Baseline,273
1790326303.711027335,Uninterrupted_Baseline,1
1790326303.711027335,Uninterrupted_Baseline,274
1790326303.788818886,Uninterrupted_Baseline,1
1790326303.788818886,Uninterrupted_Baseline,274
1790326303.857473264,Uninterrupted_Baseline,1
1790326303.857473264,Uninterrupted_Baseline,275
1790326303.936487463,Uninterrupted_Baseline,1
1790326303.936487463,Uninterrupted_Baseline,275
1790326304.020151748,Uninterrupted_Baseline,1
1790326304.020151748,Uninterrupted_Baseline,276
1790326304.104874677,Uninterrupted_Baseline,1
1790326304.104874677,Uninterrupted_Baseline,276
1790326304.196345836,Uninterrupted_Baseline,1
1790326304.196345836,Uninterrupted_Baseline,277
1790326304.278379414,Uninterrupted_Baseline,1
1790326304.278379414,Uninterrupted_Baseline,277
1790326304.363946903,Uninterrupted_Baseline,1
1790326304.363946903,Uninterrupted_Baseline,278
1790326304.441145420,Uninterrupted_Baseline,1
1790326304.441145420,Uninterrupted_Baseline,278
1790326304.525697360,Uninterrupted_Baseline,1
1790326304.525697360,Uninterrupted_Baseline,279
1790326304.604127466,Uninterrupted_Baseline,1
1790326304.604127466,Uninterrupted_Baseline,279
1790326304.691134340,Uninterrupted_Baseline,1
1790326304.691134340,Uninterrupted_Baseline,280
1790326304.772337805,Uninterrupted_Baseline,1
1790326304.772337805,Uninterrupted_Baseline,280
1790326304.858237053,Uninterrupted_Baseline,1
1790326304.858237053,Uninterrupted_Baseline,281
1790326304.951767980,Uninterrupted_Baseline,1
1790326304.951767980,Uninterrupted_Baseline,281
1790326305.024844423,Uninterrupted_Baseline,1
1790326305.024844423,Uninterrupted_Baseline,282
1790326305.104465779,Uninterrupted_Baseline,1
1790326305.104465779,Uninterrupted_Baseline,282
1790326305.184077635,Uninterrupted_Baseline,1
1790326305.184077635,Uninterrupted_Baseline,283
1790326305.257673957,Uninterrupted_Baseline,1
1790326305.257673957,Uninterrupted_Baseline,283
1790326305.327101598,Uninterrupted_Baseline,1
1790326305.327101598,Uninterrupted_Baseline,283
1790326305.402028036,Uninterrupted_Baseline,1
1790326305.402028036,Uninterrupted_Baseline,284
1790326305.479718717,Uninterrupted_Baseline,1
1790326305.479718717,Uninterrupted_Baseline,284
1790326305.564377123,Uninterrupted_Baseline,1
1790326305.564377123,Uninterrupted_Baseline,285
1790326305.655530374,Uninterrupted_Baseline,1
1790326305.655530374,Uninterrupted_Baseline,285
1790326305.718036444,Uninterrupted_Baseline,1
1790326305.718036444,Uninterrupted_Baseline,286
1790326305.770254591,Uninterrupted_Baseline,1
1790326305.770254591,Uninterrupted_Baseline,286
1790326305.846874550,Uninterrupted_Baseline,1
1790326305.846874550,Uninterrupted_Baseline,287
1790326305.925200941,Uninterrupted_Baseline,1
1790326305.925200941,Uninterrupted_Baseline,287
1790326306.006777993,Uninterrupted_Baseline,1
1790326306.006777993,Uninterrupted_Baseline,288
1790326306.091040076,Uninterrupted_Baseline,1
1790326306.091040076,Uninterrupted_Baseline,288
1790326306.175258629,Uninterrupted_Baseline,1
1790326306.175258629,Uninterrupted_Baseline,289
1790326306.259809515,Uninterrupted_Baseline,1
1790326306.259809515,Uninterrupted_Baseline,289
1790326306.345187994,Uninterrupted_Baseline,1
1790326306.345187994,Uninterrupted_Baseline,290
1790326306.430266964,Uninterrupted_Baseline,1
1790326306.430266964,Uninterrupted_Baseline,290
1790326306.514231538,Uninterrupted_Baseline,1
1790326306.514231538,Uninterrupted_Baseline,291
1790326306.577454405,Uninterrupted_Baseline,1
1790326306.577454405,Uninterrupted_Baseline,291
1790326306.642581702,Uninterrupted_Baseline,1
1790326306.642581702,Uninterrupted_Baseline,291
1790326306.706422266,Uninterrupted_Baseline,1
1790326306.706422266,Uninterrupted_Baseline,292
1790326306.788493933,Uninterrupted_Baseline,1
1790326306.788493933,Uninterrupted_Baseline,292
1790326306.874626014,Uninterrupted_Baseline,1
1790326306.874626014,Uninterrupted_Baseline,293
1790326306.958051893,Uninterrupted_Baseline,1
1790326306.958051893,Uninterrupted_Baseline,293
1790326307.042972513,Uninterrupted_Baseline,1
1790326307.042972513,Uninterrupted_Baseline,294
1790326307.126086524,Uninterrupted_Baseline,1
1790326307.126086524,Uninterrupted_Baseline,294
1790326307.205757854,Uninterrupted_Baseline,1
1790326307.205757854,Uninterrupted_Baseline,295
1790326307.286682640,Uninterrupted_Baseline,1
1790326307.286682640,Uninterrupted_Baseline,295
1790326307.370317987,Uninterrupted_Baseline,1
1790326307.370317987,Uninterrupted_Baseline,296
1790326307.452532685,Uninterrupted_Baseline,1
1790326307.452532685,Uninterrupted_Baseline,296
1790326307.537798798,Uninterrupted_Baseline,1
1790326307.537798798,Uninterrupted_Baseline,297
1790326307.617820710,Uninterrupted_Baseline,1
1790326307.617820710,Uninterrupted_Baseline,297
1790326307.696572634,Uninterrupted_Baseline,1
1790326307.696572634,Uninterrupted_Baseline,298
1790326307.775756989,Uninterrupted_Baseline,1
1790326307.775756989,Uninterrupted_Baseline,298
1790326307.854239283,Uninterrupted_Baseline,1
1790326307.854239283,Uninterrupted_Baseline,299
1790326307.922981115,Uninterrupted_Baseline,1
1790326307.922981115,Uninterrupted_Baseline,299
1790326308.003688158,Uninterrupted_Baseline,1
1790326308.003688158,Uninterrupted_Baseline,299
1790326308.081730498,Uninterrupted_Baseline,1
1790326308.081730498,Uninterrupted_Baseline,300
1790326308.163450649,Uninterrupted_Baseline,1
1790326308.163450649,Uninterrupted_Baseline,300
1790326308.241448025,Uninterrupted_Baseline,1
1790326308.241448025,Uninterrupted_Baseline,301
1790326308.297872022,Uninterrupted_Baseline,1
1790326308.297872022,Uninterrupted_Baseline,301
1790326308.382266873,Uninterrupted_Baseline,1
1790326308.382266873,Uninterrupted_Baseline,302
1790326308.431879011,Uninterrupted_Baseline,1
1790326308.431879011,Uninterrupted_Baseline,302
1790326308.483471969,Uninterrupted_Baseline,1
1790326308.483471969,Uninterrupted_Baseline,302
1790326308.548287529,Uninterrupted_Baseline,1
1790326308.548287529,Uninterrupted_Baseline,303
1790326308.614024810,Uninterrupted_Baseline,1
1790326308.614024810,Uninterrupted_Baseline,303
1790326308.687448608,Uninterrupted_Baseline,1
1790326308.687448608,Uninterrupted_Baseline,304
1790326308.768766918,Uninterrupted_Baseline,1
1790326308.768766918,Uninterrupted_Baseline,304
1790326308.856336358,Uninterrupted_Baseline,1
1790326308.856336358,Uninterrupted_Baseline,304
1790326308.923939010,Uninterrupted_Baseline,1
1790326308.923939010,Uninterrupted_Baseline,305
1790326309.003814711,Uninterrupted_Baseline,1
1790326309.003814711,Uninterrupted_Baseline,305
1790326309.084941655,Uninterrupted_Baseline,1
1790326309.084941655,Uninterrupted_Baseline,306
1790326309.154573508,Uninterrupted_Baseline,1
1790326309.154573508,Uninterrupted_Baseline,306
1790326309.230031981,Uninterrupted_Baseline,1
1790326309.230031981,Uninterrupted_Baseline,307
1790326309.310152553,Uninterrupted_Baseline,1
1790326309.310152553,Uninterrupted_Baseline,307
1790326309.392024668,Uninterrupted_Baseline,1
1790326309.392024668,Uninterrupted_Baseline,308
1790326309.475923897,Uninterrupted_Baseline,1
1790326309.475923897,Uninterrupted_Baseline,308
1790326309.545791042,Uninterrupted_Baseline,309
1790326309.633734350,Uninterrupted_Baseline,309
1790326309.716210241,Uninterrupted_Baseline,310
1790326309.798891950,Uninterrupted_Baseline,310
1790326309.876504388,Uninterrupted_Baseline,310
1790326309.943086523,Uninterrupted_Baseline,311
1790326310.023058493,Uninterrupted_Baseline,311
1790326310.101009446,Uninterrupted_Baseline,312
1790326310.183845384,Uninterrupted_Baseline,312
1790326310.266797385,Uninterrupted_Baseline,313
1790326310.350258281,Uninterrupted_Baseline,313
1790326310.426940632,Uninterrupted_Baseline,314
1790326310.505062728,Uninterrupted_Baseline,314
1790326310.582894786,Uninterrupted_Baseline,315
1790326310.645102602,Uninterrupted_Baseline,315
1790326310.732340639,Uninterrupted_Baseline,316
1790326310.815542042,Uninterrupted_Baseline,316
1790326310.894638625,Uninterrupted_Baseline,317
1790326310.977203941,Uninterrupted_Baseline,317
1790326311.062740531,Uninterrupted_Baseline,317
1790326311.145019784,Uninterrupted_Baseline,318
1790326311.222504198,Uninterrupted_Baseline,318
1790326311.280046215,Uninterrupted_Baseline,319
1790326311.355901312,Uninterrupted_Baseline,319
1790326311.442812030,Uninterrupted_Baseline,320
1790326311.535809691,Uninterrupted_Baseline,320
1790326311.621200515,Uninterrupted_Baseline,321
1790326311.712510185,Uninterrupted_Baseline,321
1790326311.804025545,Uninterrupted_Baseline,322
1790326311.885354423,Uninterrupted_Baseline,322
1790326311.953279068,Uninterrupted_Baseline,323
1790326312.030979275,Uninterrupted_Baseline,323
1790326312.097193645,Uninterrupted_Baseline,323
1790326312.181857364,Uninterrupted_Baseline,324
1790326312.268543917,Uninterrupted_Baseline,324
1790326312.349000988,Uninterrupted_Baseline,325
1790326312.430224571,Uninterrupted_Baseline,325
1790326312.511523360,Uninterrupted_Baseline,326
1790326312.597076326,Uninterrupted_Baseline,326
1790326312.680295043,Uninterrupted_Baseline,327
1790326312.762014627,Uninterrupted_Baseline,327
1790326312.846567531,Uninterrupted_Baseline,328
1790326312.925935673,Uninterrupted_Baseline,328
1790326313.003059961,Uninterrupted_Baseline,329
1790326313.070882232,Uninterrupted_Baseline,329
1790326313.154238007,Uninterrupted_Baseline,330
1790326313.236109022,Uninterrupted_Baseline,330
1790326313.322270057,Uninterrupted_Baseline,331
1790326313.404425980,Uninterrupted_Baseline,331
1790326313.487550192,Uninterrupted_Baseline,332
1790326313.570640028,Uninterrupted_Baseline,332
1790326313.648829653,Uninterrupted_Baseline,332
1790326313.728193480,Uninterrupted_Baseline,333
1790326313.827452627,Uninterrupted_Baseline,334
1790326313.909400886,Uninterrupted_Baseline,334
1790326313.992376120,Uninterrupted_Baseline,334
1790326314.061122355,Uninterrupted_Baseline,335
1790326314.147842543,Uninterrupted_Baseline,335
1790326314.235418966,Uninterrupted_Baseline,336
1790326314.323482980,Uninterrupted_Baseline,336
1790326314.419014856,Uninterrupted_Baseline,337
1790326314.503078043,Uninterrupted_Baseline,337
1790326314.582356493,Uninterrupted_Baseline,338
1790326314.666300603,Uninterrupted_Baseline,338
1790326314.747842999,Uninterrupted_Baseline,339
1790326314.831078997,Uninterrupted_Baseline,339
1790326314.906763062,Uninterrupted_Baseline,340
1790326314.994526670,Uninterrupted_Baseline,340
1790326315.065920721,Uninterrupted_Baseline,341
1790326315.132216490,Uninterrupted_Baseline,341
1790326315.207516121,Uninterrupted_Baseline,341
1790326315.270789550,Uninterrupted_Baseline,342
1790326315.355939009,Uninterrupted_Baseline,342
1790326315.440374952,Uninterrupted_Baseline,343
1790326315.524985195,Uninterrupted_Baseline,343
1790326315.609872489,Uninterrupted_Baseline,344
1790326315.700329300,Uninterrupted_Baseline,344
1790326315.782677435,Uninterrupted_Baseline,345
1790326315.864907518,Uninterrupted_Baseline,345
1790326315.929179379,Uninterrupted_Baseline,346
1790326316.007001389,Uninterrupted_Baseline,346
1790326316.090734854,Uninterrupted_Baseline,347
1790326316.167080470,Uninterrupted_Baseline,347
1790326316.249253309,Uninterrupted_Baseline,348
1790326316.325455918,Uninterrupted_Baseline,348
1790326316.409404779,Uninterrupted_Baseline,348
1790326316.500714893,Uninterrupted_Baseline,349
1790326316.590051230,Uninterrupted_Baseline,349
1790326316.668211689,Uninterrupted_Baseline,350
1790326316.742892671,Uninterrupted_Baseline,350
1790326316.797769832,Uninterrupted_Baseline,351
1790326316.862958984,Uninterrupted_Baseline,351
1790326316.923018762,Uninterrupted_Baseline,351
1790326317.010637842,Uninterrupted_Baseline,352
1790326317.094249856,Uninterrupted_Baseline,352
1790326317.183209455,Uninterrupted_Baseline,353
1790326317.245529856,Uninterrupted_Baseline,353
1790326317.299525981,Uninterrupted_Baseline,354
1790326317.376888529,Uninterrupted_Baseline,354
1790326317.453518493,Uninterrupted_Baseline,354
1790326317.536246701,Uninterrupted_Baseline,355
1790326317.613942709,Uninterrupted_Baseline,355
1790326317.698376561,Uninterrupted_Baseline,356
1790326317.781150024,Uninterrupted_Baseline,356
1790326317.865192834,Uninterrupted_Baseline,357
1790326317.949135669,Uninterrupted_Baseline,357
1790326318.023316816,Uninterrupted_Baseline,358
1790326318.077115956,Uninterrupted_Baseline,358
1790326318.157135847,Uninterrupted_Baseline,358
1790326318.236747365,Uninterrupted_Baseline,359
1790326318.314038607,Uninterrupted_Baseline,359
1790326318.391503851,Uninterrupted_Baseline,360
1790326318.442349291,Uninterrupted_Baseline,360
1790326318.492033459,Uninterrupted_Baseline,360
1790326318.544347327,Uninterrupted_Baseline,361
1790326318.604881496,Uninterrupted_Baseline,361
1790326318.671633996,Uninterrupted_Baseline,361
1790326318.756836926,Uninterrupted_Baseline,362
1790326318.840613469,Uninterrupted_Baseline,362
1790326318.926972368,Uninterrupted_Baseline,363
1790326318.993389185,Uninterrupted_Baseline,363
1790326319.081342708,Uninterrupted_Baseline,364
1790326319.166504954,Uninterrupted_Baseline,364
1790326319.242368512,Uninterrupted_Baseline,365
1790326319.326922871,Uninterrupted_Baseline,365
1790326319.409204465,Uninterrupted_Baseline,366
1790326319.492184852,Uninterrupted_Baseline,366
1790326319.570942240,Uninterrupted_Baseline,367
1790326319.658903525,Uninterrupted_Baseline,367
1790326319.744862156,Uninterrupted_Baseline,368
1790326319.832182230,Uninterrupted_Baseline,368
1790326319.915263532,Uninterrupted_Baseline,369
1790326320.003864302,Uninterrupted_Baseline,369
1790326320.088717724,Uninterrupted_Baseline,370
1790326320.174108458,Uninterrupted_Baseline,370
1790326320.259131019,Uninterrupted_Baseline,371
1790326320.349130562,Uninterrupted_Baseline,371
1790326320.418986166,Uninterrupted_Baseline,371
1790326320.504117056,Uninterrupted_Baseline,372
1790326320.589569036,Uninterrupted_Baseline,372
1790326320.678719485,Uninterrupted_Baseline,373
1790326320.757471151,Uninterrupted_Baseline,373
1790326320.840939798,Uninterrupted_Baseline,374
1790326320.912869105,Uninterrupted_Baseline,374
1790326320.987631158,Uninterrupted_Baseline,375
1790326321.071332875,Uninterrupted_Baseline,375
1790326321.154289315,Uninterrupted_Baseline,376
1790326321.221491889,Uninterrupted_Baseline,376
1790326321.297753955,Uninterrupted_Baseline,377
1790326321.383528293,Uninterrupted_Baseline,377
1790326321.461220788,Uninterrupted_Baseline,377
1790326321.538622159,Uninterrupted_Baseline,378
1790326321.623778185,Uninterrupted_Baseline,378
1790326321.701535122,Uninterrupted_Baseline,379
1790326321.774832793,Uninterrupted_Baseline,379
1790326321.863075149,Uninterrupted_Baseline,380
1790326321.936968179,Uninterrupted_Baseline,380
1790326322.026167514,Uninterrupted_Baseline,381
1790326322.111532852,Uninterrupted_Baseline,381
1790326322.178841897,Uninterrupted_Baseline,382
1790326322.258801473,Uninterrupted_Baseline,382
1790326322.339332860,Uninterrupted_Baseline,383
1790326322.418959608,Uninterrupted_Baseline,383
1790326322.501022480,Uninterrupted_Baseline,384
1790326322.570203992,Uninterrupted_Baseline,384
1790326322.652623729,Uninterrupted_Baseline,384
1790326322.736782356,Uninterrupted_Baseline,385
1790326322.815891378,Uninterrupted_Baseline,385
1790326322.900492734,Uninterrupted_Baseline,386
1790326322.985543306,Uninterrupted_Baseline,386
1790326323.065269659,Uninterrupted_Baseline,387
1790326323.151768563,Uninterrupted_Baseline,387
1790326323.233195133,Uninterrupted_Baseline,388
1790326323.313935128,Uninterrupted_Baseline,388
1790326323.396438990,Uninterrupted_Baseline,389
1790326323.486736964,Uninterrupted_Baseline,389
1790326323.568359618,Uninterrupted_Baseline,390
1790326323.646168137,Uninterrupted_Baseline,390
1790326323.729842330,Uninterrupted_Baseline,391
1790326323.813009288,Uninterrupted_Baseline,391
1790326323.895630745,Uninterrupted_Baseline,392
1790326323.985265443,Uninterrupted_Baseline,392
1790326324.059855989,Uninterrupted_Baseline,393
1790326324.145824667,Uninterrupted_Baseline,393
1790326324.230780097,Uninterrupted_Baseline,394
1790326324.312346049,Uninterrupted_Baseline,394
1790326324.399271928,Uninterrupted_Baseline,395
1790326324.483288087,Uninterrupted_Baseline,395
1790326324.568549730,Uninterrupted_Baseline,396
1790326324.652053545,Uninterrupted_Baseline,396
1790326324.734470925,Uninterrupted_Baseline,397
1790326324.822344643,Uninterrupted_Baseline,397
1790326324.900020093,Uninterrupted_Baseline,398
1790326324.984423626,Uninterrupted_Baseline,398
1790326325.045147341,Uninterrupted_Baseline,398
1790326325.111682006,Uninterrupted_Baseline,399
1790326325.199829742,Uninterrupted_Baseline,399
1790326325.288846824,Uninterrupted_Baseline,400
1790326325.358533433,Uninterrupted_Baseline,400
1790326325.440044480,Uninterrupted_Baseline,401
1790326325.528949588,Uninterrupted_Baseline,401
1790326325.609016729,Uninterrupted_Baseline,402
1790326325.691529135,Uninterrupted_Baseline,402
1790326325.777354112,Uninterrupted_Baseline,403
1790326325.862526945,Uninterrupted_Baseline,403
1790326325.951451356,Uninterrupted_Baseline,404
1790326326.041560891,Uninterrupted_Baseline,404
1790326326.126562590,Uninterrupted_Baseline,405
1790326326.195049352,Uninterrupted_Baseline,405
1790326326.266970942,Uninterrupted_Baseline,405
1790326326.351112322,Uninterrupted_Baseline,406
1790326326.446787280,Uninterrupted_Baseline,406
1790326326.538391108,Uninterrupted_Baseline,407
1790326326.611923084,Uninterrupted_Baseline,407
1790326326.683738112,Uninterrupted_Baseline,408
1790326326.756861988,Uninterrupted_Baseline,408
1790326326.825443660,Uninterrupted_Baseline,409
1790326326.892708426,Uninterrupted_Baseline,409
1790326326.962728017,Uninterrupted_Baseline,409
1790326327.032637700,Uninterrupted_Baseline,410
1790326327.112477356,Uninterrupted_Baseline,410
1790326327.192715788,Uninterrupted_Baseline,411
1790326327.246756253,Uninterrupted_Baseline,411
1790326327.315031865,Uninterrupted_Baseline,411
1790326327.395724827,Uninterrupted_Baseline,412
1790326327.484368165,Uninterrupted_Baseline,412
1790326327.570741844,Uninterrupted_Baseline,413
1790326327.652786810,Uninterrupted_Baseline,413
1790326327.725398342,Uninterrupted_Baseline,414
1790326327.809699795,Uninterrupted_Baseline,414
1790326327.895406991,Uninterrupted_Baseline,415
1790326327.972362904,Uninterrupted_Baseline,415
1790326328.054266811,Uninterrupted_Baseline,416
1790326328.134294306,Uninterrupted_Baseline,416
1790326328.225260852,Uninterrupted_Baseline,417
1790326328.293373564,Uninterrupted_Baseline,417
1790326328.381297914,Uninterrupted_Baseline,418
1790326328.458505888,Uninterrupted_Baseline,418
1790326328.531345179,Uninterrupted_Baseline,418
1790326328.591677149,Uninterrupted_Baseline,419
1790326328.660439944,Uninterrupted_Baseline,419
1790326328.738266781,Uninterrupted_Baseline,420
1790326328.809051934,Uninterrupted_Baseline,420
1790326328.894124105,Uninterrupted_Baseline,420
1790326328.973575041,Uninterrupted_Baseline,421
1790326329.046622431,Uninterrupted_Baseline,421
1790326329.117686878,Uninterrupted_Baseline,422
1790326329.203210568,Uninterrupted_Baseline,422
1790326329.284705428,Uninterrupted_Baseline,423
1790326329.361003595,Uninterrupted_Baseline,423
1790326329.421918504,Uninterrupted_Baseline,423
1790326329.497180851,Uninterrupted_Baseline,424
1790326329.584775470,Uninterrupted_Baseline,424
1790326329.651100397,Uninterrupted_Baseline,425
1790326329.730395550,Uninterrupted_Baseline,425
1790326329.803034207,Uninterrupted_Baseline,426
1790326329.887097933,Uninterrupted_Baseline,426
1790326329.969532266,Uninterrupted_Baseline,427
1790326330.041873077,Uninterrupted_Baseline,427
1790326330.121955365,Uninterrupted_Baseline,428
1790326330.207736892,Uninterrupted_Baseline,428
1790326330.293050445,Uninterrupted_Baseline,428
1790326330.381747509,Uninterrupted_Baseline,429
1790326330.470262666,Uninterrupted_Baseline,429
1790326330.537429566,Uninterrupted_Baseline,430
1790326330.613714759,Uninterrupted_Baseline,430
1790326330.687395844,Uninterrupted_Baseline,431
1790326330.748833828,Uninterrupted_Baseline,431
1790326330.830185779,Uninterrupted_Baseline,432
1790326330.920453848,Uninterrupted_Baseline,432
1790326331.005389257,Uninterrupted_Baseline,433
1790326331.082784575,Uninterrupted_Baseline,433
1790326331.168568402,Uninterrupted_Baseline,434
1790326331.250317351,Uninterrupted_Baseline,434
1790326331.324169399,Uninterrupted_Baseline,434
1790326331.405431553,Uninterrupted_Baseline,435
1790326331.489849562,Uninterrupted_Baseline,435
1790326331.575754470,Uninterrupted_Baseline,436
1790326331.657506253,Uninterrupted_Baseline,436
1790326331.743239921,Uninterrupted_Baseline,437
1790326331.829694744,Uninterrupted_Baseline,437
1790326331.912679135,Uninterrupted_Baseline,438
1790326331.995978557,Uninterrupted_Baseline,438
1790326332.075090211,Uninterrupted_Baseline,439
1790326332.162512030,Uninterrupted_Baseline,439
1790326332.250384527,Uninterrupted_Baseline,440
1790326332.330228519,Uninterrupted_Baseline,440
1790326332.419078514,Uninterrupted_Baseline,441
1790326332.504313616,Uninterrupted_Baseline,441
1790326332.589157125,Uninterrupted_Baseline,442
1790326332.673979798,Uninterrupted_Baseline,442
1790326332.756430108,Uninterrupted_Baseline,443
1790326332.835951429,Uninterrupted_Baseline,443
1790326332.915860386,Uninterrupted_Baseline,444
1790326333.002760584,Uninterrupted_Baseline,444
1790326333.079031281,Uninterrupted_Baseline,445
1790326333.165802612,Uninterrupted_Baseline,445
1790326333.250954618,Uninterrupted_Baseline,446
1790326333.332413579,Uninterrupted_Baseline,446
1790326333.416700907,Uninterrupted_Baseline,447
1790326333.503311446,Uninterrupted_Baseline,447
1790326333.587644260,Uninterrupted_Baseline,448
1790326333.676323246,Uninterrupted_Baseline,448
1790326333.762344199,Uninterrupted_Baseline,449
1790326333.844978812,Uninterrupted_Baseline,449
1790326333.926485399,Uninterrupted_Baseline,449
1790326334.006692243,Uninterrupted_Baseline,450
1790326334.076822500,Uninterrupted_Baseline,450
1790326334.157529273,Uninterrupted_Baseline,451
1790326334.232577681,Uninterrupted_Baseline,451
1790326334.314909856,Uninterrupted_Baseline,452
1790326334.404876249,Uninterrupted_Baseline,452
1790326334.489460040,Uninterrupted_Baseline,453
1790326334.577135812,Uninterrupted_Baseline,453
1790326334.651946966,Uninterrupted_Baseline,454
1790326334.735237546,Uninterrupted_Baseline,454
1790326334.817066170,Uninterrupted_Baseline,455
1790326334.876373494,Uninterrupted_Baseline,455
1790326334.947198145,Uninterrupted_Baseline,455
1790326335.011133596,Uninterrupted_Baseline,456
1790326335.078446336,Uninterrupted_Baseline,456
1790326335.162253314,Uninterrupted_Baseline,457
1790326335.244320820,Uninterrupted_Baseline,457
1790326335.333245755,Uninterrupted_Baseline,457
1790326335.387150008,Uninterrupted_Baseline,458
1790326335.446367717,Uninterrupted_Baseline,458
1790326335.519304791,Uninterrupted_Baseline,459
1790326335.603327667,Uninterrupted_Baseline,459
1790326335.690440672,Uninterrupted_Baseline,460
1790326335.780145211,Uninterrupted_Baseline,460
1790326335.867155546,Uninterrupted_Baseline,461
1790326335.949460019,Uninterrupted_Baseline,461
1790326336.034021050,Uninterrupted_Baseline,462
1790326336.101618026,Uninterrupted_Baseline,462
1790326336.182259026,Uninterrupted_Baseline,462
1790326336.251161192,Uninterrupted_Baseline,463
1790326336.320797617,Uninterrupted_Baseline,463
1790326336.404411060,Uninterrupted_Baseline,464
1790326336.487036318,Uninterrupted_Baseline,464
1790326336.567885403,Uninterrupted_Baseline,465
1790326336.650993879,Uninterrupted_Baseline,465
1790326336.733830757,Uninterrupted_Baseline,466
1790326336.807607964,Uninterrupted_Baseline,466
1790326336.892284698,Uninterrupted_Baseline,467
1790326336.977768227,Uninterrupted_Baseline,467
1790326337.068229319,Uninterrupted_Baseline,468
1790326337.156864853,Uninterrupted_Baseline,468
1790326337.239735617,Uninterrupted_Baseline,468
1790326337.326737081,Uninterrupted_Baseline,469
1790326337.416486917,Uninterrupted_Baseline,470
1790326337.503897511,Uninterrupted_Baseline,470
1790326337.588505090,Uninterrupted_Baseline,471
1790326337.678561537,Uninterrupted_Baseline,471
1790326337.759364058,Uninterrupted_Baseline,472
1790326337.846342867,Uninterrupted_Baseline,472
1790326337.933283281,Uninterrupted_Baseline,473
1790326338.018321847,Uninterrupted_Baseline,473
1790326338.075415209,Uninterrupted_Baseline,473
1790326338.157222092,Uninterrupted_Baseline,474
1790326338.238190975,Uninterrupted_Baseline,474
1790326338.326691301,Uninterrupted_Baseline,475
1790326338.417163873,Uninterrupted_Baseline,475
1790326338.467724572,Uninterrupted_Baseline,476
1790326338.526074977,Uninterrupted_Baseline,476
1790326338.592143813,Uninterrupted_Baseline,476
1790326338.670430786,Uninterrupted_Baseline,477
1790326338.747640012,Uninterrupted_Baseline,477
1790326338.832781208,Uninterrupted_Baseline,478
1790326338.919080044,Uninterrupted_Baseline,478
1790326339.000078876,Uninterrupted_Baseline,479
1790326339.081149778,Uninterrupted_Baseline,479
1790326339.148468461,Uninterrupted_Baseline,480
1790326339.214781230,Uninterrupted_Baseline,480
1790326339.283471035,Uninterrupted_Baseline,480
1790326339.362399003,Uninterrupted_Baseline,481
1790326339.443025663,Uninterrupted_Baseline,481
1790326339.528506991,Uninterrupted_Baseline,482
1790326339.611012196,Uninterrupted_Baseline,482
1790326339.677471973,Uninterrupted_Baseline,483
1790326339.754919082,Uninterrupted_Baseline,483
1790326339.823838038,Uninterrupted_Baseline,484
1790326339.903721708,Uninterrupted_Baseline,484
1790326339.982329900,Uninterrupted_Baseline,485
1790326340.060736073,Uninterrupted_Baseline,485
1790326340.127711400,Uninterrupted_Baseline,485
1790326340.207247251,Uninterrupted_Baseline,486
1790326340.289547511,Uninterrupted_Baseline,486
1790326340.368196254,Uninterrupted_Baseline,487
1790326340.449307447,Uninterrupted_Baseline,487
1790326340.518112922,Uninterrupted_Baseline,488
1790326340.595783380,Uninterrupted_Baseline,488
1790326340.677107876,Uninterrupted_Baseline,489
1790326340.757191639,Uninterrupted_Baseline,489
1790326340.839417067,Uninterrupted_Baseline,490
1790326340.919627045,Uninterrupted_Baseline,490
1790326341.002182782,Uninterrupted_Baseline,490
1790326341.081886230,Uninterrupted_Baseline,491
1790326341.163773995,Uninterrupted_Baseline,491
1790326341.243934621,Uninterrupted_Baseline,492
1790326341.301074162,Uninterrupted_Baseline,492
1790326341.380627954,Uninterrupted_Baseline,493
1790326341.461623611,Uninterrupted_Baseline,493
1790326341.547879036,Uninterrupted_Baseline,494
1790326341.634961951,Uninterrupted_Baseline,494
1790326341.705793385,Uninterrupted_Baseline,495
1790326341.788823196,Uninterrupted_Baseline,495
1790326341.875095773,Uninterrupted_Baseline,496
1790326341.958639790,Uninterrupted_Baseline,496
1790326342.033261634,Uninterrupted_Baseline,497
1790326342.122715367,Uninterrupted_Baseline,497
1790326342.213031153,Uninterrupted_Baseline,498
1790326342.299298959,Uninterrupted_Baseline,498
1790326342.385520416,Uninterrupted_Baseline,499
1790326342.468506922,Uninterrupted_Baseline,499
1790326342.544092285,Uninterrupted_Baseline,499
1790326342.625812585,Uninterrupted_Baseline,500
1790326342.711524411,Uninterrupted_Baseline,500
1790326342.789268226,Uninterrupted_Baseline,501
1790326342.874454737,Uninterrupted_Baseline,501
1790326342.959103383,Uninterrupted_Baseline,502
1790326343.030378229,Uninterrupted_Baseline,502
1790326343.117004831,Uninterrupted_Baseline,503
1790326343.198458093,Uninterrupted_Baseline,503
1790326343.278848653,Uninterrupted_Baseline,504
1790326343.359601771,Uninterrupted_Baseline,504
1790326343.440180299,Uninterrupted_Baseline,505
1790326343.529998508,Uninterrupted_Baseline,505
1790326343.616020436,Uninterrupted_Baseline,506
1790326343.689009260,Uninterrupted_Baseline,506
1790326343.760401163,Uninterrupted_Baseline,506
1790326343.842845994,Uninterrupted_Baseline,507
1790326343.928774054,Uninterrupted_Baseline,507
1790326344.009462826,Uninterrupted_Baseline,508
1790326344.090023326,Uninterrupted_Baseline,508
1790326344.163032670,Uninterrupted_Baseline,509
1790326344.239883580,Uninterrupted_Baseline,509
1790326344.322643743,Uninterrupted_Baseline,510
1790326344.406524816,Uninterrupted_Baseline,510
1790326344.480038742,Uninterrupted_Baseline,511
1790326344.554873454,Uninterrupted_Baseline,511
1790326344.635573707,Uninterrupted_Baseline,511
1790326344.718275716,Uninterrupted_Baseline,512
1790326344.799326868,Uninterrupted_Baseline,512
1790326344.876295792,Uninterrupted_Baseline,513
1790326344.933542909,Uninterrupted_Baseline,513
1790326345.014527305,Uninterrupted_Baseline,514
1790326345.095660176,Uninterrupted_Baseline,514
1790326345.162329426,Uninterrupted_Baseline,514
1790326345.246174176,Uninterrupted_Baseline,515
1790326345.325358954,Uninterrupted_Baseline,516
1790326345.407039871,Uninterrupted_Baseline,516
1790326345.490543578,Uninterrupted_Baseline,516
1790326345.570011649,Uninterrupted_Baseline,517
1790326345.650507469,Uninterrupted_Baseline,517
1790326345.717973887,Uninterrupted_Baseline,518
1790326345.790332220,Uninterrupted_Baseline,518
1790326345.874257792,Uninterrupted_Baseline,519
1790326345.956440763,Uninterrupted_Baseline,519
1790326346.038298262,Uninterrupted_Baseline,520
1790326346.117114877,Uninterrupted_Baseline,520
1790326346.204199326,Uninterrupted_Baseline,521
1790326346.284369921,Uninterrupted_Baseline,521
1790326346.343144260,Uninterrupted_Baseline,521
1790326346.425081115,Uninterrupted_Baseline,522
1790326346.507515629,Uninterrupted_Baseline,522
1790326346.590034746,Uninterrupted_Baseline,523
1790326346.665127171,Uninterrupted_Baseline,523
1790326346.719725244,Uninterrupted_Baseline,524
1790326346.798046649,Uninterrupted_Baseline,524
1790326346.877628010,Uninterrupted_Baseline,524
1790326346.950856204,Uninterrupted_Baseline,525
1790326347.015362168,Uninterrupted_Baseline,525
1790326347.101778137,Uninterrupted_Baseline,526
1790326347.154731962,Uninterrupted_Baseline,526
1790326347.226771574,Uninterrupted_Baseline,527
1790326347.316456148,Uninterrupted_Baseline,527
1790326347.377499423,Uninterrupted_Baseline,527
1790326347.461326158,Uninterrupted_Baseline,528
1790326347.543697577,Uninterrupted_Baseline,528
1790326347.628127996,Uninterrupted_Baseline,529
1790326347.704413163,Uninterrupted_Baseline,529
1790326347.780438551,Uninterrupted_Baseline,530
1790326347.857703221,Uninterrupted_Baseline,530
1790326347.943488449,Uninterrupted_Baseline,531
1790326348.028577309,Uninterrupted_Baseline,531
1790326348.106461780,Uninterrupted_Baseline,532
1790326348.190618202,Uninterrupted_Baseline,532
1790326348.272880015,Uninterrupted_Baseline,532
1790326348.336081287,Uninterrupted_Baseline,533
1790326348.405008362,Uninterrupted_Baseline,533
1790326348.454254047,Uninterrupted_Baseline,534
1790326348.522525128,Uninterrupted_Baseline,534
1790326348.580527381,Uninterrupted_Baseline,534
1790326348.656999606,Uninterrupted_Baseline,535
1790326348.736833818,Uninterrupted_Baseline,535
1790326348.821161895,Uninterrupted_Baseline,536
1790326348.905460757,Uninterrupted_Baseline,536
1790326348.989568854,Uninterrupted_Baseline,537
1790326349.077325895,Uninterrupted_Baseline,537
1790326349.144444403,Uninterrupted_Baseline,538
1790326349.232438493,Uninterrupted_Baseline,538
1790326349.309083562,Uninterrupted_Baseline,539
1790326349.395461720,Uninterrupted_Baseline,539
1790326349.484735406,Uninterrupted_Baseline,540
1790326349.573044187,Uninterrupted_Baseline,540
1790326349.640204457,Uninterrupted_Baseline,540
1790326349.705604562,Uninterrupted_Baseline,541
1790326349.776347626,Uninterrupted_Baseline,541
1790326349.851920537,Uninterrupted_Baseline,542
1790326349.945100348,Uninterrupted_Baseline,542
1790326350.030148308,Uninterrupted_Baseline,543
1790326350.115510385,Uninterrupted_Baseline,543
1790326350.201806418,Uninterrupted_Baseline,544
1790326350.285416924,Uninterrupted_Baseline,544
1790326350.371048180,Uninterrupted_Baseline,545
1790326350.458378162,Uninterrupted_Baseline,545
1790326350.542422045,Uninterrupted_Baseline,546
1790326350.626009646,Uninterrupted_Baseline,546
1790326350.711384079,Uninterrupted_Baseline,547
1790326350.796817741,Uninterrupted_Baseline,547
1790326350.885252297,Uninterrupted_Baseline,548
1790326350.980699799,Uninterrupted_Baseline,548
1790326351.066341261,Uninterrupted_Baseline,549
1790326351.156090015,Uninterrupted_Baseline,549
1790326351.240463039,Uninterrupted_Baseline,550
1790326351.324636801,Uninterrupted_Baseline,550
1790326351.413467379,Uninterrupted_Baseline,551
1790326351.511180385,Uninterrupted_Baseline,551
1790326351.576234043,Uninterrupted_Baseline,552
1790326351.656858555,Uninterrupted_Baseline,552
1790326351.736560625,Uninterrupted_Baseline,553
1790326351.795335903,Uninterrupted_Baseline,553
1790326351.880174461,Uninterrupted_Baseline,553
1790326351.965157127,Uninterrupted_Baseline,554
1790326352.050471809,Uninterrupted_Baseline,554
1790326352.130188957,Uninterrupted_Baseline,555
1790326352.212329745,Uninterrupted_Baseline,555
1790326352.295534337,Uninterrupted_Baseline,556
1790326352.375520749,Uninterrupted_Baseline,556
1790326352.457875157,Uninterrupted_Baseline,557
1790326352.527878309,Uninterrupted_Baseline,557
1790326352.613136780,Uninterrupted_Baseline,558
1790326352.697375698,Uninterrupted_Baseline,558
1790326352.780550471,Uninterrupted_Baseline,559
1790326352.848265984,Uninterrupted_Baseline,559
1790326352.930444758,Uninterrupted_Baseline,559
1790326353.013812072,Uninterrupted_Baseline,560
1790326353.097880404,Uninterrupted_Baseline,560
1790326353.180282203,Uninterrupted_Baseline,561
1790326353.248240149,Uninterrupted_Baseline,561
1790326353.330880325,Uninterrupted_Baseline,562
1790326353.414716529,Uninterrupted_Baseline,562
1790326353.497769691,Uninterrupted_Baseline,563
1790326353.585510612,Uninterrupted_Baseline,563
1790326353.667849067,Uninterrupted_Baseline,564
1790326353.760212482,Uninterrupted_Baseline,564
1790326353.841750368,Uninterrupted_Baseline,565
1790326353.923333276,Uninterrupted_Baseline,565
1790326354.012053602,Uninterrupted_Baseline,566
1790326354.108693270,Uninterrupted_Baseline,566
1790326354.166347620,Uninterrupted_Baseline,567
1790326354.238043244,Uninterrupted_Baseline,567
1790326354.314048221,Uninterrupted_Baseline,567
1790326354.402749986,Uninterrupted_Baseline,568
1790326354.486098211,Uninterrupted_Baseline,568
1790326354.562358747,Uninterrupted_Baseline,569
1790326354.638727613,Uninterrupted_Baseline,569
1790326354.723984910,Uninterrupted_Baseline,570
1790326354.811240227,Uninterrupted_Baseline,570
1790326354.900231652,Uninterrupted_Baseline,571
1790326354.971485216,Uninterrupted_Baseline,571
1790326355.030981309,Uninterrupted_Baseline,572
1790326355.111859768,Uninterrupted_Baseline,572
1790326355.191569643,Uninterrupted_Baseline,572
1790326355.273117040,Uninterrupted_Baseline,573
1790326355.358215137,Uninterrupted_Baseline,573
1790326355.438983724,Uninterrupted_Baseline,574
1790326355.531403289,Uninterrupted_Baseline,574
1790326355.619262762,Uninterrupted_Baseline,575
1790326355.696203854,Uninterrupted_Baseline,575
1790326355.770702933,Uninterrupted_Baseline,576
1790326355.838271065,Uninterrupted_Baseline,576
1790326355.915043872,Uninterrupted_Baseline,577
1790326355.998050883,Uninterrupted_Baseline,577
1790326356.078562274,Uninterrupted_Baseline,578
1790326356.162610006,Uninterrupted_Baseline,578
1790326356.239927086,Uninterrupted_Baseline,579
1790326356.326907724,Uninterrupted_Baseline,579
1790326356.396876190,Uninterrupted_Baseline,579
1790326356.478842612,Uninterrupted_Baseline,580
1790326356.559339642,Uninterrupted_Baseline,580
1790326356.629965821,Uninterrupted_Baseline,581
1790326356.696785146,Uninterrupted_Baseline,581
1790326356.782842160,Uninterrupted_Baseline,582
1790326356.848894295,Uninterrupted_Baseline,582
1790326356.926464832,Uninterrupted_Baseline,583
1790326357.003892828,Uninterrupted_Baseline,583
1790326357.079430872,Uninterrupted_Baseline,583
1790326357.159460748,Uninterrupted_Baseline,584
1790326357.220046272,Uninterrupted_Baseline,584
1790326357.305642787,Uninterrupted_Baseline,585
1790326357.383383209,Uninterrupted_Baseline,585
1790326357.467497942,Uninterrupted_Baseline,586
1790326357.549362497,Uninterrupted_Baseline,586
1790326357.638734019,Uninterrupted_Baseline,587
1790326357.719149450,Uninterrupted_Baseline,587
1790326357.808025781,Uninterrupted_Baseline,588
1790326357.889692529,Uninterrupted_Baseline,588
1790326357.976227408,Uninterrupted_Baseline,589
1790326358.062201433,Uninterrupted_Baseline,589
1790326358.145113881,Uninterrupted_Baseline,590
1790326358.226829653,Uninterrupted_Baseline,590
1790326358.278195773,Uninterrupted_Baseline,591
1790326358.350691677,Uninterrupted_Baseline,591
1790326358.427259178,Uninterrupted_Baseline,591
1790326358.477717161,Uninterrupted_Baseline,592
1790326358.529520429,Uninterrupted_Baseline,592
1790326358.593232242,Uninterrupted_Baseline,592
1790326358.645038522,Uninterrupted_Baseline,593
1790326358.706002799,Uninterrupted_Baseline,593
1790326358.779295566,Uninterrupted_Baseline,593
1790326358.862726590,Uninterrupted_Baseline,594
1790326358.929458750,Uninterrupted_Baseline,594
1790326370.954274121,Phase1_Baseline,10
1790326371.037499729,Phase1_Baseline,10
1790326371.116175929,Phase1_Baseline,20
1790326371.198379815,Phase1_Baseline,20
1790326371.276382662,Phase1_Baseline,40
1790326371.359059305,Phase1_Baseline,40
1790326371.440513976,Phase1_Baseline,80
1790326371.524996976,Phase1_Baseline,80
1790326371.606278146,Phase1_Baseline,160
1790326371.678032421,Phase1_Baseline,160
1790326371.734715611,Phase1_Baseline,160
1790326371.803760613,Phase1_Baseline,320
1790326371.883488579,Phase1_Baseline,320
1790326371.969541605,Phase1_Baseline,614
1790326372.052472091,Phase1_Baseline,640
1790326372.139867119,Phase1_Baseline,981
1790326372.223726407,Phase1_Baseline,974
1790326372.304882220,Phase1_Baseline,809
1790326372.385345135,Phase1_Baseline,633
1790326372.466166488,Phase1_Baseline,543
1790326372.533816794,Phase1_Baseline,543
1790326372.607008383,Phase1_Baseline,515
1790326372.687419992,Phase1_Baseline,349
1790326372.764401709,Phase1_Baseline,271
1790326372.827727151,Phase1_Baseline,271
1790326372.912293046,Phase1_Baseline,272
1790326372.995031394,Phase1_Baseline,272
1790326373.079828477,Phase1_Baseline,273
1790326373.160240887,Phase1_Baseline,273
1790326373.223493493,Phase1_Baseline,273
1790326373.306719606,Phase1_Baseline,274
1790326373.386180235,Phase1_Baseline,274
1790326373.464890936,Phase1_Baseline,275
1790326373.538056654,Phase1_Baseline,275
1790326373.620932854,Phase1_Baseline,276
1790326373.698286576,Phase1_Baseline,276
1790326373.766918991,Phase1_Baseline,277
1790326373.846843557,Phase1_Baseline,277
1790326373.926260604,Phase1_Baseline,278
1790326374.011217927,Phase1_Baseline,278
1790326374.094515341,Phase1_Baseline,279
1790326374.176217605,Phase1_Baseline,279
1790326374.259303894,Phase1_Baseline,280
1790326374.336476595,Phase1_Baseline,280
1790326374.421368587,Phase1_Baseline,281
1790326374.499292540,Phase1_Baseline,281
1790326374.584243250,Phase1_Baseline,282
1790326374.662015319,Phase1_Baseline,282
1790326374.742191586,Phase1_Baseline,283
1790326374.808632755,Phase1_Baseline,283
1790326374.894245992,Phase1_Baseline,284
1790326374.973706087,Phase1_Baseline,284
1790326375.051701434,Phase1_Baseline,285
1790326375.128760948,Phase1_Baseline,285
1790326375.199222036,Phase1_Baseline,285
1790326375.293047140,Phase1_Baseline,286
1790326375.371110050,Phase1_Baseline,286
1790326375.458236190,Phase1_Baseline,287
1790326375.538101665,Phase1_Baseline,287
1790326375.622795741,Phase1_Baseline,288
1790326375.701014672,Phase1_Baseline,288
1790326375.779070619,Phase1_Baseline,289
1790326375.851032595,Phase1_Baseline,289
1790326375.922928408,Phase1_Baseline,290
1790326376.006390988,Phase1_Baseline,290
1790326376.089626558,Phase1_Baseline,291
1790326376.162226096,Phase1_Baseline,291
1790326376.245326684,Phase1_Baseline,292
1790326376.330859277,Phase1_Baseline,292
1790326376.399133632,Phase1_Baseline,293
1790326376.473199727,Phase1_Baseline,293
1790326376.542873305,Phase1_Baseline,293
1790326376.620085839,Phase1_Baseline,294
1790326376.692391827,Phase1_Baseline,294
1790326376.770301064,Phase1_Baseline,295
1790326376.859561673,Phase1_Baseline,295
1790326376.941366442,Phase1_Baseline,296
1790326377.025066328,Phase1_Baseline,296
1790326377.095483932,Phase1_Baseline,297
1790326377.154918280,Phase1_Baseline,297
1790326377.208378023,Phase1_Baseline,297
1790326377.267886877,Phase1_Baseline,298
1790326377.341955512,Phase1_Baseline,298
1790326377.423474283,Phase1_Baseline,299
1790326377.508736050,Phase1_Baseline,299
1790326377.586893326,Phase1_Baseline,299
1790326377.655508013,Phase1_Baseline,300
1790326377.731908949,Phase1_Baseline,300
1790326377.817452870,Phase1_Baseline,301
1790326377.898962325,Phase1_Baseline,301
1790326377.975870662,Phase1_Baseline,302
1790326378.056690003,Phase1_Baseline,302
1790326378.137860714,Phase1_Baseline,303
1790326378.222512339,Phase1_Baseline,303
1790326378.299290132,Phase1_Baseline,304
1790326378.361425253,Phase1_Baseline,304
1790326378.431503503,Phase1_Baseline,304
1790326378.487154502,Phase1_Baseline,305
1790326378.547498500,Phase1_Baseline,305
1790326378.602541680,Phase1_Baseline,305
1790326378.656672771,Phase1_Baseline,306
1790326378.726513403,Phase1_Baseline,306
1790326378.796079050,Phase1_Baseline,306
1790326378.868298520,Phase1_Baseline,307
1790326378.948094125,Phase1_Baseline,307
1790326379.023187164,Phase1_Baseline,308
1790326379.091817622,Phase1_Baseline,308
1790326379.175469887,Phase1_Baseline,309
1790326379.243213047,Phase1_Baseline,309
1790326379.315789284,Phase1_Baseline,310
1790326379.392610529,Phase1_Baseline,310
1790326379.468811464,Phase1_Baseline,310
1790326379.548743725,Phase1_Baseline,311
1790326379.635809675,Phase1_Baseline,312
1790326379.713202557,Phase1_Baseline,312
1790326379.791961833,Phase1_Baseline,312
1790326379.862272484,Phase1_Baseline,313
1790326379.947242299,Phase1_Baseline,313
1790326380.029008768,Phase1_Baseline,314
1790326380.107689981,Phase1_Baseline,314
1790326380.187785170,Phase1_Baseline,315
1790326380.270253920,Phase1_Baseline,315
1790326380.352777927,Phase1_Baseline,316
1790326380.432688762,Phase1_Baseline,316
1790326380.512561123,Phase1_Baseline,317
1790326380.595109209,Phase1_Baseline,317
1790326380.675806702,Phase1_Baseline,318
1790326380.758538321,Phase1_Baseline,318
1790326380.840732298,Phase1_Baseline,318
1790326380.921125028,Phase1_Baseline,319
1790326381.001007899,Phase1_Baseline,319
1790326381.067091937,Phase1_Baseline,320
1790326381.146608615,Phase1_Baseline,320
1790326381.220972442,Phase1_Baseline,321
1790326381.287565581,Phase1_Baseline,321
1790326381.340061568,Phase1_Baseline,321
1790326381.420014669,Phase1_Baseline,322
1790326381.511864546,Phase1_Baseline,322
1790326381.562749548,Phase1_Baseline,323
1790326381.625181504,Phase1_Baseline,323
1790326381.686488978,Phase1_Baseline,323
1790326381.761150563,Phase1_Baseline,324
1790326381.844864324,Phase1_Baseline,324
1790326381.925386127,Phase1_Baseline,325
1790326381.981946443,Phase1_Baseline,325
1790326382.040482130,Phase1_Baseline,325
1790326382.104745476,Phase1_Baseline,326
1790326382.174971480,Phase1_Baseline,326
1790326382.239842056,Phase1_Baseline,327
1790326382.319530883,Phase1_Baseline,327
1790326382.382860005,Phase1_Baseline,327
1790326382.468316037,Phase1_Baseline,328
1790326382.542746913,Phase1_Baseline,328
1790326382.620397021,Phase1_Baseline,329
1790326382.695514357,Phase1_Baseline,329
1790326382.781815963,Phase1_Baseline,330
1790326382.847731818,Phase1_Baseline,330
1790326382.905942274,Phase1_Baseline,330
1790326382.973543098,Phase1_Baseline,331
1790326383.053778544,Phase1_Baseline,331
1790326383.143891511,Phase1_Baseline,332
1790326383.222403146,Phase1_Baseline,332
1790326383.301169680,Phase1_Baseline,333
1790326383.383808007,Phase1_Baseline,333
1790326383.469009878,Phase1_Baseline,334
1790326383.554214433,Phase1_Baseline,334
1790326383.636254052,Phase1_Baseline,335
1790326383.726226819,Phase1_Baseline,335
1790326383.809733663,Phase1_Baseline,336
1790326383.892700629,Phase1_Baseline,336
1790326383.974146150,Phase1_Baseline,337
1790326384.058711784,Phase1_Baseline,337
1790326384.143753670,Phase1_Baseline,338
1790326384.214314875,Phase1_Baseline,338
1790326384.298010183,Phase1_Baseline,338
1790326384.382906061,Phase1_Baseline,339
1790326384.467123309,Phase1_Baseline,339
1790326384.551291500,Phase1_Baseline,340
1790326384.620980852,Phase1_Baseline,340
1790326384.707389331,Phase1_Baseline,341
1790326384.786273752,Phase1_Baseline,341
1790326384.869638980,Phase1_Baseline,342
1790326384.955318446,Phase1_Baseline,342
1790326385.021458543,Phase1_Baseline,343
1790326385.076922249,Phase1_Baseline,343
1790326385.154059591,Phase1_Baseline,343
1790326385.238061882,Phase1_Baseline,344
1790326385.322258288,Phase1_Baseline,344
1790326385.402597524,Phase1_Baseline,345
1790326385.489522301,Phase1_Baseline,345
1790326385.574484235,Phase1_Baseline,346
1790326385.660707022,Phase1_Baseline,346
1790326385.730637892,Phase1_Baseline,347
1790326385.806279136,Phase1_Baseline,347
1790326385.892418477,Phase1_Baseline,348
1790326385.977823045,Phase1_Baseline,348
1790326386.053860940,Phase1_Baseline,349
1790326386.137641799,Phase1_Baseline,349
1790326386.220113172,Phase1_Baseline,349
1790326386.296993191,Phase1_Baseline,350
1790326386.355018905,Phase1_Baseline,350
1790326386.440493811,Phase1_Baseline,351
1790326386.523783814,Phase1_Baseline,351
1790326386.606237008,Phase1_Baseline,352
1790326386.692208445,Phase1_Baseline,352
1790326386.774873086,Phase1_Baseline,353
1790326386.844935901,Phase1_Baseline,353
1790326386.914327560,Phase1_Baseline,353
1790326386.996490276,Phase1_Baseline,354
1790326387.076621742,Phase1_Baseline,354
1790326387.154185289,Phase1_Baseline,355
1790326387.231476621,Phase1_Baseline,355
1790326387.312635123,Phase1_Baseline,356
1790326387.385492090,Phase1_Baseline,356
1790326387.465839041,Phase1_Baseline,357
1790326387.521901842,Phase1_Baseline,357
1790326387.591452174,Phase1_Baseline,357
1790326387.674460479,Phase1_Baseline,358
1790326387.759550865,Phase1_Baseline,358
1790326387.840632903,Phase1_Baseline,359
1790326387.920926171,Phase1_Baseline,359
1790326387.999041679,Phase1_Baseline,360
1790326388.075236143,Phase1_Baseline,360
1790326388.156177661,Phase1_Baseline,361
1790326388.214555044,Phase1_Baseline,361
1790326388.278910348,Phase1_Baseline,361
1790326388.350605838,Phase1_Baseline,362
1790326388.415917182,Phase1_Baseline,362
1790326388.469300282,Phase1_Baseline,362
1790326388.532992156,Phase1_Baseline,363
1790326388.595595156,Phase1_Baseline,363
1790326388.665983180,Phase1_Baseline,363
1790326388.735046728,Phase1_Baseline,364
1790326388.806892645,Phase1_Baseline,364
1790326388.885157100,Phase1_Baseline,365
1790326388.964492376,Phase1_Baseline,365
1790326389.048999191,Phase1_Baseline,366
1790326389.119215086,Phase1_Baseline,366
1790326389.181279649,Phase1_Baseline,366
1790326389.240120086,Phase1_Baseline,367
1790326389.318291671,Phase1_Baseline,367
1790326389.396918084,Phase1_Baseline,368
1790326389.485682376,Phase1_Baseline,368
1790326389.568733522,Phase1_Baseline,369
1790326389.653793650,Phase1_Baseline,369
1790326389.730170392,Phase1_Baseline,370
1790326389.816539956,Phase1_Baseline,370
1790326389.900408603,Phase1_Baseline,370
1790326389.982120107,Phase1_Baseline,371
1790326390.066927114,Phase1_Baseline,371
1790326390.150178757,Phase1_Baseline,372
1790326390.221006811,Phase1_Baseline,372
1790326390.303981477,Phase1_Baseline,373
1790326390.388714179,Phase1_Baseline,373
1790326390.470945996,Phase1_Baseline,374
1790326390.553707864,Phase1_Baseline,374
1790326390.632203976,Phase1_Baseline,375
1790326390.697771930,Phase1_Baseline,375
1790326390.776565337,Phase1_Baseline,376
1790326390.856966520,Phase1_Baseline,376
1790326390.936773711,Phase1_Baseline,376
1790326391.005931003,Phase1_Baseline,377
1790326391.088798751,Phase1_Baseline,377
1790326391.168846014,Phase1_Baseline,378
1790326391.249452798,Phase1_Baseline,378
1790326391.326907533,Phase1_Baseline,379
1790326391.410218543,Phase1_Baseline,379
1790326391.492907355,Phase1_Baseline,380
1790326391.574595647,Phase1_Baseline,380
1790326391.656350375,Phase1_Baseline,381
1790326391.740084908,Phase1_Baseline,381
1790326391.823815510,Phase1_Baseline,381
1790326391.904102089,Phase1_Baseline,382
1790326391.986508579,Phase1_Baseline,382
1790326392.067438960,Phase1_Baseline,383
1790326392.148549452,Phase1_Baseline,383
1790326392.229242080,Phase1_Baseline,384
1790326392.313603278,Phase1_Baseline,384
1790326392.398621948,Phase1_Baseline,385
1790326392.486691852,Phase1_Baseline,385
1790326392.574290222,Phase1_Baseline,386
1790326392.652152317,Phase1_Baseline,386
1790326392.720957597,Phase1_Baseline,387
1790326392.790181742,Phase1_Baseline,387
1790326392.878606988,Phase1_Baseline,387
1790326392.961260315,Phase1_Baseline,388
1790326393.031838107,Phase1_Baseline,388
1790326393.109962075,Phase1_Baseline,389
1790326393.195070769,Phase1_Baseline,389
1790326393.275257285,Phase1_Baseline,390
1790326393.363207641,Phase1_Baseline,390
1790326393.440022213,Phase1_Baseline,391
1790326393.525134053,Phase1_Baseline,391
1790326393.605813872,Phase1_Baseline,392
1790326393.692015478,Phase1_Baseline,392
1790326393.773844447,Phase1_Baseline,393
1790326393.856065645,Phase1_Baseline,393
1790326393.926714877,Phase1_Baseline,393
1790326394.004300840,Phase1_Baseline,394
1790326394.084600080,Phase1_Baseline,394
1790326394.169796859,Phase1_Baseline,395
1790326394.254270736,Phase1_Baseline,395
1790326394.329464160,Phase1_Baseline,396
1790326394.412123803,Phase1_Baseline,396
1790326394.493685224,Phase1_Baseline,397
1790326394.574511674,Phase1_Baseline,397
1790326394.658336133,Phase1_Baseline,397
1790326394.717556062,Phase1_Baseline,398
1790326394.794059976,Phase1_Baseline,398
1790326394.869259619,Phase1_Baseline,399
1790326394.936170938,Phase1_Baseline,399
1790326395.021060328,Phase1_Baseline,400
1790326395.104481363,Phase1_Baseline,400
1790326395.188926064,Phase1_Baseline,401
1790326395.274996442,Phase1_Baseline,401
1790326395.362640284,Phase1_Baseline,402
1790326395.448237496,Phase1_Baseline,402
1790326395.531540116,Phase1_Baseline,403
1790326395.615058039,Phase1_Baseline,403
1790326395.691714259,Phase1_Baseline,403
1790326395.798320898,Phase1_Baseline,404
1790326395.854255229,Phase1_Baseline,404
1790326395.919591367,Phase1_Baseline,405
1790326395.993226839,Phase1_Baseline,405
1790326396.063859845,Phase1_Baseline,406
1790326396.149836698,Phase1_Baseline,406
1790326396.236090351,Phase1_Baseline,407
1790326396.315246283,Phase1_Baseline,407
1790326396.402136497,Phase1_Baseline,407
1790326396.487412367,Phase1_Baseline,408
1790326396.558263403,Phase1_Baseline,408
1790326396.638743173,Phase1_Baseline,409
1790326396.721297624,Phase1_Baseline,409
1790326396.806374104,Phase1_Baseline,410
1790326396.891339494,Phase1_Baseline,410
1790326396.971789000,Phase1_Baseline,411
1790326397.058433966,Phase1_Baseline,411
1790326397.139997798,Phase1_Baseline,412
1790326397.230316147,Phase1_Baseline,412
1790326397.309523091,Phase1_Baseline,413
1790326397.388060359,Phase1_Baseline,413
1790326397.468384402,Phase1_Baseline,414
1790326397.547934239,Phase1_Baseline,414
1790326397.613551424,Phase1_Baseline,414
1790326397.689547308,Phase1_Baseline,415
1790326397.756554072,Phase1_Baseline,415
1790326397.833504942,Phase1_Baseline,416
1790326397.915708445,Phase1_Baseline,416
1790326397.988123208,Phase1_Baseline,417
1790326398.054306200,Phase1_Baseline,417
1790326398.119416795,Phase1_Baseline,417
1790326398.196524446,Phase1_Baseline,418
1790326398.270349844,Phase1_Baseline,418
1790326398.330791043,Phase1_Baseline,418
1790326398.393330691,Phase1_Baseline,419
1790326398.445401872,Phase1_Baseline,419
1790326398.496761046,Phase1_Baseline,419
1790326398.565078359,Phase1_Baseline,420
1790326398.635766205,Phase1_Baseline,420
1790326398.710766957,Phase1_Baseline,421
1790326398.790833080,Phase1_Baseline,421
1790326398.860047619,Phase1_Baseline,422
1790326398.941301918,Phase1_Baseline,422
1790326399.022330578,Phase1_Baseline,422
1790326399.103377215,Phase1_Baseline,423
1790326399.169410744,Phase1_Baseline,423
1790326399.246272719,Phase1_Baseline,424
1790326399.338010536,Phase1_Baseline,424
1790326399.422782026,Phase1_Baseline,425
1790326399.506471023,Phase1_Baseline,425
1790326399.589374561,Phase1_Baseline,426
1790326399.673612893,Phase1_Baseline,426
1790326399.737816499,Phase1_Baseline,427
1790326399.816296877,Phase1_Baseline,427
1790326399.899523169,Phase1_Baseline,428
1790326399.983987253,Phase1_Baseline,428
1790326400.066796981,Phase1_Baseline,429
1790326400.148754462,Phase1_Baseline,429
1790326400.233223486,Phase1_Baseline,429
1790326400.297638402,Phase1_Baseline,430
1790326400.368507899,Phase1_Baseline,430
1790326400.444974536,Phase1_Baseline,431
1790326400.526818985,Phase1_Baseline,431
1790326400.616104175,Phase1_Baseline,432
1790326400.694124698,Phase1_Baseline,432
1790326400.774379028,Phase1_Baseline,433
1790326400.846852596,Phase1_Baseline,433
1790326400.929510700,Phase1_Baseline,434
1790326401.008117037,Phase1_Baseline,434
1790326401.093422168,Phase1_Baseline,435
1790326401.177005705,Phase1_Baseline,435
1790326401.264218706,Phase1_Baseline,436
1790326401.345483435,Phase1_Baseline,436
1790326401.429446024,Phase1_Baseline,437
1790326401.514098265,Phase1_Baseline,437
1790326401.599906947,Phase1_Baseline,438
1790326401.672445132,Phase1_Baseline,438
1790326401.752226687,Phase1_Baseline,438
1790326401.834111537,Phase1_Baseline,439
1790326401.916206072,Phase1_Baseline,439
1790326401.989093800,Phase1_Baseline,440
1790326402.077318306,Phase1_Baseline,440
1790326402.166539191,Phase1_Baseline,441
1790326402.250204477,Phase1_Baseline,441
1790326402.314352433,Phase1_Baseline,442
1790326402.398833842,Phase1_Baseline,442
1790326402.484091634,Phase1_Baseline,443
1790326402.563355673,Phase1_Baseline,443
1790326402.638205777,Phase1_Baseline,444
1790326402.720708476,Phase1_Baseline,444
1790326402.797602347,Phase1_Baseline,444
1790326402.875248971,Phase1_Baseline,445
1790326402.956482695,Phase1_Baseline,445
1790326403.036254180,Phase1_Baseline,446
1790326403.097466871,Phase1_Baseline,446
1790326403.180945771,Phase1_Baseline,447
1790326403.260056789,Phase1_Baseline,447
1790326403.337747124,Phase1_Baseline,448
1790326403.424104415,Phase1_Baseline,448
1790326403.506870400,Phase1_Baseline,449
1790326403.589446160,Phase1_Baseline,449
1790326403.673832728,Phase1_Baseline,450
1790326403.761270717,Phase1_Baseline,450
1790326403.845359477,Phase1_Baseline,451
1790326403.926369384,Phase1_Baseline,451
1790326404.011790652,Phase1_Baseline,452
1790326404.103328085,Phase1_Baseline,452
1790326404.182780286,Phase1_Baseline,453
1790326404.273558770,Phase1_Baseline,453
1790326404.363063386,Phase1_Baseline,454
1790326404.446121424,Phase1_Baseline,454
1790326404.525356053,Phase1_Baseline,455
1790326404.609719733,Phase1_Baseline,455
1790326404.679020124,Phase1_Baseline,455
1790326404.743903927,Phase1_Baseline,456
1790326404.820521100,Phase1_Baseline,456
1790326404.899235983,Phase1_Baseline,457
1790326404.961262660,Phase1_Baseline,457
1790326405.024328759,Phase1_Baseline,457
1790326405.105934404,Phase1_Baseline,458
1790326405.178057968,Phase1_Baseline,458
1790326405.236363561,Phase1_Baseline,459
1790326405.316119634,Phase1_Baseline,459
1790326405.401266781,Phase1_Baseline,460
1790326408.058527311,Phase2_Migrated,10
1790326408.133536976,Phase2_Migrated,10
1790326408.225984991,Phase2_Migrated,10
1790326408.314131876,Phase2_Migrated,10
1790326408.409813233,Phase2_Migrated,20
1790326408.464555926,Phase2_Migrated,20
1790326408.529989541,Phase2_Migrated,40
1790326408.615111830,Phase2_Migrated,40
1790326408.707915159,Phase2_Migrated,80
1790326408.797082669,Phase2_Migrated,80
1790326408.874735973,Phase2_Migrated,160
1790326408.974678221,Phase2_Migrated,160
1790326409.067700416,Phase2_Migrated,320
1790326409.137870858,Phase2_Migrated,320
1790326409.210925024,Phase2_Migrated,615
1790326409.303263113,Phase2_Migrated,644
1790326409.384549038,Phase2_Migrated,1009
1790326409.476504772,Phase2_Migrated,1045
1790326409.566025942,Phase2_Migrated,859
1790326409.656232358,Phase2_Migrated,663
1790326409.737525200,Phase2_Migrated,577
1790326409.806381503,Phase2_Migrated,577
1790326409.890066291,Phase2_Migrated,475
1790326409.981536977,Phase2_Migrated,297
1790326410.072959128,Phase2_Migrated,288
1790326410.156716020,Phase2_Migrated,289
1790326410.242202779,Phase2_Migrated,289
1790326410.327062856,Phase2_Migrated,290
1790326410.417899198,Phase2_Migrated,290
1790326410.508948885,Phase2_Migrated,291
1790326410.602024537,Phase2_Migrated,291
1790326410.695238706,Phase2_Migrated,292
1790326410.780504297,Phase2_Migrated,292
1790326410.868262607,Phase2_Migrated,293
1790326410.931700742,Phase2_Migrated,293
1790326411.025117191,Phase2_Migrated,294
1790326411.118511552,Phase2_Migrated,294
1790326411.210176240,Phase2_Migrated,295
1790326411.296251515,Phase2_Migrated,296
1790326411.386175167,Phase2_Migrated,296
1790326411.477905364,Phase2_Migrated,297
1790326411.573135793,Phase2_Migrated,297
1790326411.679168558,Phase2_Migrated,298
1790326411.772073638,Phase2_Migrated,298
1790326411.864257011,Phase2_Migrated,299
1790326411.959301798,Phase2_Migrated,300
1790326412.057137074,Phase2_Migrated,300
1790326412.157780089,Phase2_Migrated,301
1790326412.252163677,Phase2_Migrated,301
1790326412.347855350,Phase2_Migrated,302
1790326412.438401632,Phase2_Migrated,302
1790326412.535392452,Phase2_Migrated,303
1790326412.622709440,Phase2_Migrated,303
1790326412.717975432,Phase2_Migrated,304
1790326412.804045556,Phase2_Migrated,304
1790326412.878509605,Phase2_Migrated,305
1790326412.964033334,Phase2_Migrated,305
1790326413.057852833,Phase2_Migrated,306
1790326413.149068557,Phase2_Migrated,307
1790326413.238379643,Phase2_Migrated,307
1790326413.333110845,Phase2_Migrated,308
1790326413.420877116,Phase2_Migrated,308
1790326413.512724061,Phase2_Migrated,309
1790326413.606216626,Phase2_Migrated,309
1790326413.700530066,Phase2_Migrated,310
1790326413.796044471,Phase2_Migrated,310
1790326413.890346684,Phase2_Migrated,311
1790326413.980070760,Phase2_Migrated,312
1790326414.073158450,Phase2_Migrated,312
1790326414.168529134,Phase2_Migrated,313
1790326414.262345619,Phase2_Migrated,313
1790326414.350132835,Phase2_Migrated,314
1790326414.443444119,Phase2_Migrated,314
1790326414.537251942,Phase2_Migrated,315
1790326414.632483606,Phase2_Migrated,315
1790326414.734157814,Phase2_Migrated,316
1790326414.834253743,Phase2_Migrated,317
1790326414.928233783,Phase2_Migrated,317
1790326414.994935057,Phase2_Migrated,317
1790326415.058049633,Phase2_Migrated,318
1790326415.143732684,Phase2_Migrated,318
1790326415.230729597,Phase2_Migrated,319
1790326415.322347770,Phase2_Migrated,319
1790326415.405990296,Phase2_Migrated,320
1790326415.502329914,Phase2_Migrated,320
1790326415.593520265,Phase2_Migrated,321
1790326415.684197357,Phase2_Migrated,321
1790326415.771542794,Phase2_Migrated,322
1790326415.864450031,Phase2_Migrated,323
1790326415.958947408,Phase2_Migrated,323
1790326416.052127616,Phase2_Migrated,324
1790326416.149043565,Phase2_Migrated,324
1790326416.247295777,Phase2_Migrated,325
1790326416.315863665,Phase2_Migrated,325
1790326416.394254675,Phase2_Migrated,326
1790326416.495847272,Phase2_Migrated,326
1790326416.593089909,Phase2_Migrated,327
1790326416.686009528,Phase2_Migrated,327
1790326416.769969594,Phase2_Migrated,328
1790326416.863280033,Phase2_Migrated,328
1790326416.960457819,Phase2_Migrated,329
1790326417.058671523,Phase2_Migrated,329
1790326417.124360021,Phase2_Migrated,330
1790326417.217636984,Phase2_Migrated,330
1790326417.309833402,Phase2_Migrated,331
1790326417.401846348,Phase2_Migrated,332
1790326417.490408493,Phase2_Migrated,332
1790326417.580108756,Phase2_Migrated,333
1790326417.667448794,Phase2_Migrated,333
1790326417.759324863,Phase2_Migrated,334
1790326417.845457834,Phase2_Migrated,334
1790326417.938813033,Phase2_Migrated,335
1790326418.030826521,Phase2_Migrated,335
1790326418.094799249,Phase2_Migrated,336
1790326418.180547389,Phase2_Migrated,336
1790326418.269528736,Phase2_Migrated,337
1790326418.355947339,Phase2_Migrated,337
1790326418.431341174,Phase2_Migrated,338
1790326418.491511466,Phase2_Migrated,338
1790326418.552201407,Phase2_Migrated,338
1790326418.617468995,Phase2_Migrated,339
1790326418.684975370,Phase2_Migrated,339
1790326418.761738383,Phase2_Migrated,339
1790326418.852448266,Phase2_Migrated,340
1790326418.932727682,Phase2_Migrated,340
1790326419.011137652,Phase2_Migrated,341
1790326419.094951030,Phase2_Migrated,341
1790326419.182151761,Phase2_Migrated,342
1790326419.254478698,Phase2_Migrated,342
1790326419.339557069,Phase2_Migrated,343
1790326419.425247890,Phase2_Migrated,343
1790326419.513493745,Phase2_Migrated,344
1790326419.597106296,Phase2_Migrated,344
1790326419.686422773,Phase2_Migrated,345
1790326419.773841166,Phase2_Migrated,345
1790326419.874399520,Phase2_Migrated,346
1790326419.944098284,Phase2_Migrated,346
1790326420.022939357,Phase2_Migrated,347
1790326420.118260271,Phase2_Migrated,347
1790326420.212806241,Phase2_Migrated,348
1790326420.301116571,Phase2_Migrated,348
1790326420.378076763,Phase2_Migrated,349
1790326420.473987218,Phase2_Migrated,350
1790326420.553406908,Phase2_Migrated,350
1790326420.628737035,Phase2_Migrated,350
1790326420.715554349,Phase2_Migrated,351
1790326420.789418215,Phase2_Migrated,351
1790326420.864711512,Phase2_Migrated,352
1790326420.957472041,Phase2_Migrated,352
1790326421.047997505,Phase2_Migrated,353
1790326421.142136380,Phase2_Migrated,353
1790326421.236269092,Phase2_Migrated,354
1790326421.314760109,Phase2_Migrated,354
1790326421.405065964,Phase2_Migrated,355
1790326421.494271412,Phase2_Migrated,355
1790326421.578966390,Phase2_Migrated,356
1790326421.663171183,Phase2_Migrated,356
1790326421.732806036,Phase2_Migrated,357
1790326421.807826073,Phase2_Migrated,357
1790326421.894458283,Phase2_Migrated,358
1790326421.980475946,Phase2_Migrated,358
1790326422.052933471,Phase2_Migrated,359
1790326422.134615486,Phase2_Migrated,359
1790326422.229447789,Phase2_Migrated,360
1790326422.307982634,Phase2_Migrated,360
1790326422.396021693,Phase2_Migrated,361
1790326422.488918938,Phase2_Migrated,361
1790326422.566814195,Phase2_Migrated,362
1790326422.657691890,Phase2_Migrated,362
1790326422.738369683,Phase2_Migrated,363
1790326422.815989185,Phase2_Migrated,363
1790326422.903100172,Phase2_Migrated,364
1790326422.993042044,Phase2_Migrated,364
1790326423.074162021,Phase2_Migrated,365
1790326423.160056193,Phase2_Migrated,365
1790326423.264809072,Phase2_Migrated,366
1790326423.353632842,Phase2_Migrated,366
1790326423.445606548,Phase2_Migrated,367
1790326423.522762753,Phase2_Migrated,367
1790326423.620619397,Phase2_Migrated,368
1790326423.710423896,Phase2_Migrated,368
1790326423.800393278,Phase2_Migrated,369
1790326423.879453825,Phase2_Migrated,369
1790326423.973759995,Phase2_Migrated,370
1790326424.059183633,Phase2_Migrated,370
1790326424.134748532,Phase2_Migrated,371
1790326424.229067416,Phase2_Migrated,371
1790326424.319282429,Phase2_Migrated,372
1790326424.415381756,Phase2_Migrated,372
1790326424.514003102,Phase2_Migrated,373
1790326424.609384849,Phase2_Migrated,374
1790326424.702179218,Phase2_Migrated,374
1790326424.794117050,Phase2_Migrated,375
1790326424.882558809,Phase2_Migrated,375
1790326424.963917211,Phase2_Migrated,376
1790326425.031938958,Phase2_Migrated,376
1790326425.109200033,Phase2_Migrated,377
1790326425.209360163,Phase2_Migrated,377
1790326425.300017007,Phase2_Migrated,378
1790326425.391338365,Phase2_Migrated,378
1790326425.483301002,Phase2_Migrated,379
1790326425.583919807,Phase2_Migrated,379
1790326425.675424812,Phase2_Migrated,380
1790326425.764641398,Phase2_Migrated,380
1790326425.827901354,Phase2_Migrated,381
1790326425.911961911,Phase2_Migrated,381
1790326426.008865988,Phase2_Migrated,382
1790326426.102348864,Phase2_Migrated,382
1790326426.197943103,Phase2_Migrated,383
1790326426.279864371,Phase2_Migrated,383
1790326426.348207364,Phase2_Migrated,384
1790326426.431293840,Phase2_Migrated,384
1790326426.524749372,Phase2_Migrated,385
1790326426.616155918,Phase2_Migrated,385
1790326426.703927447,Phase2_Migrated,386
1790326426.799879796,Phase2_Migrated,386
1790326426.882351986,Phase2_Migrated,387
1790326426.970104096,Phase2_Migrated,387
1790326427.068917848,Phase2_Migrated,388
1790326427.167215776,Phase2_Migrated,388
1790326427.257279794,Phase2_Migrated,389
1790326427.347886896,Phase2_Migrated,390
1790326427.442489988,Phase2_Migrated,390
1790326427.535891008,Phase2_Migrated,391
1790326427.628968914,Phase2_Migrated,391
1790326427.708766419,Phase2_Migrated,392
1790326427.802251194,Phase2_Migrated,392
1790326427.897015536,Phase2_Migrated,393
1790326427.977826146,Phase2_Migrated,393
1790326428.065610417,Phase2_Migrated,394
1790326428.140751441,Phase2_Migrated,394
1790326428.234934080,Phase2_Migrated,395
1790326428.297633234,Phase2_Migrated,395
1790326428.389518286,Phase2_Migrated,396
1790326428.466094563,Phase2_Migrated,396
1790326428.523048318,Phase2_Migrated,396
1790326428.604761904,Phase2_Migrated,397
1790326428.703778027,Phase2_Migrated,397
1790326428.794861629,Phase2_Migrated,398
1790326428.885939312,Phase2_Migrated,398
1790326428.968716449,Phase2_Migrated,399
1790326429.058121771,Phase2_Migrated,399
1790326429.147538032,Phase2_Migrated,400
1790326429.222549531,Phase2_Migrated,400
1790326429.299234939,Phase2_Migrated,401
1790326429.379755760,Phase2_Migrated,401
1790326429.452854324,Phase2_Migrated,402
1790326429.548214263,Phase2_Migrated,402
1790326429.640106821,Phase2_Migrated,403
1790326429.731269759,Phase2_Migrated,403
1790326429.801335607,Phase2_Migrated,404
1790326429.890375645,Phase2_Migrated,404
1790326429.980127060,Phase2_Migrated,405
1790326430.069506202,Phase2_Migrated,405
1790326430.159208490,Phase2_Migrated,406
1790326430.251714091,Phase2_Migrated,406
1790326430.337136490,Phase2_Migrated,407
1790326430.420816387,Phase2_Migrated,407
1790326430.515521823,Phase2_Migrated,408
1790326430.594614136,Phase2_Migrated,408
1790326430.689633443,Phase2_Migrated,409
1790326430.786550926,Phase2_Migrated,409
1790326430.881605216,Phase2_Migrated,410
1790326430.973016131,Phase2_Migrated,410
1790326431.066805550,Phase2_Migrated,411
1790326431.163601452,Phase2_Migrated,411
1790326431.258062459,Phase2_Migrated,412
1790326431.350724680,Phase2_Migrated,413
1790326431.447875792,Phase2_Migrated,413
1790326431.540613571,Phase2_Migrated,414
1790326431.620063240,Phase2_Migrated,414
1790326431.695703316,Phase2_Migrated,415
1790326431.793100048,Phase2_Migrated,415
1790326431.887406558,Phase2_Migrated,416
1790326431.984004583,Phase2_Migrated,416
1790326432.076932723,Phase2_Migrated,417
1790326432.169356234,Phase2_Migrated,417
1790326432.268012053,Phase2_Migrated,418
1790326432.372068686,Phase2_Migrated,418
1790326432.466007275,Phase2_Migrated,419
1790326432.554873022,Phase2_Migrated,419
1790326432.648021699,Phase2_Migrated,420
1790326432.729710688,Phase2_Migrated,420
1790326432.822487741,Phase2_Migrated,421
1790326432.916376606,Phase2_Migrated,421
1790326433.005977523,Phase2_Migrated,422
1790326433.087559385,Phase2_Migrated,422
1790326433.182247912,Phase2_Migrated,423
1790326433.274967791,Phase2_Migrated,424
1790326433.371431860,Phase2_Migrated,424
1790326433.456006036,Phase2_Migrated,425
1790326433.550874123,Phase2_Migrated,425
1790326433.639276866,Phase2_Migrated,426
1790326433.724714526,Phase2_Migrated,426
1790326433.824808190,Phase2_Migrated,427
1790326433.902484428,Phase2_Migrated,427
1790326433.994383495,Phase2_Migrated,428
1790326434.086556125,Phase2_Migrated,428
1790326434.164877206,Phase2_Migrated,429
1790326434.261726158,Phase2_Migrated,429
1790326434.356329671,Phase2_Migrated,430
1790326434.462221066,Phase2_Migrated,430
1790326434.547257900,Phase2_Migrated,431
1790326434.641790143,Phase2_Migrated,431
1790326434.720423106,Phase2_Migrated,432
1790326434.806619234,Phase2_Migrated,432
1790326434.900943169,Phase2_Migrated,433
1790326434.975547710,Phase2_Migrated,433
1790326435.052494275,Phase2_Migrated,434
1790326435.147894859,Phase2_Migrated,434
1790326435.216846659,Phase2_Migrated,435
1790326435.306351932,Phase2_Migrated,435
1790326435.398206632,Phase2_Migrated,436
1790326435.490483516,Phase2_Migrated,436
1790326435.593420783,Phase2_Migrated,437
1790326435.683979509,Phase2_Migrated,437
1790326435.774470707,Phase2_Migrated,438
1790326435.866902535,Phase2_Migrated,438
1790326435.938329202,Phase2_Migrated,439
1790326436.033706176,Phase2_Migrated,439
1790326436.129278961,Phase2_Migrated,440
1790326436.221381223,Phase2_Migrated,441
1790326436.317678651,Phase2_Migrated,441
1790326436.408828939,Phase2_Migrated,442
1790326436.497557015,Phase2_Migrated,442
1790326436.594532439,Phase2_Migrated,443
1790326436.694063532,Phase2_Migrated,443
1790326436.790968550,Phase2_Migrated,444
1790326436.885913310,Phase2_Migrated,444
1790326436.957939800,Phase2_Migrated,445
1790326437.049195449,Phase2_Migrated,445
1790326437.143392341,Phase2_Migrated,446
1790326437.220870353,Phase2_Migrated,446
1790326437.311321593,Phase2_Migrated,447
1790326437.396596159,Phase2_Migrated,447
1790326437.452929052,Phase2_Migrated,448
1790326437.520752699,Phase2_Migrated,448
1790326437.586301900,Phase2_Migrated,448
1790326437.671544175,Phase2_Migrated,449
1790326437.765048201,Phase2_Migrated,449
1790326437.856193842,Phase2_Migrated,450
1790326437.950208679,Phase2_Migrated,450
1790326438.033227231,Phase2_Migrated,451
1790326438.119986067,Phase2_Migrated,451
1790326438.212819627,Phase2_Migrated,452
1790326438.293908529,Phase2_Migrated,452
1790326438.391739994,Phase2_Migrated,453
1790326438.447676536,Phase2_Migrated,453
1790326438.504295304,Phase2_Migrated,454
1790326438.571021337,Phase2_Migrated,454
1790326438.634258418,Phase2_Migrated,454
1790326438.717351826,Phase2_Migrated,455
1790326438.808942312,Phase2_Migrated,455
1790326438.909432120,Phase2_Migrated,456
1790326438.994994079,Phase2_Migrated,456
1790326439.090416294,Phase2_Migrated,457
1790326439.168898607,Phase2_Migrated,457
1790326439.230629534,Phase2_Migrated,458
1790326439.300406760,Phase2_Migrated,458
1790326439.390954639,Phase2_Migrated,459
1790326439.455806643,Phase2_Migrated,459
1790326439.557132419,Phase2_Migrated,460
1790326439.651556810,Phase2_Migrated,460
1790326439.743234062,Phase2_Migrated,461
1790326439.839423654,Phase2_Migrated,461
1790326439.933391154,Phase2_Migrated,462
1790326440.022626205,Phase2_Migrated,462
1790326440.106227521,Phase2_Migrated,463
1790326440.197880079,Phase2_Migrated,463
1790326440.290488052,Phase2_Migrated,464
1790326440.379275081,Phase2_Migrated,464
1790326440.473500983,Phase2_Migrated,465
1790326440.548932702,Phase2_Migrated,465
1790326441.970232888,Uninterrupted_Baseline,1
1790326442.052222858,Uninterrupted_Baseline,1
1790326442.128398678,Uninterrupted_Baseline,1
1790326442.211191185,Uninterrupted_Baseline,1
1790326442.293106265,Uninterrupted_Baseline,1
1790326442.370760744,Uninterrupted_Baseline,1
1790326442.451782801,Uninterrupted_Baseline,1
1790326442.537746090,Uninterrupted_Baseline,1
1790326442.619880777,Uninterrupted_Baseline,1
1790326442.700474180,Uninterrupted_Baseline,1
1790326442.788210233,Uninterrupted_Baseline,1
1790326442.884737858,Uninterrupted_Baseline,1
1790326442.974638204,Uninterrupted_Baseline,1
1790326443.065180082,Uninterrupted_Baseline,1
1790326443.152098778,Uninterrupted_Baseline,1
1790326443.240359121,Uninterrupted_Baseline,1
1790326443.311040642,Uninterrupted_Baseline,1
1790326443.394724298,Uninterrupted_Baseline,1
1790326443.482101116,Uninterrupted_Baseline,1
1790326443.563501326,Uninterrupted_Baseline,1
1790326443.652410377,Uninterrupted_Baseline,1
1790326443.745064124,Uninterrupted_Baseline,1
1790326443.825967429,Uninterrupted_Baseline,1
1790326443.908830944,Uninterrupted_Baseline,1
1790326443.992182908,Uninterrupted_Baseline,1
1790326444.074265078,Uninterrupted_Baseline,1
1790326444.156480202,Uninterrupted_Baseline,1
1790326444.239058733,Uninterrupted_Baseline,1
1790326444.317709135,Uninterrupted_Baseline,1
1790326444.402189631,Uninterrupted_Baseline,1
1790326444.486239745,Uninterrupted_Baseline,10
1790326444.486239745,Uninterrupted_Baseline,1
1790326444.571770840,Uninterrupted_Baseline,10
1790326444.571770840,Uninterrupted_Baseline,1
1790326444.654371946,Uninterrupted_Baseline,20
1790326444.654371946,Uninterrupted_Baseline,1
1790326444.739368141,Uninterrupted_Baseline,20
1790326444.739368141,Uninterrupted_Baseline,1
1790326444.811952461,Uninterrupted_Baseline,40
1790326444.811952461,Uninterrupted_Baseline,1
1790326444.887819162,Uninterrupted_Baseline,40
1790326444.887819162,Uninterrupted_Baseline,1
1790326444.961820433,Uninterrupted_Baseline,80
1790326444.961820433,Uninterrupted_Baseline,1
1790326445.024263540,Uninterrupted_Baseline,80
1790326445.024263540,Uninterrupted_Baseline,1
1790326445.086940730,Uninterrupted_Baseline,80
1790326445.086940730,Uninterrupted_Baseline,1
1790326445.161860663,Uninterrupted_Baseline,160
1790326445.161860663,Uninterrupted_Baseline,1
1790326445.247135815,Uninterrupted_Baseline,160
1790326445.247135815,Uninterrupted_Baseline,1
1790326445.313871459,Uninterrupted_Baseline,320
1790326445.313871459,Uninterrupted_Baseline,1
1790326445.401950902,Uninterrupted_Baseline,320
1790326445.401950902,Uninterrupted_Baseline,1
1790326445.492308454,Uninterrupted_Baseline,603
1790326445.492308454,Uninterrupted_Baseline,1
1790326445.569156316,Uninterrupted_Baseline,640
1790326445.569156316,Uninterrupted_Baseline,1
1790326445.640885498,Uninterrupted_Baseline,838
1790326445.640885498,Uninterrupted_Baseline,1
1790326445.695851810,Uninterrupted_Baseline,1044
1790326445.695851810,Uninterrupted_Baseline,1
1790326445.775862104,Uninterrupted_Baseline,893
1790326445.775862104,Uninterrupted_Baseline,1
1790326445.852687591,Uninterrupted_Baseline,732
1790326445.852687591,Uninterrupted_Baseline,1
1790326445.925467753,Uninterrupted_Baseline,561
1790326445.925467753,Uninterrupted_Baseline,1
1790326446.001759187,Uninterrupted_Baseline,529
1790326446.001759187,Uninterrupted_Baseline,1
1790326446.072104011,Uninterrupted_Baseline,473
1790326446.072104011,Uninterrupted_Baseline,1
1790326446.157268898,Uninterrupted_Baseline,328
1790326446.157268898,Uninterrupted_Baseline,1
1790326446.239603966,Uninterrupted_Baseline,264
1790326446.239603966,Uninterrupted_Baseline,1
1790326446.321263344,Uninterrupted_Baseline,264
1790326446.321263344,Uninterrupted_Baseline,1
1790326446.405083683,Uninterrupted_Baseline,265
1790326446.405083683,Uninterrupted_Baseline,1
1790326446.488291758,Uninterrupted_Baseline,265
1790326446.488291758,Uninterrupted_Baseline,1
1790326446.575711306,Uninterrupted_Baseline,266
1790326446.575711306,Uninterrupted_Baseline,1
1790326446.658909918,Uninterrupted_Baseline,266
1790326446.658909918,Uninterrupted_Baseline,1
1790326446.746419717,Uninterrupted_Baseline,267
1790326446.746419717,Uninterrupted_Baseline,1
1790326446.832533193,Uninterrupted_Baseline,267
1790326446.832533193,Uninterrupted_Baseline,1
1790326446.919257153,Uninterrupted_Baseline,268
1790326446.919257153,Uninterrupted_Baseline,1
1790326446.994762376,Uninterrupted_Baseline,268
1790326446.994762376,Uninterrupted_Baseline,1
1790326447.081499708,Uninterrupted_Baseline,269
1790326447.081499708,Uninterrupted_Baseline,1
1790326447.163449972,Uninterrupted_Baseline,269
1790326447.163449972,Uninterrupted_Baseline,1
1790326447.240950158,Uninterrupted_Baseline,270
1790326447.240950158,Uninterrupted_Baseline,1
1790326447.324853354,Uninterrupted_Baseline,270
1790326447.324853354,Uninterrupted_Baseline,1
1790326447.409719852,Uninterrupted_Baseline,271
1790326447.409719852,Uninterrupted_Baseline,1
1790326447.490851869,Uninterrupted_Baseline,271
1790326447.490851869,Uninterrupted_Baseline,1
1790326447.582714163,Uninterrupted_Baseline,272
1790326447.582714163,Uninterrupted_Baseline,1
1790326447.665906365,Uninterrupted_Baseline,272
1790326447.665906365,Uninterrupted_Baseline,1
1790326447.753284698,Uninterrupted_Baseline,273
1790326447.753284698,Uninterrupted_Baseline,1
1790326447.825913979,Uninterrupted_Baseline,273
1790326447.825913979,Uninterrupted_Baseline,1
1790326447.901989157,Uninterrupted_Baseline,274
1790326447.901989157,Uninterrupted_Baseline,1
1790326447.982148975,Uninterrupted_Baseline,274
1790326447.982148975,Uninterrupted_Baseline,1
1790326448.038969288,Uninterrupted_Baseline,275
1790326448.038969288,Uninterrupted_Baseline,1
1790326448.098295902,Uninterrupted_Baseline,275
1790326448.098295902,Uninterrupted_Baseline,1
1790326448.182870727,Uninterrupted_Baseline,276
1790326448.182870727,Uninterrupted_Baseline,1
1790326448.262940410,Uninterrupted_Baseline,276
1790326448.262940410,Uninterrupted_Baseline,1
1790326448.343314904,Uninterrupted_Baseline,276
1790326448.343314904,Uninterrupted_Baseline,1
1790326448.411806590,Uninterrupted_Baseline,277
1790326448.411806590,Uninterrupted_Baseline,1
1790326448.462070849,Uninterrupted_Baseline,277
1790326448.462070849,Uninterrupted_Baseline,1
1790326448.516371414,Uninterrupted_Baseline,277
1790326448.516371414,Uninterrupted_Baseline,1
1790326448.579911411,Uninterrupted_Baseline,278
1790326448.579911411,Uninterrupted_Baseline,1
1790326448.647750051,Uninterrupted_Baseline,278
1790326448.647750051,Uninterrupted_Baseline,1
1790326448.703130599,Uninterrupted_Baseline,279
1790326448.703130599,Uninterrupted_Baseline,1
1790326448.777454868,Uninterrupted_Baseline,279
1790326448.777454868,Uninterrupted_Baseline,1
1790326448.859860817,Uninterrupted_Baseline,280
1790326448.859860817,Uninterrupted_Baseline,1
1790326448.936845425,Uninterrupted_Baseline,280
1790326448.936845425,Uninterrupted_Baseline,1
1790326449.020291005,Uninterrupted_Baseline,281
1790326449.020291005,Uninterrupted_Baseline,1
1790326449.080111002,Uninterrupted_Baseline,281
1790326449.080111002,Uninterrupted_Baseline,1
1790326449.159755529,Uninterrupted_Baseline,281
1790326449.159755529,Uninterrupted_Baseline,1
1790326449.218075380,Uninterrupted_Baseline,282
1790326449.218075380,Uninterrupted_Baseline,1
1790326449.285165341,Uninterrupted_Baseline,282
1790326449.285165341,Uninterrupted_Baseline,1
1790326449.365463162,Uninterrupted_Baseline,283
1790326449.365463162,Uninterrupted_Baseline,1
1790326449.443851946,Uninterrupted_Baseline,283
1790326449.443851946,Uninterrupted_Baseline,1
1790326449.518146135,Uninterrupted_Baseline,283
1790326449.518146135,Uninterrupted_Baseline,1
1790326449.603319636,Uninterrupted_Baseline,284
1790326449.603319636,Uninterrupted_Baseline,1
1790326449.689080883,Uninterrupted_Baseline,284
1790326449.689080883,Uninterrupted_Baseline,1
1790326449.751473304,Uninterrupted_Baseline,285
1790326449.751473304,Uninterrupted_Baseline,1
1790326449.826125173,Uninterrupted_Baseline,285
1790326449.826125173,Uninterrupted_Baseline,1
1790326449.895078915,Uninterrupted_Baseline,286
1790326449.895078915,Uninterrupted_Baseline,1
1790326449.974413410,Uninterrupted_Baseline,286
1790326449.974413410,Uninterrupted_Baseline,1
1790326450.047334078,Uninterrupted_Baseline,287
1790326450.047334078,Uninterrupted_Baseline,1
1790326450.103425343,Uninterrupted_Baseline,287
1790326450.103425343,Uninterrupted_Baseline,1
1790326450.165224665,Uninterrupted_Baseline,287
1790326450.165224665,Uninterrupted_Baseline,1
1790326450.249224073,Uninterrupted_Baseline,288
1790326450.249224073,Uninterrupted_Baseline,1
1790326450.327780290,Uninterrupted_Baseline,288
1790326450.327780290,Uninterrupted_Baseline,1
1790326450.403881990,Uninterrupted_Baseline,289
1790326450.403881990,Uninterrupted_Baseline,1
1790326450.483004975,Uninterrupted_Baseline,289
1790326450.483004975,Uninterrupted_Baseline,1
1790326450.566249260,Uninterrupted_Baseline,290
1790326450.566249260,Uninterrupted_Baseline,1
1790326450.652583756,Uninterrupted_Baseline,290
1790326450.652583756,Uninterrupted_Baseline,1
1790326450.743503269,Uninterrupted_Baseline,291
1790326450.743503269,Uninterrupted_Baseline,1
1790326450.820948830,Uninterrupted_Baseline,291
1790326450.820948830,Uninterrupted_Baseline,1
1790326450.885450513,Uninterrupted_Baseline,291
1790326450.885450513,Uninterrupted_Baseline,1
1790326450.967716827,Uninterrupted_Baseline,292
1790326450.967716827,Uninterrupted_Baseline,1
1790326451.055948581,Uninterrupted_Baseline,292
1790326451.055948581,Uninterrupted_Baseline,1
1790326451.139448966,Uninterrupted_Baseline,293
1790326451.139448966,Uninterrupted_Baseline,1
1790326451.216707287,Uninterrupted_Baseline,293
1790326451.216707287,Uninterrupted_Baseline,1
1790326451.296413354,Uninterrupted_Baseline,294
1790326451.296413354,Uninterrupted_Baseline,1
1790326451.367040821,Uninterrupted_Baseline,294
1790326451.367040821,Uninterrupted_Baseline,1
1790326451.455024128,Uninterrupted_Baseline,295
1790326451.455024128,Uninterrupted_Baseline,1
1790326451.541543487,Uninterrupted_Baseline,295
1790326451.541543487,Uninterrupted_Baseline,1
1790326451.623301811,Uninterrupted_Baseline,296
1790326451.623301811,Uninterrupted_Baseline,1
1790326451.709816335,Uninterrupted_Baseline,296
1790326451.709816335,Uninterrupted_Baseline,1
1790326451.792139163,Uninterrupted_Baseline,297
1790326451.792139163,Uninterrupted_Baseline,1
1790326451.878853849,Uninterrupted_Baseline,297
1790326451.878853849,Uninterrupted_Baseline,1
1790326451.958593063,Uninterrupted_Baseline,298
1790326451.958593063,Uninterrupted_Baseline,1
1790326452.025106597,Uninterrupted_Baseline,298
1790326452.025106597,Uninterrupted_Baseline,1
1790326452.106366073,Uninterrupted_Baseline,299
1790326452.106366073,Uninterrupted_Baseline,1
1790326452.190413303,Uninterrupted_Baseline,299
1790326452.190413303,Uninterrupted_Baseline,1
1790326452.272676167,Uninterrupted_Baseline,300
1790326452.272676167,Uninterrupted_Baseline,1
1790326452.363183963,Uninterrupted_Baseline,300
1790326452.363183963,Uninterrupted_Baseline,1
1790326452.443535649,Uninterrupted_Baseline,301
1790326452.443535649,Uninterrupted_Baseline,1
1790326452.526029987,Uninterrupted_Baseline,301
1790326452.526029987,Uninterrupted_Baseline,1
1790326452.599808455,Uninterrupted_Baseline,301
1790326452.599808455,Uninterrupted_Baseline,1
1790326452.688387169,Uninterrupted_Baseline,302
1790326452.688387169,Uninterrupted_Baseline,1
1790326452.774340267,Uninterrupted_Baseline,302
1790326452.774340267,Uninterrupted_Baseline,1
1790326452.855728054,Uninterrupted_Baseline,303
1790326452.855728054,Uninterrupted_Baseline,1
1790326452.928740666,Uninterrupted_Baseline,303
1790326452.928740666,Uninterrupted_Baseline,1
1790326453.009143731,Uninterrupted_Baseline,304
1790326453.009143731,Uninterrupted_Baseline,1
1790326453.091760832,Uninterrupted_Baseline,304
1790326453.091760832,Uninterrupted_Baseline,1
1790326453.181260926,Uninterrupted_Baseline,305
1790326453.181260926,Uninterrupted_Baseline,1
1790326453.265640750,Uninterrupted_Baseline,305
1790326453.265640750,Uninterrupted_Baseline,1
1790326453.326756898,Uninterrupted_Baseline,306
1790326453.326756898,Uninterrupted_Baseline,1
1790326453.407106939,Uninterrupted_Baseline,306
1790326453.407106939,Uninterrupted_Baseline,1
1790326453.487210611,Uninterrupted_Baseline,307
1790326453.487210611,Uninterrupted_Baseline,1
1790326453.569499240,Uninterrupted_Baseline,307
1790326453.569499240,Uninterrupted_Baseline,1
1790326453.651906824,Uninterrupted_Baseline,308
1790326453.651906824,Uninterrupted_Baseline,1
1790326453.735067647,Uninterrupted_Baseline,308
1790326453.735067647,Uninterrupted_Baseline,1
1790326453.818389699,Uninterrupted_Baseline,309
1790326453.818389699,Uninterrupted_Baseline,1
1790326453.898547496,Uninterrupted_Baseline,309
1790326453.987927929,Uninterrupted_Baseline,310
1790326454.073970328,Uninterrupted_Baseline,310
1790326454.156070031,Uninterrupted_Baseline,310
1790326454.236357493,Uninterrupted_Baseline,311
1790326454.312204435,Uninterrupted_Baseline,311
1790326454.392331811,Uninterrupted_Baseline,312
1790326454.470234864,Uninterrupted_Baseline,312
1790326454.544743237,Uninterrupted_Baseline,313
1790326454.612732499,Uninterrupted_Baseline,313
1790326454.684986906,Uninterrupted_Baseline,314
1790326454.768727658,Uninterrupted_Baseline,314
1790326454.851957655,Uninterrupted_Baseline,314
1790326454.918322025,Uninterrupted_Baseline,315
1790326454.992747184,Uninterrupted_Baseline,315
1790326455.080118445,Uninterrupted_Baseline,316
1790326455.162966250,Uninterrupted_Baseline,316
1790326455.253477665,Uninterrupted_Baseline,317
1790326455.331117646,Uninterrupted_Baseline,317
1790326455.383069892,Uninterrupted_Baseline,318
1790326455.447199396,Uninterrupted_Baseline,318
1790326455.522830777,Uninterrupted_Baseline,318
1790326455.602992215,Uninterrupted_Baseline,319
1790326455.678695118,Uninterrupted_Baseline,319
1790326455.757130962,Uninterrupted_Baseline,320
1790326455.832379377,Uninterrupted_Baseline,320
1790326455.901013634,Uninterrupted_Baseline,321
1790326455.974951407,Uninterrupted_Baseline,321
1790326456.050129318,Uninterrupted_Baseline,322
1790326456.131738840,Uninterrupted_Baseline,322
1790326456.208483555,Uninterrupted_Baseline,322
1790326456.283478314,Uninterrupted_Baseline,323
1790326456.339961093,Uninterrupted_Baseline,323
1790326456.415838550,Uninterrupted_Baseline,324
1790326456.489629292,Uninterrupted_Baseline,324
1790326456.569128404,Uninterrupted_Baseline,324
1790326456.653401845,Uninterrupted_Baseline,325
1790326456.725386255,Uninterrupted_Baseline,325
1790326456.803537163,Uninterrupted_Baseline,326
1790326456.883554565,Uninterrupted_Baseline,326
1790326456.947795682,Uninterrupted_Baseline,327
1790326457.012880673,Uninterrupted_Baseline,327
1790326457.088375752,Uninterrupted_Baseline,327
1790326457.162852947,Uninterrupted_Baseline,328
1790326457.226958801,Uninterrupted_Baseline,328
1790326457.296447292,Uninterrupted_Baseline,329
1790326457.372457300,Uninterrupted_Baseline,329
1790326457.439809189,Uninterrupted_Baseline,329
1790326457.509192058,Uninterrupted_Baseline,330
1790326457.578226290,Uninterrupted_Baseline,330
1790326457.661942296,Uninterrupted_Baseline,331
1790326457.746028862,Uninterrupted_Baseline,331
1790326457.827838040,Uninterrupted_Baseline,332
1790326457.914909885,Uninterrupted_Baseline,332
1790326457.981125177,Uninterrupted_Baseline,333
1790326458.052986480,Uninterrupted_Baseline,333
1790326458.112092894,Uninterrupted_Baseline,333
1790326458.195903085,Uninterrupted_Baseline,334
1790326458.257182850,Uninterrupted_Baseline,334
1790326458.321325390,Uninterrupted_Baseline,335
1790326458.401419428,Uninterrupted_Baseline,335
1790326458.452544322,Uninterrupted_Baseline,335
1790326458.508097733,Uninterrupted_Baseline,336
1790326458.567140615,Uninterrupted_Baseline,336
1790326458.629878773,Uninterrupted_Baseline,336
1790326458.712263948,Uninterrupted_Baseline,337
1790326458.792377732,Uninterrupted_Baseline,337
1790326458.875229720,Uninterrupted_Baseline,338
1790326458.965477225,Uninterrupted_Baseline,338
1790326459.044263903,Uninterrupted_Baseline,339
1790326459.128296324,Uninterrupted_Baseline,339
1790326459.207943004,Uninterrupted_Baseline,340
1790326459.271447507,Uninterrupted_Baseline,340
1790326459.347963918,Uninterrupted_Baseline,341
1790326459.431037744,Uninterrupted_Baseline,341
1790326459.509326096,Uninterrupted_Baseline,341
1790326459.589956944,Uninterrupted_Baseline,342
1790326459.663439955,Uninterrupted_Baseline,342
1790326459.740170942,Uninterrupted_Baseline,343
1790326459.819391325,Uninterrupted_Baseline,343
1790326459.894527314,Uninterrupted_Baseline,344
1790326459.962164602,Uninterrupted_Baseline,344
1790326460.043945020,Uninterrupted_Baseline,345
1790326460.132369048,Uninterrupted_Baseline,345
1790326460.216258896,Uninterrupted_Baseline,345
1790326460.298511340,Uninterrupted_Baseline,346
1790326460.395007298,Uninterrupted_Baseline,347
1790326460.473105597,Uninterrupted_Baseline,347
1790326460.552433278,Uninterrupted_Baseline,347
1790326460.632731542,Uninterrupted_Baseline,348
1790326460.718235650,Uninterrupted_Baseline,348
1790326460.799996588,Uninterrupted_Baseline,349
1790326460.883252186,Uninterrupted_Baseline,349
1790326460.967799641,Uninterrupted_Baseline,350
1790326461.052787466,Uninterrupted_Baseline,350
1790326461.136417270,Uninterrupted_Baseline,351
1790326461.219431526,Uninterrupted_Baseline,351
1790326461.303214249,Uninterrupted_Baseline,352
1790326461.382909643,Uninterrupted_Baseline,352
1790326461.464732287,Uninterrupted_Baseline,353
1790326461.546032870,Uninterrupted_Baseline,353
1790326461.629877864,Uninterrupted_Baseline,354
1790326461.712332333,Uninterrupted_Baseline,354
1790326461.796509769,Uninterrupted_Baseline,355
1790326461.884713032,Uninterrupted_Baseline,355
1790326461.954581496,Uninterrupted_Baseline,355
1790326462.025422623,Uninterrupted_Baseline,356
1790326462.105607746,Uninterrupted_Baseline,356
1790326462.193721550,Uninterrupted_Baseline,357
1790326462.278604362,Uninterrupted_Baseline,357
1790326462.369230416,Uninterrupted_Baseline,358
1790326462.453863048,Uninterrupted_Baseline,358
1790326462.536324942,Uninterrupted_Baseline,359
1790326462.619119644,Uninterrupted_Baseline,359
1790326462.709231068,Uninterrupted_Baseline,360
1790326462.794731838,Uninterrupted_Baseline,360
1790326462.881015289,Uninterrupted_Baseline,361
1790326462.962691652,Uninterrupted_Baseline,361
1790326463.048478849,Uninterrupted_Baseline,362
1790326463.134875697,Uninterrupted_Baseline,363
1790326463.209363020,Uninterrupted_Baseline,363
1790326463.293167468,Uninterrupted_Baseline,363
1790326463.371899161,Uninterrupted_Baseline,364
1790326463.457141928,Uninterrupted_Baseline,364
1790326463.538527989,Uninterrupted_Baseline,365
1790326463.616431348,Uninterrupted_Baseline,365
1790326463.700453658,Uninterrupted_Baseline,366
1790326463.770907618,Uninterrupted_Baseline,366
1790326463.834049468,Uninterrupted_Baseline,367
1790326463.901360773,Uninterrupted_Baseline,367
1790326463.982320689,Uninterrupted_Baseline,367
1790326464.064864446,Uninterrupted_Baseline,368
1790326464.143002839,Uninterrupted_Baseline,368
1790326464.223203891,Uninterrupted_Baseline,369
1790326464.306228117,Uninterrupted_Baseline,369
1790326464.396051553,Uninterrupted_Baseline,370
1790326464.472266719,Uninterrupted_Baseline,370
1790326464.551360435,Uninterrupted_Baseline,371
1790326464.623031367,Uninterrupted_Baseline,371
1790326464.705144804,Uninterrupted_Baseline,372
1790326464.783885463,Uninterrupted_Baseline,372
1790326464.844130935,Uninterrupted_Baseline,372
1790326464.930350502,Uninterrupted_Baseline,373
1790326465.014967946,Uninterrupted_Baseline,373
1790326465.097180935,Uninterrupted_Baseline,374
1790326465.181360061,Uninterrupted_Baseline,374
1790326465.271264807,Uninterrupted_Baseline,375
1790326465.358257865,Uninterrupted_Baseline,375
1790326465.445554722,Uninterrupted_Baseline,376
1790326465.520786857,Uninterrupted_Baseline,376
1790326465.600816855,Uninterrupted_Baseline,377
1790326465.679375132,Uninterrupted_Baseline,377
1790326465.759034985,Uninterrupted_Baseline,378
1790326465.843048445,Uninterrupted_Baseline,378
1790326465.920428686,Uninterrupted_Baseline,379
1790326465.999685219,Uninterrupted_Baseline,379
1790326466.060761584,Uninterrupted_Baseline,379
1790326466.125437927,Uninterrupted_Baseline,380
1790326466.188161852,Uninterrupted_Baseline,380
1790326466.258820068,Uninterrupted_Baseline,381
1790326466.338752051,Uninterrupted_Baseline,381
1790326466.396482534,Uninterrupted_Baseline,381
1790326466.471894593,Uninterrupted_Baseline,382
1790326466.555259791,Uninterrupted_Baseline,382
1790326466.633192469,Uninterrupted_Baseline,383
1790326466.713012268,Uninterrupted_Baseline,383
1790326466.796899682,Uninterrupted_Baseline,384
1790326466.877811136,Uninterrupted_Baseline,384
1790326466.958093971,Uninterrupted_Baseline,385
1790326467.046360040,Uninterrupted_Baseline,385
1790326467.127531878,Uninterrupted_Baseline,385
1790326467.205878520,Uninterrupted_Baseline,386
1790326467.293927673,Uninterrupted_Baseline,386
1790326467.375474067,Uninterrupted_Baseline,387
1790326467.436067192,Uninterrupted_Baseline,387
1790326467.513551438,Uninterrupted_Baseline,388
1790326467.599849089,Uninterrupted_Baseline,388
1790326467.684118891,Uninterrupted_Baseline,389
1790326467.770508433,Uninterrupted_Baseline,389
1790326467.854163900,Uninterrupted_Baseline,390
1790326467.938710294,Uninterrupted_Baseline,390
1790326468.021168338,Uninterrupted_Baseline,391
1790326468.102923836,Uninterrupted_Baseline,391
1790326468.188333076,Uninterrupted_Baseline,392
1790326468.263325245,Uninterrupted_Baseline,392
1790326468.326588651,Uninterrupted_Baseline,392
1790326468.400862019,Uninterrupted_Baseline,393
1790326468.450750505,Uninterrupted_Baseline,393
1790326468.507121165,Uninterrupted_Baseline,393
1790326468.587800057,Uninterrupted_Baseline,394
1790326468.660714396,Uninterrupted_Baseline,394
1790326468.736024112,Uninterrupted_Baseline,395
1790326468.817979406,Uninterrupted_Baseline,395
1790326468.902990492,Uninterrupted_Baseline,396
1790326468.987853505,Uninterrupted_Baseline,396
1790326469.068852356,Uninterrupted_Baseline,397
1790326469.148970208,Uninterrupted_Baseline,397
1790326469.212493988,Uninterrupted_Baseline,397
1790326469.283642558,Uninterrupted_Baseline,398
1790326469.368481825,Uninterrupted_Baseline,398
1790326469.440711305,Uninterrupted_Baseline,399
1790326469.508763610,Uninterrupted_Baseline,399
1790326469.575186325,Uninterrupted_Baseline,400
1790326469.653225999,Uninterrupted_Baseline,400
1790326469.743455537,Uninterrupted_Baseline,401
1790326469.826506233,Uninterrupted_Baseline,401
1790326469.910010988,Uninterrupted_Baseline,401
1790326469.992299046,Uninterrupted_Baseline,402
1790326470.071704930,Uninterrupted_Baseline,402
1790326470.151738233,Uninterrupted_Baseline,403
1790326470.230818471,Uninterrupted_Baseline,403
1790326470.311932762,Uninterrupted_Baseline,404
1790326470.399204384,Uninterrupted_Baseline,404
1790326470.482316400,Uninterrupted_Baseline,405
1790326470.556746624,Uninterrupted_Baseline,405
1790326470.610344607,Uninterrupted_Baseline,405
1790326470.688521595,Uninterrupted_Baseline,406
1790326470.772782517,Uninterrupted_Baseline,406
1790326470.852825518,Uninterrupted_Baseline,407
1790326470.911014081,Uninterrupted_Baseline,407
1790326470.994415781,Uninterrupted_Baseline,408
1790326471.076329535,Uninterrupted_Baseline,408
1790326471.158951931,Uninterrupted_Baseline,409
1790326471.240083964,Uninterrupted_Baseline,409
1790326471.325126598,Uninterrupted_Baseline,410
1790326471.406642994,Uninterrupted_Baseline,410
1790326471.490426447,Uninterrupted_Baseline,411
1790326471.569158181,Uninterrupted_Baseline,411
1790326471.653338481,Uninterrupted_Baseline,411
1790326471.737820125,Uninterrupted_Baseline,412
1790326471.818502898,Uninterrupted_Baseline,412
1790326471.901599085,Uninterrupted_Baseline,413
1790326471.981415130,Uninterrupted_Baseline,413
1790326472.063833439,Uninterrupted_Baseline,414
1790326472.136104706,Uninterrupted_Baseline,414
1790326472.220887273,Uninterrupted_Baseline,415
1790326472.297696843,Uninterrupted_Baseline,415
1790326472.380947616,Uninterrupted_Baseline,416
1790326472.462821075,Uninterrupted_Baseline,416
1790326472.546622102,Uninterrupted_Baseline,417
1790326472.631024732,Uninterrupted_Baseline,417
1790326472.708900968,Uninterrupted_Baseline,418
1790326472.793233572,Uninterrupted_Baseline,418
1790326472.873008717,Uninterrupted_Baseline,419
1790326472.958623435,Uninterrupted_Baseline,419
1790326473.037451050,Uninterrupted_Baseline,419
1790326473.112517063,Uninterrupted_Baseline,420
1790326473.199285442,Uninterrupted_Baseline,420
1790326473.283625559,Uninterrupted_Baseline,421
1790326473.367554297,Uninterrupted_Baseline,421
1790326473.446318287,Uninterrupted_Baseline,422
1790326473.527969108,Uninterrupted_Baseline,422
1790326473.610591845,Uninterrupted_Baseline,423
1790326473.688953647,Uninterrupted_Baseline,423
1790326473.765829111,Uninterrupted_Baseline,424
1790326473.850177055,Uninterrupted_Baseline,424
1790326473.929175882,Uninterrupted_Baseline,425
1790326474.011630910,Uninterrupted_Baseline,425
1790326474.086995757,Uninterrupted_Baseline,426
1790326474.169901653,Uninterrupted_Baseline,426
1790326474.258292215,Uninterrupted_Baseline,427
1790326474.342374660,Uninterrupted_Baseline,427
1790326474.430691141,Uninterrupted_Baseline,428
1790326474.518340385,Uninterrupted_Baseline,428
1790326474.609234231,Uninterrupted_Baseline,429
1790326474.696872621,Uninterrupted_Baseline,429
1790326474.789745219,Uninterrupted_Baseline,430
1790326474.866936844,Uninterrupted_Baseline,430
1790326474.957773344,Uninterrupted_Baseline,431
1790326475.014979592,Uninterrupted_Baseline,431
1790326475.076515196,Uninterrupted_Baseline,431
1790326475.156504507,Uninterrupted_Baseline,432
1790326475.241943935,Uninterrupted_Baseline,432
1790326475.327749112,Uninterrupted_Baseline,433
1790326475.414800726,Uninterrupted_Baseline,433
1790326475.505028697,Uninterrupted_Baseline,434
1790326475.588002930,Uninterrupted_Baseline,434
1790326475.672174427,Uninterrupted_Baseline,435
1790326475.757129811,Uninterrupted_Baseline,435
1790326475.840021565,Uninterrupted_Baseline,436
1790326475.922143682,Uninterrupted_Baseline,436
1790326476.009454568,Uninterrupted_Baseline,437
1790326476.093621224,Uninterrupted_Baseline,437
1790326476.172947653,Uninterrupted_Baseline,438
1790326476.256835007,Uninterrupted_Baseline,438
1790326476.338199871,Uninterrupted_Baseline,438
1790326476.420950769,Uninterrupted_Baseline,439
1790326476.508276071,Uninterrupted_Baseline,439
1790326476.586904817,Uninterrupted_Baseline,440
1790326476.670684361,Uninterrupted_Baseline,440
1790326476.750640396,Uninterrupted_Baseline,441
1790326476.835256637,Uninterrupted_Baseline,441
1790326476.903146643,Uninterrupted_Baseline,442
1790326476.964000440,Uninterrupted_Baseline,442
1790326477.040438634,Uninterrupted_Baseline,442
1790326477.110641655,Uninterrupted_Baseline,443
1790326477.187290119,Uninterrupted_Baseline,443
1790326477.260183972,Uninterrupted_Baseline,444
1790326477.342438956,Uninterrupted_Baseline,444
1790326477.422301610,Uninterrupted_Baseline,445
1790326477.505508873,Uninterrupted_Baseline,445
1790326477.591727617,Uninterrupted_Baseline,446
1790326477.677713562,Uninterrupted_Baseline,446
1790326477.767316670,Uninterrupted_Baseline,447
1790326477.848898914,Uninterrupted_Baseline,447
1790326477.931344217,Uninterrupted_Baseline,448
1790326478.008863784,Uninterrupted_Baseline,448
1790326478.081933449,Uninterrupted_Baseline,449
1790326478.164714767,Uninterrupted_Baseline,449
1790326478.245390187,Uninterrupted_Baseline,449
1790326478.306235196,Uninterrupted_Baseline,450
1790326478.382812045,Uninterrupted_Baseline,450
1790326478.449116325,Uninterrupted_Baseline,451
1790326478.499212258,Uninterrupted_Baseline,451
1790326478.563391763,Uninterrupted_Baseline,451
1790326478.637131257,Uninterrupted_Baseline,452
1790326478.707959035,Uninterrupted_Baseline,452
1790326478.784939772,Uninterrupted_Baseline,453
1790326478.868797545,Uninterrupted_Baseline,453
1790326478.949092674,Uninterrupted_Baseline,454
1790326479.033861781,Uninterrupted_Baseline,454
1790326479.119156573,Uninterrupted_Baseline,455
1790326479.186941510,Uninterrupted_Baseline,455
1790326479.248353051,Uninterrupted_Baseline,455
1790326479.327175770,Uninterrupted_Baseline,456
1790326479.412108920,Uninterrupted_Baseline,456
1790326479.491862843,Uninterrupted_Baseline,457
1790326479.574408329,Uninterrupted_Baseline,457
1790326479.657203557,Uninterrupted_Baseline,458
1790326479.736445744,Uninterrupted_Baseline,458
1790326479.798908834,Uninterrupted_Baseline,458
1790326479.882588126,Uninterrupted_Baseline,459
1790326479.967172486,Uninterrupted_Baseline,459
1790326480.047290777,Uninterrupted_Baseline,460
1790326480.125746070,Uninterrupted_Baseline,460
1790326480.207312511,Uninterrupted_Baseline,461
1790326480.291495061,Uninterrupted_Baseline,461
1790326480.367905472,Uninterrupted_Baseline,462
1790326480.448480015,Uninterrupted_Baseline,462
1790326480.516192634,Uninterrupted_Baseline,463
1790326480.572065598,Uninterrupted_Baseline,463
1790326480.645049858,Uninterrupted_Baseline,463
1790326480.733833218,Uninterrupted_Baseline,464
1790326480.819439049,Uninterrupted_Baseline,464
1790326480.896407513,Uninterrupted_Baseline,465
1790326480.980273099,Uninterrupted_Baseline,465
1790326481.068919987,Uninterrupted_Baseline,466
1790326481.118938854,Uninterrupted_Baseline,466
1790326481.179361387,Uninterrupted_Baseline,466
1790326481.247821196,Uninterrupted_Baseline,467
1790326481.325032545,Uninterrupted_Baseline,467
1790326481.413810884,Uninterrupted_Baseline,468
1790326481.498210590,Uninterrupted_Baseline,468
1790326481.578514570,Uninterrupted_Baseline,469
1790326481.641232946,Uninterrupted_Baseline,469
1790326481.726750118,Uninterrupted_Baseline,470
1790326481.804179538,Uninterrupted_Baseline,470
1790326481.883463896,Uninterrupted_Baseline,470
1790326481.967157566,Uninterrupted_Baseline,471
1790326482.057832641,Uninterrupted_Baseline,471
1790326482.139533293,Uninterrupted_Baseline,472
1790326482.220139911,Uninterrupted_Baseline,472
1790326482.285835749,Uninterrupted_Baseline,473
1790326482.372228222,Uninterrupted_Baseline,473
1790326482.453544859,Uninterrupted_Baseline,474
1790326482.536738348,Uninterrupted_Baseline,474
1790326482.620021300,Uninterrupted_Baseline,475
1790326482.706263006,Uninterrupted_Baseline,475
1790326482.785789705,Uninterrupted_Baseline,476
1790326482.862526639,Uninterrupted_Baseline,476
1790326482.936902410,Uninterrupted_Baseline,477
1790326483.017305237,Uninterrupted_Baseline,477
1790326483.080832174,Uninterrupted_Baseline,477
1790326483.152457561,Uninterrupted_Baseline,478
1790326483.222525662,Uninterrupted_Baseline,478
1790326483.304608055,Uninterrupted_Baseline,479
1790326483.386015892,Uninterrupted_Baseline,479
1790326483.465458544,Uninterrupted_Baseline,480
1790326483.556783449,Uninterrupted_Baseline,480
1790326483.643488439,Uninterrupted_Baseline,481
1790326483.712083330,Uninterrupted_Baseline,481
1790326483.796535508,Uninterrupted_Baseline,482
1790326483.881033264,Uninterrupted_Baseline,482
1790326483.965043649,Uninterrupted_Baseline,482
1790326484.053711902,Uninterrupted_Baseline,483
1790326484.117699281,Uninterrupted_Baseline,483
1790326484.206387585,Uninterrupted_Baseline,484
1790326484.293525949,Uninterrupted_Baseline,485
1790326484.379225746,Uninterrupted_Baseline,485
1790326484.463998873,Uninterrupted_Baseline,486
1790326484.547143165,Uninterrupted_Baseline,486
1790326484.631310741,Uninterrupted_Baseline,487
1790326484.720385553,Uninterrupted_Baseline,487
1790326484.804517478,Uninterrupted_Baseline,487
1790326484.878413361,Uninterrupted_Baseline,488
1790326484.944358174,Uninterrupted_Baseline,488
1790326485.039544282,Uninterrupted_Baseline,489
1790326485.091504852,Uninterrupted_Baseline,489
1790326485.174202504,Uninterrupted_Baseline,490
1790326485.254111011,Uninterrupted_Baseline,490
1790326485.331688784,Uninterrupted_Baseline,491
1790326485.407128111,Uninterrupted_Baseline,491
1790326485.485870860,Uninterrupted_Baseline,491
1790326485.567929607,Uninterrupted_Baseline,492
1790326485.647540184,Uninterrupted_Baseline,492
1790326485.729101070,Uninterrupted_Baseline,493
1790326485.813141474,Uninterrupted_Baseline,493
1790326485.891803810,Uninterrupted_Baseline,494
1790326485.970967612,Uninterrupted_Baseline,494
1790326486.053709863,Uninterrupted_Baseline,495
1790326486.135293526,Uninterrupted_Baseline,495
1790326486.211524011,Uninterrupted_Baseline,496
1790326486.292976910,Uninterrupted_Baseline,496
1790326486.363102058,Uninterrupted_Baseline,496
1790326486.446784157,Uninterrupted_Baseline,497
1790326486.530473869,Uninterrupted_Baseline,497
1790326486.612870460,Uninterrupted_Baseline,498
1790326486.696034360,Uninterrupted_Baseline,498
1790326486.782093211,Uninterrupted_Baseline,499
1790326486.867804957,Uninterrupted_Baseline,499
1790326486.949049110,Uninterrupted_Baseline,500
1790326487.027280203,Uninterrupted_Baseline,500
1790326487.113197132,Uninterrupted_Baseline,501
1790326487.198151734,Uninterrupted_Baseline,501
1790326487.261449731,Uninterrupted_Baseline,502
1790326487.342211115,Uninterrupted_Baseline,502
1790326487.425512188,Uninterrupted_Baseline,503
1790326487.506133761,Uninterrupted_Baseline,503
1790326487.587157821,Uninterrupted_Baseline,504
1790326487.665080757,Uninterrupted_Baseline,504
1790326487.733421435,Uninterrupted_Baseline,504
1790326487.814113515,Uninterrupted_Baseline,505
1790326487.892456448,Uninterrupted_Baseline,505
1790326487.972539167,Uninterrupted_Baseline,506
1790326488.043497069,Uninterrupted_Baseline,506
1790326488.132163302,Uninterrupted_Baseline,507
1790326488.214379028,Uninterrupted_Baseline,507
1790326488.289931341,Uninterrupted_Baseline,508
1790326488.354131092,Uninterrupted_Baseline,508
1790326488.433836237,Uninterrupted_Baseline,508
1790326488.486752545,Uninterrupted_Baseline,509
1790326488.540392926,Uninterrupted_Baseline,509
1790326488.605299597,Uninterrupted_Baseline,509
1790326488.690898882,Uninterrupted_Baseline,510
1790326488.776347647,Uninterrupted_Baseline,510
1790326488.864902896,Uninterrupted_Baseline,511
1790326488.947424435,Uninterrupted_Baseline,511
1790326489.036806207,Uninterrupted_Baseline,512
1790326489.128597755,Uninterrupted_Baseline,512
1790326489.208887804,Uninterrupted_Baseline,513
1790326489.284020154,Uninterrupted_Baseline,513
1790326489.359487230,Uninterrupted_Baseline,514
1790326489.441972611,Uninterrupted_Baseline,514
1790326489.525351041,Uninterrupted_Baseline,515
1790326489.610855400,Uninterrupted_Baseline,515
1790326489.697506475,Uninterrupted_Baseline,516
1790326489.781623430,Uninterrupted_Baseline,516
1790326489.858355165,Uninterrupted_Baseline,517
1790326489.938127977,Uninterrupted_Baseline,517
1790326490.017500340,Uninterrupted_Baseline,518
1790326490.100730030,Uninterrupted_Baseline,518
1790326490.179188913,Uninterrupted_Baseline,519
1790326490.262960280,Uninterrupted_Baseline,519
1790326490.346938878,Uninterrupted_Baseline,519
1790326490.428358409,Uninterrupted_Baseline,520
1790326490.509621948,Uninterrupted_Baseline,520
1790326490.594305014,Uninterrupted_Baseline,521
1790326490.671162575,Uninterrupted_Baseline,521
1790326490.752360828,Uninterrupted_Baseline,522
1790326490.832859218,Uninterrupted_Baseline,522
1790326490.915175977,Uninterrupted_Baseline,523
1790326490.995522311,Uninterrupted_Baseline,523
1790326491.075060008,Uninterrupted_Baseline,524
1790326491.156792151,Uninterrupted_Baseline,524
1790326491.241819101,Uninterrupted_Baseline,525
1790326491.317607405,Uninterrupted_Baseline,525
1790326491.396024023,Uninterrupted_Baseline,526
1790326491.472295338,Uninterrupted_Baseline,526
1790326491.554850383,Uninterrupted_Baseline,527
1790326491.636546052,Uninterrupted_Baseline,527
1790326491.717934836,Uninterrupted_Baseline,527
1790326491.799989581,Uninterrupted_Baseline,528
1790326491.881432082,Uninterrupted_Baseline,528
1790326491.962228765,Uninterrupted_Baseline,529
1790326492.039248773,Uninterrupted_Baseline,529
1790326492.117879410,Uninterrupted_Baseline,530
1790326492.201330461,Uninterrupted_Baseline,530
1790326492.287094482,Uninterrupted_Baseline,531
1790326492.362622996,Uninterrupted_Baseline,531
1790326492.439940406,Uninterrupted_Baseline,532
1790326492.524472825,Uninterrupted_Baseline,532
1790326492.610869250,Uninterrupted_Baseline,533
1790326492.700933861,Uninterrupted_Baseline,533
1790326492.769974873,Uninterrupted_Baseline,534
1790326492.856979316,Uninterrupted_Baseline,534
1790326492.943378658,Uninterrupted_Baseline,535
1790326493.028133619,Uninterrupted_Baseline,535
1790326493.115481566,Uninterrupted_Baseline,536
1790326493.198446035,Uninterrupted_Baseline,536
1790326493.282797124,Uninterrupted_Baseline,537
1790326493.369848182,Uninterrupted_Baseline,537
1790326493.460357745,Uninterrupted_Baseline,538
1790326493.541245598,Uninterrupted_Baseline,538
1790326493.627253093,Uninterrupted_Baseline,538
1790326493.715638175,Uninterrupted_Baseline,539
1790326493.809416641,Uninterrupted_Baseline,540
1790326493.891328156,Uninterrupted_Baseline,540
1790326493.979455497,Uninterrupted_Baseline,541
1790326494.067604444,Uninterrupted_Baseline,541
1790326494.152470114,Uninterrupted_Baseline,542
1790326494.233695285,Uninterrupted_Baseline,542
1790326494.315713211,Uninterrupted_Baseline,542
1790326494.401238820,Uninterrupted_Baseline,543
1790326494.484273186,Uninterrupted_Baseline,543
1790326494.570904996,Uninterrupted_Baseline,544
1790326494.654256499,Uninterrupted_Baseline,544
1790326494.738613009,Uninterrupted_Baseline,545
1790326494.821526628,Uninterrupted_Baseline,545
1790326494.890990527,Uninterrupted_Baseline,546
1790326494.976864504,Uninterrupted_Baseline,546
1790326495.064741562,Uninterrupted_Baseline,547
1790326495.146162166,Uninterrupted_Baseline,547
1790326495.233143959,Uninterrupted_Baseline,548
1790326495.316188143,Uninterrupted_Baseline,548
1790326495.402523471,Uninterrupted_Baseline,549
1790326495.488842039,Uninterrupted_Baseline,549
1790326495.572831146,Uninterrupted_Baseline,550
1790326495.658204697,Uninterrupted_Baseline,550
1790326495.745172514,Uninterrupted_Baseline,551
1790326495.833241496,Uninterrupted_Baseline,551
1790326495.914717428,Uninterrupted_Baseline,552
1790326495.998965348,Uninterrupted_Baseline,552
1790326496.082545454,Uninterrupted_Baseline,553
1790326496.165973039,Uninterrupted_Baseline,553
1790326496.255904566,Uninterrupted_Baseline,554
1790326496.319318060,Uninterrupted_Baseline,554
1790326496.371786760,Uninterrupted_Baseline,554
1790326496.444013312,Uninterrupted_Baseline,555
1790326496.526901870,Uninterrupted_Baseline,555
1790326496.605393132,Uninterrupted_Baseline,556
1790326496.687535902,Uninterrupted_Baseline,556
1790326496.774882324,Uninterrupted_Baseline,557
1790326496.860483494,Uninterrupted_Baseline,557
1790326496.943896660,Uninterrupted_Baseline,558
1790326497.031323987,Uninterrupted_Baseline,558
1790326497.114631225,Uninterrupted_Baseline,559
1790326497.203547780,Uninterrupted_Baseline,559
1790326497.285521051,Uninterrupted_Baseline,560
1790326497.369410094,Uninterrupted_Baseline,560
1790326497.462222174,Uninterrupted_Baseline,561
1790326497.549351007,Uninterrupted_Baseline,561
1790326497.635797126,Uninterrupted_Baseline,562
1790326497.718205555,Uninterrupted_Baseline,562
1790326497.775199217,Uninterrupted_Baseline,562
1790326497.829409174,Uninterrupted_Baseline,563
1790326497.898149440,Uninterrupted_Baseline,563
1790326497.958870301,Uninterrupted_Baseline,564
1790326498.035176170,Uninterrupted_Baseline,564
1790326498.099029498,Uninterrupted_Baseline,564
1790326498.182229554,Uninterrupted_Baseline,565
1790326498.262483937,Uninterrupted_Baseline,565
1790326498.334074844,Uninterrupted_Baseline,566
1790326498.416863953,Uninterrupted_Baseline,566
1790326498.466878020,Uninterrupted_Baseline,566
1790326498.532504158,Uninterrupted_Baseline,567
1790326498.601976965,Uninterrupted_Baseline,567
1790326498.683631767,Uninterrupted_Baseline,568
1790326498.764926555,Uninterrupted_Baseline,568
1790326498.847760954,Uninterrupted_Baseline,569
1790326498.930707462,Uninterrupted_Baseline,569
1790326499.017352266,Uninterrupted_Baseline,570
1790326499.097101299,Uninterrupted_Baseline,570
1790326499.173087952,Uninterrupted_Baseline,571
1790326499.239265557,Uninterrupted_Baseline,571
1790326499.318634789,Uninterrupted_Baseline,571
1790326499.403174133,Uninterrupted_Baseline,572
1790326499.486717592,Uninterrupted_Baseline,572
1790326499.566679419,Uninterrupted_Baseline,573
1790326499.647509873,Uninterrupted_Baseline,573
1790326499.723215839,Uninterrupted_Baseline,574
1790326499.782322629,Uninterrupted_Baseline,574
1790326499.862903060,Uninterrupted_Baseline,575
1790326499.940838892,Uninterrupted_Baseline,575
1790326500.024444373,Uninterrupted_Baseline,575
1790326500.107627020,Uninterrupted_Baseline,576
1790326500.191240055,Uninterrupted_Baseline,577
1790326500.273538818,Uninterrupted_Baseline,577
1790326500.352605111,Uninterrupted_Baseline,577
1790326500.436019431,Uninterrupted_Baseline,578
1790326500.516812508,Uninterrupted_Baseline,578
1790326500.570096724,Uninterrupted_Baseline,579
1790326500.656475257,Uninterrupted_Baseline,579
1790326500.737997917,Uninterrupted_Baseline,580
1790326500.816140000,Uninterrupted_Baseline,580
1790326500.891840978,Uninterrupted_Baseline,581
1790326500.972238920,Uninterrupted_Baseline,581
1790326501.056992192,Uninterrupted_Baseline,581
1790326501.135435373,Uninterrupted_Baseline,582
1790326501.218009928,Uninterrupted_Baseline,582
1790326501.297267848,Uninterrupted_Baseline,583
1790326501.360328480,Uninterrupted_Baseline,583
1790326501.441470735,Uninterrupted_Baseline,584
1790326501.530491727,Uninterrupted_Baseline,584
1790326501.616711393,Uninterrupted_Baseline,585
1790326501.702251956,Uninterrupted_Baseline,585
1790326501.787344768,Uninterrupted_Baseline,586
1790326501.858014629,Uninterrupted_Baseline,586
1790326501.939915584,Uninterrupted_Baseline,587
1790326502.021245747,Uninterrupted_Baseline,587
1790326502.091378334,Uninterrupted_Baseline,587
1790326502.173288053,Uninterrupted_Baseline,588
1790326502.238592414,Uninterrupted_Baseline,588
1790326502.306006901,Uninterrupted_Baseline,589
1790326502.367966152,Uninterrupted_Baseline,589
1790326502.445171727,Uninterrupted_Baseline,590
1790326502.534063629,Uninterrupted_Baseline,590
1790326502.608437275,Uninterrupted_Baseline,590
1790326502.691227973,Uninterrupted_Baseline,591
1790326514.662515160,Phase1_Baseline,10
1790326514.755521035,Phase1_Baseline,10
1790326514.838090265,Phase1_Baseline,20
1790326514.928098012,Phase1_Baseline,32
1790326515.001896511,Phase1_Baseline,40
1790326515.061035308,Phase1_Baseline,40
1790326515.127181040,Phase1_Baseline,80
1790326515.207529598,Phase1_Baseline,80
1790326515.293912684,Phase1_Baseline,160
1790326515.359503010,Phase1_Baseline,160
1790326515.425128238,Phase1_Baseline,204
1790326515.513997640,Phase1_Baseline,320
1790326515.605630963,Phase1_Baseline,441
1790326515.687179095,Phase1_Baseline,640
1790326515.760761467,Phase1_Baseline,744
1790326515.841512492,Phase1_Baseline,1081
1790326515.927137822,Phase1_Baseline,936
1790326516.011028436,Phase1_Baseline,756
1790326516.087480778,Phase1_Baseline,598
1790326516.164797947,Phase1_Baseline,548
1790326516.243353726,Phase1_Baseline,548
1790326516.323500523,Phase1_Baseline,453
1790326516.389929474,Phase1_Baseline,320
1790326516.461193960,Phase1_Baseline,274
1790326516.542811022,Phase1_Baseline,274
1790326516.621386814,Phase1_Baseline,275
1790326516.707383876,Phase1_Baseline,275
1790326516.786951661,Phase1_Baseline,276
1790326516.874875153,Phase1_Baseline,276
1790326516.960625324,Phase1_Baseline,277
1790326517.049777127,Phase1_Baseline,277
1790326517.142155314,Phase1_Baseline,278
1790326517.231127141,Phase1_Baseline,278
1790326517.316796470,Phase1_Baseline,279
1790326517.397291850,Phase1_Baseline,279
1790326517.481948211,Phase1_Baseline,280
1790326517.560719785,Phase1_Baseline,280
1790326517.649375024,Phase1_Baseline,281
1790326517.730517698,Phase1_Baseline,281
1790326517.811726784,Phase1_Baseline,282
1790326517.893957917,Phase1_Baseline,282
1790326517.971635637,Phase1_Baseline,283
1790326518.047087484,Phase1_Baseline,283
1790326518.109213455,Phase1_Baseline,284
1790326518.193979136,Phase1_Baseline,284
1790326518.275296659,Phase1_Baseline,285
1790326518.361866184,Phase1_Baseline,285
1790326518.439271438,Phase1_Baseline,286
1790326518.493384695,Phase1_Baseline,286
1790326518.558031164,Phase1_Baseline,286
1790326518.633969089,Phase1_Baseline,287
1790326518.710138644,Phase1_Baseline,287
1790326518.790093125,Phase1_Baseline,288
1790326518.874408797,Phase1_Baseline,288
1790326518.941449359,Phase1_Baseline,289
1790326519.025628421,Phase1_Baseline,289
1790326519.111869806,Phase1_Baseline,290
1790326519.193005168,Phase1_Baseline,290
1790326519.269215573,Phase1_Baseline,291
1790326519.345686541,Phase1_Baseline,291
1790326519.421324704,Phase1_Baseline,292
1790326519.499985172,Phase1_Baseline,292
1790326519.585596214,Phase1_Baseline,293
1790326519.661449862,Phase1_Baseline,293
1790326519.745829063,Phase1_Baseline,294
1790326519.829720145,Phase1_Baseline,294
1790326519.912585149,Phase1_Baseline,295
1790326519.991977360,Phase1_Baseline,295
1790326520.071628957,Phase1_Baseline,295
1790326520.152741417,Phase1_Baseline,296
1790326520.236326449,Phase1_Baseline,296
1790326520.319199648,Phase1_Baseline,297
1790326520.384454034,Phase1_Baseline,297
1790326520.462292003,Phase1_Baseline,298
1790326520.531316335,Phase1_Baseline,298
1790326520.598160865,Phase1_Baseline,299
1790326520.683527281,Phase1_Baseline,299
1790326520.755383801,Phase1_Baseline,299
1790326520.833175765,Phase1_Baseline,300
1790326520.915213465,Phase1_Baseline,300
1790326520.999493367,Phase1_Baseline,301
1790326521.090157265,Phase1_Baseline,302
1790326521.179611963,Phase1_Baseline,302
1790326521.265688740,Phase1_Baseline,302
1790326521.326530389,Phase1_Baseline,303
1790326521.400072996,Phase1_Baseline,303
1790326521.479541125,Phase1_Baseline,304
1790326521.553841567,Phase1_Baseline,304
1790326521.646106396,Phase1_Baseline,305
1790326521.721469388,Phase1_Baseline,305
1790326521.798281077,Phase1_Baseline,306
1790326521.861480179,Phase1_Baseline,306
1790326521.947169045,Phase1_Baseline,306
1790326522.038292746,Phase1_Baseline,307
1790326522.109620770,Phase1_Baseline,308
1790326522.193695930,Phase1_Baseline,308
1790326522.286928096,Phase1_Baseline,309
1790326522.377093166,Phase1_Baseline,309
1790326522.446537606,Phase1_Baseline,310
1790326522.532765727,Phase1_Baseline,310
1790326522.615623480,Phase1_Baseline,310
1790326522.691197758,Phase1_Baseline,311
1790326522.765838280,Phase1_Baseline,311
1790326522.836750878,Phase1_Baseline,312
1790326522.918048511,Phase1_Baseline,312
1790326522.984071559,Phase1_Baseline,313
1790326523.067307336,Phase1_Baseline,313
1790326523.150643084,Phase1_Baseline,314
1790326523.230192505,Phase1_Baseline,314
1790326523.311350292,Phase1_Baseline,315
1790326523.377390478,Phase1_Baseline,315
1790326523.447364664,Phase1_Baseline,315
1790326523.532866529,Phase1_Baseline,316
1790326523.615888579,Phase1_Baseline,316
1790326523.700752811,Phase1_Baseline,317
1790326523.781987130,Phase1_Baseline,317
1790326523.864374813,Phase1_Baseline,318
1790326523.939388610,Phase1_Baseline,318
1790326524.011159254,Phase1_Baseline,319
1790326524.090097135,Phase1_Baseline,319
1790326524.161494629,Phase1_Baseline,320
1790326524.236695289,Phase1_Baseline,320
1790326524.323958794,Phase1_Baseline,320
1790326524.404044536,Phase1_Baseline,321
1790326524.482504955,Phase1_Baseline,321
1790326524.548223828,Phase1_Baseline,322
1790326524.623294051,Phase1_Baseline,322
1790326524.703873943,Phase1_Baseline,323
1790326524.784922327,Phase1_Baseline,323
1790326524.858693461,Phase1_Baseline,324
1790326524.932594194,Phase1_Baseline,324
1790326525.028232717,Phase1_Baseline,325
1790326525.081398356,Phase1_Baseline,325
1790326525.143501125,Phase1_Baseline,325
1790326525.209681151,Phase1_Baseline,326
1790326525.272987568,Phase1_Baseline,326
1790326525.339266616,Phase1_Baseline,326
1790326525.396956845,Phase1_Baseline,327
1790326525.475985073,Phase1_Baseline,327
1790326525.555950218,Phase1_Baseline,328
1790326525.637232431,Phase1_Baseline,328
1790326525.717782427,Phase1_Baseline,329
1790326525.802155541,Phase1_Baseline,329
1790326525.873512011,Phase1_Baseline,330
1790326525.942428093,Phase1_Baseline,330
1790326526.016440791,Phase1_Baseline,330
1790326526.089688564,Phase1_Baseline,331
1790326526.157811847,Phase1_Baseline,331
1790326526.239207331,Phase1_Baseline,332
1790326526.311269701,Phase1_Baseline,332
1790326526.384461997,Phase1_Baseline,332
1790326526.446901764,Phase1_Baseline,333
1790326526.530375053,Phase1_Baseline,333
1790326526.614043228,Phase1_Baseline,334
1790326526.685439254,Phase1_Baseline,334
1790326526.769311063,Phase1_Baseline,335
1790326526.857092589,Phase1_Baseline,335
1790326526.940245809,Phase1_Baseline,336
1790326527.026585551,Phase1_Baseline,336
1790326527.103638600,Phase1_Baseline,337
1790326527.186541697,Phase1_Baseline,337
1790326527.254932463,Phase1_Baseline,338
1790326527.344960450,Phase1_Baseline,338
1790326527.423388866,Phase1_Baseline,339
1790326527.495253519,Phase1_Baseline,339
1790326527.578073404,Phase1_Baseline,339
1790326527.662468296,Phase1_Baseline,340
1790326527.744501406,Phase1_Baseline,340
1790326527.824893326,Phase1_Baseline,341
1790326527.905404862,Phase1_Baseline,341
1790326527.982307177,Phase1_Baseline,342
1790326528.049539192,Phase1_Baseline,342
1790326528.134081316,Phase1_Baseline,343
1790326528.224842052,Phase1_Baseline,343
1790326528.282496269,Phase1_Baseline,343
1790326528.347184588,Phase1_Baseline,344
1790326528.423090519,Phase1_Baseline,344
1790326528.478425248,Phase1_Baseline,345
1790326528.534333549,Phase1_Baseline,345
1790326528.590385510,Phase1_Baseline,345
1790326528.653626395,Phase1_Baseline,346
1790326528.729637504,Phase1_Baseline,346
1790326528.799577574,Phase1_Baseline,346
1790326528.879222442,Phase1_Baseline,347
1790326528.962108902,Phase1_Baseline,347
1790326529.042461149,Phase1_Baseline,348
1790326529.116625630,Phase1_Baseline,348
1790326529.183508704,Phase1_Baseline,349
1790326529.261094355,Phase1_Baseline,349
1790326529.348808575,Phase1_Baseline,350
1790326529.423139012,Phase1_Baseline,350
1790326529.500575701,Phase1_Baseline,350
1790326529.575799368,Phase1_Baseline,351
1790326529.660164130,Phase1_Baseline,351
1790326529.738463033,Phase1_Baseline,352
1790326529.792924929,Phase1_Baseline,352
1790326529.876960357,Phase1_Baseline,353
1790326529.959347777,Phase1_Baseline,353
1790326530.046031877,Phase1_Baseline,354
1790326530.133392763,Phase1_Baseline,354
1790326530.216726951,Phase1_Baseline,355
1790326530.297877688,Phase1_Baseline,355
1790326530.380345027,Phase1_Baseline,356
1790326530.464003919,Phase1_Baseline,356
1790326530.543625686,Phase1_Baseline,356
1790326530.625714457,Phase1_Baseline,357
1790326530.706802809,Phase1_Baseline,357
1790326530.788396509,Phase1_Baseline,358
1790326530.869748695,Phase1_Baseline,358
1790326530.950020996,Phase1_Baseline,359
1790326531.022054820,Phase1_Baseline,359
1790326531.086273373,Phase1_Baseline,360
1790326531.157381679,Phase1_Baseline,360
1790326531.234488462,Phase1_Baseline,361
1790326531.312002614,Phase1_Baseline,361
1790326531.382325844,Phase1_Baseline,361
1790326531.462181883,Phase1_Baseline,362
1790326531.543993621,Phase1_Baseline,362
1790326531.627499821,Phase1_Baseline,363
1790326531.710452290,Phase1_Baseline,363
1790326531.789754069,Phase1_Baseline,364
1790326531.855306386,Phase1_Baseline,364
1790326531.921151557,Phase1_Baseline,364
1790326531.995039947,Phase1_Baseline,365
1790326532.059955227,Phase1_Baseline,365
1790326532.140939143,Phase1_Baseline,366
1790326532.222995893,Phase1_Baseline,366
1790326532.293808737,Phase1_Baseline,367
1790326532.378614747,Phase1_Baseline,367
1790326532.458959134,Phase1_Baseline,368
1790326532.537490550,Phase1_Baseline,368
1790326532.615367436,Phase1_Baseline,368
1790326532.703140891,Phase1_Baseline,369
1790326532.785086091,Phase1_Baseline,369
1790326532.867178933,Phase1_Baseline,370
1790326532.953141361,Phase1_Baseline,370
1790326533.027053070,Phase1_Baseline,371
1790326533.109251415,Phase1_Baseline,371
1790326533.189146415,Phase1_Baseline,372
1790326533.271965364,Phase1_Baseline,372
1790326533.332198613,Phase1_Baseline,373
1790326533.394131920,Phase1_Baseline,373
1790326533.479830620,Phase1_Baseline,373
1790326533.567109815,Phase1_Baseline,374
1790326533.647832502,Phase1_Baseline,374
1790326533.736497417,Phase1_Baseline,375
1790326533.818907548,Phase1_Baseline,375
1790326533.900636264,Phase1_Baseline,376
1790326533.984384252,Phase1_Baseline,376
1790326534.069194363,Phase1_Baseline,377
1790326534.151425856,Phase1_Baseline,377
1790326534.243727542,Phase1_Baseline,378
1790326534.312184530,Phase1_Baseline,378
1790326534.385936826,Phase1_Baseline,379
1790326534.465971086,Phase1_Baseline,379
1790326534.554876698,Phase1_Baseline,380
1790326534.639999553,Phase1_Baseline,380
1790326534.724484769,Phase1_Baseline,381
1790326534.809157009,Phase1_Baseline,381
1790326534.892243764,Phase1_Baseline,382
1790326534.963204924,Phase1_Baseline,382
1790326535.046038551,Phase1_Baseline,382
1790326535.122607526,Phase1_Baseline,383
1790326535.211361200,Phase1_Baseline,383
1790326535.287494400,Phase1_Baseline,384
1790326535.369590206,Phase1_Baseline,384
1790326535.448251238,Phase1_Baseline,385
1790326535.523879378,Phase1_Baseline,385
1790326535.595506063,Phase1_Baseline,386
1790326535.671890730,Phase1_Baseline,386
1790326535.750693620,Phase1_Baseline,386
1790326535.832360131,Phase1_Baseline,387
1790326535.912777357,Phase1_Baseline,387
1790326535.995937016,Phase1_Baseline,388
1790326536.079386313,Phase1_Baseline,388
1790326536.151382267,Phase1_Baseline,389
1790326536.242884401,Phase1_Baseline,389
1790326536.304832916,Phase1_Baseline,390
1790326536.375918401,Phase1_Baseline,390
1790326536.450517091,Phase1_Baseline,391
1790326536.527276910,Phase1_Baseline,391
1790326536.608642306,Phase1_Baseline,392
1790326536.689999085,Phase1_Baseline,392
1790326536.779838018,Phase1_Baseline,392
1790326536.844971139,Phase1_Baseline,393
1790326536.916425530,Phase1_Baseline,393
1790326536.991177319,Phase1_Baseline,394
1790326537.074700738,Phase1_Baseline,394
1790326537.158133720,Phase1_Baseline,395
1790326537.236968369,Phase1_Baseline,395
1790326537.323043797,Phase1_Baseline,396
1790326537.390517528,Phase1_Baseline,396
1790326537.466332950,Phase1_Baseline,396
1790326537.546406141,Phase1_Baseline,397
1790326537.626871752,Phase1_Baseline,397
1790326537.688021207,Phase1_Baseline,398
1790326537.764801995,Phase1_Baseline,398
1790326537.851064189,Phase1_Baseline,399
1790326537.932305840,Phase1_Baseline,399
1790326538.017564870,Phase1_Baseline,400
1790326538.087634546,Phase1_Baseline,400
1790326538.164839878,Phase1_Baseline,401
1790326538.244361833,Phase1_Baseline,401
1790326538.323223220,Phase1_Baseline,401
1790326538.403471839,Phase1_Baseline,402
1790326538.454379367,Phase1_Baseline,402
1790326538.509114053,Phase1_Baseline,403
1790326538.567362361,Phase1_Baseline,403
1790326538.627473793,Phase1_Baseline,403
1790326538.687006994,Phase1_Baseline,404
1790326538.774360464,Phase1_Baseline,404
1790326538.855958410,Phase1_Baseline,405
1790326538.943402553,Phase1_Baseline,405
1790326539.020453410,Phase1_Baseline,405
1790326539.100613926,Phase1_Baseline,406
1790326539.168877586,Phase1_Baseline,406
1790326539.237186945,Phase1_Baseline,407
1790326539.315977647,Phase1_Baseline,407
1790326539.403291791,Phase1_Baseline,408
1790326539.489079989,Phase1_Baseline,408
1790326539.568023630,Phase1_Baseline,409
1790326539.651285467,Phase1_Baseline,409
1790326539.730526068,Phase1_Baseline,410
1790326539.799735902,Phase1_Baseline,410
1790326539.868167029,Phase1_Baseline,410
1790326539.935861102,Phase1_Baseline,411
1790326540.006269149,Phase1_Baseline,411
1790326540.091388974,Phase1_Baseline,412
1790326540.147417340,Phase1_Baseline,412
1790326540.221329406,Phase1_Baseline,412
1790326540.301881921,Phase1_Baseline,413
1790326540.386121783,Phase1_Baseline,413
1790326540.454871322,Phase1_Baseline,414
1790326540.537122182,Phase1_Baseline,414
1790326540.614839138,Phase1_Baseline,415
1790326540.697167586,Phase1_Baseline,415
1790326540.777364317,Phase1_Baseline,416
1790326540.849129708,Phase1_Baseline,416
1790326540.921510823,Phase1_Baseline,416
1790326541.002418878,Phase1_Baseline,417
1790326541.077700305,Phase1_Baseline,417
1790326541.139378897,Phase1_Baseline,418
1790326541.214232400,Phase1_Baseline,418
1790326541.292744989,Phase1_Baseline,419
1790326541.359850842,Phase1_Baseline,419
1790326541.435313921,Phase1_Baseline,419
1790326541.517954302,Phase1_Baseline,420
1790326541.596208481,Phase1_Baseline,420
1790326541.680928202,Phase1_Baseline,421
1790326541.755120163,Phase1_Baseline,421
1790326541.839221798,Phase1_Baseline,422
1790326541.927114545,Phase1_Baseline,422
1790326542.009269385,Phase1_Baseline,423
1790326542.087111406,Phase1_Baseline,423
1790326542.171447849,Phase1_Baseline,424
1790326542.256170411,Phase1_Baseline,424
1790326542.333372650,Phase1_Baseline,425
1790326542.418369789,Phase1_Baseline,425
1790326542.503532791,Phase1_Baseline,426
1790326542.586095384,Phase1_Baseline,426
1790326542.673587293,Phase1_Baseline,427
1790326542.751819247,Phase1_Baseline,427
1790326542.843007549,Phase1_Baseline,428
1790326542.927813125,Phase1_Baseline,428
1790326543.012757873,Phase1_Baseline,428
1790326543.081795681,Phase1_Baseline,429
1790326543.148335373,Phase1_Baseline,429
1790326543.233722392,Phase1_Baseline,430
1790326543.317933778,Phase1_Baseline,430
1790326543.405637093,Phase1_Baseline,431
1790326543.487336420,Phase1_Baseline,431
1790326543.558225113,Phase1_Baseline,432
1790326543.635775791,Phase1_Baseline,432
1790326543.715271756,Phase1_Baseline,433
1790326543.795768384,Phase1_Baseline,433
1790326543.864871960,Phase1_Baseline,433
1790326543.947883600,Phase1_Baseline,434
1790326544.030807025,Phase1_Baseline,434
1790326544.114493549,Phase1_Baseline,435
1790326544.197380483,Phase1_Baseline,435
1790326544.272499457,Phase1_Baseline,436
1790326544.353252208,Phase1_Baseline,436
1790326544.426280711,Phase1_Baseline,437
1790326544.511069903,Phase1_Baseline,437
1790326544.596078972,Phase1_Baseline,438
1790326544.683431884,Phase1_Baseline,438
1790326544.765637351,Phase1_Baseline,439
1790326544.852981682,Phase1_Baseline,439
1790326544.942037956,Phase1_Baseline,440
1790326545.015233080,Phase1_Baseline,440
1790326545.072794881,Phase1_Baseline,440
1790326545.146440302,Phase1_Baseline,441
1790326545.230246430,Phase1_Baseline,441
1790326545.299686089,Phase1_Baseline,442
1790326545.377206117,Phase1_Baseline,442
1790326545.455748163,Phase1_Baseline,443
1790326545.536196145,Phase1_Baseline,443
1790326545.605409557,Phase1_Baseline,443
1790326545.685790227,Phase1_Baseline,444
1790326545.770296266,Phase1_Baseline,444
1790326545.854017951,Phase1_Baseline,445
1790326545.938474466,Phase1_Baseline,445
1790326546.025260437,Phase1_Baseline,446
1790326546.110809362,Phase1_Baseline,446
1790326546.197763999,Phase1_Baseline,447
1790326546.274187216,Phase1_Baseline,447
1790326546.335989302,Phase1_Baseline,448
1790326546.419345768,Phase1_Baseline,448
1790326546.506040502,Phase1_Baseline,449
1790326546.583947299,Phase1_Baseline,449
1790326546.660229943,Phase1_Baseline,450
1790326546.743990929,Phase1_Baseline,450
1790326546.829025043,Phase1_Baseline,450
1790326546.913760894,Phase1_Baseline,451
1790326546.999511946,Phase1_Baseline,451
1790326547.082062996,Phase1_Baseline,452
1790326547.163789350,Phase1_Baseline,452
1790326547.238895602,Phase1_Baseline,453
1790326547.315432811,Phase1_Baseline,453
1790326547.397156665,Phase1_Baseline,454
1790326547.480131129,Phase1_Baseline,454
1790326547.565208343,Phase1_Baseline,455
1790326547.647782464,Phase1_Baseline,455
1790326547.731273102,Phase1_Baseline,456
1790326547.813728539,Phase1_Baseline,456
1790326547.894246453,Phase1_Baseline,457
1790326547.977175378,Phase1_Baseline,457
1790326548.052684841,Phase1_Baseline,457
1790326548.116509693,Phase1_Baseline,458
1790326548.196613165,Phase1_Baseline,458
1790326548.275001186,Phase1_Baseline,459
1790326548.357249182,Phase1_Baseline,459
1790326548.426964747,Phase1_Baseline,460
1790326548.477735389,Phase1_Baseline,460
1790326548.531901395,Phase1_Baseline,460
1790326548.598238949,Phase1_Baseline,461
1790326548.657929256,Phase1_Baseline,461
1790326551.348056447,Phase2_Migrated,10
1790326551.439153224,Phase2_Migrated,10
1790326551.530338211,Phase2_Migrated,10
1790326551.617031197,Phase2_Migrated,20
1790326551.705769966,Phase2_Migrated,20
1790326551.794380235,Phase2_Migrated,40
1790326551.885521098,Phase2_Migrated,40
1790326551.980920506,Phase2_Migrated,80
1790326552.074857011,Phase2_Migrated,108
1790326552.170452325,Phase2_Migrated,160
1790326552.263925105,Phase2_Migrated,309
1790326552.352621856,Phase2_Migrated,320
1790326552.441191323,Phase2_Migrated,534
1790326552.534194448,Phase2_Migrated,640
1790326552.631581626,Phase2_Migrated,979
1790326552.727213952,Phase2_Migrated,955
1790326552.819807863,Phase2_Migrated,757
1790326552.906936013,Phase2_Migrated,573
1790326552.993231972,Phase2_Migrated,544
1790326553.076132697,Phase2_Migrated,544
1790326553.165978808,Phase2_Migrated,379
1790326553.260993682,Phase2_Migrated,272
1790326553.356581504,Phase2_Migrated,272
1790326553.450199570,Phase2_Migrated,273
1790326553.546313770,Phase2_Migrated,273
1790326553.641041292,Phase2_Migrated,274
1790326553.726948550,Phase2_Migrated,274
1790326553.816001788,Phase2_Migrated,275
1790326553.909916756,Phase2_Migrated,276
1790326554.005478561,Phase2_Migrated,276
1790326554.101725203,Phase2_Migrated,277
1790326554.195097177,Phase2_Migrated,277
1790326554.290360764,Phase2_Migrated,278
1790326554.383913245,Phase2_Migrated,278
1790326554.484837017,Phase2_Migrated,279
1790326554.578439509,Phase2_Migrated,280
1790326554.671298287,Phase2_Migrated,280
1790326554.762907480,Phase2_Migrated,281
1790326554.850123805,Phase2_Migrated,281
1790326554.935965928,Phase2_Migrated,282
1790326555.039221681,Phase2_Migrated,282
1790326555.131810431,Phase2_Migrated,283
1790326555.200723965,Phase2_Migrated,283
1790326555.282570539,Phase2_Migrated,284
1790326555.374607131,Phase2_Migrated,284
1790326555.465969336,Phase2_Migrated,285
1790326555.565484695,Phase2_Migrated,286
1790326555.649807094,Phase2_Migrated,286
1790326555.739947389,Phase2_Migrated,287
1790326555.826749735,Phase2_Migrated,287
1790326555.923964761,Phase2_Migrated,288
1790326556.018541727,Phase2_Migrated,288
1790326556.114735573,Phase2_Migrated,289
1790326556.211358479,Phase2_Migrated,289
1790326556.304818109,Phase2_Migrated,290
1790326556.396904059,Phase2_Migrated,291
1790326556.488216849,Phase2_Migrated,291
1790326556.569825404,Phase2_Migrated,292
1790326556.666886161,Phase2_Migrated,292
1790326556.759960687,Phase2_Migrated,293
1790326556.848082086,Phase2_Migrated,293
1790326556.940479536,Phase2_Migrated,294
1790326557.039173184,Phase2_Migrated,294
1790326557.131507983,Phase2_Migrated,295
1790326557.225886078,Phase2_Migrated,295
1790326557.316959630,Phase2_Migrated,296
1790326557.412695532,Phase2_Migrated,297
1790326557.509472728,Phase2_Migrated,297
1790326557.608008596,Phase2_Migrated,298
1790326557.698143945,Phase2_Migrated,298
1790326557.761400431,Phase2_Migrated,299
1790326557.854829651,Phase2_Migrated,299
1790326557.952837377,Phase2_Migrated,300
1790326558.042888504,Phase2_Migrated,300
1790326558.102394653,Phase2_Migrated,301
1790326558.161985405,Phase2_Migrated,301
1790326558.236413639,Phase2_Migrated,301
1790326558.310048629,Phase2_Migrated,302
1790326558.399091815,Phase2_Migrated,302
1790326558.453399653,Phase2_Migrated,303
1790326558.511391182,Phase2_Migrated,303
1790326558.579359856,Phase2_Migrated,303
1790326558.660344722,Phase2_Migrated,304
1790326558.754167636,Phase2_Migrated,304
1790326558.841486578,Phase2_Migrated,305
1790326558.942923648,Phase2_Migrated,306
1790326559.038434209,Phase2_Migrated,306
1790326559.135035757,Phase2_Migrated,307
1790326559.216137790,Phase2_Migrated,307
1790326559.296474026,Phase2_Migrated,308
1790326559.370866817,Phase2_Migrated,308
1790326559.450258822,Phase2_Migrated,308
1790326559.534243121,Phase2_Migrated,309
1790326559.613787210,Phase2_Migrated,309
1790326559.691077744,Phase2_Migrated,310
1790326559.780078368,Phase2_Migrated,310
1790326559.865791115,Phase2_Migrated,311
1790326559.949087328,Phase2_Migrated,311
1790326560.037425873,Phase2_Migrated,312
1790326560.122373798,Phase2_Migrated,312
1790326560.186976760,Phase2_Migrated,313
1790326560.264929593,Phase2_Migrated,313
1790326560.346243356,Phase2_Migrated,314
1790326560.434635948,Phase2_Migrated,314
1790326560.524858018,Phase2_Migrated,315
1790326560.602618051,Phase2_Migrated,315
1790326560.690504518,Phase2_Migrated,316
1790326560.782388881,Phase2_Migrated,316
1790326560.867059388,Phase2_Migrated,317
1790326560.936001708,Phase2_Migrated,317
1790326561.006719466,Phase2_Migrated,318
1790326561.100752145,Phase2_Migrated,318
1790326561.186328274,Phase2_Migrated,319
1790326561.265316075,Phase2_Migrated,319
1790326561.329017958,Phase2_Migrated,319
1790326561.406501630,Phase2_Migrated,320
1790326561.492705942,Phase2_Migrated,320
1790326561.554375412,Phase2_Migrated,321
1790326561.620050163,Phase2_Migrated,321
1790326561.697234128,Phase2_Migrated,322
1790326561.784117113,Phase2_Migrated,322
1790326561.898381803,Phase2_Migrated,323
1790326561.974800107,Phase2_Migrated,323
1790326562.051833313,Phase2_Migrated,324
1790326562.138140278,Phase2_Migrated,324
1790326562.230175664,Phase2_Migrated,325
1790326562.324524299,Phase2_Migrated,325
1790326562.408496548,Phase2_Migrated,326
1790326562.506240488,Phase2_Migrated,326
1790326562.583941891,Phase2_Migrated,327
1790326562.653256825,Phase2_Migrated,327
1790326562.733409142,Phase2_Migrated,328
1790326562.824746053,Phase2_Migrated,328
1790326562.924202021,Phase2_Migrated,329
1790326563.021275365,Phase2_Migrated,329
1790326563.117123222,Phase2_Migrated,330
1790326563.216838942,Phase2_Migrated,331
1790326563.313835450,Phase2_Migrated,331
1790326563.413532923,Phase2_Migrated,332
1790326563.503007772,Phase2_Migrated,332
1790326563.602107761,Phase2_Migrated,333
1790326563.692529156,Phase2_Migrated,333
1790326563.775361375,Phase2_Migrated,334
1790326563.878346624,Phase2_Migrated,334
1790326563.936888838,Phase2_Migrated,335
1790326564.004194458,Phase2_Migrated,335
1790326564.087292487,Phase2_Migrated,336
1790326564.180072970,Phase2_Migrated,336
1790326564.270779292,Phase2_Migrated,337
1790326564.367492750,Phase2_Migrated,337
1790326564.462724925,Phase2_Migrated,338
1790326564.554400804,Phase2_Migrated,338
1790326564.654225199,Phase2_Migrated,339
1790326564.750319910,Phase2_Migrated,339
1790326564.839978430,Phase2_Migrated,340
1790326564.929728679,Phase2_Migrated,341
1790326565.020273110,Phase2_Migrated,341
1790326565.113455827,Phase2_Migrated,342
1790326565.206084644,Phase2_Migrated,342
1790326565.299536379,Phase2_Migrated,343
1790326565.393880483,Phase2_Migrated,343
1790326565.487786421,Phase2_Migrated,344
1790326565.588538540,Phase2_Migrated,344
1790326565.659873838,Phase2_Migrated,345
1790326565.744196707,Phase2_Migrated,345
1790326565.835188197,Phase2_Migrated,346
1790326565.928850845,Phase2_Migrated,346
1790326566.022247385,Phase2_Migrated,347
1790326566.115950651,Phase2_Migrated,347
1790326566.209709629,Phase2_Migrated,348
1790326566.300898317,Phase2_Migrated,348
1790326566.391632386,Phase2_Migrated,349
1790326566.489172769,Phase2_Migrated,349
1790326566.570267211,Phase2_Migrated,350
1790326566.656249564,Phase2_Migrated,350
1790326566.744492916,Phase2_Migrated,351
1790326566.840344422,Phase2_Migrated,351
1790326566.917292319,Phase2_Migrated,352
1790326567.007996271,Phase2_Migrated,352
1790326567.108239081,Phase2_Migrated,353
1790326567.198070757,Phase2_Migrated,354
1790326567.290250704,Phase2_Migrated,354
1790326567.384855500,Phase2_Migrated,355
1790326567.483217073,Phase2_Migrated,355
1790326567.582258445,Phase2_Migrated,356
1790326567.679022091,Phase2_Migrated,356
1790326567.774215068,Phase2_Migrated,357
1790326567.865341520,Phase2_Migrated,357
1790326567.963621132,Phase2_Migrated,358
1790326568.056865498,Phase2_Migrated,358
1790326568.148870523,Phase2_Migrated,359
1790326568.246339869,Phase2_Migrated,360
1790326568.338139039,Phase2_Migrated,360
1790326568.433392067,Phase2_Migrated,361
1790326568.502315036,Phase2_Migrated,361
1790326568.573716529,Phase2_Migrated,361
1790326568.650084211,Phase2_Migrated,362
1790326568.726960220,Phase2_Migrated,362
1790326568.795703487,Phase2_Migrated,363
1790326568.879267468,Phase2_Migrated,363
1790326568.970371375,Phase2_Migrated,364
1790326569.057457905,Phase2_Migrated,364
1790326569.150758276,Phase2_Migrated,365
1790326569.227969397,Phase2_Migrated,365
1790326569.308992904,Phase2_Migrated,366
1790326569.381011409,Phase2_Migrated,366
1790326569.462152560,Phase2_Migrated,367
1790326569.552634196,Phase2_Migrated,367
1790326569.649627101,Phase2_Migrated,368
1790326569.733682137,Phase2_Migrated,368
1790326569.823318729,Phase2_Migrated,369
1790326569.914013537,Phase2_Migrated,369
1790326570.004337462,Phase2_Migrated,370
1790326570.096233767,Phase2_Migrated,370
1790326570.186933079,Phase2_Migrated,371
1790326570.274893848,Phase2_Migrated,371
1790326570.367034964,Phase2_Migrated,372
1790326570.454306120,Phase2_Migrated,372
1790326570.549870694,Phase2_Migrated,373
1790326570.613412056,Phase2_Migrated,373
1790326570.693233167,Phase2_Migrated,374
1790326570.771716210,Phase2_Migrated,374
1790326570.849284510,Phase2_Migrated,375
1790326570.938164950,Phase2_Migrated,375
1790326571.029211134,Phase2_Migrated,376
1790326571.119340426,Phase2_Migrated,376
1790326571.213853589,Phase2_Migrated,377
1790326571.284077551,Phase2_Migrated,377
1790326571.375891815,Phase2_Migrated,378
1790326571.467986920,Phase2_Migrated,378
1790326571.564039805,Phase2_Migrated,379
1790326571.657870949,Phase2_Migrated,379
1790326571.755361673,Phase2_Migrated,380
1790326571.852628971,Phase2_Migrated,380
1790326571.952583598,Phase2_Migrated,381
1790326572.050277012,Phase2_Migrated,382
1790326572.144013431,Phase2_Migrated,382
1790326572.234961276,Phase2_Migrated,383
1790326572.334099601,Phase2_Migrated,383
1790326572.423029402,Phase2_Migrated,384
1790326572.513225596,Phase2_Migrated,384
1790326572.608408046,Phase2_Migrated,385
1790326572.707071102,Phase2_Migrated,385
1790326572.794765856,Phase2_Migrated,386
1790326572.879044329,Phase2_Migrated,386
1790326572.969625385,Phase2_Migrated,387
1790326573.062855203,Phase2_Migrated,387
1790326573.165536447,Phase2_Migrated,388
1790326573.265487286,Phase2_Migrated,389
1790326573.349832055,Phase2_Migrated,389
1790326573.436375314,Phase2_Migrated,390
1790326573.531251688,Phase2_Migrated,390
1790326573.628223882,Phase2_Migrated,391
1790326573.709630091,Phase2_Migrated,391
1790326573.809143969,Phase2_Migrated,392
1790326573.903195303,Phase2_Migrated,392
1790326573.995429272,Phase2_Migrated,393
1790326574.075437947,Phase2_Migrated,393
1790326574.170290917,Phase2_Migrated,394
1790326574.256814936,Phase2_Migrated,394
1790326574.346246537,Phase2_Migrated,395
1790326574.440775511,Phase2_Migrated,395
1790326574.530488180,Phase2_Migrated,396
1790326574.621795679,Phase2_Migrated,396
1790326574.712505768,Phase2_Migrated,397
1790326574.806404430,Phase2_Migrated,397
1790326574.883421482,Phase2_Migrated,398
1790326574.975569698,Phase2_Migrated,399
1790326575.055859457,Phase2_Migrated,399
1790326575.135453069,Phase2_Migrated,399
1790326575.217380502,Phase2_Migrated,400
1790326575.306735360,Phase2_Migrated,400
1790326575.394337178,Phase2_Migrated,401
1790326575.476466553,Phase2_Migrated,401
1790326575.559740905,Phase2_Migrated,402
1790326575.652914963,Phase2_Migrated,402
1790326575.750117494,Phase2_Migrated,403
1790326575.847609353,Phase2_Migrated,404
1790326575.942924889,Phase2_Migrated,404
1790326576.035378111,Phase2_Migrated,405
1790326576.128433776,Phase2_Migrated,405
1790326576.224928470,Phase2_Migrated,406
1790326576.313961477,Phase2_Migrated,406
1790326576.397124674,Phase2_Migrated,407
1790326576.490311686,Phase2_Migrated,407
1790326576.573039348,Phase2_Migrated,408
1790326576.665687890,Phase2_Migrated,408
1790326576.760348867,Phase2_Migrated,409
1790326576.864776326,Phase2_Migrated,410
1790326576.959103109,Phase2_Migrated,410
1790326577.055193775,Phase2_Migrated,411
1790326577.149951365,Phase2_Migrated,411
1790326577.230719281,Phase2_Migrated,412
1790326577.320907933,Phase2_Migrated,412
1790326577.417124459,Phase2_Migrated,413
1790326577.511995417,Phase2_Migrated,413
1790326577.609200114,Phase2_Migrated,414
1790326577.714198119,Phase2_Migrated,414
1790326577.807912776,Phase2_Migrated,415
1790326577.899828296,Phase2_Migrated,416
1790326577.993057779,Phase2_Migrated,416
1790326578.078182389,Phase2_Migrated,417
1790326578.172538551,Phase2_Migrated,417
1790326578.242677996,Phase2_Migrated,417
1790326578.323280241,Phase2_Migrated,418
1790326578.414223262,Phase2_Migrated,418
1790326578.475889629,Phase2_Migrated,419
1790326578.540025952,Phase2_Migrated,419
1790326578.605507353,Phase2_Migrated,420
1790326578.685439752,Phase2_Migrated,420
1790326578.780572194,Phase2_Migrated,421
1790326578.877114083,Phase2_Migrated,421
1790326578.971749825,Phase2_Migrated,422
1790326579.063751779,Phase2_Migrated,422
1790326579.137953547,Phase2_Migrated,423
1790326579.206027363,Phase2_Migrated,423
1790326579.298090924,Phase2_Migrated,424
1790326579.389105840,Phase2_Migrated,424
1790326579.492531826,Phase2_Migrated,425
1790326579.591514782,Phase2_Migrated,425
1790326579.689927620,Phase2_Migrated,426
1790326579.772324004,Phase2_Migrated,426
1790326579.854510300,Phase2_Migrated,427
1790326579.946778524,Phase2_Migrated,427
1790326580.027359290,Phase2_Migrated,428
1790326580.108376031,Phase2_Migrated,428
1790326580.193927195,Phase2_Migrated,429
1790326580.278928185,Phase2_Migrated,429
1790326580.367759066,Phase2_Migrated,430
1790326580.462909122,Phase2_Migrated,430
1790326580.562900679,Phase2_Migrated,431
1790326580.658369832,Phase2_Migrated,431
1790326580.744883016,Phase2_Migrated,432
1790326580.825253671,Phase2_Migrated,432
1790326580.903685282,Phase2_Migrated,433
1790326580.986348596,Phase2_Migrated,433
1790326581.072242379,Phase2_Migrated,434
1790326581.159915039,Phase2_Migrated,434
1790326581.249891716,Phase2_Migrated,435
1790326581.338943992,Phase2_Migrated,435
1790326581.433741696,Phase2_Migrated,436
1790326581.523460690,Phase2_Migrated,436
1790326581.618243649,Phase2_Migrated,437
1790326581.715520574,Phase2_Migrated,438
1790326581.808295343,Phase2_Migrated,438
1790326581.894698256,Phase2_Migrated,439
1790326581.976168305,Phase2_Migrated,439
1790326582.067237375,Phase2_Migrated,440
1790326582.148577610,Phase2_Migrated,440
1790326582.239919235,Phase2_Migrated,441
1790326582.331841620,Phase2_Migrated,441
1790326582.425340895,Phase2_Migrated,442
1790326582.511757838,Phase2_Migrated,442
1790326582.586961242,Phase2_Migrated,443
1790326582.673416444,Phase2_Migrated,443
1790326582.760814696,Phase2_Migrated,444
1790326582.848636746,Phase2_Migrated,444
1790326582.921048556,Phase2_Migrated,445
1790326582.997076914,Phase2_Migrated,445
1790326583.076031535,Phase2_Migrated,445
1790326583.157219037,Phase2_Migrated,446
1790326583.241689681,Phase2_Migrated,446
1790326583.318034641,Phase2_Migrated,447
1790326583.414126426,Phase2_Migrated,447
1790326583.502010098,Phase2_Migrated,448
1790326583.583409597,Phase2_Migrated,448
1790326583.676978233,Phase2_Migrated,449
1790326583.766714914,Phase2_Migrated,449
1790326583.865335203,Phase2_Migrated,450
1790326583.960028183,Phase2_Migrated,451
1790326584.057635014,Phase2_Migrated,451
1790326584.151035242,Phase2_Migrated,452
1790326584.247604506,Phase2_Migrated,452
1790326584.343252958,Phase2_Migrated,453
1790326584.440796112,Phase2_Migrated,453
1790326584.533958584,Phase2_Migrated,454
1790326584.629126054,Phase2_Migrated,454
1790326584.713093009,Phase2_Migrated,455
1790326584.796740024,Phase2_Migrated,455
1790326584.891154008,Phase2_Migrated,456
1790326586.298344421,Uninterrupted_Baseline,1
1790326586.360947676,Uninterrupted_Baseline,1
1790326586.438513326,Uninterrupted_Baseline,1
1790326586.508955913,Uninterrupted_Baseline,1
1790326586.569726261,Uninterrupted_Baseline,1
1790326586.644127011,Uninterrupted_Baseline,1
1790326586.716322004,Uninterrupted_Baseline,1
1790326586.800297507,Uninterrupted_Baseline,1
1790326586.886277005,Uninterrupted_Baseline,1
1790326586.955432722,Uninterrupted_Baseline,1
1790326587.038866351,Uninterrupted_Baseline,1
1790326587.121354176,Uninterrupted_Baseline,1
1790326587.202629974,Uninterrupted_Baseline,1
1790326587.284070013,Uninterrupted_Baseline,1
1790326587.366920352,Uninterrupted_Baseline,1
1790326587.453737402,Uninterrupted_Baseline,1
1790326587.535534313,Uninterrupted_Baseline,1
1790326587.617068602,Uninterrupted_Baseline,1
1790326587.702689432,Uninterrupted_Baseline,1
1790326587.786369567,Uninterrupted_Baseline,1
1790326587.857185566,Uninterrupted_Baseline,1
1790326587.940083055,Uninterrupted_Baseline,1
1790326588.021945964,Uninterrupted_Baseline,1
1790326588.080083531,Uninterrupted_Baseline,1
1790326588.159401405,Uninterrupted_Baseline,1
1790326588.238742420,Uninterrupted_Baseline,1
1790326588.319799920,Uninterrupted_Baseline,1
1790326588.399464658,Uninterrupted_Baseline,1
1790326588.450604403,Uninterrupted_Baseline,1
1790326588.505262726,Uninterrupted_Baseline,1
1790326588.569079034,Uninterrupted_Baseline,1
1790326588.647317361,Uninterrupted_Baseline,1
1790326588.725817505,Uninterrupted_Baseline,1
1790326588.790345360,Uninterrupted_Baseline,1
1790326588.790345360,Uninterrupted_Baseline,10
1790326588.855374918,Uninterrupted_Baseline,1
1790326588.855374918,Uninterrupted_Baseline,10
1790326588.939400908,Uninterrupted_Baseline,1
1790326588.939400908,Uninterrupted_Baseline,14
1790326589.019849923,Uninterrupted_Baseline,1
1790326589.019849923,Uninterrupted_Baseline,20
1790326589.086789620,Uninterrupted_Baseline,1
1790326589.086789620,Uninterrupted_Baseline,20
1790326589.161110402,Uninterrupted_Baseline,1
1790326589.161110402,Uninterrupted_Baseline,40
1790326589.239031907,Uninterrupted_Baseline,1
1790326589.239031907,Uninterrupted_Baseline,40
1790326589.326996093,Uninterrupted_Baseline,1
1790326589.326996093,Uninterrupted_Baseline,80
1790326589.410379071,Uninterrupted_Baseline,1
1790326589.410379071,Uninterrupted_Baseline,80
1790326589.497153323,Uninterrupted_Baseline,1
1790326589.497153323,Uninterrupted_Baseline,160
1790326589.582243012,Uninterrupted_Baseline,1
1790326589.582243012,Uninterrupted_Baseline,178
1790326589.670696413,Uninterrupted_Baseline,1
1790326589.670696413,Uninterrupted_Baseline,320
1790326589.745594089,Uninterrupted_Baseline,1
1790326589.745594089,Uninterrupted_Baseline,320
1790326589.810075419,Uninterrupted_Baseline,1
1790326589.810075419,Uninterrupted_Baseline,591
1790326589.886743913,Uninterrupted_Baseline,1
1790326589.886743913,Uninterrupted_Baseline,640
1790326589.961135710,Uninterrupted_Baseline,1
1790326589.961135710,Uninterrupted_Baseline,890
1790326590.044906022,Uninterrupted_Baseline,1
1790326590.044906022,Uninterrupted_Baseline,1012
1790326590.132758126,Uninterrupted_Baseline,1
1790326590.132758126,Uninterrupted_Baseline,846
1790326590.216933299,Uninterrupted_Baseline,1
1790326590.216933299,Uninterrupted_Baseline,661
1790326590.302246385,Uninterrupted_Baseline,1
1790326590.302246385,Uninterrupted_Baseline,547
1790326590.386945087,Uninterrupted_Baseline,1
1790326590.386945087,Uninterrupted_Baseline,547
1790326590.473335500,Uninterrupted_Baseline,1
1790326590.473335500,Uninterrupted_Baseline,466
1790326590.553944781,Uninterrupted_Baseline,1
1790326590.553944781,Uninterrupted_Baseline,326
1790326590.626208418,Uninterrupted_Baseline,1
1790326590.626208418,Uninterrupted_Baseline,273
1790326590.709739248,Uninterrupted_Baseline,1
1790326590.709739248,Uninterrupted_Baseline,273
1790326590.795994003,Uninterrupted_Baseline,1
1790326590.795994003,Uninterrupted_Baseline,274
1790326590.872207623,Uninterrupted_Baseline,1
1790326590.872207623,Uninterrupted_Baseline,274
1790326590.957013912,Uninterrupted_Baseline,1
1790326590.957013912,Uninterrupted_Baseline,275
1790326591.021015222,Uninterrupted_Baseline,1
1790326591.021015222,Uninterrupted_Baseline,275
1790326591.106482391,Uninterrupted_Baseline,1
1790326591.106482391,Uninterrupted_Baseline,276
1790326591.192581236,Uninterrupted_Baseline,1
1790326591.192581236,Uninterrupted_Baseline,276
1790326591.280050728,Uninterrupted_Baseline,1
1790326591.280050728,Uninterrupted_Baseline,277
1790326591.364366920,Uninterrupted_Baseline,1
1790326591.364366920,Uninterrupted_Baseline,277
1790326591.447451150,Uninterrupted_Baseline,1
1790326591.447451150,Uninterrupted_Baseline,278
1790326591.530804663,Uninterrupted_Baseline,1
1790326591.530804663,Uninterrupted_Baseline,278
1790326591.614122668,Uninterrupted_Baseline,1
1790326591.614122668,Uninterrupted_Baseline,279
1790326591.690303109,Uninterrupted_Baseline,1
1790326591.690303109,Uninterrupted_Baseline,279
1790326591.771932962,Uninterrupted_Baseline,1
1790326591.771932962,Uninterrupted_Baseline,280
1790326591.854122290,Uninterrupted_Baseline,1
1790326591.854122290,Uninterrupted_Baseline,280
1790326591.926719758,Uninterrupted_Baseline,1
1790326591.926719758,Uninterrupted_Baseline,281
1790326592.011729832,Uninterrupted_Baseline,1
1790326592.011729832,Uninterrupted_Baseline,281
1790326592.095107345,Uninterrupted_Baseline,1
1790326592.095107345,Uninterrupted_Baseline,282
1790326592.175857884,Uninterrupted_Baseline,1
1790326592.175857884,Uninterrupted_Baseline,282
1790326592.259229707,Uninterrupted_Baseline,1
1790326592.259229707,Uninterrupted_Baseline,283
1790326592.345936909,Uninterrupted_Baseline,1
1790326592.345936909,Uninterrupted_Baseline,283
1790326592.427393388,Uninterrupted_Baseline,1
1790326592.427393388,Uninterrupted_Baseline,284
1790326592.511083533,Uninterrupted_Baseline,1
1790326592.511083533,Uninterrupted_Baseline,284
1790326592.597866335,Uninterrupted_Baseline,1
1790326592.597866335,Uninterrupted_Baseline,285
1790326592.682499630,Uninterrupted_Baseline,1
1790326592.682499630,Uninterrupted_Baseline,285
1790326592.765587321,Uninterrupted_Baseline,1
1790326592.765587321,Uninterrupted_Baseline,286
1790326592.849600339,Uninterrupted_Baseline,1
1790326592.849600339,Uninterrupted_Baseline,286
1790326592.931356503,Uninterrupted_Baseline,1
1790326592.931356503,Uninterrupted_Baseline,287
1790326593.016037893,Uninterrupted_Baseline,1
1790326593.016037893,Uninterrupted_Baseline,287
1790326593.107258886,Uninterrupted_Baseline,1
1790326593.107258886,Uninterrupted_Baseline,288
1790326593.194420195,Uninterrupted_Baseline,1
1790326593.194420195,Uninterrupted_Baseline,288
1790326593.282383842,Uninterrupted_Baseline,1
1790326593.282383842,Uninterrupted_Baseline,289
1790326593.366642784,Uninterrupted_Baseline,1
1790326593.366642784,Uninterrupted_Baseline,289
1790326593.445932999,Uninterrupted_Baseline,1
1790326593.445932999,Uninterrupted_Baseline,290
1790326593.519249274,Uninterrupted_Baseline,1
1790326593.519249274,Uninterrupted_Baseline,290
1790326593.610222166,Uninterrupted_Baseline,1
1790326593.610222166,Uninterrupted_Baseline,291
1790326593.692587050,Uninterrupted_Baseline,1
1790326593.692587050,Uninterrupted_Baseline,291
1790326593.772192172,Uninterrupted_Baseline,1
1790326593.772192172,Uninterrupted_Baseline,292
1790326593.841057089,Uninterrupted_Baseline,1
1790326593.841057089,Uninterrupted_Baseline,292
1790326593.923802114,Uninterrupted_Baseline,1
1790326593.923802114,Uninterrupted_Baseline,293
1790326593.994167963,Uninterrupted_Baseline,1
1790326593.994167963,Uninterrupted_Baseline,293
1790326594.064862473,Uninterrupted_Baseline,1
1790326594.064862473,Uninterrupted_Baseline,294
1790326594.150141081,Uninterrupted_Baseline,1
1790326594.150141081,Uninterrupted_Baseline,294
1790326594.227043123,Uninterrupted_Baseline,1
1790326594.227043123,Uninterrupted_Baseline,294
1790326594.305470579,Uninterrupted_Baseline,1
1790326594.305470579,Uninterrupted_Baseline,295
1790326594.365636229,Uninterrupted_Baseline,1
1790326594.365636229,Uninterrupted_Baseline,295
1790326594.432334547,Uninterrupted_Baseline,1
1790326594.432334547,Uninterrupted_Baseline,296
1790326594.512491210,Uninterrupted_Baseline,1
1790326594.512491210,Uninterrupted_Baseline,296
1790326594.593897309,Uninterrupted_Baseline,1
1790326594.593897309,Uninterrupted_Baseline,297
1790326594.679958937,Uninterrupted_Baseline,1
1790326594.679958937,Uninterrupted_Baseline,297
1790326594.762218745,Uninterrupted_Baseline,1
1790326594.762218745,Uninterrupted_Baseline,298
1790326594.844146700,Uninterrupted_Baseline,1
1790326594.844146700,Uninterrupted_Baseline,298
1790326594.924744061,Uninterrupted_Baseline,1
1790326594.924744061,Uninterrupted_Baseline,299
1790326594.986949424,Uninterrupted_Baseline,1
1790326594.986949424,Uninterrupted_Baseline,299
1790326595.050716098,Uninterrupted_Baseline,1
1790326595.050716098,Uninterrupted_Baseline,299
1790326595.137772276,Uninterrupted_Baseline,1
1790326595.137772276,Uninterrupted_Baseline,300
1790326595.221705255,Uninterrupted_Baseline,1
1790326595.221705255,Uninterrupted_Baseline,300
1790326595.296481450,Uninterrupted_Baseline,1
1790326595.296481450,Uninterrupted_Baseline,301
1790326595.377289040,Uninterrupted_Baseline,1
1790326595.377289040,Uninterrupted_Baseline,301
1790326595.459101658,Uninterrupted_Baseline,1
1790326595.459101658,Uninterrupted_Baseline,302
1790326595.537217765,Uninterrupted_Baseline,1
1790326595.537217765,Uninterrupted_Baseline,302
1790326595.621158275,Uninterrupted_Baseline,1
1790326595.621158275,Uninterrupted_Baseline,303
1790326595.709761453,Uninterrupted_Baseline,1
1790326595.709761453,Uninterrupted_Baseline,303
1790326595.794421147,Uninterrupted_Baseline,304
1790326595.882238944,Uninterrupted_Baseline,304
1790326595.966119721,Uninterrupted_Baseline,305
1790326596.046028072,Uninterrupted_Baseline,305
1790326596.130432344,Uninterrupted_Baseline,306
1790326596.206634388,Uninterrupted_Baseline,306
1790326596.289881527,Uninterrupted_Baseline,307
1790326596.356947223,Uninterrupted_Baseline,307
1790326596.438002974,Uninterrupted_Baseline,307
1790326596.517722087,Uninterrupted_Baseline,308
1790326596.599886674,Uninterrupted_Baseline,308
1790326596.682808233,Uninterrupted_Baseline,309
1790326596.767211961,Uninterrupted_Baseline,309
1790326596.849797517,Uninterrupted_Baseline,310
1790326596.932382258,Uninterrupted_Baseline,310
1790326597.014989123,Uninterrupted_Baseline,311
1790326597.103486791,Uninterrupted_Baseline,311
1790326597.185366449,Uninterrupted_Baseline,312
1790326597.238200287,Uninterrupted_Baseline,312
1790326597.297339002,Uninterrupted_Baseline,312
1790326597.373380879,Uninterrupted_Baseline,313
1790326597.458440919,Uninterrupted_Baseline,313
1790326597.525259394,Uninterrupted_Baseline,314
1790326597.603828696,Uninterrupted_Baseline,314
1790326597.684093694,Uninterrupted_Baseline,315
1790326597.766610774,Uninterrupted_Baseline,315
1790326597.842125641,Uninterrupted_Baseline,316
1790326597.929803427,Uninterrupted_Baseline,316
1790326598.010199886,Uninterrupted_Baseline,317
1790326598.085535318,Uninterrupted_Baseline,317
1790326598.152160066,Uninterrupted_Baseline,317
1790326598.221811875,Uninterrupted_Baseline,318
1790326598.280590128,Uninterrupted_Baseline,318
1790326598.369046672,Uninterrupted_Baseline,319
1790326598.440832403,Uninterrupted_Baseline,319
1790326598.497806413,Uninterrupted_Baseline,319
1790326598.559243790,Uninterrupted_Baseline,320
1790326598.618335425,Uninterrupted_Baseline,320
1790326598.692776270,Uninterrupted_Baseline,321
1790326598.767415288,Uninterrupted_Baseline,321
1790326598.833464646,Uninterrupted_Baseline,321
1790326598.918508382,Uninterrupted_Baseline,322
1790326599.001457241,Uninterrupted_Baseline,322
1790326599.086523778,Uninterrupted_Baseline,323
1790326599.155228748,Uninterrupted_Baseline,323
1790326599.236563443,Uninterrupted_Baseline,324
1790326599.314221711,Uninterrupted_Baseline,324
1790326599.380844178,Uninterrupted_Baseline,325
1790326599.454229770,Uninterrupted_Baseline,325
1790326599.531755724,Uninterrupted_Baseline,325
1790326599.604039565,Uninterrupted_Baseline,326
1790326599.679587063,Uninterrupted_Baseline,326
1790326599.769826647,Uninterrupted_Baseline,327
1790326599.860809603,Uninterrupted_Baseline,327
1790326599.936043238,Uninterrupted_Baseline,328
1790326600.019838295,Uninterrupted_Baseline,328
1790326600.094119491,Uninterrupted_Baseline,329
1790326600.178577061,Uninterrupted_Baseline,329
1790326600.260238538,Uninterrupted_Baseline,330
1790326600.349441541,Uninterrupted_Baseline,330
1790326600.431440186,Uninterrupted_Baseline,331
1790326600.513135308,Uninterrupted_Baseline,331
1790326600.577777441,Uninterrupted_Baseline,331
1790326600.661867902,Uninterrupted_Baseline,332
1790326600.749865734,Uninterrupted_Baseline,332
1790326600.840308944,Uninterrupted_Baseline,333
1790326600.924778315,Uninterrupted_Baseline,333
1790326601.005945170,Uninterrupted_Baseline,334
1790326601.080199829,Uninterrupted_Baseline,334
1790326601.148118452,Uninterrupted_Baseline,335
1790326601.224190975,Uninterrupted_Baseline,335
1790326601.313298142,Uninterrupted_Baseline,336
1790326601.381829335,Uninterrupted_Baseline,336
1790326601.465179422,Uninterrupted_Baseline,337
1790326601.544957096,Uninterrupted_Baseline,337
1790326601.632336002,Uninterrupted_Baseline,338
1790326601.717762711,Uninterrupted_Baseline,338
1790326601.802235750,Uninterrupted_Baseline,339
1790326601.887841689,Uninterrupted_Baseline,339
1790326601.967588513,Uninterrupted_Baseline,339
1790326602.051492851,Uninterrupted_Baseline,340
1790326602.138700485,Uninterrupted_Baseline,340
1790326602.224425441,Uninterrupted_Baseline,341
1790326602.303843617,Uninterrupted_Baseline,341
1790326602.376634779,Uninterrupted_Baseline,342
1790326602.467040698,Uninterrupted_Baseline,342
1790326602.556966835,Uninterrupted_Baseline,343
1790326602.630433729,Uninterrupted_Baseline,343
1790326602.705150099,Uninterrupted_Baseline,344
1790326602.795356163,Uninterrupted_Baseline,344
1790326602.876952383,Uninterrupted_Baseline,345
1790326602.943042747,Uninterrupted_Baseline,345
1790326603.013107967,Uninterrupted_Baseline,345
1790326603.098364093,Uninterrupted_Baseline,346
1790326603.181707113,Uninterrupted_Baseline,346
1790326603.263151271,Uninterrupted_Baseline,347
1790326603.340958621,Uninterrupted_Baseline,347
1790326603.428872303,Uninterrupted_Baseline,348
1790326603.512111078,Uninterrupted_Baseline,348
1790326603.595136960,Uninterrupted_Baseline,349
1790326603.677167050,Uninterrupted_Baseline,349
1790326603.763377785,Uninterrupted_Baseline,350
1790326603.846869389,Uninterrupted_Baseline,350
1790326603.932295606,Uninterrupted_Baseline,351
1790326604.014563978,Uninterrupted_Baseline,351
1790326604.097070694,Uninterrupted_Baseline,352
1790326604.177689916,Uninterrupted_Baseline,352
1790326604.261570960,Uninterrupted_Baseline,353
1790326604.349156583,Uninterrupted_Baseline,353
1790326604.429156929,Uninterrupted_Baseline,354
1790326604.514371235,Uninterrupted_Baseline,354
1790326604.599346339,Uninterrupted_Baseline,355
1790326604.681091315,Uninterrupted_Baseline,355
1790326604.765075076,Uninterrupted_Baseline,355
1790326604.845628107,Uninterrupted_Baseline,356
1790326604.923462876,Uninterrupted_Baseline,356
1790326605.016072172,Uninterrupted_Baseline,357
1790326605.075254210,Uninterrupted_Baseline,357
1790326605.131061526,Uninterrupted_Baseline,357
1790326605.186224563,Uninterrupted_Baseline,358
1790326605.257200510,Uninterrupted_Baseline,358
1790326605.336992540,Uninterrupted_Baseline,359
1790326605.416420341,Uninterrupted_Baseline,359
1790326605.498739279,Uninterrupted_Baseline,360
1790326605.582799304,Uninterrupted_Baseline,360
1790326605.664368730,Uninterrupted_Baseline,361
1790326605.749986495,Uninterrupted_Baseline,361
1790326605.838358835,Uninterrupted_Baseline,362
1790326605.915232551,Uninterrupted_Baseline,362
1790326605.992758378,Uninterrupted_Baseline,362
1790326606.074262854,Uninterrupted_Baseline,363
1790326606.158759872,Uninterrupted_Baseline,363
1790326606.236022592,Uninterrupted_Baseline,364
1790326606.317148663,Uninterrupted_Baseline,364
1790326606.398951834,Uninterrupted_Baseline,365
1790326606.480394816,Uninterrupted_Baseline,365
1790326606.562520892,Uninterrupted_Baseline,366
1790326606.645148513,Uninterrupted_Baseline,366
1790326606.724786612,Uninterrupted_Baseline,367
1790326606.787034070,Uninterrupted_Baseline,367
1790326606.871058497,Uninterrupted_Baseline,367
1790326606.960633794,Uninterrupted_Baseline,368
1790326607.045508287,Uninterrupted_Baseline,368
1790326607.122213217,Uninterrupted_Baseline,369
1790326607.193346876,Uninterrupted_Baseline,369
1790326607.276789906,Uninterrupted_Baseline,370
1790326607.362338374,Uninterrupted_Baseline,370
1790326607.447361398,Uninterrupted_Baseline,371
1790326607.526193739,Uninterrupted_Baseline,371
1790326607.609969081,Uninterrupted_Baseline,372
1790326607.700513071,Uninterrupted_Baseline,372
1790326607.795881210,Uninterrupted_Baseline,373
1790326607.877155033,Uninterrupted_Baseline,373
1790326607.963321537,Uninterrupted_Baseline,374
1790326608.044602987,Uninterrupted_Baseline,374
1790326608.118346738,Uninterrupted_Baseline,374
1790326608.196500111,Uninterrupted_Baseline,375
1790326608.279391484,Uninterrupted_Baseline,375
1790326608.354794738,Uninterrupted_Baseline,376
1790326608.443504807,Uninterrupted_Baseline,376
1790326608.497571105,Uninterrupted_Baseline,377
1790326608.547345135,Uninterrupted_Baseline,377
1790326608.601146018,Uninterrupted_Baseline,377
1790326608.676918640,Uninterrupted_Baseline,378
1790326608.754930291,Uninterrupted_Baseline,378
1790326608.831158361,Uninterrupted_Baseline,378
1790326608.907095828,Uninterrupted_Baseline,379
1790326608.991485486,Uninterrupted_Baseline,379
1790326609.072697998,Uninterrupted_Baseline,380
1790326609.141584117,Uninterrupted_Baseline,380
1790326609.200587517,Uninterrupted_Baseline,381
1790326609.284393604,Uninterrupted_Baseline,381
1790326609.371470494,Uninterrupted_Baseline,382
1790326609.454011514,Uninterrupted_Baseline,382
1790326609.533307783,Uninterrupted_Baseline,382
1790326609.608357722,Uninterrupted_Baseline,383
1790326609.678633763,Uninterrupted_Baseline,383
1790326609.742154690,Uninterrupted_Baseline,384
1790326609.828497099,Uninterrupted_Baseline,384
1790326609.912580603,Uninterrupted_Baseline,385
1790326609.994891887,Uninterrupted_Baseline,385
1790326610.077293981,Uninterrupted_Baseline,386
1790326610.161462501,Uninterrupted_Baseline,386
1790326610.253233180,Uninterrupted_Baseline,387
1790326610.306579822,Uninterrupted_Baseline,387
1790326610.371681342,Uninterrupted_Baseline,387
1790326610.440329168,Uninterrupted_Baseline,388
1790326610.515585658,Uninterrupted_Baseline,388
1790326610.600165329,Uninterrupted_Baseline,389
1790326610.681477101,Uninterrupted_Baseline,389
1790326610.763579452,Uninterrupted_Baseline,390
1790326610.848293372,Uninterrupted_Baseline,390
1790326610.928214788,Uninterrupted_Baseline,391
1790326611.006631047,Uninterrupted_Baseline,391
1790326611.087974792,Uninterrupted_Baseline,392
1790326611.179177839,Uninterrupted_Baseline,392
1790326611.253525476,Uninterrupted_Baseline,393
1790326611.307731309,Uninterrupted_Baseline,393
1790326611.390013708,Uninterrupted_Baseline,393
1790326611.476363325,Uninterrupted_Baseline,394
1790326611.560059011,Uninterrupted_Baseline,394
1790326611.646027838,Uninterrupted_Baseline,395
1790326611.732358720,Uninterrupted_Baseline,395
1790326611.819972388,Uninterrupted_Baseline,396
1790326611.904508619,Uninterrupted_Baseline,396
1790326611.977311325,Uninterrupted_Baseline,397
1790326612.064437970,Uninterrupted_Baseline,397
1790326612.150849283,Uninterrupted_Baseline,398
1790326612.232694881,Uninterrupted_Baseline,398
1790326612.313848991,Uninterrupted_Baseline,399
1790326612.379852659,Uninterrupted_Baseline,399
1790326612.457494413,Uninterrupted_Baseline,400
1790326612.543373650,Uninterrupted_Baseline,400
1790326612.607488108,Uninterrupted_Baseline,400
1790326612.681741330,Uninterrupted_Baseline,401
1790326612.744263507,Uninterrupted_Baseline,401
1790326612.826272382,Uninterrupted_Baseline,402
1790326612.904969333,Uninterrupted_Baseline,402
1790326612.985121280,Uninterrupted_Baseline,403
1790326613.061956829,Uninterrupted_Baseline,403
1790326613.150303880,Uninterrupted_Baseline,404
1790326613.235746518,Uninterrupted_Baseline,404
1790326613.301409518,Uninterrupted_Baseline,404
1790326613.363154557,Uninterrupted_Baseline,405
1790326613.438518474,Uninterrupted_Baseline,405
1790326613.502371788,Uninterrupted_Baseline,406
1790326613.580606089,Uninterrupted_Baseline,406
1790326613.662531744,Uninterrupted_Baseline,406
1790326613.745505762,Uninterrupted_Baseline,407
1790326613.812467254,Uninterrupted_Baseline,407
1790326613.874818037,Uninterrupted_Baseline,408
1790326613.928994093,Uninterrupted_Baseline,408
1790326613.994982285,Uninterrupted_Baseline,408
1790326614.076451325,Uninterrupted_Baseline,409
1790326614.147669476,Uninterrupted_Baseline,409
1790326614.208392296,Uninterrupted_Baseline,410
1790326614.272340732,Uninterrupted_Baseline,410
1790326614.345783526,Uninterrupted_Baseline,410
1790326614.419236363,Uninterrupted_Baseline,411
1790326614.506482348,Uninterrupted_Baseline,411
1790326614.590169128,Uninterrupted_Baseline,412
1790326614.670410693,Uninterrupted_Baseline,412
1790326614.754900117,Uninterrupted_Baseline,413
1790326614.837263084,Uninterrupted_Baseline,413
1790326614.894107798,Uninterrupted_Baseline,414
1790326614.989072543,Uninterrupted_Baseline,414
1790326615.055029065,Uninterrupted_Baseline,414
1790326615.120363530,Uninterrupted_Baseline,415
1790326615.195072010,Uninterrupted_Baseline,415
1790326615.283019289,Uninterrupted_Baseline,416
1790326615.360499353,Uninterrupted_Baseline,416
1790326615.443277361,Uninterrupted_Baseline,417
1790326615.526868703,Uninterrupted_Baseline,417
1790326615.610001927,Uninterrupted_Baseline,418
1790326615.696000330,Uninterrupted_Baseline,418
1790326615.777392844,Uninterrupted_Baseline,419
1790326615.862269642,Uninterrupted_Baseline,419
1790326615.947056405,Uninterrupted_Baseline,420
1790326616.029841637,Uninterrupted_Baseline,420
1790326616.111932333,Uninterrupted_Baseline,421
1790326616.197413815,Uninterrupted_Baseline,421
1790326616.276459413,Uninterrupted_Baseline,421
1790326616.355463548,Uninterrupted_Baseline,422
1790326616.433390923,Uninterrupted_Baseline,422
1790326616.521562169,Uninterrupted_Baseline,423
1790326616.573477364,Uninterrupted_Baseline,423
1790326616.625951854,Uninterrupted_Baseline,423
1790326616.700254751,Uninterrupted_Baseline,424
1790326616.784528616,Uninterrupted_Baseline,424
1790326616.867792728,Uninterrupted_Baseline,425
1790326616.951392038,Uninterrupted_Baseline,425
1790326617.025528192,Uninterrupted_Baseline,426
1790326617.110121249,Uninterrupted_Baseline,426
1790326617.194845280,Uninterrupted_Baseline,427
1790326617.258070333,Uninterrupted_Baseline,427
1790326617.334088006,Uninterrupted_Baseline,428
1790326617.419032970,Uninterrupted_Baseline,428
1790326617.505283206,Uninterrupted_Baseline,429
1790326617.594704748,Uninterrupted_Baseline,429
1790326617.674225987,Uninterrupted_Baseline,430
1790326617.752685574,Uninterrupted_Baseline,430
1790326617.822899117,Uninterrupted_Baseline,430
1790326617.902922683,Uninterrupted_Baseline,431
1790326617.991880266,Uninterrupted_Baseline,431
1790326618.064156247,Uninterrupted_Baseline,432
1790326618.151602288,Uninterrupted_Baseline,432
1790326618.240369827,Uninterrupted_Baseline,433
1790326618.308986774,Uninterrupted_Baseline,433
1790326618.384692865,Uninterrupted_Baseline,433
1790326618.437696046,Uninterrupted_Baseline,434
1790326618.498371406,Uninterrupted_Baseline,434
1790326618.566046941,Uninterrupted_Baseline,435
1790326618.628464424,Uninterrupted_Baseline,435
1790326618.714005197,Uninterrupted_Baseline,435
1790326618.798358215,Uninterrupted_Baseline,436
1790326618.886840392,Uninterrupted_Baseline,436
1790326618.964159637,Uninterrupted_Baseline,437
1790326619.050783550,Uninterrupted_Baseline,437
1790326619.137347405,Uninterrupted_Baseline,438
1790326619.204334197,Uninterrupted_Baseline,438
1790326619.265248802,Uninterrupted_Baseline,439
1790326619.327406859,Uninterrupted_Baseline,439
1790326619.402736760,Uninterrupted_Baseline,439
1790326619.484940792,Uninterrupted_Baseline,440
1790326619.567921022,Uninterrupted_Baseline,440
1790326619.652563363,Uninterrupted_Baseline,441
1790326619.727804157,Uninterrupted_Baseline,441
1790326619.800163670,Uninterrupted_Baseline,442
1790326619.879410264,Uninterrupted_Baseline,442
1790326619.948926160,Uninterrupted_Baseline,443
1790326620.035517312,Uninterrupted_Baseline,443
1790326620.104577310,Uninterrupted_Baseline,443
1790326620.183969494,Uninterrupted_Baseline,444
1790326620.263186667,Uninterrupted_Baseline,444
1790326620.345450526,Uninterrupted_Baseline,445
1790326620.425347520,Uninterrupted_Baseline,445
1790326620.500765983,Uninterrupted_Baseline,446
1790326620.558102275,Uninterrupted_Baseline,446
1790326620.616576632,Uninterrupted_Baseline,446
1790326620.697964675,Uninterrupted_Baseline,447
1790326620.762514386,Uninterrupted_Baseline,447
1790326620.828695543,Uninterrupted_Baseline,448
1790326620.889363974,Uninterrupted_Baseline,448
1790326620.963312416,Uninterrupted_Baseline,448
1790326621.044679439,Uninterrupted_Baseline,449
1790326621.123113882,Uninterrupted_Baseline,449
1790326621.203391054,Uninterrupted_Baseline,450
1790326621.285508808,Uninterrupted_Baseline,450
1790326621.343914019,Uninterrupted_Baseline,451
1790326621.429131180,Uninterrupted_Baseline,451
1790326621.517859383,Uninterrupted_Baseline,452
1790326621.603100304,Uninterrupted_Baseline,452
1790326621.692404815,Uninterrupted_Baseline,453
1790326621.779926673,Uninterrupted_Baseline,453
1790326621.865616818,Uninterrupted_Baseline,454
1790326621.951885994,Uninterrupted_Baseline,454
1790326622.041295615,Uninterrupted_Baseline,455
1790326622.124772169,Uninterrupted_Baseline,455
1790326622.207284874,Uninterrupted_Baseline,456
1790326622.284993401,Uninterrupted_Baseline,456
1790326622.364440037,Uninterrupted_Baseline,456
1790326622.450580773,Uninterrupted_Baseline,457
1790326622.547050071,Uninterrupted_Baseline,458
1790326622.635040339,Uninterrupted_Baseline,458
1790326622.725111235,Uninterrupted_Baseline,458
1790326622.802132989,Uninterrupted_Baseline,459
1790326622.879599289,Uninterrupted_Baseline,459
1790326622.968439945,Uninterrupted_Baseline,460
1790326623.048463082,Uninterrupted_Baseline,460
1790326623.115076635,Uninterrupted_Baseline,461
1790326623.189102372,Uninterrupted_Baseline,461
1790326623.278012739,Uninterrupted_Baseline,462
1790326623.348200830,Uninterrupted_Baseline,462
1790326623.431896460,Uninterrupted_Baseline,463
1790326623.512530404,Uninterrupted_Baseline,463
1790326623.592262486,Uninterrupted_Baseline,463
1790326623.671166592,Uninterrupted_Baseline,464
1790326623.753897305,Uninterrupted_Baseline,464
1790326623.837559975,Uninterrupted_Baseline,465
1790326623.922167794,Uninterrupted_Baseline,465
1790326624.004154970,Uninterrupted_Baseline,466
1790326624.084141785,Uninterrupted_Baseline,466
1790326624.172804940,Uninterrupted_Baseline,467
1790326624.245509661,Uninterrupted_Baseline,467
1790326624.325473672,Uninterrupted_Baseline,468
1790326624.410150832,Uninterrupted_Baseline,468
1790326624.492492339,Uninterrupted_Baseline,469
1790326624.575871309,Uninterrupted_Baseline,469
1790326624.659791651,Uninterrupted_Baseline,470
1790326624.745507983,Uninterrupted_Baseline,470
1790326624.829214428,Uninterrupted_Baseline,471
1790326624.921055825,Uninterrupted_Baseline,471
1790326624.971493041,Uninterrupted_Baseline,471
1790326625.035954283,Uninterrupted_Baseline,472
1790326625.108580028,Uninterrupted_Baseline,472
1790326625.193089262,Uninterrupted_Baseline,473
1790326625.273128513,Uninterrupted_Baseline,473
1790326625.361709406,Uninterrupted_Baseline,474
1790326625.444730746,Uninterrupted_Baseline,474
1790326625.525390388,Uninterrupted_Baseline,475
1790326625.610564784,Uninterrupted_Baseline,475
1790326625.693130444,Uninterrupted_Baseline,476
1790326625.773773865,Uninterrupted_Baseline,476
1790326625.857013348,Uninterrupted_Baseline,476
1790326625.939490901,Uninterrupted_Baseline,477
1790326626.022748449,Uninterrupted_Baseline,477
1790326626.106138207,Uninterrupted_Baseline,478
1790326626.187269634,Uninterrupted_Baseline,478
1790326626.270856665,Uninterrupted_Baseline,479
1790326626.349718888,Uninterrupted_Baseline,479
1790326626.429756525,Uninterrupted_Baseline,480
1790326626.514520351,Uninterrupted_Baseline,480
1790326626.601919572,Uninterrupted_Baseline,481
1790326626.687245674,Uninterrupted_Baseline,481
1790326626.767762471,Uninterrupted_Baseline,482
1790326626.863898930,Uninterrupted_Baseline,482
1790326626.944869147,Uninterrupted_Baseline,483
1790326627.024514403,Uninterrupted_Baseline,483
1790326627.101610165,Uninterrupted_Baseline,484
1790326627.181952765,Uninterrupted_Baseline,484
1790326627.259167615,Uninterrupted_Baseline,485
1790326627.342259631,Uninterrupted_Baseline,485
1790326627.424291506,Uninterrupted_Baseline,486
1790326627.509946176,Uninterrupted_Baseline,486
1790326627.594797727,Uninterrupted_Baseline,487
1790326627.679982383,Uninterrupted_Baseline,487
1790326627.763577394,Uninterrupted_Baseline,488
1790326627.842890233,Uninterrupted_Baseline,488
1790326627.926183289,Uninterrupted_Baseline,488
1790326628.007012124,Uninterrupted_Baseline,489
1790326628.088672881,Uninterrupted_Baseline,489
1790326628.173586803,Uninterrupted_Baseline,490
1790326628.254917017,Uninterrupted_Baseline,490
1790326628.326349290,Uninterrupted_Baseline,491
1790326628.409981400,Uninterrupted_Baseline,491
1790326628.467578995,Uninterrupted_Baseline,492
1790326628.519379920,Uninterrupted_Baseline,492
1790326628.583053710,Uninterrupted_Baseline,492
1790326628.650769642,Uninterrupted_Baseline,493
1790326628.721512841,Uninterrupted_Baseline,493
1790326628.791295032,Uninterrupted_Baseline,493
1790326628.867075497,Uninterrupted_Baseline,494
1790326628.956328152,Uninterrupted_Baseline,494
1790326629.053222103,Uninterrupted_Baseline,495
1790326629.129593901,Uninterrupted_Baseline,495
1790326629.192463902,Uninterrupted_Baseline,496
1790326629.272685125,Uninterrupted_Baseline,496
1790326629.353197287,Uninterrupted_Baseline,497
1790326629.438188791,Uninterrupted_Baseline,497
1790326629.519839105,Uninterrupted_Baseline,498
1790326629.602337660,Uninterrupted_Baseline,498
1790326629.683905727,Uninterrupted_Baseline,499
1790326629.756762072,Uninterrupted_Baseline,499
1790326629.832635394,Uninterrupted_Baseline,500
1790326629.915208818,Uninterrupted_Baseline,500
1790326629.999579263,Uninterrupted_Baseline,501
1790326630.085954644,Uninterrupted_Baseline,501
1790326630.160498968,Uninterrupted_Baseline,501
1790326630.239428597,Uninterrupted_Baseline,502
1790326630.317942745,Uninterrupted_Baseline,502
1790326630.377724374,Uninterrupted_Baseline,503
1790326630.462109660,Uninterrupted_Baseline,503
1790326630.532919006,Uninterrupted_Baseline,504
1790326630.596400701,Uninterrupted_Baseline,504
1790326630.679706038,Uninterrupted_Baseline,504
1790326630.760297536,Uninterrupted_Baseline,505
1790326630.840762685,Uninterrupted_Baseline,505
1790326630.921099540,Uninterrupted_Baseline,506
1790326631.006444424,Uninterrupted_Baseline,506
1790326631.091080271,Uninterrupted_Baseline,507
1790326631.168038451,Uninterrupted_Baseline,507
1790326631.254050757,Uninterrupted_Baseline,508
1790326631.334578565,Uninterrupted_Baseline,508
1790326631.396561239,Uninterrupted_Baseline,508
1790326631.466018971,Uninterrupted_Baseline,509
1790326631.532082989,Uninterrupted_Baseline,509
1790326631.614756572,Uninterrupted_Baseline,510
1790326631.698203768,Uninterrupted_Baseline,510
1790326631.779076172,Uninterrupted_Baseline,511
1790326631.860985837,Uninterrupted_Baseline,511
1790326631.942992221,Uninterrupted_Baseline,512
1790326632.025714818,Uninterrupted_Baseline,512
1790326632.104914107,Uninterrupted_Baseline,513
1790326632.185822022,Uninterrupted_Baseline,513
1790326632.271138644,Uninterrupted_Baseline,514
1790326632.355753323,Uninterrupted_Baseline,514
1790326632.447490062,Uninterrupted_Baseline,515
1790326632.539188564,Uninterrupted_Baseline,515
1790326632.617518628,Uninterrupted_Baseline,516
1790326632.706434100,Uninterrupted_Baseline,516
1790326632.790390259,Uninterrupted_Baseline,517
1790326632.876773229,Uninterrupted_Baseline,517
1790326632.959818300,Uninterrupted_Baseline,518
1790326633.044190553,Uninterrupted_Baseline,518
1790326633.128031021,Uninterrupted_Baseline,518
1790326633.206485137,Uninterrupted_Baseline,519
1790326633.287728584,Uninterrupted_Baseline,519
1790326633.373966759,Uninterrupted_Baseline,520
1790326633.461636780,Uninterrupted_Baseline,520
1790326633.548318713,Uninterrupted_Baseline,521
1790326633.628885775,Uninterrupted_Baseline,521
1790326633.704255668,Uninterrupted_Baseline,522
1790326633.781269021,Uninterrupted_Baseline,522
1790326633.856041397,Uninterrupted_Baseline,523
1790326633.927414462,Uninterrupted_Baseline,523
1790326633.993855975,Uninterrupted_Baseline,523
1790326634.083278565,Uninterrupted_Baseline,524
1790326634.151259603,Uninterrupted_Baseline,524
1790326634.215117852,Uninterrupted_Baseline,525
1790326634.295930074,Uninterrupted_Baseline,525
1790326634.386726335,Uninterrupted_Baseline,526
1790326634.470059867,Uninterrupted_Baseline,526
1790326634.541795399,Uninterrupted_Baseline,527
1790326634.621463741,Uninterrupted_Baseline,527
1790326634.708156761,Uninterrupted_Baseline,528
1790326634.778933457,Uninterrupted_Baseline,528
1790326634.847879203,Uninterrupted_Baseline,529
1790326634.924219020,Uninterrupted_Baseline,529
1790326634.991983619,Uninterrupted_Baseline,529
1790326635.050031732,Uninterrupted_Baseline,530
1790326635.127136197,Uninterrupted_Baseline,530
1790326635.207330119,Uninterrupted_Baseline,531
1790326635.287466746,Uninterrupted_Baseline,531
1790326635.370776029,Uninterrupted_Baseline,532
1790326635.449426188,Uninterrupted_Baseline,532
1790326635.532510512,Uninterrupted_Baseline,532
1790326635.613527968,Uninterrupted_Baseline,533
1790326635.688436970,Uninterrupted_Baseline,533
1790326635.769510921,Uninterrupted_Baseline,534
1790326635.852081761,Uninterrupted_Baseline,534
1790326635.933814839,Uninterrupted_Baseline,535
1790326636.014717322,Uninterrupted_Baseline,535
1790326636.103644735,Uninterrupted_Baseline,536
1790326636.181246441,Uninterrupted_Baseline,536
1790326636.267206620,Uninterrupted_Baseline,537
1790326636.347178225,Uninterrupted_Baseline,537
1790326636.424002129,Uninterrupted_Baseline,538
1790326636.493520056,Uninterrupted_Baseline,538
1790326636.575096018,Uninterrupted_Baseline,539
1790326636.656889523,Uninterrupted_Baseline,539
1790326636.740707758,Uninterrupted_Baseline,539
1790326636.820842229,Uninterrupted_Baseline,540
1790326636.904612237,Uninterrupted_Baseline,540
1790326636.988103497,Uninterrupted_Baseline,541
1790326637.064466182,Uninterrupted_Baseline,541
1790326637.152062880,Uninterrupted_Baseline,542
1790326637.230758893,Uninterrupted_Baseline,542
1790326637.312923865,Uninterrupted_Baseline,543
1790326637.394251290,Uninterrupted_Baseline,543
1790326637.480340134,Uninterrupted_Baseline,544
1790326637.563684076,Uninterrupted_Baseline,544
1790326637.645384258,Uninterrupted_Baseline,545
1790326637.733060613,Uninterrupted_Baseline,545
1790326637.819604096,Uninterrupted_Baseline,546
1790326637.901635941,Uninterrupted_Baseline,546
1790326637.991527657,Uninterrupted_Baseline,547
1790326638.064780647,Uninterrupted_Baseline,547
1790326638.147739256,Uninterrupted_Baseline,548
1790326638.233297680,Uninterrupted_Baseline,548
1790326638.290735360,Uninterrupted_Baseline,548
1790326638.371071915,Uninterrupted_Baseline,549
1790326638.438803015,Uninterrupted_Baseline,549
1790326638.493335608,Uninterrupted_Baseline,550
1790326638.558508443,Uninterrupted_Baseline,550
1790326638.624135043,Uninterrupted_Baseline,550
1790326638.697817853,Uninterrupted_Baseline,551
1790326638.776261142,Uninterrupted_Baseline,551
1790326638.852915872,Uninterrupted_Baseline,552
1790326638.938624703,Uninterrupted_Baseline,552
1790326639.023133496,Uninterrupted_Baseline,553
1790326639.092727662,Uninterrupted_Baseline,553
1790326639.166289500,Uninterrupted_Baseline,554
1790326639.234622217,Uninterrupted_Baseline,554
1790326639.316171961,Uninterrupted_Baseline,554
1790326639.397922239,Uninterrupted_Baseline,555
1790326639.480642880,Uninterrupted_Baseline,555
1790326639.551128720,Uninterrupted_Baseline,556
1790326639.632693186,Uninterrupted_Baseline,556
1790326639.714166877,Uninterrupted_Baseline,557
1790326639.793634774,Uninterrupted_Baseline,557
1790326639.872025447,Uninterrupted_Baseline,558
1790326639.953417681,Uninterrupted_Baseline,558
1790326640.036698653,Uninterrupted_Baseline,559
1790326640.115455346,Uninterrupted_Baseline,559
1790326640.190883740,Uninterrupted_Baseline,560
1790326640.277090770,Uninterrupted_Baseline,560
1790326640.355738107,Uninterrupted_Baseline,561
1790326640.442206660,Uninterrupted_Baseline,561
1790326640.516154214,Uninterrupted_Baseline,561
1790326640.587325874,Uninterrupted_Baseline,562
1790326640.668149848,Uninterrupted_Baseline,562
1790326640.751253409,Uninterrupted_Baseline,563
1790326640.834919985,Uninterrupted_Baseline,563
1790326640.920587979,Uninterrupted_Baseline,564
1790326641.005287690,Uninterrupted_Baseline,564
1790326641.090884179,Uninterrupted_Baseline,565
1790326641.172621712,Uninterrupted_Baseline,565
1790326641.255058098,Uninterrupted_Baseline,566
1790326641.342934817,Uninterrupted_Baseline,566
1790326641.427267315,Uninterrupted_Baseline,567
1790326641.509695228,Uninterrupted_Baseline,567
1790326641.596825258,Uninterrupted_Baseline,568
1790326641.677407190,Uninterrupted_Baseline,568
1790326641.759467761,Uninterrupted_Baseline,569
1790326641.838165808,Uninterrupted_Baseline,569
1790326641.925905048,Uninterrupted_Baseline,570
1790326642.007737427,Uninterrupted_Baseline,570
1790326642.084921510,Uninterrupted_Baseline,570
1790326642.162977946,Uninterrupted_Baseline,571
1790326642.245071142,Uninterrupted_Baseline,571
1790326642.326840442,Uninterrupted_Baseline,572
1790326642.383889181,Uninterrupted_Baseline,572
1790326642.462556691,Uninterrupted_Baseline,573
1790326642.544311017,Uninterrupted_Baseline,573
1790326642.628126094,Uninterrupted_Baseline,574
1790326642.711582867,Uninterrupted_Baseline,574
1790326642.797004041,Uninterrupted_Baseline,575
1790326642.881601576,Uninterrupted_Baseline,575
1790326642.962678050,Uninterrupted_Baseline,576
1790326643.031429249,Uninterrupted_Baseline,576
1790326643.107006873,Uninterrupted_Baseline,576
1790326643.189702649,Uninterrupted_Baseline,577
1790326643.271892691,Uninterrupted_Baseline,577
1790326643.354126294,Uninterrupted_Baseline,578
1790326643.438938350,Uninterrupted_Baseline,578
1790326643.521464076,Uninterrupted_Baseline,579
1790326643.602210338,Uninterrupted_Baseline,579
1790326643.680800931,Uninterrupted_Baseline,580
1790326643.764714910,Uninterrupted_Baseline,580
1790326643.843825196,Uninterrupted_Baseline,581
1790326643.926261511,Uninterrupted_Baseline,581
1790326644.009480713,Uninterrupted_Baseline,582
1790326644.093268875,Uninterrupted_Baseline,582
1790326644.173792269,Uninterrupted_Baseline,583
1790326644.258230158,Uninterrupted_Baseline,583
1790326644.340765598,Uninterrupted_Baseline,584
1790326644.423336624,Uninterrupted_Baseline,584
1790326644.505242184,Uninterrupted_Baseline,585
1790326644.588490065,Uninterrupted_Baseline,585
1790326644.673252970,Uninterrupted_Baseline,586
1790326644.753125620,Uninterrupted_Baseline,586
1790326644.838455373,Uninterrupted_Baseline,587
1790326644.916054811,Uninterrupted_Baseline,587
1790326645.003267915,Uninterrupted_Baseline,587
1790326645.059000924,Uninterrupted_Baseline,588
1790326645.121468362,Uninterrupted_Baseline,588
1790326645.205128842,Uninterrupted_Baseline,589
1790326645.292052835,Uninterrupted_Baseline,589
1790326645.377063168,Uninterrupted_Baseline,590
1790326645.461832185,Uninterrupted_Baseline,590
1790326645.545373078,Uninterrupted_Baseline,591
1790326645.630412378,Uninterrupted_Baseline,591
1790326645.712015239,Uninterrupted_Baseline,592
1790326645.796090704,Uninterrupted_Baseline,592
1790326645.883002300,Uninterrupted_Baseline,593
1790326645.970499624,Uninterrupted_Baseline,593
1790326646.054283648,Uninterrupted_Baseline,594
1790326646.140347724,Uninterrupted_Baseline,594
1790326646.222438750,Uninterrupted_Baseline,595
1790326658.309870110,Phase1_Baseline,10
1790326658.390692287,Phase1_Baseline,10
1790326658.463746243,Phase1_Baseline,20
1790326658.518380605,Phase1_Baseline,20
1790326658.589180696,Phase1_Baseline,20
1790326658.645211060,Phase1_Baseline,40
1790326658.709631854,Phase1_Baseline,40
1790326658.784578793,Phase1_Baseline,80
1790326658.864123030,Phase1_Baseline,80
1790326658.943402980,Phase1_Baseline,160
1790326659.021187032,Phase1_Baseline,160
1790326659.089768016,Phase1_Baseline,222
1790326659.161002325,Phase1_Baseline,320
1790326659.227215854,Phase1_Baseline,320
1790326659.280606657,Phase1_Baseline,507
1790326659.361203347,Phase1_Baseline,640
1790326659.431118049,Phase1_Baseline,763
1790326659.491101259,Phase1_Baseline,1049
1790326659.569743059,Phase1_Baseline,970
1790326659.651609248,Phase1_Baseline,795
1790326659.740745503,Phase1_Baseline,612
1790326659.816562941,Phase1_Baseline,549
1790326659.907128849,Phase1_Baseline,549
1790326659.973947858,Phase1_Baseline,465
1790326660.040307645,Phase1_Baseline,324
1790326660.121641442,Phase1_Baseline,274
1790326660.195947163,Phase1_Baseline,274
1790326660.280753640,Phase1_Baseline,275
1790326660.355457694,Phase1_Baseline,275
1790326660.431513047,Phase1_Baseline,276
1790326660.512070644,Phase1_Baseline,276
1790326660.571978371,Phase1_Baseline,276
1790326660.652019743,Phase1_Baseline,277
1790326660.728771328,Phase1_Baseline,277
1790326660.809778283,Phase1_Baseline,278
1790326660.883190919,Phase1_Baseline,278
1790326660.965986034,Phase1_Baseline,279
1790326661.047321347,Phase1_Baseline,279
1790326661.128104460,Phase1_Baseline,280
1790326661.194176038,Phase1_Baseline,280
1790326661.260422262,Phase1_Baseline,281
1790326661.336586943,Phase1_Baseline,281
1790326661.404820384,Phase1_Baseline,282
1790326661.482814315,Phase1_Baseline,282
1790326661.564060364,Phase1_Baseline,283
1790326661.639878238,Phase1_Baseline,283
1790326661.709982489,Phase1_Baseline,283
1790326661.772967106,Phase1_Baseline,284
1790326661.852046819,Phase1_Baseline,284
1790326661.933188594,Phase1_Baseline,285
1790326662.017694576,Phase1_Baseline,285
1790326662.099940719,Phase1_Baseline,286
1790326662.176218808,Phase1_Baseline,286
1790326662.253027958,Phase1_Baseline,287
1790326662.326360740,Phase1_Baseline,287
1790326662.411253576,Phase1_Baseline,288
1790326662.497823391,Phase1_Baseline,288
1790326662.572442474,Phase1_Baseline,289
1790326662.650731910,Phase1_Baseline,289
1790326662.728878057,Phase1_Baseline,290
1790326662.818686508,Phase1_Baseline,290
1790326662.905382342,Phase1_Baseline,291
1790326662.989239000,Phase1_Baseline,291
1790326663.058515749,Phase1_Baseline,291
1790326663.140259448,Phase1_Baseline,292
1790326663.210344676,Phase1_Baseline,292
1790326663.284526296,Phase1_Baseline,293
1790326663.362929585,Phase1_Baseline,293
1790326663.449023511,Phase1_Baseline,294
1790326663.533415618,Phase1_Baseline,294
1790326663.615773467,Phase1_Baseline,295
1790326663.700188960,Phase1_Baseline,295
1790326663.782556522,Phase1_Baseline,296
1790326663.860229123,Phase1_Baseline,296
1790326663.940445378,Phase1_Baseline,297
1790326664.013564589,Phase1_Baseline,297
1790326664.096423861,Phase1_Baseline,298
1790326664.177888902,Phase1_Baseline,298
1790326664.259120788,Phase1_Baseline,299
1790326664.333290114,Phase1_Baseline,299
1790326664.399768145,Phase1_Baseline,300
1790326664.490701796,Phase1_Baseline,300
1790326664.570210811,Phase1_Baseline,300
1790326664.657097044,Phase1_Baseline,301
1790326664.739921428,Phase1_Baseline,301
1790326664.817308546,Phase1_Baseline,302
1790326664.883266172,Phase1_Baseline,302
1790326664.966150212,Phase1_Baseline,303
1790326665.048456934,Phase1_Baseline,303
1790326665.129907815,Phase1_Baseline,304
1790326665.214743730,Phase1_Baseline,304
1790326665.301054559,Phase1_Baseline,305
1790326665.380462588,Phase1_Baseline,305
1790326665.459580791,Phase1_Baseline,306
1790326665.544367837,Phase1_Baseline,306
1790326665.609286447,Phase1_Baseline,307
1790326665.689797457,Phase1_Baseline,307
1790326665.770970825,Phase1_Baseline,308
1790326665.848741790,Phase1_Baseline,308
1790326665.910972480,Phase1_Baseline,308
1790326665.990386186,Phase1_Baseline,309
1790326666.068335037,Phase1_Baseline,309
1790326666.155317668,Phase1_Baseline,310
1790326666.234298434,Phase1_Baseline,310
1790326666.318435464,Phase1_Baseline,311
1790326666.402616856,Phase1_Baseline,311
1790326666.478706810,Phase1_Baseline,312
1790326666.559521943,Phase1_Baseline,312
1790326666.639491474,Phase1_Baseline,313
1790326666.722522928,Phase1_Baseline,313
1790326666.798186026,Phase1_Baseline,314
1790326666.880729387,Phase1_Baseline,314
1790326666.943297447,Phase1_Baseline,314
1790326667.022063269,Phase1_Baseline,315
1790326667.098096078,Phase1_Baseline,315
1790326667.168188853,Phase1_Baseline,316
1790326667.241996206,Phase1_Baseline,316
1790326667.315795326,Phase1_Baseline,317
1790326667.393296843,Phase1_Baseline,317
1790326667.476819363,Phase1_Baseline,318
1790326667.560433488,Phase1_Baseline,318
1790326667.643254266,Phase1_Baseline,319
1790326667.727752010,Phase1_Baseline,319
1790326667.806238310,Phase1_Baseline,319
1790326667.890890216,Phase1_Baseline,320
1790326667.979810128,Phase1_Baseline,320
1790326668.057405068,Phase1_Baseline,321
1790326668.116582151,Phase1_Baseline,321
1790326668.191934667,Phase1_Baseline,322
1790326668.270523550,Phase1_Baseline,322
1790326668.331207233,Phase1_Baseline,322
1790326668.395015360,Phase1_Baseline,323
1790326668.447326916,Phase1_Baseline,323
1790326668.513389200,Phase1_Baseline,324
1790326668.570862307,Phase1_Baseline,324
1790326668.647414901,Phase1_Baseline,324
1790326668.730074762,Phase1_Baseline,325
1790326668.782923939,Phase1_Baseline,325
1790326668.843618175,Phase1_Baseline,325
1790326668.929396365,Phase1_Baseline,326
1790326669.011440226,Phase1_Baseline,326
1790326669.094397110,Phase1_Baseline,327
1790326669.154928284,Phase1_Baseline,327
1790326669.235599891,Phase1_Baseline,328
1790326669.301131765,Phase1_Baseline,328
1790326669.387039356,Phase1_Baseline,329
1790326669.472806212,Phase1_Baseline,329
1790326669.550496626,Phase1_Baseline,330
1790326669.630290465,Phase1_Baseline,330
1790326669.705050481,Phase1_Baseline,330
1790326669.781931862,Phase1_Baseline,331
1790326669.848595518,Phase1_Baseline,331
1790326669.928821956,Phase1_Baseline,332
1790326670.012018104,Phase1_Baseline,332
1790326670.095396351,Phase1_Baseline,333
1790326670.170565114,Phase1_Baseline,333
1790326670.236146858,Phase1_Baseline,334
1790326670.318172818,Phase1_Baseline,334
1790326670.393835508,Phase1_Baseline,334
1790326670.474721382,Phase1_Baseline,335
1790326670.536765457,Phase1_Baseline,335
1790326670.609674265,Phase1_Baseline,336
1790326670.687909982,Phase1_Baseline,336
1790326670.766829172,Phase1_Baseline,337
1790326670.850311202,Phase1_Baseline,337
1790326670.936731884,Phase1_Baseline,338
1790326671.023413348,Phase1_Baseline,338
1790326671.106525719,Phase1_Baseline,339
1790326671.187282288,Phase1_Baseline,339
1790326671.263602098,Phase1_Baseline,339
1790326671.342104815,Phase1_Baseline,340
1790326671.409000110,Phase1_Baseline,340
1790326671.485107487,Phase1_Baseline,341
1790326671.556105538,Phase1_Baseline,341
1790326671.619778752,Phase1_Baseline,341
1790326671.700156676,Phase1_Baseline,342
1790326671.777781284,Phase1_Baseline,342
1790326671.858038985,Phase1_Baseline,343
1790326671.926602255,Phase1_Baseline,343
1790326672.014508606,Phase1_Baseline,344
1790326672.093372349,Phase1_Baseline,344
1790326672.169603434,Phase1_Baseline,345
1790326672.246189663,Phase1_Baseline,345
1790326672.323493314,Phase1_Baseline,346
1790326672.413934862,Phase1_Baseline,346
1790326672.496900707,Phase1_Baseline,347
1790326672.574482165,Phase1_Baseline,347
1790326672.635966714,Phase1_Baseline,347
1790326672.706191715,Phase1_Baseline,348
1790326672.781567928,Phase1_Baseline,348
1790326672.863567247,Phase1_Baseline,349
1790326672.949278827,Phase1_Baseline,349
1790326673.024208724,Phase1_Baseline,350
1790326673.108825503,Phase1_Baseline,350
1790326673.183000839,Phase1_Baseline,351
1790326673.255497504,Phase1_Baseline,351
1790326673.325284386,Phase1_Baseline,351
1790326673.404057776,Phase1_Baseline,352
1790326673.486945223,Phase1_Baseline,352
1790326673.566117751,Phase1_Baseline,353
1790326673.642586882,Phase1_Baseline,353
1790326673.722821056,Phase1_Baseline,354
1790326673.799198586,Phase1_Baseline,354
1790326673.869006482,Phase1_Baseline,355
1790326673.950302531,Phase1_Baseline,355
1790326674.010959538,Phase1_Baseline,355
1790326674.080390101,Phase1_Baseline,356
1790326674.154116079,Phase1_Baseline,356
1790326674.234608084,Phase1_Baseline,357
1790326674.318102640,Phase1_Baseline,357
1790326674.411525918,Phase1_Baseline,358
1790326674.498282878,Phase1_Baseline,358
1790326674.575738625,Phase1_Baseline,359
1790326674.657596880,Phase1_Baseline,359
1790326674.716977152,Phase1_Baseline,360
1790326674.800125616,Phase1_Baseline,360
1790326674.880057892,Phase1_Baseline,361
1790326674.966181152,Phase1_Baseline,361
1790326675.047369773,Phase1_Baseline,361
1790326675.128330628,Phase1_Baseline,362
1790326675.214628289,Phase1_Baseline,362
1790326675.296604469,Phase1_Baseline,363
1790326675.374773231,Phase1_Baseline,363
1790326675.458017234,Phase1_Baseline,364
1790326675.538470244,Phase1_Baseline,364
1790326675.617211369,Phase1_Baseline,365
1790326675.701561928,Phase1_Baseline,365
1790326675.772033482,Phase1_Baseline,366
1790326675.831607075,Phase1_Baseline,366
1790326675.909156397,Phase1_Baseline,366
1790326675.988705884,Phase1_Baseline,367
1790326676.065272503,Phase1_Baseline,367
1790326676.150282132,Phase1_Baseline,368
1790326676.232288415,Phase1_Baseline,368
1790326676.313670431,Phase1_Baseline,369
1790326676.398124803,Phase1_Baseline,369
1790326676.483989385,Phase1_Baseline,370
1790326676.565123820,Phase1_Baseline,370
1790326676.648079366,Phase1_Baseline,371
1790326676.727130941,Phase1_Baseline,371
1790326676.807586550,Phase1_Baseline,372
1790326676.880163927,Phase1_Baseline,372
1790326676.960148740,Phase1_Baseline,373
1790326677.041335869,Phase1_Baseline,373
1790326677.119158098,Phase1_Baseline,373
1790326677.202689559,Phase1_Baseline,374
1790326677.265034481,Phase1_Baseline,374
1790326677.330457493,Phase1_Baseline,375
1790326677.409744495,Phase1_Baseline,375
1790326677.492168954,Phase1_Baseline,376
1790326677.560388385,Phase1_Baseline,376
1790326677.640887253,Phase1_Baseline,376
1790326677.723037559,Phase1_Baseline,377
1790326677.803521128,Phase1_Baseline,377
1790326677.884758883,Phase1_Baseline,378
1790326677.973170366,Phase1_Baseline,378
1790326678.059334312,Phase1_Baseline,379
1790326678.122423962,Phase1_Baseline,379
1790326678.202169864,Phase1_Baseline,380
1790326678.274946007,Phase1_Baseline,380
1790326678.355029308,Phase1_Baseline,381
1790326678.416742956,Phase1_Baseline,381
1790326678.466186636,Phase1_Baseline,381
1790326678.529044505,Phase1_Baseline,382
1790326678.594617554,Phase1_Baseline,382
1790326678.670400535,Phase1_Baseline,382
1790326678.747084886,Phase1_Baseline,383
1790326678.816988899,Phase1_Baseline,383
1790326678.872151819,Phase1_Baseline,383
1790326678.936432872,Phase1_Baseline,384
1790326678.993033196,Phase1_Baseline,384
1790326679.068787819,Phase1_Baseline,385
1790326679.139690052,Phase1_Baseline,385
1790326679.202233184,Phase1_Baseline,385
1790326679.267873190,Phase1_Baseline,386
1790326679.353700872,Phase1_Baseline,386
1790326679.438283990,Phase1_Baseline,387
1790326679.523307723,Phase1_Baseline,387
1790326679.599707345,Phase1_Baseline,388
1790326679.683291615,Phase1_Baseline,388
1790326679.760705316,Phase1_Baseline,389
1790326679.841979685,Phase1_Baseline,389
1790326679.924440578,Phase1_Baseline,390
1790326680.007611715,Phase1_Baseline,390
1790326680.091028198,Phase1_Baseline,390
1790326680.175128448,Phase1_Baseline,391
1790326680.258097512,Phase1_Baseline,391
1790326680.341946459,Phase1_Baseline,392
1790326680.430731200,Phase1_Baseline,392
1790326680.514351195,Phase1_Baseline,393
1790326680.594218779,Phase1_Baseline,393
1790326680.673187085,Phase1_Baseline,394
1790326680.756981777,Phase1_Baseline,394
1790326680.840483246,Phase1_Baseline,395
1790326680.925502852,Phase1_Baseline,395
1790326681.007731003,Phase1_Baseline,396
1790326681.092810682,Phase1_Baseline,396
1790326681.171196995,Phase1_Baseline,397
1790326681.250471277,Phase1_Baseline,397
1790326681.314406253,Phase1_Baseline,398
1790326681.391685096,Phase1_Baseline,398
1790326681.472391139,Phase1_Baseline,398
1790326681.556685602,Phase1_Baseline,399
1790326681.644098943,Phase1_Baseline,399
1790326681.721055730,Phase1_Baseline,400
1790326681.797453402,Phase1_Baseline,400
1790326681.882740557,Phase1_Baseline,401
1790326681.966186970,Phase1_Baseline,401
1790326682.046867914,Phase1_Baseline,402
1790326682.126092217,Phase1_Baseline,402
1790326682.204868560,Phase1_Baseline,403
1790326682.287998022,Phase1_Baseline,403
1790326682.369323934,Phase1_Baseline,404
1790326682.454290444,Phase1_Baseline,404
1790326682.537257058,Phase1_Baseline,405
1790326682.618291044,Phase1_Baseline,405
1790326682.703893402,Phase1_Baseline,406
1790326682.790235921,Phase1_Baseline,406
1790326682.871346956,Phase1_Baseline,407
1790326682.952066067,Phase1_Baseline,407
1790326683.039366049,Phase1_Baseline,408
1790326683.122298037,Phase1_Baseline,408
1790326683.197165390,Phase1_Baseline,408
1790326683.268776270,Phase1_Baseline,409
1790326683.347865780,Phase1_Baseline,409
1790326683.431317933,Phase1_Baseline,410
1790326683.492977618,Phase1_Baseline,410
1790326683.565610893,Phase1_Baseline,411
1790326683.648042555,Phase1_Baseline,411
1790326683.731319032,Phase1_Baseline,412
1790326683.816412505,Phase1_Baseline,412
1790326683.891584696,Phase1_Baseline,412
1790326683.967546130,Phase1_Baseline,413
1790326684.047982298,Phase1_Baseline,413
1790326684.132336614,Phase1_Baseline,414
1790326684.216154477,Phase1_Baseline,414
1790326684.302290561,Phase1_Baseline,415
1790326684.385402983,Phase1_Baseline,415
1790326684.471511316,Phase1_Baseline,416
1790326684.553873289,Phase1_Baseline,416
1790326684.636362169,Phase1_Baseline,417
1790326684.719767424,Phase1_Baseline,417
1790326684.801809727,Phase1_Baseline,418
1790326684.882836063,Phase1_Baseline,418
1790326684.965994955,Phase1_Baseline,419
1790326685.044782483,Phase1_Baseline,419
1790326685.130276277,Phase1_Baseline,420
1790326685.211837062,Phase1_Baseline,420
1790326685.300614077,Phase1_Baseline,421
1790326685.378002022,Phase1_Baseline,421
1790326685.434848128,Phase1_Baseline,421
1790326685.517904622,Phase1_Baseline,422
1790326685.600842526,Phase1_Baseline,422
1790326685.688339257,Phase1_Baseline,423
1790326685.770270511,Phase1_Baseline,423
1790326685.852840217,Phase1_Baseline,424
1790326685.936247126,Phase1_Baseline,424
1790326686.016194839,Phase1_Baseline,425
1790326686.077971461,Phase1_Baseline,425
1790326686.148162609,Phase1_Baseline,425
1790326686.225347553,Phase1_Baseline,426
1790326686.283136021,Phase1_Baseline,426
1790326686.343100651,Phase1_Baseline,426
1790326686.408355460,Phase1_Baseline,427
1790326686.490637581,Phase1_Baseline,427
1790326686.557894475,Phase1_Baseline,428
1790326686.638175723,Phase1_Baseline,428
1790326686.720747023,Phase1_Baseline,429
1790326686.800631969,Phase1_Baseline,429
1790326686.853098309,Phase1_Baseline,429
1790326686.916415361,Phase1_Baseline,430
1790326686.977300080,Phase1_Baseline,430
1790326687.057717563,Phase1_Baseline,431
1790326687.138079863,Phase1_Baseline,431
1790326687.214242259,Phase1_Baseline,432
1790326687.292834174,Phase1_Baseline,432
1790326687.370997937,Phase1_Baseline,432
1790326687.453268070,Phase1_Baseline,433
1790326687.538389074,Phase1_Baseline,433
1790326687.623163126,Phase1_Baseline,434
1790326687.704413704,Phase1_Baseline,434
1790326687.785054940,Phase1_Baseline,435
1790326687.870040179,Phase1_Baseline,435
1790326687.955508781,Phase1_Baseline,436
1790326688.034605985,Phase1_Baseline,436
1790326688.119898726,Phase1_Baseline,437
1790326688.194968489,Phase1_Baseline,437
1790326688.282715198,Phase1_Baseline,438
1790326688.361065098,Phase1_Baseline,438
1790326688.424839463,Phase1_Baseline,438
1790326688.474000317,Phase1_Baseline,439
1790326688.526608808,Phase1_Baseline,439
1790326688.596036013,Phase1_Baseline,439
1790326688.665731694,Phase1_Baseline,440
1790326688.733457012,Phase1_Baseline,440
1790326688.820692057,Phase1_Baseline,441
1790326688.898873816,Phase1_Baseline,441
1790326688.980513693,Phase1_Baseline,442
1790326689.045132331,Phase1_Baseline,442
1790326689.115037002,Phase1_Baseline,442
1790326689.176950601,Phase1_Baseline,443
1790326689.235717050,Phase1_Baseline,443
1790326689.299420205,Phase1_Baseline,444
1790326689.380940179,Phase1_Baseline,444
1790326689.455471394,Phase1_Baseline,444
1790326689.540863262,Phase1_Baseline,445
1790326689.621442725,Phase1_Baseline,445
1790326689.701405476,Phase1_Baseline,446
1790326689.771175098,Phase1_Baseline,446
1790326689.850064415,Phase1_Baseline,447
1790326689.917441069,Phase1_Baseline,447
1790326689.998373138,Phase1_Baseline,448
1790326690.081729802,Phase1_Baseline,448
1790326690.163401756,Phase1_Baseline,448
1790326690.215050680,Phase1_Baseline,449
1790326690.277864348,Phase1_Baseline,449
1790326690.340766286,Phase1_Baseline,449
1790326690.429603902,Phase1_Baseline,450
1790326690.496609363,Phase1_Baseline,450
1790326690.574254756,Phase1_Baseline,451
1790326690.659011808,Phase1_Baseline,451
1790326690.733695887,Phase1_Baseline,452
1790326690.786850347,Phase1_Baseline,452
1790326690.842866582,Phase1_Baseline,452
1790326690.907091917,Phase1_Baseline,453
1790326690.987678403,Phase1_Baseline,453
1790326691.074966074,Phase1_Baseline,454
1790326691.159288535,Phase1_Baseline,454
1790326691.232141024,Phase1_Baseline,455
1790326691.307338538,Phase1_Baseline,455
1790326691.376559221,Phase1_Baseline,455
1790326691.458450110,Phase1_Baseline,456
1790326691.543880602,Phase1_Baseline,456
1790326691.628276155,Phase1_Baseline,457
1790326691.699312325,Phase1_Baseline,457
1790326691.772940624,Phase1_Baseline,458
1790326691.850728544,Phase1_Baseline,458
1790326691.932586167,Phase1_Baseline,459
1790326692.015052086,Phase1_Baseline,459
1790326692.100058565,Phase1_Baseline,460
1790326692.184324231,Phase1_Baseline,460
1790326692.260994744,Phase1_Baseline,461
1790326692.346438648,Phase1_Baseline,461
1790326692.419226585,Phase1_Baseline,461
1790326695.021337541,Phase2_Migrated,10
1790326695.087793182,Phase2_Migrated,10
1790326695.165844617,Phase2_Migrated,10
1790326695.260063633,Phase2_Migrated,10
1790326695.360864038,Phase2_Migrated,20
1790326695.452996790,Phase2_Migrated,20
1790326695.544679082,Phase2_Migrated,40
1790326695.639988200,Phase2_Migrated,80
1790326695.718874369,Phase2_Migrated,80
1790326695.796781964,Phase2_Migrated,142
1790326695.885191552,Phase2_Migrated,160
1790326695.975581856,Phase2_Migrated,296
1790326696.063439072,Phase2_Migrated,320
1790326696.151848543,Phase2_Migrated,505
1790326696.223512230,Phase2_Migrated,640
1790326696.316968438,Phase2_Migrated,867
1790326696.406944440,Phase2_Migrated,1005
1790326696.509989467,Phase2_Migrated,816
1790326696.603582846,Phase2_Migrated,612
1790326696.696564618,Phase2_Migrated,548
1790326696.782631601,Phase2_Migrated,548
1790326696.872181264,Phase2_Migrated,388
1790326696.965889410,Phase2_Migrated,274
1790326697.063184911,Phase2_Migrated,274
1790326697.167061574,Phase2_Migrated,275
1790326697.268147122,Phase2_Migrated,275
1790326697.363072921,Phase2_Migrated,276
1790326697.453239864,Phase2_Migrated,277
1790326697.544571693,Phase2_Migrated,277
1790326697.634641776,Phase2_Migrated,278
1790326697.726565311,Phase2_Migrated,278
1790326697.820908367,Phase2_Migrated,279
1790326697.918293065,Phase2_Migrated,279
1790326698.013249329,Phase2_Migrated,280
1790326698.071814395,Phase2_Migrated,280
1790326698.145400723,Phase2_Migrated,281
1790326698.233965163,Phase2_Migrated,281
1790326698.295979279,Phase2_Migrated,282
1790326698.388686803,Phase2_Migrated,282
1790326698.443630393,Phase2_Migrated,283
1790326698.503226153,Phase2_Migrated,283
1790326698.575094612,Phase2_Migrated,283
1790326698.659062299,Phase2_Migrated,284
1790326698.743485183,Phase2_Migrated,284
1790326698.835027078,Phase2_Migrated,285
1790326698.934686042,Phase2_Migrated,286
1790326699.027599342,Phase2_Migrated,286
1790326699.112262257,Phase2_Migrated,287
1790326699.206403393,Phase2_Migrated,287
1790326699.285421424,Phase2_Migrated,288
1790326699.370373308,Phase2_Migrated,288
1790326699.460697726,Phase2_Migrated,289
1790326699.552249804,Phase2_Migrated,289
1790326699.648237997,Phase2_Migrated,290
1790326699.744234279,Phase2_Migrated,290
1790326699.841460805,Phase2_Migrated,291
1790326699.936940624,Phase2_Migrated,292
1790326700.031734477,Phase2_Migrated,292
1790326700.127240372,Phase2_Migrated,293
1790326700.222210401,Phase2_Migrated,293
1790326700.314643010,Phase2_Migrated,294
1790326700.409078374,Phase2_Migrated,294
1790326700.502866992,Phase2_Migrated,295
1790326700.578102111,Phase2_Migrated,295
1790326700.659689197,Phase2_Migrated,296
1790326700.750702978,Phase2_Migrated,296
1790326700.842810201,Phase2_Migrated,297
1790326700.938456580,Phase2_Migrated,297
1790326701.034967159,Phase2_Migrated,298
1790326701.129008260,Phase2_Migrated,299
1790326701.218517374,Phase2_Migrated,299
1790326701.305137814,Phase2_Migrated,300
1790326701.374450927,Phase2_Migrated,300
1790326701.470025267,Phase2_Migrated,301
1790326701.565452482,Phase2_Migrated,301
1790326701.656517467,Phase2_Migrated,302
1790326701.756076206,Phase2_Migrated,302
1790326701.852965713,Phase2_Migrated,303
1790326701.954763671,Phase2_Migrated,303
1790326702.050045249,Phase2_Migrated,304
1790326702.128602813,Phase2_Migrated,304
1790326702.219996986,Phase2_Migrated,305
1790326702.322572097,Phase2_Migrated,306
1790326702.417494045,Phase2_Migrated,306
1790326702.507151609,Phase2_Migrated,307
1790326702.596920458,Phase2_Migrated,307
1790326702.694186975,Phase2_Migrated,308
1790326702.772616364,Phase2_Migrated,308
1790326702.865754906,Phase2_Migrated,309
1790326702.960587163,Phase2_Migrated,309
1790326703.049673297,Phase2_Migrated,310
1790326703.141110456,Phase2_Migrated,310
1790326703.228223669,Phase2_Migrated,311
1790326703.321330090,Phase2_Migrated,312
1790326703.422294767,Phase2_Migrated,312
1790326703.527427939,Phase2_Migrated,313
1790326703.620265056,Phase2_Migrated,313
1790326703.714136755,Phase2_Migrated,314
1790326703.809160880,Phase2_Migrated,314
1790326703.903778944,Phase2_Migrated,315
1790326704.002974835,Phase2_Migrated,315
1790326704.098290567,Phase2_Migrated,316
1790326704.193571463,Phase2_Migrated,317
1790326704.289181744,Phase2_Migrated,317
1790326704.386753077,Phase2_Migrated,318
1790326704.485166959,Phase2_Migrated,318
1790326704.583221207,Phase2_Migrated,319
1790326704.687601945,Phase2_Migrated,320
1790326704.787715961,Phase2_Migrated,320
1790326704.878081537,Phase2_Migrated,321
1790326704.974111875,Phase2_Migrated,321
1790326705.069980843,Phase2_Migrated,322
1790326705.141242873,Phase2_Migrated,322
1790326705.216632398,Phase2_Migrated,323
1790326705.308343148,Phase2_Migrated,323
1790326705.404401977,Phase2_Migrated,324
1790326705.505748652,Phase2_Migrated,324
1790326705.608032641,Phase2_Migrated,325
1790326705.694802576,Phase2_Migrated,325
1790326705.789099408,Phase2_Migrated,326
1790326705.878362668,Phase2_Migrated,326
1790326705.975104100,Phase2_Migrated,327
1790326706.064063700,Phase2_Migrated,327
1790326706.155884189,Phase2_Migrated,328
1790326706.250733998,Phase2_Migrated,328
1790326706.319828676,Phase2_Migrated,329
1790326706.412165901,Phase2_Migrated,329
1790326706.510761542,Phase2_Migrated,330
1790326706.606778774,Phase2_Migrated,331
1790326706.696007878,Phase2_Migrated,331
1790326706.790316696,Phase2_Migrated,332
1790326706.875871080,Phase2_Migrated,332
1790326706.969060903,Phase2_Migrated,333
1790326707.064952498,Phase2_Migrated,333
1790326707.162188344,Phase2_Migrated,334
1790326707.248194453,Phase2_Migrated,334
1790326707.339876796,Phase2_Migrated,335
1790326707.432478891,Phase2_Migrated,335
1790326707.525810446,Phase2_Migrated,336
1790326707.619088563,Phase2_Migrated,336
1790326707.704557476,Phase2_Migrated,337
1790326707.798969694,Phase2_Migrated,337
1790326707.894348287,Phase2_Migrated,338
1790326707.986825388,Phase2_Migrated,339
1790326708.070828720,Phase2_Migrated,339
1790326708.160987469,Phase2_Migrated,340
1790326708.253360837,Phase2_Migrated,340
1790326708.329791260,Phase2_Migrated,340
1790326708.421120671,Phase2_Migrated,341
1790326708.476507973,Phase2_Migrated,341
1790326708.544021986,Phase2_Migrated,342
1790326708.624074910,Phase2_Migrated,342
1790326708.706957734,Phase2_Migrated,343
1790326708.800104460,Phase2_Migrated,343
1790326708.892423562,Phase2_Migrated,344
1790326708.988112125,Phase2_Migrated,344
1790326709.069188456,Phase2_Migrated,345
1790326709.153885565,Phase2_Migrated,345
1790326709.226273842,Phase2_Migrated,346
1790326709.304924513,Phase2_Migrated,346
1790326709.394318352,Phase2_Migrated,347
1790326709.491820886,Phase2_Migrated,347
1790326709.580445248,Phase2_Migrated,348
1790326709.675460771,Phase2_Migrated,348
1790326709.757358830,Phase2_Migrated,349
1790326709.842204894,Phase2_Migrated,349
1790326709.945855985,Phase2_Migrated,350
1790326710.048152670,Phase2_Migrated,350
1790326710.150334978,Phase2_Migrated,351
1790326710.252027041,Phase2_Migrated,352
1790326710.352411392,Phase2_Migrated,352
1790326710.453779352,Phase2_Migrated,353
1790326710.552493465,Phase2_Migrated,353
1790326710.648066567,Phase2_Migrated,354
1790326710.744477943,Phase2_Migrated,354
1790326710.839269781,Phase2_Migrated,355
1790326710.938898950,Phase2_Migrated,355
1790326711.036847232,Phase2_Migrated,356
1790326711.132009063,Phase2_Migrated,357
1790326711.227061477,Phase2_Migrated,357
1790326711.321283789,Phase2_Migrated,358
1790326711.413724683,Phase2_Migrated,358
1790326711.513467443,Phase2_Migrated,359
1790326711.608444538,Phase2_Migrated,359
1790326711.700422838,Phase2_Migrated,360
1790326711.793221516,Phase2_Migrated,360
1790326711.884363309,Phase2_Migrated,361
1790326711.980491229,Phase2_Migrated,361
1790326712.072242928,Phase2_Migrated,362
1790326712.152811338,Phase2_Migrated,362
1790326712.256318283,Phase2_Migrated,363
1790326712.353033153,Phase2_Migrated,363
1790326712.435052709,Phase2_Migrated,364
1790326712.530291285,Phase2_Migrated,365
1790326712.627207293,Phase2_Migrated,365
1790326712.728979421,Phase2_Migrated,366
1790326712.824242148,Phase2_Migrated,366
1790326712.920298001,Phase2_Migrated,367
1790326713.016110048,Phase2_Migrated,367
1790326713.112518487,Phase2_Migrated,368
1790326713.210037710,Phase2_Migrated,368
1790326713.306855876,Phase2_Migrated,369
1790326713.400288885,Phase2_Migrated,370
1790326713.493213830,Phase2_Migrated,370
1790326713.586326242,Phase2_Migrated,371
1790326713.682016367,Phase2_Migrated,371
1790326713.776138072,Phase2_Migrated,372
1790326713.873274677,Phase2_Migrated,372
1790326713.965391419,Phase2_Migrated,373
1790326714.056812904,Phase2_Migrated,373
1790326714.146386761,Phase2_Migrated,374
1790326714.242880485,Phase2_Migrated,374
1790326714.336235519,Phase2_Migrated,375
1790326714.428435415,Phase2_Migrated,375
1790326714.521575906,Phase2_Migrated,376
1790326714.615416570,Phase2_Migrated,376
1790326714.703560087,Phase2_Migrated,377
1790326714.793633749,Phase2_Migrated,377
1790326714.882932855,Phase2_Migrated,378
1790326714.980348521,Phase2_Migrated,379
1790326715.074500423,Phase2_Migrated,379
1790326715.169610551,Phase2_Migrated,380
1790326715.260265181,Phase2_Migrated,380
1790326715.350857008,Phase2_Migrated,381
1790326715.437379580,Phase2_Migrated,381
1790326715.534639797,Phase2_Migrated,382
1790326715.629410289,Phase2_Migrated,382
1790326715.732249720,Phase2_Migrated,383
1790326715.790145708,Phase2_Migrated,383
1790326715.851043704,Phase2_Migrated,383
1790326715.938983836,Phase2_Migrated,384
1790326716.026124511,Phase2_Migrated,384
1790326716.107518444,Phase2_Migrated,385
1790326716.194852019,Phase2_Migrated,385
1790326716.277327653,Phase2_Migrated,386
1790326716.370035207,Phase2_Migrated,386
1790326716.456721154,Phase2_Migrated,387
1790326716.533737874,Phase2_Migrated,387
1790326716.627688138,Phase2_Migrated,388
1790326716.724568804,Phase2_Migrated,389
1790326716.817830888,Phase2_Migrated,389
1790326716.906906200,Phase2_Migrated,390
1790326717.006152249,Phase2_Migrated,390
1790326717.106054215,Phase2_Migrated,391
1790326717.209000591,Phase2_Migrated,391
1790326717.286429703,Phase2_Migrated,392
1790326717.378146999,Phase2_Migrated,392
1790326717.470338828,Phase2_Migrated,393
1790326717.553316670,Phase2_Migrated,393
1790326717.650567676,Phase2_Migrated,394
1790326717.744801208,Phase2_Migrated,394
1790326717.839788388,Phase2_Migrated,395
1790326717.935492487,Phase2_Migrated,396
1790326718.023922824,Phase2_Migrated,396
1790326718.096297654,Phase2_Migrated,396
1790326718.193392127,Phase2_Migrated,397
1790326718.281772348,Phase2_Migrated,397
1790326718.376254597,Phase2_Migrated,398
1790326718.457452408,Phase2_Migrated,398
1790326718.522493496,Phase2_Migrated,399
1790326718.585725452,Phase2_Migrated,399
1790326718.648129819,Phase2_Migrated,400
1790326718.719383345,Phase2_Migrated,400
1790326718.808707840,Phase2_Migrated,401
1790326718.902323755,Phase2_Migrated,401
1790326718.996007618,Phase2_Migrated,402
1790326719.094008055,Phase2_Migrated,402
1790326719.173167017,Phase2_Migrated,403
1790326719.255054687,Phase2_Migrated,403
1790326719.341645511,Phase2_Migrated,404
1790326719.438460292,Phase2_Migrated,404
1790326719.531396016,Phase2_Migrated,405
1790326719.620260481,Phase2_Migrated,405
1790326719.716075424,Phase2_Migrated,406
1790326719.798290710,Phase2_Migrated,406
1790326719.901498908,Phase2_Migrated,407
1790326719.996562483,Phase2_Migrated,407
1790326720.094905200,Phase2_Migrated,408
1790326720.188053250,Phase2_Migrated,408
1790326720.282789303,Phase2_Migrated,409
1790326720.375730731,Phase2_Migrated,409
1790326720.470102885,Phase2_Migrated,410
1790326720.549729625,Phase2_Migrated,410
1790326720.640723218,Phase2_Migrated,411
1790326720.734758073,Phase2_Migrated,412
1790326720.831597065,Phase2_Migrated,412
1790326720.934164310,Phase2_Migrated,413
1790326721.032768245,Phase2_Migrated,413
1790326721.132509884,Phase2_Migrated,414
1790326721.226700985,Phase2_Migrated,414
1790326721.316428468,Phase2_Migrated,415
1790326721.400596113,Phase2_Migrated,415
1790326721.475422214,Phase2_Migrated,416
1790326721.550844502,Phase2_Migrated,416
1790326721.626757683,Phase2_Migrated,417
1790326721.713344105,Phase2_Migrated,417
1790326721.795895901,Phase2_Migrated,418
1790326721.879334572,Phase2_Migrated,418
1790326721.966613156,Phase2_Migrated,419
1790326722.064281006,Phase2_Migrated,419
1790326722.158125080,Phase2_Migrated,420
1790326722.247905797,Phase2_Migrated,420
1790326722.342470404,Phase2_Migrated,421
1790326722.435726125,Phase2_Migrated,421
1790326722.526986739,Phase2_Migrated,422
1790326722.624749195,Phase2_Migrated,422
1790326722.717888311,Phase2_Migrated,423
1790326722.812983436,Phase2_Migrated,424
1790326722.905979091,Phase2_Migrated,424
1790326723.002342151,Phase2_Migrated,425
1790326723.074088880,Phase2_Migrated,425
1790326723.167170150,Phase2_Migrated,426
1790326723.264464842,Phase2_Migrated,426
1790326723.363074891,Phase2_Migrated,427
1790326723.467100712,Phase2_Migrated,427
1790326723.570950321,Phase2_Migrated,428
1790326723.659886116,Phase2_Migrated,429
1790326723.759885483,Phase2_Migrated,429
1790326723.854363926,Phase2_Migrated,430
1790326723.945314203,Phase2_Migrated,430
1790326724.031812105,Phase2_Migrated,431
1790326724.130769326,Phase2_Migrated,431
1790326724.226177040,Phase2_Migrated,432
1790326724.320909952,Phase2_Migrated,432
1790326724.414586438,Phase2_Migrated,433
1790326724.509772254,Phase2_Migrated,433
1790326724.592799068,Phase2_Migrated,434
1790326724.681372936,Phase2_Migrated,434
1790326724.774502403,Phase2_Migrated,435
1790326724.862310165,Phase2_Migrated,435
1790326724.954613826,Phase2_Migrated,436
1790326725.051414868,Phase2_Migrated,437
1790326725.144727391,Phase2_Migrated,437
1790326725.237585483,Phase2_Migrated,438
1790326725.320359130,Phase2_Migrated,438
1790326725.406740729,Phase2_Migrated,439
1790326725.503166296,Phase2_Migrated,439
1790326725.600231265,Phase2_Migrated,440
1790326725.691685041,Phase2_Migrated,440
1790326725.778306344,Phase2_Migrated,441
1790326725.874056169,Phase2_Migrated,441
1790326725.968067380,Phase2_Migrated,442
1790326726.065502277,Phase2_Migrated,442
1790326726.156756232,Phase2_Migrated,443
1790326726.254240259,Phase2_Migrated,443
1790326726.347971976,Phase2_Migrated,444
1790326726.445015425,Phase2_Migrated,445
1790326726.535478766,Phase2_Migrated,445
1790326726.629428834,Phase2_Migrated,446
1790326726.723434723,Phase2_Migrated,446
1790326726.815199143,Phase2_Migrated,447
1790326726.910320818,Phase2_Migrated,447
1790326727.006480177,Phase2_Migrated,448
1790326727.107076140,Phase2_Migrated,448
1790326727.199202408,Phase2_Migrated,449
1790326727.270736377,Phase2_Migrated,449
1790326727.364330401,Phase2_Migrated,450
1790326727.458156945,Phase2_Migrated,450
1790326727.549678957,Phase2_Migrated,451
1790326727.644813211,Phase2_Migrated,451
1790326727.743510102,Phase2_Migrated,452
1790326727.840758206,Phase2_Migrated,453
1790326727.938048593,Phase2_Migrated,453
1790326728.031341436,Phase2_Migrated,454
1790326728.119329408,Phase2_Migrated,454
1790326728.204494239,Phase2_Migrated,455
1790326728.296450812,Phase2_Migrated,455
1790326728.395312074,Phase2_Migrated,456
1790326728.471487859,Phase2_Migrated,456
1790326728.528137941,Phase2_Migrated,457
1790326728.593043425,Phase2_Migrated,457
1790326728.679910941,Phase2_Migrated,457
1790326730.050632960,Uninterrupted_Baseline,1
1790326730.110397867,Uninterrupted_Baseline,1
1790326730.190314551,Uninterrupted_Baseline,1
1790326730.274218654,Uninterrupted_Baseline,1
1790326730.328338397,Uninterrupted_Baseline,1
1790326730.415181524,Uninterrupted_Baseline,1
1790326730.499938580,Uninterrupted_Baseline,1
1790326730.575204975,Uninterrupted_Baseline,1
1790326730.658002823,Uninterrupted_Baseline,1
1790326730.740831151,Uninterrupted_Baseline,1
1790326730.818509771,Uninterrupted_Baseline,1
1790326730.897974484,Uninterrupted_Baseline,1
1790326730.981169470,Uninterrupted_Baseline,1
1790326731.066603828,Uninterrupted_Baseline,1
1790326731.154229257,Uninterrupted_Baseline,1
1790326731.240582249,Uninterrupted_Baseline,1
1790326731.311736660,Uninterrupted_Baseline,1
1790326731.380634478,Uninterrupted_Baseline,1
1790326731.454015944,Uninterrupted_Baseline,1
1790326731.538076499,Uninterrupted_Baseline,1
1790326731.618679916,Uninterrupted_Baseline,1
1790326731.703735254,Uninterrupted_Baseline,1
1790326731.786101113,Uninterrupted_Baseline,1
1790326731.871129307,Uninterrupted_Baseline,1
1790326731.956596095,Uninterrupted_Baseline,1
1790326732.041477531,Uninterrupted_Baseline,1
1790326732.125880550,Uninterrupted_Baseline,1
1790326732.207923699,Uninterrupted_Baseline,1
1790326732.270557574,Uninterrupted_Baseline,1
1790326732.345299641,Uninterrupted_Baseline,1
1790326732.423399346,Uninterrupted_Baseline,1
1790326732.506245550,Uninterrupted_Baseline,1
1790326732.575157239,Uninterrupted_Baseline,10
1790326732.575157239,Uninterrupted_Baseline,1
1790326732.663384964,Uninterrupted_Baseline,10
1790326732.663384964,Uninterrupted_Baseline,1
1790326732.747029375,Uninterrupted_Baseline,20
1790326732.747029375,Uninterrupted_Baseline,1
1790326732.837378039,Uninterrupted_Baseline,20
1790326732.837378039,Uninterrupted_Baseline,1
1790326732.920023598,Uninterrupted_Baseline,40
1790326732.920023598,Uninterrupted_Baseline,1
1790326732.998431011,Uninterrupted_Baseline,40
1790326732.998431011,Uninterrupted_Baseline,1
1790326733.075380179,Uninterrupted_Baseline,80
1790326733.075380179,Uninterrupted_Baseline,1
1790326733.134186603,Uninterrupted_Baseline,80
1790326733.134186603,Uninterrupted_Baseline,1
1790326733.215514904,Uninterrupted_Baseline,160
1790326733.215514904,Uninterrupted_Baseline,1
1790326733.285475014,Uninterrupted_Baseline,160
1790326733.285475014,Uninterrupted_Baseline,1
1790326733.365042608,Uninterrupted_Baseline,238
1790326733.365042608,Uninterrupted_Baseline,1
1790326733.448745548,Uninterrupted_Baseline,320
1790326733.448745548,Uninterrupted_Baseline,1
1790326733.534480135,Uninterrupted_Baseline,437
1790326733.534480135,Uninterrupted_Baseline,1
1790326733.614207263,Uninterrupted_Baseline,640
1790326733.614207263,Uninterrupted_Baseline,1
1790326733.699371996,Uninterrupted_Baseline,777
1790326733.699371996,Uninterrupted_Baseline,1
1790326733.773334440,Uninterrupted_Baseline,1061
1790326733.773334440,Uninterrupted_Baseline,1
1790326733.835252823,Uninterrupted_Baseline,985
1790326733.835252823,Uninterrupted_Baseline,1
1790326733.899864231,Uninterrupted_Baseline,839
1790326733.899864231,Uninterrupted_Baseline,1
1790326733.975765322,Uninterrupted_Baseline,685
1790326733.975765322,Uninterrupted_Baseline,1
1790326734.043514680,Uninterrupted_Baseline,545
1790326734.043514680,Uninterrupted_Baseline,1
1790326734.127908643,Uninterrupted_Baseline,545
1790326734.127908643,Uninterrupted_Baseline,1
1790326734.211573083,Uninterrupted_Baseline,524
1790326734.211573083,Uninterrupted_Baseline,1
1790326734.291317801,Uninterrupted_Baseline,357
1790326734.291317801,Uninterrupted_Baseline,1
1790326734.372582451,Uninterrupted_Baseline,272
1790326734.372582451,Uninterrupted_Baseline,1
1790326734.442563474,Uninterrupted_Baseline,272
1790326734.442563474,Uninterrupted_Baseline,1
1790326734.522799451,Uninterrupted_Baseline,273
1790326734.522799451,Uninterrupted_Baseline,1
1790326734.596364227,Uninterrupted_Baseline,273
1790326734.596364227,Uninterrupted_Baseline,1
1790326734.677184676,Uninterrupted_Baseline,273
1790326734.677184676,Uninterrupted_Baseline,1
1790326734.761714402,Uninterrupted_Baseline,274
1790326734.761714402,Uninterrupted_Baseline,1
1790326734.847426095,Uninterrupted_Baseline,275
1790326734.847426095,Uninterrupted_Baseline,1
1790326734.927916249,Uninterrupted_Baseline,275
1790326734.927916249,Uninterrupted_Baseline,1
1790326735.013360963,Uninterrupted_Baseline,276
1790326735.013360963,Uninterrupted_Baseline,1
1790326735.101723562,Uninterrupted_Baseline,276
1790326735.101723562,Uninterrupted_Baseline,1
1790326735.190145954,Uninterrupted_Baseline,277
1790326735.190145954,Uninterrupted_Baseline,1
1790326735.282548092,Uninterrupted_Baseline,277
1790326735.282548092,Uninterrupted_Baseline,1
1790326735.377115551,Uninterrupted_Baseline,278
1790326735.377115551,Uninterrupted_Baseline,1
1790326735.436908802,Uninterrupted_Baseline,278
1790326735.436908802,Uninterrupted_Baseline,1
1790326735.505590282,Uninterrupted_Baseline,279
1790326735.505590282,Uninterrupted_Baseline,1
1790326735.586084738,Uninterrupted_Baseline,279
1790326735.586084738,Uninterrupted_Baseline,1
1790326735.666035388,Uninterrupted_Baseline,280
1790326735.666035388,Uninterrupted_Baseline,1
1790326735.755511030,Uninterrupted_Baseline,280
1790326735.755511030,Uninterrupted_Baseline,1
1790326735.838026714,Uninterrupted_Baseline,281
1790326735.838026714,Uninterrupted_Baseline,1
1790326735.921569903,Uninterrupted_Baseline,281
1790326735.921569903,Uninterrupted_Baseline,1
1790326736.000477449,Uninterrupted_Baseline,282
1790326736.000477449,Uninterrupted_Baseline,1
1790326736.086300504,Uninterrupted_Baseline,282
1790326736.086300504,Uninterrupted_Baseline,1
1790326736.162071048,Uninterrupted_Baseline,282
1790326736.162071048,Uninterrupted_Baseline,1
1790326736.245299045,Uninterrupted_Baseline,283
1790326736.245299045,Uninterrupted_Baseline,1
1790326736.324860227,Uninterrupted_Baseline,283
1790326736.324860227,Uninterrupted_Baseline,1
1790326736.389034526,Uninterrupted_Baseline,284
1790326736.389034526,Uninterrupted_Baseline,1
1790326736.477599664,Uninterrupted_Baseline,284
1790326736.477599664,Uninterrupted_Baseline,1
1790326736.554242728,Uninterrupted_Baseline,285
1790326736.554242728,Uninterrupted_Baseline,1
1790326736.632811600,Uninterrupted_Baseline,285
1790326736.632811600,Uninterrupted_Baseline,1
1790326736.716423565,Uninterrupted_Baseline,286
1790326736.716423565,Uninterrupted_Baseline,1
1790326736.800700902,Uninterrupted_Baseline,286
1790326736.800700902,Uninterrupted_Baseline,1
1790326736.883131464,Uninterrupted_Baseline,287
1790326736.883131464,Uninterrupted_Baseline,1
1790326736.968004683,Uninterrupted_Baseline,287
1790326736.968004683,Uninterrupted_Baseline,1
1790326737.049253154,Uninterrupted_Baseline,288
1790326737.049253154,Uninterrupted_Baseline,1
1790326737.131514111,Uninterrupted_Baseline,288
1790326737.131514111,Uninterrupted_Baseline,1
1790326737.211132608,Uninterrupted_Baseline,289
1790326737.211132608,Uninterrupted_Baseline,1
1790326737.266027328,Uninterrupted_Baseline,289
1790326737.266027328,Uninterrupted_Baseline,1
1790326737.331343085,Uninterrupted_Baseline,290
1790326737.331343085,Uninterrupted_Baseline,1
1790326737.415489230,Uninterrupted_Baseline,290
1790326737.415489230,Uninterrupted_Baseline,1
1790326737.498936064,Uninterrupted_Baseline,291
1790326737.498936064,Uninterrupted_Baseline,1
1790326737.581975062,Uninterrupted_Baseline,291
1790326737.581975062,Uninterrupted_Baseline,1
1790326737.667315309,Uninterrupted_Baseline,292
1790326737.667315309,Uninterrupted_Baseline,1
1790326737.753852448,Uninterrupted_Baseline,292
1790326737.753852448,Uninterrupted_Baseline,1
1790326737.841710089,Uninterrupted_Baseline,293
1790326737.841710089,Uninterrupted_Baseline,1
1790326737.929329916,Uninterrupted_Baseline,293
1790326737.929329916,Uninterrupted_Baseline,1
1790326738.005361890,Uninterrupted_Baseline,294
1790326738.005361890,Uninterrupted_Baseline,1
1790326738.090084595,Uninterrupted_Baseline,294
1790326738.090084595,Uninterrupted_Baseline,1
1790326738.180274184,Uninterrupted_Baseline,295
1790326738.180274184,Uninterrupted_Baseline,1
1790326738.235617739,Uninterrupted_Baseline,295
1790326738.235617739,Uninterrupted_Baseline,1
1790326738.320642296,Uninterrupted_Baseline,295
1790326738.320642296,Uninterrupted_Baseline,1
1790326738.398597287,Uninterrupted_Baseline,296
1790326738.398597287,Uninterrupted_Baseline,1
1790326738.468410549,Uninterrupted_Baseline,296
1790326738.468410549,Uninterrupted_Baseline,1
1790326738.523057621,Uninterrupted_Baseline,297
1790326738.523057621,Uninterrupted_Baseline,1
1790326738.580279522,Uninterrupted_Baseline,297
1790326738.580279522,Uninterrupted_Baseline,1
1790326738.638108370,Uninterrupted_Baseline,297
1790326738.638108370,Uninterrupted_Baseline,1
1790326738.706004600,Uninterrupted_Baseline,298
1790326738.706004600,Uninterrupted_Baseline,1
1790326738.788795326,Uninterrupted_Baseline,298
1790326738.788795326,Uninterrupted_Baseline,1
1790326738.859509684,Uninterrupted_Baseline,299
1790326738.859509684,Uninterrupted_Baseline,1
1790326738.934777898,Uninterrupted_Baseline,299
1790326738.934777898,Uninterrupted_Baseline,1
1790326739.017582162,Uninterrupted_Baseline,300
1790326739.017582162,Uninterrupted_Baseline,1
1790326739.098354603,Uninterrupted_Baseline,300
1790326739.098354603,Uninterrupted_Baseline,1
1790326739.150507960,Uninterrupted_Baseline,300
1790326739.150507960,Uninterrupted_Baseline,1
1790326739.202278207,Uninterrupted_Baseline,301
1790326739.202278207,Uninterrupted_Baseline,1
1790326739.258148795,Uninterrupted_Baseline,301
1790326739.258148795,Uninterrupted_Baseline,1
1790326739.315799781,Uninterrupted_Baseline,301
1790326739.315799781,Uninterrupted_Baseline,1
1790326739.370876998,Uninterrupted_Baseline,302
1790326739.370876998,Uninterrupted_Baseline,1
1790326739.433385571,Uninterrupted_Baseline,302
1790326739.433385571,Uninterrupted_Baseline,1
1790326739.521256761,Uninterrupted_Baseline,302
1790326739.521256761,Uninterrupted_Baseline,1
1790326739.606119264,Uninterrupted_Baseline,303
1790326739.692336329,Uninterrupted_Baseline,303
1790326739.770263573,Uninterrupted_Baseline,304
1790326739.859741300,Uninterrupted_Baseline,304
1790326739.952994823,Uninterrupted_Baseline,305
1790326740.038044451,Uninterrupted_Baseline,306
1790326740.123291776,Uninterrupted_Baseline,306
1790326740.208076657,Uninterrupted_Baseline,307
1790326740.295738326,Uninterrupted_Baseline,307
1790326740.381625429,Uninterrupted_Baseline,308
1790326740.471377457,Uninterrupted_Baseline,308
1790326740.562405804,Uninterrupted_Baseline,309
1790326740.639224550,Uninterrupted_Baseline,309
1790326740.717756291,Uninterrupted_Baseline,310
1790326740.806084961,Uninterrupted_Baseline,310
1790326740.890606120,Uninterrupted_Baseline,311
1790326740.975233294,Uninterrupted_Baseline,311
1790326741.052801590,Uninterrupted_Baseline,311
1790326741.112010602,Uninterrupted_Baseline,312
1790326741.192560994,Uninterrupted_Baseline,312
1790326741.272323418,Uninterrupted_Baseline,313
1790326741.362785907,Uninterrupted_Baseline,313
1790326741.446255197,Uninterrupted_Baseline,314
1790326741.532388008,Uninterrupted_Baseline,314
1790326741.597399330,Uninterrupted_Baseline,315
1790326741.657700940,Uninterrupted_Baseline,315
1790326741.729275911,Uninterrupted_Baseline,315
1790326741.810427522,Uninterrupted_Baseline,316
1790326741.892583778,Uninterrupted_Baseline,316
1790326741.962206099,Uninterrupted_Baseline,317
1790326742.015763973,Uninterrupted_Baseline,317
1790326742.090303496,Uninterrupted_Baseline,318
1790326742.163028776,Uninterrupted_Baseline,318
1790326742.234871703,Uninterrupted_Baseline,318
1790326742.317748713,Uninterrupted_Baseline,319
1790326742.379679436,Uninterrupted_Baseline,319
1790326742.461368180,Uninterrupted_Baseline,320
1790326742.528879356,Uninterrupted_Baseline,320
1790326742.580733949,Uninterrupted_Baseline,320
1790326742.638636268,Uninterrupted_Baseline,321
1790326742.697946125,Uninterrupted_Baseline,321
1790326742.781371859,Uninterrupted_Baseline,322
1790326742.865779306,Uninterrupted_Baseline,322
1790326742.951356934,Uninterrupted_Baseline,323
1790326743.033163083,Uninterrupted_Baseline,323
1790326743.120713848,Uninterrupted_Baseline,323
1790326743.202570960,Uninterrupted_Baseline,324
1790326743.288049626,Uninterrupted_Baseline,324
1790326743.373382224,Uninterrupted_Baseline,325
1790326743.457931497,Uninterrupted_Baseline,325
1790326743.550132615,Uninterrupted_Baseline,326
1790326743.633113970,Uninterrupted_Baseline,326
1790326743.717124078,Uninterrupted_Baseline,327
1790326743.798693948,Uninterrupted_Baseline,327
1790326743.879953707,Uninterrupted_Baseline,328
1790326743.969018367,Uninterrupted_Baseline,328
1790326744.052722897,Uninterrupted_Baseline,329
1790326744.109852594,Uninterrupted_Baseline,329
1790326744.177176373,Uninterrupted_Baseline,330
1790326744.250630584,Uninterrupted_Baseline,330
1790326744.323819058,Uninterrupted_Baseline,330
1790326744.414249885,Uninterrupted_Baseline,331
1790326744.494882890,Uninterrupted_Baseline,331
1790326744.581157057,Uninterrupted_Baseline,332
1790326744.669740959,Uninterrupted_Baseline,332
1790326744.750958147,Uninterrupted_Baseline,333
1790326744.828515153,Uninterrupted_Baseline,333
1790326744.911437186,Uninterrupted_Baseline,334
1790326745.000135687,Uninterrupted_Baseline,334
1790326745.089306518,Uninterrupted_Baseline,335
1790326745.165433722,Uninterrupted_Baseline,335
1790326745.237786396,Uninterrupted_Baseline,336
1790326745.314921383,Uninterrupted_Baseline,336
1790326745.385006889,Uninterrupted_Baseline,337
1790326745.471438855,Uninterrupted_Baseline,337
1790326745.557277637,Uninterrupted_Baseline,338
1790326745.641782131,Uninterrupted_Baseline,338
1790326745.713252969,Uninterrupted_Baseline,339
1790326745.800791107,Uninterrupted_Baseline,339
1790326745.882039665,Uninterrupted_Baseline,340
1790326745.966596405,Uninterrupted_Baseline,340
1790326746.054795521,Uninterrupted_Baseline,341
1790326746.151832707,Uninterrupted_Baseline,341
1790326746.210204549,Uninterrupted_Baseline,341
1790326746.287864779,Uninterrupted_Baseline,342
1790326746.360687280,Uninterrupted_Baseline,342
1790326746.446819446,Uninterrupted_Baseline,343
1790326746.530744029,Uninterrupted_Baseline,343
1790326746.612641982,Uninterrupted_Baseline,344
1790326746.693238314,Uninterrupted_Baseline,344
1790326746.772793424,Uninterrupted_Baseline,345
1790326746.855396465,Uninterrupted_Baseline,345
1790326746.939680336,Uninterrupted_Baseline,346
1790326747.018896284,Uninterrupted_Baseline,346
1790326747.097891020,Uninterrupted_Baseline,347
1790326747.180080601,Uninterrupted_Baseline,347
1790326747.255297022,Uninterrupted_Baseline,348
1790326747.333001024,Uninterrupted_Baseline,348
1790326747.412936384,Uninterrupted_Baseline,348
1790326747.496780177,Uninterrupted_Baseline,349
1790326747.580292122,Uninterrupted_Baseline,349
1790326747.660844417,Uninterrupted_Baseline,350
1790326747.740457164,Uninterrupted_Baseline,350
1790326747.823642001,Uninterrupted_Baseline,351
1790326747.905077110,Uninterrupted_Baseline,351
1790326747.990724409,Uninterrupted_Baseline,352
1790326748.066375682,Uninterrupted_Baseline,352
1790326748.123585440,Uninterrupted_Baseline,353
1790326748.181825091,Uninterrupted_Baseline,353
1790326748.241507981,Uninterrupted_Baseline,353
1790326748.310255505,Uninterrupted_Baseline,354
1790326748.368721172,Uninterrupted_Baseline,354
1790326748.438542427,Uninterrupted_Baseline,354
1790326748.489632329,Uninterrupted_Baseline,355
1790326748.554028506,Uninterrupted_Baseline,355
1790326748.608895784,Uninterrupted_Baseline,355
1790326748.694142901,Uninterrupted_Baseline,356
1790326748.775194407,Uninterrupted_Baseline,356
1790326748.855807887,Uninterrupted_Baseline,357
1790326748.937127310,Uninterrupted_Baseline,357
1790326749.010364071,Uninterrupted_Baseline,358
1790326749.091249071,Uninterrupted_Baseline,358
1790326749.173929322,Uninterrupted_Baseline,359
1790326749.242168460,Uninterrupted_Baseline,359
1790326749.307907728,Uninterrupted_Baseline,359
1790326749.392574464,Uninterrupted_Baseline,360
1790326749.476870236,Uninterrupted_Baseline,360
1790326749.548367537,Uninterrupted_Baseline,361
1790326749.620213322,Uninterrupted_Baseline,361
1790326749.696675743,Uninterrupted_Baseline,362
1790326749.775869217,Uninterrupted_Baseline,362
1790326749.855998128,Uninterrupted_Baseline,362
1790326749.940260500,Uninterrupted_Baseline,363
1790326750.029412489,Uninterrupted_Baseline,364
1790326750.115086807,Uninterrupted_Baseline,364
1790326750.200516980,Uninterrupted_Baseline,365
1790326750.283413114,Uninterrupted_Baseline,365
1790326750.366892717,Uninterrupted_Baseline,365
1790326750.451253788,Uninterrupted_Baseline,366
1790326750.530544236,Uninterrupted_Baseline,366
1790326750.592481615,Uninterrupted_Baseline,367
1790326750.673543902,Uninterrupted_Baseline,367
1790326750.763811226,Uninterrupted_Baseline,368
1790326750.844987848,Uninterrupted_Baseline,368
1790326750.932567601,Uninterrupted_Baseline,369
1790326751.004263631,Uninterrupted_Baseline,369
1790326751.075115314,Uninterrupted_Baseline,370
1790326751.159712416,Uninterrupted_Baseline,370
1790326751.244296664,Uninterrupted_Baseline,371
1790326751.320306351,Uninterrupted_Baseline,371
1790326751.406984390,Uninterrupted_Baseline,371
1790326751.495696514,Uninterrupted_Baseline,372
1790326751.577117229,Uninterrupted_Baseline,372
1790326751.664751351,Uninterrupted_Baseline,373
1790326751.743994054,Uninterrupted_Baseline,373
1790326751.831003693,Uninterrupted_Baseline,374
1790326751.917909379,Uninterrupted_Baseline,374
1790326752.015271586,Uninterrupted_Baseline,375
1790326752.086038118,Uninterrupted_Baseline,375
1790326752.168245470,Uninterrupted_Baseline,376
1790326752.252341270,Uninterrupted_Baseline,376
1790326752.336754362,Uninterrupted_Baseline,377
1790326752.430105913,Uninterrupted_Baseline,377
1790326752.504008213,Uninterrupted_Baseline,378
1790326752.586825025,Uninterrupted_Baseline,378
1790326752.671331739,Uninterrupted_Baseline,379
1790326752.740754401,Uninterrupted_Baseline,379
1790326752.824305193,Uninterrupted_Baseline,380
1790326752.904678832,Uninterrupted_Baseline,380
1790326752.986945747,Uninterrupted_Baseline,381
1790326753.069944109,Uninterrupted_Baseline,381
1790326753.157422891,Uninterrupted_Baseline,382
1790326753.243566000,Uninterrupted_Baseline,382
1790326753.331982161,Uninterrupted_Baseline,383
1790326753.416856923,Uninterrupted_Baseline,383
1790326753.490895382,Uninterrupted_Baseline,383
1790326753.561421740,Uninterrupted_Baseline,384
1790326753.643146184,Uninterrupted_Baseline,384
1790326753.721984337,Uninterrupted_Baseline,385
1790326753.801072865,Uninterrupted_Baseline,385
1790326753.872684910,Uninterrupted_Baseline,386
1790326753.945745164,Uninterrupted_Baseline,386
1790326754.029178618,Uninterrupted_Baseline,387
1790326754.109913287,Uninterrupted_Baseline,387
1790326754.189868359,Uninterrupted_Baseline,387
1790326754.255814921,Uninterrupted_Baseline,388
1790326754.322844779,Uninterrupted_Baseline,388
1790326754.392147537,Uninterrupted_Baseline,389
1790326754.476749766,Uninterrupted_Baseline,389
1790326754.564457360,Uninterrupted_Baseline,390
1790326754.645283208,Uninterrupted_Baseline,390
1790326754.731405772,Uninterrupted_Baseline,391
1790326754.818627890,Uninterrupted_Baseline,391
1790326754.903054220,Uninterrupted_Baseline,392
1790326755.002886563,Uninterrupted_Baseline,392
1790326755.059045696,Uninterrupted_Baseline,392
1790326755.131844728,Uninterrupted_Baseline,393
1790326755.216306819,Uninterrupted_Baseline,393
1790326755.303279869,Uninterrupted_Baseline,394
1790326755.385815740,Uninterrupted_Baseline,394
1790326755.450893398,Uninterrupted_Baseline,395
1790326755.535551432,Uninterrupted_Baseline,395
1790326755.620171922,Uninterrupted_Baseline,396
1790326755.703136856,Uninterrupted_Baseline,396
1790326755.791199378,Uninterrupted_Baseline,397
1790326755.875950449,Uninterrupted_Baseline,397
1790326755.959706947,Uninterrupted_Baseline,398
1790326756.042978248,Uninterrupted_Baseline,398
1790326756.111201736,Uninterrupted_Baseline,399
1790326756.193789142,Uninterrupted_Baseline,399
1790326756.276824212,Uninterrupted_Baseline,399
1790326756.351444328,Uninterrupted_Baseline,400
1790326756.434944189,Uninterrupted_Baseline,400
1790326756.520407571,Uninterrupted_Baseline,401
1790326756.604793333,Uninterrupted_Baseline,401
1790326756.692029813,Uninterrupted_Baseline,402
1790326756.777917396,Uninterrupted_Baseline,402
1790326756.861786562,Uninterrupted_Baseline,403
1790326756.953413204,Uninterrupted_Baseline,403
1790326757.037720022,Uninterrupted_Baseline,404
1790326757.118688666,Uninterrupted_Baseline,404
1790326757.206222029,Uninterrupted_Baseline,405
1790326757.284297142,Uninterrupted_Baseline,405
1790326757.359133677,Uninterrupted_Baseline,406
1790326757.437110458,Uninterrupted_Baseline,406
1790326757.515804622,Uninterrupted_Baseline,407
1790326757.598877411,Uninterrupted_Baseline,407
1790326757.680134809,Uninterrupted_Baseline,408
1790326757.763107153,Uninterrupted_Baseline,408
1790326757.847269709,Uninterrupted_Baseline,408
1790326757.931179762,Uninterrupted_Baseline,409
1790326758.016261437,Uninterrupted_Baseline,409
1790326758.068600907,Uninterrupted_Baseline,410
1790326758.143765836,Uninterrupted_Baseline,410
1790326758.224501970,Uninterrupted_Baseline,411
1790326758.294622723,Uninterrupted_Baseline,411
1790326758.375122715,Uninterrupted_Baseline,412
1790326758.442050580,Uninterrupted_Baseline,412
1790326758.493004882,Uninterrupted_Baseline,412
1790326758.553167598,Uninterrupted_Baseline,413
1790326758.613067364,Uninterrupted_Baseline,413
1790326758.689407427,Uninterrupted_Baseline,413
1790326758.770978297,Uninterrupted_Baseline,414
1790326758.852583606,Uninterrupted_Baseline,414
1790326758.914913020,Uninterrupted_Baseline,415
1790326758.991289574,Uninterrupted_Baseline,415
1790326759.077239058,Uninterrupted_Baseline,416
1790326759.149267509,Uninterrupted_Baseline,416
1790326759.208181928,Uninterrupted_Baseline,416
1790326759.267989714,Uninterrupted_Baseline,417
1790326759.335991899,Uninterrupted_Baseline,417
1790326759.413897505,Uninterrupted_Baseline,418
1790326759.494828170,Uninterrupted_Baseline,418
1790326759.578243983,Uninterrupted_Baseline,419
1790326759.665028037,Uninterrupted_Baseline,419
1790326759.743208791,Uninterrupted_Baseline,420
1790326759.812642616,Uninterrupted_Baseline,420
1790326759.896020189,Uninterrupted_Baseline,420
1790326759.979328399,Uninterrupted_Baseline,421
1790326760.070076727,Uninterrupted_Baseline,421
1790326760.159179030,Uninterrupted_Baseline,422
1790326760.244831636,Uninterrupted_Baseline,422
1790326760.325069959,Uninterrupted_Baseline,423
1790326760.408430291,Uninterrupted_Baseline,423
1790326760.498704335,Uninterrupted_Baseline,424
1790326760.566361726,Uninterrupted_Baseline,424
1790326760.651124424,Uninterrupted_Baseline,425
1790326760.713495391,Uninterrupted_Baseline,425
1790326760.799122450,Uninterrupted_Baseline,426
1790326760.880885763,Uninterrupted_Baseline,426
1790326760.966916751,Uninterrupted_Baseline,427
1790326761.051352119,Uninterrupted_Baseline,427
1790326761.130862935,Uninterrupted_Baseline,428
1790326761.212748113,Uninterrupted_Baseline,428
1790326761.298294585,Uninterrupted_Baseline,428
1790326761.380355322,Uninterrupted_Baseline,429
1790326761.462856966,Uninterrupted_Baseline,429
1790326761.549488095,Uninterrupted_Baseline,430
1790326761.622600569,Uninterrupted_Baseline,430
1790326761.684966695,Uninterrupted_Baseline,431
1790326761.768629296,Uninterrupted_Baseline,431
1790326761.847165692,Uninterrupted_Baseline,432
1790326761.928232749,Uninterrupted_Baseline,432
1790326761.997593007,Uninterrupted_Baseline,433
1790326762.085065705,Uninterrupted_Baseline,433
1790326762.172707105,Uninterrupted_Baseline,434
1790326762.257005779,Uninterrupted_Baseline,434
1790326762.338496167,Uninterrupted_Baseline,434
1790326762.429513546,Uninterrupted_Baseline,435
1790326762.511645742,Uninterrupted_Baseline,435
1790326762.594856382,Uninterrupted_Baseline,436
1790326762.680408977,Uninterrupted_Baseline,436
1790326762.751434736,Uninterrupted_Baseline,437
1790326762.839052299,Uninterrupted_Baseline,437
1790326762.925080812,Uninterrupted_Baseline,438
1790326763.010914814,Uninterrupted_Baseline,438
1790326763.095546739,Uninterrupted_Baseline,439
1790326763.180490953,Uninterrupted_Baseline,439
1790326763.269148126,Uninterrupted_Baseline,440
1790326763.356592118,Uninterrupted_Baseline,440
1790326763.415344390,Uninterrupted_Baseline,441
1790326763.496131346,Uninterrupted_Baseline,441
1790326763.581755127,Uninterrupted_Baseline,442
1790326763.665133150,Uninterrupted_Baseline,442
1790326763.744981499,Uninterrupted_Baseline,443
1790326763.822675376,Uninterrupted_Baseline,443
1790326763.891414660,Uninterrupted_Baseline,443
1790326763.975202826,Uninterrupted_Baseline,444
1790326764.062420931,Uninterrupted_Baseline,444
1790326764.146767112,Uninterrupted_Baseline,445
1790326764.228030506,Uninterrupted_Baseline,445
1790326764.308818454,Uninterrupted_Baseline,446
1790326764.396060754,Uninterrupted_Baseline,446
1790326764.471949584,Uninterrupted_Baseline,447
1790326764.551148867,Uninterrupted_Baseline,447
1790326764.637046223,Uninterrupted_Baseline,448
1790326764.722964271,Uninterrupted_Baseline,448
1790326764.794830926,Uninterrupted_Baseline,449
1790326764.872413331,Uninterrupted_Baseline,449
1790326764.944027312,Uninterrupted_Baseline,450
1790326765.022201440,Uninterrupted_Baseline,450
1790326765.104246980,Uninterrupted_Baseline,451
1790326765.202438812,Uninterrupted_Baseline,451
1790326765.253967660,Uninterrupted_Baseline,451
1790326765.317806256,Uninterrupted_Baseline,452
1790326765.391563708,Uninterrupted_Baseline,452
1790326765.473553344,Uninterrupted_Baseline,453
1790326765.563294728,Uninterrupted_Baseline,453
1790326765.641514280,Uninterrupted_Baseline,454
1790326765.725127345,Uninterrupted_Baseline,454
1790326765.806954035,Uninterrupted_Baseline,455
1790326765.885160262,Uninterrupted_Baseline,455
1790326765.969086966,Uninterrupted_Baseline,455
1790326766.054006917,Uninterrupted_Baseline,456
1790326766.139938080,Uninterrupted_Baseline,456
1790326766.203343491,Uninterrupted_Baseline,457
1790326766.286480012,Uninterrupted_Baseline,457
1790326766.364816113,Uninterrupted_Baseline,458
1790326766.444985779,Uninterrupted_Baseline,458
1790326766.523725303,Uninterrupted_Baseline,459
1790326766.611927347,Uninterrupted_Baseline,459
1790326766.684075271,Uninterrupted_Baseline,460
1790326766.775366201,Uninterrupted_Baseline,460
1790326766.855916991,Uninterrupted_Baseline,461
1790326766.941970426,Uninterrupted_Baseline,461
1790326767.019077253,Uninterrupted_Baseline,462
1790326767.102116337,Uninterrupted_Baseline,462
1790326767.185432975,Uninterrupted_Baseline,462
1790326767.267157937,Uninterrupted_Baseline,463
1790326767.349478949,Uninterrupted_Baseline,463
1790326767.429936805,Uninterrupted_Baseline,464
1790326767.512900453,Uninterrupted_Baseline,464
1790326767.598390343,Uninterrupted_Baseline,465
1790326767.682102173,Uninterrupted_Baseline,465
1790326767.752405005,Uninterrupted_Baseline,466
1790326767.832081087,Uninterrupted_Baseline,466
1790326767.914687858,Uninterrupted_Baseline,467
1790326767.997354384,Uninterrupted_Baseline,467
1790326768.076032727,Uninterrupted_Baseline,468
1790326768.157284519,Uninterrupted_Baseline,468
1790326768.240777423,Uninterrupted_Baseline,469
1790326768.312004796,Uninterrupted_Baseline,469
1790326768.374471516,Uninterrupted_Baseline,469
1790326768.430934877,Uninterrupted_Baseline,470
1790326768.483103201,Uninterrupted_Baseline,470
1790326768.540305605,Uninterrupted_Baseline,470
1790326768.594212406,Uninterrupted_Baseline,471
1790326768.675029199,Uninterrupted_Baseline,471
1790326768.757211780,Uninterrupted_Baseline,472
1790326768.842490406,Uninterrupted_Baseline,472
1790326768.930342722,Uninterrupted_Baseline,473
1790326769.011091820,Uninterrupted_Baseline,473
1790326769.084313779,Uninterrupted_Baseline,473
1790326769.160846643,Uninterrupted_Baseline,474
1790326769.246201953,Uninterrupted_Baseline,474
1790326769.328001576,Uninterrupted_Baseline,475
1790326769.395809802,Uninterrupted_Baseline,475
1790326769.479332929,Uninterrupted_Baseline,476
1790326769.560496211,Uninterrupted_Baseline,476
1790326769.639385516,Uninterrupted_Baseline,477
1790326769.721145968,Uninterrupted_Baseline,477
1790326769.806864928,Uninterrupted_Baseline,478
1790326769.894430390,Uninterrupted_Baseline,478
1790326769.979876588,Uninterrupted_Baseline,479
1790326770.060557326,Uninterrupted_Baseline,479
1790326770.138628503,Uninterrupted_Baseline,480
1790326770.213615561,Uninterrupted_Baseline,480
1790326770.286903126,Uninterrupted_Baseline,480
1790326770.369064953,Uninterrupted_Baseline,481
1790326770.454277555,Uninterrupted_Baseline,481
1790326770.539002214,Uninterrupted_Baseline,482
1790326770.615402065,Uninterrupted_Baseline,482
1790326770.703558344,Uninterrupted_Baseline,483
1790326770.790699933,Uninterrupted_Baseline,483
1790326770.872076532,Uninterrupted_Baseline,484
1790326770.956595524,Uninterrupted_Baseline,484
1790326771.039847171,Uninterrupted_Baseline,485
1790326771.108287772,Uninterrupted_Baseline,485
1790326771.196148221,Uninterrupted_Baseline,486
1790326771.279482195,Uninterrupted_Baseline,486
1790326771.360020836,Uninterrupted_Baseline,487
1790326771.447273209,Uninterrupted_Baseline,487
1790326771.535258941,Uninterrupted_Baseline,488
1790326771.623068006,Uninterrupted_Baseline,488
1790326771.708542481,Uninterrupted_Baseline,489
1790326771.771858518,Uninterrupted_Baseline,489
1790326771.845187557,Uninterrupted_Baseline,489
1790326771.932106244,Uninterrupted_Baseline,490
1790326772.020768812,Uninterrupted_Baseline,490
1790326772.110135837,Uninterrupted_Baseline,491
1790326772.190971752,Uninterrupted_Baseline,491
1790326772.272683248,Uninterrupted_Baseline,492
1790326772.352301864,Uninterrupted_Baseline,492
1790326772.433265316,Uninterrupted_Baseline,493
1790326772.507887063,Uninterrupted_Baseline,493
1790326772.581310862,Uninterrupted_Baseline,494
1790326772.663425583,Uninterrupted_Baseline,494
1790326772.739875699,Uninterrupted_Baseline,495
1790326772.819501886,Uninterrupted_Baseline,495
1790326772.900075562,Uninterrupted_Baseline,495
1790326772.981941044,Uninterrupted_Baseline,496
1790326773.066293522,Uninterrupted_Baseline,496
1790326773.149386142,Uninterrupted_Baseline,497
1790326773.215707941,Uninterrupted_Baseline,497
1790326773.281862548,Uninterrupted_Baseline,498
1790326773.342641475,Uninterrupted_Baseline,498
1790326773.428171270,Uninterrupted_Baseline,499
1790326773.511078002,Uninterrupted_Baseline,499
1790326773.597043980,Uninterrupted_Baseline,499
1790326773.673216825,Uninterrupted_Baseline,500
1790326773.756768509,Uninterrupted_Baseline,500
1790326773.836388860,Uninterrupted_Baseline,501
1790326773.926074114,Uninterrupted_Baseline,501
1790326774.010799409,Uninterrupted_Baseline,502
1790326774.099126880,Uninterrupted_Baseline,502
1790326774.181800991,Uninterrupted_Baseline,503
1790326774.263816761,Uninterrupted_Baseline,503
1790326774.352144182,Uninterrupted_Baseline,504
1790326774.437428727,Uninterrupted_Baseline,504
1790326774.508607592,Uninterrupted_Baseline,505
1790326774.574417528,Uninterrupted_Baseline,505
1790326774.656623699,Uninterrupted_Baseline,506
1790326774.738031718,Uninterrupted_Baseline,506
1790326774.822752185,Uninterrupted_Baseline,507
1790326774.899342971,Uninterrupted_Baseline,507
1790326774.964380909,Uninterrupted_Baseline,508
1790326775.048340923,Uninterrupted_Baseline,508
1790326775.130863732,Uninterrupted_Baseline,509
1790326775.215760054,Uninterrupted_Baseline,509
1790326775.299277508,Uninterrupted_Baseline,510
1790326775.380876800,Uninterrupted_Baseline,510
1790326775.463096242,Uninterrupted_Baseline,510
1790326775.547160466,Uninterrupted_Baseline,511
1790326775.628210452,Uninterrupted_Baseline,511
1790326775.710834552,Uninterrupted_Baseline,512
1790326775.794857706,Uninterrupted_Baseline,512
1790326775.877355125,Uninterrupted_Baseline,513
1790326775.959210257,Uninterrupted_Baseline,513
1790326776.045623807,Uninterrupted_Baseline,514
1790326776.110144480,Uninterrupted_Baseline,514
1790326776.195386047,Uninterrupted_Baseline,515
1790326776.277403283,Uninterrupted_Baseline,515
1790326776.361472792,Uninterrupted_Baseline,516
1790326776.441897947,Uninterrupted_Baseline,516
1790326776.522217380,Uninterrupted_Baseline,517
1790326776.598357540,Uninterrupted_Baseline,517
1790326776.680009795,Uninterrupted_Baseline,517
1790326776.764163230,Uninterrupted_Baseline,518
1790326776.842575621,Uninterrupted_Baseline,518
1790326776.918367462,Uninterrupted_Baseline,519
1790326777.001437581,Uninterrupted_Baseline,519
1790326777.085696257,Uninterrupted_Baseline,520
1790326777.172865626,Uninterrupted_Baseline,520
1790326777.249811909,Uninterrupted_Baseline,521
1790326777.329058151,Uninterrupted_Baseline,521
1790326777.408876344,Uninterrupted_Baseline,522
1790326777.493318998,Uninterrupted_Baseline,522
1790326777.573552531,Uninterrupted_Baseline,523
1790326777.665340006,Uninterrupted_Baseline,523
1790326777.717226689,Uninterrupted_Baseline,523
1790326777.780812991,Uninterrupted_Baseline,524
1790326777.844227264,Uninterrupted_Baseline,524
1790326777.911983811,Uninterrupted_Baseline,525
1790326777.994302585,Uninterrupted_Baseline,525
1790326778.077040388,Uninterrupted_Baseline,526
1790326778.150626072,Uninterrupted_Baseline,526
1790326778.223309053,Uninterrupted_Baseline,526
1790326778.307119724,Uninterrupted_Baseline,527
1790326778.371924360,Uninterrupted_Baseline,527
1790326778.442122465,Uninterrupted_Baseline,528
1790326778.492390083,Uninterrupted_Baseline,528
1790326778.559880050,Uninterrupted_Baseline,528
1790326778.618187113,Uninterrupted_Baseline,529
1790326778.677449229,Uninterrupted_Baseline,529
1790326778.755983310,Uninterrupted_Baseline,529
1790326778.836400009,Uninterrupted_Baseline,530
1790326778.926699812,Uninterrupted_Baseline,530
1790326779.010576335,Uninterrupted_Baseline,531
1790326779.090500225,Uninterrupted_Baseline,531
1790326779.171737503,Uninterrupted_Baseline,532
1790326779.228778210,Uninterrupted_Baseline,532
1790326779.294557821,Uninterrupted_Baseline,533
1790326779.359606550,Uninterrupted_Baseline,533
1790326779.442266507,Uninterrupted_Baseline,533
1790326779.523873687,Uninterrupted_Baseline,534
1790326779.606111255,Uninterrupted_Baseline,534
1790326779.688946306,Uninterrupted_Baseline,535
1790326779.765853645,Uninterrupted_Baseline,535
1790326779.843038521,Uninterrupted_Baseline,536
1790326779.927267297,Uninterrupted_Baseline,536
1790326780.018087691,Uninterrupted_Baseline,537
1790326780.103798016,Uninterrupted_Baseline,537
1790326780.188390421,Uninterrupted_Baseline,538
1790326780.272970590,Uninterrupted_Baseline,538
1790326780.353894258,Uninterrupted_Baseline,539
1790326780.437543390,Uninterrupted_Baseline,539
1790326780.520051884,Uninterrupted_Baseline,540
1790326780.588780937,Uninterrupted_Baseline,540
1790326780.666314723,Uninterrupted_Baseline,541
1790326780.750059820,Uninterrupted_Baseline,541
1790326780.840093941,Uninterrupted_Baseline,542
1790326780.920852875,Uninterrupted_Baseline,542
1790326781.002903825,Uninterrupted_Baseline,542
1790326781.074433288,Uninterrupted_Baseline,543
1790326781.153956425,Uninterrupted_Baseline,543
1790326781.239077502,Uninterrupted_Baseline,544
1790326781.314953245,Uninterrupted_Baseline,544
1790326781.396248533,Uninterrupted_Baseline,545
1790326781.483829101,Uninterrupted_Baseline,545
1790326781.569459361,Uninterrupted_Baseline,546
1790326781.656857846,Uninterrupted_Baseline,546
1790326781.747383244,Uninterrupted_Baseline,547
1790326781.832173528,Uninterrupted_Baseline,547
1790326781.914428811,Uninterrupted_Baseline,548
1790326781.997733849,Uninterrupted_Baseline,548
1790326782.074394102,Uninterrupted_Baseline,549
1790326782.152829551,Uninterrupted_Baseline,549
1790326782.233842687,Uninterrupted_Baseline,550
1790326782.316010213,Uninterrupted_Baseline,550
1790326782.395598075,Uninterrupted_Baseline,551
1790326782.475274291,Uninterrupted_Baseline,551
1790326782.560109858,Uninterrupted_Baseline,551
1790326782.635873128,Uninterrupted_Baseline,552
1790326782.702431582,Uninterrupted_Baseline,552
1790326782.775710511,Uninterrupted_Baseline,553
1790326782.857095176,Uninterrupted_Baseline,553
1790326782.946482147,Uninterrupted_Baseline,554
1790326783.026684370,Uninterrupted_Baseline,554
1790326783.108040971,Uninterrupted_Baseline,555
1790326783.189148523,Uninterrupted_Baseline,555
1790326783.271327917,Uninterrupted_Baseline,556
1790326783.349503218,Uninterrupted_Baseline,556
1790326783.416487919,Uninterrupted_Baseline,557
1790326783.496317932,Uninterrupted_Baseline,557
1790326783.563735458,Uninterrupted_Baseline,557
1790326783.645070030,Uninterrupted_Baseline,558
1790326783.715888619,Uninterrupted_Baseline,558
1790326783.772608051,Uninterrupted_Baseline,559
1790326783.841562470,Uninterrupted_Baseline,559
1790326783.925536954,Uninterrupted_Baseline,559
1790326784.008710749,Uninterrupted_Baseline,560
1790326784.093760243,Uninterrupted_Baseline,560
1790326784.161157060,Uninterrupted_Baseline,561
1790326784.246455310,Uninterrupted_Baseline,561
1790326784.329541816,Uninterrupted_Baseline,562
1790326784.411942568,Uninterrupted_Baseline,562
1790326784.496370852,Uninterrupted_Baseline,563
1790326784.577847440,Uninterrupted_Baseline,563
1790326784.658117709,Uninterrupted_Baseline,564
1790326784.738213745,Uninterrupted_Baseline,564
1790326784.820181746,Uninterrupted_Baseline,565
1790326784.899814362,Uninterrupted_Baseline,565
1790326784.983207945,Uninterrupted_Baseline,566
1790326785.060334053,Uninterrupted_Baseline,566
1790326785.117845961,Uninterrupted_Baseline,566
1790326785.194372691,Uninterrupted_Baseline,567
1790326785.261827145,Uninterrupted_Baseline,567
1790326785.343408881,Uninterrupted_Baseline,568
1790326785.431432582,Uninterrupted_Baseline,568
1790326785.516101244,Uninterrupted_Baseline,569
1790326785.602764097,Uninterrupted_Baseline,569
1790326785.686674331,Uninterrupted_Baseline,570
1790326785.768696581,Uninterrupted_Baseline,570
1790326785.851788310,Uninterrupted_Baseline,570
1790326785.935133352,Uninterrupted_Baseline,571
1790326786.018571221,Uninterrupted_Baseline,571
1790326786.100247332,Uninterrupted_Baseline,572
1790326786.180867795,Uninterrupted_Baseline,572
1790326786.266423898,Uninterrupted_Baseline,573
1790326786.337742660,Uninterrupted_Baseline,573
1790326786.399701898,Uninterrupted_Baseline,574
1790326786.466704564,Uninterrupted_Baseline,574
1790326786.539018692,Uninterrupted_Baseline,575
1790326786.619736593,Uninterrupted_Baseline,575
1790326786.700488081,Uninterrupted_Baseline,575
1790326786.784902965,Uninterrupted_Baseline,576
1790326786.857541479,Uninterrupted_Baseline,576
1790326786.930343496,Uninterrupted_Baseline,577
1790326787.016168936,Uninterrupted_Baseline,577
1790326787.098917612,Uninterrupted_Baseline,578
1790326787.189883334,Uninterrupted_Baseline,578
1790326787.276228335,Uninterrupted_Baseline,579
1790326787.354611695,Uninterrupted_Baseline,579
1790326787.438410111,Uninterrupted_Baseline,580
1790326787.522510612,Uninterrupted_Baseline,580
1790326787.610678075,Uninterrupted_Baseline,581
1790326787.691300387,Uninterrupted_Baseline,581
1790326787.773731446,Uninterrupted_Baseline,582
1790326787.844643714,Uninterrupted_Baseline,582
1790326787.926016357,Uninterrupted_Baseline,583
1790326788.010623452,Uninterrupted_Baseline,583
1790326788.088142743,Uninterrupted_Baseline,583
1790326788.154598684,Uninterrupted_Baseline,584
1790326788.228711639,Uninterrupted_Baseline,584
1790326788.290873638,Uninterrupted_Baseline,585
1790326788.363274667,Uninterrupted_Baseline,585
1790326788.429866325,Uninterrupted_Baseline,585
1790326788.479793814,Uninterrupted_Baseline,586
1790326788.540963376,Uninterrupted_Baseline,586
1790326788.614007525,Uninterrupted_Baseline,586
1790326788.687830797,Uninterrupted_Baseline,587
1790326788.768022123,Uninterrupted_Baseline,587
1790326788.853202338,Uninterrupted_Baseline,588
1790326788.937581177,Uninterrupted_Baseline,588
1790326789.018323043,Uninterrupted_Baseline,589
1790326789.101059206,Uninterrupted_Baseline,589
1790326789.185215796,Uninterrupted_Baseline,590
1790326789.266685171,Uninterrupted_Baseline,590
1790326789.351567148,Uninterrupted_Baseline,591
1790326789.442102314,Uninterrupted_Baseline,591
1790326789.526636513,Uninterrupted_Baseline,592
1790326789.607438806,Uninterrupted_Baseline,592
1790326789.688787329,Uninterrupted_Baseline,593
1790326789.772380103,Uninterrupted_Baseline,593
1790326789.856987695,Uninterrupted_Baseline,594
1790326789.940102273,Uninterrupted_Baseline,594
1790326801.854143520,Phase1_Baseline,10
1790326801.941744218,Phase1_Baseline,10
1790326802.019272923,Phase1_Baseline,20
1790326802.102751768,Phase1_Baseline,20
1790326802.197828634,Phase1_Baseline,40
1790326802.285301639,Phase1_Baseline,76
1790326802.361263667,Phase1_Baseline,80
1790326802.453161271,Phase1_Baseline,154
1790326802.534353777,Phase1_Baseline,160
1790326802.612748868,Phase1_Baseline,230
1790326802.694095142,Phase1_Baseline,320
1790326802.766709876,Phase1_Baseline,364
1790326802.848448708,Phase1_Baseline,639
1790326802.925034296,Phase1_Baseline,654
1790326803.005212070,Phase1_Baseline,1004
1790326803.088292395,Phase1_Baseline,982
1790326803.164925436,Phase1_Baseline,824
1790326803.230795571,Phase1_Baseline,693
1790326803.296189338,Phase1_Baseline,561
1790326803.366039760,Phase1_Baseline,547
1790326803.435385599,Phase1_Baseline,547
1790326803.506415911,Phase1_Baseline,438
1790326803.587573766,Phase1_Baseline,313
1790326803.646827143,Phase1_Baseline,273
1790326803.706629239,Phase1_Baseline,273
1790326803.779166653,Phase1_Baseline,274
1790326803.855021748,Phase1_Baseline,274
1790326803.913094003,Phase1_Baseline,274
1790326803.976294119,Phase1_Baseline,275
1790326804.059191603,Phase1_Baseline,275
1790326804.136034792,Phase1_Baseline,276
1790326804.217314330,Phase1_Baseline,276
1790326804.296772320,Phase1_Baseline,277
1790326804.381151416,Phase1_Baseline,277
1790326804.453787587,Phase1_Baseline,278
1790326804.532002121,Phase1_Baseline,278
1790326804.623021797,Phase1_Baseline,279
1790326804.701458528,Phase1_Baseline,279
1790326804.783687609,Phase1_Baseline,280
1790326804.864276296,Phase1_Baseline,280
1790326804.956909368,Phase1_Baseline,281
1790326805.017845823,Phase1_Baseline,281
1790326805.081424279,Phase1_Baseline,281
1790326805.160742739,Phase1_Baseline,282
1790326805.237451756,Phase1_Baseline,282
1790326805.316250996,Phase1_Baseline,283
1790326805.393971571,Phase1_Baseline,283
1790326805.477021289,Phase1_Baseline,284
1790326805.558806186,Phase1_Baseline,284
1790326805.638015094,Phase1_Baseline,285
1790326805.720275986,Phase1_Baseline,285
1790326805.806959655,Phase1_Baseline,286
1790326805.886437504,Phase1_Baseline,286
1790326805.974736636,Phase1_Baseline,287
1790326806.054554124,Phase1_Baseline,287
1790326806.140256604,Phase1_Baseline,288
1790326806.218720771,Phase1_Baseline,288
1790326806.293134846,Phase1_Baseline,289
1790326806.346642610,Phase1_Baseline,289
1790326806.419928815,Phase1_Baseline,289
1790326806.503834852,Phase1_Baseline,290
1790326806.583630924,Phase1_Baseline,291
1790326806.668461148,Phase1_Baseline,291
1790326806.737190240,Phase1_Baseline,291
1790326806.816096515,Phase1_Baseline,292
1790326806.878764491,Phase1_Baseline,292
1790326806.956253057,Phase1_Baseline,293
1790326807.048068370,Phase1_Baseline,293
1790326807.130192741,Phase1_Baseline,294
1790326807.208735436,Phase1_Baseline,294
1790326807.286201764,Phase1_Baseline,295
1790326807.358729017,Phase1_Baseline,295
1790326807.439105145,Phase1_Baseline,296
1790326807.520872589,Phase1_Baseline,296
1790326807.601448157,Phase1_Baseline,296
1790326807.666088019,Phase1_Baseline,297
1790326807.741940760,Phase1_Baseline,297
1790326807.809087495,Phase1_Baseline,298
1790326807.898410635,Phase1_Baseline,298
1790326807.967358602,Phase1_Baseline,299
1790326808.037699004,Phase1_Baseline,299
1790326808.098539776,Phase1_Baseline,299
1790326808.182333467,Phase1_Baseline,300
1790326808.252854814,Phase1_Baseline,300
1790326808.320984939,Phase1_Baseline,301
1790326808.398379542,Phase1_Baseline,301
1790326808.448181690,Phase1_Baseline,301
1790326808.507306312,Phase1_Baseline,302
1790326808.569193663,Phase1_Baseline,302
1790326808.633481304,Phase1_Baseline,303
1790326808.711211012,Phase1_Baseline,303
1790326808.794471760,Phase1_Baseline,304
1790326808.873782375,Phase1_Baseline,304
1790326808.954143446,Phase1_Baseline,305
1790326809.034309235,Phase1_Baseline,305
1790326809.112712600,Phase1_Baseline,305
1790326809.177490005,Phase1_Baseline,306
1790326809.243277234,Phase1_Baseline,306
1790326809.326635362,Phase1_Baseline,307
1790326809.412496780,Phase1_Baseline,307
1790326809.491954598,Phase1_Baseline,308
1790326809.580563446,Phase1_Baseline,308
1790326809.661569898,Phase1_Baseline,309
1790326809.741692985,Phase1_Baseline,309
1790326809.828754369,Phase1_Baseline,310
1790326809.906979249,Phase1_Baseline,310
1790326809.990296761,Phase1_Baseline,311
1790326810.072971099,Phase1_Baseline,311
1790326810.152601564,Phase1_Baseline,312
1790326810.239738173,Phase1_Baseline,312
1790326810.320130881,Phase1_Baseline,313
1790326810.404943412,Phase1_Baseline,313
1790326810.494784068,Phase1_Baseline,314
1790326810.578130593,Phase1_Baseline,314
1790326810.642930034,Phase1_Baseline,314
1790326810.730699340,Phase1_Baseline,315
1790326810.801014573,Phase1_Baseline,315
1790326810.879042885,Phase1_Baseline,316
1790326810.956050657,Phase1_Baseline,316
1790326811.033936017,Phase1_Baseline,317
1790326811.115447418,Phase1_Baseline,317
1790326811.174331267,Phase1_Baseline,318
1790326811.238368169,Phase1_Baseline,318
1790326811.312768719,Phase1_Baseline,318
1790326811.395553896,Phase1_Baseline,319
1790326811.479293848,Phase1_Baseline,319
1790326811.562192972,Phase1_Baseline,320
1790326811.637419161,Phase1_Baseline,320
1790326811.720018212,Phase1_Baseline,321
1790326811.800050055,Phase1_Baseline,321
1790326811.867981069,Phase1_Baseline,322
1790326811.927023669,Phase1_Baseline,322
1790326812.000154791,Phase1_Baseline,322
1790326812.065000689,Phase1_Baseline,323
1790326812.126532655,Phase1_Baseline,323
1790326812.209032890,Phase1_Baseline,324
1790326812.286055388,Phase1_Baseline,324
1790326812.361207295,Phase1_Baseline,324
1790326812.445761279,Phase1_Baseline,325
1790326812.527045921,Phase1_Baseline,325
1790326812.613425250,Phase1_Baseline,326
1790326812.698323015,Phase1_Baseline,326
1790326812.782200809,Phase1_Baseline,327
1790326812.852959200,Phase1_Baseline,327
1790326812.937240128,Phase1_Baseline,328
1790326813.016260787,Phase1_Baseline,328
1790326813.098723706,Phase1_Baseline,329
1790326813.184359621,Phase1_Baseline,329
1790326813.265029090,Phase1_Baseline,330
1790326813.338215188,Phase1_Baseline,330
1790326813.419404915,Phase1_Baseline,331
1790326813.502120306,Phase1_Baseline,331
1790326813.584033088,Phase1_Baseline,332
1790326813.667285191,Phase1_Baseline,332
1790326813.754783799,Phase1_Baseline,332
1790326813.833582923,Phase1_Baseline,333
1790326813.914788954,Phase1_Baseline,333
1790326813.993939988,Phase1_Baseline,334
1790326814.063981133,Phase1_Baseline,334
1790326814.147046297,Phase1_Baseline,335
1790326814.223073240,Phase1_Baseline,335
1790326814.284974794,Phase1_Baseline,335
1790326814.349290122,Phase1_Baseline,336
1790326814.430851298,Phase1_Baseline,336
1790326814.499795257,Phase1_Baseline,337
1790326814.584760084,Phase1_Baseline,337
1790326814.668907061,Phase1_Baseline,338
1790326814.748767575,Phase1_Baseline,338
1790326814.830310315,Phase1_Baseline,339
1790326814.909293703,Phase1_Baseline,339
1790326814.959147258,Phase1_Baseline,339
1790326815.027845638,Phase1_Baseline,340
1790326815.078614712,Phase1_Baseline,340
1790326815.150288991,Phase1_Baseline,341
1790326815.219882511,Phase1_Baseline,341
1790326815.292803205,Phase1_Baseline,341
1790326815.372358619,Phase1_Baseline,342
1790326815.443101318,Phase1_Baseline,342
1790326815.526404014,Phase1_Baseline,343
1790326815.607507631,Phase1_Baseline,343
1790326815.686393785,Phase1_Baseline,344
1790326815.766397489,Phase1_Baseline,344
1790326815.832357632,Phase1_Baseline,345
1790326815.921912835,Phase1_Baseline,345
1790326815.992282459,Phase1_Baseline,345
1790326816.077784326,Phase1_Baseline,346
1790326816.158035508,Phase1_Baseline,346
1790326816.239772535,Phase1_Baseline,347
1790326816.321978992,Phase1_Baseline,347
1790326816.400494908,Phase1_Baseline,348
1790326816.489721982,Phase1_Baseline,348
1790326816.559671630,Phase1_Baseline,349
1790326816.637790613,Phase1_Baseline,349
1790326816.717464904,Phase1_Baseline,350
1790326816.798793199,Phase1_Baseline,350
1790326816.879397225,Phase1_Baseline,351
1790326816.956839561,Phase1_Baseline,351
1790326817.017600157,Phase1_Baseline,351
1790326817.095917805,Phase1_Baseline,352
1790326817.182822913,Phase1_Baseline,352
1790326817.252704277,Phase1_Baseline,353
1790326817.331860268,Phase1_Baseline,353
1790326817.415454233,Phase1_Baseline,354
1790326817.496571581,Phase1_Baseline,354
1790326817.571212754,Phase1_Baseline,355
1790326817.645753532,Phase1_Baseline,355
1790326817.727945923,Phase1_Baseline,355
1790326817.816979371,Phase1_Baseline,356
1790326817.890608205,Phase1_Baseline,356
1790326817.977055051,Phase1_Baseline,357
1790326818.053395568,Phase1_Baseline,357
1790326818.120830362,Phase1_Baseline,358
1790326818.209969479,Phase1_Baseline,358
1790326818.284821589,Phase1_Baseline,359
1790326818.366091566,Phase1_Baseline,359
1790326818.435248756,Phase1_Baseline,359
1790326818.489045494,Phase1_Baseline,360
1790326818.553972556,Phase1_Baseline,360
1790326818.621488763,Phase1_Baseline,361
1790326818.706467165,Phase1_Baseline,361
1790326818.789793038,Phase1_Baseline,362
1790326818.870966833,Phase1_Baseline,362
1790326818.950307417,Phase1_Baseline,362
1790326819.024981122,Phase1_Baseline,363
1790326819.106552000,Phase1_Baseline,363
1790326819.170340039,Phase1_Baseline,364
1790326819.251171287,Phase1_Baseline,364
1790326819.330503330,Phase1_Baseline,365
1790326819.409918801,Phase1_Baseline,365
1790326819.489419836,Phase1_Baseline,366
1790326819.569296101,Phase1_Baseline,366
1790326819.655787112,Phase1_Baseline,366
1790326819.736925480,Phase1_Baseline,367
1790326819.815340260,Phase1_Baseline,367
1790326819.896316044,Phase1_Baseline,368
1790326819.978372120,Phase1_Baseline,368
1790326820.064888512,Phase1_Baseline,369
1790326820.145328967,Phase1_Baseline,369
1790326820.228857240,Phase1_Baseline,370
1790326820.313109852,Phase1_Baseline,370
1790326820.395332509,Phase1_Baseline,371
1790326820.471738149,Phase1_Baseline,371
1790326820.554977661,Phase1_Baseline,372
1790326820.631756276,Phase1_Baseline,372
1790326820.709483379,Phase1_Baseline,373
1790326820.790373138,Phase1_Baseline,373
1790326820.879317828,Phase1_Baseline,373
1790326820.945042794,Phase1_Baseline,374
1790326821.032243352,Phase1_Baseline,374
1790326821.124918825,Phase1_Baseline,375
1790326821.207488756,Phase1_Baseline,375
1790326821.281593624,Phase1_Baseline,376
1790326821.354366214,Phase1_Baseline,376
1790326821.435570417,Phase1_Baseline,377
1790326821.519601751,Phase1_Baseline,377
1790326821.598789772,Phase1_Baseline,378
1790326821.678403849,Phase1_Baseline,378
1790326821.766852596,Phase1_Baseline,379
1790326821.846793306,Phase1_Baseline,379
1790326821.932169553,Phase1_Baseline,379
1790326822.015386343,Phase1_Baseline,380
1790326822.096049986,Phase1_Baseline,381
1790326822.181847887,Phase1_Baseline,381
1790326822.261618184,Phase1_Baseline,381
1790326822.349974036,Phase1_Baseline,382
1790326822.416129579,Phase1_Baseline,382
1790326822.485740233,Phase1_Baseline,383
1790326822.566686013,Phase1_Baseline,383
1790326822.652383244,Phase1_Baseline,384
1790326822.731374349,Phase1_Baseline,384
1790326822.802930168,Phase1_Baseline,385
1790326822.881302994,Phase1_Baseline,385
1790326822.963862918,Phase1_Baseline,385
1790326823.045160827,Phase1_Baseline,386
1790326823.125115825,Phase1_Baseline,386
1790326823.209959982,Phase1_Baseline,387
1790326823.271092223,Phase1_Baseline,387
1790326823.359284057,Phase1_Baseline,388
1790326823.439589305,Phase1_Baseline,388
1790326823.520127899,Phase1_Baseline,389
1790326823.601317343,Phase1_Baseline,389
1790326823.684081728,Phase1_Baseline,390
1790326823.763137840,Phase1_Baseline,390
1790326823.845734796,Phase1_Baseline,391
1790326823.929257029,Phase1_Baseline,391
1790326824.011417506,Phase1_Baseline,392
1790326824.095934349,Phase1_Baseline,392
1790326824.175779454,Phase1_Baseline,392
1790326824.258354841,Phase1_Baseline,393
1790326824.341400658,Phase1_Baseline,393
1790326824.412865567,Phase1_Baseline,394
1790326824.480582559,Phase1_Baseline,394
1790326824.554382233,Phase1_Baseline,395
1790326824.635726459,Phase1_Baseline,395
1790326824.705491731,Phase1_Baseline,395
1790326824.769349301,Phase1_Baseline,396
1790326824.840555699,Phase1_Baseline,396
1790326824.929587045,Phase1_Baseline,397
1790326825.010801632,Phase1_Baseline,397
1790326825.075001462,Phase1_Baseline,398
1790326825.163320320,Phase1_Baseline,398
1790326825.214438868,Phase1_Baseline,398
1790326825.272391882,Phase1_Baseline,399
1790326825.336051880,Phase1_Baseline,399
1790326825.412057949,Phase1_Baseline,400
1790326825.470998980,Phase1_Baseline,400
1790326825.550254263,Phase1_Baseline,400
1790326825.630179494,Phase1_Baseline,401
1790326825.712823813,Phase1_Baseline,401
1790326825.794836578,Phase1_Baseline,402
1790326825.863905033,Phase1_Baseline,402
1790326825.944632786,Phase1_Baseline,403
1790326826.013058481,Phase1_Baseline,403
1790326826.101165953,Phase1_Baseline,404
1790326826.181325959,Phase1_Baseline,404
1790326826.247402009,Phase1_Baseline,404
1790326826.324379306,Phase1_Baseline,405
1790326826.400412693,Phase1_Baseline,405
1790326826.476639728,Phase1_Baseline,406
1790326826.555086492,Phase1_Baseline,406
1790326826.629548561,Phase1_Baseline,407
1790326826.706437725,Phase1_Baseline,407
1790326826.790303078,Phase1_Baseline,408
1790326826.864925377,Phase1_Baseline,408
1790326826.951819422,Phase1_Baseline,408
1790326827.031961385,Phase1_Baseline,409
1790326827.112339714,Phase1_Baseline,410
1790326827.197134216,Phase1_Baseline,410
1790326827.281348236,Phase1_Baseline,410
1790326827.360638263,Phase1_Baseline,411
1790326827.450699135,Phase1_Baseline,411
1790326827.537120462,Phase1_Baseline,412
1790326827.627809394,Phase1_Baseline,412
1790326827.696099648,Phase1_Baseline,413
1790326827.763360523,Phase1_Baseline,413
1790326827.829986624,Phase1_Baseline,414
1790326827.907592405,Phase1_Baseline,414
1790326827.988912811,Phase1_Baseline,415
1790326828.063857569,Phase1_Baseline,415
1790326828.140945679,Phase1_Baseline,416
1790326828.216682952,Phase1_Baseline,416
1790326828.278133623,Phase1_Baseline,416
1790326828.349375477,Phase1_Baseline,417
1790326828.414536196,Phase1_Baseline,417
1790326828.464799759,Phase1_Baseline,417
1790326828.523994341,Phase1_Baseline,418
1790326828.583566032,Phase1_Baseline,418
1790326828.655183544,Phase1_Baseline,418
1790326828.715828295,Phase1_Baseline,419
1790326828.792748762,Phase1_Baseline,419
1790326828.870879133,Phase1_Baseline,420
1790326828.949787824,Phase1_Baseline,420
1790326829.026267285,Phase1_Baseline,421
1790326829.103694312,Phase1_Baseline,421
1790326829.173848699,Phase1_Baseline,422
1790326829.236013052,Phase1_Baseline,422
1790326829.314500698,Phase1_Baseline,422
1790326829.398456401,Phase1_Baseline,423
1790326829.482423940,Phase1_Baseline,423
1790326829.563924833,Phase1_Baseline,424
1790326829.647013094,Phase1_Baseline,424
1790326829.726338823,Phase1_Baseline,425
1790326829.803286962,Phase1_Baseline,425
1790326829.883819045,Phase1_Baseline,426
1790326829.960408557,Phase1_Baseline,426
1790326830.043407192,Phase1_Baseline,427
1790326830.126472975,Phase1_Baseline,427
1790326830.206893540,Phase1_Baseline,427
1790326830.273025577,Phase1_Baseline,428
1790326830.349824051,Phase1_Baseline,428
1790326830.433230450,Phase1_Baseline,429
1790326830.514142536,Phase1_Baseline,429
1790326830.590924254,Phase1_Baseline,430
1790326830.669499447,Phase1_Baseline,430
1790326830.749782524,Phase1_Baseline,431
1790326830.833356569,Phase1_Baseline,431
1790326830.915781254,Phase1_Baseline,432
1790326830.998809112,Phase1_Baseline,432
1790326831.078160217,Phase1_Baseline,433
1790326831.159674969,Phase1_Baseline,433
1790326831.221316593,Phase1_Baseline,433
1790326831.296637341,Phase1_Baseline,434
1790326831.378715747,Phase1_Baseline,434
1790326831.462620434,Phase1_Baseline,435
1790326831.546784559,Phase1_Baseline,435
1790326831.630716159,Phase1_Baseline,436
1790326831.713930133,Phase1_Baseline,436
1790326831.800112204,Phase1_Baseline,437
1790326831.886353799,Phase1_Baseline,437
1790326831.971098295,Phase1_Baseline,438
1790326832.061252457,Phase1_Baseline,438
1790326832.145473133,Phase1_Baseline,439
1790326832.220882734,Phase1_Baseline,439
1790326832.308025521,Phase1_Baseline,440
1790326832.377918121,Phase1_Baseline,440
1790326832.447978260,Phase1_Baseline,440
1790326832.533359254,Phase1_Baseline,441
1790326832.616884222,Phase1_Baseline,441
1790326832.681143378,Phase1_Baseline,442
1790326832.765676922,Phase1_Baseline,442
1790326832.842421401,Phase1_Baseline,443
1790326832.925405340,Phase1_Baseline,443
1790326833.004613467,Phase1_Baseline,444
1790326833.084742818,Phase1_Baseline,444
1790326833.156432694,Phase1_Baseline,444
1790326833.237484082,Phase1_Baseline,445
1790326833.307717617,Phase1_Baseline,445
1790326833.387135250,Phase1_Baseline,446
1790326833.459165530,Phase1_Baseline,446
1790326833.542699956,Phase1_Baseline,447
1790326833.623370896,Phase1_Baseline,447
1790326833.699123772,Phase1_Baseline,448
1790326833.773755129,Phase1_Baseline,448
1790326833.856218151,Phase1_Baseline,449
1790326833.943110881,Phase1_Baseline,449
1790326834.028802860,Phase1_Baseline,450
1790326834.106986435,Phase1_Baseline,450
1790326834.182209915,Phase1_Baseline,450
1790326834.260983860,Phase1_Baseline,451
1790326834.349392399,Phase1_Baseline,451
1790326834.432703101,Phase1_Baseline,452
1790326834.492920152,Phase1_Baseline,452
1790326834.566907810,Phase1_Baseline,453
1790326834.646935370,Phase1_Baseline,453
1790326834.726583052,Phase1_Baseline,454
1790326834.804058943,Phase1_Baseline,454
1790326834.890200007,Phase1_Baseline,454
1790326834.962153911,Phase1_Baseline,455
1790326835.053966583,Phase1_Baseline,455
1790326835.140433565,Phase1_Baseline,456
1790326835.227622771,Phase1_Baseline,456
1790326835.312201135,Phase1_Baseline,457
1790326835.394634108,Phase1_Baseline,457
1790326835.497244964,Phase1_Baseline,458
1790326835.555763043,Phase1_Baseline,458
1790326835.624241211,Phase1_Baseline,459
1790326835.697357668,Phase1_Baseline,459
1790326835.781020010,Phase1_Baseline,460
1790326835.849154942,Phase1_Baseline,460
1790326835.928145798,Phase1_Baseline,460
1790326836.009099331,Phase1_Baseline,461
1790326838.626084371,Phase2_Migrated,10
1790326838.691020291,Phase2_Migrated,10
1790326838.784405524,Phase2_Migrated,10
1790326838.858908632,Phase2_Migrated,10
1790326838.952370492,Phase2_Migrated,20
1790326839.048809289,Phase2_Migrated,20
1790326839.132977619,Phase2_Migrated,40
1790326839.217497833,Phase2_Migrated,40
1790326839.308218301,Phase2_Migrated,80
1790326839.405346579,Phase2_Migrated,80
1790326839.493212944,Phase2_Migrated,160
1790326839.578486329,Phase2_Migrated,160
1790326839.657711454,Phase2_Migrated,320
1790326839.751593638,Phase2_Migrated,380
1790326839.846312459,Phase2_Migrated,640
1790326839.941019428,Phase2_Migrated,793
1790326840.013488273,Phase2_Migrated,1068
1790326840.093446123,Phase2_Migrated,913
1790326840.185898393,Phase2_Migrated,710
1790326840.278252815,Phase2_Migrated,543
1790326840.370273816,Phase2_Migrated,543
1790326840.449856830,Phase2_Migrated,271
1790326840.528066158,Phase2_Migrated,271
1790326840.599863694,Phase2_Migrated,271
1790326840.687143033,Phase2_Migrated,271
1790326840.763371313,Phase2_Migrated,272
1790326840.834979558,Phase2_Migrated,272
1790326840.923431704,Phase2_Migrated,273
1790326841.012281590,Phase2_Migrated,273
1790326841.103314602,Phase2_Migrated,274
1790326841.181685724,Phase2_Migrated,274
1790326841.262473199,Phase2_Migrated,275
1790326841.338261510,Phase2_Migrated,275
1790326841.433293758,Phase2_Migrated,276
1790326841.496804282,Phase2_Migrated,276
1790326841.576714390,Phase2_Migrated,277
1790326841.674258788,Phase2_Migrated,277
1790326841.768088374,Phase2_Migrated,278
1790326841.865157389,Phase2_Migrated,279
1790326841.961795074,Phase2_Migrated,279
1790326842.056471858,Phase2_Migrated,280
1790326842.151903953,Phase2_Migrated,280
1790326842.241867003,Phase2_Migrated,281
1790326842.333582930,Phase2_Migrated,281
1790326842.426075451,Phase2_Migrated,282
1790326842.520244532,Phase2_Migrated,283
1790326842.615635183,Phase2_Migrated,283
1790326842.707393931,Phase2_Migrated,284
1790326842.790478126,Phase2_Migrated,284
1790326842.884751499,Phase2_Migrated,285
1790326842.992422356,Phase2_Migrated,285
1790326843.061601013,Phase2_Migrated,286
1790326843.133791401,Phase2_Migrated,286
1790326843.220417945,Phase2_Migrated,287
1790326843.314480994,Phase2_Migrated,287
1790326843.407693112,Phase2_Migrated,288
1790326843.502434630,Phase2_Migrated,288
1790326843.589486526,Phase2_Migrated,289
1790326843.665024607,Phase2_Migrated,289
1790326843.740484720,Phase2_Migrated,290
1790326843.834944085,Phase2_Migrated,290
1790326843.923555401,Phase2_Migrated,291
1790326844.016017165,Phase2_Migrated,291
1790326844.109824503,Phase2_Migrated,292
1790326844.197245236,Phase2_Migrated,293
1790326844.291847650,Phase2_Migrated,293
1790326844.385787258,Phase2_Migrated,294
1790326844.475837005,Phase2_Migrated,294
1790326844.568824574,Phase2_Migrated,295
1790326844.663489281,Phase2_Migrated,295
1790326844.754372025,Phase2_Migrated,296
1790326844.841170785,Phase2_Migrated,296
1790326844.918799959,Phase2_Migrated,297
1790326844.995985943,Phase2_Migrated,297
1790326845.090138113,Phase2_Migrated,298
1790326845.191228870,Phase2_Migrated,298
1790326845.281157255,Phase2_Migrated,299
1790326845.378172443,Phase2_Migrated,299
1790326845.459542336,Phase2_Migrated,300
1790326845.549246683,Phase2_Migrated,300
1790326845.613974528,Phase2_Migrated,301
1790326845.696967227,Phase2_Migrated,301
1790326845.765838693,Phase2_Migrated,302
1790326845.840388725,Phase2_Migrated,302
1790326845.923561329,Phase2_Migrated,303
1790326845.996905182,Phase2_Migrated,303
1790326846.088539883,Phase2_Migrated,304
1790326846.168996165,Phase2_Migrated,304
1790326846.264737082,Phase2_Migrated,305
1790326846.344682510,Phase2_Migrated,305
1790326846.438167823,Phase2_Migrated,306
1790326846.535115577,Phase2_Migrated,306
1790326846.628594165,Phase2_Migrated,307
1790326846.720005015,Phase2_Migrated,307
1790326846.811104738,Phase2_Migrated,308
1790326846.904365484,Phase2_Migrated,308
1790326846.993048573,Phase2_Migrated,309
1790326847.086528163,Phase2_Migrated,309
1790326847.180935599,Phase2_Migrated,310
1790326847.264718837,Phase2_Migrated,311
1790326847.357461370,Phase2_Migrated,311
1790326847.450157565,Phase2_Migrated,312
1790326847.544608495,Phase2_Migrated,312
1790326847.627173603,Phase2_Migrated,313
1790326847.716383798,Phase2_Migrated,313
1790326847.819625750,Phase2_Migrated,314
1790326847.913053705,Phase2_Migrated,314
1790326847.994344707,Phase2_Migrated,315
1790326848.076823113,Phase2_Migrated,315
1790326848.158026539,Phase2_Migrated,316
1790326848.218373453,Phase2_Migrated,316
1790326848.276980135,Phase2_Migrated,316
1790326848.372639661,Phase2_Migrated,317
1790326848.444911039,Phase2_Migrated,317
1790326848.502718879,Phase2_Migrated,318
1790326848.562447333,Phase2_Migrated,318
1790326848.634807560,Phase2_Migrated,318
1790326848.724218266,Phase2_Migrated,319
1790326848.820037206,Phase2_Migrated,320
1790326848.913464265,Phase2_Migrated,320
1790326848.992503912,Phase2_Migrated,321
1790326849.085352090,Phase2_Migrated,321
1790326849.182453643,Phase2_Migrated,322
1790326849.254748388,Phase2_Migrated,322
1790326849.350854981,Phase2_Migrated,323
1790326849.446185182,Phase2_Migrated,323
1790326849.537960145,Phase2_Migrated,324
1790326849.629277274,Phase2_Migrated,324
1790326849.720830263,Phase2_Migrated,325
1790326849.817009456,Phase2_Migrated,325
1790326849.901711591,Phase2_Migrated,326
1790326849.998102577,Phase2_Migrated,326
1790326850.091364224,Phase2_Migrated,327
1790326850.178538228,Phase2_Migrated,327
1790326850.272019982,Phase2_Migrated,328
1790326850.365042117,Phase2_Migrated,329
1790326850.459037917,Phase2_Migrated,329
1790326850.556457164,Phase2_Migrated,330
1790326850.656301689,Phase2_Migrated,330
1790326850.750922239,Phase2_Migrated,331
1790326850.839969902,Phase2_Migrated,331
1790326850.937096100,Phase2_Migrated,332
1790326851.028232514,Phase2_Migrated,332
1790326851.120586858,Phase2_Migrated,333
1790326851.218040139,Phase2_Migrated,333
1790326851.306002294,Phase2_Migrated,334
1790326851.408463721,Phase2_Migrated,335
1790326851.504327138,Phase2_Migrated,335
1790326851.588264275,Phase2_Migrated,336
1790326851.683160189,Phase2_Migrated,336
1790326851.784985837,Phase2_Migrated,337
1790326851.876035438,Phase2_Migrated,337
1790326851.953294906,Phase2_Migrated,338
1790326852.047497078,Phase2_Migrated,338
1790326852.139541389,Phase2_Migrated,339
1790326852.238322934,Phase2_Migrated,339
1790326852.331009631,Phase2_Migrated,340
1790326852.425044276,Phase2_Migrated,340
1790326852.516827468,Phase2_Migrated,341
1790326852.608625962,Phase2_Migrated,341
1790326852.698592328,Phase2_Migrated,342
1790326852.791476927,Phase2_Migrated,342
1790326852.886380489,Phase2_Migrated,343
1790326852.982283477,Phase2_Migrated,344
1790326853.075937407,Phase2_Migrated,344
1790326853.174181303,Phase2_Migrated,345
1790326853.270485564,Phase2_Migrated,345
1790326853.368545247,Phase2_Migrated,346
1790326853.460999955,Phase2_Migrated,346
1790326853.552597433,Phase2_Migrated,347
1790326853.648105867,Phase2_Migrated,347
1790326853.741906103,Phase2_Migrated,348
1790326853.831127971,Phase2_Migrated,349
1790326853.925419300,Phase2_Migrated,349
1790326854.017327868,Phase2_Migrated,350
1790326854.111032890,Phase2_Migrated,350
1790326854.205561529,Phase2_Migrated,351
1790326854.298984503,Phase2_Migrated,351
1790326854.388481654,Phase2_Migrated,352
1790326854.480046001,Phase2_Migrated,352
1790326854.574103334,Phase2_Migrated,353
1790326854.643128746,Phase2_Migrated,353
1790326854.737781232,Phase2_Migrated,354
1790326854.832173208,Phase2_Migrated,354
1790326854.904375800,Phase2_Migrated,355
1790326854.983284381,Phase2_Migrated,355
1790326855.100791576,Phase2_Migrated,356
1790326855.162631951,Phase2_Migrated,356
1790326855.229678242,Phase2_Migrated,356
1790326855.308641007,Phase2_Migrated,357
1790326855.402939746,Phase2_Migrated,358
1790326855.496496455,Phase2_Migrated,358
1790326855.595640868,Phase2_Migrated,359
1790326855.690687568,Phase2_Migrated,359
1790326855.785917603,Phase2_Migrated,360
1790326855.884878555,Phase2_Migrated,360
1790326855.978461970,Phase2_Migrated,361
1790326856.072790202,Phase2_Migrated,361
1790326856.166404689,Phase2_Migrated,362
1790326856.254346762,Phase2_Migrated,362
1790326856.323611911,Phase2_Migrated,363
1790326856.396477965,Phase2_Migrated,363
1790326856.490952369,Phase2_Migrated,364
1790326856.588841485,Phase2_Migrated,364
1790326856.680913285,Phase2_Migrated,365
1790326856.777498504,Phase2_Migrated,366
1790326856.870795368,Phase2_Migrated,366
1790326856.967380267,Phase2_Migrated,367
1790326857.060751035,Phase2_Migrated,367
1790326857.155896324,Phase2_Migrated,368
1790326857.248301729,Phase2_Migrated,368
1790326857.341338203,Phase2_Migrated,369
1790326857.432398366,Phase2_Migrated,369
1790326857.531075444,Phase2_Migrated,370
1790326857.621224211,Phase2_Migrated,370
1790326857.712492310,Phase2_Migrated,371
1790326857.796984738,Phase2_Migrated,371
1790326857.863060951,Phase2_Migrated,372
1790326857.954457554,Phase2_Migrated,372
1790326858.053847578,Phase2_Migrated,373
1790326858.139262042,Phase2_Migrated,373
1790326858.232765967,Phase2_Migrated,374
1790326858.318860001,Phase2_Migrated,374
1790326858.406179573,Phase2_Migrated,375
1790326858.463488514,Phase2_Migrated,375
1790326858.518887626,Phase2_Migrated,376
1790326858.585877261,Phase2_Migrated,376
1790326858.654726462,Phase2_Migrated,376
1790326858.742503434,Phase2_Migrated,377
1790326858.840160352,Phase2_Migrated,377
1790326858.935269733,Phase2_Migrated,378
1790326859.023910346,Phase2_Migrated,379
1790326859.099987873,Phase2_Migrated,379
1790326859.182922021,Phase2_Migrated,379
1790326859.252903038,Phase2_Migrated,380
1790326859.332394023,Phase2_Migrated,380
1790326859.430787684,Phase2_Migrated,381
1790326859.525007229,Phase2_Migrated,381
1790326859.618780562,Phase2_Migrated,382
1790326859.710878167,Phase2_Migrated,382
1790326859.777469049,Phase2_Migrated,383
1790326859.832734665,Phase2_Migrated,383
1790326859.892839569,Phase2_Migrated,384
1790326859.965666439,Phase2_Migrated,384
1790326860.051765309,Phase2_Migrated,384
1790326860.144589158,Phase2_Migrated,385
1790326860.239957814,Phase2_Migrated,386
1790326860.334732746,Phase2_Migrated,386
1790326860.426847312,Phase2_Migrated,387
1790326860.515668050,Phase2_Migrated,387
1790326860.581263295,Phase2_Migrated,387
1790326860.672929036,Phase2_Migrated,388
1790326860.769321115,Phase2_Migrated,389
1790326860.864371682,Phase2_Migrated,389
1790326860.942946901,Phase2_Migrated,390
1790326861.040414467,Phase2_Migrated,390
1790326861.134718635,Phase2_Migrated,391
1790326861.223045260,Phase2_Migrated,391
1790326861.314033420,Phase2_Migrated,392
1790326861.400745376,Phase2_Migrated,392
1790326861.485255782,Phase2_Migrated,393
1790326861.578075777,Phase2_Migrated,393
1790326861.674191365,Phase2_Migrated,394
1790326861.730444534,Phase2_Migrated,394
1790326861.792716198,Phase2_Migrated,395
1790326861.872298915,Phase2_Migrated,395
1790326861.965219409,Phase2_Migrated,396
1790326862.062313289,Phase2_Migrated,396
1790326862.155164728,Phase2_Migrated,397
1790326862.246566703,Phase2_Migrated,397
1790326862.336415700,Phase2_Migrated,398
1790326862.407497295,Phase2_Migrated,398
1790326862.501415153,Phase2_Migrated,399
1790326862.591705863,Phase2_Migrated,399
1790326862.685781168,Phase2_Migrated,400
1790326862.776047737,Phase2_Migrated,400
1790326862.874359748,Phase2_Migrated,401
1790326862.964346728,Phase2_Migrated,401
1790326863.053799769,Phase2_Migrated,402
1790326863.129274506,Phase2_Migrated,402
1790326863.217699097,Phase2_Migrated,403
1790326863.303257810,Phase2_Migrated,403
1790326863.400203843,Phase2_Migrated,404
1790326863.492189662,Phase2_Migrated,404
1790326863.585947449,Phase2_Migrated,405
1790326863.681278702,Phase2_Migrated,405
1790326863.779389917,Phase2_Migrated,406
1790326863.873154142,Phase2_Migrated,406
1790326863.960585113,Phase2_Migrated,407
1790326864.052071434,Phase2_Migrated,407
1790326864.146142614,Phase2_Migrated,408
1790326864.237696755,Phase2_Migrated,409
1790326864.330542737,Phase2_Migrated,409
1790326864.433883382,Phase2_Migrated,410
1790326864.531025461,Phase2_Migrated,410
1790326864.617258331,Phase2_Migrated,411
1790326864.706186572,Phase2_Migrated,411
1790326864.799902864,Phase2_Migrated,412
1790326864.900758613,Phase2_Migrated,412
1790326865.005096203,Phase2_Migrated,413
1790326865.072034488,Phase2_Migrated,413
1790326865.144742978,Phase2_Migrated,414
1790326865.230916232,Phase2_Migrated,414
1790326865.326189823,Phase2_Migrated,415
1790326865.415178965,Phase2_Migrated,415
1790326865.511572712,Phase2_Migrated,416
1790326865.602938116,Phase2_Migrated,416
1790326865.703373977,Phase2_Migrated,417
1790326865.798923260,Phase2_Migrated,417
1790326865.874245998,Phase2_Migrated,418
1790326865.961228135,Phase2_Migrated,418
1790326866.058725712,Phase2_Migrated,419
1790326866.149430916,Phase2_Migrated,419
1790326866.248944165,Phase2_Migrated,420
1790326866.318252060,Phase2_Migrated,420
1790326866.384365454,Phase2_Migrated,421
1790326866.488124488,Phase2_Migrated,421
1790326866.580311941,Phase2_Migrated,422
1790326866.677712998,Phase2_Migrated,423
1790326866.775227545,Phase2_Migrated,423
1790326866.861796679,Phase2_Migrated,424
1790326866.956036914,Phase2_Migrated,424
1790326867.051734621,Phase2_Migrated,425
1790326867.145644235,Phase2_Migrated,425
1790326867.240246984,Phase2_Migrated,426
1790326867.334951259,Phase2_Migrated,426
1790326867.425270833,Phase2_Migrated,427
1790326867.519368909,Phase2_Migrated,427
1790326867.610359460,Phase2_Migrated,428
1790326867.709752626,Phase2_Migrated,428
1790326867.809815938,Phase2_Migrated,429
1790326867.901560485,Phase2_Migrated,430
1790326867.994443530,Phase2_Migrated,430
1790326868.061712097,Phase2_Migrated,430
1790326868.132836636,Phase2_Migrated,431
1790326868.212349698,Phase2_Migrated,431
1790326868.273226976,Phase2_Migrated,432
1790326868.336768377,Phase2_Migrated,432
1790326868.403026108,Phase2_Migrated,432
1790326868.476899052,Phase2_Migrated,433
1790326868.534324974,Phase2_Migrated,433
1790326868.595839164,Phase2_Migrated,434
1790326868.666149925,Phase2_Migrated,434
1790326868.750335866,Phase2_Migrated,434
1790326868.842982162,Phase2_Migrated,435
1790326868.940989823,Phase2_Migrated,436
1790326869.038572288,Phase2_Migrated,436
1790326869.131581223,Phase2_Migrated,437
1790326869.219393413,Phase2_Migrated,437
1790326869.300477698,Phase2_Migrated,438
1790326869.379068746,Phase2_Migrated,438
1790326869.469760342,Phase2_Migrated,439
1790326869.559489211,Phase2_Migrated,439
1790326869.651895561,Phase2_Migrated,440
1790326869.729326406,Phase2_Migrated,440
1790326869.803886120,Phase2_Migrated,441
1790326869.882247687,Phase2_Migrated,441
1790326869.963026107,Phase2_Migrated,442
1790326870.059245503,Phase2_Migrated,442
1790326870.148039701,Phase2_Migrated,443
1790326870.237794105,Phase2_Migrated,443
1790326870.328164445,Phase2_Migrated,444
1790326870.422012943,Phase2_Migrated,444
1790326870.516894165,Phase2_Migrated,445
1790326870.588465970,Phase2_Migrated,445
1790326870.688060763,Phase2_Migrated,446
1790326870.787216501,Phase2_Migrated,446
1790326870.882408852,Phase2_Migrated,447
1790326870.977073933,Phase2_Migrated,447
1790326871.055930618,Phase2_Migrated,448
1790326871.137315290,Phase2_Migrated,448
1790326871.234956124,Phase2_Migrated,449
1790326871.298958266,Phase2_Migrated,449
1790326871.391919316,Phase2_Migrated,450
1790326871.485038825,Phase2_Migrated,450
1790326871.575564838,Phase2_Migrated,451
1790326871.678883916,Phase2_Migrated,451
1790326871.770557853,Phase2_Migrated,452
1790326871.865760919,Phase2_Migrated,453
1790326871.956546059,Phase2_Migrated,453
1790326872.036597744,Phase2_Migrated,453
1790326872.130023798,Phase2_Migrated,454
1790326872.221157300,Phase2_Migrated,455
1790326872.308377521,Phase2_Migrated,455
1790326872.407642414,Phase2_Migrated,456
1790326873.806081633,Uninterrupted_Baseline,1
1790326873.889162066,Uninterrupted_Baseline,1
1790326873.971569374,Uninterrupted_Baseline,1
1790326874.056897745,Uninterrupted_Baseline,1
1790326874.142016425,Uninterrupted_Baseline,1
1790326874.224693685,Uninterrupted_Baseline,1
1790326874.307842051,Uninterrupted_Baseline,1
1790326874.390800825,Uninterrupted_Baseline,1
1790326874.476449515,Uninterrupted_Baseline,1
1790326874.557041389,Uninterrupted_Baseline,1
1790326874.630618989,Uninterrupted_Baseline,1
1790326874.711543397,Uninterrupted_Baseline,1
1790326874.794955906,Uninterrupted_Baseline,1
1790326874.876302123,Uninterrupted_Baseline,1
1790326874.951845159,Uninterrupted_Baseline,1
1790326875.040699250,Uninterrupted_Baseline,1
1790326875.093815564,Uninterrupted_Baseline,1
1790326875.167632797,Uninterrupted_Baseline,1
1790326875.247979259,Uninterrupted_Baseline,1
1790326875.335945987,Uninterrupted_Baseline,1
1790326875.420634282,Uninterrupted_Baseline,1
1790326875.504840966,Uninterrupted_Baseline,1
1790326875.576269121,Uninterrupted_Baseline,1
1790326875.658045607,Uninterrupted_Baseline,1
1790326875.716104555,Uninterrupted_Baseline,1
1790326875.795556974,Uninterrupted_Baseline,1
1790326875.881005470,Uninterrupted_Baseline,1
1790326875.976969248,Uninterrupted_Baseline,1
1790326876.061325516,Uninterrupted_Baseline,1
1790326876.143182379,Uninterrupted_Baseline,1
1790326876.225708853,Uninterrupted_Baseline,1
1790326876.303973998,Uninterrupted_Baseline,10
1790326876.303973998,Uninterrupted_Baseline,1
1790326876.397170230,Uninterrupted_Baseline,10
1790326876.397170230,Uninterrupted_Baseline,1
1790326876.482231482,Uninterrupted_Baseline,20
1790326876.482231482,Uninterrupted_Baseline,1
1790326876.572611407,Uninterrupted_Baseline,20
1790326876.572611407,Uninterrupted_Baseline,1
1790326876.658932822,Uninterrupted_Baseline,40
1790326876.658932822,Uninterrupted_Baseline,1
1790326876.742859566,Uninterrupted_Baseline,40
1790326876.742859566,Uninterrupted_Baseline,1
1790326876.822976787,Uninterrupted_Baseline,80
1790326876.822976787,Uninterrupted_Baseline,1
1790326876.894892049,Uninterrupted_Baseline,80
1790326876.894892049,Uninterrupted_Baseline,1
1790326876.959485051,Uninterrupted_Baseline,158
1790326876.959485051,Uninterrupted_Baseline,1
1790326877.029084353,Uninterrupted_Baseline,158
1790326877.029084353,Uninterrupted_Baseline,1
1790326877.111232955,Uninterrupted_Baseline,247
1790326877.111232955,Uninterrupted_Baseline,1
1790326877.196316584,Uninterrupted_Baseline,316
1790326877.196316584,Uninterrupted_Baseline,1
1790326877.276979225,Uninterrupted_Baseline,421
1790326877.276979225,Uninterrupted_Baseline,1
1790326877.355741808,Uninterrupted_Baseline,632
1790326877.355741808,Uninterrupted_Baseline,1
1790326877.436546847,Uninterrupted_Baseline,735
1790326877.436546847,Uninterrupted_Baseline,1
1790326877.517112378,Uninterrupted_Baseline,1071
1790326877.517112378,Uninterrupted_Baseline,1
1790326877.597297869,Uninterrupted_Baseline,942
1790326877.597297869,Uninterrupted_Baseline,1
1790326877.677684643,Uninterrupted_Baseline,781
1790326877.677684643,Uninterrupted_Baseline,1
1790326877.755061774,Uninterrupted_Baseline,609
1790326877.755061774,Uninterrupted_Baseline,1
1790326877.832325818,Uninterrupted_Baseline,543
1790326877.832325818,Uninterrupted_Baseline,1
1790326877.916799687,Uninterrupted_Baseline,543
1790326877.916799687,Uninterrupted_Baseline,1
1790326878.001913531,Uninterrupted_Baseline,422
1790326878.001913531,Uninterrupted_Baseline,1
1790326878.083827444,Uninterrupted_Baseline,293
1790326878.083827444,Uninterrupted_Baseline,1
1790326878.168392760,Uninterrupted_Baseline,271
1790326878.168392760,Uninterrupted_Baseline,1
1790326878.234495681,Uninterrupted_Baseline,271
1790326878.234495681,Uninterrupted_Baseline,1
1790326878.295997083,Uninterrupted_Baseline,272
1790326878.295997083,Uninterrupted_Baseline,1
1790326878.365549573,Uninterrupted_Baseline,272
1790326878.365549573,Uninterrupted_Baseline,1
1790326878.429732607,Uninterrupted_Baseline,272
1790326878.429732607,Uninterrupted_Baseline,1
1790326878.485593518,Uninterrupted_Baseline,273
1790326878.485593518,Uninterrupted_Baseline,1
1790326878.543050168,Uninterrupted_Baseline,273
1790326878.543050168,Uninterrupted_Baseline,1
1790326878.617980079,Uninterrupted_Baseline,274
1790326878.617980079,Uninterrupted_Baseline,1
1790326878.696831183,Uninterrupted_Baseline,274
1790326878.696831183,Uninterrupted_Baseline,1
1790326878.781069419,Uninterrupted_Baseline,275
1790326878.781069419,Uninterrupted_Baseline,1
1790326878.871052969,Uninterrupted_Baseline,275
1790326878.871052969,Uninterrupted_Baseline,1
1790326878.961260108,Uninterrupted_Baseline,276
1790326878.961260108,Uninterrupted_Baseline,1
1790326879.047900362,Uninterrupted_Baseline,276
1790326879.047900362,Uninterrupted_Baseline,1
1790326879.132405142,Uninterrupted_Baseline,277
1790326879.132405142,Uninterrupted_Baseline,1
1790326879.193398701,Uninterrupted_Baseline,277
1790326879.193398701,Uninterrupted_Baseline,1
1790326879.245211552,Uninterrupted_Baseline,277
1790326879.245211552,Uninterrupted_Baseline,1
1790326879.315040917,Uninterrupted_Baseline,278
1790326879.315040917,Uninterrupted_Baseline,1
1790326879.400871593,Uninterrupted_Baseline,278
1790326879.400871593,Uninterrupted_Baseline,1
1790326879.489180662,Uninterrupted_Baseline,279
1790326879.489180662,Uninterrupted_Baseline,1
1790326879.569416046,Uninterrupted_Baseline,279
1790326879.569416046,Uninterrupted_Baseline,1
1790326879.654260632,Uninterrupted_Baseline,280
1790326879.654260632,Uninterrupted_Baseline,1
1790326879.735275001,Uninterrupted_Baseline,280
1790326879.735275001,Uninterrupted_Baseline,1
1790326879.816177647,Uninterrupted_Baseline,281
1790326879.816177647,Uninterrupted_Baseline,1
1790326879.897857023,Uninterrupted_Baseline,281
1790326879.897857023,Uninterrupted_Baseline,1
1790326879.976773643,Uninterrupted_Baseline,282
1790326879.976773643,Uninterrupted_Baseline,1
1790326880.064150077,Uninterrupted_Baseline,282
1790326880.064150077,Uninterrupted_Baseline,1
1790326880.146451370,Uninterrupted_Baseline,283
1790326880.146451370,Uninterrupted_Baseline,1
1790326880.217078817,Uninterrupted_Baseline,283
1790326880.217078817,Uninterrupted_Baseline,1
1790326880.302947093,Uninterrupted_Baseline,284
1790326880.302947093,Uninterrupted_Baseline,1
1790326880.383328396,Uninterrupted_Baseline,284
1790326880.383328396,Uninterrupted_Baseline,1
1790326880.470034946,Uninterrupted_Baseline,285
1790326880.470034946,Uninterrupted_Baseline,1
1790326880.555397928,Uninterrupted_Baseline,285
1790326880.555397928,Uninterrupted_Baseline,1
1790326880.636920197,Uninterrupted_Baseline,286
1790326880.636920197,Uninterrupted_Baseline,1
1790326880.722793305,Uninterrupted_Baseline,286
1790326880.722793305,Uninterrupted_Baseline,1
1790326880.798079430,Uninterrupted_Baseline,287
1790326880.798079430,Uninterrupted_Baseline,1
1790326880.881857945,Uninterrupted_Baseline,287
1790326880.881857945,Uninterrupted_Baseline,1
1790326880.968342802,Uninterrupted_Baseline,288
1790326880.968342802,Uninterrupted_Baseline,1
1790326881.053336376,Uninterrupted_Baseline,288
1790326881.053336376,Uninterrupted_Baseline,1
1790326881.137867144,Uninterrupted_Baseline,289
1790326881.137867144,Uninterrupted_Baseline,1
1790326881.219041321,Uninterrupted_Baseline,289
1790326881.219041321,Uninterrupted_Baseline,1
1790326881.305246972,Uninterrupted_Baseline,290
1790326881.305246972,Uninterrupted_Baseline,1
1790326881.388439237,Uninterrupted_Baseline,290
1790326881.388439237,Uninterrupted_Baseline,1
1790326881.472220929,Uninterrupted_Baseline,291
1790326881.472220929,Uninterrupted_Baseline,1
1790326881.556343998,Uninterrupted_Baseline,291
1790326881.556343998,Uninterrupted_Baseline,1
1790326881.640068414,Uninterrupted_Baseline,292
1790326881.640068414,Uninterrupted_Baseline,1
1790326881.724610497,Uninterrupted_Baseline,292
1790326881.724610497,Uninterrupted_Baseline,1
1790326881.807589786,Uninterrupted_Baseline,293
1790326881.807589786,Uninterrupted_Baseline,1
1790326881.870676049,Uninterrupted_Baseline,293
1790326881.870676049,Uninterrupted_Baseline,1
1790326881.953944051,Uninterrupted_Baseline,294
1790326881.953944051,Uninterrupted_Baseline,1
1790326882.044373442,Uninterrupted_Baseline,294
1790326882.044373442,Uninterrupted_Baseline,1
1790326882.128900925,Uninterrupted_Baseline,295
1790326882.128900925,Uninterrupted_Baseline,1
1790326882.196959551,Uninterrupted_Baseline,295
1790326882.196959551,Uninterrupted_Baseline,1
1790326882.270621311,Uninterrupted_Baseline,296
1790326882.270621311,Uninterrupted_Baseline,1
1790326882.338262364,Uninterrupted_Baseline,296
1790326882.338262364,Uninterrupted_Baseline,1
1790326882.415294353,Uninterrupted_Baseline,296
1790326882.415294353,Uninterrupted_Baseline,1
1790326882.496779990,Uninterrupted_Baseline,297
1790326882.496779990,Uninterrupted_Baseline,1
1790326882.575789869,Uninterrupted_Baseline,297
1790326882.575789869,Uninterrupted_Baseline,1
1790326882.645022838,Uninterrupted_Baseline,298
1790326882.645022838,Uninterrupted_Baseline,1
1790326882.727058703,Uninterrupted_Baseline,298
1790326882.727058703,Uninterrupted_Baseline,1
1790326882.806872486,Uninterrupted_Baseline,299
1790326882.806872486,Uninterrupted_Baseline,1
1790326882.888980482,Uninterrupted_Baseline,299
1790326882.888980482,Uninterrupted_Baseline,1
1790326882.980152523,Uninterrupted_Baseline,300
1790326883.063288873,Uninterrupted_Baseline,300
1790326883.138510233,Uninterrupted_Baseline,301
1790326883.222772389,Uninterrupted_Baseline,301
1790326883.280292730,Uninterrupted_Baseline,302
1790326883.344475429,Uninterrupted_Baseline,302
1790326883.427417687,Uninterrupted_Baseline,302
1790326883.511845404,Uninterrupted_Baseline,303
1790326883.595562955,Uninterrupted_Baseline,303
1790326883.674963450,Uninterrupted_Baseline,304
1790326883.758359063,Uninterrupted_Baseline,304
1790326883.839165782,Uninterrupted_Baseline,305
1790326883.924717903,Uninterrupted_Baseline,305
1790326884.005409662,Uninterrupted_Baseline,306
1790326884.088124107,Uninterrupted_Baseline,306
1790326884.170862684,Uninterrupted_Baseline,307
1790326884.250688037,Uninterrupted_Baseline,307
1790326884.314494063,Uninterrupted_Baseline,308
1790326884.392917788,Uninterrupted_Baseline,308
1790326884.472643681,Uninterrupted_Baseline,308
1790326884.551272611,Uninterrupted_Baseline,309
1790326884.634342983,Uninterrupted_Baseline,309
1790326884.716957377,Uninterrupted_Baseline,310
1790326884.802176838,Uninterrupted_Baseline,310
1790326884.882938016,Uninterrupted_Baseline,311
1790326884.966397790,Uninterrupted_Baseline,311
1790326885.049404059,Uninterrupted_Baseline,312
1790326885.123539013,Uninterrupted_Baseline,312
1790326885.196603469,Uninterrupted_Baseline,313
1790326885.269936015,Uninterrupted_Baseline,313
1790326885.358213562,Uninterrupted_Baseline,314
1790326885.439872205,Uninterrupted_Baseline,314
1790326885.492816086,Uninterrupted_Baseline,314
1790326885.562241551,Uninterrupted_Baseline,315
1790326885.626725872,Uninterrupted_Baseline,315
1790326885.707333723,Uninterrupted_Baseline,316
1790326885.787792772,Uninterrupted_Baseline,316
1790326885.872966107,Uninterrupted_Baseline,317
1790326885.951833431,Uninterrupted_Baseline,317
1790326886.037085416,Uninterrupted_Baseline,318
1790326886.118704253,Uninterrupted_Baseline,318
1790326886.206390086,Uninterrupted_Baseline,318
1790326886.285292210,Uninterrupted_Baseline,319
1790326886.353940517,Uninterrupted_Baseline,319
1790326886.433154791,Uninterrupted_Baseline,320
1790326886.516286046,Uninterrupted_Baseline,320
1790326886.590024139,Uninterrupted_Baseline,321
1790326886.668087327,Uninterrupted_Baseline,321
1790326886.752569805,Uninterrupted_Baseline,322
1790326886.834403166,Uninterrupted_Baseline,322
1790326886.918183400,Uninterrupted_Baseline,323
1790326887.000684714,Uninterrupted_Baseline,323
1790326887.082584234,Uninterrupted_Baseline,324
1790326887.172471894,Uninterrupted_Baseline,324
1790326887.256081623,Uninterrupted_Baseline,325
1790326887.336234280,Uninterrupted_Baseline,325
1790326887.418097543,Uninterrupted_Baseline,325
1790326887.498939874,Uninterrupted_Baseline,326
1790326887.579543673,Uninterrupted_Baseline,326
1790326887.654264223,Uninterrupted_Baseline,327
1790326887.737436575,Uninterrupted_Baseline,327
1790326887.826958034,Uninterrupted_Baseline,328
1790326887.908009401,Uninterrupted_Baseline,328
1790326887.971432530,Uninterrupted_Baseline,329
1790326888.047470812,Uninterrupted_Baseline,329
1790326888.102755403,Uninterrupted_Baseline,329
1790326888.187167337,Uninterrupted_Baseline,330
1790326888.270083815,Uninterrupted_Baseline,330
1790326888.352065966,Uninterrupted_Baseline,331
1790326888.416377131,Uninterrupted_Baseline,331
1790326888.467243793,Uninterrupted_Baseline,331
1790326888.518184308,Uninterrupted_Baseline,332
1790326888.582270436,Uninterrupted_Baseline,332
1790326888.657134891,Uninterrupted_Baseline,333
1790326888.732470251,Uninterrupted_Baseline,333
1790326888.796725584,Uninterrupted_Baseline,333
1790326888.863720651,Uninterrupted_Baseline,334
1790326888.945095244,Uninterrupted_Baseline,334
1790326889.029245730,Uninterrupted_Baseline,335
1790326889.111724989,Uninterrupted_Baseline,335
1790326889.178913587,Uninterrupted_Baseline,336
1790326889.249910772,Uninterrupted_Baseline,336
1790326889.334778959,Uninterrupted_Baseline,336
1790326889.416566645,Uninterrupted_Baseline,337
1790326889.497032970,Uninterrupted_Baseline,337
1790326889.579169752,Uninterrupted_Baseline,338
1790326889.665370536,Uninterrupted_Baseline,338
1790326889.746891573,Uninterrupted_Baseline,339
1790326889.831064500,Uninterrupted_Baseline,339
1790326889.918110988,Uninterrupted_Baseline,340
1790326890.007493638,Uninterrupted_Baseline,340
1790326890.097069735,Uninterrupted_Baseline,341
1790326890.177234678,Uninterrupted_Baseline,341
1790326890.237097460,Uninterrupted_Baseline,342
1790326890.312772278,Uninterrupted_Baseline,342
1790326890.398556470,Uninterrupted_Baseline,343
1790326890.488895468,Uninterrupted_Baseline,343
1790326890.570288298,Uninterrupted_Baseline,344
1790326890.654106534,Uninterrupted_Baseline,344
1790326890.741680307,Uninterrupted_Baseline,345
1790326890.824979534,Uninterrupted_Baseline,345
1790326890.890878014,Uninterrupted_Baseline,346
1790326890.973011055,Uninterrupted_Baseline,346
1790326891.060513172,Uninterrupted_Baseline,347
1790326891.144013336,Uninterrupted_Baseline,347
1790326891.225190087,Uninterrupted_Baseline,347
1790326891.306091222,Uninterrupted_Baseline,348
1790326891.389008125,Uninterrupted_Baseline,348
1790326891.470103885,Uninterrupted_Baseline,349
1790326891.551447673,Uninterrupted_Baseline,349
1790326891.621175300,Uninterrupted_Baseline,350
1790326891.701999887,Uninterrupted_Baseline,350
1790326891.785587898,Uninterrupted_Baseline,351
1790326891.863622635,Uninterrupted_Baseline,351
1790326891.945417217,Uninterrupted_Baseline,352
1790326892.030633342,Uninterrupted_Baseline,352
1790326892.110001181,Uninterrupted_Baseline,353
1790326892.193945704,Uninterrupted_Baseline,353
1790326892.273591701,Uninterrupted_Baseline,353
1790326892.351708649,Uninterrupted_Baseline,354
1790326892.419165283,Uninterrupted_Baseline,354
1790326892.503887014,Uninterrupted_Baseline,355
1790326892.586334088,Uninterrupted_Baseline,355
1790326892.668418522,Uninterrupted_Baseline,356
1790326892.753843051,Uninterrupted_Baseline,356
1790326892.840038190,Uninterrupted_Baseline,357
1790326892.919610037,Uninterrupted_Baseline,357
1790326892.986076063,Uninterrupted_Baseline,358
1790326893.061627684,Uninterrupted_Baseline,358
1790326893.145645449,Uninterrupted_Baseline,359
1790326893.226248790,Uninterrupted_Baseline,359
1790326893.310966830,Uninterrupted_Baseline,359
1790326893.385574229,Uninterrupted_Baseline,360
1790326893.465023580,Uninterrupted_Baseline,360
1790326893.547984182,Uninterrupted_Baseline,361
1790326893.633059385,Uninterrupted_Baseline,361
1790326893.720350051,Uninterrupted_Baseline,362
1790326893.807620581,Uninterrupted_Baseline,362
1790326893.888922439,Uninterrupted_Baseline,363
1790326893.970804886,Uninterrupted_Baseline,363
1790326894.030476682,Uninterrupted_Baseline,364
1790326894.112282886,Uninterrupted_Baseline,364
1790326894.187127755,Uninterrupted_Baseline,364
1790326894.271132040,Uninterrupted_Baseline,365
1790326894.355725328,Uninterrupted_Baseline,365
1790326894.437494810,Uninterrupted_Baseline,366
1790326894.508224278,Uninterrupted_Baseline,366
1790326894.592434448,Uninterrupted_Baseline,367
1790326894.681455210,Uninterrupted_Baseline,367
1790326894.767715725,Uninterrupted_Baseline,368
1790326894.848186449,Uninterrupted_Baseline,368
1790326894.932976097,Uninterrupted_Baseline,369
1790326895.011844126,Uninterrupted_Baseline,369
1790326895.090848271,Uninterrupted_Baseline,370
1790326895.163814580,Uninterrupted_Baseline,370
1790326895.245582971,Uninterrupted_Baseline,371
1790326895.343600720,Uninterrupted_Baseline,371
1790326895.409824889,Uninterrupted_Baseline,372
1790326895.474217472,Uninterrupted_Baseline,372
1790326895.564327020,Uninterrupted_Baseline,372
1790326895.648167858,Uninterrupted_Baseline,373
1790326895.732248182,Uninterrupted_Baseline,373
1790326895.816549080,Uninterrupted_Baseline,374
1790326895.891684523,Uninterrupted_Baseline,374
1790326895.962867642,Uninterrupted_Baseline,375
1790326896.050765173,Uninterrupted_Baseline,375
1790326896.112769240,Uninterrupted_Baseline,376
1790326896.197640764,Uninterrupted_Baseline,376
1790326896.286183060,Uninterrupted_Baseline,377
1790326896.365498389,Uninterrupted_Baseline,377
1790326896.453793775,Uninterrupted_Baseline,378
1790326896.543586291,Uninterrupted_Baseline,378
1790326896.634899566,Uninterrupted_Baseline,379
1790326896.719020021,Uninterrupted_Baseline,379
1790326896.803458623,Uninterrupted_Baseline,380
1790326896.892691013,Uninterrupted_Baseline,380
1790326896.972946776,Uninterrupted_Baseline,381
1790326897.055178577,Uninterrupted_Baseline,381
1790326897.136882629,Uninterrupted_Baseline,381
1790326897.212772895,Uninterrupted_Baseline,382
1790326897.294079602,Uninterrupted_Baseline,382
1790326897.375581357,Uninterrupted_Baseline,383
1790326897.456303739,Uninterrupted_Baseline,383
1790326897.536922015,Uninterrupted_Baseline,384
1790326897.617719352,Uninterrupted_Baseline,384
1790326897.697999693,Uninterrupted_Baseline,385
1790326897.782095295,Uninterrupted_Baseline,385
1790326897.865310596,Uninterrupted_Baseline,386
1790326897.948702489,Uninterrupted_Baseline,386
1790326898.029428869,Uninterrupted_Baseline,387
1790326898.091458815,Uninterrupted_Baseline,387
1790326898.179136094,Uninterrupted_Baseline,388
1790326898.245839437,Uninterrupted_Baseline,388
1790326898.298826757,Uninterrupted_Baseline,388
1790326898.376266977,Uninterrupted_Baseline,389
1790326898.441966010,Uninterrupted_Baseline,389
1790326898.504339669,Uninterrupted_Baseline,390
1790326898.572597633,Uninterrupted_Baseline,390
1790326898.629639466,Uninterrupted_Baseline,390
1790326898.695712638,Uninterrupted_Baseline,391
1790326898.778883495,Uninterrupted_Baseline,391
1790326898.861085422,Uninterrupted_Baseline,392
1790326898.946253976,Uninterrupted_Baseline,392
1790326899.029912652,Uninterrupted_Baseline,393
1790326899.096489676,Uninterrupted_Baseline,393
1790326899.164461348,Uninterrupted_Baseline,393
1790326899.243764888,Uninterrupted_Baseline,394
1790326899.329739445,Uninterrupted_Baseline,394
1790326899.402504912,Uninterrupted_Baseline,395
1790326899.482756024,Uninterrupted_Baseline,395
1790326899.568737831,Uninterrupted_Baseline,396
1790326899.655265608,Uninterrupted_Baseline,396
1790326899.737003934,Uninterrupted_Baseline,397
1790326899.794488002,Uninterrupted_Baseline,397
1790326899.862889186,Uninterrupted_Baseline,397
1790326899.927561224,Uninterrupted_Baseline,398
1790326900.011395490,Uninterrupted_Baseline,398
1790326900.097276654,Uninterrupted_Baseline,399
1790326900.165547606,Uninterrupted_Baseline,399
1790326900.250566673,Uninterrupted_Baseline,400
1790326900.340721167,Uninterrupted_Baseline,400
1790326900.425292871,Uninterrupted_Baseline,401
1790326900.509569922,Uninterrupted_Baseline,401
1790326900.595015403,Uninterrupted_Baseline,402
1790326900.678720140,Uninterrupted_Baseline,402
1790326900.764716942,Uninterrupted_Baseline,403
1790326900.829076444,Uninterrupted_Baseline,403
1790326900.899451987,Uninterrupted_Baseline,403
1790326900.966900472,Uninterrupted_Baseline,404
1790326901.034859989,Uninterrupted_Baseline,404
1790326901.115878047,Uninterrupted_Baseline,405
1790326901.198384811,Uninterrupted_Baseline,405
1790326901.275865735,Uninterrupted_Baseline,406
1790326901.343123100,Uninterrupted_Baseline,406
1790326901.426383041,Uninterrupted_Baseline,406
1790326901.510444266,Uninterrupted_Baseline,407
1790326901.592324034,Uninterrupted_Baseline,407
1790326901.680793631,Uninterrupted_Baseline,408
1790326901.768849270,Uninterrupted_Baseline,408
1790326901.856515167,Uninterrupted_Baseline,409
1790326901.939181112,Uninterrupted_Baseline,409
1790326902.017737751,Uninterrupted_Baseline,410
1790326902.099923835,Uninterrupted_Baseline,410
1790326902.185104849,Uninterrupted_Baseline,411
1790326902.279550583,Uninterrupted_Baseline,411
1790326902.364779203,Uninterrupted_Baseline,412
1790326902.448228997,Uninterrupted_Baseline,412
1790326902.536318449,Uninterrupted_Baseline,413
1790326902.616708123,Uninterrupted_Baseline,413
1790326902.696112783,Uninterrupted_Baseline,414
1790326902.783881063,Uninterrupted_Baseline,414
1790326902.869055137,Uninterrupted_Baseline,415
1790326902.948460464,Uninterrupted_Baseline,415
1790326903.040119854,Uninterrupted_Baseline,416
1790326903.126985019,Uninterrupted_Baseline,416
1790326903.196890924,Uninterrupted_Baseline,417
1790326903.283635594,Uninterrupted_Baseline,417
1790326903.364955941,Uninterrupted_Baseline,418
1790326903.450193978,Uninterrupted_Baseline,418
1790326903.524099679,Uninterrupted_Baseline,418
1790326903.603643645,Uninterrupted_Baseline,419
1790326903.684504113,Uninterrupted_Baseline,419
1790326903.754701454,Uninterrupted_Baseline,420
1790326903.829900804,Uninterrupted_Baseline,420
1790326903.913359687,Uninterrupted_Baseline,421
1790326903.996991083,Uninterrupted_Baseline,421
1790326904.078360391,Uninterrupted_Baseline,422
1790326904.156293992,Uninterrupted_Baseline,422
1790326904.239110328,Uninterrupted_Baseline,423
1790326904.332570207,Uninterrupted_Baseline,423
1790326904.414085141,Uninterrupted_Baseline,424
1790326904.498189691,Uninterrupted_Baseline,424
1790326904.581232237,Uninterrupted_Baseline,424
1790326904.666297885,Uninterrupted_Baseline,425
1790326904.752933169,Uninterrupted_Baseline,425
1790326904.833700012,Uninterrupted_Baseline,426
1790326904.911920955,Uninterrupted_Baseline,426
1790326904.996693706,Uninterrupted_Baseline,427
1790326905.064033026,Uninterrupted_Baseline,427
1790326905.150061998,Uninterrupted_Baseline,428
1790326905.246349245,Uninterrupted_Baseline,428
1790326905.336585578,Uninterrupted_Baseline,429
1790326905.420406925,Uninterrupted_Baseline,429
1790326905.509272298,Uninterrupted_Baseline,430
1790326905.593986308,Uninterrupted_Baseline,430
1790326905.679154354,Uninterrupted_Baseline,431
1790326905.768798112,Uninterrupted_Baseline,431
1790326905.852546709,Uninterrupted_Baseline,432
1790326905.940971508,Uninterrupted_Baseline,432
1790326906.020925864,Uninterrupted_Baseline,433
1790326906.109504331,Uninterrupted_Baseline,433
1790326906.197717724,Uninterrupted_Baseline,434
1790326906.279933601,Uninterrupted_Baseline,434
1790326906.343910803,Uninterrupted_Baseline,435
1790326906.431364064,Uninterrupted_Baseline,435
1790326906.492787486,Uninterrupted_Baseline,436
1790326906.578059422,Uninterrupted_Baseline,436
1790326906.661020676,Uninterrupted_Baseline,437
1790326906.761002804,Uninterrupted_Baseline,437
1790326906.818218836,Uninterrupted_Baseline,437
1790326906.877456711,Uninterrupted_Baseline,438
1790326906.960630152,Uninterrupted_Baseline,438
1790326907.046939922,Uninterrupted_Baseline,439
1790326907.131607988,Uninterrupted_Baseline,439
1790326907.214088757,Uninterrupted_Baseline,440
1790326907.271841440,Uninterrupted_Baseline,440
1790326907.356136310,Uninterrupted_Baseline,440
1790326907.434435335,Uninterrupted_Baseline,441
1790326907.516968471,Uninterrupted_Baseline,441
1790326907.596253328,Uninterrupted_Baseline,442
1790326907.678124450,Uninterrupted_Baseline,442
1790326907.747722831,Uninterrupted_Baseline,443
1790326907.834966731,Uninterrupted_Baseline,443
1790326907.917404039,Uninterrupted_Baseline,444
1790326908.000582541,Uninterrupted_Baseline,444
1790326908.073593749,Uninterrupted_Baseline,445
1790326908.159182967,Uninterrupted_Baseline,445
1790326908.237466111,Uninterrupted_Baseline,446
1790326908.300196252,Uninterrupted_Baseline,446
1790326908.359556559,Uninterrupted_Baseline,446
1790326908.429372738,Uninterrupted_Baseline,447
1790326908.482279935,Uninterrupted_Baseline,447
1790326908.539283632,Uninterrupted_Baseline,447
1790326908.609954345,Uninterrupted_Baseline,448
1790326908.691696119,Uninterrupted_Baseline,448
1790326908.777281109,Uninterrupted_Baseline,449
1790326908.856773051,Uninterrupted_Baseline,449
1790326908.938386232,Uninterrupted_Baseline,450
1790326909.018181469,Uninterrupted_Baseline,450
1790326909.101463176,Uninterrupted_Baseline,451
1790326909.185451324,Uninterrupted_Baseline,451
1790326909.242783184,Uninterrupted_Baseline,451
1790326909.304505377,Uninterrupted_Baseline,452
1790326909.389690653,Uninterrupted_Baseline,452
1790326909.472188658,Uninterrupted_Baseline,453
1790326909.554953030,Uninterrupted_Baseline,453
1790326909.642748984,Uninterrupted_Baseline,454
1790326909.731906512,Uninterrupted_Baseline,454
1790326909.816587192,Uninterrupted_Baseline,455
1790326909.879802401,Uninterrupted_Baseline,455
1790326909.963398952,Uninterrupted_Baseline,455
1790326910.044727225,Uninterrupted_Baseline,456
1790326910.128240432,Uninterrupted_Baseline,456
1790326910.215794981,Uninterrupted_Baseline,457
1790326910.297718598,Uninterrupted_Baseline,457
1790326910.373767606,Uninterrupted_Baseline,458
1790326910.459882686,Uninterrupted_Baseline,458
1790326910.545329128,Uninterrupted_Baseline,459
1790326910.625290577,Uninterrupted_Baseline,459
1790326910.715686393,Uninterrupted_Baseline,460
1790326910.801370392,Uninterrupted_Baseline,460
1790326910.880194027,Uninterrupted_Baseline,461
1790326910.962211126,Uninterrupted_Baseline,461
1790326911.044775616,Uninterrupted_Baseline,462
1790326911.126193064,Uninterrupted_Baseline,462
1790326911.210731374,Uninterrupted_Baseline,463
1790326911.297486558,Uninterrupted_Baseline,463
1790326911.374437964,Uninterrupted_Baseline,464
1790326911.460503887,Uninterrupted_Baseline,464
1790326911.542619303,Uninterrupted_Baseline,465
1790326911.626597477,Uninterrupted_Baseline,465
1790326911.709760974,Uninterrupted_Baseline,465
1790326911.780186631,Uninterrupted_Baseline,466
1790326911.840013283,Uninterrupted_Baseline,466
1790326911.912810558,Uninterrupted_Baseline,467
1790326911.991876955,Uninterrupted_Baseline,467
1790326912.063306199,Uninterrupted_Baseline,468
1790326912.146299553,Uninterrupted_Baseline,468
1790326912.230332745,Uninterrupted_Baseline,468
1790326912.313235375,Uninterrupted_Baseline,469
1790326912.390384101,Uninterrupted_Baseline,469
1790326912.471956473,Uninterrupted_Baseline,470
1790326912.554838521,Uninterrupted_Baseline,470
1790326912.638961260,Uninterrupted_Baseline,471
1790326912.719587737,Uninterrupted_Baseline,471
1790326912.800364409,Uninterrupted_Baseline,472
1790326912.878837310,Uninterrupted_Baseline,472
1790326912.955676886,Uninterrupted_Baseline,473
1790326913.035460198,Uninterrupted_Baseline,473
1790326913.113902304,Uninterrupted_Baseline,474
1790326913.182476159,Uninterrupted_Baseline,474
1790326913.262268033,Uninterrupted_Baseline,474
1790326913.343571191,Uninterrupted_Baseline,475
1790326913.427915684,Uninterrupted_Baseline,475
1790326913.491164277,Uninterrupted_Baseline,476
1790326913.571865250,Uninterrupted_Baseline,476
1790326913.654265448,Uninterrupted_Baseline,477
1790326913.735728346,Uninterrupted_Baseline,477
1790326913.820444053,Uninterrupted_Baseline,478
1790326913.901424377,Uninterrupted_Baseline,478
1790326913.977437949,Uninterrupted_Baseline,479
1790326914.046195457,Uninterrupted_Baseline,479
1790326914.127298612,Uninterrupted_Baseline,480
1790326914.210475288,Uninterrupted_Baseline,480
1790326914.294450884,Uninterrupted_Baseline,480
1790326914.381180716,Uninterrupted_Baseline,481
1790326914.467442231,Uninterrupted_Baseline,481
1790326914.541731107,Uninterrupted_Baseline,482
1790326914.623946508,Uninterrupted_Baseline,482
1790326914.707383316,Uninterrupted_Baseline,483
1790326914.789175959,Uninterrupted_Baseline,483
1790326914.870176679,Uninterrupted_Baseline,484
1790326914.952043697,Uninterrupted_Baseline,484
1790326915.041288602,Uninterrupted_Baseline,485
1790326915.102928361,Uninterrupted_Baseline,485
1790326915.171964116,Uninterrupted_Baseline,485
1790326915.252024350,Uninterrupted_Baseline,486
1790326915.333716267,Uninterrupted_Baseline,486
1790326915.420325790,Uninterrupted_Baseline,487
1790326915.508597209,Uninterrupted_Baseline,487
1790326915.590617189,Uninterrupted_Baseline,488
1790326915.677951286,Uninterrupted_Baseline,488
1790326915.762727242,Uninterrupted_Baseline,489
1790326915.846735015,Uninterrupted_Baseline,489
1790326915.927775601,Uninterrupted_Baseline,490
1790326916.005168330,Uninterrupted_Baseline,490
1790326916.093810919,Uninterrupted_Baseline,491
1790326916.178163346,Uninterrupted_Baseline,491
1790326916.259784433,Uninterrupted_Baseline,492
1790326916.333785000,Uninterrupted_Baseline,492
1790326916.409101878,Uninterrupted_Baseline,493
1790326916.491297881,Uninterrupted_Baseline,493
1790326916.571496932,Uninterrupted_Baseline,494
1790326916.655697453,Uninterrupted_Baseline,494
1790326916.736124767,Uninterrupted_Baseline,495
1790326916.822054709,Uninterrupted_Baseline,495
1790326916.906762724,Uninterrupted_Baseline,496
1790326916.998230644,Uninterrupted_Baseline,496
1790326917.079825819,Uninterrupted_Baseline,497
1790326917.169576163,Uninterrupted_Baseline,497
1790326917.249035129,Uninterrupted_Baseline,497
1790326917.328403584,Uninterrupted_Baseline,498
1790326917.411793076,Uninterrupted_Baseline,498
1790326917.492613140,Uninterrupted_Baseline,499
1790326917.579137481,Uninterrupted_Baseline,499
1790326917.668497217,Uninterrupted_Baseline,500
1790326917.748980667,Uninterrupted_Baseline,500
1790326917.832729448,Uninterrupted_Baseline,501
1790326917.913731391,Uninterrupted_Baseline,501
1790326917.997806466,Uninterrupted_Baseline,502
1790326918.075019292,Uninterrupted_Baseline,502
1790326918.130741147,Uninterrupted_Baseline,503
1790326918.210088142,Uninterrupted_Baseline,503
1790326918.284264396,Uninterrupted_Baseline,503
1790326918.354241871,Uninterrupted_Baseline,504
1790326918.425440602,Uninterrupted_Baseline,504
1790326918.480136857,Uninterrupted_Baseline,504
1790326918.547936367,Uninterrupted_Baseline,505
1790326918.619078139,Uninterrupted_Baseline,505
1790326918.702864106,Uninterrupted_Baseline,506
1790326918.789551990,Uninterrupted_Baseline,506
1790326918.877971755,Uninterrupted_Baseline,507
1790326918.964488709,Uninterrupted_Baseline,507
1790326919.050676356,Uninterrupted_Baseline,508
1790326919.124993074,Uninterrupted_Baseline,508
1790326919.205057025,Uninterrupted_Baseline,509
1790326919.290500476,Uninterrupted_Baseline,509
1790326919.376163672,Uninterrupted_Baseline,510
1790326919.460107154,Uninterrupted_Baseline,510
1790326919.541815507,Uninterrupted_Baseline,511
1790326919.628071897,Uninterrupted_Baseline,511
1790326919.706797475,Uninterrupted_Baseline,512
1790326919.782228438,Uninterrupted_Baseline,512
1790326919.863881490,Uninterrupted_Baseline,513
1790326919.946918911,Uninterrupted_Baseline,513
1790326920.028164450,Uninterrupted_Baseline,514
1790326920.103036202,Uninterrupted_Baseline,514
1790326920.157552773,Uninterrupted_Baseline,514
1790326920.217317963,Uninterrupted_Baseline,515
1790326920.294135749,Uninterrupted_Baseline,515
1790326920.356735206,Uninterrupted_Baseline,515
1790326920.435605200,Uninterrupted_Baseline,516
1790326920.502331348,Uninterrupted_Baseline,516
1790326920.564693146,Uninterrupted_Baseline,517
1790326920.633153210,Uninterrupted_Baseline,517
1790326920.710201598,Uninterrupted_Baseline,517
1790326920.776162023,Uninterrupted_Baseline,518
1790326920.848888458,Uninterrupted_Baseline,518
1790326920.915198686,Uninterrupted_Baseline,519
1790326920.983039360,Uninterrupted_Baseline,519
1790326921.051470532,Uninterrupted_Baseline,520
1790326921.132849344,Uninterrupted_Baseline,520
1790326921.215969555,Uninterrupted_Baseline,520
1790326921.282165186,Uninterrupted_Baseline,521
1790326921.335870117,Uninterrupted_Baseline,521
1790326921.387167242,Uninterrupted_Baseline,487
1790326921.456022557,Uninterrupted_Baseline,391
1790326921.539355491,Uninterrupted_Baseline,260
1790326921.631362292,Uninterrupted_Baseline,260
1790326921.700827998,Uninterrupted_Baseline,261
1790326921.760807022,Uninterrupted_Baseline,261
1790326921.820004724,Uninterrupted_Baseline,261
1790326921.886892457,Uninterrupted_Baseline,262
1790326921.972949342,Uninterrupted_Baseline,262
1790326922.035905961,Uninterrupted_Baseline,262
1790326922.097992358,Uninterrupted_Baseline,263
1790326922.167302230,Uninterrupted_Baseline,263
1790326922.251856225,Uninterrupted_Baseline,264
1790326922.330949030,Uninterrupted_Baseline,264
1790326922.391137741,Uninterrupted_Baseline,265
1790326922.487029443,Uninterrupted_Baseline,265
1790326922.575110302,Uninterrupted_Baseline,266
1790326922.658507337,Uninterrupted_Baseline,266
1790326922.733868506,Uninterrupted_Baseline,267
1790326922.805566143,Uninterrupted_Baseline,267
1790326922.887732926,Uninterrupted_Baseline,268
1790326922.971040283,Uninterrupted_Baseline,268
1790326923.059794327,Uninterrupted_Baseline,269
1790326923.147076452,Uninterrupted_Baseline,269
1790326923.233910068,Uninterrupted_Baseline,269
1790326923.316195775,Uninterrupted_Baseline,270
1790326923.396338279,Uninterrupted_Baseline,270
1790326923.464242582,Uninterrupted_Baseline,271
1790326923.537701699,Uninterrupted_Baseline,271
1790326923.618359579,Uninterrupted_Baseline,272
1790326923.700463897,Uninterrupted_Baseline,272
1790326923.766817794,Uninterrupted_Baseline,272
1790326923.818144322,Uninterrupted_Baseline,273
1790326923.874497580,Uninterrupted_Baseline,273
1790326923.959193170,Uninterrupted_Baseline,274
1790326924.041797845,Uninterrupted_Baseline,274
1790326924.131097696,Uninterrupted_Baseline,275
1790326924.216891555,Uninterrupted_Baseline,275
1790326924.303144322,Uninterrupted_Baseline,276
1790326924.384343467,Uninterrupted_Baseline,276
1790326924.472754328,Uninterrupted_Baseline,277
1790326924.555625714,Uninterrupted_Baseline,277
1790326924.635090525,Uninterrupted_Baseline,278
1790326924.724264944,Uninterrupted_Baseline,278
1790326924.804877215,Uninterrupted_Baseline,279
1790326924.880345872,Uninterrupted_Baseline,279
1790326924.962585760,Uninterrupted_Baseline,279
1790326925.017035998,Uninterrupted_Baseline,280
1790326925.084369696,Uninterrupted_Baseline,280
1790326925.166046745,Uninterrupted_Baseline,281
1790326925.247832632,Uninterrupted_Baseline,281
1790326925.339613525,Uninterrupted_Baseline,282
1790326925.410865882,Uninterrupted_Baseline,282
1790326925.495412389,Uninterrupted_Baseline,283
1790326925.579877272,Uninterrupted_Baseline,283
1790326925.656099983,Uninterrupted_Baseline,283
1790326925.721566814,Uninterrupted_Baseline,284
1790326925.796051457,Uninterrupted_Baseline,284
1790326925.869604460,Uninterrupted_Baseline,285
1790326925.941451732,Uninterrupted_Baseline,285
1790326926.025954399,Uninterrupted_Baseline,286
1790326926.109723407,Uninterrupted_Baseline,286
1790326926.194286350,Uninterrupted_Baseline,287
1790326926.272185984,Uninterrupted_Baseline,287
1790326926.353152586,Uninterrupted_Baseline,287
1790326926.429151037,Uninterrupted_Baseline,288
1790326926.513101341,Uninterrupted_Baseline,288
1790326926.600626531,Uninterrupted_Baseline,289
1790326926.685842188,Uninterrupted_Baseline,289
1790326926.770021633,Uninterrupted_Baseline,290
1790326926.850619793,Uninterrupted_Baseline,290
1790326926.928759340,Uninterrupted_Baseline,291
1790326927.003151088,Uninterrupted_Baseline,291
1790326927.073033301,Uninterrupted_Baseline,292
1790326927.160969282,Uninterrupted_Baseline,292
1790326927.230689823,Uninterrupted_Baseline,293
1790326927.308634939,Uninterrupted_Baseline,293
1790326927.384178503,Uninterrupted_Baseline,293
1790326927.463472136,Uninterrupted_Baseline,294
1790326927.540748939,Uninterrupted_Baseline,294
1790326927.617817247,Uninterrupted_Baseline,295
1790326927.701369141,Uninterrupted_Baseline,295
1790326927.783241654,Uninterrupted_Baseline,296
1790326927.865880090,Uninterrupted_Baseline,296
1790326927.952433273,Uninterrupted_Baseline,297
1790326928.036584667,Uninterrupted_Baseline,297
1790326928.104929572,Uninterrupted_Baseline,297
1790326928.184375591,Uninterrupted_Baseline,298
1790326928.258331454,Uninterrupted_Baseline,298
1790326928.337686398,Uninterrupted_Baseline,299
1790326928.415010814,Uninterrupted_Baseline,299
1790326928.473152701,Uninterrupted_Baseline,300
1790326928.543335057,Uninterrupted_Baseline,300
1790326928.612287687,Uninterrupted_Baseline,300
1790326928.675232421,Uninterrupted_Baseline,301
1790326928.735771363,Uninterrupted_Baseline,301
1790326928.812341703,Uninterrupted_Baseline,302
1790326928.892252872,Uninterrupted_Baseline,302
1790326928.974210431,Uninterrupted_Baseline,303
1790326929.054045534,Uninterrupted_Baseline,303
1790326929.133341736,Uninterrupted_Baseline,303
1790326929.199280346,Uninterrupted_Baseline,304
1790326929.285922753,Uninterrupted_Baseline,304
1790326929.371759803,Uninterrupted_Baseline,305
1790326929.454986406,Uninterrupted_Baseline,305
1790326929.542300736,Uninterrupted_Baseline,306
1790326929.626788677,Uninterrupted_Baseline,306
1790326929.710263221,Uninterrupted_Baseline,307
1790326929.790566834,Uninterrupted_Baseline,307
1790326929.874480957,Uninterrupted_Baseline,308
1790326929.959919245,Uninterrupted_Baseline,308
1790326930.043800518,Uninterrupted_Baseline,309
1790326930.124932129,Uninterrupted_Baseline,309
1790326930.207283271,Uninterrupted_Baseline,310
1790326930.289124108,Uninterrupted_Baseline,310
1790326930.376577656,Uninterrupted_Baseline,310
1790326930.429096603,Uninterrupted_Baseline,311
1790326930.499184169,Uninterrupted_Baseline,311
1790326930.566584699,Uninterrupted_Baseline,312
1790326930.626917385,Uninterrupted_Baseline,312
1790326930.695150688,Uninterrupted_Baseline,312
1790326930.767878295,Uninterrupted_Baseline,313
1790326930.838445528,Uninterrupted_Baseline,313
1790326930.907450122,Uninterrupted_Baseline,314
1790326930.986410299,Uninterrupted_Baseline,314
1790326931.066956560,Uninterrupted_Baseline,314
1790326931.137287612,Uninterrupted_Baseline,315
1790326931.229252621,Uninterrupted_Baseline,315
1790326931.310247326,Uninterrupted_Baseline,316
1790326931.389746496,Uninterrupted_Baseline,316
1790326931.475111573,Uninterrupted_Baseline,317
1790326931.561560460,Uninterrupted_Baseline,317
1790326931.644450702,Uninterrupted_Baseline,318
1790326931.711322238,Uninterrupted_Baseline,318
1790326931.779072341,Uninterrupted_Baseline,319
1790326931.861031378,Uninterrupted_Baseline,319
1790326931.955963467,Uninterrupted_Baseline,320
1790326932.042752039,Uninterrupted_Baseline,320
1790326932.124882825,Uninterrupted_Baseline,320
1790326932.207922722,Uninterrupted_Baseline,321
1790326932.291236606,Uninterrupted_Baseline,321
1790326932.382453257,Uninterrupted_Baseline,322
1790326932.461626595,Uninterrupted_Baseline,322
1790326932.544738285,Uninterrupted_Baseline,323
1790326932.630469269,Uninterrupted_Baseline,323
1790326932.711383129,Uninterrupted_Baseline,324
1790326932.792210468,Uninterrupted_Baseline,324
1790326932.877286862,Uninterrupted_Baseline,325
1790326932.959637560,Uninterrupted_Baseline,325
1790326933.042923599,Uninterrupted_Baseline,326
1790326933.126219287,Uninterrupted_Baseline,326
1790326933.201915045,Uninterrupted_Baseline,327
1790326933.278191738,Uninterrupted_Baseline,327
1790326933.364193408,Uninterrupted_Baseline,328
1790326933.445939651,Uninterrupted_Baseline,328
1790326933.528163227,Uninterrupted_Baseline,328
1790326933.612036550,Uninterrupted_Baseline,329
1790326933.679265522,Uninterrupted_Baseline,329
1790326933.762699855,Uninterrupted_Baseline,330
1790326933.843938488,Uninterrupted_Baseline,330
1790326933.923458055,Uninterrupted_Baseline,331
1790326934.001766692,Uninterrupted_Baseline,331
1790326934.082003726,Uninterrupted_Baseline,332
1790326934.164523335,Uninterrupted_Baseline,332
1790326934.246680600,Uninterrupted_Baseline,333
1790326934.325519824,Uninterrupted_Baseline,333
1790326934.408968127,Uninterrupted_Baseline,333
1790326934.494739568,Uninterrupted_Baseline,334
1790326934.578578740,Uninterrupted_Baseline,335
1790326934.659478963,Uninterrupted_Baseline,335
1790326934.738565181,Uninterrupted_Baseline,335
1790326934.821126810,Uninterrupted_Baseline,336
1790326934.900372326,Uninterrupted_Baseline,336
1790326934.971282326,Uninterrupted_Baseline,337
1790326935.055748189,Uninterrupted_Baseline,337
1790326935.147424391,Uninterrupted_Baseline,338
1790326935.232412423,Uninterrupted_Baseline,338
1790326935.318569678,Uninterrupted_Baseline,339
1790326935.401827343,Uninterrupted_Baseline,339
1790326935.486944703,Uninterrupted_Baseline,340
1790326935.579269871,Uninterrupted_Baseline,340
1790326935.665040901,Uninterrupted_Baseline,341
1790326935.732890160,Uninterrupted_Baseline,341
1790326935.814140668,Uninterrupted_Baseline,342
1790326935.895841914,Uninterrupted_Baseline,342
1790326935.979207733,Uninterrupted_Baseline,342
1790326936.063885912,Uninterrupted_Baseline,343
1790326936.147863415,Uninterrupted_Baseline,343
1790326936.237309706,Uninterrupted_Baseline,344
1790326936.307735569,Uninterrupted_Baseline,344
1790326936.387619553,Uninterrupted_Baseline,345
1790326936.461850514,Uninterrupted_Baseline,345
1790326936.548108223,Uninterrupted_Baseline,346
1790326936.633960876,Uninterrupted_Baseline,346
1790326936.721687694,Uninterrupted_Baseline,347
1790326936.803234814,Uninterrupted_Baseline,347
1790326936.878473477,Uninterrupted_Baseline,348
1790326936.937481640,Uninterrupted_Baseline,348
1790326937.009153194,Uninterrupted_Baseline,348
1790326937.091451431,Uninterrupted_Baseline,349
1790326937.175221912,Uninterrupted_Baseline,349
1790326937.262017171,Uninterrupted_Baseline,350
1790326937.346097276,Uninterrupted_Baseline,350
1790326937.428118216,Uninterrupted_Baseline,351
1790326937.516082212,Uninterrupted_Baseline,351
1790326937.597030987,Uninterrupted_Baseline,352
1790326937.677802324,Uninterrupted_Baseline,352
1790326937.769177969,Uninterrupted_Baseline,353
1790326937.854014310,Uninterrupted_Baseline,353
1790326937.938033824,Uninterrupted_Baseline,354
1790326938.024244824,Uninterrupted_Baseline,354
1790326938.103438475,Uninterrupted_Baseline,355
1790326938.191861663,Uninterrupted_Baseline,355
1790326938.254169727,Uninterrupted_Baseline,355
1790326938.320844139,Uninterrupted_Baseline,356
1790326938.397708380,Uninterrupted_Baseline,356
1790326938.449285134,Uninterrupted_Baseline,357
1790326938.504234289,Uninterrupted_Baseline,357
1790326938.574396676,Uninterrupted_Baseline,357
1790326938.638917597,Uninterrupted_Baseline,358
1790326938.719819514,Uninterrupted_Baseline,358
1790326938.799135114,Uninterrupted_Baseline,359
1790326938.881997019,Uninterrupted_Baseline,359
1790326938.966315470,Uninterrupted_Baseline,360
1790326939.054768476,Uninterrupted_Baseline,360
1790326939.137227684,Uninterrupted_Baseline,360
1790326939.210035386,Uninterrupted_Baseline,361
1790326939.288255289,Uninterrupted_Baseline,361
1790326939.370260344,Uninterrupted_Baseline,362
1790326939.451687696,Uninterrupted_Baseline,362
1790326939.534014050,Uninterrupted_Baseline,363
1790326939.623619121,Uninterrupted_Baseline,363
1790326939.714972770,Uninterrupted_Baseline,364
1790326939.797995781,Uninterrupted_Baseline,364
1790326939.885047268,Uninterrupted_Baseline,365
1790326939.968031166,Uninterrupted_Baseline,365
1790326940.055148114,Uninterrupted_Baseline,366
1790326940.138910155,Uninterrupted_Baseline,366
1790326940.223940504,Uninterrupted_Baseline,367
1790326940.310565448,Uninterrupted_Baseline,367
1790326940.393833804,Uninterrupted_Baseline,368
1790326940.476203627,Uninterrupted_Baseline,368
1790326940.554781630,Uninterrupted_Baseline,369
1790326940.641428583,Uninterrupted_Baseline,369
1790326940.722981068,Uninterrupted_Baseline,370
1790326940.805849486,Uninterrupted_Baseline,370
1790326940.887830295,Uninterrupted_Baseline,371
1790326940.971985984,Uninterrupted_Baseline,371
1790326941.052244127,Uninterrupted_Baseline,372
1790326941.125856456,Uninterrupted_Baseline,372
1790326941.211179912,Uninterrupted_Baseline,373
1790326941.295990919,Uninterrupted_Baseline,373
1790326941.383916010,Uninterrupted_Baseline,374
1790326941.466322022,Uninterrupted_Baseline,374
1790326941.548602325,Uninterrupted_Baseline,375
1790326941.633920827,Uninterrupted_Baseline,375
1790326941.716322124,Uninterrupted_Baseline,376
1790326941.802262807,Uninterrupted_Baseline,376
1790326941.882778466,Uninterrupted_Baseline,377
1790326941.971524100,Uninterrupted_Baseline,377
1790326942.056011299,Uninterrupted_Baseline,378
1790326942.142284388,Uninterrupted_Baseline,378
1790326942.228959457,Uninterrupted_Baseline,379
1790326942.312077623,Uninterrupted_Baseline,379
1790326942.391744684,Uninterrupted_Baseline,379
1790326942.476331572,Uninterrupted_Baseline,380
1790326942.565003232,Uninterrupted_Baseline,380
1790326942.656963047,Uninterrupted_Baseline,381
1790326942.742047940,Uninterrupted_Baseline,381
1790326942.828187669,Uninterrupted_Baseline,382
1790326942.911531137,Uninterrupted_Baseline,383
1790326942.991953185,Uninterrupted_Baseline,383
1790326943.077453473,Uninterrupted_Baseline,383
1790326943.167603830,Uninterrupted_Baseline,384
