timestamp,session_type,cwnd_segments
1790420641.893394121,Phase1_Baseline,10
1790420641.976625260,Phase1_Baseline,12
1790420642.062441468,Phase1_Baseline,29
1790420642.144728343,Phase1_Baseline,74
1790420642.231347156,Phase1_Baseline,145
1790420642.312397945,Phase1_Baseline,345
1790420642.393828786,Phase1_Baseline,576
1790420642.478138088,Phase1_Baseline,925
1790420642.555205780,Phase1_Baseline,1300
1790420642.636004876,Phase1_Baseline,1195
1790420642.715827106,Phase1_Baseline,1035
1790420642.798421915,Phase1_Baseline,674
1790420642.878930964,Phase1_Baseline,674
1790420642.963911172,Phase1_Baseline,674
1790420643.042629784,Phase1_Baseline,674
1790420643.118089160,Phase1_Baseline,583
1790420643.196707428,Phase1_Baseline,424
1790420643.262784515,Phase1_Baseline,337
1790420643.344224702,Phase1_Baseline,337
1790420643.411347324,Phase1_Baseline,337
1790420643.491708190,Phase1_Baseline,168
1790420643.565867303,Phase1_Baseline,168
1790420643.646347069,Phase1_Baseline,84
1790420643.726818436,Phase1_Baseline,84
1790420643.791909217,Phase1_Baseline,84
1790420643.852450747,Phase1_Baseline,42
1790420643.918084918,Phase1_Baseline,42
1790420644.005433785,Phase1_Baseline,42
1790420644.088437407,Phase1_Baseline,21
1790420644.157362597,Phase1_Baseline,21
1790420644.242299230,Phase1_Baseline,22
1790420644.325621936,Phase1_Baseline,23
1790420644.405050308,Phase1_Baseline,24
1790420644.487011178,Phase1_Baseline,25
1790420644.571231305,Phase1_Baseline,26
1790420644.654740445,Phase1_Baseline,27
1790420644.735964062,Phase1_Baseline,28
1790420644.819584061,Phase1_Baseline,30
1790420644.894879443,Phase1_Baseline,30
1790420644.981309525,Phase1_Baseline,32
1790420645.035616399,Phase1_Baseline,32
1790420645.100718327,Phase1_Baseline,33
1790420645.171233868,Phase1_Baseline,34
1790420645.250690639,Phase1_Baseline,35
1790420645.330109169,Phase1_Baseline,36
1790420645.410592997,Phase1_Baseline,37
1790420645.501906423,Phase1_Baseline,38
1790420645.587711130,Phase1_Baseline,40
1790420645.676401812,Phase1_Baseline,41
1790420645.757986839,Phase1_Baseline,42
1790420645.821485103,Phase1_Baseline,43
1790420645.901901505,Phase1_Baseline,44
1790420645.984365942,Phase1_Baseline,45
1790420646.066368844,Phase1_Baseline,46
1790420646.150293057,Phase1_Baseline,47
1790420646.217214895,Phase1_Baseline,48
1790420646.294325858,Phase1_Baseline,49
1790420646.361255343,Phase1_Baseline,50
1790420646.441477014,Phase1_Baseline,51
1790420646.518377320,Phase1_Baseline,53
1790420646.591973281,Phase1_Baseline,54
1790420646.666272261,Phase1_Baseline,54
1790420646.745814436,Phase1_Baseline,56
1790420646.824997187,Phase1_Baseline,57
1790420646.907773588,Phase1_Baseline,58
1790420646.988603533,Phase1_Baseline,59
1790420647.074913370,Phase1_Baseline,60
1790420647.154562049,Phase1_Baseline,61
1790420647.235115007,Phase1_Baseline,62
1790420647.301549801,Phase1_Baseline,64
1790420647.374479194,Phase1_Baseline,65
1790420647.438473221,Phase1_Baseline,66
1790420647.518942002,Phase1_Baseline,67
1790420647.598342699,Phase1_Baseline,68
1790420647.677410687,Phase1_Baseline,69
1790420647.756976019,Phase1_Baseline,70
1790420647.829813624,Phase1_Baseline,71
1790420647.913331928,Phase1_Baseline,72
1790420647.981579850,Phase1_Baseline,73
1790420648.053982866,Phase1_Baseline,74
1790420648.126248184,Phase1_Baseline,75
1790420648.208892603,Phase1_Baseline,76
1790420648.283844989,Phase1_Baseline,77
1790420648.352818394,Phase1_Baseline,78
1790420648.427056364,Phase1_Baseline,79
1790420648.484442083,Phase1_Baseline,80
1790420648.551176454,Phase1_Baseline,81
1790420648.619789219,Phase1_Baseline,82
1790420648.691151442,Phase1_Baseline,83
1790420648.754821325,Phase1_Baseline,84
1790420648.829180376,Phase1_Baseline,85
1790420648.919869780,Phase1_Baseline,86
1790420649.004992801,Phase1_Baseline,88
1790420649.089185805,Phase1_Baseline,89
1790420649.161219063,Phase1_Baseline,89
1790420649.224126626,Phase1_Baseline,90
1790420649.292955347,Phase1_Baseline,91
1790420649.368042097,Phase1_Baseline,93
1790420649.453453568,Phase1_Baseline,94
1790420649.533163703,Phase1_Baseline,95
1790420649.615456488,Phase1_Baseline,96
1790420649.685098310,Phase1_Baseline,97
1790420649.771383637,Phase1_Baseline,98
1790420649.855716163,Phase1_Baseline,99
1790420649.942008178,Phase1_Baseline,100
1790420650.027997210,Phase1_Baseline,102
1790420650.107074699,Phase1_Baseline,103
1790420650.191949196,Phase1_Baseline,104
1790420650.270058523,Phase1_Baseline,105
1790420650.354068396,Phase1_Baseline,106
1790420650.446316019,Phase1_Baseline,107
1790420650.520576699,Phase1_Baseline,108
1790420650.598774827,Phase1_Baseline,110
1790420650.685600608,Phase1_Baseline,111
1790420650.760278540,Phase1_Baseline,112
1790420650.838352163,Phase1_Baseline,113
1790420650.917892365,Phase1_Baseline,114
1790420651.003300598,Phase1_Baseline,115
1790420651.088575709,Phase1_Baseline,116
1790420651.175591757,Phase1_Baseline,118
1790420651.257993934,Phase1_Baseline,119
1790420651.340050997,Phase1_Baseline,120
1790420651.420989699,Phase1_Baseline,121
1790420651.500112902,Phase1_Baseline,122
1790420651.580225875,Phase1_Baseline,123
1790420651.659352494,Phase1_Baseline,124
1790420651.736135609,Phase1_Baseline,125
1790420651.815274747,Phase1_Baseline,126
1790420651.898801290,Phase1_Baseline,128
1790420651.982171626,Phase1_Baseline,129
1790420652.051423865,Phase1_Baseline,130
1790420652.131298171,Phase1_Baseline,131
1790420652.211817429,Phase1_Baseline,132
1790420652.294812160,Phase1_Baseline,133
1790420652.376824808,Phase1_Baseline,134
1790420652.462050214,Phase1_Baseline,135
1790420652.545863215,Phase1_Baseline,137
1790420652.626983723,Phase1_Baseline,138
1790420652.715788104,Phase1_Baseline,139
1790420652.796234692,Phase1_Baseline,140
1790420652.877329210,Phase1_Baseline,141
1790420652.954999077,Phase1_Baseline,142
1790420653.034299773,Phase1_Baseline,143
1790420653.115822926,Phase1_Baseline,144
1790420653.202492595,Phase1_Baseline,146
1790420653.283393811,Phase1_Baseline,147
1790420653.360502236,Phase1_Baseline,148
1790420653.440987917,Phase1_Baseline,149
1790420653.520050720,Phase1_Baseline,150
1790420653.600310538,Phase1_Baseline,151
1790420653.681810852,Phase1_Baseline,152
1790420653.764945256,Phase1_Baseline,154
1790420653.845015409,Phase1_Baseline,155
1790420653.925594197,Phase1_Baseline,156
1790420653.986728463,Phase1_Baseline,157
1790420654.064954407,Phase1_Baseline,158
1790420654.144756692,Phase1_Baseline,159
1790420654.224246123,Phase1_Baseline,160
1790420654.308741796,Phase1_Baseline,161
1790420654.389075947,Phase1_Baseline,162
1790420654.474178281,Phase1_Baseline,163
1790420654.556245359,Phase1_Baseline,164
1790420654.632405662,Phase1_Baseline,165
1790420654.712175342,Phase1_Baseline,167
1790420654.794862952,Phase1_Baseline,168
1790420654.869157653,Phase1_Baseline,169
1790420654.940158151,Phase1_Baseline,170
1790420655.028974909,Phase1_Baseline,171
1790420655.108438810,Phase1_Baseline,172
1790420655.188948683,Phase1_Baseline,173
1790420655.268726043,Phase1_Baseline,174
1790420655.340241503,Phase1_Baseline,175
1790420655.423911958,Phase1_Baseline,176
1790420655.509510891,Phase1_Baseline,177
1790420655.592027365,Phase1_Baseline,178
1790420655.674595548,Phase1_Baseline,180
1790420655.757001364,Phase1_Baseline,181
1790420655.837175559,Phase1_Baseline,182
1790420655.916277197,Phase1_Baseline,183
1790420655.994424685,Phase1_Baseline,184
1790420656.075692889,Phase1_Baseline,185
1790420656.156872405,Phase1_Baseline,186
1790420656.239468443,Phase1_Baseline,187
1790420656.314506672,Phase1_Baseline,188
1790420656.391219154,Phase1_Baseline,189
1790420656.462858651,Phase1_Baseline,190
1790420656.542106094,Phase1_Baseline,191
1790420656.625378365,Phase1_Baseline,192
1790420656.706031179,Phase1_Baseline,194
1790420656.791301370,Phase1_Baseline,195
1790420656.873305282,Phase1_Baseline,196
1790420656.954004126,Phase1_Baseline,197
1790420657.023251375,Phase1_Baseline,198
1790420657.102725260,Phase1_Baseline,199
1790420657.189088068,Phase1_Baseline,200
1790420657.278463724,Phase1_Baseline,201
1790420657.363920300,Phase1_Baseline,202
1790420657.445841116,Phase1_Baseline,203
1790420657.512781643,Phase1_Baseline,204
1790420657.587183448,Phase1_Baseline,206
1790420657.668150076,Phase1_Baseline,207
1790420657.747556893,Phase1_Baseline,208
1790420657.829787966,Phase1_Baseline,209
1790420657.908573621,Phase1_Baseline,210
1790420657.991409617,Phase1_Baseline,211
1790420658.062925370,Phase1_Baseline,212
1790420658.141868611,Phase1_Baseline,213
1790420658.223672732,Phase1_Baseline,214
1790420658.284608325,Phase1_Baseline,215
1790420658.365735833,Phase1_Baseline,216
1790420658.424476393,Phase1_Baseline,217
1790420658.474409003,Phase1_Baseline,218
1790420658.523806902,Phase1_Baseline,218
1790420658.581206916,Phase1_Baseline,219
1790420658.657242442,Phase1_Baseline,220
1790420658.729236015,Phase1_Baseline,221
1790420658.808228606,Phase1_Baseline,222
1790420658.889520844,Phase1_Baseline,223
1790420658.975615163,Phase1_Baseline,225
1790420659.050711174,Phase1_Baseline,226
1790420659.122447176,Phase1_Baseline,226
1790420659.185009476,Phase1_Baseline,227
1790420659.265233854,Phase1_Baseline,228
1790420659.332939997,Phase1_Baseline,229
1790420659.404788097,Phase1_Baseline,230
1790420659.476013368,Phase1_Baseline,231
1790420659.540480214,Phase1_Baseline,232
1790420659.616829153,Phase1_Baseline,233
1790420659.698292471,Phase1_Baseline,234
1790420659.774031991,Phase1_Baseline,236
1790420659.854196939,Phase1_Baseline,237
1790420659.938403498,Phase1_Baseline,238
1790420660.016191151,Phase1_Baseline,239
1790420660.100906473,Phase1_Baseline,240
1790420660.180055882,Phase1_Baseline,241
1790420660.259552072,Phase1_Baseline,242
1790420660.326810701,Phase1_Baseline,243
1790420660.394136189,Phase1_Baseline,244
1790420660.470085970,Phase1_Baseline,245
1790420660.547342121,Phase1_Baseline,246
1790420660.629639461,Phase1_Baseline,247
1790420660.704937369,Phase1_Baseline,248
1790420662.098167667,Phase2_Migrated,10
1790420662.190343748,Phase2_Migrated,5
1790420662.281721967,Phase2_Migrated,22
1790420662.367077357,Phase2_Migrated,50
1790420662.459216084,Phase2_Migrated,119
1790420662.548022509,Phase2_Migrated,315
1790420662.636068819,Phase2_Migrated,603
1790420662.728493377,Phase2_Migrated,863
1790420662.822956261,Phase2_Migrated,793
1790420662.904566162,Phase2_Migrated,483
1790420663.001485203,Phase2_Migrated,483
1790420663.099087320,Phase2_Migrated,371
1790420663.196454157,Phase2_Migrated,241
1790420663.294587287,Phase2_Migrated,241
1790420663.369823996,Phase2_Migrated,241
1790420663.460068804,Phase2_Migrated,242
1790420663.552834789,Phase2_Migrated,244
1790420663.644176421,Phase2_Migrated,245
1790420663.735378498,Phase2_Migrated,246
1790420663.826715430,Phase2_Migrated,247
1790420663.918132013,Phase2_Migrated,248
1790420664.014018581,Phase2_Migrated,250
1790420664.104278178,Phase2_Migrated,251
1790420664.199219741,Phase2_Migrated,252
1790420664.294466839,Phase2_Migrated,254
1790420664.390370847,Phase2_Migrated,255
1790420664.481590944,Phase2_Migrated,256
1790420664.563206855,Phase2_Migrated,257
1790420664.645945440,Phase2_Migrated,258
1790420664.749985250,Phase2_Migrated,260
1790420664.841001091,Phase2_Migrated,261
1790420664.920853901,Phase2_Migrated,262
1790420665.020494574,Phase2_Migrated,263
1790420665.118382006,Phase2_Migrated,265
1790420665.215839351,Phase2_Migrated,266
1790420665.311144861,Phase2_Migrated,267
1790420665.403128683,Phase2_Migrated,268
1790420665.489388152,Phase2_Migrated,269
1790420665.580146081,Phase2_Migrated,271
1790420665.676929557,Phase2_Migrated,272
1790420665.775730385,Phase2_Migrated,273
1790420665.875483921,Phase2_Migrated,275
1790420665.964521555,Phase2_Migrated,276
1790420666.044172234,Phase2_Migrated,277
1790420666.114976083,Phase2_Migrated,278
1790420666.205576574,Phase2_Migrated,279
1790420666.295369680,Phase2_Migrated,280
1790420666.383039543,Phase2_Migrated,281
1790420666.480170045,Phase2_Migrated,283
1790420666.573747420,Phase2_Migrated,284
1790420666.669103383,Phase2_Migrated,285
1790420666.760187938,Phase2_Migrated,286
1790420666.855312753,Phase2_Migrated,288
1790420666.948959723,Phase2_Migrated,289
1790420667.039853282,Phase2_Migrated,290
1790420667.132579923,Phase2_Migrated,291
1790420667.226949250,Phase2_Migrated,293
1790420667.323964389,Phase2_Migrated,294
1790420667.408053668,Phase2_Migrated,295
1790420667.488592371,Phase2_Migrated,296
1790420667.579881932,Phase2_Migrated,297
1790420667.659740564,Phase2_Migrated,298
1790420667.746733777,Phase2_Migrated,299
1790420667.835481204,Phase2_Migrated,300
1790420667.925187683,Phase2_Migrated,302
1790420668.017864723,Phase2_Migrated,303
1790420668.099172600,Phase2_Migrated,304
1790420668.188930160,Phase2_Migrated,305
1790420668.266991652,Phase2_Migrated,306
1790420668.353272503,Phase2_Migrated,307
1790420668.431415208,Phase2_Migrated,308
1790420668.490214918,Phase2_Migrated,309
1790420668.557223559,Phase2_Migrated,309
1790420668.618644702,Phase2_Migrated,310
1790420668.701422398,Phase2_Migrated,311
1790420668.791892320,Phase2_Migrated,313
1790420668.876425748,Phase2_Migrated,314
1790420668.967784391,Phase2_Migrated,315
1790420669.037111140,Phase2_Migrated,316
1790420669.125192355,Phase2_Migrated,317
1790420669.193508254,Phase2_Migrated,317
1790420669.271128524,Phase2_Migrated,283
1790420669.363748595,Phase2_Migrated,159
1790420669.459761426,Phase2_Migrated,159
1790420669.556524492,Phase2_Migrated,160
1790420669.653803405,Phase2_Migrated,161
1790420669.744436383,Phase2_Migrated,162
1790420669.815164737,Phase2_Migrated,164
1790420669.909526395,Phase2_Migrated,165
1790420670.001467254,Phase2_Migrated,166
1790420670.095104324,Phase2_Migrated,167
1790420670.187801894,Phase2_Migrated,169
1790420670.281843329,Phase2_Migrated,170
1790420670.372311829,Phase2_Migrated,171
1790420670.468731832,Phase2_Migrated,172
1790420670.555710959,Phase2_Migrated,174
1790420670.651381535,Phase2_Migrated,175
1790420670.744972076,Phase2_Migrated,176
1790420670.835912218,Phase2_Migrated,178
1790420670.923935967,Phase2_Migrated,179
1790420671.011953095,Phase2_Migrated,180
1790420671.102782807,Phase2_Migrated,181
1790420671.184896997,Phase2_Migrated,182
1790420671.273884747,Phase2_Migrated,183
1790420671.343721173,Phase2_Migrated,185
1790420671.434290667,Phase2_Migrated,186
1790420671.525934768,Phase2_Migrated,187
1790420671.621341107,Phase2_Migrated,188
1790420671.715203246,Phase2_Migrated,190
1790420671.809722104,Phase2_Migrated,191
1790420671.898042135,Phase2_Migrated,192
1790420671.995798776,Phase2_Migrated,193
1790420672.088590633,Phase2_Migrated,195
1790420672.183990148,Phase2_Migrated,196
1790420672.279708324,Phase2_Migrated,197
1790420672.371729487,Phase2_Migrated,198
1790420672.466805317,Phase2_Migrated,200
1790420672.562057004,Phase2_Migrated,201
1790420672.654416013,Phase2_Migrated,203
1790420672.745939402,Phase2_Migrated,204
1790420672.844002467,Phase2_Migrated,205
1790420672.930473897,Phase2_Migrated,206
1790420674.270108796,Uninterrupted_Baseline,1
1790420674.352761386,Uninterrupted_Baseline,1
1790420674.429527080,Uninterrupted_Baseline,1
1790420674.514467501,Uninterrupted_Baseline,1
1790420674.601890124,Uninterrupted_Baseline,1
1790420674.694363733,Uninterrupted_Baseline,1
1790420674.776773433,Uninterrupted_Baseline,1
1790420674.850022503,Uninterrupted_Baseline,1
1790420674.908013679,Uninterrupted_Baseline,1
1790420674.988183491,Uninterrupted_Baseline,1
1790420675.060129960,Uninterrupted_Baseline,1
1790420675.143107577,Uninterrupted_Baseline,1
1790420675.228399655,Uninterrupted_Baseline,1
1790420675.313176654,Uninterrupted_Baseline,1
1790420675.400871934,Uninterrupted_Baseline,1
1790420675.479726099,Uninterrupted_Baseline,1
1790420675.562954278,Uninterrupted_Baseline,1
1790420675.647917731,Uninterrupted_Baseline,10
1790420675.647917731,Uninterrupted_Baseline,1
1790420675.733112895,Uninterrupted_Baseline,16
1790420675.733112895,Uninterrupted_Baseline,1
1790420675.815925900,Uninterrupted_Baseline,27
1790420675.815925900,Uninterrupted_Baseline,1
1790420675.898186575,Uninterrupted_Baseline,66
1790420675.898186575,Uninterrupted_Baseline,1
1790420675.986162713,Uninterrupted_Baseline,95
1790420675.986162713,Uninterrupted_Baseline,1
1790420676.058366152,Uninterrupted_Baseline,206
1790420676.058366152,Uninterrupted_Baseline,1
1790420676.138094896,Uninterrupted_Baseline,433
1790420676.138094896,Uninterrupted_Baseline,1
1790420676.216635063,Uninterrupted_Baseline,763
1790420676.216635063,Uninterrupted_Baseline,1
1790420676.299262110,Uninterrupted_Baseline,744
1790420676.299262110,Uninterrupted_Baseline,1
1790420676.376787374,Uninterrupted_Baseline,620
1790420676.376787374,Uninterrupted_Baseline,1
1790420676.460001118,Uninterrupted_Baseline,443
1790420676.460001118,Uninterrupted_Baseline,1
1790420676.542089225,Uninterrupted_Baseline,443
1790420676.542089225,Uninterrupted_Baseline,1
1790420676.626747601,Uninterrupted_Baseline,375
1790420676.626747601,Uninterrupted_Baseline,1
1790420676.709157366,Uninterrupted_Baseline,221
1790420676.709157366,Uninterrupted_Baseline,1
1790420676.798599474,Uninterrupted_Baseline,221
1790420676.798599474,Uninterrupted_Baseline,1
1790420676.882410155,Uninterrupted_Baseline,110
1790420676.882410155,Uninterrupted_Baseline,1
1790420676.961811571,Uninterrupted_Baseline,110
1790420676.961811571,Uninterrupted_Baseline,1
1790420677.048052355,Uninterrupted_Baseline,110
1790420677.048052355,Uninterrupted_Baseline,1
1790420677.127805015,Uninterrupted_Baseline,111
1790420677.127805015,Uninterrupted_Baseline,1
1790420677.208512910,Uninterrupted_Baseline,112
1790420677.208512910,Uninterrupted_Baseline,1
1790420677.295393452,Uninterrupted_Baseline,113
1790420677.295393452,Uninterrupted_Baseline,1
1790420677.380076205,Uninterrupted_Baseline,115
1790420677.380076205,Uninterrupted_Baseline,1
1790420677.464402281,Uninterrupted_Baseline,116
1790420677.464402281,Uninterrupted_Baseline,1
1790420677.548691536,Uninterrupted_Baseline,117
1790420677.548691536,Uninterrupted_Baseline,1
1790420677.636338535,Uninterrupted_Baseline,118
1790420677.636338535,Uninterrupted_Baseline,1
1790420677.716283908,Uninterrupted_Baseline,119
1790420677.716283908,Uninterrupted_Baseline,1
1790420677.797503202,Uninterrupted_Baseline,120
1790420677.797503202,Uninterrupted_Baseline,1
1790420677.898832572,Uninterrupted_Baseline,122
1790420677.898832572,Uninterrupted_Baseline,1
1790420677.962867879,Uninterrupted_Baseline,123
1790420677.962867879,Uninterrupted_Baseline,1
1790420678.042881573,Uninterrupted_Baseline,124
1790420678.042881573,Uninterrupted_Baseline,1
1790420678.106436518,Uninterrupted_Baseline,124
1790420678.106436518,Uninterrupted_Baseline,1
1790420678.184985554,Uninterrupted_Baseline,125
1790420678.184985554,Uninterrupted_Baseline,1
1790420678.260187097,Uninterrupted_Baseline,127
1790420678.260187097,Uninterrupted_Baseline,1
1790420678.321381594,Uninterrupted_Baseline,128
1790420678.321381594,Uninterrupted_Baseline,1
1790420678.408578695,Uninterrupted_Baseline,129
1790420678.408578695,Uninterrupted_Baseline,1
1790420678.480468240,Uninterrupted_Baseline,130
1790420678.480468240,Uninterrupted_Baseline,1
1790420678.546710570,Uninterrupted_Baseline,131
1790420678.546710570,Uninterrupted_Baseline,1
1790420678.605686182,Uninterrupted_Baseline,131
1790420678.605686182,Uninterrupted_Baseline,1
1790420678.660086094,Uninterrupted_Baseline,132
1790420678.660086094,Uninterrupted_Baseline,1
1790420678.721608780,Uninterrupted_Baseline,133
1790420678.721608780,Uninterrupted_Baseline,1
1790420678.798124103,Uninterrupted_Baseline,134
1790420678.798124103,Uninterrupted_Baseline,1
1790420678.878478250,Uninterrupted_Baseline,135
1790420678.878478250,Uninterrupted_Baseline,1
1790420678.950139131,Uninterrupted_Baseline,136
1790420678.950139131,Uninterrupted_Baseline,1
1790420679.021972214,Uninterrupted_Baseline,137
1790420679.021972214,Uninterrupted_Baseline,1
1790420679.102250549,Uninterrupted_Baseline,138
1790420679.102250549,Uninterrupted_Baseline,1
1790420679.163773365,Uninterrupted_Baseline,139
1790420679.163773365,Uninterrupted_Baseline,1
1790420679.223255743,Uninterrupted_Baseline,140
1790420679.223255743,Uninterrupted_Baseline,1
1790420679.291535556,Uninterrupted_Baseline,141
1790420679.376462562,Uninterrupted_Baseline,142
1790420679.459188652,Uninterrupted_Baseline,143
1790420679.535318046,Uninterrupted_Baseline,144
1790420679.617267126,Uninterrupted_Baseline,145
1790420679.697998685,Uninterrupted_Baseline,146
1790420679.764182868,Uninterrupted_Baseline,147
1790420679.848991790,Uninterrupted_Baseline,148
1790420679.929126444,Uninterrupted_Baseline,150
1790420680.009902478,Uninterrupted_Baseline,151
1790420680.096606631,Uninterrupted_Baseline,152
1790420680.158899449,Uninterrupted_Baseline,153
1790420680.246015900,Uninterrupted_Baseline,154
1790420680.325495682,Uninterrupted_Baseline,155
1790420680.406396537,Uninterrupted_Baseline,156
1790420680.475789680,Uninterrupted_Baseline,157
1790420680.554265213,Uninterrupted_Baseline,158
1790420680.626487833,Uninterrupted_Baseline,159
1790420680.699064546,Uninterrupted_Baseline,160
1790420680.781631052,Uninterrupted_Baseline,161
1790420680.859350553,Uninterrupted_Baseline,162
1790420680.930265883,Uninterrupted_Baseline,163
1790420681.005016802,Uninterrupted_Baseline,164
1790420681.077128159,Uninterrupted_Baseline,165
1790420681.154074940,Uninterrupted_Baseline,166
1790420681.231699237,Uninterrupted_Baseline,167
1790420681.306518742,Uninterrupted_Baseline,168
1790420681.364857093,Uninterrupted_Baseline,169
1790420681.445415927,Uninterrupted_Baseline,170
1790420681.519421107,Uninterrupted_Baseline,171
1790420681.600467527,Uninterrupted_Baseline,172
1790420681.685092044,Uninterrupted_Baseline,173
1790420681.768095288,Uninterrupted_Baseline,174
1790420681.847064312,Uninterrupted_Baseline,176
1790420681.930724852,Uninterrupted_Baseline,177
1790420682.019164640,Uninterrupted_Baseline,178
1790420682.090378467,Uninterrupted_Baseline,179
1790420682.168082341,Uninterrupted_Baseline,180
1790420682.248970638,Uninterrupted_Baseline,181
1790420682.343852840,Uninterrupted_Baseline,182
1790420682.427055377,Uninterrupted_Baseline,183
1790420682.516075758,Uninterrupted_Baseline,184
1790420682.601196587,Uninterrupted_Baseline,186
1790420682.677707549,Uninterrupted_Baseline,187
1790420682.763727161,Uninterrupted_Baseline,188
1790420682.849726309,Uninterrupted_Baseline,189
1790420682.935022056,Uninterrupted_Baseline,190
1790420683.017947606,Uninterrupted_Baseline,191
1790420683.097640685,Uninterrupted_Baseline,192
1790420683.180899005,Uninterrupted_Baseline,194
1790420683.265980753,Uninterrupted_Baseline,195
1790420683.350072221,Uninterrupted_Baseline,196
1790420683.437891094,Uninterrupted_Baseline,197
1790420683.520364426,Uninterrupted_Baseline,198
1790420683.605073205,Uninterrupted_Baseline,200
1790420683.681460769,Uninterrupted_Baseline,201
1790420683.763816040,Uninterrupted_Baseline,202
1790420683.848778758,Uninterrupted_Baseline,203
1790420683.935767906,Uninterrupted_Baseline,204
1790420684.021361120,Uninterrupted_Baseline,205
1790420684.106281838,Uninterrupted_Baseline,206
1790420684.178378397,Uninterrupted_Baseline,207
1790420684.250068951,Uninterrupted_Baseline,208
1790420684.336928728,Uninterrupted_Baseline,209
1790420684.424847519,Uninterrupted_Baseline,211
1790420684.511504514,Uninterrupted_Baseline,212
1790420684.597958987,Uninterrupted_Baseline,213
1790420684.686786973,Uninterrupted_Baseline,214
1790420684.768318277,Uninterrupted_Baseline,215
1790420684.841679448,Uninterrupted_Baseline,216
1790420684.911290462,Uninterrupted_Baseline,217
1790420684.983167946,Uninterrupted_Baseline,218
1790420685.068838339,Uninterrupted_Baseline,219
1790420685.137500139,Uninterrupted_Baseline,220
1790420685.207421478,Uninterrupted_Baseline,221
1790420685.281721087,Uninterrupted_Baseline,222
1790420685.361283233,Uninterrupted_Baseline,224
1790420685.447426097,Uninterrupted_Baseline,225
1790420685.532110084,Uninterrupted_Baseline,226
1790420685.614057774,Uninterrupted_Baseline,227
1790420685.698152853,Uninterrupted_Baseline,228
1790420685.780491837,Uninterrupted_Baseline,229
1790420685.863851090,Uninterrupted_Baseline,230
1790420685.943166950,Uninterrupted_Baseline,232
1790420686.024396129,Uninterrupted_Baseline,233
1790420686.106450687,Uninterrupted_Baseline,234
1790420686.188360667,Uninterrupted_Baseline,235
1790420686.270522737,Uninterrupted_Baseline,236
1790420686.353061122,Uninterrupted_Baseline,237
1790420686.439089117,Uninterrupted_Baseline,238
1790420686.517990636,Uninterrupted_Baseline,239
1790420686.608143033,Uninterrupted_Baseline,241
1790420686.677339389,Uninterrupted_Baseline,241
1790420686.726520201,Uninterrupted_Baseline,242
1790420686.785969598,Uninterrupted_Baseline,243
1790420686.843570627,Uninterrupted_Baseline,244
1790420686.920686629,Uninterrupted_Baseline,245
1790420687.003110391,Uninterrupted_Baseline,246
1790420687.083596563,Uninterrupted_Baseline,247
1790420687.167529070,Uninterrupted_Baseline,248
1790420687.255526127,Uninterrupted_Baseline,249
1790420687.337875603,Uninterrupted_Baseline,250
1790420687.422771636,Uninterrupted_Baseline,251
1790420687.506761907,Uninterrupted_Baseline,253
1790420687.594829196,Uninterrupted_Baseline,254
1790420687.682146047,Uninterrupted_Baseline,255
1790420687.772238921,Uninterrupted_Baseline,256
1790420687.855330345,Uninterrupted_Baseline,257
1790420687.934631327,Uninterrupted_Baseline,258
1790420688.012422749,Uninterrupted_Baseline,259
1790420688.084842390,Uninterrupted_Baseline,261
1790420688.166884012,Uninterrupted_Baseline,261
1790420688.245797397,Uninterrupted_Baseline,262
1790420688.297360665,Uninterrupted_Baseline,263
1790420688.367740925,Uninterrupted_Baseline,264
1790420688.433601521,Uninterrupted_Baseline,265
1790420688.487893149,Uninterrupted_Baseline,266
1790420688.546282771,Uninterrupted_Baseline,267
1790420688.602377322,Uninterrupted_Baseline,267
1790420688.674273558,Uninterrupted_Baseline,268
1790420688.733031978,Uninterrupted_Baseline,269
1790420688.813797431,Uninterrupted_Baseline,270
1790420688.897837309,Uninterrupted_Baseline,271
1790420688.969329096,Uninterrupted_Baseline,272
1790420689.043098681,Uninterrupted_Baseline,273
1790420689.111744674,Uninterrupted_Baseline,274
1790420689.171359907,Uninterrupted_Baseline,275
1790420689.255095740,Uninterrupted_Baseline,276
1790420689.341200143,Uninterrupted_Baseline,277
1790420689.423170045,Uninterrupted_Baseline,278
1790420689.509070223,Uninterrupted_Baseline,279
1790420689.594486274,Uninterrupted_Baseline,281
1790420689.675199981,Uninterrupted_Baseline,282
1790420689.755164801,Uninterrupted_Baseline,283
1790420689.835637681,Uninterrupted_Baseline,284
1790420689.919452703,Uninterrupted_Baseline,285
1790420690.002008351,Uninterrupted_Baseline,286
1790420690.077485476,Uninterrupted_Baseline,287
1790420690.166482345,Uninterrupted_Baseline,288
1790420690.252231365,Uninterrupted_Baseline,289
1790420690.329956539,Uninterrupted_Baseline,290
1790420690.387408082,Uninterrupted_Baseline,291
1790420690.464391088,Uninterrupted_Baseline,292
1790420690.545346093,Uninterrupted_Baseline,293
1790420690.603621738,Uninterrupted_Baseline,294
1790420690.686019991,Uninterrupted_Baseline,295
1790420690.766008969,Uninterrupted_Baseline,296
1790420690.834008203,Uninterrupted_Baseline,297
1790420690.912915451,Uninterrupted_Baseline,298
1790420690.996200833,Uninterrupted_Baseline,299
1790420691.084952126,Uninterrupted_Baseline,300
1790420691.166069758,Uninterrupted_Baseline,301
1790420691.251514317,Uninterrupted_Baseline,302
1790420691.334270045,Uninterrupted_Baseline,304
1790420691.416064900,Uninterrupted_Baseline,305
1790420691.501723550,Uninterrupted_Baseline,306
1790420691.584003640,Uninterrupted_Baseline,307
1790420691.666324010,Uninterrupted_Baseline,308
1790420691.750128211,Uninterrupted_Baseline,309
1790420691.829965631,Uninterrupted_Baseline,310
1790420691.895704778,Uninterrupted_Baseline,311
1790420691.971887197,Uninterrupted_Baseline,312
1790420692.052496934,Uninterrupted_Baseline,313
1790420692.131881995,Uninterrupted_Baseline,314
1790420692.216944947,Uninterrupted_Baseline,315
1790420692.299246013,Uninterrupted_Baseline,316
1790420692.378814736,Uninterrupted_Baseline,317
1790420692.461492540,Uninterrupted_Baseline,318
1790420692.540910200,Uninterrupted_Baseline,319
1790420692.625750116,Uninterrupted_Baseline,320
1790420692.697125730,Uninterrupted_Baseline,321
1790420692.764141176,Uninterrupted_Baseline,322
1790420692.828937304,Uninterrupted_Baseline,323
1790420692.902470996,Uninterrupted_Baseline,324
1790420692.991311641,Uninterrupted_Baseline,325
1790420693.070498350,Uninterrupted_Baseline,326
1790420693.153051953,Uninterrupted_Baseline,327
1790420693.237249763,Uninterrupted_Baseline,328
1790420693.315496232,Uninterrupted_Baseline,329
1790420693.375608788,Uninterrupted_Baseline,330
1790420693.441248462,Uninterrupted_Baseline,237
1790420693.523576648,Uninterrupted_Baseline,165
1790420693.609778807,Uninterrupted_Baseline,165
1790420693.691300045,Uninterrupted_Baseline,165
1790420693.771918688,Uninterrupted_Baseline,167
1790420693.852440750,Uninterrupted_Baseline,168
1790420693.922431761,Uninterrupted_Baseline,169
1790420694.002461667,Uninterrupted_Baseline,170
1790420694.089999409,Uninterrupted_Baseline,171
1790420694.177278211,Uninterrupted_Baseline,172
1790420694.262423160,Uninterrupted_Baseline,173
1790420694.347636545,Uninterrupted_Baseline,175
1790420694.431391861,Uninterrupted_Baseline,176
1790420694.517932004,Uninterrupted_Baseline,177
1790420694.600883060,Uninterrupted_Baseline,178
1790420694.683110259,Uninterrupted_Baseline,179
1790420694.772643564,Uninterrupted_Baseline,180
1790420694.855355878,Uninterrupted_Baseline,181
1790420694.930146700,Uninterrupted_Baseline,182
1790420695.014582208,Uninterrupted_Baseline,184
1790420695.088489674,Uninterrupted_Baseline,184
1790420695.160335147,Uninterrupted_Baseline,186
1790420695.244311153,Uninterrupted_Baseline,187
1790420695.328970023,Uninterrupted_Baseline,188
1790420695.416603730,Uninterrupted_Baseline,189
1790420695.502735290,Uninterrupted_Baseline,190
1790420695.589156738,Uninterrupted_Baseline,191
1790420695.673494090,Uninterrupted_Baseline,193
1790420695.758274100,Uninterrupted_Baseline,194
1790420695.841152732,Uninterrupted_Baseline,195
1790420695.920627658,Uninterrupted_Baseline,196
1790420696.007871697,Uninterrupted_Baseline,197
1790420696.084843005,Uninterrupted_Baseline,198
1790420696.164497252,Uninterrupted_Baseline,199
1790420696.251867124,Uninterrupted_Baseline,200
1790420696.345050919,Uninterrupted_Baseline,202
1790420696.439216685,Uninterrupted_Baseline,203
1790420696.513047010,Uninterrupted_Baseline,204
1790420696.599444507,Uninterrupted_Baseline,205
1790420696.682333152,Uninterrupted_Baseline,206
1790420696.747525643,Uninterrupted_Baseline,207
1790420696.829423716,Uninterrupted_Baseline,208
1790420696.911520209,Uninterrupted_Baseline,209
1790420696.988455759,Uninterrupted_Baseline,210
1790420697.069328440,Uninterrupted_Baseline,212
1790420697.151087455,Uninterrupted_Baseline,213
1790420697.238935756,Uninterrupted_Baseline,214
1790420697.321512142,Uninterrupted_Baseline,215
1790420697.405230938,Uninterrupted_Baseline,216
1790420697.488814525,Uninterrupted_Baseline,217
1790420697.573267638,Uninterrupted_Baseline,219
1790420697.658307856,Uninterrupted_Baseline,220
1790420697.742314874,Uninterrupted_Baseline,221
1790420697.825056218,Uninterrupted_Baseline,222
1790420697.906400773,Uninterrupted_Baseline,223
1790420697.974118391,Uninterrupted_Baseline,224
1790420698.046424197,Uninterrupted_Baseline,225
1790420698.111009049,Uninterrupted_Baseline,226
1790420698.194202320,Uninterrupted_Baseline,227
1790420698.270734391,Uninterrupted_Baseline,228
1790420698.328787920,Uninterrupted_Baseline,229
1790420698.404334480,Uninterrupted_Baseline,230
1790420698.456903446,Uninterrupted_Baseline,230
1790420698.512490803,Uninterrupted_Baseline,231
1790420698.567086839,Uninterrupted_Baseline,232
1790420698.632534977,Uninterrupted_Baseline,233
1790420698.723684143,Uninterrupted_Baseline,234
1790420698.784235338,Uninterrupted_Baseline,235
1790420698.859170227,Uninterrupted_Baseline,236
1790420698.939693864,Uninterrupted_Baseline,237
1790420699.028463816,Uninterrupted_Baseline,238
1790420699.110004592,Uninterrupted_Baseline,239
1790420699.184217900,Uninterrupted_Baseline,240
1790420699.241710235,Uninterrupted_Baseline,241
1790420699.311835295,Uninterrupted_Baseline,242
1790420699.388185605,Uninterrupted_Baseline,243
1790420699.466625307,Uninterrupted_Baseline,244
1790420699.541594463,Uninterrupted_Baseline,245
1790420699.621407379,Uninterrupted_Baseline,246
1790420699.693353445,Uninterrupted_Baseline,247
1790420699.752864132,Uninterrupted_Baseline,248
1790420699.821182122,Uninterrupted_Baseline,249
1790420699.893392235,Uninterrupted_Baseline,250
1790420699.964786511,Uninterrupted_Baseline,251
1790420710.059857523,Phase1_Baseline,10
1790420710.127928564,Phase1_Baseline,12
1790420710.211181305,Phase1_Baseline,23
1790420710.294198678,Phase1_Baseline,58
1790420710.373808490,Phase1_Baseline,112
1790420710.455942008,Phase1_Baseline,266
1790420710.526638703,Phase1_Baseline,504
1790420710.587375745,Phase1_Baseline,696
1790420710.669216403,Phase1_Baseline,1090
1790420710.751124984,Phase1_Baseline,1078
1790420710.823621003,Phase1_Baseline,914
1790420710.911623280,Phase1_Baseline,726
1790420710.981246560,Phase1_Baseline,599
1790420711.054305145,Phase1_Baseline,599
1790420711.144225672,Phase1_Baseline,513
1790420711.237815826,Phase1_Baseline,299
1790420711.312772827,Phase1_Baseline,299
1790420711.394804078,Phase1_Baseline,235
1790420711.469982388,Phase1_Baseline,149
1790420711.545175169,Phase1_Baseline,95
1790420711.625840359,Phase1_Baseline,74
1790420711.711399246,Phase1_Baseline,74
1790420711.797814498,Phase1_Baseline,37
1790420711.877132613,Phase1_Baseline,37
1790420711.960922708,Phase1_Baseline,38
1790420712.051425415,Phase1_Baseline,39
1790420712.116610338,Phase1_Baseline,40
1790420712.198757576,Phase1_Baseline,41
1790420712.280108191,Phase1_Baseline,43
1790420712.361164334,Phase1_Baseline,44
1790420712.448044941,Phase1_Baseline,45
1790420712.530579541,Phase1_Baseline,46
1790420712.607989837,Phase1_Baseline,47
1790420712.685739636,Phase1_Baseline,48
1790420712.767252665,Phase1_Baseline,49
1790420712.848040960,Phase1_Baseline,51
1790420712.926805774,Phase1_Baseline,52
1790420713.011993667,Phase1_Baseline,53
1790420713.088951145,Phase1_Baseline,54
1790420713.171784054,Phase1_Baseline,55
1790420713.256128340,Phase1_Baseline,56
1790420713.345846395,Phase1_Baseline,57
1790420713.433212791,Phase1_Baseline,58
1790420713.512005586,Phase1_Baseline,60
1790420713.589284464,Phase1_Baseline,61
1790420713.674644686,Phase1_Baseline,62
1790420713.752354788,Phase1_Baseline,63
1790420713.833592428,Phase1_Baseline,64
1790420713.914282948,Phase1_Baseline,65
1790420713.999644948,Phase1_Baseline,67
1790420714.082269132,Phase1_Baseline,68
1790420714.158763632,Phase1_Baseline,69
1790420714.241329506,Phase1_Baseline,70
1790420714.324366983,Phase1_Baseline,71
1790420714.406977207,Phase1_Baseline,72
1790420714.500837938,Phase1_Baseline,74
1790420714.587848017,Phase1_Baseline,75
1790420714.673046901,Phase1_Baseline,76
1790420714.754711125,Phase1_Baseline,77
1790420714.834076125,Phase1_Baseline,78
1790420714.919097516,Phase1_Baseline,80
1790420714.992746654,Phase1_Baseline,81
1790420715.076391384,Phase1_Baseline,82
1790420715.158717324,Phase1_Baseline,83
1790420715.245802318,Phase1_Baseline,84
1790420715.333238654,Phase1_Baseline,85
1790420715.418297607,Phase1_Baseline,86
1790420715.498837510,Phase1_Baseline,88
1790420715.578312326,Phase1_Baseline,89
1790420715.663149572,Phase1_Baseline,90
1790420715.748174689,Phase1_Baseline,91
1790420715.830172842,Phase1_Baseline,92
1790420715.913028292,Phase1_Baseline,93
1790420715.993056669,Phase1_Baseline,95
1790420716.066059793,Phase1_Baseline,96
1790420716.149271369,Phase1_Baseline,97
1790420716.230013793,Phase1_Baseline,98
1790420716.305713675,Phase1_Baseline,99
1790420716.380165630,Phase1_Baseline,100
1790420716.432793861,Phase1_Baseline,100
1790420716.486922433,Phase1_Baseline,101
1790420716.554779688,Phase1_Baseline,102
1790420716.637321540,Phase1_Baseline,104
1790420716.719238957,Phase1_Baseline,105
1790420716.795820863,Phase1_Baseline,106
1790420716.877642339,Phase1_Baseline,107
1790420716.952095818,Phase1_Baseline,108
1790420717.031782148,Phase1_Baseline,109
1790420717.115036842,Phase1_Baseline,110
1790420717.189642636,Phase1_Baseline,111
1790420717.256815415,Phase1_Baseline,112
1790420717.335908987,Phase1_Baseline,113
1790420717.409718392,Phase1_Baseline,114
1790420717.495098657,Phase1_Baseline,115
1790420717.573977458,Phase1_Baseline,117
1790420717.657614139,Phase1_Baseline,118
1790420717.736166603,Phase1_Baseline,119
1790420717.817598815,Phase1_Baseline,120
1790420717.889705602,Phase1_Baseline,121
1790420717.952747415,Phase1_Baseline,122
1790420718.034992817,Phase1_Baseline,123
1790420718.086974956,Phase1_Baseline,123
1790420718.158807202,Phase1_Baseline,124
1790420718.243120824,Phase1_Baseline,126
1790420718.301890730,Phase1_Baseline,126
1790420718.354729083,Phase1_Baseline,127
1790420718.411767417,Phase1_Baseline,128
1790420718.462950503,Phase1_Baseline,129
1790420718.516383844,Phase1_Baseline,129
1790420718.577277498,Phase1_Baseline,130
1790420718.636529544,Phase1_Baseline,131
1790420718.701504113,Phase1_Baseline,132
1790420718.780091790,Phase1_Baseline,133
1790420718.866076127,Phase1_Baseline,134
1790420718.956088265,Phase1_Baseline,135
1790420719.025042860,Phase1_Baseline,136
1790420719.091409064,Phase1_Baseline,137
1790420719.156183331,Phase1_Baseline,138
1790420719.219894447,Phase1_Baseline,139
1790420719.291175446,Phase1_Baseline,140
1790420719.370383458,Phase1_Baseline,141
1790420719.454139584,Phase1_Baseline,142
1790420719.538305427,Phase1_Baseline,144
1790420719.627357662,Phase1_Baseline,145
1790420719.710041015,Phase1_Baseline,146
1790420719.774013486,Phase1_Baseline,147
1790420719.850066825,Phase1_Baseline,148
1790420719.931710789,Phase1_Baseline,149
1790420720.014890262,Phase1_Baseline,150
1790420720.094832011,Phase1_Baseline,151
1790420720.175175914,Phase1_Baseline,152
1790420720.263716203,Phase1_Baseline,153
1790420720.352587149,Phase1_Baseline,154
1790420720.428242112,Phase1_Baseline,156
1790420720.508239612,Phase1_Baseline,157
1790420720.592312291,Phase1_Baseline,158
1790420720.677024734,Phase1_Baseline,159
1790420720.758985806,Phase1_Baseline,160
1790420720.837941683,Phase1_Baseline,161
1790420720.921945465,Phase1_Baseline,162
1790420721.001276430,Phase1_Baseline,164
1790420721.086325583,Phase1_Baseline,165
1790420721.170391950,Phase1_Baseline,166
1790420721.250962933,Phase1_Baseline,167
1790420721.327955498,Phase1_Baseline,168
1790420721.412888795,Phase1_Baseline,169
1790420721.494903672,Phase1_Baseline,170
1790420721.575147562,Phase1_Baseline,171
1790420721.654970407,Phase1_Baseline,172
1790420721.737233032,Phase1_Baseline,174
1790420721.808023530,Phase1_Baseline,174
1790420721.880801494,Phase1_Baseline,175
1790420721.974445683,Phase1_Baseline,177
1790420722.058838840,Phase1_Baseline,178
1790420722.140452402,Phase1_Baseline,179
1790420722.213055528,Phase1_Baseline,180
1790420722.296245112,Phase1_Baseline,181
1790420722.376860625,Phase1_Baseline,182
1790420722.458743037,Phase1_Baseline,183
1790420722.541512032,Phase1_Baseline,185
1790420722.621796641,Phase1_Baseline,186
1790420722.705389464,Phase1_Baseline,187
1790420722.788225458,Phase1_Baseline,188
1790420722.869499119,Phase1_Baseline,189
1790420722.965093184,Phase1_Baseline,190
1790420723.045600345,Phase1_Baseline,191
1790420723.123248074,Phase1_Baseline,193
1790420723.205085058,Phase1_Baseline,194
1790420723.287134118,Phase1_Baseline,195
1790420723.374951739,Phase1_Baseline,196
1790420723.449640004,Phase1_Baseline,197
1790420723.533520501,Phase1_Baseline,198
1790420723.612917996,Phase1_Baseline,199
1790420723.696037655,Phase1_Baseline,200
1790420723.758971236,Phase1_Baseline,201
1790420723.828326606,Phase1_Baseline,202
1790420723.908969094,Phase1_Baseline,203
1790420723.990135902,Phase1_Baseline,204
1790420724.077404052,Phase1_Baseline,206
1790420724.160845189,Phase1_Baseline,207
1790420724.242162884,Phase1_Baseline,208
1790420724.324645697,Phase1_Baseline,209
1790420724.412465923,Phase1_Baseline,210
1790420724.499085961,Phase1_Baseline,211
1790420724.589056759,Phase1_Baseline,213
1790420724.669170752,Phase1_Baseline,214
1790420724.752131933,Phase1_Baseline,215
1790420724.835262412,Phase1_Baseline,216
1790420724.925272694,Phase1_Baseline,217
1790420725.013998093,Phase1_Baseline,218
1790420725.100214875,Phase1_Baseline,220
1790420725.186702562,Phase1_Baseline,221
1790420725.281757437,Phase1_Baseline,222
1790420725.330975313,Phase1_Baseline,223
1790420725.394617515,Phase1_Baseline,224
1790420725.472742059,Phase1_Baseline,225
1790420725.545300280,Phase1_Baseline,226
1790420725.626278786,Phase1_Baseline,227
1790420725.702043535,Phase1_Baseline,228
1790420725.785868716,Phase1_Baseline,229
1790420725.868627365,Phase1_Baseline,230
1790420725.947451735,Phase1_Baseline,231
1790420726.030084699,Phase1_Baseline,232
1790420726.095830954,Phase1_Baseline,233
1790420726.173803961,Phase1_Baseline,234
1790420726.255358399,Phase1_Baseline,235
1790420726.337011951,Phase1_Baseline,236
1790420726.420456343,Phase1_Baseline,238
1790420726.501345474,Phase1_Baseline,239
1790420726.568182297,Phase1_Baseline,240
1790420726.648865896,Phase1_Baseline,241
1790420726.729171475,Phase1_Baseline,242
1790420726.812923849,Phase1_Baseline,243
1790420726.895220039,Phase1_Baseline,244
1790420726.977984545,Phase1_Baseline,245
1790420727.058255603,Phase1_Baseline,246
1790420727.139238090,Phase1_Baseline,247
1790420727.214840883,Phase1_Baseline,248
1790420727.295764582,Phase1_Baseline,249
1790420727.375911211,Phase1_Baseline,251
1790420727.448958527,Phase1_Baseline,251
1790420727.529829893,Phase1_Baseline,253
1790420727.615887845,Phase1_Baseline,254
1790420727.697379383,Phase1_Baseline,255
1790420727.780834654,Phase1_Baseline,256
1790420729.275000705,Phase2_Migrated,10
1790420729.369238433,Phase2_Migrated,18
1790420729.463112104,Phase2_Migrated,46
1790420729.559082084,Phase2_Migrated,117
1790420729.653403166,Phase2_Migrated,309
1790420729.737095845,Phase2_Migrated,585
1790420729.825300339,Phase2_Migrated,931
1790420729.916915813,Phase2_Migrated,1001
1790420730.017741757,Phase2_Migrated,760
1790420730.116770926,Phase2_Migrated,562
1790420730.211096338,Phase2_Migrated,562
1790420730.308383526,Phase2_Migrated,513
1790420730.406207106,Phase2_Migrated,281
1790420730.498737774,Phase2_Migrated,281
1790420730.587604707,Phase2_Migrated,202
1790420730.679591891,Phase2_Migrated,140
1790420730.768701536,Phase2_Migrated,70
1790420730.861686787,Phase2_Migrated,70
1790420730.933807545,Phase2_Migrated,70
1790420731.044002464,Phase2_Migrated,35
1790420731.111131259,Phase2_Migrated,36
1790420731.193380162,Phase2_Migrated,37
1790420731.283259990,Phase2_Migrated,38
1790420731.376134431,Phase2_Migrated,39
1790420731.469077425,Phase2_Migrated,40
1790420731.560160943,Phase2_Migrated,42
1790420731.653053178,Phase2_Migrated,43
1790420731.735551073,Phase2_Migrated,44
1790420731.823951205,Phase2_Migrated,45
1790420731.912171275,Phase2_Migrated,46
1790420732.002847247,Phase2_Migrated,48
1790420732.075816194,Phase2_Migrated,49
1790420732.168479770,Phase2_Migrated,50
1790420732.259180080,Phase2_Migrated,51
1790420732.350949502,Phase2_Migrated,52
1790420732.424990231,Phase2_Migrated,54
1790420732.518944229,Phase2_Migrated,55
1790420732.609793866,Phase2_Migrated,56
1790420732.701889766,Phase2_Migrated,57
1790420732.793467610,Phase2_Migrated,59
1790420732.892454510,Phase2_Migrated,60
1790420732.982474333,Phase2_Migrated,62
1790420733.076177914,Phase2_Migrated,63
1790420733.169211221,Phase2_Migrated,64
1790420733.261452698,Phase2_Migrated,65
1790420733.349864948,Phase2_Migrated,67
1790420733.446409198,Phase2_Migrated,68
1790420733.532982321,Phase2_Migrated,69
1790420733.624081736,Phase2_Migrated,71
1790420733.712357826,Phase2_Migrated,72
1790420733.803161353,Phase2_Migrated,73
1790420733.897540399,Phase2_Migrated,74
1790420733.990764041,Phase2_Migrated,76
1790420734.083135637,Phase2_Migrated,77
1790420734.177157337,Phase2_Migrated,78
1790420734.270644610,Phase2_Migrated,79
1790420734.362710869,Phase2_Migrated,81
1790420734.456294678,Phase2_Migrated,82
1790420734.549530809,Phase2_Migrated,83
1790420734.639491297,Phase2_Migrated,85
1790420734.731628442,Phase2_Migrated,86
1790420734.816380796,Phase2_Migrated,87
1790420734.906976952,Phase2_Migrated,89
1790420734.991997053,Phase2_Migrated,89
1790420735.069289160,Phase2_Migrated,91
1790420735.163165832,Phase2_Migrated,92
1790420735.262367626,Phase2_Migrated,93
1790420735.326688979,Phase2_Migrated,94
1790420735.402848889,Phase2_Migrated,95
1790420735.497922634,Phase2_Migrated,96
1790420735.589193485,Phase2_Migrated,98
1790420735.683458096,Phase2_Migrated,99
1790420735.782339764,Phase2_Migrated,101
1790420735.875322008,Phase2_Migrated,102
1790420735.970831087,Phase2_Migrated,103
1790420736.073525543,Phase2_Migrated,105
1790420736.167634688,Phase2_Migrated,106
1790420736.262446882,Phase2_Migrated,107
1790420736.346115372,Phase2_Migrated,109
1790420736.442291103,Phase2_Migrated,110
1790420736.541718447,Phase2_Migrated,111
1790420736.638985705,Phase2_Migrated,113
1790420736.729984947,Phase2_Migrated,114
1790420736.822485994,Phase2_Migrated,115
1790420736.911768982,Phase2_Migrated,116
1790420736.982320374,Phase2_Migrated,117
1790420737.075014658,Phase2_Migrated,119
1790420737.170102741,Phase2_Migrated,120
1790420737.259956009,Phase2_Migrated,121
1790420737.349891670,Phase2_Migrated,123
1790420737.438761762,Phase2_Migrated,124
1790420737.530279515,Phase2_Migrated,125
1790420737.619495231,Phase2_Migrated,126
1790420737.694280994,Phase2_Migrated,127
1790420737.778059383,Phase2_Migrated,129
1790420737.871877786,Phase2_Migrated,130
1790420737.968139172,Phase2_Migrated,131
1790420738.057507423,Phase2_Migrated,132
1790420738.128039643,Phase2_Migrated,133
1790420738.210192067,Phase2_Migrated,134
1790420738.300040244,Phase2_Migrated,136
1790420738.389379065,Phase2_Migrated,137
1790420738.451289767,Phase2_Migrated,138
1790420738.508911582,Phase2_Migrated,139
1790420738.581689607,Phase2_Migrated,139
1790420738.647334321,Phase2_Migrated,140
1790420738.719696718,Phase2_Migrated,141
1790420738.794223508,Phase2_Migrated,143
1790420738.888709526,Phase2_Migrated,144
1790420738.991636313,Phase2_Migrated,145
1790420739.078762514,Phase2_Migrated,146
1790420739.151072221,Phase2_Migrated,147
1790420739.222696684,Phase2_Migrated,148
1790420739.314880993,Phase2_Migrated,150
1790420739.409642854,Phase2_Migrated,151
1790420739.501418797,Phase2_Migrated,152
1790420739.593215237,Phase2_Migrated,154
1790420739.688769105,Phase2_Migrated,155
1790420739.772958204,Phase2_Migrated,156
1790420739.865945647,Phase2_Migrated,157
1790420739.958508317,Phase2_Migrated,159
1790420740.054182263,Phase2_Migrated,160
1790420740.144505623,Phase2_Migrated,161
1790420740.237746720,Phase2_Migrated,163
1790420740.329427104,Phase2_Migrated,164
1790420740.422926202,Phase2_Migrated,165
1790420740.515107272,Phase2_Migrated,166
1790420740.596331846,Phase2_Migrated,167
1790420740.681815558,Phase2_Migrated,169
1790420740.775712597,Phase2_Migrated,170
1790420740.860975350,Phase2_Migrated,171
1790420740.948741547,Phase2_Migrated,172
1790420741.039992933,Phase2_Migrated,173
1790420741.119164194,Phase2_Migrated,175
1790420741.210476339,Phase2_Migrated,176
1790420741.285164274,Phase2_Migrated,177
1790420741.370303802,Phase2_Migrated,178
1790420741.456061973,Phase2_Migrated,179
1790420741.539003078,Phase2_Migrated,180
1790420741.622161047,Phase2_Migrated,182
1790420741.712453884,Phase2_Migrated,183
1790420741.805905841,Phase2_Migrated,184
1790420741.898452773,Phase2_Migrated,185
1790420741.974540528,Phase2_Migrated,186
1790420742.060928857,Phase2_Migrated,188
1790420742.150995486,Phase2_Migrated,189
1790420742.227943082,Phase2_Migrated,190
1790420742.319705794,Phase2_Migrated,191
1790420742.409153220,Phase2_Migrated,192
1790420742.500596761,Phase2_Migrated,194
1790420742.595752238,Phase2_Migrated,195
1790420742.691636821,Phase2_Migrated,196
1790420742.783505038,Phase2_Migrated,197
1790420742.878737407,Phase2_Migrated,199
1790420742.975892879,Phase2_Migrated,200
1790420743.043389168,Phase2_Migrated,201
1790420743.136850545,Phase2_Migrated,202
1790420743.226326593,Phase2_Migrated,204
1790420743.326715072,Phase2_Migrated,205
1790420743.422819942,Phase2_Migrated,206
1790420743.516875185,Phase2_Migrated,207
1790420743.609698553,Phase2_Migrated,209
1790420743.702437148,Phase2_Migrated,210
1790420743.794180799,Phase2_Migrated,211
1790420743.887349079,Phase2_Migrated,212
1790420743.987108350,Phase2_Migrated,214
1790420744.082251065,Phase2_Migrated,215
1790420744.179899526,Phase2_Migrated,217
1790420744.272439704,Phase2_Migrated,218
1790420744.363778400,Phase2_Migrated,219
1790420744.440249127,Phase2_Migrated,220
1790420744.535227009,Phase2_Migrated,221
1790420744.629917141,Phase2_Migrated,223
1790420744.722242907,Phase2_Migrated,224
1790420744.815843972,Phase2_Migrated,225
1790420744.906998736,Phase2_Migrated,226
1790420744.991545709,Phase2_Migrated,228
1790420745.085105303,Phase2_Migrated,229
1790420745.178473150,Phase2_Migrated,230
1790420745.278191631,Phase2_Migrated,231
1790420745.368436597,Phase2_Migrated,233
1790420745.461106007,Phase2_Migrated,234
1790420745.559734532,Phase2_Migrated,235
1790420745.657861453,Phase2_Migrated,237
1790420745.752932210,Phase2_Migrated,238
1790420745.845794093,Phase2_Migrated,239
1790420745.934814461,Phase2_Migrated,240
1790420746.025420346,Phase2_Migrated,242
1790420746.110888827,Phase2_Migrated,243
1790420746.204260085,Phase2_Migrated,244
1790420746.296677532,Phase2_Migrated,245
1790420747.542105798,Uninterrupted_Baseline,1
1790420747.629019221,Uninterrupted_Baseline,1
1790420747.697711901,Uninterrupted_Baseline,1
1790420747.772431407,Uninterrupted_Baseline,1
1790420747.856813207,Uninterrupted_Baseline,1
1790420747.924389061,Uninterrupted_Baseline,1
1790420748.004779737,Uninterrupted_Baseline,1
1790420748.078231195,Uninterrupted_Baseline,1
1790420748.155028796,Uninterrupted_Baseline,1
1790420748.234226085,Uninterrupted_Baseline,1
1790420748.295854535,Uninterrupted_Baseline,1
1790420748.351247920,Uninterrupted_Baseline,1
1790420748.411929548,Uninterrupted_Baseline,1
1790420748.460316712,Uninterrupted_Baseline,1
1790420748.510144510,Uninterrupted_Baseline,1
1790420748.574064048,Uninterrupted_Baseline,1
1790420748.642899071,Uninterrupted_Baseline,1
1790420748.716159265,Uninterrupted_Baseline,1
1790420748.716159265,Uninterrupted_Baseline,10
1790420748.795752421,Uninterrupted_Baseline,1
1790420748.795752421,Uninterrupted_Baseline,11
1790420748.877033903,Uninterrupted_Baseline,1
1790420748.877033903,Uninterrupted_Baseline,31
1790420748.961881446,Uninterrupted_Baseline,1
1790420748.961881446,Uninterrupted_Baseline,78
1790420749.037144633,Uninterrupted_Baseline,1
1790420749.037144633,Uninterrupted_Baseline,165
1790420749.112094555,Uninterrupted_Baseline,1
1790420749.112094555,Uninterrupted_Baseline,349
1790420749.190233639,Uninterrupted_Baseline,1
1790420749.190233639,Uninterrupted_Baseline,582
1790420749.262318673,Uninterrupted_Baseline,1
1790420749.262318673,Uninterrupted_Baseline,809
1790420749.346076147,Uninterrupted_Baseline,1
1790420749.346076147,Uninterrupted_Baseline,1186
1790420749.427036808,Uninterrupted_Baseline,1
1790420749.427036808,Uninterrupted_Baseline,960
1790420749.508556649,Uninterrupted_Baseline,1
1790420749.508556649,Uninterrupted_Baseline,795
1790420749.590175397,Uninterrupted_Baseline,1
1790420749.590175397,Uninterrupted_Baseline,593
1790420749.671766220,Uninterrupted_Baseline,1
1790420749.671766220,Uninterrupted_Baseline,593
1790420749.751957369,Uninterrupted_Baseline,1
1790420749.751957369,Uninterrupted_Baseline,593
1790420749.821562639,Uninterrupted_Baseline,1
1790420749.821562639,Uninterrupted_Baseline,593
1790420749.905263324,Uninterrupted_Baseline,593
1790420749.984976492,Uninterrupted_Baseline,441
1790420750.068966593,Uninterrupted_Baseline,296
1790420750.143741532,Uninterrupted_Baseline,296
1790420750.226403576,Uninterrupted_Baseline,296
1790420750.309178393,Uninterrupted_Baseline,253
1790420750.369959366,Uninterrupted_Baseline,148
1790420750.458512189,Uninterrupted_Baseline,149
1790420750.543124230,Uninterrupted_Baseline,150
1790420750.606357223,Uninterrupted_Baseline,151
1790420750.669742322,Uninterrupted_Baseline,152
1790420750.753166329,Uninterrupted_Baseline,153
1790420750.834558074,Uninterrupted_Baseline,154
1790420750.914854879,Uninterrupted_Baseline,155
1790420750.994853665,Uninterrupted_Baseline,156
1790420751.079309612,Uninterrupted_Baseline,157
1790420751.168563997,Uninterrupted_Baseline,158
1790420751.253191511,Uninterrupted_Baseline,159
1790420751.333187557,Uninterrupted_Baseline,161
1790420751.410278429,Uninterrupted_Baseline,162
1790420751.492395885,Uninterrupted_Baseline,163
1790420751.573519200,Uninterrupted_Baseline,164
1790420751.661154308,Uninterrupted_Baseline,165
1790420751.746097749,Uninterrupted_Baseline,166
1790420751.826252317,Uninterrupted_Baseline,167
1790420751.909826696,Uninterrupted_Baseline,169
1790420751.994950442,Uninterrupted_Baseline,170
1790420752.084219231,Uninterrupted_Baseline,171
1790420752.170235301,Uninterrupted_Baseline,172
1790420752.251312547,Uninterrupted_Baseline,173
1790420752.337453977,Uninterrupted_Baseline,174
1790420752.414632939,Uninterrupted_Baseline,176
1790420752.501144273,Uninterrupted_Baseline,177
1790420752.582167000,Uninterrupted_Baseline,178
1790420752.672537825,Uninterrupted_Baseline,179
1790420752.764182985,Uninterrupted_Baseline,180
1790420752.842907504,Uninterrupted_Baseline,181
1790420752.923909009,Uninterrupted_Baseline,182
1790420753.010434274,Uninterrupted_Baseline,184
1790420753.094465437,Uninterrupted_Baseline,185
1790420753.174347561,Uninterrupted_Baseline,186
1790420753.256293881,Uninterrupted_Baseline,187
1790420753.340243503,Uninterrupted_Baseline,188
1790420753.422493893,Uninterrupted_Baseline,189
1790420753.507783417,Uninterrupted_Baseline,190
1790420753.594174603,Uninterrupted_Baseline,192
1790420753.674863208,Uninterrupted_Baseline,193
1790420753.759330051,Uninterrupted_Baseline,194
1790420753.835788277,Uninterrupted_Baseline,195
1790420753.919867676,Uninterrupted_Baseline,196
1790420754.001132077,Uninterrupted_Baseline,197
1790420754.064182946,Uninterrupted_Baseline,198
1790420754.149620536,Uninterrupted_Baseline,199
1790420754.228010763,Uninterrupted_Baseline,200
1790420754.313713197,Uninterrupted_Baseline,201
1790420754.397825550,Uninterrupted_Baseline,203
1790420754.480285520,Uninterrupted_Baseline,204
1790420754.563798713,Uninterrupted_Baseline,205
1790420754.648052818,Uninterrupted_Baseline,206
1790420754.734434830,Uninterrupted_Baseline,207
1790420754.821820615,Uninterrupted_Baseline,208
1790420754.901928727,Uninterrupted_Baseline,210
1790420754.982079925,Uninterrupted_Baseline,211
1790420755.059224357,Uninterrupted_Baseline,212
1790420755.142115857,Uninterrupted_Baseline,213
1790420755.201383189,Uninterrupted_Baseline,214
1790420755.288346896,Uninterrupted_Baseline,215
1790420755.371121311,Uninterrupted_Baseline,216
1790420755.455563931,Uninterrupted_Baseline,217
1790420755.540791342,Uninterrupted_Baseline,218
1790420755.621501914,Uninterrupted_Baseline,219
1790420755.703001402,Uninterrupted_Baseline,220
1790420755.783192774,Uninterrupted_Baseline,222
1790420755.867927850,Uninterrupted_Baseline,223
1790420755.942126571,Uninterrupted_Baseline,224
1790420756.025874380,Uninterrupted_Baseline,225
1790420756.114766915,Uninterrupted_Baseline,226
1790420756.195313099,Uninterrupted_Baseline,227
1790420756.263491816,Uninterrupted_Baseline,228
1790420756.336685928,Uninterrupted_Baseline,229
1790420756.412305145,Uninterrupted_Baseline,230
1790420756.491822522,Uninterrupted_Baseline,231
1790420756.573072977,Uninterrupted_Baseline,232
1790420756.656028848,Uninterrupted_Baseline,233
1790420756.724481991,Uninterrupted_Baseline,234
1790420756.788195207,Uninterrupted_Baseline,235
1790420756.869260930,Uninterrupted_Baseline,236
1790420756.953922063,Uninterrupted_Baseline,237
1790420757.038199554,Uninterrupted_Baseline,239
1790420757.116977433,Uninterrupted_Baseline,240
1790420757.198154285,Uninterrupted_Baseline,241
1790420757.282028441,Uninterrupted_Baseline,242
1790420757.365162945,Uninterrupted_Baseline,243
1790420757.448730382,Uninterrupted_Baseline,244
1790420757.533049587,Uninterrupted_Baseline,245
1790420757.611503918,Uninterrupted_Baseline,246
1790420757.679487567,Uninterrupted_Baseline,248
1790420757.767313623,Uninterrupted_Baseline,249
1790420757.843563826,Uninterrupted_Baseline,250
1790420757.912096364,Uninterrupted_Baseline,251
1790420757.991473421,Uninterrupted_Baseline,252
1790420758.062783914,Uninterrupted_Baseline,252
1790420758.120685924,Uninterrupted_Baseline,253
1790420758.201700853,Uninterrupted_Baseline,254
1790420758.270771380,Uninterrupted_Baseline,255
1790420758.329986149,Uninterrupted_Baseline,256
1790420758.406485940,Uninterrupted_Baseline,257
1790420758.463271018,Uninterrupted_Baseline,258
1790420758.523008475,Uninterrupted_Baseline,259
1790420758.577854273,Uninterrupted_Baseline,259
1790420758.656028815,Uninterrupted_Baseline,260
1790420758.735814764,Uninterrupted_Baseline,261
1790420758.801500162,Uninterrupted_Baseline,262
1790420758.883443478,Uninterrupted_Baseline,264
1790420758.966686958,Uninterrupted_Baseline,265
1790420759.049407552,Uninterrupted_Baseline,266
1790420759.123707140,Uninterrupted_Baseline,267
1790420759.193230812,Uninterrupted_Baseline,268
1790420759.268904653,Uninterrupted_Baseline,269
1790420759.353869394,Uninterrupted_Baseline,270
1790420759.439074099,Uninterrupted_Baseline,271
1790420759.524621045,Uninterrupted_Baseline,272
1790420759.607165683,Uninterrupted_Baseline,273
1790420759.689753806,Uninterrupted_Baseline,274
1790420759.765153831,Uninterrupted_Baseline,275
1790420759.845090816,Uninterrupted_Baseline,276
1790420759.919534096,Uninterrupted_Baseline,278
1790420760.001486242,Uninterrupted_Baseline,278
1790420760.070283735,Uninterrupted_Baseline,279
1790420760.155498484,Uninterrupted_Baseline,280
1790420760.240111666,Uninterrupted_Baseline,282
1790420760.330483712,Uninterrupted_Baseline,283
1790420760.416416254,Uninterrupted_Baseline,284
1790420760.506515574,Uninterrupted_Baseline,285
1790420760.586109643,Uninterrupted_Baseline,286
1790420760.667168663,Uninterrupted_Baseline,287
1790420760.747683475,Uninterrupted_Baseline,289
1790420760.831470404,Uninterrupted_Baseline,289
1790420760.911842599,Uninterrupted_Baseline,291
1790420760.996131245,Uninterrupted_Baseline,292
1790420761.077862944,Uninterrupted_Baseline,293
1790420761.161706603,Uninterrupted_Baseline,294
1790420761.241533912,Uninterrupted_Baseline,295
1790420761.299825721,Uninterrupted_Baseline,295
1790420761.364383614,Uninterrupted_Baseline,296
1790420761.442201478,Uninterrupted_Baseline,298
1790420761.522135906,Uninterrupted_Baseline,298
1790420761.603796896,Uninterrupted_Baseline,299
1790420761.668701520,Uninterrupted_Baseline,300
1790420761.742735240,Uninterrupted_Baseline,301
1790420761.811970967,Uninterrupted_Baseline,302
1790420761.898880574,Uninterrupted_Baseline,303
1790420761.986632864,Uninterrupted_Baseline,304
1790420762.069484095,Uninterrupted_Baseline,306
1790420762.155923522,Uninterrupted_Baseline,307
1790420762.239161724,Uninterrupted_Baseline,308
1790420762.324017270,Uninterrupted_Baseline,309
1790420762.403836010,Uninterrupted_Baseline,310
1790420762.485159806,Uninterrupted_Baseline,311
1790420762.570369735,Uninterrupted_Baseline,312
1790420762.654737994,Uninterrupted_Baseline,313
1790420762.742152227,Uninterrupted_Baseline,314
1790420762.821154023,Uninterrupted_Baseline,315
1790420762.903916368,Uninterrupted_Baseline,316
1790420762.986216577,Uninterrupted_Baseline,317
1790420763.068197219,Uninterrupted_Baseline,318
1790420763.152539428,Uninterrupted_Baseline,320
1790420763.233311869,Uninterrupted_Baseline,320
1790420763.301542948,Uninterrupted_Baseline,321
1790420763.383202228,Uninterrupted_Baseline,322
1790420763.464265040,Uninterrupted_Baseline,181
1790420763.538257913,Uninterrupted_Baseline,161
1790420763.621807832,Uninterrupted_Baseline,161
1790420763.707093463,Uninterrupted_Baseline,162
1790420763.792052834,Uninterrupted_Baseline,163
1790420763.874364940,Uninterrupted_Baseline,164
1790420763.960105924,Uninterrupted_Baseline,165
1790420764.049263677,Uninterrupted_Baseline,167
1790420764.139092819,Uninterrupted_Baseline,168
1790420764.221967790,Uninterrupted_Baseline,169
1790420764.300908120,Uninterrupted_Baseline,170
1790420764.368446004,Uninterrupted_Baseline,171
1790420764.456081453,Uninterrupted_Baseline,172
1790420764.533386853,Uninterrupted_Baseline,173
1790420764.607707806,Uninterrupted_Baseline,174
1790420764.689194772,Uninterrupted_Baseline,175
1790420764.773915767,Uninterrupted_Baseline,176
1790420764.851786526,Uninterrupted_Baseline,177
1790420764.929959710,Uninterrupted_Baseline,178
1790420765.011201388,Uninterrupted_Baseline,179
1790420765.097365447,Uninterrupted_Baseline,181
1790420765.176570854,Uninterrupted_Baseline,182
1790420765.265525172,Uninterrupted_Baseline,183
1790420765.350011990,Uninterrupted_Baseline,184
1790420765.435615964,Uninterrupted_Baseline,185
1790420765.518254790,Uninterrupted_Baseline,186
1790420765.594011723,Uninterrupted_Baseline,187
1790420765.674828658,Uninterrupted_Baseline,188
1790420765.756614593,Uninterrupted_Baseline,190
1790420765.838133028,Uninterrupted_Baseline,191
1790420765.920138725,Uninterrupted_Baseline,192
1790420766.000611152,Uninterrupted_Baseline,193
1790420766.084888116,Uninterrupted_Baseline,194
1790420766.167269826,Uninterrupted_Baseline,195
1790420766.251355600,Uninterrupted_Baseline,196
1790420766.331392740,Uninterrupted_Baseline,197
1790420766.412891038,Uninterrupted_Baseline,198
1790420766.492718907,Uninterrupted_Baseline,199
1790420766.575419535,Uninterrupted_Baseline,201
1790420766.663780808,Uninterrupted_Baseline,202
1790420766.725340521,Uninterrupted_Baseline,203
1790420766.808409715,Uninterrupted_Baseline,204
1790420766.886601414,Uninterrupted_Baseline,205
1790420766.949149206,Uninterrupted_Baseline,206
1790420767.031734079,Uninterrupted_Baseline,207
1790420767.112055914,Uninterrupted_Baseline,208
1790420767.169867216,Uninterrupted_Baseline,209
1790420767.237525412,Uninterrupted_Baseline,209
1790420767.309925180,Uninterrupted_Baseline,210
1790420767.393382352,Uninterrupted_Baseline,212
1790420767.475529844,Uninterrupted_Baseline,213
1790420767.555002470,Uninterrupted_Baseline,214
1790420767.640092333,Uninterrupted_Baseline,215
1790420767.722423228,Uninterrupted_Baseline,216
1790420767.812071236,Uninterrupted_Baseline,218
1790420767.902043905,Uninterrupted_Baseline,219
1790420767.974746632,Uninterrupted_Baseline,220
1790420768.043338667,Uninterrupted_Baseline,221
1790420768.128003136,Uninterrupted_Baseline,222
1790420768.207286007,Uninterrupted_Baseline,223
1790420768.285033578,Uninterrupted_Baseline,224
1790420768.374610641,Uninterrupted_Baseline,225
1790420768.447764992,Uninterrupted_Baseline,226
1790420768.504148875,Uninterrupted_Baseline,227
1790420768.575000530,Uninterrupted_Baseline,228
1790420768.640312698,Uninterrupted_Baseline,229
1790420768.710014989,Uninterrupted_Baseline,230
1790420768.795750928,Uninterrupted_Baseline,231
1790420768.873237983,Uninterrupted_Baseline,232
1790420768.958208810,Uninterrupted_Baseline,233
1790420769.043510156,Uninterrupted_Baseline,234
1790420769.127524543,Uninterrupted_Baseline,235
1790420769.212393282,Uninterrupted_Baseline,237
1790420769.297047450,Uninterrupted_Baseline,238
1790420769.374305999,Uninterrupted_Baseline,239
1790420769.465346403,Uninterrupted_Baseline,240
1790420769.544068032,Uninterrupted_Baseline,241
1790420769.625799815,Uninterrupted_Baseline,242
1790420769.711569875,Uninterrupted_Baseline,243
1790420769.794534586,Uninterrupted_Baseline,245
1790420769.886222774,Uninterrupted_Baseline,246
1790420769.970221649,Uninterrupted_Baseline,247
1790420770.038075287,Uninterrupted_Baseline,248
1790420770.122445122,Uninterrupted_Baseline,249
1790420770.203495333,Uninterrupted_Baseline,250
1790420770.284321294,Uninterrupted_Baseline,251
1790420770.371525403,Uninterrupted_Baseline,252
1790420770.447982208,Uninterrupted_Baseline,254
1790420770.521356161,Uninterrupted_Baseline,254
1790420770.603306607,Uninterrupted_Baseline,256
1790420770.686176032,Uninterrupted_Baseline,257
1790420770.753406257,Uninterrupted_Baseline,258
1790420770.840903045,Uninterrupted_Baseline,259
1790420770.914833752,Uninterrupted_Baseline,260
1790420770.993871369,Uninterrupted_Baseline,261
1790420771.071728528,Uninterrupted_Baseline,262
1790420771.154876143,Uninterrupted_Baseline,263
1790420771.229484979,Uninterrupted_Baseline,264
1790420771.312160667,Uninterrupted_Baseline,265
1790420771.374389067,Uninterrupted_Baseline,266
1790420771.440002977,Uninterrupted_Baseline,267
1790420771.525413944,Uninterrupted_Baseline,268
1790420771.615690970,Uninterrupted_Baseline,269
1790420771.703057950,Uninterrupted_Baseline,270
1790420782.045204749,Phase1_Baseline,10
1790420782.122777471,Phase1_Baseline,20
1790420782.188614844,Phase1_Baseline,38
1790420782.269949420,Phase1_Baseline,88
1790420782.334174929,Phase1_Baseline,129
1790420782.396388571,Phase1_Baseline,269
1790420782.461139188,Phase1_Baseline,469
1790420782.538130478,Phase1_Baseline,720
1790420782.616396443,Phase1_Baseline,1003
1790420782.696782526,Phase1_Baseline,597
1790420782.781865150,Phase1_Baseline,506
1790420782.866361776,Phase1_Baseline,506
1790420782.951748838,Phase1_Baseline,431
1790420783.034442266,Phase1_Baseline,253
1790420783.122205621,Phase1_Baseline,253
1790420783.197454379,Phase1_Baseline,162
1790420783.274769283,Phase1_Baseline,126
1790420783.356468681,Phase1_Baseline,127
1790420783.443119975,Phase1_Baseline,128
1790420783.529951765,Phase1_Baseline,130
1790420783.614531422,Phase1_Baseline,131
1790420783.714464280,Phase1_Baseline,132
1790420783.800881296,Phase1_Baseline,133
1790420783.883251006,Phase1_Baseline,135
1790420783.968772655,Phase1_Baseline,136
1790420784.050248636,Phase1_Baseline,137
1790420784.131343196,Phase1_Baseline,138
1790420784.196810049,Phase1_Baseline,139
1790420784.273477553,Phase1_Baseline,140
1790420784.351746740,Phase1_Baseline,141
1790420784.418075815,Phase1_Baseline,142
1790420784.481690505,Phase1_Baseline,143
1790420784.563471139,Phase1_Baseline,144
1790420784.631437214,Phase1_Baseline,145
1790420784.714106822,Phase1_Baseline,146
1790420784.792232493,Phase1_Baseline,147
1790420784.874298475,Phase1_Baseline,148
1790420784.938818566,Phase1_Baseline,149
1790420785.018603979,Phase1_Baseline,150
1790420785.106799513,Phase1_Baseline,151
1790420785.188395316,Phase1_Baseline,152
1790420785.267999568,Phase1_Baseline,154
1790420785.346208440,Phase1_Baseline,155
1790420785.425073361,Phase1_Baseline,156
1790420785.499009095,Phase1_Baseline,157
1790420785.582163874,Phase1_Baseline,158
1790420785.647215293,Phase1_Baseline,159
1790420785.728954901,Phase1_Baseline,160
1790420785.807009448,Phase1_Baseline,161
1790420785.885257326,Phase1_Baseline,162
1790420785.972235799,Phase1_Baseline,163
1790420786.051722628,Phase1_Baseline,164
1790420786.118851179,Phase1_Baseline,165
1790420786.185185906,Phase1_Baseline,166
1790420786.273124428,Phase1_Baseline,167
1790420786.355128252,Phase1_Baseline,168
1790420786.424114600,Phase1_Baseline,169
1790420786.505737143,Phase1_Baseline,171
1790420786.567568356,Phase1_Baseline,171
1790420786.633683560,Phase1_Baseline,172
1790420786.719737423,Phase1_Baseline,173
1790420786.799269011,Phase1_Baseline,175
1790420786.867695658,Phase1_Baseline,175
1790420786.944642518,Phase1_Baseline,176
1790420787.015076551,Phase1_Baseline,178
1790420787.102097465,Phase1_Baseline,179
1790420787.186289817,Phase1_Baseline,180
1790420787.269103470,Phase1_Baseline,181
1790420787.354942949,Phase1_Baseline,182
1790420787.437957980,Phase1_Baseline,183
1790420787.516342753,Phase1_Baseline,184
1790420787.600991993,Phase1_Baseline,186
1790420787.680476453,Phase1_Baseline,187
1790420787.771633698,Phase1_Baseline,188
1790420787.851981676,Phase1_Baseline,189
1790420787.925301910,Phase1_Baseline,190
1790420787.992780235,Phase1_Baseline,191
1790420788.064386021,Phase1_Baseline,192
1790420788.148999135,Phase1_Baseline,193
1790420788.232470195,Phase1_Baseline,194
1790420788.282533148,Phase1_Baseline,195
1790420788.341838512,Phase1_Baseline,196
1790420788.414447737,Phase1_Baseline,196
1790420788.466414859,Phase1_Baseline,197
1790420788.518444289,Phase1_Baseline,198
1790420788.588578851,Phase1_Baseline,199
1790420788.652717937,Phase1_Baseline,200
1790420788.742891172,Phase1_Baseline,201
1790420788.795274072,Phase1_Baseline,202
1790420788.862467977,Phase1_Baseline,203
1790420788.937328403,Phase1_Baseline,204
1790420789.020845414,Phase1_Baseline,205
1790420789.101577403,Phase1_Baseline,206
1790420789.183503924,Phase1_Baseline,207
1790420789.252279546,Phase1_Baseline,208
1790420789.314233045,Phase1_Baseline,209
1790420789.390263395,Phase1_Baseline,210
1790420789.463541512,Phase1_Baseline,211
1790420789.548000343,Phase1_Baseline,212
1790420789.637200303,Phase1_Baseline,213
1790420789.701358083,Phase1_Baseline,214
1790420789.781136033,Phase1_Baseline,215
1790420789.866715445,Phase1_Baseline,217
1790420789.949465546,Phase1_Baseline,218
1790420790.030907664,Phase1_Baseline,219
1790420790.109712803,Phase1_Baseline,220
1790420790.193046378,Phase1_Baseline,221
1790420790.263892702,Phase1_Baseline,222
1790420790.342214421,Phase1_Baseline,223
1790420790.427027986,Phase1_Baseline,224
1790420790.506926602,Phase1_Baseline,225
1790420790.586843274,Phase1_Baseline,226
1790420790.668801098,Phase1_Baseline,227
1790420790.749468740,Phase1_Baseline,229
1790420790.832793436,Phase1_Baseline,230
1790420790.907258900,Phase1_Baseline,231
1790420790.992080569,Phase1_Baseline,232
1790420791.078356010,Phase1_Baseline,233
1790420791.164734295,Phase1_Baseline,234
1790420791.244292631,Phase1_Baseline,235
1790420791.324978175,Phase1_Baseline,237
1790420791.405557077,Phase1_Baseline,238
1790420791.485381973,Phase1_Baseline,239
1790420791.573328893,Phase1_Baseline,240
1790420791.652641678,Phase1_Baseline,241
1790420791.732414573,Phase1_Baseline,242
1790420791.813492478,Phase1_Baseline,243
1790420791.897470430,Phase1_Baseline,244
1790420791.979786835,Phase1_Baseline,246
1790420792.057049538,Phase1_Baseline,247
1790420792.141518219,Phase1_Baseline,248
1790420792.226853654,Phase1_Baseline,249
1790420792.310540204,Phase1_Baseline,250
1790420792.379395606,Phase1_Baseline,251
1790420792.442317799,Phase1_Baseline,252
1790420792.525278048,Phase1_Baseline,253
1790420792.593349085,Phase1_Baseline,254
1790420792.673875986,Phase1_Baseline,255
1790420792.751826542,Phase1_Baseline,256
1790420792.840955715,Phase1_Baseline,257
1790420792.902321130,Phase1_Baseline,258
1790420792.980460091,Phase1_Baseline,259
1790420793.060282716,Phase1_Baseline,260
1790420793.140893781,Phase1_Baseline,261
1790420793.213738153,Phase1_Baseline,262
1790420793.299560586,Phase1_Baseline,263
1790420793.385805068,Phase1_Baseline,264
1790420793.470579304,Phase1_Baseline,266
1790420793.553734193,Phase1_Baseline,267
1790420793.636681879,Phase1_Baseline,268
1790420793.722683895,Phase1_Baseline,269
1790420793.804912135,Phase1_Baseline,270
1790420793.880368231,Phase1_Baseline,271
1790420793.960110479,Phase1_Baseline,272
1790420794.055106066,Phase1_Baseline,273
1790420794.148243101,Phase1_Baseline,275
1790420794.228161846,Phase1_Baseline,276
1790420794.312325718,Phase1_Baseline,277
1790420794.393702099,Phase1_Baseline,278
1790420794.482950473,Phase1_Baseline,279
1790420794.576100744,Phase1_Baseline,280
1790420794.651975018,Phase1_Baseline,281
1790420794.731844773,Phase1_Baseline,282
1790420794.815542476,Phase1_Baseline,283
1790420794.897763700,Phase1_Baseline,284
1790420796.163456181,Phase2_Migrated,10
1790420796.255712783,Phase2_Migrated,10
1790420796.341473471,Phase2_Migrated,6
1790420796.414987838,Phase2_Migrated,26
1790420796.509231158,Phase2_Migrated,72
1790420796.602935382,Phase2_Migrated,156
1790420796.693473630,Phase2_Migrated,354
1790420796.786993349,Phase2_Migrated,700
1790420796.878383765,Phase2_Migrated,904
1790420796.963241855,Phase2_Migrated,726
1790420797.047005396,Phase2_Migrated,535
1790420797.139474103,Phase2_Migrated,491
1790420797.229990815,Phase2_Migrated,466
1790420797.320999953,Phase2_Migrated,245
1790420797.406982989,Phase2_Migrated,245
1790420797.498377891,Phase2_Migrated,122
1790420797.588335899,Phase2_Migrated,122
1790420797.682639989,Phase2_Migrated,61
1790420797.782404991,Phase2_Migrated,61
1790420797.876302218,Phase2_Migrated,61
1790420797.970975567,Phase2_Migrated,62
1790420798.058946770,Phase2_Migrated,63
1790420798.135860664,Phase2_Migrated,64
1790420798.228282436,Phase2_Migrated,66
1790420798.284009709,Phase2_Migrated,67
1790420798.371076819,Phase2_Migrated,68
1790420798.432349662,Phase2_Migrated,68
1790420798.492943992,Phase2_Migrated,69
1790420798.554299040,Phase2_Migrated,70
1790420798.628095228,Phase2_Migrated,71
1790420798.702120505,Phase2_Migrated,72
1790420798.767509822,Phase2_Migrated,73
1790420798.847477694,Phase2_Migrated,74
1790420798.942326639,Phase2_Migrated,75
1790420799.028359873,Phase2_Migrated,77
1790420799.108403957,Phase2_Migrated,78
1790420799.184224951,Phase2_Migrated,79
1790420799.265692289,Phase2_Migrated,80
1790420799.357880553,Phase2_Migrated,81
1790420799.448323524,Phase2_Migrated,83
1790420799.544133066,Phase2_Migrated,84
1790420799.637415747,Phase2_Migrated,85
1790420799.731307152,Phase2_Migrated,86
1790420799.807043502,Phase2_Migrated,88
1790420799.895413778,Phase2_Migrated,89
1790420799.990826655,Phase2_Migrated,90
1790420800.078980938,Phase2_Migrated,91
1790420800.163037076,Phase2_Migrated,92
1790420800.249630705,Phase2_Migrated,94
1790420800.346400461,Phase2_Migrated,95
1790420800.445479010,Phase2_Migrated,96
1790420800.537319340,Phase2_Migrated,97
1790420800.630733743,Phase2_Migrated,99
1790420800.725795787,Phase2_Migrated,100
1790420800.821429630,Phase2_Migrated,102
1790420800.925182057,Phase2_Migrated,103
1790420801.016433309,Phase2_Migrated,104
1790420801.110224810,Phase2_Migrated,106
1790420801.215191589,Phase2_Migrated,107
1790420801.306757101,Phase2_Migrated,108
1790420801.382757812,Phase2_Migrated,109
1790420801.481873052,Phase2_Migrated,111
1790420801.578187503,Phase2_Migrated,112
1790420801.673105916,Phase2_Migrated,113
1790420801.770969202,Phase2_Migrated,115
1790420801.864963616,Phase2_Migrated,116
1790420801.961638136,Phase2_Migrated,117
1790420802.047900571,Phase2_Migrated,118
1790420802.139966823,Phase2_Migrated,120
1790420802.233154659,Phase2_Migrated,121
1790420802.327350444,Phase2_Migrated,122
1790420802.424834677,Phase2_Migrated,124
1790420802.522579113,Phase2_Migrated,125
1790420802.583816674,Phase2_Migrated,126
1790420802.643362063,Phase2_Migrated,127
1790420802.712155139,Phase2_Migrated,128
1790420802.807393660,Phase2_Migrated,129
1790420802.900186311,Phase2_Migrated,131
1790420802.995563064,Phase2_Migrated,132
1790420803.093696677,Phase2_Migrated,133
1790420803.196847787,Phase2_Migrated,135
1790420803.299553460,Phase2_Migrated,136
1790420803.390511542,Phase2_Migrated,137
1790420803.482731777,Phase2_Migrated,139
1790420803.573976222,Phase2_Migrated,140
1790420803.667922249,Phase2_Migrated,141
1790420803.760815096,Phase2_Migrated,142
1790420803.854181577,Phase2_Migrated,144
1790420803.944564388,Phase2_Migrated,145
1790420804.042137002,Phase2_Migrated,146
1790420804.137196586,Phase2_Migrated,148
1790420804.229899376,Phase2_Migrated,149
1790420804.326043590,Phase2_Migrated,150
1790420804.423238312,Phase2_Migrated,151
1790420804.514436990,Phase2_Migrated,153
1790420804.598255987,Phase2_Migrated,154
1790420804.687786918,Phase2_Migrated,155
1790420804.774846422,Phase2_Migrated,156
1790420804.873110513,Phase2_Migrated,158
1790420804.960729930,Phase2_Migrated,159
1790420805.046770619,Phase2_Migrated,160
1790420805.141732780,Phase2_Migrated,161
1790420805.234356869,Phase2_Migrated,162
1790420805.327941158,Phase2_Migrated,164
1790420805.420155984,Phase2_Migrated,165
1790420805.503880801,Phase2_Migrated,166
1790420805.597409201,Phase2_Migrated,168
1790420805.692812952,Phase2_Migrated,169
1790420805.793268102,Phase2_Migrated,170
1790420805.888575741,Phase2_Migrated,171
1790420805.985207566,Phase2_Migrated,173
1790420806.083312466,Phase2_Migrated,174
1790420806.181551313,Phase2_Migrated,175
1790420806.272109344,Phase2_Migrated,177
1790420806.348259330,Phase2_Migrated,178
1790420806.440558527,Phase2_Migrated,179
1790420806.531434438,Phase2_Migrated,180
1790420806.627769462,Phase2_Migrated,181
1790420806.723837155,Phase2_Migrated,183
1790420806.818148691,Phase2_Migrated,184
1790420806.915527058,Phase2_Migrated,185
1790420806.993763592,Phase2_Migrated,186
1790420807.064970797,Phase2_Migrated,188
1790420807.143203351,Phase2_Migrated,189
1790420807.235015719,Phase2_Migrated,190
1790420807.321109584,Phase2_Migrated,191
1790420807.375728299,Phase2_Migrated,192
1790420807.453325542,Phase2_Migrated,193
1790420807.521410765,Phase2_Migrated,194
1790420807.601333681,Phase2_Migrated,195
1790420807.695206926,Phase2_Migrated,196
1790420807.787893176,Phase2_Migrated,197
1790420807.881164072,Phase2_Migrated,199
1790420807.978826928,Phase2_Migrated,200
1790420808.071112043,Phase2_Migrated,201
1790420808.165465239,Phase2_Migrated,203
1790420808.257208360,Phase2_Migrated,204
1790420808.345800983,Phase2_Migrated,205
1790420808.431664672,Phase2_Migrated,206
1790420808.487013183,Phase2_Migrated,207
1790420808.545611590,Phase2_Migrated,208
1790420808.628329122,Phase2_Migrated,209
1790420808.714705642,Phase2_Migrated,210
1790420808.801833285,Phase2_Migrated,211
1790420808.893129390,Phase2_Migrated,213
1790420808.996537637,Phase2_Migrated,214
1790420809.066535767,Phase2_Migrated,215
1790420809.145114658,Phase2_Migrated,216
1790420809.234624103,Phase2_Migrated,217
1790420809.310580933,Phase2_Migrated,218
1790420809.373000604,Phase2_Migrated,219
1790420809.449470935,Phase2_Migrated,220
1790420809.534798857,Phase2_Migrated,222
1790420809.624153318,Phase2_Migrated,223
1790420809.717324232,Phase2_Migrated,224
1790420809.806984331,Phase2_Migrated,225
1790420809.898924143,Phase2_Migrated,226
1790420809.978895062,Phase2_Migrated,228
1790420810.066903016,Phase2_Migrated,229
1790420810.155720661,Phase2_Migrated,230
1790420810.248089861,Phase2_Migrated,231
1790420810.337408218,Phase2_Migrated,233
1790420810.436698175,Phase2_Migrated,234
1790420810.529400900,Phase2_Migrated,235
1790420810.622195769,Phase2_Migrated,236
1790420810.715001116,Phase2_Migrated,238
1790420810.813957893,Phase2_Migrated,239
1790420810.907588744,Phase2_Migrated,240
1790420810.984230244,Phase2_Migrated,242
1790420811.082859315,Phase2_Migrated,243
1790420811.175042000,Phase2_Migrated,244
1790420811.267801735,Phase2_Migrated,245
1790420811.362189731,Phase2_Migrated,247
1790420811.456770286,Phase2_Migrated,248
1790420811.549788109,Phase2_Migrated,249
1790420811.629557782,Phase2_Migrated,250
1790420811.725896198,Phase2_Migrated,252
1790420811.818310143,Phase2_Migrated,253
1790420811.906083308,Phase2_Migrated,254
1790420813.159037422,Uninterrupted_Baseline,1
1790420813.241149885,Uninterrupted_Baseline,1
1790420813.319838777,Uninterrupted_Baseline,1
1790420814.477414296,Uninterrupted_Baseline,10
1790420814.559163209,Uninterrupted_Baseline,17
1790420814.641068310,Uninterrupted_Baseline,32
1790420814.722727689,Uninterrupted_Baseline,67
1790420814.805393335,Uninterrupted_Baseline,152
1790420814.885972998,Uninterrupted_Baseline,351
1790420814.970305444,Uninterrupted_Baseline,584
1790420815.053091472,Uninterrupted_Baseline,955
1790420815.136587039,Uninterrupted_Baseline,959
1790420815.220182322,Uninterrupted_Baseline,771
1790420815.302112917,Uninterrupted_Baseline,576
1790420815.386447472,Uninterrupted_Baseline,540
1790420815.471076605,Uninterrupted_Baseline,540
1790420815.566875871,Uninterrupted_Baseline,540
1790420815.621324406,Uninterrupted_Baseline,540
1790420815.694166146,Uninterrupted_Baseline,540
1790420815.777092751,Uninterrupted_Baseline,18
1790420815.864913722,Uninterrupted_Baseline,20
1790420815.947224245,Uninterrupted_Baseline,270
1790420816.029514335,Uninterrupted_Baseline,271
1790420816.114349175,Uninterrupted_Baseline,272
1790420816.192254229,Uninterrupted_Baseline,273
1790420816.270564231,Uninterrupted_Baseline,274
1790420816.348261426,Uninterrupted_Baseline,275
1790420816.418626340,Uninterrupted_Baseline,276
1790420816.481314154,Uninterrupted_Baseline,276
1790420816.563624514,Uninterrupted_Baseline,277
1790420816.650239098,Uninterrupted_Baseline,279
1790420816.729803338,Uninterrupted_Baseline,280
1790420816.801808909,Uninterrupted_Baseline,281
1790420816.876773588,Uninterrupted_Baseline,282
1790420816.964987689,Uninterrupted_Baseline,283
1790420817.033690940,Uninterrupted_Baseline,284
1790420817.113964804,Uninterrupted_Baseline,285
1790420817.191899038,Uninterrupted_Baseline,286
1790420817.272020441,Uninterrupted_Baseline,287
1790420817.350335589,Uninterrupted_Baseline,288
1790420817.435875362,Uninterrupted_Baseline,289
1790420817.517584376,Uninterrupted_Baseline,290
1790420817.605406070,Uninterrupted_Baseline,291
1790420817.687021043,Uninterrupted_Baseline,292
1790420817.772213661,Uninterrupted_Baseline,294
1790420817.848526462,Uninterrupted_Baseline,295
1790420817.909928437,Uninterrupted_Baseline,295
1790420817.991072400,Uninterrupted_Baseline,296
1790420818.062506423,Uninterrupted_Baseline,297
1790420818.121201887,Uninterrupted_Baseline,298
1790420818.183917011,Uninterrupted_Baseline,299
1790420818.258094676,Uninterrupted_Baseline,300
1790420818.313132860,Uninterrupted_Baseline,301
1790420818.387289971,Uninterrupted_Baseline,302
1790420818.436912896,Uninterrupted_Baseline,302
1790420818.487156578,Uninterrupted_Baseline,303
1790420818.552704450,Uninterrupted_Baseline,304
1790420818.613928952,Uninterrupted_Baseline,305
1790420818.697876013,Uninterrupted_Baseline,306
1790420818.784250806,Uninterrupted_Baseline,307
1790420818.866571390,Uninterrupted_Baseline,308
1790420818.934336601,Uninterrupted_Baseline,309
1790420819.011777862,Uninterrupted_Baseline,310
1790420819.091059584,Uninterrupted_Baseline,311
1790420819.151983002,Uninterrupted_Baseline,312
1790420819.230539264,Uninterrupted_Baseline,313
1790420819.313708102,Uninterrupted_Baseline,314
1790420819.398012426,Uninterrupted_Baseline,315
1790420819.480169960,Uninterrupted_Baseline,316
1790420819.562639975,Uninterrupted_Baseline,317
1790420819.645559011,Uninterrupted_Baseline,318
1790420819.727881981,Uninterrupted_Baseline,319
1790420819.792391009,Uninterrupted_Baseline,320
1790420819.862302107,Uninterrupted_Baseline,321
1790420819.948035652,Uninterrupted_Baseline,322
1790420820.030198165,Uninterrupted_Baseline,323
1790420820.108677231,Uninterrupted_Baseline,324
1790420820.190752183,Uninterrupted_Baseline,325
1790420820.258999444,Uninterrupted_Baseline,326
1790420820.338258122,Uninterrupted_Baseline,327
1790420820.420043737,Uninterrupted_Baseline,328
1790420820.501415131,Uninterrupted_Baseline,329
1790420820.587422447,Uninterrupted_Baseline,330
1790420820.672567011,Uninterrupted_Baseline,331
1790420820.755390586,Uninterrupted_Baseline,332
1790420820.842875268,Uninterrupted_Baseline,333
1790420820.919190416,Uninterrupted_Baseline,334
1790420820.999191481,Uninterrupted_Baseline,335
1790420821.085022553,Uninterrupted_Baseline,336
1790420821.152049867,Uninterrupted_Baseline,337
1790420821.230418886,Uninterrupted_Baseline,338
1790420821.301526447,Uninterrupted_Baseline,197
1790420821.371031346,Uninterrupted_Baseline,169
1790420821.456226481,Uninterrupted_Baseline,170
1790420821.539108690,Uninterrupted_Baseline,171
1790420821.621174796,Uninterrupted_Baseline,173
1790420821.703961540,Uninterrupted_Baseline,174
1790420821.789202085,Uninterrupted_Baseline,175
1790420821.874031860,Uninterrupted_Baseline,176
1790420821.958399885,Uninterrupted_Baseline,177
1790420822.029141572,Uninterrupted_Baseline,178
1790420822.114883786,Uninterrupted_Baseline,179
1790420822.197304117,Uninterrupted_Baseline,181
1790420822.278549100,Uninterrupted_Baseline,182
1790420822.361643543,Uninterrupted_Baseline,183
1790420822.438187343,Uninterrupted_Baseline,184
1790420822.521096385,Uninterrupted_Baseline,185
1790420822.601526100,Uninterrupted_Baseline,186
1790420822.689140008,Uninterrupted_Baseline,187
1790420822.772406927,Uninterrupted_Baseline,188
1790420822.857904973,Uninterrupted_Baseline,190
1790420822.939258188,Uninterrupted_Baseline,191
1790420823.021714236,Uninterrupted_Baseline,192
1790420823.102997403,Uninterrupted_Baseline,193
1790420823.184382107,Uninterrupted_Baseline,194
1790420823.269231822,Uninterrupted_Baseline,195
1790420823.352221643,Uninterrupted_Baseline,196
1790420823.435472244,Uninterrupted_Baseline,198
1790420823.518901433,Uninterrupted_Baseline,199
1790420823.601264898,Uninterrupted_Baseline,200
1790420823.682003226,Uninterrupted_Baseline,201
1790420823.767560628,Uninterrupted_Baseline,202
1790420823.849746382,Uninterrupted_Baseline,203
1790420823.927874465,Uninterrupted_Baseline,204
1790420824.009719474,Uninterrupted_Baseline,205
1790420824.095012829,Uninterrupted_Baseline,207
1790420824.182126532,Uninterrupted_Baseline,208
1790420824.264583683,Uninterrupted_Baseline,209
1790420824.348927317,Uninterrupted_Baseline,210
1790420824.431950784,Uninterrupted_Baseline,211
1790420824.524742035,Uninterrupted_Baseline,213
1790420824.610402198,Uninterrupted_Baseline,214
1790420824.695033841,Uninterrupted_Baseline,215
1790420824.778376370,Uninterrupted_Baseline,216
1790420824.856135878,Uninterrupted_Baseline,217
1790420824.929138398,Uninterrupted_Baseline,218
1790420825.008900172,Uninterrupted_Baseline,219
1790420825.083213731,Uninterrupted_Baseline,220
1790420825.161303482,Uninterrupted_Baseline,221
1790420825.247274124,Uninterrupted_Baseline,222
1790420825.332863331,Uninterrupted_Baseline,223
1790420825.409790425,Uninterrupted_Baseline,224
1790420825.490865174,Uninterrupted_Baseline,226
1790420825.567780581,Uninterrupted_Baseline,227
1790420825.657860620,Uninterrupted_Baseline,228
1790420825.749540740,Uninterrupted_Baseline,229
1790420825.841116177,Uninterrupted_Baseline,231
1790420825.927543455,Uninterrupted_Baseline,232
1790420826.009195611,Uninterrupted_Baseline,233
1790420826.097410795,Uninterrupted_Baseline,234
1790420826.184093649,Uninterrupted_Baseline,235
1790420826.254313323,Uninterrupted_Baseline,236
1790420826.319829706,Uninterrupted_Baseline,237
1790420826.401024112,Uninterrupted_Baseline,238
1790420826.483569186,Uninterrupted_Baseline,239
1790420826.568952189,Uninterrupted_Baseline,241
1790420826.650495699,Uninterrupted_Baseline,242
1790420826.718816454,Uninterrupted_Baseline,243
1790420826.789438060,Uninterrupted_Baseline,244
1790420826.844384838,Uninterrupted_Baseline,244
1790420826.926848367,Uninterrupted_Baseline,246
1790420827.009456770,Uninterrupted_Baseline,247
1790420827.095522073,Uninterrupted_Baseline,248
1790420827.173215125,Uninterrupted_Baseline,249
1790420827.240073813,Uninterrupted_Baseline,250
1790420827.321396851,Uninterrupted_Baseline,251
1790420827.404441386,Uninterrupted_Baseline,252
1790420827.479031845,Uninterrupted_Baseline,253
1790420827.562261953,Uninterrupted_Baseline,254
1790420827.647109643,Uninterrupted_Baseline,255
1790420827.730556400,Uninterrupted_Baseline,257
1790420827.812776342,Uninterrupted_Baseline,258
1790420827.895409950,Uninterrupted_Baseline,259
1790420827.980587829,Uninterrupted_Baseline,260
1790420828.060924359,Uninterrupted_Baseline,261
1790420828.122507279,Uninterrupted_Baseline,262
1790420828.196029023,Uninterrupted_Baseline,263
1790420828.274416844,Uninterrupted_Baseline,264
1790420828.337254670,Uninterrupted_Baseline,265
1790420828.414690897,Uninterrupted_Baseline,266
1790420828.464171258,Uninterrupted_Baseline,266
1790420828.521641555,Uninterrupted_Baseline,267
1790420828.580750826,Uninterrupted_Baseline,268
1790420828.654314337,Uninterrupted_Baseline,269
1790420828.734378800,Uninterrupted_Baseline,270
1790420828.810429914,Uninterrupted_Baseline,271
1790420828.875700703,Uninterrupted_Baseline,272
1790420828.949359764,Uninterrupted_Baseline,273
1790420829.034845425,Uninterrupted_Baseline,274
1790420829.128284108,Uninterrupted_Baseline,275
1790420829.190923080,Uninterrupted_Baseline,276
1790420829.258812079,Uninterrupted_Baseline,277
1790420829.344191771,Uninterrupted_Baseline,278
1790420829.427146641,Uninterrupted_Baseline,279
1790420829.511851266,Uninterrupted_Baseline,280
1790420829.594763580,Uninterrupted_Baseline,281
1790420829.675337551,Uninterrupted_Baseline,283
1790420829.757361538,Uninterrupted_Baseline,283
1790420829.835247448,Uninterrupted_Baseline,285
1790420829.916204118,Uninterrupted_Baseline,286
1790420830.004965073,Uninterrupted_Baseline,287
1790420830.087215636,Uninterrupted_Baseline,288
1790420830.170956345,Uninterrupted_Baseline,289
1790420830.252939067,Uninterrupted_Baseline,290
1790420830.335563156,Uninterrupted_Baseline,291
1790420830.410590689,Uninterrupted_Baseline,292
1790420830.494969400,Uninterrupted_Baseline,293
1790420830.571790492,Uninterrupted_Baseline,294
1790420830.652752893,Uninterrupted_Baseline,295
1790420830.737983183,Uninterrupted_Baseline,297
1790420830.822703202,Uninterrupted_Baseline,298
1790420830.911460697,Uninterrupted_Baseline,299
1790420830.995479258,Uninterrupted_Baseline,300
1790420831.070739186,Uninterrupted_Baseline,301
1790420831.154187557,Uninterrupted_Baseline,302
1790420831.233731921,Uninterrupted_Baseline,303
1790420831.297405069,Uninterrupted_Baseline,304
1790420831.380739263,Uninterrupted_Baseline,305
1790420831.460092922,Uninterrupted_Baseline,306
1790420831.541173620,Uninterrupted_Baseline,307
1790420831.627434083,Uninterrupted_Baseline,308
1790420831.708366919,Uninterrupted_Baseline,309
1790420831.793082197,Uninterrupted_Baseline,310
1790420831.875140649,Uninterrupted_Baseline,311
1790420831.958293777,Uninterrupted_Baseline,312
1790420832.045505237,Uninterrupted_Baseline,313
1790420832.127958216,Uninterrupted_Baseline,314
1790420832.210678270,Uninterrupted_Baseline,315
1790420832.291488449,Uninterrupted_Baseline,316
1790420832.373399499,Uninterrupted_Baseline,318
1790420832.459068002,Uninterrupted_Baseline,319
1790420832.547534468,Uninterrupted_Baseline,320
1790420832.630992940,Uninterrupted_Baseline,321
1790420832.714399610,Uninterrupted_Baseline,322
1790420832.802482553,Uninterrupted_Baseline,323
1790420832.889229013,Uninterrupted_Baseline,324
1790420832.974123628,Uninterrupted_Baseline,325
1790420833.056267067,Uninterrupted_Baseline,326
1790420833.138576440,Uninterrupted_Baseline,327
1790420833.223758128,Uninterrupted_Baseline,328
1790420833.308333596,Uninterrupted_Baseline,278
1790420833.389575038,Uninterrupted_Baseline,164
1790420833.472584263,Uninterrupted_Baseline,164
1790420833.550929615,Uninterrupted_Baseline,111
1790420833.630552096,Uninterrupted_Baseline,82
1790420833.712704210,Uninterrupted_Baseline,83
1790420833.797029914,Uninterrupted_Baseline,84
1790420833.880143225,Uninterrupted_Baseline,85
1790420833.961546867,Uninterrupted_Baseline,87
1790420834.047829526,Uninterrupted_Baseline,88
1790420834.129312181,Uninterrupted_Baseline,89
1790420834.210037684,Uninterrupted_Baseline,90
1790420834.291925209,Uninterrupted_Baseline,92
1790420834.374730124,Uninterrupted_Baseline,93
1790420834.455351117,Uninterrupted_Baseline,94
1790420834.539630015,Uninterrupted_Baseline,95
1790420834.624284583,Uninterrupted_Baseline,96
1790420834.706574248,Uninterrupted_Baseline,97
1790420834.788480503,Uninterrupted_Baseline,98
1790420834.866103136,Uninterrupted_Baseline,99
1790420834.954576948,Uninterrupted_Baseline,101
1790420835.010204846,Uninterrupted_Baseline,101
1790420835.079256323,Uninterrupted_Baseline,102
1790420835.160265607,Uninterrupted_Baseline,104
1790420835.242254328,Uninterrupted_Baseline,105
1790420835.322997075,Uninterrupted_Baseline,106
1790420835.405396735,Uninterrupted_Baseline,107
1790420835.485980997,Uninterrupted_Baseline,108
1790420835.568242782,Uninterrupted_Baseline,109
1790420835.654210603,Uninterrupted_Baseline,111
1790420835.737025647,Uninterrupted_Baseline,112
1790420835.819402332,Uninterrupted_Baseline,113
1790420835.902084605,Uninterrupted_Baseline,114
1790420835.985078261,Uninterrupted_Baseline,115
1790420836.075469727,Uninterrupted_Baseline,117
1790420836.157820717,Uninterrupted_Baseline,118
1790420836.241116957,Uninterrupted_Baseline,119
1790420836.317013583,Uninterrupted_Baseline,120
1790420836.381531465,Uninterrupted_Baseline,121
1790420836.464057706,Uninterrupted_Baseline,122
1790420836.545388505,Uninterrupted_Baseline,123
1790420836.631415678,Uninterrupted_Baseline,124
1790420836.699777000,Uninterrupted_Baseline,125
1790420836.772021302,Uninterrupted_Baseline,126
1790420836.849624482,Uninterrupted_Baseline,127
1790420848.027159295,Phase1_Baseline,10
1790420848.084031921,Phase1_Baseline,10
1790420848.160695347,Phase1_Baseline,14
1790420848.241845180,Phase1_Baseline,24
1790420848.301018440,Phase1_Baseline,46
1790420848.360820381,Phase1_Baseline,58
1790420848.422100439,Phase1_Baseline,103
1790420848.474831172,Phase1_Baseline,140
1790420848.527882331,Phase1_Baseline,202
1790420848.580594989,Phase1_Baseline,317
1790420848.637645206,Phase1_Baseline,620
1790420848.708733487,Phase1_Baseline,665
1790420848.781815328,Phase1_Baseline,698
1790420848.860460605,Phase1_Baseline,513
1790420848.942232979,Phase1_Baseline,513
1790420849.023161724,Phase1_Baseline,513
1790420849.103708808,Phase1_Baseline,424
1790420849.163316623,Phase1_Baseline,273
1790420849.225758348,Phase1_Baseline,256
1790420849.301292587,Phase1_Baseline,256
1790420849.385554885,Phase1_Baseline,128
1790420849.469991788,Phase1_Baseline,128
1790420849.552504238,Phase1_Baseline,64
1790420849.632040899,Phase1_Baseline,64
1790420849.719638121,Phase1_Baseline,66
1790420849.792881155,Phase1_Baseline,67
1790420849.875275159,Phase1_Baseline,68
1790420849.956840965,Phase1_Baseline,69
1790420850.040219951,Phase1_Baseline,70
1790420850.127641672,Phase1_Baseline,71
1790420850.210547988,Phase1_Baseline,72
1790420850.284191412,Phase1_Baseline,73
1790420850.362432657,Phase1_Baseline,75
1790420850.444191040,Phase1_Baseline,76
1790420850.528372578,Phase1_Baseline,77
1790420850.609165302,Phase1_Baseline,78
1790420850.690740813,Phase1_Baseline,79
1790420850.774244139,Phase1_Baseline,80
1790420850.860553419,Phase1_Baseline,81
1790420850.944678966,Phase1_Baseline,83
1790420851.028326954,Phase1_Baseline,84
1790420851.111877501,Phase1_Baseline,85
1790420851.191693875,Phase1_Baseline,86
1790420851.275812662,Phase1_Baseline,87
1790420851.356707049,Phase1_Baseline,88
1790420851.437716204,Phase1_Baseline,89
1790420851.520864476,Phase1_Baseline,91
1790420851.596814176,Phase1_Baseline,92
1790420851.680321118,Phase1_Baseline,93
1790420851.763279309,Phase1_Baseline,94
1790420851.844384669,Phase1_Baseline,95
1790420851.922926130,Phase1_Baseline,96
1790420852.003457707,Phase1_Baseline,97
1790420852.077683145,Phase1_Baseline,99
1790420852.159521593,Phase1_Baseline,100
1790420852.234576395,Phase1_Baseline,101
1790420852.310496749,Phase1_Baseline,102
1790420852.388043250,Phase1_Baseline,103
1790420852.472181377,Phase1_Baseline,104
1790420852.557824364,Phase1_Baseline,105
1790420852.641450138,Phase1_Baseline,107
1790420852.725512355,Phase1_Baseline,108
1790420852.806408655,Phase1_Baseline,109
1790420852.888016037,Phase1_Baseline,110
1790420852.970398026,Phase1_Baseline,111
1790420853.056100940,Phase1_Baseline,112
1790420853.135759717,Phase1_Baseline,113
1790420853.215043915,Phase1_Baseline,115
1790420853.298171833,Phase1_Baseline,116
1790420853.380606930,Phase1_Baseline,117
1790420853.455861761,Phase1_Baseline,118
1790420853.539057699,Phase1_Baseline,119
1790420853.616683151,Phase1_Baseline,120
1790420853.698341358,Phase1_Baseline,121
1790420853.783392951,Phase1_Baseline,122
1790420853.849308665,Phase1_Baseline,123
1790420853.930316078,Phase1_Baseline,124
1790420854.014586904,Phase1_Baseline,125
1790420854.096067850,Phase1_Baseline,127
1790420854.177288642,Phase1_Baseline,128
1790420854.261408196,Phase1_Baseline,129
1790420854.343050502,Phase1_Baseline,130
1790420854.427988168,Phase1_Baseline,131
1790420854.515773753,Phase1_Baseline,133
1790420854.598360515,Phase1_Baseline,134
1790420854.686035049,Phase1_Baseline,135
1790420854.767737087,Phase1_Baseline,136
1790420854.844917623,Phase1_Baseline,137
1790420854.927575897,Phase1_Baseline,138
1790420854.991134713,Phase1_Baseline,139
1790420855.044467508,Phase1_Baseline,140
1790420855.110592261,Phase1_Baseline,141
1790420855.190606912,Phase1_Baseline,142
1790420855.270275589,Phase1_Baseline,143
1790420855.352230949,Phase1_Baseline,144
1790420855.444301877,Phase1_Baseline,145
1790420855.514113381,Phase1_Baseline,146
1790420855.587083300,Phase1_Baseline,147
1790420855.667212297,Phase1_Baseline,148
1790420855.734722801,Phase1_Baseline,149
1790420855.816894099,Phase1_Baseline,150
1790420855.900739249,Phase1_Baseline,152
1790420855.982090517,Phase1_Baseline,153
1790420856.062485364,Phase1_Baseline,154
1790420856.136820991,Phase1_Baseline,155
1790420856.212699790,Phase1_Baseline,156
1790420856.294406726,Phase1_Baseline,157
1790420856.371719250,Phase1_Baseline,158
1790420856.455138997,Phase1_Baseline,159
1790420856.537702957,Phase1_Baseline,160
1790420856.613150459,Phase1_Baseline,161
1790420856.695347786,Phase1_Baseline,162
1790420856.783528465,Phase1_Baseline,164
1790420856.868070506,Phase1_Baseline,165
1790420856.945442054,Phase1_Baseline,166
1790420857.022781063,Phase1_Baseline,167
1790420857.107494778,Phase1_Baseline,168
1790420857.189735729,Phase1_Baseline,169
1790420857.267789512,Phase1_Baseline,170
1790420857.352058750,Phase1_Baseline,171
1790420857.435559187,Phase1_Baseline,172
1790420857.520778156,Phase1_Baseline,173
1790420857.603126069,Phase1_Baseline,175
1790420857.683491810,Phase1_Baseline,176
1790420857.765161027,Phase1_Baseline,177
1790420857.848713054,Phase1_Baseline,178
1790420857.928152663,Phase1_Baseline,179
1790420858.014510176,Phase1_Baseline,180
1790420858.088541434,Phase1_Baseline,181
1790420858.176932764,Phase1_Baseline,183
1790420858.259781572,Phase1_Baseline,184
1790420858.323110112,Phase1_Baseline,185
1790420858.403092891,Phase1_Baseline,186
1790420858.461857021,Phase1_Baseline,186
1790420858.512899805,Phase1_Baseline,187
1790420858.574494695,Phase1_Baseline,188
1790420858.630063823,Phase1_Baseline,189
1790420858.693256844,Phase1_Baseline,190
1790420858.768092326,Phase1_Baseline,191
1790420858.844777323,Phase1_Baseline,192
1790420858.928681244,Phase1_Baseline,193
1790420858.990141302,Phase1_Baseline,194
1790420859.073815654,Phase1_Baseline,195
1790420859.155054133,Phase1_Baseline,196
1790420859.212000026,Phase1_Baseline,196
1790420859.270175544,Phase1_Baseline,197
1790420859.341675360,Phase1_Baseline,198
1790420859.418159823,Phase1_Baseline,199
1790420859.499497678,Phase1_Baseline,200
1790420859.578282907,Phase1_Baseline,202
1790420859.662392938,Phase1_Baseline,203
1790420859.742133966,Phase1_Baseline,204
1790420859.822022848,Phase1_Baseline,205
1790420859.902537122,Phase1_Baseline,206
1790420859.979331991,Phase1_Baseline,207
1790420860.065389488,Phase1_Baseline,208
1790420860.132400406,Phase1_Baseline,209
1790420860.202156588,Phase1_Baseline,210
1790420860.277150983,Phase1_Baseline,211
1790420860.357118693,Phase1_Baseline,212
1790420860.433098624,Phase1_Baseline,213
1790420860.514379747,Phase1_Baseline,215
1790420860.597205886,Phase1_Baseline,216
1790420860.670867984,Phase1_Baseline,217
1790420860.761101662,Phase1_Baseline,218
1790420860.838776255,Phase1_Baseline,219
1790420860.903917315,Phase1_Baseline,220
1790420860.987320464,Phase1_Baseline,221
1790420861.059220422,Phase1_Baseline,222
1790420861.147277030,Phase1_Baseline,223
1790420861.228230477,Phase1_Baseline,224
1790420861.302505705,Phase1_Baseline,225
1790420861.357164933,Phase1_Baseline,226
1790420861.432598961,Phase1_Baseline,227
1790420861.514855181,Phase1_Baseline,228
1790420861.593955017,Phase1_Baseline,229
1790420861.679944432,Phase1_Baseline,231
1790420861.763946790,Phase1_Baseline,232
1790420861.849061668,Phase1_Baseline,233
1790420861.934322271,Phase1_Baseline,234
1790420862.021415143,Phase1_Baseline,235
1790420862.105485750,Phase1_Baseline,236
1790420862.184279459,Phase1_Baseline,237
1790420862.264533592,Phase1_Baseline,238
1790420862.342951017,Phase1_Baseline,240
1790420862.422464323,Phase1_Baseline,241
1790420862.501115825,Phase1_Baseline,242
1790420862.576885028,Phase1_Baseline,243
1790420862.656988979,Phase1_Baseline,244
1790420862.739062917,Phase1_Baseline,245
1790420862.819308569,Phase1_Baseline,246
1790420862.898037869,Phase1_Baseline,247
1790420862.976579513,Phase1_Baseline,248
1790420863.056178294,Phase1_Baseline,249
1790420863.128495373,Phase1_Baseline,250
1790420863.211919058,Phase1_Baseline,251
1790420863.297278852,Phase1_Baseline,252
1790420863.375355429,Phase1_Baseline,254
1790420863.458267650,Phase1_Baseline,255
1790420863.537012866,Phase1_Baseline,256
1790420863.621590273,Phase1_Baseline,257
1790420863.708057891,Phase1_Baseline,258
1790420863.788803874,Phase1_Baseline,259
1790420863.872889626,Phase1_Baseline,260
1790420863.954548460,Phase1_Baseline,261
1790420864.033524384,Phase1_Baseline,262
1790420864.095869805,Phase1_Baseline,263
1790420865.445111878,Phase2_Migrated,10
1790420865.543909984,Phase2_Migrated,13
1790420865.642390297,Phase2_Migrated,35
1790420865.734561470,Phase2_Migrated,90
1790420865.826964551,Phase2_Migrated,194
1790420865.912012733,Phase2_Migrated,454
1790420866.003819420,Phase2_Migrated,845
1790420866.097795008,Phase2_Migrated,671
1790420866.190680467,Phase2_Migrated,481
1790420866.287041024,Phase2_Migrated,437
1790420866.384533587,Phase2_Migrated,335
1790420866.476065015,Phase2_Migrated,218
1790420866.566356065,Phase2_Migrated,178
1790420866.656153695,Phase2_Migrated,109
1790420866.745712461,Phase2_Migrated,109
1790420866.838689154,Phase2_Migrated,111
1790420866.934339124,Phase2_Migrated,112
1790420867.028929726,Phase2_Migrated,113
1790420867.111422258,Phase2_Migrated,114
1790420867.181094479,Phase2_Migrated,115
1790420867.255156730,Phase2_Migrated,116
1790420867.344305736,Phase2_Migrated,117
1790420867.437955331,Phase2_Migrated,119
1790420867.532606500,Phase2_Migrated,120
1790420867.616823060,Phase2_Migrated,121
1790420867.671477312,Phase2_Migrated,122
1790420867.749259006,Phase2_Migrated,123
1790420867.823554793,Phase2_Migrated,124
1790420867.917526622,Phase2_Migrated,126
1790420868.009424337,Phase2_Migrated,127
1790420868.096805618,Phase2_Migrated,128
1790420868.191570528,Phase2_Migrated,129
1790420868.264530986,Phase2_Migrated,130
1790420868.326220407,Phase2_Migrated,131
1790420868.414922924,Phase2_Migrated,132
1790420868.473497827,Phase2_Migrated,133
1790420868.541036393,Phase2_Migrated,134
1790420868.606511483,Phase2_Migrated,135
1790420868.702135592,Phase2_Migrated,136
1790420868.796048708,Phase2_Migrated,138
1790420868.892198428,Phase2_Migrated,139
1790420868.982316540,Phase2_Migrated,140
1790420869.071733287,Phase2_Migrated,141
1790420869.161782624,Phase2_Migrated,143
1790420869.241019782,Phase2_Migrated,144
1790420869.331477953,Phase2_Migrated,145
1790420869.426507446,Phase2_Migrated,146
1790420869.517846313,Phase2_Migrated,148
1790420869.615127474,Phase2_Migrated,149
1790420869.703471002,Phase2_Migrated,150
1790420869.770912581,Phase2_Migrated,151
1790420869.863821853,Phase2_Migrated,152
1790420869.959456073,Phase2_Migrated,154
1790420870.052387655,Phase2_Migrated,155
1790420870.149864091,Phase2_Migrated,156
1790420870.227987498,Phase2_Migrated,158
1790420870.320405072,Phase2_Migrated,159
1790420870.387234168,Phase2_Migrated,160
1790420870.473794718,Phase2_Migrated,161
1790420870.554375896,Phase2_Migrated,162
1790420870.630429770,Phase2_Migrated,163
1790420870.718803142,Phase2_Migrated,164
1790420870.804893650,Phase2_Migrated,166
1790420870.893512247,Phase2_Migrated,167
1790420870.973336637,Phase2_Migrated,168
1790420871.069037462,Phase2_Migrated,169
1790420871.163524573,Phase2_Migrated,171
1790420871.256454180,Phase2_Migrated,172
1790420871.347465578,Phase2_Migrated,173
1790420871.438953483,Phase2_Migrated,174
1790420871.531103042,Phase2_Migrated,176
1790420871.623340767,Phase2_Migrated,177
1790420871.719516473,Phase2_Migrated,178
1790420871.809337316,Phase2_Migrated,179
1790420871.898852458,Phase2_Migrated,181
1790420871.994362901,Phase2_Migrated,182
1790420872.087201657,Phase2_Migrated,183
1790420872.188016025,Phase2_Migrated,185
1790420872.278443600,Phase2_Migrated,186
1790420872.374811402,Phase2_Migrated,187
1790420872.461458629,Phase2_Migrated,188
1790420872.563551718,Phase2_Migrated,190
1790420872.661142674,Phase2_Migrated,191
1790420872.756348598,Phase2_Migrated,192
1790420872.851550287,Phase2_Migrated,194
1790420872.943051620,Phase2_Migrated,195
1790420873.037291869,Phase2_Migrated,196
1790420873.137059738,Phase2_Migrated,198
1790420873.226592114,Phase2_Migrated,199
1790420873.319129507,Phase2_Migrated,200
1790420873.403750998,Phase2_Migrated,201
1790420873.496585070,Phase2_Migrated,203
1790420873.593578566,Phase2_Migrated,204
1790420873.683752560,Phase2_Migrated,205
1790420873.782686627,Phase2_Migrated,207
1790420873.872403605,Phase2_Migrated,208
1790420873.953155681,Phase2_Migrated,209
1790420874.023408087,Phase2_Migrated,210
1790420874.115230283,Phase2_Migrated,211
1790420874.187813558,Phase2_Migrated,212
1790420874.286999057,Phase2_Migrated,213
1790420874.386380749,Phase2_Migrated,215
1790420874.484414303,Phase2_Migrated,216
1790420874.571436830,Phase2_Migrated,217
1790420874.663144383,Phase2_Migrated,219
1790420874.762968271,Phase2_Migrated,220
1790420874.856508668,Phase2_Migrated,221
1790420874.942409503,Phase2_Migrated,222
1790420875.039859832,Phase2_Migrated,224
1790420875.136289016,Phase2_Migrated,225
1790420875.199048016,Phase2_Migrated,226
1790420875.269961380,Phase2_Migrated,227
1790420875.348864442,Phase2_Migrated,228
1790420875.435316358,Phase2_Migrated,229
1790420875.519789059,Phase2_Migrated,230
1790420875.613131400,Phase2_Migrated,231
1790420875.708921196,Phase2_Migrated,233
1790420875.804995918,Phase2_Migrated,234
1790420875.896037786,Phase2_Migrated,235
1790420875.985754816,Phase2_Migrated,237
1790420876.079912949,Phase2_Migrated,238
1790420876.164738409,Phase2_Migrated,239
1790420876.259533310,Phase2_Migrated,240
1790420876.352335469,Phase2_Migrated,241
1790420876.441787672,Phase2_Migrated,243
1790420876.536178243,Phase2_Migrated,244
1790420876.630435868,Phase2_Migrated,245
1790420876.723902139,Phase2_Migrated,247
1790420876.813469633,Phase2_Migrated,248
1790420876.909154868,Phase2_Migrated,249
1790420877.005864882,Phase2_Migrated,250
1790420877.101986720,Phase2_Migrated,252
1790420877.198204464,Phase2_Migrated,253
1790420877.263342242,Phase2_Migrated,254
1790420877.351091205,Phase2_Migrated,255
1790420877.439096586,Phase2_Migrated,256
1790420877.532588700,Phase2_Migrated,257
1790420877.621818213,Phase2_Migrated,259
1790420877.710523184,Phase2_Migrated,260
1790420877.804477640,Phase2_Migrated,261
1790420877.901758206,Phase2_Migrated,262
1790420877.994586406,Phase2_Migrated,264
1790420878.075323154,Phase2_Migrated,264
1790420878.146839452,Phase2_Migrated,266
1790420878.242898291,Phase2_Migrated,267
1790420878.313885710,Phase2_Migrated,268
1790420878.401551254,Phase2_Migrated,269
1790420878.462605215,Phase2_Migrated,270
1790420878.524531434,Phase2_Migrated,270
1790420878.585014026,Phase2_Migrated,271
1790420879.791401267,Uninterrupted_Baseline,1
1790420879.862850751,Uninterrupted_Baseline,1
1790420879.938750214,Uninterrupted_Baseline,1
1790420880.020736521,Uninterrupted_Baseline,1
1790420880.100755960,Uninterrupted_Baseline,1
1790420880.182419429,Uninterrupted_Baseline,1
1790420880.264372330,Uninterrupted_Baseline,1
1790420880.346731503,Uninterrupted_Baseline,1
1790420880.429297540,Uninterrupted_Baseline,1
1790420880.509457330,Uninterrupted_Baseline,1
1790420880.560862496,Uninterrupted_Baseline,1
1790420880.623550735,Uninterrupted_Baseline,1
1790420880.706854328,Uninterrupted_Baseline,1
1790420880.787073420,Uninterrupted_Baseline,1
1790420880.862516238,Uninterrupted_Baseline,1
1790420880.943525621,Uninterrupted_Baseline,1
1790420881.034587900,Uninterrupted_Baseline,1
1790420881.034587900,Uninterrupted_Baseline,16
1790420881.119803469,Uninterrupted_Baseline,1
1790420881.119803469,Uninterrupted_Baseline,31
1790420881.209077762,Uninterrupted_Baseline,1
1790420881.209077762,Uninterrupted_Baseline,72
1790420881.289700457,Uninterrupted_Baseline,1
1790420881.289700457,Uninterrupted_Baseline,126
1790420881.370021167,Uninterrupted_Baseline,1
1790420881.370021167,Uninterrupted_Baseline,270
1790420881.449145553,Uninterrupted_Baseline,1
1790420881.449145553,Uninterrupted_Baseline,524
1790420881.531074655,Uninterrupted_Baseline,1
1790420881.531074655,Uninterrupted_Baseline,845
1790420881.605992588,Uninterrupted_Baseline,1
1790420881.605992588,Uninterrupted_Baseline,1128
1790420881.689374948,Uninterrupted_Baseline,1
1790420881.689374948,Uninterrupted_Baseline,1003
1790420881.772684623,Uninterrupted_Baseline,1
1790420881.772684623,Uninterrupted_Baseline,796
1790420881.850248222,Uninterrupted_Baseline,1
1790420881.850248222,Uninterrupted_Baseline,586
1790420881.934869197,Uninterrupted_Baseline,1
1790420881.934869197,Uninterrupted_Baseline,586
1790420881.989614056,Uninterrupted_Baseline,1
1790420881.989614056,Uninterrupted_Baseline,586
1790420882.047022724,Uninterrupted_Baseline,1
1790420882.047022724,Uninterrupted_Baseline,586
1790420882.120933229,Uninterrupted_Baseline,1
1790420882.120933229,Uninterrupted_Baseline,586
1790420882.204612613,Uninterrupted_Baseline,1
1790420882.204612613,Uninterrupted_Baseline,272
1790420882.285456197,Uninterrupted_Baseline,1
1790420882.285456197,Uninterrupted_Baseline,293
1790420882.383795415,Uninterrupted_Baseline,1
1790420882.383795415,Uninterrupted_Baseline,294
1790420882.440136751,Uninterrupted_Baseline,1
1790420882.440136751,Uninterrupted_Baseline,295
1790420882.497063059,Uninterrupted_Baseline,1
1790420882.497063059,Uninterrupted_Baseline,295
1790420882.557758661,Uninterrupted_Baseline,296
1790420882.641773812,Uninterrupted_Baseline,297
1790420882.724754127,Uninterrupted_Baseline,298
1790420882.815292875,Uninterrupted_Baseline,300
1790420882.893778985,Uninterrupted_Baseline,301
1790420882.981364563,Uninterrupted_Baseline,302
1790420883.068062876,Uninterrupted_Baseline,303
1790420883.124471715,Uninterrupted_Baseline,303
1790420883.178430072,Uninterrupted_Baseline,304
1790420883.239476519,Uninterrupted_Baseline,305
1790420883.304115328,Uninterrupted_Baseline,306
1790420883.376142545,Uninterrupted_Baseline,307
1790420883.455564618,Uninterrupted_Baseline,308
1790420883.520838879,Uninterrupted_Baseline,308
1790420883.587780710,Uninterrupted_Baseline,309
1790420883.653355875,Uninterrupted_Baseline,310
1790420883.733680458,Uninterrupted_Baseline,311
1790420883.815575469,Uninterrupted_Baseline,312
1790420883.897422178,Uninterrupted_Baseline,313
1790420883.982191326,Uninterrupted_Baseline,314
1790420884.052376029,Uninterrupted_Baseline,315
1790420884.124323032,Uninterrupted_Baseline,316
1790420884.210593106,Uninterrupted_Baseline,317
1790420884.297203823,Uninterrupted_Baseline,318
1790420884.348132426,Uninterrupted_Baseline,319
1790420884.409405115,Uninterrupted_Baseline,320
1790420884.496219653,Uninterrupted_Baseline,321
1790420884.575112104,Uninterrupted_Baseline,322
1790420884.644450896,Uninterrupted_Baseline,323
1790420884.731734326,Uninterrupted_Baseline,324
1790420884.794288614,Uninterrupted_Baseline,270
1790420884.880547739,Uninterrupted_Baseline,162
1790420884.964600339,Uninterrupted_Baseline,134
1790420885.051614195,Uninterrupted_Baseline,81
1790420885.137010876,Uninterrupted_Baseline,81
1790420885.221057468,Uninterrupted_Baseline,40
1790420885.303021221,Uninterrupted_Baseline,40
1790420885.392335228,Uninterrupted_Baseline,36
1790420885.471234347,Uninterrupted_Baseline,20
1790420885.558510031,Uninterrupted_Baseline,20
1790420885.640843261,Uninterrupted_Baseline,10
1790420885.719195389,Uninterrupted_Baseline,10
1790420885.802094721,Uninterrupted_Baseline,10
1790420885.880534699,Uninterrupted_Baseline,11
1790420885.963112374,Uninterrupted_Baseline,12
1790420886.046812978,Uninterrupted_Baseline,13
1790420886.135789680,Uninterrupted_Baseline,14
1790420886.222200544,Uninterrupted_Baseline,15
1790420886.295008183,Uninterrupted_Baseline,16
1790420886.367576249,Uninterrupted_Baseline,17
1790420886.450970968,Uninterrupted_Baseline,18
1790420886.533494848,Uninterrupted_Baseline,19
1790420886.617436498,Uninterrupted_Baseline,20
1790420886.703970061,Uninterrupted_Baseline,22
1790420886.782492807,Uninterrupted_Baseline,23
1790420886.860375165,Uninterrupted_Baseline,24
1790420886.940549082,Uninterrupted_Baseline,25
1790420887.030034325,Uninterrupted_Baseline,26
1790420887.084360465,Uninterrupted_Baseline,27
1790420887.154887183,Uninterrupted_Baseline,28
1790420887.228497058,Uninterrupted_Baseline,29
1790420887.309044900,Uninterrupted_Baseline,30
1790420887.390814164,Uninterrupted_Baseline,31
1790420887.473140702,Uninterrupted_Baseline,32
1790420887.552689029,Uninterrupted_Baseline,33
1790420887.634720103,Uninterrupted_Baseline,34
1790420887.717531003,Uninterrupted_Baseline,35
1790420887.794349806,Uninterrupted_Baseline,36
1790420887.878850732,Uninterrupted_Baseline,37
1790420887.967365604,Uninterrupted_Baseline,38
1790420888.049338753,Uninterrupted_Baseline,40
1790420888.125433995,Uninterrupted_Baseline,41
1790420888.208752709,Uninterrupted_Baseline,42
1790420888.285084498,Uninterrupted_Baseline,43
1790420888.361865791,Uninterrupted_Baseline,44
1790420888.432472969,Uninterrupted_Baseline,45
1790420888.490304619,Uninterrupted_Baseline,46
1790420888.561147243,Uninterrupted_Baseline,47
1790420888.637109492,Uninterrupted_Baseline,48
1790420888.722903601,Uninterrupted_Baseline,49
1790420888.795160419,Uninterrupted_Baseline,50
1790420888.865227083,Uninterrupted_Baseline,51
1790420888.950162165,Uninterrupted_Baseline,52
1790420889.029782425,Uninterrupted_Baseline,53
1790420889.097431085,Uninterrupted_Baseline,54
1790420889.157858107,Uninterrupted_Baseline,55
1790420889.219916938,Uninterrupted_Baseline,56
1790420889.302795112,Uninterrupted_Baseline,57
1790420889.379679256,Uninterrupted_Baseline,58
1790420889.444252005,Uninterrupted_Baseline,59
1790420889.521310245,Uninterrupted_Baseline,60
1790420889.588763818,Uninterrupted_Baseline,61
1790420889.669860535,Uninterrupted_Baseline,62
1790420889.742152709,Uninterrupted_Baseline,63
1790420889.820884946,Uninterrupted_Baseline,64
1790420889.886018024,Uninterrupted_Baseline,65
1790420889.959144526,Uninterrupted_Baseline,66
1790420890.020755480,Uninterrupted_Baseline,67
1790420890.107386928,Uninterrupted_Baseline,69
1790420890.175746335,Uninterrupted_Baseline,70
1790420890.252840346,Uninterrupted_Baseline,71
1790420890.331288716,Uninterrupted_Baseline,72
1790420890.414019638,Uninterrupted_Baseline,73
1790420890.490229841,Uninterrupted_Baseline,74
1790420890.563329940,Uninterrupted_Baseline,75
1790420890.651337708,Uninterrupted_Baseline,76
1790420890.735930570,Uninterrupted_Baseline,77
1790420890.820751805,Uninterrupted_Baseline,78
1790420890.899139343,Uninterrupted_Baseline,79
1790420890.959879988,Uninterrupted_Baseline,81
1790420891.044183733,Uninterrupted_Baseline,82
1790420891.132342446,Uninterrupted_Baseline,83
1790420891.221060705,Uninterrupted_Baseline,84
1790420891.284487286,Uninterrupted_Baseline,85
1790420891.355200717,Uninterrupted_Baseline,86
1790420891.431363956,Uninterrupted_Baseline,87
1790420891.512568948,Uninterrupted_Baseline,88
1790420891.589533273,Uninterrupted_Baseline,89
1790420891.664822320,Uninterrupted_Baseline,90
1790420891.742341867,Uninterrupted_Baseline,91
1790420891.820823545,Uninterrupted_Baseline,92
1790420891.901090520,Uninterrupted_Baseline,93
1790420891.986126332,Uninterrupted_Baseline,94
1790420892.069985921,Uninterrupted_Baseline,96
1790420892.153305615,Uninterrupted_Baseline,97
1790420892.235770895,Uninterrupted_Baseline,98
1790420892.319902797,Uninterrupted_Baseline,99
1790420892.400547504,Uninterrupted_Baseline,100
1790420892.486754793,Uninterrupted_Baseline,101
1790420892.569581572,Uninterrupted_Baseline,103
1790420892.651942011,Uninterrupted_Baseline,104
1790420892.733743520,Uninterrupted_Baseline,105
1790420892.817192992,Uninterrupted_Baseline,106
1790420892.900347624,Uninterrupted_Baseline,107
1790420892.988850944,Uninterrupted_Baseline,108
1790420893.072455197,Uninterrupted_Baseline,109
1790420893.158047074,Uninterrupted_Baseline,111
1790420893.242899854,Uninterrupted_Baseline,112
1790420893.328607606,Uninterrupted_Baseline,113
1790420893.411115702,Uninterrupted_Baseline,114
1790420893.495588324,Uninterrupted_Baseline,115
1790420893.568566402,Uninterrupted_Baseline,116
1790420893.655391446,Uninterrupted_Baseline,117
1790420893.737954835,Uninterrupted_Baseline,119
1790420893.809070794,Uninterrupted_Baseline,120
1790420893.896297503,Uninterrupted_Baseline,121
1790420893.980498695,Uninterrupted_Baseline,122
1790420894.062500611,Uninterrupted_Baseline,123
1790420894.144517581,Uninterrupted_Baseline,124
1790420894.224824044,Uninterrupted_Baseline,125
1790420894.310882336,Uninterrupted_Baseline,127
1790420894.405893525,Uninterrupted_Baseline,128
1790420894.487346090,Uninterrupted_Baseline,129
1790420894.569495588,Uninterrupted_Baseline,130
1790420894.651470244,Uninterrupted_Baseline,131
1790420894.733581750,Uninterrupted_Baseline,132
1790420894.816311162,Uninterrupted_Baseline,133
1790420894.871839159,Uninterrupted_Baseline,134
1790420894.925923409,Uninterrupted_Baseline,135
1790420895.011711863,Uninterrupted_Baseline,136
1790420895.079970865,Uninterrupted_Baseline,137
1790420895.145128263,Uninterrupted_Baseline,138
1790420895.214456321,Uninterrupted_Baseline,139
1790420895.295347745,Uninterrupted_Baseline,140
1790420895.374478108,Uninterrupted_Baseline,141
1790420895.446299430,Uninterrupted_Baseline,142
1790420895.522454588,Uninterrupted_Baseline,143
1790420895.606187325,Uninterrupted_Baseline,144
1790420895.676251176,Uninterrupted_Baseline,145
1790420895.752477947,Uninterrupted_Baseline,146
1790420895.831513333,Uninterrupted_Baseline,147
1790420895.907254190,Uninterrupted_Baseline,148
1790420895.987985128,Uninterrupted_Baseline,150
1790420896.070240756,Uninterrupted_Baseline,151
1790420896.146320326,Uninterrupted_Baseline,152
1790420896.224144551,Uninterrupted_Baseline,153
1790420896.291708554,Uninterrupted_Baseline,154
1790420896.355594528,Uninterrupted_Baseline,154
1790420896.431033102,Uninterrupted_Baseline,156
1790420896.513354716,Uninterrupted_Baseline,157
1790420896.593614509,Uninterrupted_Baseline,158
1790420896.673088813,Uninterrupted_Baseline,159
1790420896.737827325,Uninterrupted_Baseline,160
1790420896.824899521,Uninterrupted_Baseline,161
1790420896.908326907,Uninterrupted_Baseline,162
1790420896.989918589,Uninterrupted_Baseline,163
1790420897.076362644,Uninterrupted_Baseline,164
1790420897.160908816,Uninterrupted_Baseline,165
1790420897.234591063,Uninterrupted_Baseline,167
1790420897.296053930,Uninterrupted_Baseline,167
1790420897.379904750,Uninterrupted_Baseline,169
1790420897.463023082,Uninterrupted_Baseline,170
1790420897.544488157,Uninterrupted_Baseline,171
1790420897.625372351,Uninterrupted_Baseline,172
1790420897.707303995,Uninterrupted_Baseline,173
1790420897.793784832,Uninterrupted_Baseline,174
1790420897.873839729,Uninterrupted_Baseline,175
1790420897.955616077,Uninterrupted_Baseline,177
1790420898.042267021,Uninterrupted_Baseline,178
1790420898.107182924,Uninterrupted_Baseline,179
1790420898.187519604,Uninterrupted_Baseline,180
1790420898.248015410,Uninterrupted_Baseline,180
1790420898.314122797,Uninterrupted_Baseline,181
1790420898.388031048,Uninterrupted_Baseline,182
1790420898.437294599,Uninterrupted_Baseline,183
1790420898.491118356,Uninterrupted_Baseline,184
1790420898.552315206,Uninterrupted_Baseline,185
1790420898.613098163,Uninterrupted_Baseline,185
1790420898.698694133,Uninterrupted_Baseline,187
1790420898.781761951,Uninterrupted_Baseline,188
1790420898.877368199,Uninterrupted_Baseline,189
1790420898.961181125,Uninterrupted_Baseline,190
1790420899.041099770,Uninterrupted_Baseline,192
1790420899.111469661,Uninterrupted_Baseline,192
1790420899.175247470,Uninterrupted_Baseline,193
1790420899.239717230,Uninterrupted_Baseline,194
1790420899.323355998,Uninterrupted_Baseline,195
1790420899.408409805,Uninterrupted_Baseline,197
1790420899.492715799,Uninterrupted_Baseline,198
1790420899.575861242,Uninterrupted_Baseline,199
1790420899.657346284,Uninterrupted_Baseline,200
1790420899.733101546,Uninterrupted_Baseline,201
1790420899.815334113,Uninterrupted_Baseline,202
1790420899.897758123,Uninterrupted_Baseline,203
1790420899.981264954,Uninterrupted_Baseline,205
1790420900.068754659,Uninterrupted_Baseline,206
1790420900.148498822,Uninterrupted_Baseline,207
1790420900.229367022,Uninterrupted_Baseline,208
1790420900.311094070,Uninterrupted_Baseline,209
1790420900.373899906,Uninterrupted_Baseline,210
1790420900.435930086,Uninterrupted_Baseline,211
1790420900.511878415,Uninterrupted_Baseline,212
1790420900.589677858,Uninterrupted_Baseline,213
1790420900.670916791,Uninterrupted_Baseline,214
1790420900.755046702,Uninterrupted_Baseline,215
1790420900.835124650,Uninterrupted_Baseline,216
1790420900.922534299,Uninterrupted_Baseline,217
1790420901.004516950,Uninterrupted_Baseline,219
1790420901.084376125,Uninterrupted_Baseline,220
1790420901.169427990,Uninterrupted_Baseline,221
1790420901.254805231,Uninterrupted_Baseline,222
1790420901.322013472,Uninterrupted_Baseline,223
1790420901.406225330,Uninterrupted_Baseline,224
1790420901.495390548,Uninterrupted_Baseline,225
1790420901.573024035,Uninterrupted_Baseline,226
1790420901.655980461,Uninterrupted_Baseline,227
1790420901.740115908,Uninterrupted_Baseline,228
1790420901.815056932,Uninterrupted_Baseline,229
1790420901.900766626,Uninterrupted_Baseline,231
1790420901.988321602,Uninterrupted_Baseline,232
1790420902.070605876,Uninterrupted_Baseline,233
1790420902.160036676,Uninterrupted_Baseline,234
1790420902.239519897,Uninterrupted_Baseline,235
1790420902.324402492,Uninterrupted_Baseline,236
1790420902.408397397,Uninterrupted_Baseline,238
1790420902.493331484,Uninterrupted_Baseline,239
1790420902.577584697,Uninterrupted_Baseline,240
1790420902.660883606,Uninterrupted_Baseline,241
1790420902.744556276,Uninterrupted_Baseline,242
1790420902.829163701,Uninterrupted_Baseline,243
1790420902.909788508,Uninterrupted_Baseline,244
1790420902.996691898,Uninterrupted_Baseline,246
1790420903.073495287,Uninterrupted_Baseline,247
1790420903.159392462,Uninterrupted_Baseline,248
1790420903.234158458,Uninterrupted_Baseline,248
1790420903.290196995,Uninterrupted_Baseline,249
1790420903.357369313,Uninterrupted_Baseline,250
1790420903.416913059,Uninterrupted_Baseline,251
1790420903.497411955,Uninterrupted_Baseline,252
1790420903.579852480,Uninterrupted_Baseline,253
1790420903.664884266,Uninterrupted_Baseline,254
1790420903.750462665,Uninterrupted_Baseline,256
1790420903.830399428,Uninterrupted_Baseline,257
1790420903.910878509,Uninterrupted_Baseline,258
1790420903.991241478,Uninterrupted_Baseline,259
1790420904.075261384,Uninterrupted_Baseline,260
1790420904.156527868,Uninterrupted_Baseline,261
1790420904.239027618,Uninterrupted_Baseline,262
1790420904.317188941,Uninterrupted_Baseline,263
1790420904.403566695,Uninterrupted_Baseline,264
1790420904.488959261,Uninterrupted_Baseline,266
1790420904.576000486,Uninterrupted_Baseline,267
1790420904.653227328,Uninterrupted_Baseline,268
1790420904.718594703,Uninterrupted_Baseline,269
1790420904.796140914,Uninterrupted_Baseline,270
1790420904.866702317,Uninterrupted_Baseline,271
1790420904.934121715,Uninterrupted_Baseline,272
1790420905.004022907,Uninterrupted_Baseline,273
1790420905.089546319,Uninterrupted_Baseline,274
1790420905.175478927,Uninterrupted_Baseline,275
1790420905.255614417,Uninterrupted_Baseline,276
1790420905.339437606,Uninterrupted_Baseline,277
1790420905.419694364,Uninterrupted_Baseline,278
1790420905.503767560,Uninterrupted_Baseline,279
1790420905.585158116,Uninterrupted_Baseline,281
1790420905.663828395,Uninterrupted_Baseline,282
1790420905.745122081,Uninterrupted_Baseline,282
1790420905.831996101,Uninterrupted_Baseline,284
1790420905.914609127,Uninterrupted_Baseline,285
1790420905.997910552,Uninterrupted_Baseline,286
1790420906.080053153,Uninterrupted_Baseline,287
1790420906.160200191,Uninterrupted_Baseline,288
1790420906.243580030,Uninterrupted_Baseline,289
1790420906.314039139,Uninterrupted_Baseline,290
1790420906.388319358,Uninterrupted_Baseline,291
1790420906.471713832,Uninterrupted_Baseline,292
1790420906.540534259,Uninterrupted_Baseline,293
1790420906.627711807,Uninterrupted_Baseline,294
1790420906.709041805,Uninterrupted_Baseline,295
1790420906.789540566,Uninterrupted_Baseline,296
1790420906.870513386,Uninterrupted_Baseline,297
1790420906.954534618,Uninterrupted_Baseline,298
1790420907.038938787,Uninterrupted_Baseline,300
1790420907.120496539,Uninterrupted_Baseline,301
1790420907.203605893,Uninterrupted_Baseline,302
1790420907.295059818,Uninterrupted_Baseline,303
1790420907.373588668,Uninterrupted_Baseline,304
1790420907.453466687,Uninterrupted_Baseline,305
1790420907.533503003,Uninterrupted_Baseline,306
1790420907.612466208,Uninterrupted_Baseline,307
1790420907.691304204,Uninterrupted_Baseline,308
1790420907.774232867,Uninterrupted_Baseline,309
1790420907.858794749,Uninterrupted_Baseline,310
1790420907.943521027,Uninterrupted_Baseline,311
1790420908.022720736,Uninterrupted_Baseline,312
1790420908.079715896,Uninterrupted_Baseline,313
1790420908.160981305,Uninterrupted_Baseline,314
1790420908.237528494,Uninterrupted_Baseline,315
1790420908.293338062,Uninterrupted_Baseline,316
1790420908.373444593,Uninterrupted_Baseline,317
1790420908.442538031,Uninterrupted_Baseline,318
1790420908.502682414,Uninterrupted_Baseline,318
1790420908.555517777,Uninterrupted_Baseline,319
1790420908.607248948,Uninterrupted_Baseline,320
1790420908.676205629,Uninterrupted_Baseline,321
1790420908.757143699,Uninterrupted_Baseline,322
1790420908.837243752,Uninterrupted_Baseline,323
1790420908.919602050,Uninterrupted_Baseline,324
1790420909.001745453,Uninterrupted_Baseline,325
1790420909.078611956,Uninterrupted_Baseline,326
1790420909.150439002,Uninterrupted_Baseline,326
1790420909.208615262,Uninterrupted_Baseline,327
1790420909.285304549,Uninterrupted_Baseline,328
1790420909.365846671,Uninterrupted_Baseline,329
1790420909.447133654,Uninterrupted_Baseline,330
1790420909.529206494,Uninterrupted_Baseline,331
1790420909.610766996,Uninterrupted_Baseline,332
1790420909.690440548,Uninterrupted_Baseline,333
1790420909.773348082,Uninterrupted_Baseline,334
1790420919.781539878,Phase1_Baseline,10
1790420919.852568398,Phase1_Baseline,12
1790420919.926678797,Phase1_Baseline,22
1790420920.008179385,Phase1_Baseline,48
1790420920.081037645,Phase1_Baseline,92
1790420920.154588429,Phase1_Baseline,175
1790420920.231156081,Phase1_Baseline,396
1790420920.311611392,Phase1_Baseline,700
1790420920.384515552,Phase1_Baseline,951
1790420920.456818330,Phase1_Baseline,925
1790420920.532626812,Phase1_Baseline,797
1790420920.606427620,Phase1_Baseline,531
1790420920.692353950,Phase1_Baseline,531
1790420920.781852006,Phase1_Baseline,531
1790420920.868503495,Phase1_Baseline,531
1790420920.934136651,Phase1_Baseline,531
1790420921.012746532,Phase1_Baseline,503
1790420921.095969800,Phase1_Baseline,344
1790420921.178961065,Phase1_Baseline,266
1790420921.259474376,Phase1_Baseline,220
1790420921.337929010,Phase1_Baseline,133
1790420921.423178219,Phase1_Baseline,133
1790420921.501984401,Phase1_Baseline,133
1790420921.580765201,Phase1_Baseline,134
1790420921.664127199,Phase1_Baseline,135
1790420921.745448237,Phase1_Baseline,136
1790420921.827003355,Phase1_Baseline,137
1790420921.903117911,Phase1_Baseline,138
1790420921.987828802,Phase1_Baseline,140
1790420922.054026593,Phase1_Baseline,140
1790420922.126400936,Phase1_Baseline,142
1790420922.206516504,Phase1_Baseline,143
1790420922.291090605,Phase1_Baseline,144
1790420922.370349508,Phase1_Baseline,145
1790420922.440831882,Phase1_Baseline,146
1790420922.509174915,Phase1_Baseline,147
1790420922.584265382,Phase1_Baseline,148
1790420922.668346276,Phase1_Baseline,149
1790420922.736363205,Phase1_Baseline,150
1790420922.815995933,Phase1_Baseline,151
1790420922.896068078,Phase1_Baseline,152
1790420922.979209910,Phase1_Baseline,153
1790420923.065436385,Phase1_Baseline,155
1790420923.147069770,Phase1_Baseline,156
1790420923.224447510,Phase1_Baseline,157
1790420923.293772858,Phase1_Baseline,158
1790420923.375618137,Phase1_Baseline,159
1790420923.457859509,Phase1_Baseline,160
1790420923.536257728,Phase1_Baseline,161
1790420923.615970231,Phase1_Baseline,162
1790420923.699299260,Phase1_Baseline,163
1790420923.769407765,Phase1_Baseline,164
1790420923.849538201,Phase1_Baseline,165
1790420923.928196919,Phase1_Baseline,166
1790420924.014269600,Phase1_Baseline,167
1790420924.093852986,Phase1_Baseline,169
1790420924.181002934,Phase1_Baseline,170
1790420924.265414023,Phase1_Baseline,171
1790420924.346828079,Phase1_Baseline,172
1790420924.427549930,Phase1_Baseline,173
1790420924.503554572,Phase1_Baseline,174
1790420924.583302475,Phase1_Baseline,175
1790420924.661418751,Phase1_Baseline,176
1790420924.740971704,Phase1_Baseline,177
1790420924.815263011,Phase1_Baseline,178
1790420924.895513736,Phase1_Baseline,179
1790420924.978297425,Phase1_Baseline,180
1790420925.058387957,Phase1_Baseline,182
1790420925.138897267,Phase1_Baseline,183
1790420925.208996552,Phase1_Baseline,184
1790420925.284887559,Phase1_Baseline,185
1790420925.358549487,Phase1_Baseline,186
1790420925.430848734,Phase1_Baseline,187
1790420925.513242870,Phase1_Baseline,188
1790420925.597316201,Phase1_Baseline,189
1790420925.680270870,Phase1_Baseline,190
1790420925.760382402,Phase1_Baseline,191
1790420925.843216451,Phase1_Baseline,192
1790420925.919766901,Phase1_Baseline,193
1790420926.002516560,Phase1_Baseline,195
1790420926.084337121,Phase1_Baseline,196
1790420926.151872208,Phase1_Baseline,197
1790420926.233333742,Phase1_Baseline,198
1790420926.322318421,Phase1_Baseline,199
1790420926.386065100,Phase1_Baseline,200
1790420926.470225653,Phase1_Baseline,201
1790420926.556012302,Phase1_Baseline,202
1790420926.636130687,Phase1_Baseline,203
1790420926.718361601,Phase1_Baseline,204
1790420926.809853387,Phase1_Baseline,206
1790420926.894305163,Phase1_Baseline,207
1790420926.975720678,Phase1_Baseline,208
1790420927.062172563,Phase1_Baseline,209
1790420927.145038187,Phase1_Baseline,210
1790420927.220469346,Phase1_Baseline,211
1790420927.290576831,Phase1_Baseline,212
1790420927.361372183,Phase1_Baseline,213
1790420927.442209472,Phase1_Baseline,214
1790420927.520347089,Phase1_Baseline,215
1790420927.608548261,Phase1_Baseline,216
1790420927.668938635,Phase1_Baseline,217
1790420927.732577224,Phase1_Baseline,218
1790420927.799112747,Phase1_Baseline,219
1790420927.869105702,Phase1_Baseline,220
1790420927.946541608,Phase1_Baseline,221
1790420928.019344750,Phase1_Baseline,222
1790420928.071781999,Phase1_Baseline,223
1790420928.127982406,Phase1_Baseline,223
1790420928.185417426,Phase1_Baseline,224
1790420928.253463197,Phase1_Baseline,225
1790420928.315515429,Phase1_Baseline,226
1790420928.389903731,Phase1_Baseline,227
1790420928.440696703,Phase1_Baseline,228
1790420928.489462944,Phase1_Baseline,228
1790420928.544127179,Phase1_Baseline,229
1790420928.604382265,Phase1_Baseline,230
1790420928.662408197,Phase1_Baseline,231
1790420928.739782110,Phase1_Baseline,232
1790420928.826112510,Phase1_Baseline,233
1790420928.911459010,Phase1_Baseline,234
1790420928.997166718,Phase1_Baseline,235
1790420929.063805331,Phase1_Baseline,236
1790420929.117955410,Phase1_Baseline,237
1790420929.169265224,Phase1_Baseline,238
1790420929.239132467,Phase1_Baseline,238
1790420929.314933891,Phase1_Baseline,239
1790420929.397338421,Phase1_Baseline,240
1790420929.477504537,Phase1_Baseline,242
1790420929.558981799,Phase1_Baseline,243
1790420929.643688060,Phase1_Baseline,244
1790420929.725336638,Phase1_Baseline,245
1790420929.804414287,Phase1_Baseline,246
1790420929.891166947,Phase1_Baseline,247
1790420929.974789820,Phase1_Baseline,248
1790420930.065041700,Phase1_Baseline,250
1790420930.151090610,Phase1_Baseline,251
1790420930.228615892,Phase1_Baseline,252
1790420930.315011505,Phase1_Baseline,253
1790420930.394971227,Phase1_Baseline,254
1790420930.478859991,Phase1_Baseline,255
1790420930.558149998,Phase1_Baseline,256
1790420930.638728036,Phase1_Baseline,257
1790420930.718541189,Phase1_Baseline,258
1790420930.801775836,Phase1_Baseline,259
1790420930.883785092,Phase1_Baseline,260
1790420930.963060563,Phase1_Baseline,261
1790420931.040941330,Phase1_Baseline,262
1790420931.112187324,Phase1_Baseline,264
1790420931.178558057,Phase1_Baseline,264
1790420931.246077217,Phase1_Baseline,265
1790420931.319402714,Phase1_Baseline,266
1790420931.392390934,Phase1_Baseline,267
1790420931.467730393,Phase1_Baseline,268
1790420931.528436176,Phase1_Baseline,269
1790420931.615799262,Phase1_Baseline,270
1790420931.696556840,Phase1_Baseline,271
1790420931.777609407,Phase1_Baseline,272
1790420931.860823943,Phase1_Baseline,274
1790420931.947807584,Phase1_Baseline,275
1790420932.028556227,Phase1_Baseline,276
1790420932.110695879,Phase1_Baseline,277
1790420932.194857591,Phase1_Baseline,278
1790420932.277768873,Phase1_Baseline,279
1790420932.359485874,Phase1_Baseline,280
1790420932.438196883,Phase1_Baseline,281
1790420932.514894943,Phase1_Baseline,282
1790420932.591564926,Phase1_Baseline,283
1790420932.659378607,Phase1_Baseline,284
1790420932.742835321,Phase1_Baseline,285
1790420934.032050431,Phase2_Migrated,10
1790420934.122266648,Phase2_Migrated,10
1790420934.219194951,Phase2_Migrated,18
1790420934.309862204,Phase2_Migrated,62
1790420934.404105369,Phase2_Migrated,108
1790420934.491589405,Phase2_Migrated,199
1790420934.571799893,Phase2_Migrated,451
1790420934.660726694,Phase2_Migrated,799
1790420934.755335757,Phase2_Migrated,422
1790420934.843799839,Phase2_Migrated,376
1790420934.915000236,Phase2_Migrated,397
1790420934.985136583,Phase2_Migrated,508
1790420935.079437554,Phase2_Migrated,361
1790420935.166380691,Phase2_Migrated,254
1790420935.255479733,Phase2_Migrated,127
1790420935.346789371,Phase2_Migrated,127
1790420935.425329838,Phase2_Migrated,123
1790420935.488475851,Phase2_Migrated,63
1790420935.558000704,Phase2_Migrated,63
1790420935.631491116,Phase2_Migrated,64
1790420935.710955220,Phase2_Migrated,65
1790420935.780438316,Phase2_Migrated,66
1790420935.865171777,Phase2_Migrated,67
1790420935.925494806,Phase2_Migrated,68
1790420936.004913123,Phase2_Migrated,69
1790420936.096003271,Phase2_Migrated,70
1790420936.190519808,Phase2_Migrated,72
1790420936.286247937,Phase2_Migrated,73
1790420936.357890284,Phase2_Migrated,74
1790420936.453159153,Phase2_Migrated,75
1790420936.545261396,Phase2_Migrated,77
1790420936.638541186,Phase2_Migrated,78
1790420936.732941803,Phase2_Migrated,79
1790420936.826220427,Phase2_Migrated,81
1790420936.919077209,Phase2_Migrated,82
1790420937.004070899,Phase2_Migrated,83
1790420937.100890563,Phase2_Migrated,84
1790420937.194723054,Phase2_Migrated,86
1790420937.281856738,Phase2_Migrated,87
1790420937.365195701,Phase2_Migrated,88
1790420937.460453086,Phase2_Migrated,89
1790420937.553422803,Phase2_Migrated,91
1790420937.651026761,Phase2_Migrated,92
1790420937.749570558,Phase2_Migrated,93
1790420937.839893914,Phase2_Migrated,95
1790420937.936887962,Phase2_Migrated,96
1790420938.032407785,Phase2_Migrated,97
1790420938.101737880,Phase2_Migrated,98
1790420938.188574386,Phase2_Migrated,100
1790420938.263542207,Phase2_Migrated,101
1790420938.339381214,Phase2_Migrated,102
1790420938.413779304,Phase2_Migrated,103
1790420938.479435889,Phase2_Migrated,103
1790420938.540008196,Phase2_Migrated,104
1790420938.605221231,Phase2_Migrated,105
1790420938.691154141,Phase2_Migrated,107
1790420938.781603238,Phase2_Migrated,108
1790420938.876302006,Phase2_Migrated,109
1790420938.972017706,Phase2_Migrated,110
1790420939.071528394,Phase2_Migrated,112
1790420939.159969109,Phase2_Migrated,113
1790420939.229717681,Phase2_Migrated,114
1790420939.317998225,Phase2_Migrated,115
1790420939.390320758,Phase2_Migrated,116
1790420939.482912541,Phase2_Migrated,118
1790420939.574334291,Phase2_Migrated,119
1790420939.674063987,Phase2_Migrated,120
1790420939.755396980,Phase2_Migrated,121
1790420939.833397624,Phase2_Migrated,123
1790420939.931941959,Phase2_Migrated,124
1790420940.020120577,Phase2_Migrated,125
1790420940.113121318,Phase2_Migrated,126
1790420940.204036819,Phase2_Migrated,128
1790420940.290498780,Phase2_Migrated,129
1790420940.385165383,Phase2_Migrated,130
1790420940.478136230,Phase2_Migrated,132
1790420940.569776563,Phase2_Migrated,133
1790420940.663055988,Phase2_Migrated,134
1790420940.755624426,Phase2_Migrated,135
1790420940.842602267,Phase2_Migrated,137
1790420940.920071012,Phase2_Migrated,138
1790420941.011155654,Phase2_Migrated,139
1790420941.095766019,Phase2_Migrated,140
1790420941.176783204,Phase2_Migrated,141
1790420941.271911870,Phase2_Migrated,143
1790420941.338374363,Phase2_Migrated,144
1790420941.431461021,Phase2_Migrated,145
1790420941.519928367,Phase2_Migrated,146
1790420941.614312138,Phase2_Migrated,147
1790420941.708459207,Phase2_Migrated,149
1790420941.800066343,Phase2_Migrated,150
1790420941.893159228,Phase2_Migrated,151
1790420941.993217051,Phase2_Migrated,153
1790420942.091095172,Phase2_Migrated,154
1790420942.183528683,Phase2_Migrated,155
1790420942.277272962,Phase2_Migrated,157
1790420942.364942446,Phase2_Migrated,158
1790420942.457027493,Phase2_Migrated,159
1790420942.544575865,Phase2_Migrated,160
1790420942.635392662,Phase2_Migrated,161
1790420942.715077228,Phase2_Migrated,162
1790420942.810939838,Phase2_Migrated,164
1790420942.900514595,Phase2_Migrated,165
1790420942.985850772,Phase2_Migrated,166
1790420943.065771883,Phase2_Migrated,167
1790420943.140232333,Phase2_Migrated,168
1790420943.234891285,Phase2_Migrated,170
1790420943.327832292,Phase2_Migrated,171
1790420943.422998097,Phase2_Migrated,172
1790420943.520264356,Phase2_Migrated,173
1790420943.609406254,Phase2_Migrated,174
1790420943.705400632,Phase2_Migrated,176
1790420943.794226392,Phase2_Migrated,177
1790420943.892517507,Phase2_Migrated,178
1790420943.980950057,Phase2_Migrated,180
1790420944.072508060,Phase2_Migrated,181
1790420944.161861659,Phase2_Migrated,182
1790420944.256909122,Phase2_Migrated,183
1790420944.349339584,Phase2_Migrated,185
1790420944.441352061,Phase2_Migrated,186
1790420944.536438613,Phase2_Migrated,187
1790420944.626357778,Phase2_Migrated,189
1790420944.724811652,Phase2_Migrated,190
1790420944.820220888,Phase2_Migrated,191
1790420944.900908699,Phase2_Migrated,192
1790420944.966493284,Phase2_Migrated,193
1790420945.042191451,Phase2_Migrated,194
1790420945.129882748,Phase2_Migrated,195
1790420945.232298092,Phase2_Migrated,197
1790420945.327533030,Phase2_Migrated,198
1790420945.417224029,Phase2_Migrated,200
1790420945.513000629,Phase2_Migrated,201
1790420945.608123623,Phase2_Migrated,202
1790420945.691834035,Phase2_Migrated,203
1790420945.780249018,Phase2_Migrated,204
1790420945.871419045,Phase2_Migrated,205
1790420945.965465412,Phase2_Migrated,207
1790420946.057574425,Phase2_Migrated,208
1790420946.148830603,Phase2_Migrated,209
1790420946.245953337,Phase2_Migrated,210
1790420946.331898466,Phase2_Migrated,212
1790420946.420483155,Phase2_Migrated,213
1790420946.512311765,Phase2_Migrated,214
1790420946.608927603,Phase2_Migrated,215
1790420946.697022165,Phase2_Migrated,217
1790420946.795128320,Phase2_Migrated,218
1790420946.893766128,Phase2_Migrated,219
1790420946.988007422,Phase2_Migrated,221
1790420947.062248827,Phase2_Migrated,222
1790420947.122058006,Phase2_Migrated,222
1790420947.203947400,Phase2_Migrated,223
1790420947.270833333,Phase2_Migrated,224
1790420947.360509590,Phase2_Migrated,226
1790420947.445793350,Phase2_Migrated,227
1790420947.536107544,Phase2_Migrated,228
1790420947.629067530,Phase2_Migrated,229
1790420947.723751315,Phase2_Migrated,230
1790420947.817177521,Phase2_Migrated,232
1790420947.910119904,Phase2_Migrated,233
1790420948.001908117,Phase2_Migrated,234
1790420948.078938857,Phase2_Migrated,235
1790420948.171065121,Phase2_Migrated,237
1790420948.258850559,Phase2_Migrated,238
1790420948.324823956,Phase2_Migrated,239
1790420948.416556301,Phase2_Migrated,240
1790420948.472281871,Phase2_Migrated,241
1790420948.535750040,Phase2_Migrated,241
1790420948.596347922,Phase2_Migrated,242
1790420948.665562753,Phase2_Migrated,243
1790420948.753388002,Phase2_Migrated,245
1790420948.844881544,Phase2_Migrated,246
1790420948.936275779,Phase2_Migrated,247
1790420949.023916252,Phase2_Migrated,248
1790420949.111429442,Phase2_Migrated,249
1790420949.191100170,Phase2_Migrated,250
1790420949.259115795,Phase2_Migrated,251
1790420949.347875124,Phase2_Migrated,252
1790420949.425779889,Phase2_Migrated,253
1790420949.506735482,Phase2_Migrated,255
1790420949.599446756,Phase2_Migrated,256
1790420950.823290061,Uninterrupted_Baseline,1
1790420950.910579079,Uninterrupted_Baseline,1
1790420950.987214704,Uninterrupted_Baseline,1
1790420951.055331116,Uninterrupted_Baseline,1
1790420952.204350186,Uninterrupted_Baseline,5
1790420952.287170181,Uninterrupted_Baseline,19
1790420952.364548265,Uninterrupted_Baseline,42
1790420952.437083609,Uninterrupted_Baseline,83
1790420952.520489574,Uninterrupted_Baseline,191
1790420952.599219842,Uninterrupted_Baseline,383
1790420952.684567372,Uninterrupted_Baseline,751
1790420952.765633404,Uninterrupted_Baseline,1058
1790420952.834383434,Uninterrupted_Baseline,1099
1790420952.904470328,Uninterrupted_Baseline,923
1790420952.986908764,Uninterrupted_Baseline,747
1790420953.054152084,Uninterrupted_Baseline,604
1790420953.131644019,Uninterrupted_Baseline,604
1790420953.219016146,Uninterrupted_Baseline,579
1790420953.293252329,Uninterrupted_Baseline,429
1790420953.365259505,Uninterrupted_Baseline,302
1790420953.429918316,Uninterrupted_Baseline,302
1790420953.512532867,Uninterrupted_Baseline,151
1790420953.592306995,Uninterrupted_Baseline,151
1790420953.673219459,Uninterrupted_Baseline,108
1790420953.752086667,Uninterrupted_Baseline,75
1790420953.835551123,Uninterrupted_Baseline,76
1790420953.913433779,Uninterrupted_Baseline,77
1790420953.981827489,Uninterrupted_Baseline,78
1790420954.058062047,Uninterrupted_Baseline,79
1790420954.124969886,Uninterrupted_Baseline,80
1790420954.199078173,Uninterrupted_Baseline,81
1790420954.277779123,Uninterrupted_Baseline,82
1790420954.344909211,Uninterrupted_Baseline,83
1790420954.417942762,Uninterrupted_Baseline,84
1790420954.481941369,Uninterrupted_Baseline,85
1790420954.565130527,Uninterrupted_Baseline,86
1790420954.632149899,Uninterrupted_Baseline,87
1790420954.701736041,Uninterrupted_Baseline,88
1790420954.786371532,Uninterrupted_Baseline,89
1790420954.851893786,Uninterrupted_Baseline,90
1790420954.932311255,Uninterrupted_Baseline,91
1790420955.019956955,Uninterrupted_Baseline,92
1790420955.072106572,Uninterrupted_Baseline,93
1790420955.145335977,Uninterrupted_Baseline,94
1790420955.223909437,Uninterrupted_Baseline,95
1790420955.297944012,Uninterrupted_Baseline,96
1790420955.379756971,Uninterrupted_Baseline,97
1790420955.461542710,Uninterrupted_Baseline,98
1790420955.542702523,Uninterrupted_Baseline,99
1790420955.625637462,Uninterrupted_Baseline,101
1790420955.705233263,Uninterrupted_Baseline,102
1790420955.787295609,Uninterrupted_Baseline,103
1790420955.868713324,Uninterrupted_Baseline,104
1790420955.949122194,Uninterrupted_Baseline,105
1790420956.028213544,Uninterrupted_Baseline,106
1790420956.111527743,Uninterrupted_Baseline,107
1790420956.195539024,Uninterrupted_Baseline,109
1790420956.278254386,Uninterrupted_Baseline,110
1790420956.359365287,Uninterrupted_Baseline,111
1790420956.438802132,Uninterrupted_Baseline,112
1790420956.517442023,Uninterrupted_Baseline,113
1790420956.588249246,Uninterrupted_Baseline,114
1790420956.667754251,Uninterrupted_Baseline,115
1790420956.730211618,Uninterrupted_Baseline,116
1790420956.809136748,Uninterrupted_Baseline,117
1790420956.889545398,Uninterrupted_Baseline,118
1790420956.971352946,Uninterrupted_Baseline,119
1790420957.051769140,Uninterrupted_Baseline,121
1790420957.112542772,Uninterrupted_Baseline,121
1790420957.181963954,Uninterrupted_Baseline,122
1790420957.263125915,Uninterrupted_Baseline,123
1790420957.345050529,Uninterrupted_Baseline,125
1790420957.407495037,Uninterrupted_Baseline,126
1790420957.481545467,Uninterrupted_Baseline,127
1790420957.564457172,Uninterrupted_Baseline,128
1790420957.656190102,Uninterrupted_Baseline,129
1790420957.736088935,Uninterrupted_Baseline,130
1790420957.807789506,Uninterrupted_Baseline,131
1790420957.892199430,Uninterrupted_Baseline,132
1790420957.981902294,Uninterrupted_Baseline,134
1790420958.058481778,Uninterrupted_Baseline,135
1790420958.138134886,Uninterrupted_Baseline,136
1790420958.204728886,Uninterrupted_Baseline,137
1790420958.278087050,Uninterrupted_Baseline,138
1790420958.347076049,Uninterrupted_Baseline,139
1790420958.423507170,Uninterrupted_Baseline,140
1790420958.474194334,Uninterrupted_Baseline,140
1790420958.523706912,Uninterrupted_Baseline,141
1790420958.586099827,Uninterrupted_Baseline,142
1790420958.638783253,Uninterrupted_Baseline,143
1790420958.717488349,Uninterrupted_Baseline,144
1790420958.797148070,Uninterrupted_Baseline,145
1790420958.880264782,Uninterrupted_Baseline,146
1790420958.959324838,Uninterrupted_Baseline,147
1790420959.042119363,Uninterrupted_Baseline,148
1790420959.122963880,Uninterrupted_Baseline,149
1790420959.181133041,Uninterrupted_Baseline,150
1790420959.240760639,Uninterrupted_Baseline,151
1790420959.321845500,Uninterrupted_Baseline,152
1790420959.406142128,Uninterrupted_Baseline,153
1790420959.488520381,Uninterrupted_Baseline,154
1790420959.571040973,Uninterrupted_Baseline,156
1790420959.653811087,Uninterrupted_Baseline,157
1790420959.730511292,Uninterrupted_Baseline,158
1790420959.803014737,Uninterrupted_Baseline,159
1790420959.879093032,Uninterrupted_Baseline,160
1790420959.960563688,Uninterrupted_Baseline,161
1790420960.033773045,Uninterrupted_Baseline,162
1790420960.112798860,Uninterrupted_Baseline,163
1790420960.195015142,Uninterrupted_Baseline,164
1790420960.273192769,Uninterrupted_Baseline,165
1790420960.350078250,Uninterrupted_Baseline,166
1790420960.436488468,Uninterrupted_Baseline,167
1790420960.521486143,Uninterrupted_Baseline,169
1790420960.580128548,Uninterrupted_Baseline,169
1790420960.662935586,Uninterrupted_Baseline,170
1790420960.743639593,Uninterrupted_Baseline,172
1790420960.828607409,Uninterrupted_Baseline,173
1790420960.914344023,Uninterrupted_Baseline,174
1790420960.992719328,Uninterrupted_Baseline,175
1790420961.070770526,Uninterrupted_Baseline,176
1790420961.153945400,Uninterrupted_Baseline,177
1790420961.236132011,Uninterrupted_Baseline,178
1790420961.314384654,Uninterrupted_Baseline,179
1790420961.393493415,Uninterrupted_Baseline,180
1790420961.475087349,Uninterrupted_Baseline,181
1790420961.535072219,Uninterrupted_Baseline,182
1790420961.599366863,Uninterrupted_Baseline,183
1790420961.682899161,Uninterrupted_Baseline,184
1790420961.764395526,Uninterrupted_Baseline,185
1790420961.845851960,Uninterrupted_Baseline,187
1790420961.927821815,Uninterrupted_Baseline,188
1790420962.003601064,Uninterrupted_Baseline,189
1790420962.087893432,Uninterrupted_Baseline,190
1790420962.169403907,Uninterrupted_Baseline,191
1790420962.251599604,Uninterrupted_Baseline,192
1790420962.337564772,Uninterrupted_Baseline,193
1790420962.403588060,Uninterrupted_Baseline,194
1790420962.490527483,Uninterrupted_Baseline,196
1790420962.573337608,Uninterrupted_Baseline,197
1790420962.653537550,Uninterrupted_Baseline,198
1790420962.739439256,Uninterrupted_Baseline,199
1790420962.819485745,Uninterrupted_Baseline,200
1790420962.901385396,Uninterrupted_Baseline,201
1790420962.984427540,Uninterrupted_Baseline,202
1790420963.060475741,Uninterrupted_Baseline,204
1790420963.145809245,Uninterrupted_Baseline,205
1790420963.229094809,Uninterrupted_Baseline,206
1790420963.317407983,Uninterrupted_Baseline,207
1790420963.397158020,Uninterrupted_Baseline,208
1790420963.475144666,Uninterrupted_Baseline,209
1790420963.550956058,Uninterrupted_Baseline,210
1790420963.618557957,Uninterrupted_Baseline,211
1790420963.710502013,Uninterrupted_Baseline,212
1790420963.789231438,Uninterrupted_Baseline,213
1790420963.857638364,Uninterrupted_Baseline,214
1790420963.940396763,Uninterrupted_Baseline,215
1790420964.027487578,Uninterrupted_Baseline,217
1790420964.098156795,Uninterrupted_Baseline,217
1790420964.182496374,Uninterrupted_Baseline,219
1790420964.260561310,Uninterrupted_Baseline,220
1790420964.346421000,Uninterrupted_Baseline,221
1790420964.413271391,Uninterrupted_Baseline,222
1790420964.495763166,Uninterrupted_Baseline,223
1790420964.577759172,Uninterrupted_Baseline,224
1790420964.660552330,Uninterrupted_Baseline,225
1790420964.740516601,Uninterrupted_Baseline,226
1790420964.818335787,Uninterrupted_Baseline,227
1790420964.897422924,Uninterrupted_Baseline,228
1790420964.976920904,Uninterrupted_Baseline,230
1790420965.059475345,Uninterrupted_Baseline,231
1790420965.142863545,Uninterrupted_Baseline,232
1790420965.223580307,Uninterrupted_Baseline,233
1790420965.307751589,Uninterrupted_Baseline,234
1790420965.388880931,Uninterrupted_Baseline,235
1790420965.468777954,Uninterrupted_Baseline,236
1790420965.549297931,Uninterrupted_Baseline,237
1790420965.629855787,Uninterrupted_Baseline,238
1790420965.711065928,Uninterrupted_Baseline,240
1790420965.793620340,Uninterrupted_Baseline,241
1790420965.873015027,Uninterrupted_Baseline,242
1790420965.941328335,Uninterrupted_Baseline,243
1790420966.021698855,Uninterrupted_Baseline,244
1790420966.081577816,Uninterrupted_Baseline,244
1790420966.156837892,Uninterrupted_Baseline,246
1790420966.238883573,Uninterrupted_Baseline,247
1790420966.322614331,Uninterrupted_Baseline,248
1790420966.400990350,Uninterrupted_Baseline,249
1790420966.482110216,Uninterrupted_Baseline,250
1790420966.565575541,Uninterrupted_Baseline,251
1790420966.647022522,Uninterrupted_Baseline,252
1790420966.731961632,Uninterrupted_Baseline,253
1790420966.817357452,Uninterrupted_Baseline,254
1790420966.892755200,Uninterrupted_Baseline,255
1790420966.976015218,Uninterrupted_Baseline,257
1790420967.065759357,Uninterrupted_Baseline,258
1790420967.156872576,Uninterrupted_Baseline,259
1790420967.239404163,Uninterrupted_Baseline,260
1790420967.322136162,Uninterrupted_Baseline,261
1790420967.405759685,Uninterrupted_Baseline,262
1790420967.496473353,Uninterrupted_Baseline,263
1790420967.576344711,Uninterrupted_Baseline,265
1790420967.655118611,Uninterrupted_Baseline,266
1790420967.737230027,Uninterrupted_Baseline,267
1790420967.820412358,Uninterrupted_Baseline,268
1790420967.901377344,Uninterrupted_Baseline,269
1790420967.984730268,Uninterrupted_Baseline,270
1790420968.060109058,Uninterrupted_Baseline,271
1790420968.118553933,Uninterrupted_Baseline,272
1790420968.192756215,Uninterrupted_Baseline,273
1790420968.267054848,Uninterrupted_Baseline,274
1790420968.326895498,Uninterrupted_Baseline,275
1790420968.402178853,Uninterrupted_Baseline,276
1790420968.450950141,Uninterrupted_Baseline,276
1790420968.521019041,Uninterrupted_Baseline,277
1790420968.571529814,Uninterrupted_Baseline,278
1790420968.625098324,Uninterrupted_Baseline,279
1790420968.694495578,Uninterrupted_Baseline,280
1790420968.777246274,Uninterrupted_Baseline,281
1790420968.854476276,Uninterrupted_Baseline,282
1790420968.941575738,Uninterrupted_Baseline,283
1790420969.019137652,Uninterrupted_Baseline,284
1790420969.091227044,Uninterrupted_Baseline,285
1790420969.166474121,Uninterrupted_Baseline,286
1790420969.242747379,Uninterrupted_Baseline,287
1790420969.300198190,Uninterrupted_Baseline,288
1790420969.357608175,Uninterrupted_Baseline,288
1790420969.441944786,Uninterrupted_Baseline,290
1790420969.527430790,Uninterrupted_Baseline,291
1790420969.606877060,Uninterrupted_Baseline,292
1790420969.687503136,Uninterrupted_Baseline,293
1790420969.770029147,Uninterrupted_Baseline,294
1790420969.844584703,Uninterrupted_Baseline,295
1790420969.926933357,Uninterrupted_Baseline,296
1790420970.005494057,Uninterrupted_Baseline,297
1790420970.088446777,Uninterrupted_Baseline,298
1790420970.169917786,Uninterrupted_Baseline,299
1790420970.253636585,Uninterrupted_Baseline,300
1790420970.331497464,Uninterrupted_Baseline,301
1790420970.417225191,Uninterrupted_Baseline,303
1790420970.504576031,Uninterrupted_Baseline,304
1790420970.582576704,Uninterrupted_Baseline,305
1790420970.664147182,Uninterrupted_Baseline,306
1790420970.745132451,Uninterrupted_Baseline,307
1790420970.825537375,Uninterrupted_Baseline,308
1790420970.904236473,Uninterrupted_Baseline,309
1790420970.991298299,Uninterrupted_Baseline,310
1790420971.074026387,Uninterrupted_Baseline,311
1790420971.160849735,Uninterrupted_Baseline,312
1790420971.242374217,Uninterrupted_Baseline,313
1790420971.305174139,Uninterrupted_Baseline,314
1790420971.384923566,Uninterrupted_Baseline,315
1790420971.466903841,Uninterrupted_Baseline,316
1790420971.543290806,Uninterrupted_Baseline,317
1790420971.608622575,Uninterrupted_Baseline,318
1790420971.674744900,Uninterrupted_Baseline,319
1790420971.754387848,Uninterrupted_Baseline,320
1790420971.824014037,Uninterrupted_Baseline,321
1790420971.888169862,Uninterrupted_Baseline,321
1790420971.970029391,Uninterrupted_Baseline,322
1790420972.058417024,Uninterrupted_Baseline,324
1790420972.124802844,Uninterrupted_Baseline,324
1790420972.198980664,Uninterrupted_Baseline,325
1790420972.264158657,Uninterrupted_Baseline,326
1790420972.345160599,Uninterrupted_Baseline,327
1790420972.407552590,Uninterrupted_Baseline,328
1790420972.491417890,Uninterrupted_Baseline,329
1790420972.569509402,Uninterrupted_Baseline,279
1790420972.647567092,Uninterrupted_Baseline,165
1790420972.728447566,Uninterrupted_Baseline,165
1790420972.810237479,Uninterrupted_Baseline,96
1790420972.886535391,Uninterrupted_Baseline,82
1790420972.951729496,Uninterrupted_Baseline,82
1790420973.034725603,Uninterrupted_Baseline,82
1790420973.123061474,Uninterrupted_Baseline,41
1790420973.204598393,Uninterrupted_Baseline,41
1790420973.290344590,Uninterrupted_Baseline,41
1790420973.369803991,Uninterrupted_Baseline,29
1790420973.450373246,Uninterrupted_Baseline,20
1790420973.532221170,Uninterrupted_Baseline,21
1790420973.613288212,Uninterrupted_Baseline,22
1790420973.693843832,Uninterrupted_Baseline,23
1790420973.778603270,Uninterrupted_Baseline,24
1790420973.859643871,Uninterrupted_Baseline,25
1790420973.941326888,Uninterrupted_Baseline,27
1790420974.025470997,Uninterrupted_Baseline,28
1790420974.090551896,Uninterrupted_Baseline,29
1790420974.169053839,Uninterrupted_Baseline,30
1790420974.251231736,Uninterrupted_Baseline,31
1790420974.333981134,Uninterrupted_Baseline,32
1790420974.418799327,Uninterrupted_Baseline,33
1790420974.500999826,Uninterrupted_Baseline,34
1790420974.583254009,Uninterrupted_Baseline,35
1790420974.669309549,Uninterrupted_Baseline,36
1790420974.751486181,Uninterrupted_Baseline,37
1790420974.834294320,Uninterrupted_Baseline,39
1790420974.904991412,Uninterrupted_Baseline,39
1790420974.991512372,Uninterrupted_Baseline,40
1790420975.043149238,Uninterrupted_Baseline,41
1790420975.102133455,Uninterrupted_Baseline,42
1790420975.170861380,Uninterrupted_Baseline,43
1790420975.240954019,Uninterrupted_Baseline,44
1790420975.321250142,Uninterrupted_Baseline,45
1790420975.399877148,Uninterrupted_Baseline,46
1790420975.477927639,Uninterrupted_Baseline,47
1790420975.561455560,Uninterrupted_Baseline,49
1790420975.641298248,Uninterrupted_Baseline,50
1790420975.719184112,Uninterrupted_Baseline,51
1790420975.804010365,Uninterrupted_Baseline,52
1790420975.884454566,Uninterrupted_Baseline,53
1790420975.964527331,Uninterrupted_Baseline,54
1790420976.049819870,Uninterrupted_Baseline,55
1790420976.134355095,Uninterrupted_Baseline,57
1790420976.219637494,Uninterrupted_Baseline,58
1790420976.294892116,Uninterrupted_Baseline,59
1790420976.370615177,Uninterrupted_Baseline,60
1790420976.446530551,Uninterrupted_Baseline,61
1790420976.523733754,Uninterrupted_Baseline,62
1790420976.592297862,Uninterrupted_Baseline,63
1790420976.669515635,Uninterrupted_Baseline,64
1790420976.743453844,Uninterrupted_Baseline,65
1790420976.825159696,Uninterrupted_Baseline,66
1790420976.906114596,Uninterrupted_Baseline,67
1790420976.985873313,Uninterrupted_Baseline,69
1790420977.064017400,Uninterrupted_Baseline,70
1790420977.148384644,Uninterrupted_Baseline,71
1790420977.228369539,Uninterrupted_Baseline,72
1790420977.306929767,Uninterrupted_Baseline,73
1790420977.383500396,Uninterrupted_Baseline,74
1790420977.460038476,Uninterrupted_Baseline,75
1790420977.540259077,Uninterrupted_Baseline,76
1790420977.621156636,Uninterrupted_Baseline,77
1790420977.699917890,Uninterrupted_Baseline,78
1790420977.773817922,Uninterrupted_Baseline,80
1790420977.857490397,Uninterrupted_Baseline,81
1790420977.942955384,Uninterrupted_Baseline,82
1790420978.023214697,Uninterrupted_Baseline,83
1790420978.102136048,Uninterrupted_Baseline,84
1790420978.173996750,Uninterrupted_Baseline,85
1790420978.250018187,Uninterrupted_Baseline,86
1790420978.327429103,Uninterrupted_Baseline,87
1790420978.401548829,Uninterrupted_Baseline,88
1790420978.450370377,Uninterrupted_Baseline,89
1790420978.505166204,Uninterrupted_Baseline,90
1790420978.577620642,Uninterrupted_Baseline,91
1790420978.651008305,Uninterrupted_Baseline,92
1790420978.715516337,Uninterrupted_Baseline,93
1790420978.799890908,Uninterrupted_Baseline,94
1790420978.863598138,Uninterrupted_Baseline,95
1790420978.947797529,Uninterrupted_Baseline,96
1790420979.036285827,Uninterrupted_Baseline,98
1790420979.122864084,Uninterrupted_Baseline,99
1790420979.202381167,Uninterrupted_Baseline,100
1790420979.286829683,Uninterrupted_Baseline,101
1790420979.370238697,Uninterrupted_Baseline,102
1790420979.453488161,Uninterrupted_Baseline,103
1790420979.537389165,Uninterrupted_Baseline,104
1790420979.620443356,Uninterrupted_Baseline,105
1790420979.700106093,Uninterrupted_Baseline,107
1790420979.779142478,Uninterrupted_Baseline,108
1790420979.862013387,Uninterrupted_Baseline,109
1790420979.942202360,Uninterrupted_Baseline,110
1790420980.023537878,Uninterrupted_Baseline,111
1790420980.104768686,Uninterrupted_Baseline,112
1790420980.187475464,Uninterrupted_Baseline,114
1790420980.270054940,Uninterrupted_Baseline,115
1790420980.352522735,Uninterrupted_Baseline,116
1790420980.428414902,Uninterrupted_Baseline,117
1790420980.500150170,Uninterrupted_Baseline,118
1790420980.563051656,Uninterrupted_Baseline,119
1790420980.621166010,Uninterrupted_Baseline,120
1790420980.697398636,Uninterrupted_Baseline,120
1790420980.762445411,Uninterrupted_Baseline,122
1790420980.844437661,Uninterrupted_Baseline,123
1790420980.926791340,Uninterrupted_Baseline,124
1790420981.011999988,Uninterrupted_Baseline,125
1790420981.076079922,Uninterrupted_Baseline,126
1790420981.139228365,Uninterrupted_Baseline,127
1790420981.221933733,Uninterrupted_Baseline,128
1790420981.302816204,Uninterrupted_Baseline,129
1790420981.380931333,Uninterrupted_Baseline,130
1790420981.466804273,Uninterrupted_Baseline,131
1790420981.552930339,Uninterrupted_Baseline,133
1790420981.634098711,Uninterrupted_Baseline,134
1790420981.716034240,Uninterrupted_Baseline,135
1790420981.798972887,Uninterrupted_Baseline,136
1790420981.888706061,Uninterrupted_Baseline,137
1790420981.968978822,Uninterrupted_Baseline,138
1790420982.056371218,Uninterrupted_Baseline,139
1790420982.138899893,Uninterrupted_Baseline,141
1790420982.217807138,Uninterrupted_Baseline,142
1790420982.301553086,Uninterrupted_Baseline,143
1790420982.377346365,Uninterrupted_Baseline,144
1790420982.459066371,Uninterrupted_Baseline,145
1790420982.542898718,Uninterrupted_Baseline,146
1790420982.621343360,Uninterrupted_Baseline,147
1790420982.702562598,Uninterrupted_Baseline,148
1790420982.772161446,Uninterrupted_Baseline,149
1790420982.851812827,Uninterrupted_Baseline,150
1790420982.932564166,Uninterrupted_Baseline,151
1790420983.009118950,Uninterrupted_Baseline,153
1790420983.094496170,Uninterrupted_Baseline,154
1790420983.173345673,Uninterrupted_Baseline,155
1790420983.255244177,Uninterrupted_Baseline,156
1790420983.335945624,Uninterrupted_Baseline,157
1790420983.414445289,Uninterrupted_Baseline,158
1790420983.491438184,Uninterrupted_Baseline,159
1790420983.572269318,Uninterrupted_Baseline,160
1790420983.648977394,Uninterrupted_Baseline,161
1790420983.730626016,Uninterrupted_Baseline,162
1790420983.816580767,Uninterrupted_Baseline,164
1790420983.900555841,Uninterrupted_Baseline,165
1790420983.987347596,Uninterrupted_Baseline,166
1790420994.717092520,Phase1_Baseline,10
1790420994.800705218,Phase1_Baseline,5
1790420994.877372339,Phase1_Baseline,18
1790420994.949962700,Phase1_Baseline,46
1790420995.030405989,Phase1_Baseline,88
1790420995.117156871,Phase1_Baseline,181
1790420995.203457626,Phase1_Baseline,373
1790420995.281818659,Phase1_Baseline,730
1790420995.363853415,Phase1_Baseline,1073
1790420995.444015421,Phase1_Baseline,1115
1790420995.534879127,Phase1_Baseline,886
1790420995.615314240,Phase1_Baseline,599
1790420995.699344666,Phase1_Baseline,599
1790420995.786520095,Phase1_Baseline,599
1790420995.870467684,Phase1_Baseline,599
1790420995.945841911,Phase1_Baseline,435
1790420996.023198826,Phase1_Baseline,299
1790420996.088383309,Phase1_Baseline,299
1790420996.152815169,Phase1_Baseline,199
1790420996.233605197,Phase1_Baseline,149
1790420996.310836206,Phase1_Baseline,149
1790420996.363495257,Phase1_Baseline,134
1790420996.435555090,Phase1_Baseline,74
1790420996.513597436,Phase1_Baseline,75
1790420996.586008948,Phase1_Baseline,76
1790420996.670824881,Phase1_Baseline,77
1790420996.745323407,Phase1_Baseline,78
1790420996.826611260,Phase1_Baseline,79
1790420996.907033034,Phase1_Baseline,80
1790420996.988726521,Phase1_Baseline,81
1790420997.073308962,Phase1_Baseline,82
1790420997.139771455,Phase1_Baseline,83
1790420997.200413076,Phase1_Baseline,84
1790420997.274168121,Phase1_Baseline,85
1790420997.352956818,Phase1_Baseline,86
1790420997.430819746,Phase1_Baseline,87
1790420997.508823815,Phase1_Baseline,88
1790420997.590784520,Phase1_Baseline,90
1790420997.672192280,Phase1_Baseline,91
1790420997.752190531,Phase1_Baseline,92
1790420997.831183565,Phase1_Baseline,93
1790420997.915269725,Phase1_Baseline,94
1790420997.999240416,Phase1_Baseline,95
1790420998.070133379,Phase1_Baseline,96
1790420998.150334270,Phase1_Baseline,98
1790420998.218365849,Phase1_Baseline,98
1790420998.290201841,Phase1_Baseline,99
1790420998.366141499,Phase1_Baseline,101
1790420998.431931018,Phase1_Baseline,101
1790420998.481728399,Phase1_Baseline,102
1790420998.536519200,Phase1_Baseline,103
1790420998.592592980,Phase1_Baseline,104
1790420998.665238931,Phase1_Baseline,105
1790420998.731757747,Phase1_Baseline,106
1790420998.808402235,Phase1_Baseline,107
1790420998.893043141,Phase1_Baseline,108
1790420998.976573372,Phase1_Baseline,109
1790420999.057544125,Phase1_Baseline,110
1790420999.115075439,Phase1_Baseline,111
1790420999.166786972,Phase1_Baseline,112
1790420999.222495726,Phase1_Baseline,113
1790420999.303520206,Phase1_Baseline,114
1790420999.375561270,Phase1_Baseline,115
1790420999.452396908,Phase1_Baseline,116
1790420999.531861747,Phase1_Baseline,117
1790420999.610429074,Phase1_Baseline,118
1790420999.696081025,Phase1_Baseline,119
1790420999.756784334,Phase1_Baseline,120
1790420999.836983592,Phase1_Baseline,121
1790420999.919213939,Phase1_Baseline,122
1790420999.979748595,Phase1_Baseline,123
1790421000.065298128,Phase1_Baseline,124
1790421000.139855714,Phase1_Baseline,125
1790421000.225180377,Phase1_Baseline,126
1790421000.300793897,Phase1_Baseline,127
1790421000.383985126,Phase1_Baseline,129
1790421000.463360113,Phase1_Baseline,130
1790421000.543991671,Phase1_Baseline,131
1790421000.626032925,Phase1_Baseline,132
1790421000.704918074,Phase1_Baseline,133
1790421000.788159122,Phase1_Baseline,134
1790421000.864180987,Phase1_Baseline,135
1790421000.929779261,Phase1_Baseline,136
1790421001.014060119,Phase1_Baseline,137
1790421001.094902293,Phase1_Baseline,138
1790421001.172093720,Phase1_Baseline,140
1790421001.252176937,Phase1_Baseline,141
1790421001.323151384,Phase1_Baseline,142
1790421001.406123347,Phase1_Baseline,143
1790421001.497753646,Phase1_Baseline,144
1790421001.581585124,Phase1_Baseline,145
1790421001.664515375,Phase1_Baseline,146
1790421001.737014433,Phase1_Baseline,147
1790421001.818334285,Phase1_Baseline,148
1790421001.897031628,Phase1_Baseline,150
1790421001.977381217,Phase1_Baseline,151
1790421002.059382402,Phase1_Baseline,152
1790421002.143875078,Phase1_Baseline,153
1790421002.227879749,Phase1_Baseline,154
1790421002.310166723,Phase1_Baseline,155
1790421002.391912009,Phase1_Baseline,156
1790421002.469261128,Phase1_Baseline,157
1790421002.549640521,Phase1_Baseline,159
1790421002.631961804,Phase1_Baseline,160
1790421002.715873304,Phase1_Baseline,161
1790421002.796922389,Phase1_Baseline,162
1790421002.872302275,Phase1_Baseline,163
1790421002.937550619,Phase1_Baseline,164
1790421003.011432517,Phase1_Baseline,165
1790421003.093839221,Phase1_Baseline,166
1790421003.179000052,Phase1_Baseline,167
1790421003.261034543,Phase1_Baseline,169
1790421003.339455746,Phase1_Baseline,170
1790421003.412952730,Phase1_Baseline,171
1790421003.496899680,Phase1_Baseline,172
1790421003.568201919,Phase1_Baseline,173
1790421003.653794565,Phase1_Baseline,174
1790421003.729495147,Phase1_Baseline,175
1790421003.802961545,Phase1_Baseline,176
1790421003.891150627,Phase1_Baseline,177
1790421003.969197006,Phase1_Baseline,178
1790421004.049332805,Phase1_Baseline,179
1790421004.129622327,Phase1_Baseline,180
1790421004.213167958,Phase1_Baseline,182
1790421004.297865551,Phase1_Baseline,183
1790421004.371434865,Phase1_Baseline,184
1790421004.447692833,Phase1_Baseline,185
1790421004.531065727,Phase1_Baseline,186
1790421004.606830460,Phase1_Baseline,187
1790421004.686263914,Phase1_Baseline,188
1790421004.774514151,Phase1_Baseline,189
1790421004.853441005,Phase1_Baseline,190
1790421004.939832743,Phase1_Baseline,192
1790421004.992424281,Phase1_Baseline,192
1790421005.054491216,Phase1_Baseline,193
1790421005.121227206,Phase1_Baseline,194
1790421005.194731805,Phase1_Baseline,195
1790421005.276738400,Phase1_Baseline,196
1790421005.340265992,Phase1_Baseline,197
1790421005.415636787,Phase1_Baseline,198
1790421005.487480123,Phase1_Baseline,199
1790421005.569094016,Phase1_Baseline,200
1790421005.654223553,Phase1_Baseline,201
1790421005.732438471,Phase1_Baseline,202
1790421005.814214514,Phase1_Baseline,203
1790421005.897006415,Phase1_Baseline,205
1790421005.978147552,Phase1_Baseline,206
1790421006.061008531,Phase1_Baseline,207
1790421006.147120414,Phase1_Baseline,208
1790421006.229179799,Phase1_Baseline,209
1790421006.293998029,Phase1_Baseline,210
1790421006.370582982,Phase1_Baseline,211
1790421006.449623486,Phase1_Baseline,212
1790421006.532076704,Phase1_Baseline,213
1790421006.615576137,Phase1_Baseline,215
1790421006.703284174,Phase1_Baseline,216
1790421006.785697256,Phase1_Baseline,217
1790421006.860737658,Phase1_Baseline,218
1790421006.933057488,Phase1_Baseline,219
1790421007.008456925,Phase1_Baseline,220
1790421007.078494989,Phase1_Baseline,221
1790421007.152285250,Phase1_Baseline,222
1790421007.230726476,Phase1_Baseline,223
1790421007.311037548,Phase1_Baseline,224
1790421007.394073152,Phase1_Baseline,225
1790421007.479583939,Phase1_Baseline,226
1790421007.560471368,Phase1_Baseline,227
1790421007.640438487,Phase1_Baseline,228
1790421007.724742996,Phase1_Baseline,230
1790421007.802591343,Phase1_Baseline,231
1790421007.879326571,Phase1_Baseline,232
1790421007.959155878,Phase1_Baseline,233
1790421008.037493696,Phase1_Baseline,234
1790421008.112880213,Phase1_Baseline,235
1790421008.190120647,Phase1_Baseline,236
1790421008.261403904,Phase1_Baseline,237
1790421008.331553072,Phase1_Baseline,238
1790421008.401984221,Phase1_Baseline,239
1790421008.453204138,Phase1_Baseline,239
1790421008.514497693,Phase1_Baseline,240
1790421008.573538999,Phase1_Baseline,241
1790421008.630730572,Phase1_Baseline,242
1790421008.690001415,Phase1_Baseline,243
1790421008.761003252,Phase1_Baseline,244
1790421008.840727790,Phase1_Baseline,245
1790421008.917189374,Phase1_Baseline,246
1790421008.997842585,Phase1_Baseline,247
1790421009.078716544,Phase1_Baseline,248
1790421009.144266218,Phase1_Baseline,249
1790421009.227213653,Phase1_Baseline,250
1790421009.301262081,Phase1_Baseline,251
1790421009.382278279,Phase1_Baseline,252
1790421009.469926106,Phase1_Baseline,253
1790421009.547314748,Phase1_Baseline,254
1790421009.614517351,Phase1_Baseline,255
1790421009.693975226,Phase1_Baseline,256
1790421009.750963248,Phase1_Baseline,257
1790421009.810319281,Phase1_Baseline,258
1790421009.888891901,Phase1_Baseline,259
1790421009.971732388,Phase1_Baseline,260
1790421010.050027107,Phase1_Baseline,261
1790421010.128792312,Phase1_Baseline,262
1790421011.445413571,Phase2_Migrated,10
1790421011.536054549,Phase2_Migrated,10
1790421011.628023504,Phase2_Migrated,18
1790421011.719230278,Phase2_Migrated,36
1790421011.800530480,Phase2_Migrated,57
1790421011.891409596,Phase2_Migrated,156
1790421011.980234461,Phase2_Migrated,295
1790421012.066117295,Phase2_Migrated,544
1790421012.157840228,Phase2_Migrated,890
1790421012.250324121,Phase2_Migrated,656
1790421012.345265409,Phase2_Migrated,561
1790421012.421314387,Phase2_Migrated,458
1790421012.500508292,Phase2_Migrated,458
1790421012.596268897,Phase2_Migrated,312
1790421012.691035267,Phase2_Migrated,229
1790421012.786294682,Phase2_Migrated,182
1790421012.884882479,Phase2_Migrated,114
1790421012.973072307,Phase2_Migrated,114
1790421013.063380541,Phase2_Migrated,57
1790421013.159019445,Phase2_Migrated,57
1790421013.256345623,Phase2_Migrated,58
1790421013.343494372,Phase2_Migrated,59
1790421013.436433878,Phase2_Migrated,61
1790421013.534416494,Phase2_Migrated,62
1790421013.628418292,Phase2_Migrated,63
1790421013.717542244,Phase2_Migrated,64
1790421013.811600691,Phase2_Migrated,66
1790421013.906015362,Phase2_Migrated,67
1790421014.007130886,Phase2_Migrated,69
1790421014.099523466,Phase2_Migrated,70
1790421014.193823291,Phase2_Migrated,71
1790421014.270722484,Phase2_Migrated,72
1790421014.362290237,Phase2_Migrated,74
1790421014.458475759,Phase2_Migrated,75
1790421014.551459607,Phase2_Migrated,76
1790421014.626832206,Phase2_Migrated,77
1790421014.715915132,Phase2_Migrated,79
1790421014.812420649,Phase2_Migrated,80
1790421014.903828189,Phase2_Migrated,82
1790421015.008336129,Phase2_Migrated,83
1790421015.065041980,Phase2_Migrated,83
1790421015.140300095,Phase2_Migrated,85
1790421015.229299548,Phase2_Migrated,86
1790421015.315992787,Phase2_Migrated,87
1790421015.404297477,Phase2_Migrated,88
1790421015.497366201,Phase2_Migrated,90
1790421015.592210027,Phase2_Migrated,91
1790421015.684943890,Phase2_Migrated,92
1790421015.778844666,Phase2_Migrated,93
1790421015.870746667,Phase2_Migrated,95
1790421015.965120657,Phase2_Migrated,96
1790421016.057179159,Phase2_Migrated,98
1790421016.143492319,Phase2_Migrated,99
1790421016.237214017,Phase2_Migrated,100
1790421016.325920985,Phase2_Migrated,101
1790421016.418070264,Phase2_Migrated,102
1790421016.514587424,Phase2_Migrated,104
1790421016.613907575,Phase2_Migrated,105
1790421016.706386897,Phase2_Migrated,107
1790421016.801583671,Phase2_Migrated,108
1790421016.898021613,Phase2_Migrated,109
1790421016.990966348,Phase2_Migrated,111
1790421017.086330213,Phase2_Migrated,112
1790421017.180957423,Phase2_Migrated,113
1790421017.270639539,Phase2_Migrated,115
1790421017.360164985,Phase2_Migrated,116
1790421017.457494407,Phase2_Migrated,117
1790421017.553363882,Phase2_Migrated,119
1790421017.644221597,Phase2_Migrated,120
1790421017.738505561,Phase2_Migrated,121
1790421017.829740496,Phase2_Migrated,123
1790421017.920468024,Phase2_Migrated,124
1790421018.004066593,Phase2_Migrated,125
1790421018.081928138,Phase2_Migrated,126
1790421018.165926333,Phase2_Migrated,127
1790421018.248090716,Phase2_Migrated,128
1790421018.318498314,Phase2_Migrated,129
1790421018.396021810,Phase2_Migrated,130
1790421018.455055682,Phase2_Migrated,131
1790421018.518013787,Phase2_Migrated,132
1790421018.587082832,Phase2_Migrated,133
1790421018.677094849,Phase2_Migrated,134
1790421018.753534933,Phase2_Migrated,135
1790421018.840634065,Phase2_Migrated,137
1790421018.931637151,Phase2_Migrated,138
1790421019.013031199,Phase2_Migrated,139
1790421019.103827241,Phase2_Migrated,140
1790421019.177626765,Phase2_Migrated,141
1790421019.267180682,Phase2_Migrated,142
1790421019.362118168,Phase2_Migrated,144
1790421019.452243631,Phase2_Migrated,145
1790421019.546820162,Phase2_Migrated,146
1790421019.640057086,Phase2_Migrated,148
1790421019.732844635,Phase2_Migrated,149
1790421019.823373727,Phase2_Migrated,150
1790421019.916408834,Phase2_Migrated,152
1790421020.008004536,Phase2_Migrated,153
1790421020.106788121,Phase2_Migrated,154
1790421020.199459430,Phase2_Migrated,155
1790421020.295916428,Phase2_Migrated,157
1790421020.385915137,Phase2_Migrated,158
1790421020.478399064,Phase2_Migrated,159
1790421020.570860034,Phase2_Migrated,161
1790421020.663278921,Phase2_Migrated,162
1790421020.740825676,Phase2_Migrated,163
1790421020.835019444,Phase2_Migrated,164
1790421020.929322541,Phase2_Migrated,165
1790421021.020290861,Phase2_Migrated,166
1790421021.111231096,Phase2_Migrated,168
1790421021.201472514,Phase2_Migrated,169
1790421021.293840523,Phase2_Migrated,170
1790421021.378011211,Phase2_Migrated,171
1790421021.471979712,Phase2_Migrated,173
1790421021.563201227,Phase2_Migrated,174
1790421021.655316024,Phase2_Migrated,175
1790421021.748032727,Phase2_Migrated,176
1790421021.842825327,Phase2_Migrated,178
1790421021.932490520,Phase2_Migrated,179
1790421022.023634453,Phase2_Migrated,180
1790421022.125041969,Phase2_Migrated,182
1790421022.219925629,Phase2_Migrated,183
1790421022.310768759,Phase2_Migrated,184
1790421022.410376362,Phase2_Migrated,185
1790421022.505892760,Phase2_Migrated,187
1790421022.599102959,Phase2_Migrated,188
1790421022.694834043,Phase2_Migrated,189
1790421022.789203643,Phase2_Migrated,191
1790421022.874264329,Phase2_Migrated,192
1790421022.968723850,Phase2_Migrated,193
1790421023.053220060,Phase2_Migrated,194
1790421023.152641382,Phase2_Migrated,196
1790421023.250332867,Phase2_Migrated,197
1790421023.333870496,Phase2_Migrated,198
1790421023.405811313,Phase2_Migrated,199
1790421023.483198534,Phase2_Migrated,200
1790421023.563624403,Phase2_Migrated,201
1790421023.656211366,Phase2_Migrated,202
1790421023.746414635,Phase2_Migrated,204
1790421023.835939379,Phase2_Migrated,205
1790421023.912136666,Phase2_Migrated,206
1790421024.007282804,Phase2_Migrated,208
1790421024.106350938,Phase2_Migrated,209
1790421024.195521048,Phase2_Migrated,210
1790421024.277191267,Phase2_Migrated,211
1790421024.370498577,Phase2_Migrated,212
1790421024.462514268,Phase2_Migrated,213
1790421024.540868134,Phase2_Migrated,215
1790421024.630503489,Phase2_Migrated,216
1790421024.727268729,Phase2_Migrated,217
1790421024.810793159,Phase2_Migrated,218
1790421024.905309466,Phase2_Migrated,220
1790421024.986193594,Phase2_Migrated,221
1790421025.085146272,Phase2_Migrated,222
1790421025.179089813,Phase2_Migrated,223
1790421025.271971207,Phase2_Migrated,225
1790421025.363848843,Phase2_Migrated,226
1790421025.457984641,Phase2_Migrated,227
1790421025.553792671,Phase2_Migrated,228
1790421025.646512504,Phase2_Migrated,230
1790421025.743137722,Phase2_Migrated,231
1790421025.820979959,Phase2_Migrated,232
1790421025.900896148,Phase2_Migrated,233
1790421025.982742003,Phase2_Migrated,234
1790421026.074882606,Phase2_Migrated,236
1790421026.171719146,Phase2_Migrated,237
1790421026.255168580,Phase2_Migrated,238
1790421026.352193737,Phase2_Migrated,239
1790421026.434077357,Phase2_Migrated,240
1790421026.525236854,Phase2_Migrated,242
1790421026.611964023,Phase2_Migrated,243
1790421026.703586260,Phase2_Migrated,244
1790421026.800940500,Phase2_Migrated,245
1790421026.886054926,Phase2_Migrated,247
1790421026.978958758,Phase2_Migrated,248
1790421027.070976064,Phase2_Migrated,249
1790421027.162765628,Phase2_Migrated,250
1790421027.244385095,Phase2_Migrated,251
1790421027.338263406,Phase2_Migrated,253
1790421029.869247867,Uninterrupted_Baseline,10
1790421029.951392343,Uninterrupted_Baseline,16
1790421030.032045879,Uninterrupted_Baseline,30
1790421030.112979034,Uninterrupted_Baseline,74
1790421030.193003450,Uninterrupted_Baseline,132
1790421030.273576380,Uninterrupted_Baseline,318
1790421030.341026213,Uninterrupted_Baseline,573
1790421030.427024354,Uninterrupted_Baseline,932
1790421030.506081933,Uninterrupted_Baseline,989
1790421030.590638373,Uninterrupted_Baseline,768
1790421030.672603164,Uninterrupted_Baseline,595
1790421030.754996214,Uninterrupted_Baseline,538
1790421030.836378891,Uninterrupted_Baseline,538
1790421030.889824832,Uninterrupted_Baseline,530
1790421030.951414277,Uninterrupted_Baseline,311
1790421031.034857626,Uninterrupted_Baseline,269
1790421031.118520798,Uninterrupted_Baseline,160
1790421031.198869982,Uninterrupted_Baseline,134
1790421031.275325945,Uninterrupted_Baseline,67
1790421031.356095718,Uninterrupted_Baseline,67
1790421031.440624293,Uninterrupted_Baseline,38
1790421031.527103991,Uninterrupted_Baseline,33
1790421031.614863279,Uninterrupted_Baseline,35
1790421031.707058665,Uninterrupted_Baseline,36
1790421031.792120178,Uninterrupted_Baseline,37
1790421031.871425684,Uninterrupted_Baseline,38
1790421031.953914120,Uninterrupted_Baseline,39
1790421032.042594073,Uninterrupted_Baseline,41
1790421032.124878660,Uninterrupted_Baseline,42
1790421032.205864142,Uninterrupted_Baseline,43
1790421032.289513797,Uninterrupted_Baseline,44
1790421032.371614493,Uninterrupted_Baseline,45
1790421032.452337041,Uninterrupted_Baseline,46
1790421032.528013672,Uninterrupted_Baseline,47
1790421032.608280509,Uninterrupted_Baseline,48
1790421032.689904651,Uninterrupted_Baseline,50
1790421032.772018907,Uninterrupted_Baseline,51
1790421032.854108123,Uninterrupted_Baseline,52
1790421032.934476092,Uninterrupted_Baseline,53
1790421033.017749249,Uninterrupted_Baseline,54
1790421033.102180578,Uninterrupted_Baseline,55
1790421033.179555472,Uninterrupted_Baseline,57
1790421033.261197939,Uninterrupted_Baseline,58
1790421033.344416885,Uninterrupted_Baseline,59
1790421033.424479787,Uninterrupted_Baseline,60
1790421033.505887335,Uninterrupted_Baseline,61
1790421033.590757080,Uninterrupted_Baseline,62
1790421033.671110299,Uninterrupted_Baseline,63
1790421033.753628178,Uninterrupted_Baseline,64
1790421033.842224955,Uninterrupted_Baseline,66
1790421033.923449644,Uninterrupted_Baseline,67
1790421034.004949538,Uninterrupted_Baseline,68
1790421034.088897617,Uninterrupted_Baseline,69
1790421034.171172460,Uninterrupted_Baseline,70
1790421034.250826792,Uninterrupted_Baseline,71
1790421034.340115706,Uninterrupted_Baseline,73
1790421034.423514551,Uninterrupted_Baseline,74
1790421034.509806786,Uninterrupted_Baseline,75
1790421034.593547837,Uninterrupted_Baseline,76
1790421034.677741874,Uninterrupted_Baseline,77
1790421034.759424220,Uninterrupted_Baseline,78
1790421034.824316723,Uninterrupted_Baseline,79
1790421034.885932474,Uninterrupted_Baseline,80
1790421034.982863018,Uninterrupted_Baseline,81
1790421035.037915643,Uninterrupted_Baseline,82
1790421035.104409653,Uninterrupted_Baseline,83
1790421035.183927207,Uninterrupted_Baseline,84
1790421035.266679419,Uninterrupted_Baseline,85
1790421035.341147804,Uninterrupted_Baseline,86
1790421035.422532167,Uninterrupted_Baseline,88
1790421035.505059653,Uninterrupted_Baseline,89
1790421035.585414422,Uninterrupted_Baseline,90
1790421035.665376751,Uninterrupted_Baseline,91
1790421035.744134453,Uninterrupted_Baseline,92
1790421035.828853696,Uninterrupted_Baseline,93
1790421035.913352871,Uninterrupted_Baseline,94
1790421036.000769931,Uninterrupted_Baseline,96
1790421036.087005894,Uninterrupted_Baseline,97
1790421036.168269012,Uninterrupted_Baseline,98
1790421036.247049153,Uninterrupted_Baseline,99
1790421036.324115373,Uninterrupted_Baseline,100
1790421036.402806584,Uninterrupted_Baseline,101
1790421036.491142889,Uninterrupted_Baseline,103
1790421036.579268852,Uninterrupted_Baseline,104
1790421036.654194865,Uninterrupted_Baseline,105
1790421036.728797001,Uninterrupted_Baseline,106
1790421036.808619298,Uninterrupted_Baseline,107
1790421036.891189910,Uninterrupted_Baseline,108
1790421036.961898336,Uninterrupted_Baseline,109
1790421037.040739824,Uninterrupted_Baseline,110
1790421037.120903114,Uninterrupted_Baseline,111
1790421037.197338880,Uninterrupted_Baseline,112
1790421037.278032984,Uninterrupted_Baseline,114
1790421037.361308019,Uninterrupted_Baseline,115
1790421037.448110188,Uninterrupted_Baseline,116
1790421037.534446476,Uninterrupted_Baseline,117
1790421037.615083628,Uninterrupted_Baseline,118
1790421037.696468957,Uninterrupted_Baseline,119
1790421037.776530526,Uninterrupted_Baseline,121
1790421037.855809565,Uninterrupted_Baseline,122
1790421037.937970442,Uninterrupted_Baseline,123
1790421038.021869549,Uninterrupted_Baseline,124
1790421038.105294094,Uninterrupted_Baseline,125
1790421038.186215930,Uninterrupted_Baseline,126
1790421038.267440189,Uninterrupted_Baseline,128
1790421038.339773112,Uninterrupted_Baseline,128
1790421038.413798346,Uninterrupted_Baseline,129
1790421038.464535572,Uninterrupted_Baseline,130
1790421038.524624566,Uninterrupted_Baseline,131
1790421038.581903954,Uninterrupted_Baseline,132
1790421038.638082188,Uninterrupted_Baseline,132
1790421038.695620849,Uninterrupted_Baseline,133
1790421038.766940378,Uninterrupted_Baseline,134
1790421038.850561230,Uninterrupted_Baseline,136
1790421038.929345857,Uninterrupted_Baseline,137
1790421039.008714276,Uninterrupted_Baseline,138
1790421039.085009117,Uninterrupted_Baseline,139
1790421039.150284441,Uninterrupted_Baseline,140
1790421039.230894828,Uninterrupted_Baseline,141
1790421039.297366811,Uninterrupted_Baseline,142
1790421039.377389657,Uninterrupted_Baseline,143
1790421039.461248261,Uninterrupted_Baseline,144
1790421039.544973454,Uninterrupted_Baseline,145
1790421039.625380758,Uninterrupted_Baseline,146
1790421039.709280142,Uninterrupted_Baseline,148
1790421039.790984158,Uninterrupted_Baseline,149
1790421039.875854117,Uninterrupted_Baseline,150
1790421039.961475675,Uninterrupted_Baseline,151
1790421040.047488341,Uninterrupted_Baseline,152
1790421040.134275783,Uninterrupted_Baseline,153
1790421040.216447201,Uninterrupted_Baseline,154
1790421040.300202558,Uninterrupted_Baseline,156
1790421040.384896250,Uninterrupted_Baseline,157
1790421040.466751368,Uninterrupted_Baseline,158
1790421040.532894458,Uninterrupted_Baseline,159
1790421040.608080059,Uninterrupted_Baseline,160
1790421040.691489173,Uninterrupted_Baseline,161
1790421040.772986764,Uninterrupted_Baseline,162
1790421040.853298856,Uninterrupted_Baseline,163
1790421040.936780251,Uninterrupted_Baseline,164
1790421041.014029895,Uninterrupted_Baseline,165
1790421041.098065310,Uninterrupted_Baseline,167
1790421041.178933189,Uninterrupted_Baseline,168
1790421041.257309727,Uninterrupted_Baseline,169
1790421041.339455797,Uninterrupted_Baseline,170
1790421041.397150442,Uninterrupted_Baseline,170
1790421041.467117686,Uninterrupted_Baseline,172
1790421041.549296077,Uninterrupted_Baseline,173
1790421041.631176792,Uninterrupted_Baseline,174
1790421041.710793442,Uninterrupted_Baseline,175
1790421041.798541756,Uninterrupted_Baseline,176
1790421041.881461264,Uninterrupted_Baseline,177
1790421041.967921979,Uninterrupted_Baseline,178
1790421042.053524752,Uninterrupted_Baseline,180
1790421042.136248188,Uninterrupted_Baseline,181
1790421042.213500956,Uninterrupted_Baseline,182
1790421042.294552031,Uninterrupted_Baseline,183
1790421042.374949346,Uninterrupted_Baseline,184
1790421042.452978914,Uninterrupted_Baseline,185
1790421042.533513350,Uninterrupted_Baseline,186
1790421042.613995479,Uninterrupted_Baseline,187
1790421042.694116735,Uninterrupted_Baseline,188
1790421042.777297924,Uninterrupted_Baseline,190
1790421042.856378389,Uninterrupted_Baseline,191
1790421042.946039311,Uninterrupted_Baseline,192
1790421043.033130497,Uninterrupted_Baseline,193
1790421043.121256375,Uninterrupted_Baseline,194
1790421043.203855130,Uninterrupted_Baseline,195
1790421043.278929746,Uninterrupted_Baseline,196
1790421043.363345160,Uninterrupted_Baseline,198
1790421043.448619278,Uninterrupted_Baseline,199
1790421043.536621760,Uninterrupted_Baseline,200
1790421043.620992843,Uninterrupted_Baseline,201
1790421043.703828896,Uninterrupted_Baseline,202
1790421043.785024268,Uninterrupted_Baseline,203
1790421043.865009493,Uninterrupted_Baseline,204
1790421043.947432373,Uninterrupted_Baseline,205
1790421044.033997058,Uninterrupted_Baseline,207
1790421044.115233425,Uninterrupted_Baseline,208
1790421044.198933184,Uninterrupted_Baseline,209
1790421044.285680475,Uninterrupted_Baseline,210
1790421044.368282187,Uninterrupted_Baseline,211
1790421044.451924468,Uninterrupted_Baseline,212
1790421044.534821619,Uninterrupted_Baseline,213
1790421044.619814544,Uninterrupted_Baseline,214
1790421044.702247173,Uninterrupted_Baseline,215
1790421044.786996372,Uninterrupted_Baseline,217
1790421044.861962375,Uninterrupted_Baseline,218
1790421044.920555160,Uninterrupted_Baseline,219
1790421045.001277661,Uninterrupted_Baseline,220
1790421045.081482827,Uninterrupted_Baseline,221
1790421045.163522168,Uninterrupted_Baseline,222
1790421045.250362881,Uninterrupted_Baseline,223
1790421045.333534553,Uninterrupted_Baseline,224
1790421045.414619524,Uninterrupted_Baseline,225
1790421045.496644919,Uninterrupted_Baseline,226
1790421045.572144293,Uninterrupted_Baseline,227
1790421045.654994872,Uninterrupted_Baseline,229
1790421045.733292020,Uninterrupted_Baseline,229
1790421045.820149163,Uninterrupted_Baseline,231
1790421045.902211490,Uninterrupted_Baseline,232
1790421045.987921047,Uninterrupted_Baseline,233
1790421046.069374250,Uninterrupted_Baseline,234
1790421046.155590829,Uninterrupted_Baseline,235
1790421046.241266891,Uninterrupted_Baseline,237
1790421046.316197691,Uninterrupted_Baseline,237
1790421046.388090108,Uninterrupted_Baseline,238
1790421046.452301720,Uninterrupted_Baseline,239
1790421046.526195468,Uninterrupted_Baseline,240
1790421046.604128160,Uninterrupted_Baseline,241
1790421046.683847216,Uninterrupted_Baseline,242
1790421046.769058109,Uninterrupted_Baseline,244
1790421046.864474866,Uninterrupted_Baseline,245
1790421046.913314555,Uninterrupted_Baseline,245
1790421046.965919149,Uninterrupted_Baseline,246
1790421047.032592949,Uninterrupted_Baseline,247
1790421047.112784646,Uninterrupted_Baseline,248
1790421047.182346967,Uninterrupted_Baseline,249
1790421047.258199790,Uninterrupted_Baseline,250
1790421047.339406903,Uninterrupted_Baseline,251
1790421047.424885823,Uninterrupted_Baseline,252
1790421047.510242464,Uninterrupted_Baseline,254
1790421047.598073720,Uninterrupted_Baseline,255
1790421047.678994730,Uninterrupted_Baseline,256
1790421047.755504168,Uninterrupted_Baseline,257
1790421047.833923841,Uninterrupted_Baseline,258
1790421047.909501807,Uninterrupted_Baseline,259
1790421047.992030478,Uninterrupted_Baseline,260
1790421048.066103319,Uninterrupted_Baseline,261
1790421048.127614356,Uninterrupted_Baseline,262
1790421048.209627283,Uninterrupted_Baseline,263
1790421048.284343027,Uninterrupted_Baseline,264
1790421048.355372571,Uninterrupted_Baseline,265
1790421048.406290391,Uninterrupted_Baseline,266
1790421048.465055981,Uninterrupted_Baseline,266
1790421048.518139769,Uninterrupted_Baseline,267
1790421048.592233232,Uninterrupted_Baseline,268
1790421048.660532994,Uninterrupted_Baseline,269
1790421048.719393636,Uninterrupted_Baseline,270
1790421048.798227917,Uninterrupted_Baseline,271
1790421048.867756873,Uninterrupted_Baseline,272
1790421048.937184716,Uninterrupted_Baseline,273
1790421049.007257144,Uninterrupted_Baseline,274
1790421049.085256314,Uninterrupted_Baseline,275
1790421049.150075109,Uninterrupted_Baseline,276
1790421049.223918225,Uninterrupted_Baseline,277
1790421049.291017532,Uninterrupted_Baseline,278
1790421049.360377435,Uninterrupted_Baseline,279
1790421049.442535771,Uninterrupted_Baseline,280
1790421049.521210872,Uninterrupted_Baseline,281
1790421049.602537396,Uninterrupted_Baseline,282
1790421049.680714896,Uninterrupted_Baseline,283
1790421049.741286884,Uninterrupted_Baseline,284
1790421049.809997220,Uninterrupted_Baseline,285
1790421049.887905904,Uninterrupted_Baseline,286
1790421049.971579530,Uninterrupted_Baseline,287
1790421050.055113806,Uninterrupted_Baseline,288
1790421050.136852404,Uninterrupted_Baseline,289
1790421050.219123507,Uninterrupted_Baseline,290
1790421050.304555877,Uninterrupted_Baseline,291
1790421050.384907100,Uninterrupted_Baseline,292
1790421050.474441576,Uninterrupted_Baseline,294
1790421050.551858284,Uninterrupted_Baseline,295
1790421050.634114097,Uninterrupted_Baseline,296
1790421050.709030248,Uninterrupted_Baseline,297
1790421050.791066667,Uninterrupted_Baseline,298
1790421050.866775871,Uninterrupted_Baseline,299
1790421050.951224142,Uninterrupted_Baseline,300
1790421051.029753881,Uninterrupted_Baseline,301
1790421051.110896237,Uninterrupted_Baseline,302
1790421051.165586118,Uninterrupted_Baseline,302
1790421051.239477435,Uninterrupted_Baseline,303
1790421051.314601149,Uninterrupted_Baseline,304
1790421051.392094515,Uninterrupted_Baseline,305
1790421051.472149055,Uninterrupted_Baseline,307
1790421051.554474884,Uninterrupted_Baseline,308
1790421051.631358042,Uninterrupted_Baseline,309
1790421051.712526284,Uninterrupted_Baseline,310
1790421051.793741990,Uninterrupted_Baseline,311
1790421051.856322953,Uninterrupted_Baseline,311
1790421051.936038076,Uninterrupted_Baseline,313
1790421052.016920515,Uninterrupted_Baseline,314
1790421052.095399163,Uninterrupted_Baseline,314
1790421052.161096232,Uninterrupted_Baseline,315
1790421052.224111258,Uninterrupted_Baseline,316
1790421052.308746539,Uninterrupted_Baseline,317
1790421052.391329691,Uninterrupted_Baseline,318
1790421052.462228585,Uninterrupted_Baseline,319
1790421052.545489940,Uninterrupted_Baseline,320
1790421052.622493607,Uninterrupted_Baseline,321
1790421052.695357037,Uninterrupted_Baseline,322
1790421052.764331215,Uninterrupted_Baseline,323
1790421052.843670873,Uninterrupted_Baseline,324
1790421052.923943591,Uninterrupted_Baseline,325
1790421053.008420451,Uninterrupted_Baseline,274
1790421053.092228803,Uninterrupted_Baseline,163
1790421053.176510802,Uninterrupted_Baseline,164
1790421053.249913520,Uninterrupted_Baseline,165
1790421053.331561392,Uninterrupted_Baseline,166
1790421053.400534204,Uninterrupted_Baseline,167
1790421053.478909289,Uninterrupted_Baseline,168
1790421053.557400023,Uninterrupted_Baseline,169
1790421053.639623219,Uninterrupted_Baseline,170
1790421053.726284992,Uninterrupted_Baseline,171
1790421053.803771967,Uninterrupted_Baseline,172
1790421053.886444893,Uninterrupted_Baseline,174
1790421053.971285302,Uninterrupted_Baseline,175
1790421054.023826888,Uninterrupted_Baseline,175
1790421054.096806327,Uninterrupted_Baseline,177
1790421054.180618276,Uninterrupted_Baseline,178
1790421054.263335874,Uninterrupted_Baseline,179
1790421054.346266842,Uninterrupted_Baseline,180
1790421054.426152947,Uninterrupted_Baseline,181
1790421054.510516895,Uninterrupted_Baseline,182
1790421054.592591471,Uninterrupted_Baseline,183
1790421054.671409870,Uninterrupted_Baseline,184
1790421054.738209445,Uninterrupted_Baseline,185
1790421054.814865669,Uninterrupted_Baseline,186
1790421054.889039001,Uninterrupted_Baseline,187
1790421054.949622798,Uninterrupted_Baseline,188
1790421055.037155063,Uninterrupted_Baseline,189
1790421055.108523456,Uninterrupted_Baseline,190
1790421055.165835733,Uninterrupted_Baseline,191
1790421055.242507669,Uninterrupted_Baseline,192
1790421055.318095810,Uninterrupted_Baseline,193
1790421055.403442343,Uninterrupted_Baseline,194
1790421055.480286558,Uninterrupted_Baseline,196
1790421055.566777242,Uninterrupted_Baseline,197
1790421055.649137104,Uninterrupted_Baseline,198
1790421055.733055544,Uninterrupted_Baseline,199
1790421055.796384621,Uninterrupted_Baseline,200
1790421055.883141918,Uninterrupted_Baseline,201
1790421055.965405682,Uninterrupted_Baseline,202
1790421056.046247513,Uninterrupted_Baseline,203
1790421056.129557232,Uninterrupted_Baseline,204
1790421056.194580616,Uninterrupted_Baseline,205
1790421056.279035676,Uninterrupted_Baseline,206
1790421056.353359543,Uninterrupted_Baseline,207
1790421056.430507633,Uninterrupted_Baseline,209
1790421056.502396897,Uninterrupted_Baseline,209
1790421056.567331164,Uninterrupted_Baseline,210
1790421056.647193147,Uninterrupted_Baseline,212
1790421056.728394243,Uninterrupted_Baseline,213
1790421056.809465502,Uninterrupted_Baseline,214
1790421056.878375508,Uninterrupted_Baseline,215
1790421056.962129205,Uninterrupted_Baseline,216
1790421057.039521633,Uninterrupted_Baseline,217
1790421057.119940937,Uninterrupted_Baseline,218
1790421057.205411948,Uninterrupted_Baseline,219
1790421057.270764324,Uninterrupted_Baseline,220
1790421057.340371288,Uninterrupted_Baseline,221
1790421057.421044762,Uninterrupted_Baseline,222
1790421057.502396089,Uninterrupted_Baseline,223
1790421057.577673378,Uninterrupted_Baseline,224
1790421057.644728118,Uninterrupted_Baseline,225
1790421057.728191829,Uninterrupted_Baseline,226
1790421057.804516527,Uninterrupted_Baseline,227
1790421057.885371120,Uninterrupted_Baseline,229
1790421057.969678792,Uninterrupted_Baseline,230
1790421058.050089525,Uninterrupted_Baseline,231
1790421058.120585881,Uninterrupted_Baseline,231
1790421068.110805738,Phase1_Baseline,10
1790421068.192979469,Phase1_Baseline,18
1790421068.273754441,Phase1_Baseline,19
1790421068.348544468,Phase1_Baseline,51
1790421068.416363006,Phase1_Baseline,94
1790421068.468827960,Phase1_Baseline,170
1790421068.527231498,Phase1_Baseline,295
1790421068.593423130,Phase1_Baseline,528
1790421068.659538458,Phase1_Baseline,791
1790421068.739482438,Phase1_Baseline,1072
1790421068.808361553,Phase1_Baseline,1019
1790421068.891340488,Phase1_Baseline,840
1790421068.972076701,Phase1_Baseline,664
1790421069.057446416,Phase1_Baseline,606
1790421069.135405507,Phase1_Baseline,606
1790421069.204179512,Phase1_Baseline,606
1790421069.271991702,Phase1_Baseline,606
1790421069.360191840,Phase1_Baseline,584
1790421069.443441340,Phase1_Baseline,437
1790421069.529455196,Phase1_Baseline,303
1790421069.608820635,Phase1_Baseline,303
1790421069.696253525,Phase1_Baseline,303
1790421069.777803779,Phase1_Baseline,303
1790421069.842290050,Phase1_Baseline,304
1790421069.928415805,Phase1_Baseline,305
1790421070.012272365,Phase1_Baseline,306
1790421070.095924173,Phase1_Baseline,307
1790421070.179897590,Phase1_Baseline,308
1790421070.268636229,Phase1_Baseline,310
1790421070.348577632,Phase1_Baseline,311
1790421070.437262495,Phase1_Baseline,312
1790421070.515003063,Phase1_Baseline,313
1790421070.574602680,Phase1_Baseline,314
1790421070.655188477,Phase1_Baseline,315
1790421070.731240147,Phase1_Baseline,316
1790421070.805285694,Phase1_Baseline,317
1790421070.885270799,Phase1_Baseline,318
1790421070.966447705,Phase1_Baseline,319
1790421071.051802875,Phase1_Baseline,320
1790421071.127269093,Phase1_Baseline,321
1790421071.203572149,Phase1_Baseline,322
1790421071.273689616,Phase1_Baseline,322
1790421071.334400949,Phase1_Baseline,323
1790421071.408640216,Phase1_Baseline,324
1790421071.494887283,Phase1_Baseline,325
1790421071.574774883,Phase1_Baseline,326
1790421071.652099611,Phase1_Baseline,327
1790421071.728751546,Phase1_Baseline,328
1790421071.799323700,Phase1_Baseline,329
1790421071.874424977,Phase1_Baseline,257
1790421071.960928616,Phase1_Baseline,165
1790421072.040098622,Phase1_Baseline,165
1790421072.129464456,Phase1_Baseline,165
1790421072.209338630,Phase1_Baseline,167
1790421072.291151892,Phase1_Baseline,168
1790421072.370063187,Phase1_Baseline,169
1790421072.452810015,Phase1_Baseline,170
1790421072.532563307,Phase1_Baseline,171
1790421072.614347710,Phase1_Baseline,172
1790421072.691537565,Phase1_Baseline,173
1790421072.773534931,Phase1_Baseline,174
1790421072.851938824,Phase1_Baseline,175
1790421072.927247176,Phase1_Baseline,176
1790421072.985205756,Phase1_Baseline,177
1790421073.063629449,Phase1_Baseline,178
1790421073.146540526,Phase1_Baseline,179
1790421073.237418430,Phase1_Baseline,180
1790421073.315639472,Phase1_Baseline,182
1790421073.394788914,Phase1_Baseline,182
1790421073.476207467,Phase1_Baseline,184
1790421073.558170761,Phase1_Baseline,185
1790421073.636911083,Phase1_Baseline,186
1790421073.721187192,Phase1_Baseline,187
1790421073.803066168,Phase1_Baseline,188
1790421073.888232432,Phase1_Baseline,189
1790421073.969031985,Phase1_Baseline,190
1790421074.053907140,Phase1_Baseline,191
1790421074.125517764,Phase1_Baseline,192
1790421074.204680289,Phase1_Baseline,193
1790421074.285157834,Phase1_Baseline,195
1790421074.365416402,Phase1_Baseline,196
1790421074.443941096,Phase1_Baseline,197
1790421074.525599249,Phase1_Baseline,198
1790421074.603493755,Phase1_Baseline,199
1790421074.675743943,Phase1_Baseline,200
1790421074.752229051,Phase1_Baseline,201
1790421074.843568061,Phase1_Baseline,202
1790421074.924694778,Phase1_Baseline,203
1790421074.996938021,Phase1_Baseline,204
1790421075.073611830,Phase1_Baseline,205
1790421075.139016971,Phase1_Baseline,206
1790421075.220506917,Phase1_Baseline,207
1790421075.297599160,Phase1_Baseline,208
1790421075.371614051,Phase1_Baseline,209
1790421075.444936412,Phase1_Baseline,210
1790421075.524914477,Phase1_Baseline,211
1790421075.607103250,Phase1_Baseline,213
1790421075.697929793,Phase1_Baseline,214
1790421075.778395188,Phase1_Baseline,215
1790421075.860497938,Phase1_Baseline,216
1790421075.947493134,Phase1_Baseline,217
1790421076.030931289,Phase1_Baseline,218
1790421076.113681290,Phase1_Baseline,219
1790421076.195936519,Phase1_Baseline,220
1790421076.274829496,Phase1_Baseline,222
1790421076.342122562,Phase1_Baseline,223
1790421076.427567458,Phase1_Baseline,224
1790421076.512718360,Phase1_Baseline,225
1790421076.566861171,Phase1_Baseline,226
1790421076.638162919,Phase1_Baseline,226
1790421076.726250030,Phase1_Baseline,228
1790421076.815204966,Phase1_Baseline,229
1790421076.903241262,Phase1_Baseline,230
1790421076.987185361,Phase1_Baseline,231
1790421077.072234057,Phase1_Baseline,232
1790421077.154924949,Phase1_Baseline,233
1790421077.240567751,Phase1_Baseline,235
1790421077.320748991,Phase1_Baseline,235
1790421077.389770176,Phase1_Baseline,237
1790421077.471090333,Phase1_Baseline,238
1790421077.554867392,Phase1_Baseline,239
1790421077.638605735,Phase1_Baseline,240
1790421077.718078285,Phase1_Baseline,241
1790421077.803906769,Phase1_Baseline,242
1790421077.894830437,Phase1_Baseline,243
1790421077.980101502,Phase1_Baseline,245
1790421078.064893980,Phase1_Baseline,246
1790421078.153303337,Phase1_Baseline,247
1790421078.239136582,Phase1_Baseline,248
1790421078.317340844,Phase1_Baseline,249
1790421078.397695874,Phase1_Baseline,250
1790421078.449785887,Phase1_Baseline,251
1790421078.501445975,Phase1_Baseline,251
1790421078.564817436,Phase1_Baseline,252
1790421078.624063307,Phase1_Baseline,253
1790421078.680532169,Phase1_Baseline,254
1790421078.742031312,Phase1_Baseline,255
1790421078.828299634,Phase1_Baseline,256
1790421078.906123003,Phase1_Baseline,257
1790421078.989192615,Phase1_Baseline,258
1790421079.053967240,Phase1_Baseline,259
1790421079.132313336,Phase1_Baseline,260
1790421079.201358897,Phase1_Baseline,261
1790421079.277780404,Phase1_Baseline,262
1790421079.351997311,Phase1_Baseline,263
1790421079.425861874,Phase1_Baseline,264
1790421079.507144927,Phase1_Baseline,265
1790421079.586199945,Phase1_Baseline,266
1790421079.670375888,Phase1_Baseline,267
1790421081.050271947,Phase2_Migrated,10
1790421081.145282481,Phase2_Migrated,10
1790421081.238577320,Phase2_Migrated,20
1790421081.327605041,Phase2_Migrated,30
1790421081.420686698,Phase2_Migrated,92
1790421081.515466722,Phase2_Migrated,208
1790421081.609790296,Phase2_Migrated,521
1790421081.701366408,Phase2_Migrated,864
1790421081.790053538,Phase2_Migrated,432
1790421081.884290279,Phase2_Migrated,432
1790421081.983408828,Phase2_Migrated,432
1790421082.077993880,Phase2_Migrated,343
1790421082.173943096,Phase2_Migrated,216
1790421082.268970108,Phase2_Migrated,170
1790421082.363091475,Phase2_Migrated,108
1790421082.461989355,Phase2_Migrated,108
1790421082.554799905,Phase2_Migrated,54
1790421082.643835697,Phase2_Migrated,54
1790421082.728541407,Phase2_Migrated,54
1790421082.818776277,Phase2_Migrated,30
1790421082.914166957,Phase2_Migrated,28
1790421083.007608388,Phase2_Migrated,29
1790421083.103330837,Phase2_Migrated,30
1790421083.185446232,Phase2_Migrated,31
1790421083.280741818,Phase2_Migrated,32
1790421083.357809590,Phase2_Migrated,33
1790421083.430254291,Phase2_Migrated,35
1790421083.516602790,Phase2_Migrated,36
1790421083.610237938,Phase2_Migrated,37
1790421083.700383510,Phase2_Migrated,38
1790421083.779166563,Phase2_Migrated,39
1790421083.868954090,Phase2_Migrated,40
1790421083.943411613,Phase2_Migrated,42
1790421084.038237595,Phase2_Migrated,43
1790421084.134447714,Phase2_Migrated,44
1790421084.212803226,Phase2_Migrated,45
1790421084.299099069,Phase2_Migrated,46
1790421084.393108190,Phase2_Migrated,48
1790421084.484149882,Phase2_Migrated,49
1790421084.572053620,Phase2_Migrated,50
1790421084.662233049,Phase2_Migrated,51
1790421084.753438453,Phase2_Migrated,53
1790421084.847053479,Phase2_Migrated,54
1790421084.940877431,Phase2_Migrated,55
1790421085.006896309,Phase2_Migrated,56
1790421085.079793418,Phase2_Migrated,57
1790421085.155009346,Phase2_Migrated,58
1790421085.240336630,Phase2_Migrated,59
1790421085.334892286,Phase2_Migrated,60
1790421085.423774077,Phase2_Migrated,62
1790421085.517381314,Phase2_Migrated,63
1790421085.610290279,Phase2_Migrated,64
1790421085.705265510,Phase2_Migrated,65
1790421085.795629940,Phase2_Migrated,67
1790421085.892206333,Phase2_Migrated,68
1790421085.987881141,Phase2_Migrated,70
1790421086.081195710,Phase2_Migrated,71
1790421086.175811538,Phase2_Migrated,72
1790421086.265970611,Phase2_Migrated,73
1790421086.353419054,Phase2_Migrated,74
1790421086.447625342,Phase2_Migrated,76
1790421086.548977159,Phase2_Migrated,77
1790421086.644091567,Phase2_Migrated,79
1790421086.736810245,Phase2_Migrated,80
1790421086.833444447,Phase2_Migrated,81
1790421086.924455575,Phase2_Migrated,83
1790421087.013836358,Phase2_Migrated,84
1790421087.104317600,Phase2_Migrated,85
1790421087.199074894,Phase2_Migrated,86
1790421087.284427457,Phase2_Migrated,88
1790421087.377052665,Phase2_Migrated,89
1790421087.463395183,Phase2_Migrated,90
1790421087.555879004,Phase2_Migrated,92
1790421087.654688429,Phase2_Migrated,93
1790421087.745209686,Phase2_Migrated,94
1790421087.839390329,Phase2_Migrated,95
1790421087.930197338,Phase2_Migrated,97
1790421088.025127809,Phase2_Migrated,98
1790421088.120500824,Phase2_Migrated,99
1790421088.221601228,Phase2_Migrated,101
1790421088.278775290,Phase2_Migrated,102
1790421088.370759806,Phase2_Migrated,103
1790421088.441828262,Phase2_Migrated,104
1790421088.498458147,Phase2_Migrated,105
1790421088.568513270,Phase2_Migrated,106
1790421088.632264581,Phase2_Migrated,107
1790421088.721272698,Phase2_Migrated,108
1790421088.818335046,Phase2_Migrated,109
1790421088.908425730,Phase2_Migrated,110
1790421089.005179133,Phase2_Migrated,112
1790421089.089995689,Phase2_Migrated,113
1790421089.162482840,Phase2_Migrated,114
1790421089.238730987,Phase2_Migrated,115
1790421089.315689170,Phase2_Migrated,116
1790421089.409136070,Phase2_Migrated,117
1790421089.500858948,Phase2_Migrated,119
1790421089.598515781,Phase2_Migrated,120
1790421089.691629738,Phase2_Migrated,121
1790421089.762247466,Phase2_Migrated,122
1790421089.852567907,Phase2_Migrated,124
1790421089.943779044,Phase2_Migrated,125
1790421090.041415722,Phase2_Migrated,126
1790421090.130947023,Phase2_Migrated,128
1790421090.225492438,Phase2_Migrated,129
1790421090.310130361,Phase2_Migrated,130
1790421090.399368025,Phase2_Migrated,131
1790421090.486613771,Phase2_Migrated,132
1790421090.573059296,Phase2_Migrated,133
1790421090.645319137,Phase2_Migrated,135
1790421090.739164671,Phase2_Migrated,136
1790421090.832229425,Phase2_Migrated,137
1790421090.894359766,Phase2_Migrated,138
1790421090.988033035,Phase2_Migrated,139
1790421091.075510115,Phase2_Migrated,141
1790421091.167379241,Phase2_Migrated,142
1790421091.262754765,Phase2_Migrated,143
1790421091.354864108,Phase2_Migrated,144
1790421091.428554233,Phase2_Migrated,145
1790421091.518177676,Phase2_Migrated,147
1790421091.609866149,Phase2_Migrated,148
1790421091.701412009,Phase2_Migrated,149
1790421091.800214416,Phase2_Migrated,150
1790421091.883528787,Phase2_Migrated,152
1790421091.978102695,Phase2_Migrated,153
1790421092.069108665,Phase2_Migrated,154
1790421092.161118286,Phase2_Migrated,155
1790421092.256815226,Phase2_Migrated,157
1790421092.350288960,Phase2_Migrated,158
1790421092.438496810,Phase2_Migrated,159
1790421092.536866403,Phase2_Migrated,160
1790421092.604478824,Phase2_Migrated,161
1790421092.695819593,Phase2_Migrated,163
1790421092.788323179,Phase2_Migrated,164
1790421092.881077932,Phase2_Migrated,165
1790421092.971492868,Phase2_Migrated,166
1790421093.069968459,Phase2_Migrated,168
1790421093.164919479,Phase2_Migrated,169
1790421093.259464327,Phase2_Migrated,170
1790421093.355141150,Phase2_Migrated,172
1790421093.449195357,Phase2_Migrated,173
1790421093.541235653,Phase2_Migrated,174
1790421093.634967747,Phase2_Migrated,176
1790421093.726328245,Phase2_Migrated,177
1790421093.821741505,Phase2_Migrated,178
1790421093.913823547,Phase2_Migrated,179
1790421094.013785773,Phase2_Migrated,181
1790421094.120123625,Phase2_Migrated,182
1790421094.219219232,Phase2_Migrated,183
1790421094.319315134,Phase2_Migrated,185
1790421094.395867066,Phase2_Migrated,186
1790421094.489977247,Phase2_Migrated,187
1790421094.590334733,Phase2_Migrated,189
1790421094.683052251,Phase2_Migrated,190
1790421094.784009357,Phase2_Migrated,191
1790421094.862284980,Phase2_Migrated,192
1790421094.972917998,Phase2_Migrated,194
1790421095.030557579,Phase2_Migrated,195
1790421095.095751631,Phase2_Migrated,195
1790421095.185915467,Phase2_Migrated,197
1790421095.276338844,Phase2_Migrated,198
1790421095.369749839,Phase2_Migrated,199
1790421095.464265396,Phase2_Migrated,201
1790421095.564120875,Phase2_Migrated,202
1790421095.657454119,Phase2_Migrated,203
1790421095.749255114,Phase2_Migrated,204
1790421095.836269799,Phase2_Migrated,205
1790421095.919873358,Phase2_Migrated,207
1790421096.002125177,Phase2_Migrated,208
1790421096.099835701,Phase2_Migrated,209
1790421096.192485113,Phase2_Migrated,210
1790421096.285198550,Phase2_Migrated,212
1790421096.374440200,Phase2_Migrated,213
1790421096.464226549,Phase2_Migrated,214
1790421096.554196309,Phase2_Migrated,216
1790421096.649343232,Phase2_Migrated,217
1790421096.744457648,Phase2_Migrated,218
1790421096.836446669,Phase2_Migrated,219
1790421096.930510437,Phase2_Migrated,221
1790421097.019118747,Phase2_Migrated,222
1790421097.112453262,Phase2_Migrated,223
1790421097.202909640,Phase2_Migrated,224
1790421097.273759920,Phase2_Migrated,225
1790421097.369036389,Phase2_Migrated,226
1790421097.461634297,Phase2_Migrated,228
1790421097.558265619,Phase2_Migrated,229
1790421097.651355315,Phase2_Migrated,230
1790421097.745734209,Phase2_Migrated,231
1790421097.843010460,Phase2_Migrated,233
1790421097.933114715,Phase2_Migrated,234
1790421098.023572741,Phase2_Migrated,235
1790421098.106938975,Phase2_Migrated,236
1790421098.197588126,Phase2_Migrated,238
1790421098.283223169,Phase2_Migrated,239
1790421098.373561498,Phase2_Migrated,240
1790421098.445977592,Phase2_Migrated,241
1790421098.499378353,Phase2_Migrated,242
1790421098.574320040,Phase2_Migrated,243
1790421098.640619586,Phase2_Migrated,244
1790421098.723102011,Phase2_Migrated,245
1790421098.797026272,Phase2_Migrated,246
1790421098.886382805,Phase2_Migrated,247
1790421098.984589336,Phase2_Migrated,248
1790421099.072353029,Phase2_Migrated,249
1790421100.270164303,Uninterrupted_Baseline,1
1790421100.330814359,Uninterrupted_Baseline,1
1790421100.408770536,Uninterrupted_Baseline,1
1790421100.493908649,Uninterrupted_Baseline,1
1790421100.559621329,Uninterrupted_Baseline,1
1790421100.639725644,Uninterrupted_Baseline,1
1790421100.709343516,Uninterrupted_Baseline,1
1790421100.781960084,Uninterrupted_Baseline,1
1790421100.856912222,Uninterrupted_Baseline,1
1790421100.940224104,Uninterrupted_Baseline,1
1790421101.025067863,Uninterrupted_Baseline,1
1790421101.107908385,Uninterrupted_Baseline,1
1790421101.191976961,Uninterrupted_Baseline,1
1790421101.276446172,Uninterrupted_Baseline,1
1790421101.356098122,Uninterrupted_Baseline,1
1790421101.434443025,Uninterrupted_Baseline,1
1790421101.515589605,Uninterrupted_Baseline,1
1790421101.605644706,Uninterrupted_Baseline,10
1790421101.605644706,Uninterrupted_Baseline,1
1790421101.689558901,Uninterrupted_Baseline,14
1790421101.689558901,Uninterrupted_Baseline,1
1790421101.776094182,Uninterrupted_Baseline,40
1790421101.776094182,Uninterrupted_Baseline,1
1790421101.856871120,Uninterrupted_Baseline,84
1790421101.856871120,Uninterrupted_Baseline,1
1790421101.938851880,Uninterrupted_Baseline,188
1790421101.938851880,Uninterrupted_Baseline,1
1790421102.022354924,Uninterrupted_Baseline,403
1790421102.022354924,Uninterrupted_Baseline,1
1790421102.103829478,Uninterrupted_Baseline,717
1790421102.103829478,Uninterrupted_Baseline,1
1790421102.187026831,Uninterrupted_Baseline,985
1790421102.187026831,Uninterrupted_Baseline,1
1790421102.265099580,Uninterrupted_Baseline,841
1790421102.265099580,Uninterrupted_Baseline,1
1790421102.342581743,Uninterrupted_Baseline,509
1790421102.342581743,Uninterrupted_Baseline,1
1790421102.428286275,Uninterrupted_Baseline,509
1790421102.428286275,Uninterrupted_Baseline,1
1790421102.512540268,Uninterrupted_Baseline,509
1790421102.512540268,Uninterrupted_Baseline,1
1790421102.595393578,Uninterrupted_Baseline,448
1790421102.595393578,Uninterrupted_Baseline,1
1790421102.676542192,Uninterrupted_Baseline,275
1790421102.676542192,Uninterrupted_Baseline,1
1790421102.757624479,Uninterrupted_Baseline,254
1790421102.757624479,Uninterrupted_Baseline,1
1790421102.838983366,Uninterrupted_Baseline,150
1790421102.838983366,Uninterrupted_Baseline,1
1790421102.919307199,Uninterrupted_Baseline,127
1790421102.919307199,Uninterrupted_Baseline,1
1790421103.002780914,Uninterrupted_Baseline,127
1790421103.002780914,Uninterrupted_Baseline,1
1790421103.085820600,Uninterrupted_Baseline,127
1790421103.085820600,Uninterrupted_Baseline,1
1790421103.167886067,Uninterrupted_Baseline,128
1790421103.167886067,Uninterrupted_Baseline,1
1790421103.249355898,Uninterrupted_Baseline,130
1790421103.249355898,Uninterrupted_Baseline,1
1790421103.334169487,Uninterrupted_Baseline,131
1790421103.334169487,Uninterrupted_Baseline,1
1790421103.417046721,Uninterrupted_Baseline,132
1790421103.417046721,Uninterrupted_Baseline,1
1790421103.499240872,Uninterrupted_Baseline,133
1790421103.499240872,Uninterrupted_Baseline,1
1790421103.577314827,Uninterrupted_Baseline,134
1790421103.577314827,Uninterrupted_Baseline,1
1790421103.661180017,Uninterrupted_Baseline,135
1790421103.661180017,Uninterrupted_Baseline,1
1790421103.744746571,Uninterrupted_Baseline,136
1790421103.744746571,Uninterrupted_Baseline,1
1790421103.826740057,Uninterrupted_Baseline,138
1790421103.826740057,Uninterrupted_Baseline,1
1790421103.907175936,Uninterrupted_Baseline,139
1790421103.907175936,Uninterrupted_Baseline,1
1790421103.984444547,Uninterrupted_Baseline,140
1790421103.984444547,Uninterrupted_Baseline,1
1790421104.065090658,Uninterrupted_Baseline,141
1790421104.065090658,Uninterrupted_Baseline,1
1790421104.140853551,Uninterrupted_Baseline,142
1790421104.140853551,Uninterrupted_Baseline,1
1790421104.218306983,Uninterrupted_Baseline,143
1790421104.218306983,Uninterrupted_Baseline,1
1790421104.303919746,Uninterrupted_Baseline,144
1790421104.303919746,Uninterrupted_Baseline,1
1790421104.382502325,Uninterrupted_Baseline,145
1790421104.382502325,Uninterrupted_Baseline,1
1790421104.464398458,Uninterrupted_Baseline,146
1790421104.464398458,Uninterrupted_Baseline,1
1790421104.548121626,Uninterrupted_Baseline,147
1790421104.548121626,Uninterrupted_Baseline,1
1790421104.628199691,Uninterrupted_Baseline,149
1790421104.628199691,Uninterrupted_Baseline,1
1790421104.710940164,Uninterrupted_Baseline,150
1790421104.710940164,Uninterrupted_Baseline,1
1790421104.798000630,Uninterrupted_Baseline,151
1790421104.798000630,Uninterrupted_Baseline,1
1790421104.880229112,Uninterrupted_Baseline,152
1790421104.880229112,Uninterrupted_Baseline,1
1790421104.964936304,Uninterrupted_Baseline,153
1790421104.964936304,Uninterrupted_Baseline,1
1790421105.050571784,Uninterrupted_Baseline,154
1790421105.050571784,Uninterrupted_Baseline,1
1790421105.138826620,Uninterrupted_Baseline,155
1790421105.138826620,Uninterrupted_Baseline,1
1790421105.194377963,Uninterrupted_Baseline,156
1790421105.194377963,Uninterrupted_Baseline,1
1790421105.279164219,Uninterrupted_Baseline,157
1790421105.279164219,Uninterrupted_Baseline,1
1790421105.354002220,Uninterrupted_Baseline,158
1790421105.354002220,Uninterrupted_Baseline,1
1790421105.439243169,Uninterrupted_Baseline,159
1790421105.439243169,Uninterrupted_Baseline,1
1790421105.523523302,Uninterrupted_Baseline,161
1790421105.523523302,Uninterrupted_Baseline,1
1790421105.604413665,Uninterrupted_Baseline,162
1790421105.604413665,Uninterrupted_Baseline,1
1790421105.684339034,Uninterrupted_Baseline,163
1790421105.684339034,Uninterrupted_Baseline,1
1790421105.767175162,Uninterrupted_Baseline,164
1790421105.767175162,Uninterrupted_Baseline,1
1790421105.848237712,Uninterrupted_Baseline,165
1790421105.848237712,Uninterrupted_Baseline,1
1790421105.929343593,Uninterrupted_Baseline,166
1790421105.929343593,Uninterrupted_Baseline,1
1790421106.010402579,Uninterrupted_Baseline,167
1790421106.010402579,Uninterrupted_Baseline,1
1790421106.092922217,Uninterrupted_Baseline,168
1790421106.092922217,Uninterrupted_Baseline,1
1790421106.174264111,Uninterrupted_Baseline,170
1790421106.174264111,Uninterrupted_Baseline,1
1790421106.259398852,Uninterrupted_Baseline,171
1790421106.259398852,Uninterrupted_Baseline,1
1790421106.350967620,Uninterrupted_Baseline,172
1790421106.350967620,Uninterrupted_Baseline,1
1790421106.432439965,Uninterrupted_Baseline,173
1790421106.432439965,Uninterrupted_Baseline,1
1790421106.516037140,Uninterrupted_Baseline,174
1790421106.516037140,Uninterrupted_Baseline,1
1790421106.600041556,Uninterrupted_Baseline,175
1790421106.600041556,Uninterrupted_Baseline,1
1790421106.680843957,Uninterrupted_Baseline,177
1790421106.680843957,Uninterrupted_Baseline,1
1790421106.763432373,Uninterrupted_Baseline,178
1790421106.763432373,Uninterrupted_Baseline,1
1790421106.843634505,Uninterrupted_Baseline,179
1790421106.843634505,Uninterrupted_Baseline,1
1790421106.923120360,Uninterrupted_Baseline,180
1790421106.923120360,Uninterrupted_Baseline,1
1790421107.005732490,Uninterrupted_Baseline,181
1790421107.005732490,Uninterrupted_Baseline,1
1790421107.098627036,Uninterrupted_Baseline,182
1790421107.098627036,Uninterrupted_Baseline,1
1790421107.159345181,Uninterrupted_Baseline,183
1790421107.159345181,Uninterrupted_Baseline,1
1790421107.217767590,Uninterrupted_Baseline,184
1790421107.217767590,Uninterrupted_Baseline,1
1790421107.288920551,Uninterrupted_Baseline,185
1790421107.288920551,Uninterrupted_Baseline,1
1790421107.370425271,Uninterrupted_Baseline,186
1790421107.370425271,Uninterrupted_Baseline,1
1790421107.453381421,Uninterrupted_Baseline,187
1790421107.453381421,Uninterrupted_Baseline,1
1790421107.539140095,Uninterrupted_Baseline,188
1790421107.539140095,Uninterrupted_Baseline,1
1790421107.618881850,Uninterrupted_Baseline,189
1790421107.618881850,Uninterrupted_Baseline,1
1790421107.702922437,Uninterrupted_Baseline,190
1790421107.702922437,Uninterrupted_Baseline,1
1790421107.791403366,Uninterrupted_Baseline,192
1790421107.791403366,Uninterrupted_Baseline,1
1790421107.878693591,Uninterrupted_Baseline,193
1790421107.878693591,Uninterrupted_Baseline,1
1790421107.963035238,Uninterrupted_Baseline,194
1790421107.963035238,Uninterrupted_Baseline,1
1790421108.041434686,Uninterrupted_Baseline,195
1790421108.041434686,Uninterrupted_Baseline,1
1790421108.121894686,Uninterrupted_Baseline,196
1790421108.121894686,Uninterrupted_Baseline,1
1790421108.204928916,Uninterrupted_Baseline,197
1790421108.204928916,Uninterrupted_Baseline,1
1790421108.284248339,Uninterrupted_Baseline,198
1790421108.284248339,Uninterrupted_Baseline,1
1790421108.366395692,Uninterrupted_Baseline,199
1790421108.366395692,Uninterrupted_Baseline,1
1790421108.434347641,Uninterrupted_Baseline,200
1790421108.434347641,Uninterrupted_Baseline,1
1790421108.483759162,Uninterrupted_Baseline,201
1790421108.483759162,Uninterrupted_Baseline,1
1790421108.540939243,Uninterrupted_Baseline,202
1790421108.540939243,Uninterrupted_Baseline,1
1790421108.611070451,Uninterrupted_Baseline,203
1790421108.611070451,Uninterrupted_Baseline,1
1790421108.681204594,Uninterrupted_Baseline,204
1790421108.681204594,Uninterrupted_Baseline,1
1790421108.763246510,Uninterrupted_Baseline,205
1790421108.763246510,Uninterrupted_Baseline,1
1790421108.846489832,Uninterrupted_Baseline,206
1790421108.846489832,Uninterrupted_Baseline,1
1790421108.933482102,Uninterrupted_Baseline,207
1790421108.933482102,Uninterrupted_Baseline,1
1790421109.017188085,Uninterrupted_Baseline,208
1790421109.017188085,Uninterrupted_Baseline,1
1790421109.071132791,Uninterrupted_Baseline,209
1790421109.071132791,Uninterrupted_Baseline,1
1790421109.134525628,Uninterrupted_Baseline,210
1790421109.134525628,Uninterrupted_Baseline,1
1790421109.189780306,Uninterrupted_Baseline,211
1790421109.189780306,Uninterrupted_Baseline,1
1790421109.247757570,Uninterrupted_Baseline,212
1790421109.247757570,Uninterrupted_Baseline,1
1790421109.329437070,Uninterrupted_Baseline,213
1790421109.329437070,Uninterrupted_Baseline,1
1790421109.412618992,Uninterrupted_Baseline,214
1790421109.412618992,Uninterrupted_Baseline,1
1790421109.495514750,Uninterrupted_Baseline,215
1790421109.495514750,Uninterrupted_Baseline,1
1790421109.578247209,Uninterrupted_Baseline,216
1790421109.578247209,Uninterrupted_Baseline,1
1790421109.657013804,Uninterrupted_Baseline,217
1790421109.657013804,Uninterrupted_Baseline,1
1790421109.739605145,Uninterrupted_Baseline,218
1790421109.739605145,Uninterrupted_Baseline,1
1790421109.803332121,Uninterrupted_Baseline,219
1790421109.803332121,Uninterrupted_Baseline,1
1790421109.869623691,Uninterrupted_Baseline,220
1790421109.869623691,Uninterrupted_Baseline,1
1790421109.950816434,Uninterrupted_Baseline,221
1790421109.950816434,Uninterrupted_Baseline,1
1790421110.031502040,Uninterrupted_Baseline,222
1790421110.031502040,Uninterrupted_Baseline,1
1790421110.114133436,Uninterrupted_Baseline,224
1790421110.114133436,Uninterrupted_Baseline,1
1790421110.199370784,Uninterrupted_Baseline,225
1790421110.199370784,Uninterrupted_Baseline,1
1790421110.276493280,Uninterrupted_Baseline,226
1790421110.276493280,Uninterrupted_Baseline,1
1790421110.350230459,Uninterrupted_Baseline,227
1790421110.350230459,Uninterrupted_Baseline,1
1790421110.433392507,Uninterrupted_Baseline,228
1790421110.433392507,Uninterrupted_Baseline,1
1790421110.515738062,Uninterrupted_Baseline,229
1790421110.515738062,Uninterrupted_Baseline,1
1790421110.593772930,Uninterrupted_Baseline,230
1790421110.593772930,Uninterrupted_Baseline,1
1790421110.669740397,Uninterrupted_Baseline,231
1790421110.669740397,Uninterrupted_Baseline,1
1790421110.743557890,Uninterrupted_Baseline,232
1790421110.743557890,Uninterrupted_Baseline,1
1790421110.828872108,Uninterrupted_Baseline,233
1790421110.828872108,Uninterrupted_Baseline,1
1790421110.910340493,Uninterrupted_Baseline,234
1790421110.910340493,Uninterrupted_Baseline,1
1790421110.992274911,Uninterrupted_Baseline,235
1790421110.992274911,Uninterrupted_Baseline,1
1790421111.077481970,Uninterrupted_Baseline,237
1790421111.077481970,Uninterrupted_Baseline,1
1790421111.164904203,Uninterrupted_Baseline,238
1790421111.164904203,Uninterrupted_Baseline,1
1790421111.247855552,Uninterrupted_Baseline,239
1790421111.247855552,Uninterrupted_Baseline,1
1790421111.332285477,Uninterrupted_Baseline,240
1790421111.332285477,Uninterrupted_Baseline,1
1790421111.416787262,Uninterrupted_Baseline,241
1790421111.416787262,Uninterrupted_Baseline,1
1790421111.499310221,Uninterrupted_Baseline,242
1790421111.499310221,Uninterrupted_Baseline,1
1790421111.585301361,Uninterrupted_Baseline,243
1790421111.585301361,Uninterrupted_Baseline,1
1790421111.663008443,Uninterrupted_Baseline,245
1790421111.663008443,Uninterrupted_Baseline,1
1790421111.744402613,Uninterrupted_Baseline,246
1790421111.744402613,Uninterrupted_Baseline,1
1790421111.827380477,Uninterrupted_Baseline,247
1790421111.827380477,Uninterrupted_Baseline,1
1790421111.912095925,Uninterrupted_Baseline,248
1790421111.912095925,Uninterrupted_Baseline,1
1790421111.999207821,Uninterrupted_Baseline,249
1790421111.999207821,Uninterrupted_Baseline,1
1790421112.084455738,Uninterrupted_Baseline,250
1790421112.084455738,Uninterrupted_Baseline,1
1790421112.168390103,Uninterrupted_Baseline,251
1790421112.168390103,Uninterrupted_Baseline,1
1790421112.253190246,Uninterrupted_Baseline,252
1790421112.253190246,Uninterrupted_Baseline,1
1790421112.339987120,Uninterrupted_Baseline,254
1790421112.339987120,Uninterrupted_Baseline,1
1790421112.414530403,Uninterrupted_Baseline,255
1790421112.414530403,Uninterrupted_Baseline,1
1790421112.501191900,Uninterrupted_Baseline,256
1790421112.501191900,Uninterrupted_Baseline,1
1790421112.586585990,Uninterrupted_Baseline,257
1790421112.586585990,Uninterrupted_Baseline,1
1790421112.671103565,Uninterrupted_Baseline,258
1790421112.671103565,Uninterrupted_Baseline,1
1790421112.758363158,Uninterrupted_Baseline,259
1790421112.758363158,Uninterrupted_Baseline,1
1790421112.845446268,Uninterrupted_Baseline,261
1790421112.845446268,Uninterrupted_Baseline,1
1790421112.928436042,Uninterrupted_Baseline,262
1790421112.928436042,Uninterrupted_Baseline,1
1790421112.997518262,Uninterrupted_Baseline,263
1790421112.997518262,Uninterrupted_Baseline,1
1790421113.078005104,Uninterrupted_Baseline,264
1790421113.078005104,Uninterrupted_Baseline,1
1790421113.152444230,Uninterrupted_Baseline,265
1790421113.152444230,Uninterrupted_Baseline,1
1790421113.233806729,Uninterrupted_Baseline,266
1790421113.233806729,Uninterrupted_Baseline,1
1790421113.315877945,Uninterrupted_Baseline,267
1790421113.315877945,Uninterrupted_Baseline,1
1790421113.403206877,Uninterrupted_Baseline,268
1790421113.403206877,Uninterrupted_Baseline,1
1790421113.486406245,Uninterrupted_Baseline,269
1790421113.486406245,Uninterrupted_Baseline,1
1790421113.554521713,Uninterrupted_Baseline,270
1790421113.554521713,Uninterrupted_Baseline,1
1790421113.637398349,Uninterrupted_Baseline,271
1790421113.637398349,Uninterrupted_Baseline,1
1790421113.711144934,Uninterrupted_Baseline,272
1790421113.711144934,Uninterrupted_Baseline,1
1790421113.782151318,Uninterrupted_Baseline,273
1790421113.782151318,Uninterrupted_Baseline,1
1790421113.864758689,Uninterrupted_Baseline,274
1790421113.864758689,Uninterrupted_Baseline,1
1790421113.944982125,Uninterrupted_Baseline,275
1790421113.944982125,Uninterrupted_Baseline,1
1790421114.024355188,Uninterrupted_Baseline,276
1790421114.024355188,Uninterrupted_Baseline,1
1790421114.109458476,Uninterrupted_Baseline,277
1790421114.109458476,Uninterrupted_Baseline,1
1790421114.190828597,Uninterrupted_Baseline,278
1790421114.190828597,Uninterrupted_Baseline,1
1790421114.276981942,Uninterrupted_Baseline,279
1790421114.276981942,Uninterrupted_Baseline,1
1790421114.369254239,Uninterrupted_Baseline,280
1790421114.369254239,Uninterrupted_Baseline,1
1790421114.453390604,Uninterrupted_Baseline,282
1790421114.453390604,Uninterrupted_Baseline,1
1790421114.536857190,Uninterrupted_Baseline,283
1790421114.536857190,Uninterrupted_Baseline,1
1790421114.617565051,Uninterrupted_Baseline,284
1790421114.617565051,Uninterrupted_Baseline,1
1790421114.700114611,Uninterrupted_Baseline,285
1790421114.700114611,Uninterrupted_Baseline,1
1790421114.782636797,Uninterrupted_Baseline,286
1790421114.782636797,Uninterrupted_Baseline,1
1790421114.853565887,Uninterrupted_Baseline,287
1790421114.853565887,Uninterrupted_Baseline,1
1790421114.923222778,Uninterrupted_Baseline,288
1790421114.923222778,Uninterrupted_Baseline,1
1790421114.989300398,Uninterrupted_Baseline,289
1790421114.989300398,Uninterrupted_Baseline,1
1790421115.051027648,Uninterrupted_Baseline,290
1790421115.051027648,Uninterrupted_Baseline,1
1790421115.131333819,Uninterrupted_Baseline,291
1790421115.131333819,Uninterrupted_Baseline,1
1790421115.208732109,Uninterrupted_Baseline,292
1790421115.208732109,Uninterrupted_Baseline,1
1790421115.287756646,Uninterrupted_Baseline,293
1790421115.287756646,Uninterrupted_Baseline,1
1790421115.358282638,Uninterrupted_Baseline,293
1790421115.358282638,Uninterrupted_Baseline,1
1790421115.438911753,Uninterrupted_Baseline,295
1790421115.438911753,Uninterrupted_Baseline,1
1790421115.525427554,Uninterrupted_Baseline,296
1790421115.525427554,Uninterrupted_Baseline,1
1790421115.609098681,Uninterrupted_Baseline,297
1790421115.609098681,Uninterrupted_Baseline,1
1790421115.695757607,Uninterrupted_Baseline,298
1790421115.695757607,Uninterrupted_Baseline,1
1790421115.778303806,Uninterrupted_Baseline,299
1790421115.778303806,Uninterrupted_Baseline,1
1790421115.859959816,Uninterrupted_Baseline,300
1790421115.859959816,Uninterrupted_Baseline,1
1790421115.941320517,Uninterrupted_Baseline,301
1790421115.941320517,Uninterrupted_Baseline,1
1790421116.022075619,Uninterrupted_Baseline,302
1790421116.022075619,Uninterrupted_Baseline,1
1790421116.105600070,Uninterrupted_Baseline,303
1790421116.105600070,Uninterrupted_Baseline,1
1790421116.185038104,Uninterrupted_Baseline,304
1790421116.185038104,Uninterrupted_Baseline,1
1790421116.265422409,Uninterrupted_Baseline,305
1790421116.265422409,Uninterrupted_Baseline,1
1790421116.346345585,Uninterrupted_Baseline,306
1790421116.346345585,Uninterrupted_Baseline,1
1790421116.429556733,Uninterrupted_Baseline,308
1790421116.429556733,Uninterrupted_Baseline,1
1790421116.511329901,Uninterrupted_Baseline,309
1790421116.594506052,Uninterrupted_Baseline,310
1790421116.675371635,Uninterrupted_Baseline,311
1790421116.754831069,Uninterrupted_Baseline,312
1790421116.834003875,Uninterrupted_Baseline,313
1790421116.917402169,Uninterrupted_Baseline,314
1790421116.997589631,Uninterrupted_Baseline,315
1790421117.083128601,Uninterrupted_Baseline,316
1790421117.166268406,Uninterrupted_Baseline,317
1790421117.242126675,Uninterrupted_Baseline,318
1790421117.321088764,Uninterrupted_Baseline,319
1790421117.402010482,Uninterrupted_Baseline,320
1790421117.483105117,Uninterrupted_Baseline,321
1790421117.562183218,Uninterrupted_Baseline,322
1790421117.645733570,Uninterrupted_Baseline,323
1790421117.711282811,Uninterrupted_Baseline,324
1790421117.793803238,Uninterrupted_Baseline,162
1790421117.877560625,Uninterrupted_Baseline,162
1790421117.954222816,Uninterrupted_Baseline,162
1790421118.033207088,Uninterrupted_Baseline,94
1790421118.105029257,Uninterrupted_Baseline,81
1790421118.162681520,Uninterrupted_Baseline,58
1790421118.225269578,Uninterrupted_Baseline,40
1790421118.296754394,Uninterrupted_Baseline,40
1790421118.376378672,Uninterrupted_Baseline,40
1790421118.429808996,Uninterrupted_Baseline,23
1790421118.481390577,Uninterrupted_Baseline,20
1790421118.534994547,Uninterrupted_Baseline,20
1790421118.596041774,Uninterrupted_Baseline,20
1790421118.668050169,Uninterrupted_Baseline,20
1790421118.761195906,Uninterrupted_Baseline,22
1790421118.842965369,Uninterrupted_Baseline,23
1790421118.927351832,Uninterrupted_Baseline,24
1790421119.010039184,Uninterrupted_Baseline,25
1790421119.097459983,Uninterrupted_Baseline,26
1790421119.151775863,Uninterrupted_Baseline,27
1790421119.225601240,Uninterrupted_Baseline,28
1790421119.307104091,Uninterrupted_Baseline,29
1790421119.387848522,Uninterrupted_Baseline,30
1790421119.468581689,Uninterrupted_Baseline,31
1790421119.549175650,Uninterrupted_Baseline,32
1790421119.630380851,Uninterrupted_Baseline,33
1790421119.709388310,Uninterrupted_Baseline,34
1790421119.787816294,Uninterrupted_Baseline,35
1790421119.861124506,Uninterrupted_Baseline,36
1790421119.941406494,Uninterrupted_Baseline,37
1790421120.024206251,Uninterrupted_Baseline,38
1790421120.098044999,Uninterrupted_Baseline,39
1790421120.174625223,Uninterrupted_Baseline,41
1790421120.256316410,Uninterrupted_Baseline,42
1790421120.344347985,Uninterrupted_Baseline,43
1790421120.428512547,Uninterrupted_Baseline,44
1790421120.507374748,Uninterrupted_Baseline,45
1790421120.588971996,Uninterrupted_Baseline,46
1790421120.672036161,Uninterrupted_Baseline,47
1790421120.754995135,Uninterrupted_Baseline,49
1790421120.835439325,Uninterrupted_Baseline,50
1790421120.907919483,Uninterrupted_Baseline,51
1790421120.990569908,Uninterrupted_Baseline,52
1790421121.072760662,Uninterrupted_Baseline,53
1790421121.153900147,Uninterrupted_Baseline,54
1790421121.235323468,Uninterrupted_Baseline,55
1790421121.310017696,Uninterrupted_Baseline,56
1790421121.388747114,Uninterrupted_Baseline,57
1790421121.473596203,Uninterrupted_Baseline,59
1790421121.557006966,Uninterrupted_Baseline,60
1790421121.639758899,Uninterrupted_Baseline,61
1790421121.723177112,Uninterrupted_Baseline,62
1790421121.806233928,Uninterrupted_Baseline,63
1790421121.889201463,Uninterrupted_Baseline,64
1790421121.968485664,Uninterrupted_Baseline,65
1790421122.049082731,Uninterrupted_Baseline,66
1790421122.136389813,Uninterrupted_Baseline,67
1790421122.212478379,Uninterrupted_Baseline,69
1790421122.289376953,Uninterrupted_Baseline,70
1790421122.368999873,Uninterrupted_Baseline,71
1790421122.451918821,Uninterrupted_Baseline,72
1790421122.530506801,Uninterrupted_Baseline,73
1790421122.604139481,Uninterrupted_Baseline,74
1790421122.687800589,Uninterrupted_Baseline,75
1790421122.768205053,Uninterrupted_Baseline,76
1790421122.851794653,Uninterrupted_Baseline,77
1790421122.931684332,Uninterrupted_Baseline,78
1790421123.013848802,Uninterrupted_Baseline,79
1790421123.099572360,Uninterrupted_Baseline,81
1790421123.181248527,Uninterrupted_Baseline,82
1790421123.262763022,Uninterrupted_Baseline,83
1790421123.342012449,Uninterrupted_Baseline,84
1790421123.423422286,Uninterrupted_Baseline,85
1790421123.506913362,Uninterrupted_Baseline,86
1790421123.592283061,Uninterrupted_Baseline,88
1790421123.674891280,Uninterrupted_Baseline,89
1790421123.756542683,Uninterrupted_Baseline,90
1790421123.838087813,Uninterrupted_Baseline,91
1790421123.919368025,Uninterrupted_Baseline,92
1790421124.000405441,Uninterrupted_Baseline,93
1790421124.083093837,Uninterrupted_Baseline,94
1790421124.163229351,Uninterrupted_Baseline,96
1790421124.240606437,Uninterrupted_Baseline,97
1790421124.318080169,Uninterrupted_Baseline,98
1790421124.410386859,Uninterrupted_Baseline,99
1790421124.461554517,Uninterrupted_Baseline,100
1790421124.535220558,Uninterrupted_Baseline,101
1790421124.608506314,Uninterrupted_Baseline,102
1790421124.688300496,Uninterrupted_Baseline,103
1790421124.770317251,Uninterrupted_Baseline,104
1790421124.857249256,Uninterrupted_Baseline,105
1790421124.940598099,Uninterrupted_Baseline,106
1790421125.021720310,Uninterrupted_Baseline,107
1790421125.103987364,Uninterrupted_Baseline,108
1790421125.156679954,Uninterrupted_Baseline,109
1790421125.227300931,Uninterrupted_Baseline,110
1790421125.305014967,Uninterrupted_Baseline,111
1790421125.381416565,Uninterrupted_Baseline,112
1790421125.464873409,Uninterrupted_Baseline,114
1790421125.545218274,Uninterrupted_Baseline,115
1790421125.626021670,Uninterrupted_Baseline,116
1790421125.710110621,Uninterrupted_Baseline,117
1790421125.780070703,Uninterrupted_Baseline,118
1790421125.857595022,Uninterrupted_Baseline,119
1790421125.939371719,Uninterrupted_Baseline,120
1790421126.022192034,Uninterrupted_Baseline,122
1790421126.104920756,Uninterrupted_Baseline,122
1790421126.188839380,Uninterrupted_Baseline,124
1790421126.272571851,Uninterrupted_Baseline,125
1790421126.342290183,Uninterrupted_Baseline,126
1790421126.425148945,Uninterrupted_Baseline,127
1790421126.510414563,Uninterrupted_Baseline,128
1790421126.588341962,Uninterrupted_Baseline,129
1790421126.657786964,Uninterrupted_Baseline,130
1790421126.740385065,Uninterrupted_Baseline,131
1790421126.822376736,Uninterrupted_Baseline,132
1790421126.902166786,Uninterrupted_Baseline,133
1790421126.981900479,Uninterrupted_Baseline,135
1790421127.062429599,Uninterrupted_Baseline,136
1790421127.147830738,Uninterrupted_Baseline,137
1790421127.237591237,Uninterrupted_Baseline,138
1790421127.323246188,Uninterrupted_Baseline,139
1790421127.394735599,Uninterrupted_Baseline,140
1790421127.479021920,Uninterrupted_Baseline,141
1790421127.565441878,Uninterrupted_Baseline,143
1790421127.655276127,Uninterrupted_Baseline,144
1790421127.723280896,Uninterrupted_Baseline,145
1790421127.811318006,Uninterrupted_Baseline,146
1790421127.896218180,Uninterrupted_Baseline,147
1790421127.981924113,Uninterrupted_Baseline,148
1790421128.063290894,Uninterrupted_Baseline,150
1790421128.143194871,Uninterrupted_Baseline,151
1790421128.231605249,Uninterrupted_Baseline,152
1790421128.296593582,Uninterrupted_Baseline,153
1790421128.379837540,Uninterrupted_Baseline,154
1790421128.447306737,Uninterrupted_Baseline,155
1790421128.498341603,Uninterrupted_Baseline,156
1790421128.560869245,Uninterrupted_Baseline,156
1790421128.621223507,Uninterrupted_Baseline,157
1790421128.690590164,Uninterrupted_Baseline,158
1790421128.767248190,Uninterrupted_Baseline,159
1790421128.847586758,Uninterrupted_Baseline,160
1790421128.938078418,Uninterrupted_Baseline,162
1790421129.015829004,Uninterrupted_Baseline,163
1790421129.097864615,Uninterrupted_Baseline,164
1790421129.172009320,Uninterrupted_Baseline,165
1790421129.232036868,Uninterrupted_Baseline,166
1790421129.307617976,Uninterrupted_Baseline,167
1790421129.389587372,Uninterrupted_Baseline,168
1790421129.472585232,Uninterrupted_Baseline,169
1790421129.550537985,Uninterrupted_Baseline,170
1790421129.631058230,Uninterrupted_Baseline,171
1790421129.709404623,Uninterrupted_Baseline,172
1790421129.787732679,Uninterrupted_Baseline,173
1790421129.870187719,Uninterrupted_Baseline,174
1790421129.939600181,Uninterrupted_Baseline,175
1790421130.023016539,Uninterrupted_Baseline,176
1790421130.104501547,Uninterrupted_Baseline,178
1790421130.179314578,Uninterrupted_Baseline,179
1790421130.258583239,Uninterrupted_Baseline,180
1790421130.348464784,Uninterrupted_Baseline,181
1790421130.426834374,Uninterrupted_Baseline,182
1790421130.491514697,Uninterrupted_Baseline,183
1790421130.561551514,Uninterrupted_Baseline,184
1790421130.635397187,Uninterrupted_Baseline,185
1790421130.717914138,Uninterrupted_Baseline,186
1790421130.799224250,Uninterrupted_Baseline,187
1790421130.876342745,Uninterrupted_Baseline,188
1790421130.946818433,Uninterrupted_Baseline,189
1790421131.029805616,Uninterrupted_Baseline,190
1790421131.114674866,Uninterrupted_Baseline,191
1790421131.196527065,Uninterrupted_Baseline,192
1790421131.267686571,Uninterrupted_Baseline,193
1790421131.344630518,Uninterrupted_Baseline,194
1790421131.423796885,Uninterrupted_Baseline,195
1790421131.496581922,Uninterrupted_Baseline,196
1790421131.574036281,Uninterrupted_Baseline,198
1790421131.646375517,Uninterrupted_Baseline,199
1790421131.712482439,Uninterrupted_Baseline,199
1790421131.778529229,Uninterrupted_Baseline,200
1790421131.857435257,Uninterrupted_Baseline,201
1790421131.939230569,Uninterrupted_Baseline,202
1790421132.018686845,Uninterrupted_Baseline,204
1790421132.102409006,Uninterrupted_Baseline,205
1790421132.186247154,Uninterrupted_Baseline,206
1790421132.269618063,Uninterrupted_Baseline,207
1790421142.352042523,Phase1_Baseline,10
1790421142.436412141,Phase1_Baseline,18
1790421142.508623083,Phase1_Baseline,36
1790421142.591978541,Phase1_Baseline,96
1790421142.669999896,Phase1_Baseline,213
1790421142.750725717,Phase1_Baseline,392
1790421142.831368388,Phase1_Baseline,645
1790421142.916877444,Phase1_Baseline,1052
1790421142.997200465,Phase1_Baseline,1097
1790421143.081719561,Phase1_Baseline,961
1790421143.151071572,Phase1_Baseline,618
1790421143.227110237,Phase1_Baseline,618
1790421143.304524666,Phase1_Baseline,618
1790421143.389903614,Phase1_Baseline,618
1790421143.472530385,Phase1_Baseline,618
1790421143.546474853,Phase1_Baseline,566
1790421143.627891540,Phase1_Baseline,379
1790421143.704142630,Phase1_Baseline,309
1790421143.786235624,Phase1_Baseline,297
1790421143.861933660,Phase1_Baseline,154
1790421143.922227966,Phase1_Baseline,154
1790421144.002404323,Phase1_Baseline,134
1790421144.083227143,Phase1_Baseline,77
1790421144.163750322,Phase1_Baseline,77
1790421144.231234997,Phase1_Baseline,77
1790421144.301261326,Phase1_Baseline,78
1790421144.358748463,Phase1_Baseline,79
1790421144.423734663,Phase1_Baseline,80
1790421144.487479365,Phase1_Baseline,81
1790421144.563823563,Phase1_Baseline,82
1790421144.629858156,Phase1_Baseline,83
1790421144.705213222,Phase1_Baseline,84
1790421144.790086311,Phase1_Baseline,85
1790421144.855540089,Phase1_Baseline,86
1790421144.937095580,Phase1_Baseline,87
1790421145.013581803,Phase1_Baseline,88
1790421145.095637839,Phase1_Baseline,90
1790421145.178987211,Phase1_Baseline,91
1790421145.260904765,Phase1_Baseline,92
1790421145.343146968,Phase1_Baseline,93
1790421145.419498136,Phase1_Baseline,94
1790421145.492260251,Phase1_Baseline,95
1790421145.571606155,Phase1_Baseline,96
1790421145.648255850,Phase1_Baseline,97
1790421145.731179138,Phase1_Baseline,99
1790421145.813294929,Phase1_Baseline,99
1790421145.895497765,Phase1_Baseline,101
1790421145.967465689,Phase1_Baseline,102
1790421146.051842739,Phase1_Baseline,103
1790421146.131810843,Phase1_Baseline,104
1790421146.209358657,Phase1_Baseline,105
1790421146.293860267,Phase1_Baseline,106
1790421146.370040570,Phase1_Baseline,107
1790421146.449031492,Phase1_Baseline,108
1790421146.515177526,Phase1_Baseline,109
1790421146.593402098,Phase1_Baseline,110
1790421146.666455366,Phase1_Baseline,111
1790421146.747049182,Phase1_Baseline,113
1790421146.831643603,Phase1_Baseline,114
1790421146.916590412,Phase1_Baseline,115
1790421146.994450620,Phase1_Baseline,116
1790421147.064925106,Phase1_Baseline,117
1790421147.146478614,Phase1_Baseline,118
1790421147.219044271,Phase1_Baseline,119
1790421147.277279905,Phase1_Baseline,120
1790421147.342114990,Phase1_Baseline,121
1790421147.416985535,Phase1_Baseline,122
1790421147.497834893,Phase1_Baseline,123
1790421147.579952768,Phase1_Baseline,124
1790421147.661059304,Phase1_Baseline,125
1790421147.742539980,Phase1_Baseline,126
1790421147.811509897,Phase1_Baseline,127
1790421147.893050713,Phase1_Baseline,128
1790421147.967220544,Phase1_Baseline,129
1790421148.039678647,Phase1_Baseline,130
1790421148.093243632,Phase1_Baseline,131
1790421148.155353642,Phase1_Baseline,132
1790421148.234676986,Phase1_Baseline,133
1790421148.295089274,Phase1_Baseline,134
1790421148.375863868,Phase1_Baseline,135
1790421148.446586441,Phase1_Baseline,136
1790421148.502924816,Phase1_Baseline,137
1790421148.566015332,Phase1_Baseline,138
1790421148.626756305,Phase1_Baseline,139
1790421148.695556477,Phase1_Baseline,140
1790421148.765534752,Phase1_Baseline,141
1790421148.815404144,Phase1_Baseline,141
1790421148.895824549,Phase1_Baseline,143
1790421148.977976549,Phase1_Baseline,144
1790421149.057560426,Phase1_Baseline,145
1790421149.123613973,Phase1_Baseline,145
1790421149.183706050,Phase1_Baseline,146
1790421149.245933003,Phase1_Baseline,147
1790421149.311498144,Phase1_Baseline,148
1790421149.391235990,Phase1_Baseline,149
1790421149.464014382,Phase1_Baseline,150
1790421149.541056753,Phase1_Baseline,151
1790421149.620784133,Phase1_Baseline,152
1790421149.701259858,Phase1_Baseline,154
1790421149.777915055,Phase1_Baseline,155
1790421149.858894463,Phase1_Baseline,156
1790421149.940881422,Phase1_Baseline,157
1790421150.018643274,Phase1_Baseline,158
1790421150.102637983,Phase1_Baseline,159
1790421150.179016672,Phase1_Baseline,160
1790421150.238289215,Phase1_Baseline,161
1790421150.312189404,Phase1_Baseline,162
1790421150.398804941,Phase1_Baseline,163
1790421150.482966651,Phase1_Baseline,164
1790421150.557835028,Phase1_Baseline,165
1790421150.630534053,Phase1_Baseline,166
1790421150.708941434,Phase1_Baseline,168
1790421150.789958237,Phase1_Baseline,169
1790421150.866471424,Phase1_Baseline,170
1790421150.930215987,Phase1_Baseline,171
1790421151.014778666,Phase1_Baseline,172
1790421151.096285779,Phase1_Baseline,173
1790421151.164257594,Phase1_Baseline,174
1790421151.243736235,Phase1_Baseline,175
1790421151.303136905,Phase1_Baseline,176
1790421151.392030804,Phase1_Baseline,177
1790421151.472315147,Phase1_Baseline,178
1790421151.543899561,Phase1_Baseline,179
1790421151.623854879,Phase1_Baseline,180
1790421151.707493591,Phase1_Baseline,181
1790421151.789772033,Phase1_Baseline,182
1790421151.870960027,Phase1_Baseline,183
1790421151.951372007,Phase1_Baseline,184
1790421152.029947714,Phase1_Baseline,185
1790421152.100637853,Phase1_Baseline,186
1790421152.175376514,Phase1_Baseline,187
1790421152.259048172,Phase1_Baseline,189
1790421152.339374718,Phase1_Baseline,190
1790421152.401978427,Phase1_Baseline,190
1790421152.477716751,Phase1_Baseline,191
1790421152.558824844,Phase1_Baseline,192
1790421152.640030203,Phase1_Baseline,193
1790421152.721137684,Phase1_Baseline,195
1790421152.806508541,Phase1_Baseline,196
1790421152.883300378,Phase1_Baseline,197
1790421152.956750481,Phase1_Baseline,198
1790421153.026223500,Phase1_Baseline,199
1790421153.102510625,Phase1_Baseline,200
1790421153.185139986,Phase1_Baseline,201
1790421153.278296340,Phase1_Baseline,202
1790421153.361354469,Phase1_Baseline,203
1790421153.433470596,Phase1_Baseline,204
1790421153.502335239,Phase1_Baseline,205
1790421153.582063822,Phase1_Baseline,206
1790421153.659819078,Phase1_Baseline,208
1790421153.743772349,Phase1_Baseline,209
1790421153.826947654,Phase1_Baseline,210
1790421153.909333068,Phase1_Baseline,211
1790421153.990810658,Phase1_Baseline,212
1790421154.075512248,Phase1_Baseline,213
1790421154.148731627,Phase1_Baseline,214
1790421154.222318009,Phase1_Baseline,215
1790421154.300361304,Phase1_Baseline,216
1790421154.381603563,Phase1_Baseline,217
1790421154.462783768,Phase1_Baseline,218
1790421154.546467643,Phase1_Baseline,219
1790421154.605418475,Phase1_Baseline,220
1790421154.670489459,Phase1_Baseline,221
1790421154.751550283,Phase1_Baseline,222
1790421154.840307073,Phase1_Baseline,224
1790421154.904865214,Phase1_Baseline,224
1790421154.998067537,Phase1_Baseline,226
1790421155.062880068,Phase1_Baseline,227
1790421155.131278816,Phase1_Baseline,228
1790421155.205149474,Phase1_Baseline,229
1790421155.287175163,Phase1_Baseline,230
1790421155.369316989,Phase1_Baseline,231
1790421155.446863869,Phase1_Baseline,232
1790421155.524581855,Phase1_Baseline,233
1790421155.600553793,Phase1_Baseline,234
1790421155.676854916,Phase1_Baseline,235
1790421155.736013598,Phase1_Baseline,236
1790421155.815087204,Phase1_Baseline,237
1790421155.900832006,Phase1_Baseline,238
1790421155.967955325,Phase1_Baseline,239
1790421156.047267409,Phase1_Baseline,240
1790421156.121986819,Phase1_Baseline,241
1790421156.208571349,Phase1_Baseline,242
1790421156.286606550,Phase1_Baseline,243
1790421156.359623733,Phase1_Baseline,244
1790421156.435295439,Phase1_Baseline,245
1790421156.512790238,Phase1_Baseline,246
1790421156.590894032,Phase1_Baseline,247
1790421156.669491719,Phase1_Baseline,248
1790421156.754447857,Phase1_Baseline,249
1790421156.834890341,Phase1_Baseline,250
1790421156.912882700,Phase1_Baseline,251
1790421156.989237165,Phase1_Baseline,252
1790421157.066145985,Phase1_Baseline,253
1790421157.145994957,Phase1_Baseline,254
1790421157.211274676,Phase1_Baseline,255
1790421157.292552501,Phase1_Baseline,256
1790421157.366627461,Phase1_Baseline,257
1790421157.445059954,Phase1_Baseline,258
1790421157.534085440,Phase1_Baseline,260
1790421157.617124926,Phase1_Baseline,261
1790421157.700915483,Phase1_Baseline,262
1790421157.778938170,Phase1_Baseline,263
1790421159.262948983,Phase2_Migrated,10
1790421159.352904736,Phase2_Migrated,5
1790421159.455036697,Phase2_Migrated,25
1790421159.549974687,Phase2_Migrated,59
1790421159.640974090,Phase2_Migrated,147
1790421159.731765985,Phase2_Migrated,355
1790421159.805960011,Phase2_Migrated,587
1790421159.882966975,Phase2_Migrated,913
1790421159.970563966,Phase2_Migrated,1060
1790421160.062603442,Phase2_Migrated,804
1790421160.160926573,Phase2_Migrated,606
1790421160.253417486,Phase2_Migrated,582
1790421160.346300844,Phase2_Migrated,582
1790421160.438926465,Phase2_Migrated,582
1790421160.533205494,Phase2_Migrated,476
1790421160.631773866,Phase2_Migrated,291
1790421160.723467843,Phase2_Migrated,291
1790421160.816798439,Phase2_Migrated,145
1790421160.916240465,Phase2_Migrated,145
1790421161.013256946,Phase2_Migrated,145
1790421161.110955720,Phase2_Migrated,147
1790421161.202737086,Phase2_Migrated,148
1790421161.280571151,Phase2_Migrated,149
1790421161.371136291,Phase2_Migrated,151
1790421161.466046371,Phase2_Migrated,152
1790421161.562328081,Phase2_Migrated,153
1790421161.656927649,Phase2_Migrated,155
1790421161.756417965,Phase2_Migrated,156
1790421161.846679498,Phase2_Migrated,157
1790421161.937751484,Phase2_Migrated,158
1790421162.029812328,Phase2_Migrated,160
1790421162.125001009,Phase2_Migrated,161
1790421162.216892268,Phase2_Migrated,162
1790421162.310183021,Phase2_Migrated,164
1790421162.406368600,Phase2_Migrated,165
1790421162.499326451,Phase2_Migrated,166
1790421162.601591375,Phase2_Migrated,167
1790421162.692929044,Phase2_Migrated,169
1790421162.791246613,Phase2_Migrated,170
1790421162.884480002,Phase2_Migrated,171
1790421162.980642710,Phase2_Migrated,173
1790421163.077627441,Phase2_Migrated,174
1790421163.172069467,Phase2_Migrated,175
1790421163.261418426,Phase2_Migrated,176
1790421163.352906022,Phase2_Migrated,178
1790421163.445048828,Phase2_Migrated,179
1790421163.534379982,Phase2_Migrated,180
1790421163.626829568,Phase2_Migrated,181
1790421163.717120241,Phase2_Migrated,182
1790421163.803511235,Phase2_Migrated,183
1790421163.881940258,Phase2_Migrated,185
1790421163.971891798,Phase2_Migrated,186
1790421164.065283453,Phase2_Migrated,187
1790421164.160051102,Phase2_Migrated,188
1790421164.251535293,Phase2_Migrated,190
1790421164.345896618,Phase2_Migrated,191
1790421164.441551655,Phase2_Migrated,192
1790421164.532099962,Phase2_Migrated,194
1790421164.625344000,Phase2_Migrated,195
1790421164.712913286,Phase2_Migrated,196
1790421164.810053899,Phase2_Migrated,197
1790421164.911612071,Phase2_Migrated,199
1790421165.008856857,Phase2_Migrated,200
1790421165.075215488,Phase2_Migrated,201
1790421165.145557768,Phase2_Migrated,202
1790421165.229106857,Phase2_Migrated,203
1790421165.324049623,Phase2_Migrated,204
1790421165.414473073,Phase2_Migrated,206
1790421165.515522005,Phase2_Migrated,207
1790421165.610049518,Phase2_Migrated,208
1790421165.706225380,Phase2_Migrated,210
1790421165.799101134,Phase2_Migrated,211
1790421165.893275857,Phase2_Migrated,212
1790421165.989352383,Phase2_Migrated,214
1790421166.074928360,Phase2_Migrated,215
1790421166.161581622,Phase2_Migrated,216
1790421166.252953662,Phase2_Migrated,217
1790421166.318086628,Phase2_Migrated,218
1790421166.404912518,Phase2_Migrated,219
1790421166.499089882,Phase2_Migrated,221
1790421166.586747596,Phase2_Migrated,222
1790421166.661842515,Phase2_Migrated,223
1790421166.736303344,Phase2_Migrated,224
1790421166.813834575,Phase2_Migrated,225
1790421166.906073928,Phase2_Migrated,226
1790421166.982633551,Phase2_Migrated,227
1790421167.054033313,Phase2_Migrated,228
1790421167.146341264,Phase2_Migrated,230
1790421167.230598324,Phase2_Migrated,231
1790421167.298485199,Phase2_Migrated,232
1790421167.386379013,Phase2_Migrated,233
1790421167.453080257,Phase2_Migrated,234
1790421167.546720166,Phase2_Migrated,235
1790421167.629732154,Phase2_Migrated,236
1790421167.719986422,Phase2_Migrated,238
1790421167.813674720,Phase2_Migrated,239
1790421167.895951071,Phase2_Migrated,240
1790421167.989815532,Phase2_Migrated,241
1790421168.070632113,Phase2_Migrated,242
1790421168.146307281,Phase2_Migrated,243
1790421168.235056758,Phase2_Migrated,244
1790421168.297700986,Phase2_Migrated,245
1790421168.391004557,Phase2_Migrated,246
1790421168.459342992,Phase2_Migrated,247
1790421168.514791812,Phase2_Migrated,248
1790421168.577951165,Phase2_Migrated,249
1790421168.656272321,Phase2_Migrated,250
1790421168.727633288,Phase2_Migrated,251
1790421168.820899130,Phase2_Migrated,252
1790421168.912476317,Phase2_Migrated,254
1790421169.016022115,Phase2_Migrated,255
1790421169.111283187,Phase2_Migrated,256
1790421169.202589308,Phase2_Migrated,258
1790421169.297002873,Phase2_Migrated,259
1790421169.379922932,Phase2_Migrated,260
1790421169.440756287,Phase2_Migrated,261
1790421169.520269674,Phase2_Migrated,262
1790421169.584423950,Phase2_Migrated,262
1790421169.661237650,Phase2_Migrated,264
1790421169.753748068,Phase2_Migrated,265
1790421169.840555990,Phase2_Migrated,266
1790421169.914124651,Phase2_Migrated,267
1790421170.007885876,Phase2_Migrated,268
1790421170.103143899,Phase2_Migrated,269
1790421170.193475283,Phase2_Migrated,271
1790421170.289388463,Phase2_Migrated,272
1790421170.375380198,Phase2_Migrated,273
1790421170.467632170,Phase2_Migrated,274
1790421170.552251421,Phase2_Migrated,275
1790421170.646202609,Phase2_Migrated,277
1790421170.744218014,Phase2_Migrated,278
1790421170.836972341,Phase2_Migrated,279
1790421170.935120850,Phase2_Migrated,280
1790421171.020608537,Phase2_Migrated,281
1790421172.200339565,Uninterrupted_Baseline,1
1790421172.285935081,Uninterrupted_Baseline,1
1790421172.373448350,Uninterrupted_Baseline,1
1790421172.453967733,Uninterrupted_Baseline,1
1790421172.508795736,Uninterrupted_Baseline,1
1790421172.591340261,Uninterrupted_Baseline,1
1790421172.673765649,Uninterrupted_Baseline,1
1790421172.751746157,Uninterrupted_Baseline,1
1790421172.836230957,Uninterrupted_Baseline,1
1790421172.916197855,Uninterrupted_Baseline,1
1790421172.994427008,Uninterrupted_Baseline,1
1790421173.082226292,Uninterrupted_Baseline,1
1790421173.163252521,Uninterrupted_Baseline,1
1790421173.240331565,Uninterrupted_Baseline,1
1790421173.323252711,Uninterrupted_Baseline,1
1790421173.389879195,Uninterrupted_Baseline,1
1790421173.474183361,Uninterrupted_Baseline,1
1790421173.557177478,Uninterrupted_Baseline,1
1790421173.637375878,Uninterrupted_Baseline,10
1790421173.637375878,Uninterrupted_Baseline,1
1790421173.721279608,Uninterrupted_Baseline,16
1790421173.721279608,Uninterrupted_Baseline,1
1790421173.799396053,Uninterrupted_Baseline,32
1790421173.799396053,Uninterrupted_Baseline,1
1790421173.882472558,Uninterrupted_Baseline,78
1790421173.882472558,Uninterrupted_Baseline,1
1790421173.961715022,Uninterrupted_Baseline,152
1790421173.961715022,Uninterrupted_Baseline,1
1790421174.026283046,Uninterrupted_Baseline,239
1790421174.026283046,Uninterrupted_Baseline,1
1790421174.108704807,Uninterrupted_Baseline,469
1790421174.108704807,Uninterrupted_Baseline,1
1790421174.193493424,Uninterrupted_Baseline,815
1790421174.193493424,Uninterrupted_Baseline,1
1790421174.274142326,Uninterrupted_Baseline,877
1790421174.274142326,Uninterrupted_Baseline,1
1790421174.354908697,Uninterrupted_Baseline,721
1790421174.354908697,Uninterrupted_Baseline,1
1790421174.435273395,Uninterrupted_Baseline,538
1790421174.435273395,Uninterrupted_Baseline,1
1790421174.516030443,Uninterrupted_Baseline,490
1790421174.516030443,Uninterrupted_Baseline,1
1790421174.601196478,Uninterrupted_Baseline,490
1790421174.601196478,Uninterrupted_Baseline,1
1790421174.687726865,Uninterrupted_Baseline,265
1790421174.687726865,Uninterrupted_Baseline,1
1790421174.780205655,Uninterrupted_Baseline,245
1790421174.780205655,Uninterrupted_Baseline,1
1790421174.858756179,Uninterrupted_Baseline,199
1790421174.858756179,Uninterrupted_Baseline,1
1790421174.925432488,Uninterrupted_Baseline,122
1790421174.925432488,Uninterrupted_Baseline,1
1790421175.009314363,Uninterrupted_Baseline,122
1790421175.009314363,Uninterrupted_Baseline,1
1790421175.093459723,Uninterrupted_Baseline,122
1790421175.093459723,Uninterrupted_Baseline,1
1790421175.165875366,Uninterrupted_Baseline,123
1790421175.165875366,Uninterrupted_Baseline,1
1790421175.234622526,Uninterrupted_Baseline,124
1790421175.234622526,Uninterrupted_Baseline,1
1790421175.304383118,Uninterrupted_Baseline,125
1790421175.304383118,Uninterrupted_Baseline,1
1790421175.376050258,Uninterrupted_Baseline,126
1790421175.376050258,Uninterrupted_Baseline,1
1790421175.455826134,Uninterrupted_Baseline,127
1790421175.455826134,Uninterrupted_Baseline,1
1790421175.541635088,Uninterrupted_Baseline,128
1790421175.541635088,Uninterrupted_Baseline,1
1790421175.625750783,Uninterrupted_Baseline,129
1790421175.625750783,Uninterrupted_Baseline,1
1790421175.707898236,Uninterrupted_Baseline,130
1790421175.707898236,Uninterrupted_Baseline,1
1790421175.778273627,Uninterrupted_Baseline,131
1790421175.778273627,Uninterrupted_Baseline,1
1790421175.860747137,Uninterrupted_Baseline,133
1790421175.860747137,Uninterrupted_Baseline,1
1790421175.946371567,Uninterrupted_Baseline,134
1790421175.946371567,Uninterrupted_Baseline,1
1790421176.030618898,Uninterrupted_Baseline,135
1790421176.030618898,Uninterrupted_Baseline,1
1790421176.115039953,Uninterrupted_Baseline,136
1790421176.115039953,Uninterrupted_Baseline,1
1790421176.195896431,Uninterrupted_Baseline,137
1790421176.195896431,Uninterrupted_Baseline,1
1790421176.274709559,Uninterrupted_Baseline,138
1790421176.274709559,Uninterrupted_Baseline,1
1790421176.338094849,Uninterrupted_Baseline,139
1790421176.338094849,Uninterrupted_Baseline,1
1790421176.418769761,Uninterrupted_Baseline,140
1790421176.507379833,Uninterrupted_Baseline,142
1790421176.595013838,Uninterrupted_Baseline,143
1790421176.677111485,Uninterrupted_Baseline,144
1790421176.759817321,Uninterrupted_Baseline,145
1790421176.841034718,Uninterrupted_Baseline,146
1790421176.921835315,Uninterrupted_Baseline,147
1790421177.002937326,Uninterrupted_Baseline,148
1790421177.081435100,Uninterrupted_Baseline,149
1790421177.162281443,Uninterrupted_Baseline,151
1790421177.242494595,Uninterrupted_Baseline,152
1790421177.327947404,Uninterrupted_Baseline,153
1790421177.408094741,Uninterrupted_Baseline,154
1790421177.470382686,Uninterrupted_Baseline,155
1790421177.553009711,Uninterrupted_Baseline,156
1790421177.637780081,Uninterrupted_Baseline,157
1790421177.708587916,Uninterrupted_Baseline,158
1790421177.788508439,Uninterrupted_Baseline,159
1790421177.872035493,Uninterrupted_Baseline,160
1790421177.956022939,Uninterrupted_Baseline,161
1790421178.035070646,Uninterrupted_Baseline,162
1790421178.090630735,Uninterrupted_Baseline,163
1790421178.170166129,Uninterrupted_Baseline,164
1790421178.260079976,Uninterrupted_Baseline,166
1790421178.329594797,Uninterrupted_Baseline,167
1790421178.407180746,Uninterrupted_Baseline,168
1790421178.460038056,Uninterrupted_Baseline,168
1790421178.514177836,Uninterrupted_Baseline,169
1790421178.582795674,Uninterrupted_Baseline,170
1790421178.651018312,Uninterrupted_Baseline,171
1790421178.721760400,Uninterrupted_Baseline,172
1790421178.803174034,Uninterrupted_Baseline,173
1790421178.884381219,Uninterrupted_Baseline,174
1790421178.966624917,Uninterrupted_Baseline,175
1790421179.046220546,Uninterrupted_Baseline,176
1790421179.130098066,Uninterrupted_Baseline,177
1790421179.206250076,Uninterrupted_Baseline,178
1790421179.276625088,Uninterrupted_Baseline,179
1790421179.357573963,Uninterrupted_Baseline,181
1790421179.440402415,Uninterrupted_Baseline,182
1790421179.522400789,Uninterrupted_Baseline,183
1790421179.604995690,Uninterrupted_Baseline,184
1790421179.687718501,Uninterrupted_Baseline,185
1790421179.745017973,Uninterrupted_Baseline,186
1790421179.825519257,Uninterrupted_Baseline,187
1790421179.911424716,Uninterrupted_Baseline,188
1790421179.996896242,Uninterrupted_Baseline,189
1790421180.079456822,Uninterrupted_Baseline,190
1790421180.161681227,Uninterrupted_Baseline,192
1790421180.248607957,Uninterrupted_Baseline,193
1790421180.332828409,Uninterrupted_Baseline,194
1790421180.414163997,Uninterrupted_Baseline,195
1790421180.496769292,Uninterrupted_Baseline,196
1790421180.556269390,Uninterrupted_Baseline,197
1790421180.623968448,Uninterrupted_Baseline,198
1790421180.706266427,Uninterrupted_Baseline,199
1790421180.784890837,Uninterrupted_Baseline,200
1790421180.848666794,Uninterrupted_Baseline,201
1790421180.908283395,Uninterrupted_Baseline,202
1790421180.995233705,Uninterrupted_Baseline,203
1790421181.082241914,Uninterrupted_Baseline,204
1790421181.165146843,Uninterrupted_Baseline,205
1790421181.245833100,Uninterrupted_Baseline,206
1790421181.325992315,Uninterrupted_Baseline,207
1790421181.409365079,Uninterrupted_Baseline,209
1790421181.492558471,Uninterrupted_Baseline,210
1790421181.577960405,Uninterrupted_Baseline,211
1790421181.666383754,Uninterrupted_Baseline,212
1790421181.755012490,Uninterrupted_Baseline,213
1790421181.837526371,Uninterrupted_Baseline,214
1790421181.919007485,Uninterrupted_Baseline,216
1790421182.006806393,Uninterrupted_Baseline,217
1790421182.085847532,Uninterrupted_Baseline,218
1790421182.171173705,Uninterrupted_Baseline,219
1790421182.248714405,Uninterrupted_Baseline,220
1790421182.334169919,Uninterrupted_Baseline,221
1790421182.413484203,Uninterrupted_Baseline,222
1790421182.487772591,Uninterrupted_Baseline,223
1790421182.565753546,Uninterrupted_Baseline,224
1790421182.624926311,Uninterrupted_Baseline,225
1790421182.705460812,Uninterrupted_Baseline,226
1790421182.784458573,Uninterrupted_Baseline,227
1790421182.867070533,Uninterrupted_Baseline,228
1790421182.935281810,Uninterrupted_Baseline,229
1790421183.013305994,Uninterrupted_Baseline,230
1790421183.100184249,Uninterrupted_Baseline,232
1790421183.180930746,Uninterrupted_Baseline,233
1790421183.263409305,Uninterrupted_Baseline,234
1790421183.342414694,Uninterrupted_Baseline,235
1790421183.414352187,Uninterrupted_Baseline,236
1790421183.490700885,Uninterrupted_Baseline,237
1790421183.567048637,Uninterrupted_Baseline,238
1790421183.649283684,Uninterrupted_Baseline,239
1790421183.724308618,Uninterrupted_Baseline,240
1790421183.810395057,Uninterrupted_Baseline,241
1790421183.888778842,Uninterrupted_Baseline,242
1790421183.973316466,Uninterrupted_Baseline,243
1790421184.057621254,Uninterrupted_Baseline,244
1790421184.140253639,Uninterrupted_Baseline,246
1790421184.228207339,Uninterrupted_Baseline,247
1790421184.304482592,Uninterrupted_Baseline,248
1790421184.383359231,Uninterrupted_Baseline,249
1790421184.465944594,Uninterrupted_Baseline,250
1790421184.547163663,Uninterrupted_Baseline,251
1790421184.630877915,Uninterrupted_Baseline,252
1790421184.710189231,Uninterrupted_Baseline,253
1790421184.793182037,Uninterrupted_Baseline,255
1790421184.880614099,Uninterrupted_Baseline,256
1790421184.965285782,Uninterrupted_Baseline,257
1790421185.017457941,Uninterrupted_Baseline,257
1790421185.071235583,Uninterrupted_Baseline,258
1790421185.140536969,Uninterrupted_Baseline,259
1790421185.219512694,Uninterrupted_Baseline,260
1790421185.289916650,Uninterrupted_Baseline,261
1790421185.369596253,Uninterrupted_Baseline,262
1790421185.446327279,Uninterrupted_Baseline,263
1790421185.531347629,Uninterrupted_Baseline,265
1790421185.612395088,Uninterrupted_Baseline,266
1790421185.696058089,Uninterrupted_Baseline,267
1790421185.784471909,Uninterrupted_Baseline,268
1790421185.865325377,Uninterrupted_Baseline,269
1790421185.935376141,Uninterrupted_Baseline,270
1790421186.008477786,Uninterrupted_Baseline,271
1790421186.090482179,Uninterrupted_Baseline,272
1790421186.170080156,Uninterrupted_Baseline,273
1790421186.250502054,Uninterrupted_Baseline,274
1790421186.328800996,Uninterrupted_Baseline,275
1790421186.410496372,Uninterrupted_Baseline,276
1790421186.477020720,Uninterrupted_Baseline,277
1790421186.557015189,Uninterrupted_Baseline,278
1790421186.639270491,Uninterrupted_Baseline,279
1790421186.713309705,Uninterrupted_Baseline,280
1790421186.796335055,Uninterrupted_Baseline,281
1790421186.881998167,Uninterrupted_Baseline,282
1790421186.944574411,Uninterrupted_Baseline,283
1790421187.021034149,Uninterrupted_Baseline,284
1790421187.102307700,Uninterrupted_Baseline,285
1790421187.174855924,Uninterrupted_Baseline,286
1790421187.259180773,Uninterrupted_Baseline,287
1790421187.313818470,Uninterrupted_Baseline,288
1790421187.379725126,Uninterrupted_Baseline,289
1790421187.463256182,Uninterrupted_Baseline,290
1790421187.546320221,Uninterrupted_Baseline,291
1790421187.630619339,Uninterrupted_Baseline,292
1790421187.709220711,Uninterrupted_Baseline,293
1790421187.790936716,Uninterrupted_Baseline,294
1790421187.874385061,Uninterrupted_Baseline,295
1790421187.954202174,Uninterrupted_Baseline,296
1790421188.020547439,Uninterrupted_Baseline,297
1790421188.091408076,Uninterrupted_Baseline,298
1790421188.158462250,Uninterrupted_Baseline,299
1790421188.238485885,Uninterrupted_Baseline,300
1790421188.302474117,Uninterrupted_Baseline,301
1790421188.385966556,Uninterrupted_Baseline,302
1790421188.442971736,Uninterrupted_Baseline,303
1790421188.493286367,Uninterrupted_Baseline,303
1790421188.554929890,Uninterrupted_Baseline,304
1790421188.618511921,Uninterrupted_Baseline,305
1790421188.682843479,Uninterrupted_Baseline,306
1790421188.739590034,Uninterrupted_Baseline,307
1790421188.798597730,Uninterrupted_Baseline,308
1790421188.876381838,Uninterrupted_Baseline,309
1790421188.957243481,Uninterrupted_Baseline,310
1790421189.034747177,Uninterrupted_Baseline,310
1790421189.107841729,Uninterrupted_Baseline,311
1790421189.167980246,Uninterrupted_Baseline,312
1790421189.226230711,Uninterrupted_Baseline,313
1790421189.307375572,Uninterrupted_Baseline,314
1790421189.390108765,Uninterrupted_Baseline,315
1790421189.471843320,Uninterrupted_Baseline,316
1790421189.555158119,Uninterrupted_Baseline,317
1790421189.636090031,Uninterrupted_Baseline,318
1790421189.725863271,Uninterrupted_Baseline,319
1790421189.810152558,Uninterrupted_Baseline,320
1790421189.893347224,Uninterrupted_Baseline,321
1790421189.974874800,Uninterrupted_Baseline,323
1790421190.059009693,Uninterrupted_Baseline,324
1790421190.142220262,Uninterrupted_Baseline,215
1790421190.230054890,Uninterrupted_Baseline,162
1790421190.306580359,Uninterrupted_Baseline,162
1790421190.388118305,Uninterrupted_Baseline,122
1790421190.471617575,Uninterrupted_Baseline,81
1790421190.550123254,Uninterrupted_Baseline,81
1790421190.617333226,Uninterrupted_Baseline,55
1790421190.698206077,Uninterrupted_Baseline,40
1790421190.780519470,Uninterrupted_Baseline,40
1790421190.862979873,Uninterrupted_Baseline,41
1790421190.944889812,Uninterrupted_Baseline,42
1790421191.026401027,Uninterrupted_Baseline,43
1790421191.099545974,Uninterrupted_Baseline,44
1790421191.182173797,Uninterrupted_Baseline,45
1790421191.262409079,Uninterrupted_Baseline,46
1790421191.340925843,Uninterrupted_Baseline,48
1790421191.421791426,Uninterrupted_Baseline,49
1790421191.502035493,Uninterrupted_Baseline,50
1790421191.584354616,Uninterrupted_Baseline,51
1790421191.667190349,Uninterrupted_Baseline,52
1790421191.772144536,Uninterrupted_Baseline,53
1790421191.834219451,Uninterrupted_Baseline,54
1790421191.895562550,Uninterrupted_Baseline,55
1790421191.966965152,Uninterrupted_Baseline,56
1790421192.046812975,Uninterrupted_Baseline,57
1790421192.130617132,Uninterrupted_Baseline,58
1790421192.211955265,Uninterrupted_Baseline,60
1790421192.295542575,Uninterrupted_Baseline,61
1790421192.377756756,Uninterrupted_Baseline,62
1790421192.462373084,Uninterrupted_Baseline,63
1790421192.543845028,Uninterrupted_Baseline,64
1790421192.626569985,Uninterrupted_Baseline,65
1790421192.706979808,Uninterrupted_Baseline,66
1790421192.786170819,Uninterrupted_Baseline,67
1790421192.868081612,Uninterrupted_Baseline,68
1790421192.949904455,Uninterrupted_Baseline,69
1790421193.021843488,Uninterrupted_Baseline,71
1790421193.099907983,Uninterrupted_Baseline,72
1790421193.183166880,Uninterrupted_Baseline,73
1790421193.266171254,Uninterrupted_Baseline,74
1790421193.347214139,Uninterrupted_Baseline,75
1790421193.433531718,Uninterrupted_Baseline,76
1790421193.514393295,Uninterrupted_Baseline,77
1790421193.596737173,Uninterrupted_Baseline,79
1790421193.678548950,Uninterrupted_Baseline,80
1790421193.757544444,Uninterrupted_Baseline,81
1790421193.820990761,Uninterrupted_Baseline,82
1790421193.900209483,Uninterrupted_Baseline,83
1790421193.982240069,Uninterrupted_Baseline,84
1790421194.062407774,Uninterrupted_Baseline,85
1790421194.144736646,Uninterrupted_Baseline,86
1790421194.224374367,Uninterrupted_Baseline,88
1790421194.306632085,Uninterrupted_Baseline,89
1790421194.387481711,Uninterrupted_Baseline,90
1790421194.454596882,Uninterrupted_Baseline,91
1790421194.529618011,Uninterrupted_Baseline,92
1790421194.610758586,Uninterrupted_Baseline,93
1790421194.688987147,Uninterrupted_Baseline,94
1790421194.781640433,Uninterrupted_Baseline,95
1790421194.863415515,Uninterrupted_Baseline,97
1790421194.945910736,Uninterrupted_Baseline,98
1790421195.032398017,Uninterrupted_Baseline,99
1790421195.109515812,Uninterrupted_Baseline,100
1790421195.174185850,Uninterrupted_Baseline,101
1790421195.255023442,Uninterrupted_Baseline,102
1790421195.320787459,Uninterrupted_Baseline,103
1790421195.396191588,Uninterrupted_Baseline,104
1790421195.464445964,Uninterrupted_Baseline,105
1790421195.538548202,Uninterrupted_Baseline,106
1790421195.615365482,Uninterrupted_Baseline,107
1790421195.691574312,Uninterrupted_Baseline,108
1790421195.762614897,Uninterrupted_Baseline,109
1790421195.838376308,Uninterrupted_Baseline,110
1790421195.917152671,Uninterrupted_Baseline,111
1790421195.994190105,Uninterrupted_Baseline,113
1790421196.073027392,Uninterrupted_Baseline,114
1790421196.152014371,Uninterrupted_Baseline,115
1790421196.230003239,Uninterrupted_Baseline,116
1790421196.308751266,Uninterrupted_Baseline,117
1790421196.385925452,Uninterrupted_Baseline,118
1790421196.471599882,Uninterrupted_Baseline,119
1790421196.543387489,Uninterrupted_Baseline,120
1790421196.623554826,Uninterrupted_Baseline,121
1790421196.703312263,Uninterrupted_Baseline,122
1790421196.780563858,Uninterrupted_Baseline,123
1790421196.865197484,Uninterrupted_Baseline,125
1790421196.948678024,Uninterrupted_Baseline,126
1790421197.031566683,Uninterrupted_Baseline,127
1790421197.113494166,Uninterrupted_Baseline,128
1790421197.194102147,Uninterrupted_Baseline,129
1790421197.258901847,Uninterrupted_Baseline,130
1790421197.343487257,Uninterrupted_Baseline,131
1790421197.430637609,Uninterrupted_Baseline,132
1790421197.509169368,Uninterrupted_Baseline,134
1790421197.601167084,Uninterrupted_Baseline,135
1790421197.656065133,Uninterrupted_Baseline,136
1790421197.734072968,Uninterrupted_Baseline,137
1790421197.815507305,Uninterrupted_Baseline,138
1790421197.899588306,Uninterrupted_Baseline,139
1790421197.983222038,Uninterrupted_Baseline,140
1790421198.053502784,Uninterrupted_Baseline,141
1790421198.115722422,Uninterrupted_Baseline,142
1790421198.199324618,Uninterrupted_Baseline,143
1790421198.274280979,Uninterrupted_Baseline,144
1790421198.331606172,Uninterrupted_Baseline,145
1790421198.405574254,Uninterrupted_Baseline,146
1790421198.458821104,Uninterrupted_Baseline,146
1790421198.512487127,Uninterrupted_Baseline,147
1790421198.572600871,Uninterrupted_Baseline,148
1790421198.649836061,Uninterrupted_Baseline,149
1790421198.730850115,Uninterrupted_Baseline,150
1790421198.812529770,Uninterrupted_Baseline,152
1790421198.900174798,Uninterrupted_Baseline,153
1790421198.984584512,Uninterrupted_Baseline,154
1790421199.064413689,Uninterrupted_Baseline,155
1790421199.132364775,Uninterrupted_Baseline,156
1790421199.195398898,Uninterrupted_Baseline,157
1790421199.264215340,Uninterrupted_Baseline,158
1790421199.345447601,Uninterrupted_Baseline,159
1790421199.428451676,Uninterrupted_Baseline,160
1790421199.510111642,Uninterrupted_Baseline,161
1790421199.594598435,Uninterrupted_Baseline,162
1790421199.676095025,Uninterrupted_Baseline,163
1790421199.758377153,Uninterrupted_Baseline,165
1790421199.839217520,Uninterrupted_Baseline,166
1790421199.920237349,Uninterrupted_Baseline,167
1790421200.002163884,Uninterrupted_Baseline,168
1790421200.084437405,Uninterrupted_Baseline,169
1790421200.163878669,Uninterrupted_Baseline,170
1790421200.247908285,Uninterrupted_Baseline,171
1790421200.338729222,Uninterrupted_Baseline,173
1790421200.421460433,Uninterrupted_Baseline,174
1790421200.503852473,Uninterrupted_Baseline,175
1790421200.564760550,Uninterrupted_Baseline,176
1790421200.617935785,Uninterrupted_Baseline,176
1790421200.683779476,Uninterrupted_Baseline,177
1790421200.764745456,Uninterrupted_Baseline,178
1790421200.846594344,Uninterrupted_Baseline,180
1790421200.928159908,Uninterrupted_Baseline,181
1790421201.014710173,Uninterrupted_Baseline,182
1790421201.096865335,Uninterrupted_Baseline,183
1790421201.179504900,Uninterrupted_Baseline,184
1790421201.262212843,Uninterrupted_Baseline,185
1790421201.337170525,Uninterrupted_Baseline,186
1790421201.418242230,Uninterrupted_Baseline,187
1790421201.497814995,Uninterrupted_Baseline,188
1790421201.582573543,Uninterrupted_Baseline,190
1790421201.661418884,Uninterrupted_Baseline,191
1790421201.735157604,Uninterrupted_Baseline,192
1790421201.802723748,Uninterrupted_Baseline,192
1790421201.870558935,Uninterrupted_Baseline,193
1790421201.943022519,Uninterrupted_Baseline,195
1790421202.014303828,Uninterrupted_Baseline,196
1790421202.101933045,Uninterrupted_Baseline,197
1790421202.183217893,Uninterrupted_Baseline,198
1790421202.264788692,Uninterrupted_Baseline,199
1790421202.352164450,Uninterrupted_Baseline,200
1790421202.432524182,Uninterrupted_Baseline,201
1790421202.518636319,Uninterrupted_Baseline,202
1790421202.605762401,Uninterrupted_Baseline,204
1790421202.689987893,Uninterrupted_Baseline,205
1790421202.775887761,Uninterrupted_Baseline,206
1790421213.120359992,Phase1_Baseline,10
1790421213.210240976,Phase1_Baseline,20
1790421213.293336153,Phase1_Baseline,40
1790421213.365423806,Phase1_Baseline,60
1790421213.428637418,Phase1_Baseline,133
1790421213.519318414,Phase1_Baseline,304
1790421213.606442646,Phase1_Baseline,615
1790421213.674342766,Phase1_Baseline,893
1790421213.752898569,Phase1_Baseline,1074
1790421213.829064225,Phase1_Baseline,935
1790421213.895895542,Phase1_Baseline,760
1790421213.982213241,Phase1_Baseline,557
1790421214.065186889,Phase1_Baseline,557
1790421214.146474761,Phase1_Baseline,422
1790421214.227149702,Phase1_Baseline,278
1790421214.303800671,Phase1_Baseline,278
1790421214.366471507,Phase1_Baseline,139
1790421214.443626977,Phase1_Baseline,139
1790421214.524504081,Phase1_Baseline,69
1790421214.603741843,Phase1_Baseline,69
1790421214.685898949,Phase1_Baseline,71
1790421214.766867895,Phase1_Baseline,71
1790421214.842245526,Phase1_Baseline,72
1790421214.915888555,Phase1_Baseline,73
1790421214.977822616,Phase1_Baseline,75
1790421215.058782019,Phase1_Baseline,75
1790421215.119565221,Phase1_Baseline,76
1790421215.191258679,Phase1_Baseline,77
1790421215.272050736,Phase1_Baseline,79
1790421215.348922326,Phase1_Baseline,80
1790421215.429850868,Phase1_Baseline,81
1790421215.508775112,Phase1_Baseline,82
1790421215.589887926,Phase1_Baseline,83
1790421215.671461776,Phase1_Baseline,84
1790421215.751118077,Phase1_Baseline,85
1790421215.830479210,Phase1_Baseline,86
1790421215.911359850,Phase1_Baseline,87
1790421215.995860160,Phase1_Baseline,89
1790421216.081376283,Phase1_Baseline,90
1790421216.166178332,Phase1_Baseline,91
1790421216.241303990,Phase1_Baseline,92
1790421216.315816375,Phase1_Baseline,93
1790421216.402523471,Phase1_Baseline,94
1790421216.485509747,Phase1_Baseline,96
1790421216.570744528,Phase1_Baseline,97
1790421216.652299932,Phase1_Baseline,98
1790421216.733531909,Phase1_Baseline,99
1790421216.811824837,Phase1_Baseline,100
1790421216.894544018,Phase1_Baseline,101
1790421216.972205689,Phase1_Baseline,102
1790421217.058949102,Phase1_Baseline,104
1790421217.123359992,Phase1_Baseline,104
1790421217.183632370,Phase1_Baseline,105
1790421217.258484259,Phase1_Baseline,107
1790421217.338378133,Phase1_Baseline,107
1790421217.417182470,Phase1_Baseline,109
1790421217.497904197,Phase1_Baseline,110
1790421217.568266992,Phase1_Baseline,111
1790421217.645440809,Phase1_Baseline,112
1790421217.733036784,Phase1_Baseline,113
1790421217.814135410,Phase1_Baseline,114
1790421217.900062065,Phase1_Baseline,115
1790421217.983558344,Phase1_Baseline,116
1790421218.063997498,Phase1_Baseline,118
1790421218.115208171,Phase1_Baseline,118
1790421218.189289166,Phase1_Baseline,120
1790421218.268447329,Phase1_Baseline,120
1790421218.339142336,Phase1_Baseline,121
1790421218.407696135,Phase1_Baseline,122
1790421218.464309258,Phase1_Baseline,123
1790421218.515805715,Phase1_Baseline,124
1790421218.579191219,Phase1_Baseline,125
1790421218.631513810,Phase1_Baseline,125
1790421218.687195207,Phase1_Baseline,126
1790421218.766089344,Phase1_Baseline,127
1790421218.843168437,Phase1_Baseline,129
1790421218.921070232,Phase1_Baseline,129
1790421218.996983459,Phase1_Baseline,131
1790421219.078049758,Phase1_Baseline,132
1790421219.157562648,Phase1_Baseline,133
1790421219.221025397,Phase1_Baseline,133
1790421219.280746089,Phase1_Baseline,134
1790421219.364273865,Phase1_Baseline,135
1790421219.432221653,Phase1_Baseline,136
1790421219.516390507,Phase1_Baseline,138
1790421219.606389924,Phase1_Baseline,139
1790421219.691270589,Phase1_Baseline,140
1790421219.759100530,Phase1_Baseline,141
1790421219.827785209,Phase1_Baseline,142
1790421219.911731347,Phase1_Baseline,143
1790421219.994498794,Phase1_Baseline,144
1790421220.072350907,Phase1_Baseline,145
1790421220.140437051,Phase1_Baseline,146
1790421220.208834057,Phase1_Baseline,147
1790421220.273769866,Phase1_Baseline,148
1790421220.344566875,Phase1_Baseline,149
1790421220.412618710,Phase1_Baseline,150
1790421220.491335220,Phase1_Baseline,151
1790421220.563464727,Phase1_Baseline,152
1790421220.634573551,Phase1_Baseline,153
1790421220.708054472,Phase1_Baseline,154
1790421220.784983719,Phase1_Baseline,155
1790421220.863806172,Phase1_Baseline,156
1790421220.945148204,Phase1_Baseline,157
1790421221.028445116,Phase1_Baseline,158
1790421221.104190494,Phase1_Baseline,159
1790421221.189398770,Phase1_Baseline,161
1790421221.270942129,Phase1_Baseline,162
1790421221.347811348,Phase1_Baseline,163
1790421221.423268362,Phase1_Baseline,164
1790421221.500777051,Phase1_Baseline,165
1790421221.583344641,Phase1_Baseline,166
1790421221.664553147,Phase1_Baseline,167
1790421221.752334850,Phase1_Baseline,168
1790421221.834406130,Phase1_Baseline,169
1790421221.923902729,Phase1_Baseline,171
1790421221.997139252,Phase1_Baseline,172
1790421222.077900320,Phase1_Baseline,173
1790421222.163361216,Phase1_Baseline,174
1790421222.242407087,Phase1_Baseline,175
1790421222.326641134,Phase1_Baseline,176
1790421222.411401972,Phase1_Baseline,177
1790421222.490977955,Phase1_Baseline,178
1790421222.557761137,Phase1_Baseline,179
1790421222.634941386,Phase1_Baseline,180
1790421222.702985809,Phase1_Baseline,181
1790421222.779025754,Phase1_Baseline,182
1790421222.861625959,Phase1_Baseline,183
1790421222.927382370,Phase1_Baseline,184
1790421222.993015428,Phase1_Baseline,185
1790421223.055305638,Phase1_Baseline,186
1790421223.135278987,Phase1_Baseline,187
1790421223.217268038,Phase1_Baseline,188
1790421223.299305301,Phase1_Baseline,189
1790421223.366435062,Phase1_Baseline,190
1790421223.449266649,Phase1_Baseline,192
1790421223.530353996,Phase1_Baseline,192
1790421223.592931517,Phase1_Baseline,193
1790421223.673761370,Phase1_Baseline,195
1790421223.754283660,Phase1_Baseline,195
1790421223.823996044,Phase1_Baseline,197
1790421223.903173781,Phase1_Baseline,198
1790421223.985948206,Phase1_Baseline,199
1790421224.067873715,Phase1_Baseline,200
1790421224.153258710,Phase1_Baseline,201
1790421224.238737250,Phase1_Baseline,202
1790421224.323451761,Phase1_Baseline,203
1790421224.405417890,Phase1_Baseline,205
1790421224.488994695,Phase1_Baseline,206
1790421224.571171062,Phase1_Baseline,207
1790421224.651258003,Phase1_Baseline,208
1790421224.719001843,Phase1_Baseline,209
1790421224.802811239,Phase1_Baseline,210
1790421224.886949039,Phase1_Baseline,211
1790421224.969076589,Phase1_Baseline,212
1790421225.045876759,Phase1_Baseline,213
1790421225.129251317,Phase1_Baseline,214
1790421225.208051584,Phase1_Baseline,215
1790421225.285727260,Phase1_Baseline,216
1790421225.366114798,Phase1_Baseline,218
1790421225.445500278,Phase1_Baseline,219
1790421225.531287962,Phase1_Baseline,220
1790421225.639489870,Phase1_Baseline,221
1790421225.688839577,Phase1_Baseline,222
1790421225.748758708,Phase1_Baseline,223
1790421225.811848692,Phase1_Baseline,224
1790421225.894045758,Phase1_Baseline,225
1790421225.973370980,Phase1_Baseline,226
1790421226.052317919,Phase1_Baseline,227
1790421226.131893369,Phase1_Baseline,228
1790421226.215736405,Phase1_Baseline,229
1790421226.300028729,Phase1_Baseline,230
1790421226.368739143,Phase1_Baseline,231
1790421226.446910955,Phase1_Baseline,232
1790421226.528902744,Phase1_Baseline,233
1790421226.612246828,Phase1_Baseline,234
1790421226.684631564,Phase1_Baseline,235
1790421226.766817306,Phase1_Baseline,236
1790421226.840155853,Phase1_Baseline,237
1790421226.925127481,Phase1_Baseline,239
1790421227.000886573,Phase1_Baseline,240
1790421227.084199711,Phase1_Baseline,241
1790421227.164804426,Phase1_Baseline,242
1790421227.250144783,Phase1_Baseline,243
1790421227.331985907,Phase1_Baseline,244
1790421227.413419126,Phase1_Baseline,245
1790421227.494610842,Phase1_Baseline,246
1790421227.572789072,Phase1_Baseline,247
1790421227.650035459,Phase1_Baseline,249
1790421227.733142305,Phase1_Baseline,250
1790421227.814412085,Phase1_Baseline,251
1790421227.891866384,Phase1_Baseline,252
1790421227.955133400,Phase1_Baseline,253
1790421228.035208023,Phase1_Baseline,254
1790421228.114182999,Phase1_Baseline,255
1790421228.198553727,Phase1_Baseline,256
1790421228.275114493,Phase1_Baseline,257
1790421228.334217391,Phase1_Baseline,258
1790421228.414782981,Phase1_Baseline,259
1790421228.468047278,Phase1_Baseline,259
1790421228.530126307,Phase1_Baseline,260
1790421228.599902147,Phase1_Baseline,261
1790421228.668869820,Phase1_Baseline,262
1790421228.747050515,Phase1_Baseline,263
1790421230.154952710,Phase2_Migrated,10
1790421230.245951950,Phase2_Migrated,10
1790421230.337729764,Phase2_Migrated,34
1790421230.418465105,Phase2_Migrated,60
1790421230.514402999,Phase2_Migrated,134
1790421230.603171414,Phase2_Migrated,368
1790421230.698626089,Phase2_Migrated,721
1790421230.783110738,Phase2_Migrated,1084
1790421230.874751980,Phase2_Migrated,727
1790421230.966100809,Phase2_Migrated,596
1790421231.058494149,Phase2_Migrated,596
1790421231.140275435,Phase2_Migrated,596
1790421231.229490274,Phase2_Migrated,596
1790421231.322317447,Phase2_Migrated,553
1790421231.418879573,Phase2_Migrated,383
1790421231.515741068,Phase2_Migrated,298
1790421231.608476387,Phase2_Migrated,223
1790421231.701529441,Phase2_Migrated,149
1790421231.797320696,Phase2_Migrated,103
1790421231.894284382,Phase2_Migrated,74
1790421231.990264966,Phase2_Migrated,76
1790421232.080166752,Phase2_Migrated,77
1790421232.150733194,Phase2_Migrated,78
1790421232.239395783,Phase2_Migrated,79
1790421232.318423347,Phase2_Migrated,80
1790421232.404329181,Phase2_Migrated,81
1790421232.497047003,Phase2_Migrated,83
1790421232.592335242,Phase2_Migrated,84
1790421232.684023805,Phase2_Migrated,85
1790421232.776261048,Phase2_Migrated,86
1790421232.870929665,Phase2_Migrated,88
1790421232.965022173,Phase2_Migrated,89
1790421233.060870456,Phase2_Migrated,90
1790421233.139832160,Phase2_Migrated,91
1790421233.227733224,Phase2_Migrated,93
1790421233.307891400,Phase2_Migrated,94
1790421233.383309466,Phase2_Migrated,95
1790421233.463406910,Phase2_Migrated,96
1790421233.558291843,Phase2_Migrated,97
1790421233.644811807,Phase2_Migrated,99
1790421233.730793591,Phase2_Migrated,100
1790421233.823317684,Phase2_Migrated,101
1790421233.911537096,Phase2_Migrated,102
1790421234.008295625,Phase2_Migrated,104
1790421234.102149609,Phase2_Migrated,105
1790421234.194779241,Phase2_Migrated,106
1790421234.271078627,Phase2_Migrated,107
1790421234.352195292,Phase2_Migrated,109
1790421234.447457905,Phase2_Migrated,110
1790421234.525408224,Phase2_Migrated,111
1790421234.618443726,Phase2_Migrated,112
1790421234.710109273,Phase2_Migrated,113
1790421234.804728149,Phase2_Migrated,114
1790421234.899022748,Phase2_Migrated,116
1790421234.994020494,Phase2_Migrated,117
1790421235.088711927,Phase2_Migrated,119
1790421235.165320463,Phase2_Migrated,119
1790421235.261263648,Phase2_Migrated,121
1790421235.356344425,Phase2_Migrated,122
1790421235.446038436,Phase2_Migrated,123
1790421235.537504742,Phase2_Migrated,125
1790421235.632376170,Phase2_Migrated,126
1790421235.726202310,Phase2_Migrated,127
1790421235.827976110,Phase2_Migrated,129
1790421235.922542251,Phase2_Migrated,130
1790421236.013777669,Phase2_Migrated,131
1790421236.099408491,Phase2_Migrated,133
1790421236.195942391,Phase2_Migrated,134
1790421236.288519180,Phase2_Migrated,135
1790421236.381962997,Phase2_Migrated,137
1790421236.474568559,Phase2_Migrated,138
1790421236.567139601,Phase2_Migrated,139
1790421236.662718373,Phase2_Migrated,140
1790421236.753350105,Phase2_Migrated,142
1790421236.851791850,Phase2_Migrated,143
1790421236.945561079,Phase2_Migrated,144
1790421237.037609024,Phase2_Migrated,145
1790421237.127413653,Phase2_Migrated,147
1790421237.210613214,Phase2_Migrated,148
1790421237.280608238,Phase2_Migrated,149
1790421237.374510296,Phase2_Migrated,150
1790421237.469482566,Phase2_Migrated,152
1790421237.560054553,Phase2_Migrated,153
1790421237.653956924,Phase2_Migrated,154
1790421237.747994389,Phase2_Migrated,155
1790421237.839273887,Phase2_Migrated,157
1790421237.928230493,Phase2_Migrated,158
1790421238.017321235,Phase2_Migrated,159
1790421238.078832690,Phase2_Migrated,160
1790421238.166180437,Phase2_Migrated,161
1790421238.258268165,Phase2_Migrated,162
1790421238.325884002,Phase2_Migrated,163
1790421238.405352931,Phase2_Migrated,164
1790421238.462382637,Phase2_Migrated,165
1790421238.521429160,Phase2_Migrated,166
1790421238.588669812,Phase2_Migrated,167
1790421238.663915674,Phase2_Migrated,168
1790421238.749432157,Phase2_Migrated,169
1790421238.822313494,Phase2_Migrated,170
1790421238.899274593,Phase2_Migrated,171
1790421238.990269014,Phase2_Migrated,172
1790421239.069003241,Phase2_Migrated,173
1790421239.143257612,Phase2_Migrated,174
1790421239.219211541,Phase2_Migrated,175
1790421239.309002171,Phase2_Migrated,177
1790421239.404368208,Phase2_Migrated,178
1790421239.504098147,Phase2_Migrated,180
1790421239.593563884,Phase2_Migrated,181
1790421239.682423027,Phase2_Migrated,182
1790421239.762939388,Phase2_Migrated,183
1790421239.859847945,Phase2_Migrated,184
1790421239.954286015,Phase2_Migrated,186
1790421240.046129573,Phase2_Migrated,187
1790421240.136364172,Phase2_Migrated,188
1790421240.228096074,Phase2_Migrated,189
1790421240.317992884,Phase2_Migrated,191
1790421240.410576510,Phase2_Migrated,192
1790421240.500510718,Phase2_Migrated,193
1790421240.577019462,Phase2_Migrated,194
1790421240.669019708,Phase2_Migrated,195
1790421240.753149249,Phase2_Migrated,196
1790421240.846949768,Phase2_Migrated,198
1790421240.933318352,Phase2_Migrated,199
1790421241.025570965,Phase2_Migrated,200
1790421241.117895038,Phase2_Migrated,202
1790421241.213775568,Phase2_Migrated,203
1790421241.298213162,Phase2_Migrated,204
1790421241.387365564,Phase2_Migrated,205
1790421241.482964416,Phase2_Migrated,206
1790421241.550419988,Phase2_Migrated,207
1790421241.648247942,Phase2_Migrated,209
1790421241.743606275,Phase2_Migrated,210
1790421241.828401021,Phase2_Migrated,211
1790421241.940411496,Phase2_Migrated,212
1790421242.004036358,Phase2_Migrated,213
1790421242.071795496,Phase2_Migrated,214
1790421242.137246129,Phase2_Migrated,215
1790421242.229491996,Phase2_Migrated,217
1790421242.326982844,Phase2_Migrated,218
1790421242.395609503,Phase2_Migrated,219
1790421242.457910645,Phase2_Migrated,219
1790421242.517005516,Phase2_Migrated,220
1790421242.606286438,Phase2_Migrated,222
1790421242.676053400,Phase2_Migrated,223
1790421242.754542844,Phase2_Migrated,224
1790421242.814368293,Phase2_Migrated,224
1790421242.908953279,Phase2_Migrated,226
1790421242.983251410,Phase2_Migrated,227
1790421243.067082038,Phase2_Migrated,228
1790421243.124929783,Phase2_Migrated,229
1790421243.198581888,Phase2_Migrated,230
1790421243.281191594,Phase2_Migrated,231
1790421243.374331331,Phase2_Migrated,232
1790421243.465868371,Phase2_Migrated,233
1790421243.559153805,Phase2_Migrated,235
1790421243.644545639,Phase2_Migrated,236
1790421243.741791477,Phase2_Migrated,237
1790421243.834750387,Phase2_Migrated,238
1790421243.925448670,Phase2_Migrated,240
1790421244.019809824,Phase2_Migrated,241
1790421244.109141668,Phase2_Migrated,242
1790421244.202491252,Phase2_Migrated,244
1790421244.298115023,Phase2_Migrated,245
1790421244.404440662,Phase2_Migrated,246
1790421244.470069574,Phase2_Migrated,247
1790421244.543930010,Phase2_Migrated,248
1790421244.631365074,Phase2_Migrated,249
1790421244.723455945,Phase2_Migrated,251
1790421244.822318851,Phase2_Migrated,252
1790421244.914749810,Phase2_Migrated,253
1790421245.011133376,Phase2_Migrated,254
1790421245.103164106,Phase2_Migrated,255
1790421246.290454142,Uninterrupted_Baseline,1
1790421246.375874827,Uninterrupted_Baseline,1
1790421246.447953914,Uninterrupted_Baseline,1
1790421246.510728713,Uninterrupted_Baseline,1
1790421246.592720671,Uninterrupted_Baseline,1
1790421246.674997158,Uninterrupted_Baseline,1
1790421246.754973512,Uninterrupted_Baseline,1
1790421246.835535823,Uninterrupted_Baseline,1
1790421246.919219254,Uninterrupted_Baseline,1
1790421247.000792129,Uninterrupted_Baseline,1
1790421247.608560675,Uninterrupted_Baseline,10
1790421247.688758716,Uninterrupted_Baseline,18
1790421247.770188221,Uninterrupted_Baseline,38
1790421247.849999357,Uninterrupted_Baseline,94
1790421247.934253039,Uninterrupted_Baseline,132
1790421248.014590681,Uninterrupted_Baseline,256
1790421248.083581830,Uninterrupted_Baseline,502
1790421248.157376674,Uninterrupted_Baseline,764
1790421248.236950644,Uninterrupted_Baseline,1102
1790421248.296618720,Uninterrupted_Baseline,1103
1790421248.357227286,Uninterrupted_Baseline,920
1790421248.422794486,Uninterrupted_Baseline,809
1790421248.475141959,Uninterrupted_Baseline,649
1790421248.524911897,Uninterrupted_Baseline,596
1790421248.578091932,Uninterrupted_Baseline,596
1790421248.648720771,Uninterrupted_Baseline,596
1790421248.720969466,Uninterrupted_Baseline,596
1790421248.802480797,Uninterrupted_Baseline,596
1790421248.885930666,Uninterrupted_Baseline,490
1790421248.958104281,Uninterrupted_Baseline,298
1790421249.025604239,Uninterrupted_Baseline,298
1790421249.107423499,Uninterrupted_Baseline,298
1790421249.169110366,Uninterrupted_Baseline,216
1790421249.221971430,Uninterrupted_Baseline,162
1790421249.294030133,Uninterrupted_Baseline,149
1790421249.377915570,Uninterrupted_Baseline,142
1790421249.458077523,Uninterrupted_Baseline,80
1790421249.536216573,Uninterrupted_Baseline,74
1790421249.622199456,Uninterrupted_Baseline,74
1790421249.701473341,Uninterrupted_Baseline,75
1790421249.773925395,Uninterrupted_Baseline,76
1790421249.850202963,Uninterrupted_Baseline,77
1790421249.932982090,Uninterrupted_Baseline,78
1790421250.021108469,Uninterrupted_Baseline,80
1790421250.108030859,Uninterrupted_Baseline,81
1790421250.192581904,Uninterrupted_Baseline,82
1790421250.278256457,Uninterrupted_Baseline,83
1790421250.362603944,Uninterrupted_Baseline,84
1790421250.451925953,Uninterrupted_Baseline,86
1790421250.532130851,Uninterrupted_Baseline,87
1790421250.608101283,Uninterrupted_Baseline,88
1790421250.683438621,Uninterrupted_Baseline,89
1790421250.769386665,Uninterrupted_Baseline,90
1790421250.851201350,Uninterrupted_Baseline,91
1790421250.929579987,Uninterrupted_Baseline,92
1790421251.010123675,Uninterrupted_Baseline,93
1790421251.093965717,Uninterrupted_Baseline,95
1790421251.175440747,Uninterrupted_Baseline,96
1790421251.261969397,Uninterrupted_Baseline,97
1790421251.320624339,Uninterrupted_Baseline,98
1790421251.404179149,Uninterrupted_Baseline,99
1790421251.491241914,Uninterrupted_Baseline,100
1790421251.575336500,Uninterrupted_Baseline,101
1790421251.647909424,Uninterrupted_Baseline,102
1790421251.728762592,Uninterrupted_Baseline,103
1790421251.813841973,Uninterrupted_Baseline,105
1790421251.899042853,Uninterrupted_Baseline,106
1790421251.979965394,Uninterrupted_Baseline,107
1790421252.053083352,Uninterrupted_Baseline,108
1790421252.134881930,Uninterrupted_Baseline,109
1790421252.214045297,Uninterrupted_Baseline,110
1790421252.274208390,Uninterrupted_Baseline,111
1790421252.350515216,Uninterrupted_Baseline,112
1790421252.433486190,Uninterrupted_Baseline,113
1790421252.518765377,Uninterrupted_Baseline,114
1790421252.601056474,Uninterrupted_Baseline,115
1790421252.688353156,Uninterrupted_Baseline,117
1790421252.765541268,Uninterrupted_Baseline,118
1790421252.833107212,Uninterrupted_Baseline,119
1790421252.914255506,Uninterrupted_Baseline,120
1790421252.999409063,Uninterrupted_Baseline,121
1790421253.083759616,Uninterrupted_Baseline,122
1790421253.169792446,Uninterrupted_Baseline,123
1790421253.252977633,Uninterrupted_Baseline,124
1790421253.336006011,Uninterrupted_Baseline,125
1790421253.414470645,Uninterrupted_Baseline,127
1790421253.492938249,Uninterrupted_Baseline,128
1790421253.584907655,Uninterrupted_Baseline,129
1790421253.673928760,Uninterrupted_Baseline,130
1790421253.761259344,Uninterrupted_Baseline,131
1790421253.848786739,Uninterrupted_Baseline,132
1790421253.920768927,Uninterrupted_Baseline,133
1790421254.001902817,Uninterrupted_Baseline,135
1790421254.090986708,Uninterrupted_Baseline,136
1790421254.174998233,Uninterrupted_Baseline,137
1790421254.252573668,Uninterrupted_Baseline,138
1790421254.327097489,Uninterrupted_Baseline,139
1790421254.404512542,Uninterrupted_Baseline,140
1790421254.468994221,Uninterrupted_Baseline,141
1790421254.549961521,Uninterrupted_Baseline,142
1790421254.627728122,Uninterrupted_Baseline,143
1790421254.686986616,Uninterrupted_Baseline,144
1790421254.761092513,Uninterrupted_Baseline,145
1790421254.847784974,Uninterrupted_Baseline,146
1790421254.916356272,Uninterrupted_Baseline,147
1790421254.996911127,Uninterrupted_Baseline,148
1790421255.058262417,Uninterrupted_Baseline,149
1790421255.118411374,Uninterrupted_Baseline,150
1790421255.195160845,Uninterrupted_Baseline,151
1790421255.278393053,Uninterrupted_Baseline,152
1790421255.357543659,Uninterrupted_Baseline,153
1790421255.422746152,Uninterrupted_Baseline,154
1790421255.509857443,Uninterrupted_Baseline,155
1790421255.595366278,Uninterrupted_Baseline,157
1790421255.679874247,Uninterrupted_Baseline,158
1790421255.760297950,Uninterrupted_Baseline,159
1790421255.844206445,Uninterrupted_Baseline,160
1790421255.928714540,Uninterrupted_Baseline,161
1790421256.015757145,Uninterrupted_Baseline,163
1790421256.099011907,Uninterrupted_Baseline,164
1790421256.184957852,Uninterrupted_Baseline,165
1790421256.268620523,Uninterrupted_Baseline,166
1790421256.330354842,Uninterrupted_Baseline,167
1790421256.411899303,Uninterrupted_Baseline,168
1790421256.485983645,Uninterrupted_Baseline,169
1790421256.564491584,Uninterrupted_Baseline,170
1790421256.644700110,Uninterrupted_Baseline,171
1790421256.731462459,Uninterrupted_Baseline,173
1790421256.816464039,Uninterrupted_Baseline,174
1790421256.897461028,Uninterrupted_Baseline,175
1790421256.981249830,Uninterrupted_Baseline,176
1790421257.063045647,Uninterrupted_Baseline,177
1790421257.146210734,Uninterrupted_Baseline,178
1790421257.229280693,Uninterrupted_Baseline,179
1790421257.289436062,Uninterrupted_Baseline,180
1790421257.371261598,Uninterrupted_Baseline,181
1790421257.451645397,Uninterrupted_Baseline,182
1790421257.533250532,Uninterrupted_Baseline,183
1790421257.613518213,Uninterrupted_Baseline,184
1790421257.697911904,Uninterrupted_Baseline,186
1790421257.781566429,Uninterrupted_Baseline,187
1790421257.859202958,Uninterrupted_Baseline,188
1790421257.940170189,Uninterrupted_Baseline,189
1790421258.023618259,Uninterrupted_Baseline,190
1790421258.079165504,Uninterrupted_Baseline,191
1790421258.144118555,Uninterrupted_Baseline,192
1790421258.228909002,Uninterrupted_Baseline,193
1790421258.284289694,Uninterrupted_Baseline,194
1790421258.347982408,Uninterrupted_Baseline,195
1790421258.415734339,Uninterrupted_Baseline,195
1790421258.467615924,Uninterrupted_Baseline,196
1790421258.523062448,Uninterrupted_Baseline,197
1790421258.596360054,Uninterrupted_Baseline,198
1790421258.678733238,Uninterrupted_Baseline,199
1790421258.757792507,Uninterrupted_Baseline,200
1790421258.833760833,Uninterrupted_Baseline,201
1790421258.910139502,Uninterrupted_Baseline,202
1790421258.976027990,Uninterrupted_Baseline,203
1790421259.057892042,Uninterrupted_Baseline,204
1790421259.139234847,Uninterrupted_Baseline,205
1790421259.210826164,Uninterrupted_Baseline,206
1790421259.278633054,Uninterrupted_Baseline,207
1790421259.355843795,Uninterrupted_Baseline,208
1790421259.435502797,Uninterrupted_Baseline,209
1790421259.516751132,Uninterrupted_Baseline,210
1790421259.595460996,Uninterrupted_Baseline,212
1790421259.656389136,Uninterrupted_Baseline,213
1790421259.740142992,Uninterrupted_Baseline,214
1790421259.816577435,Uninterrupted_Baseline,215
1790421259.890698749,Uninterrupted_Baseline,216
1790421259.972487078,Uninterrupted_Baseline,217
1790421260.043380493,Uninterrupted_Baseline,218
1790421260.123211386,Uninterrupted_Baseline,219
1790421260.204340753,Uninterrupted_Baseline,220
1790421260.287021864,Uninterrupted_Baseline,221
1790421260.368522188,Uninterrupted_Baseline,222
1790421260.447882956,Uninterrupted_Baseline,223
1790421260.524862333,Uninterrupted_Baseline,224
1790421260.591216629,Uninterrupted_Baseline,225
1790421260.670639259,Uninterrupted_Baseline,226
1790421260.753071057,Uninterrupted_Baseline,227
1790421260.833142677,Uninterrupted_Baseline,228
1790421260.916757828,Uninterrupted_Baseline,230
1790421261.000546345,Uninterrupted_Baseline,231
1790421261.080940648,Uninterrupted_Baseline,232
1790421261.164090879,Uninterrupted_Baseline,233
1790421261.245379285,Uninterrupted_Baseline,234
1790421261.326086007,Uninterrupted_Baseline,235
1790421261.405939695,Uninterrupted_Baseline,236
1790421261.485067739,Uninterrupted_Baseline,237
1790421261.565870601,Uninterrupted_Baseline,238
1790421261.646285134,Uninterrupted_Baseline,240
1790421261.726750599,Uninterrupted_Baseline,241
1790421261.807115963,Uninterrupted_Baseline,242
1790421261.891697793,Uninterrupted_Baseline,243
1790421261.976167202,Uninterrupted_Baseline,244
1790421262.056088575,Uninterrupted_Baseline,245
1790421262.137287922,Uninterrupted_Baseline,246
1790421262.219116409,Uninterrupted_Baseline,247
1790421262.299274904,Uninterrupted_Baseline,248
1790421262.374788053,Uninterrupted_Baseline,249
1790421262.462890454,Uninterrupted_Baseline,250
1790421262.542774652,Uninterrupted_Baseline,252
1790421262.618739836,Uninterrupted_Baseline,253
1790421262.701643550,Uninterrupted_Baseline,254
1790421262.780021062,Uninterrupted_Baseline,255
1790421262.862061211,Uninterrupted_Baseline,256
1790421262.940956339,Uninterrupted_Baseline,257
1790421263.031742938,Uninterrupted_Baseline,258
1790421263.120217953,Uninterrupted_Baseline,259
1790421263.192271849,Uninterrupted_Baseline,260
1790421263.281780186,Uninterrupted_Baseline,261
1790421263.361062868,Uninterrupted_Baseline,262
1790421263.441510830,Uninterrupted_Baseline,263
1790421263.520148758,Uninterrupted_Baseline,265
1790421263.605558185,Uninterrupted_Baseline,266
1790421263.687178810,Uninterrupted_Baseline,267
1790421263.767544119,Uninterrupted_Baseline,268
1790421263.847891370,Uninterrupted_Baseline,269
1790421263.931563248,Uninterrupted_Baseline,270
1790421264.012140327,Uninterrupted_Baseline,271
1790421264.094497171,Uninterrupted_Baseline,272
1790421264.173100056,Uninterrupted_Baseline,273
1790421264.253744306,Uninterrupted_Baseline,274
1790421264.334585759,Uninterrupted_Baseline,276
1790421264.418559658,Uninterrupted_Baseline,277
1790421264.501765749,Uninterrupted_Baseline,278
1790421264.585936240,Uninterrupted_Baseline,279
1790421264.669856265,Uninterrupted_Baseline,280
1790421264.754608561,Uninterrupted_Baseline,281
1790421264.835908758,Uninterrupted_Baseline,282
1790421264.919077285,Uninterrupted_Baseline,283
1790421265.005331822,Uninterrupted_Baseline,285
1790421265.090788026,Uninterrupted_Baseline,286
1790421265.171215685,Uninterrupted_Baseline,287
1790421265.242719648,Uninterrupted_Baseline,288
1790421265.323895814,Uninterrupted_Baseline,289
1790421265.406974818,Uninterrupted_Baseline,290
1790421265.487258111,Uninterrupted_Baseline,291
1790421265.567980383,Uninterrupted_Baseline,292
1790421265.649360060,Uninterrupted_Baseline,293
1790421265.734193609,Uninterrupted_Baseline,294
1790421265.814282539,Uninterrupted_Baseline,295
1790421265.894958701,Uninterrupted_Baseline,297
1790421265.978560270,Uninterrupted_Baseline,298
1790421266.062811632,Uninterrupted_Baseline,299
1790421266.143445872,Uninterrupted_Baseline,300
1790421266.212150767,Uninterrupted_Baseline,301
1790421266.276912412,Uninterrupted_Baseline,301
1790421266.355015045,Uninterrupted_Baseline,302
1790421266.432099132,Uninterrupted_Baseline,304
1790421266.512519835,Uninterrupted_Baseline,305
1790421266.579366480,Uninterrupted_Baseline,306
1790421266.665104709,Uninterrupted_Baseline,307
1790421266.746304810,Uninterrupted_Baseline,308
1790421266.829434619,Uninterrupted_Baseline,309
1790421266.911328659,Uninterrupted_Baseline,310
1790421266.991555625,Uninterrupted_Baseline,311
1790421267.072073629,Uninterrupted_Baseline,312
1790421267.152207810,Uninterrupted_Baseline,313
1790421267.236221084,Uninterrupted_Baseline,314
1790421267.315994271,Uninterrupted_Baseline,315
1790421267.396636886,Uninterrupted_Baseline,316
1790421267.476098135,Uninterrupted_Baseline,317
1790421267.556614973,Uninterrupted_Baseline,318
1790421267.636465147,Uninterrupted_Baseline,319
1790421267.718501132,Uninterrupted_Baseline,320
1790421267.800063957,Uninterrupted_Baseline,321
1790421267.872538275,Uninterrupted_Baseline,322
1790421267.955010303,Uninterrupted_Baseline,323
1790421268.037027404,Uninterrupted_Baseline,324
1790421268.102377513,Uninterrupted_Baseline,325
1790421268.184014495,Uninterrupted_Baseline,326
1790421268.262541609,Uninterrupted_Baseline,327
1790421268.347292000,Uninterrupted_Baseline,328
1790421268.420191307,Uninterrupted_Baseline,329
1790421268.471137788,Uninterrupted_Baseline,330
1790421268.542497037,Uninterrupted_Baseline,330
1790421268.596959474,Uninterrupted_Baseline,331
1790421268.653392931,Uninterrupted_Baseline,303
1790421268.722605836,Uninterrupted_Baseline,178
1790421268.805895734,Uninterrupted_Baseline,165
1790421268.886840098,Uninterrupted_Baseline,165
1790421268.968570753,Uninterrupted_Baseline,82
1790421269.053635793,Uninterrupted_Baseline,68
1790421269.141210219,Uninterrupted_Baseline,41
1790421269.217402218,Uninterrupted_Baseline,42
1790421269.279361207,Uninterrupted_Baseline,43
1790421269.361829730,Uninterrupted_Baseline,44
1790421269.445184738,Uninterrupted_Baseline,45
1790421269.524190714,Uninterrupted_Baseline,46
1790421269.580943077,Uninterrupted_Baseline,47
1790421269.653822219,Uninterrupted_Baseline,48
1790421269.734845708,Uninterrupted_Baseline,49
1790421269.798242393,Uninterrupted_Baseline,50
1790421269.879998840,Uninterrupted_Baseline,51
1790421269.964244938,Uninterrupted_Baseline,52
1790421270.051102591,Uninterrupted_Baseline,53
1790421270.133944294,Uninterrupted_Baseline,55
1790421270.214066979,Uninterrupted_Baseline,55
1790421270.280987612,Uninterrupted_Baseline,56
1790421270.366386525,Uninterrupted_Baseline,58
1790421270.450900114,Uninterrupted_Baseline,59
1790421270.534444170,Uninterrupted_Baseline,60
1790421270.611704546,Uninterrupted_Baseline,61
1790421270.702193011,Uninterrupted_Baseline,62
1790421270.787490463,Uninterrupted_Baseline,63
1790421270.871205910,Uninterrupted_Baseline,64
1790421270.948961382,Uninterrupted_Baseline,66
1790421271.028612997,Uninterrupted_Baseline,66
1790421271.099250236,Uninterrupted_Baseline,68
1790421271.182093925,Uninterrupted_Baseline,69
1790421271.263932179,Uninterrupted_Baseline,70
1790421271.324510485,Uninterrupted_Baseline,71
1790421271.407876158,Uninterrupted_Baseline,72
1790421271.486393031,Uninterrupted_Baseline,73
1790421271.569173699,Uninterrupted_Baseline,74
1790421271.652618477,Uninterrupted_Baseline,76
1790421271.733943646,Uninterrupted_Baseline,77
1790421271.817922236,Uninterrupted_Baseline,78
1790421271.895099231,Uninterrupted_Baseline,79
1790421271.971795601,Uninterrupted_Baseline,80
1790421272.056591983,Uninterrupted_Baseline,81
1790421272.138249810,Uninterrupted_Baseline,82
1790421272.228752534,Uninterrupted_Baseline,84
1790421272.314167524,Uninterrupted_Baseline,85
1790421272.403527237,Uninterrupted_Baseline,86
1790421272.490803604,Uninterrupted_Baseline,88
1790421272.574982146,Uninterrupted_Baseline,89
1790421272.655978194,Uninterrupted_Baseline,90
1790421272.725296286,Uninterrupted_Baseline,91
1790421272.808588054,Uninterrupted_Baseline,92
1790421272.892994325,Uninterrupted_Baseline,93
1790421272.964812489,Uninterrupted_Baseline,94
1790421273.048363648,Uninterrupted_Baseline,95
1790421273.133292698,Uninterrupted_Baseline,96
1790421273.215943368,Uninterrupted_Baseline,97
1790421273.302872533,Uninterrupted_Baseline,99
1790421273.378109700,Uninterrupted_Baseline,100
1790421273.454999497,Uninterrupted_Baseline,101
1790421273.533177324,Uninterrupted_Baseline,102
1790421273.612573134,Uninterrupted_Baseline,103
1790421273.695064833,Uninterrupted_Baseline,104
1790421273.773737435,Uninterrupted_Baseline,105
1790421273.851231753,Uninterrupted_Baseline,106
1790421273.932060260,Uninterrupted_Baseline,108
1790421274.015096960,Uninterrupted_Baseline,109
1790421274.095029389,Uninterrupted_Baseline,110
1790421274.177159704,Uninterrupted_Baseline,111
1790421274.258072572,Uninterrupted_Baseline,112
1790421274.340540336,Uninterrupted_Baseline,113
1790421274.424826814,Uninterrupted_Baseline,114
1790421274.505777268,Uninterrupted_Baseline,116
1790421274.592302973,Uninterrupted_Baseline,117
1790421274.675377928,Uninterrupted_Baseline,118
1790421274.756512669,Uninterrupted_Baseline,119
1790421274.836580778,Uninterrupted_Baseline,120
1790421274.897940283,Uninterrupted_Baseline,121
1790421274.978757401,Uninterrupted_Baseline,122
1790421275.059436847,Uninterrupted_Baseline,123
1790421275.146522702,Uninterrupted_Baseline,124
1790421275.214214472,Uninterrupted_Baseline,125
1790421275.277167428,Uninterrupted_Baseline,126
1790421275.354057306,Uninterrupted_Baseline,127
1790421275.435564845,Uninterrupted_Baseline,128
1790421275.521447504,Uninterrupted_Baseline,129
1790421275.590172788,Uninterrupted_Baseline,131
1790421275.672217988,Uninterrupted_Baseline,132
1790421275.752491851,Uninterrupted_Baseline,133
1790421275.835923004,Uninterrupted_Baseline,134
1790421275.916388258,Uninterrupted_Baseline,135
1790421275.998266755,Uninterrupted_Baseline,136
1790421276.081520678,Uninterrupted_Baseline,137
1790421276.164963167,Uninterrupted_Baseline,138
1790421276.245871540,Uninterrupted_Baseline,139
1790421276.327131712,Uninterrupted_Baseline,140
1790421276.408457004,Uninterrupted_Baseline,141
1790421276.498287458,Uninterrupted_Baseline,143
1790421276.563915981,Uninterrupted_Baseline,144
1790421276.648005365,Uninterrupted_Baseline,145
1790421276.720923103,Uninterrupted_Baseline,146
1790421276.804136726,Uninterrupted_Baseline,147
1790421276.888063210,Uninterrupted_Baseline,148
1790421276.970338616,Uninterrupted_Baseline,149
1790421277.056458952,Uninterrupted_Baseline,151
1790421277.138998677,Uninterrupted_Baseline,152
1790421277.214962760,Uninterrupted_Baseline,153
1790421277.301630897,Uninterrupted_Baseline,154
1790421277.383572105,Uninterrupted_Baseline,155
1790421277.466881858,Uninterrupted_Baseline,156
1790421277.552203067,Uninterrupted_Baseline,158
1790421277.634302451,Uninterrupted_Baseline,159
1790421277.717258346,Uninterrupted_Baseline,160
1790421288.197742375,Phase1_Baseline,10
1790421288.271992101,Phase1_Baseline,5
1790421288.342515617,Phase1_Baseline,14
1790421288.415167378,Phase1_Baseline,19
1790421288.465066736,Phase1_Baseline,38
1790421288.523441691,Phase1_Baseline,72
1790421288.589738987,Phase1_Baseline,128
1790421288.646114181,Phase1_Baseline,228
1790421288.701768292,Phase1_Baseline,380
1790421288.769369870,Phase1_Baseline,644
1790421288.861246293,Phase1_Baseline,1050
1790421288.949402737,Phase1_Baseline,536
1790421289.034475566,Phase1_Baseline,522
1790421289.117327879,Phase1_Baseline,509
1790421289.179552753,Phase1_Baseline,433
1790421289.231330525,Phase1_Baseline,270
1790421289.312081708,Phase1_Baseline,270
1790421289.394910380,Phase1_Baseline,144
1790421289.478145002,Phase1_Baseline,135
1790421289.557594701,Phase1_Baseline,136
1790421289.638283226,Phase1_Baseline,137
1790421289.714605164,Phase1_Baseline,138
1790421289.802049148,Phase1_Baseline,139
1790421289.885188138,Phase1_Baseline,140
1790421289.963623597,Phase1_Baseline,141
1790421290.039245808,Phase1_Baseline,142
1790421290.087379881,Phase1_Baseline,143
1790421290.143327516,Phase1_Baseline,144
1790421290.207109907,Phase1_Baseline,144
1790421290.271140016,Phase1_Baseline,145
1790421290.330508288,Phase1_Baseline,146
1790421290.389209141,Phase1_Baseline,147
1790421290.455540527,Phase1_Baseline,148
1790421290.508060248,Phase1_Baseline,148
1790421290.581036391,Phase1_Baseline,149
1790421290.641525773,Phase1_Baseline,150
1790421290.716105481,Phase1_Baseline,151
1790421290.796634880,Phase1_Baseline,153
1790421290.863532632,Phase1_Baseline,153
1790421290.941889044,Phase1_Baseline,155
1790421291.024955884,Phase1_Baseline,156
1790421291.087722611,Phase1_Baseline,156
1790421291.145225658,Phase1_Baseline,157
1790421291.201245643,Phase1_Baseline,158
1790421291.280342507,Phase1_Baseline,159
1790421291.353287450,Phase1_Baseline,160
1790421291.433922460,Phase1_Baseline,161
1790421291.513441540,Phase1_Baseline,162
1790421291.576636429,Phase1_Baseline,163
1790421291.649911170,Phase1_Baseline,164
1790421291.726122270,Phase1_Baseline,165
1790421291.809279821,Phase1_Baseline,166
1790421291.875762737,Phase1_Baseline,167
1790421291.953451271,Phase1_Baseline,168
1790421292.036152906,Phase1_Baseline,169
1790421292.104423656,Phase1_Baseline,171
1790421292.183254010,Phase1_Baseline,172
1790421292.265603516,Phase1_Baseline,173
1790421292.344817737,Phase1_Baseline,174
1790421292.428123678,Phase1_Baseline,175
1790421292.511173510,Phase1_Baseline,176
1790421292.593250226,Phase1_Baseline,177
1790421292.663827992,Phase1_Baseline,178
1790421292.743564860,Phase1_Baseline,179
1790421292.823893947,Phase1_Baseline,180
1790421292.904151493,Phase1_Baseline,181
1790421292.985968696,Phase1_Baseline,183
1790421293.070955172,Phase1_Baseline,184
1790421293.155925435,Phase1_Baseline,185
1790421293.226559518,Phase1_Baseline,186
1790421293.304861881,Phase1_Baseline,187
1790421293.384547325,Phase1_Baseline,188
1790421293.464407394,Phase1_Baseline,189
1790421293.543938533,Phase1_Baseline,190
1790421293.628405122,Phase1_Baseline,191
1790421293.711276232,Phase1_Baseline,193
1790421293.798338846,Phase1_Baseline,194
1790421293.880862755,Phase1_Baseline,195
1790421293.964738273,Phase1_Baseline,196
1790421294.034133653,Phase1_Baseline,197
1790421294.107530587,Phase1_Baseline,198
1790421294.185179388,Phase1_Baseline,199
1790421294.271144231,Phase1_Baseline,200
1790421294.355206512,Phase1_Baseline,201
1790421294.433964874,Phase1_Baseline,203
1790421294.515964004,Phase1_Baseline,204
1790421294.599417577,Phase1_Baseline,205
1790421294.681605597,Phase1_Baseline,206
1790421294.763817829,Phase1_Baseline,207
1790421294.847581447,Phase1_Baseline,208
1790421294.907852524,Phase1_Baseline,209
1790421294.975341744,Phase1_Baseline,210
1790421295.044543558,Phase1_Baseline,211
1790421295.127869815,Phase1_Baseline,212
1790421295.211893034,Phase1_Baseline,213
1790421295.290216982,Phase1_Baseline,215
1790421295.373847253,Phase1_Baseline,215
1790421295.453470744,Phase1_Baseline,217
1790421295.537243770,Phase1_Baseline,218
1790421295.617577945,Phase1_Baseline,219
1790421295.684398038,Phase1_Baseline,220
1790421295.767494655,Phase1_Baseline,221
1790421295.856543038,Phase1_Baseline,222
1790421295.943726056,Phase1_Baseline,223
1790421296.030884887,Phase1_Baseline,225
1790421296.109796266,Phase1_Baseline,226
1790421296.194454681,Phase1_Baseline,227
1790421296.275857566,Phase1_Baseline,228
1790421296.345891308,Phase1_Baseline,229
1790421296.422146934,Phase1_Baseline,230
1790421296.501723123,Phase1_Baseline,231
1790421296.580757503,Phase1_Baseline,232
1790421296.653205530,Phase1_Baseline,233
1790421296.728942521,Phase1_Baseline,234
1790421296.814392150,Phase1_Baseline,235
1790421296.895946245,Phase1_Baseline,236
1790421296.975787143,Phase1_Baseline,237
1790421297.057457616,Phase1_Baseline,238
1790421297.113919229,Phase1_Baseline,239
1790421297.176903450,Phase1_Baseline,240
1790421297.247833992,Phase1_Baseline,241
1790421297.329304254,Phase1_Baseline,242
1790421297.406493241,Phase1_Baseline,243
1790421297.488259533,Phase1_Baseline,244
1790421297.571932065,Phase1_Baseline,245
1790421297.653049595,Phase1_Baseline,246
1790421297.725240454,Phase1_Baseline,247
1790421297.796932944,Phase1_Baseline,248
1790421297.856434487,Phase1_Baseline,249
1790421297.936071827,Phase1_Baseline,250
1790421298.015418635,Phase1_Baseline,251
1790421298.068880758,Phase1_Baseline,252
1790421298.145519209,Phase1_Baseline,253
1790421298.225046402,Phase1_Baseline,254
1790421298.293982661,Phase1_Baseline,255
1790421298.375558556,Phase1_Baseline,256
1790421298.442984509,Phase1_Baseline,257
1790421298.493424034,Phase1_Baseline,258
1790421298.546368012,Phase1_Baseline,259
1790421298.614302160,Phase1_Baseline,259
1790421298.679016390,Phase1_Baseline,260
1790421298.754850021,Phase1_Baseline,261
1790421298.835616227,Phase1_Baseline,263
1790421298.923087822,Phase1_Baseline,264
1790421299.008712521,Phase1_Baseline,265
1790421299.089071582,Phase1_Baseline,266
1790421299.152360744,Phase1_Baseline,267
1790421299.226512479,Phase1_Baseline,268
1790421299.288604178,Phase1_Baseline,269
1790421299.359396144,Phase1_Baseline,270
1790421299.437521299,Phase1_Baseline,270
1790421299.522084434,Phase1_Baseline,272
1790421299.606243975,Phase1_Baseline,273
1790421299.693090338,Phase1_Baseline,274
1790421299.770372655,Phase1_Baseline,275
1790421299.846558394,Phase1_Baseline,276
1790421299.929206681,Phase1_Baseline,277
1790421300.005613084,Phase1_Baseline,278
1790421300.086834419,Phase1_Baseline,279
1790421300.166946380,Phase1_Baseline,280
1790421300.244318083,Phase1_Baseline,281
1790421300.320089673,Phase1_Baseline,282
1790421300.397378684,Phase1_Baseline,283
1790421300.469856122,Phase1_Baseline,284
1790421300.537883611,Phase1_Baseline,285
1790421300.617824227,Phase1_Baseline,286
1790421300.706065435,Phase1_Baseline,287
1790421300.788886682,Phase1_Baseline,288
1790421300.863414477,Phase1_Baseline,289
1790421300.943577831,Phase1_Baseline,290
1790421302.270161795,Phase2_Migrated,10
1790421302.367350044,Phase2_Migrated,10
1790421302.457766348,Phase2_Migrated,28
1790421302.551783359,Phase2_Migrated,47
1790421302.649700973,Phase2_Migrated,111
1790421302.730945735,Phase2_Migrated,213
1790421302.822410561,Phase2_Migrated,474
1790421302.912490466,Phase2_Migrated,832
1790421303.006271379,Phase2_Migrated,877
1790421303.098553207,Phase2_Migrated,669
1790421303.188766085,Phase2_Migrated,504
1790421303.281808844,Phase2_Migrated,504
1790421303.370178447,Phase2_Migrated,366
1790421303.456116389,Phase2_Migrated,252
1790421303.547782915,Phase2_Migrated,192
1790421303.628536598,Phase2_Migrated,126
1790421303.720794378,Phase2_Migrated,127
1790421303.798195288,Phase2_Migrated,128
1790421303.872181301,Phase2_Migrated,129
1790421303.966406695,Phase2_Migrated,131
1790421304.060820013,Phase2_Migrated,132
1790421304.152567436,Phase2_Migrated,133
1790421304.246237946,Phase2_Migrated,135
1790421304.345049141,Phase2_Migrated,136
1790421304.438638238,Phase2_Migrated,137
1790421304.535201954,Phase2_Migrated,139
1790421304.620503230,Phase2_Migrated,140
1790421304.709285195,Phase2_Migrated,141
1790421304.809738560,Phase2_Migrated,142
1790421304.887078513,Phase2_Migrated,143
1790421304.991769816,Phase2_Migrated,145
1790421305.059444020,Phase2_Migrated,146
1790421305.141387973,Phase2_Migrated,147
1790421305.227360600,Phase2_Migrated,148
1790421305.322363553,Phase2_Migrated,149
1790421305.419467370,Phase2_Migrated,151
1790421305.516274161,Phase2_Migrated,152
1790421305.607739056,Phase2_Migrated,153
1790421305.699620993,Phase2_Migrated,155
1790421305.790793566,Phase2_Migrated,156
1790421305.891895743,Phase2_Migrated,157
1790421305.988340618,Phase2_Migrated,159
1790421306.078816938,Phase2_Migrated,160
1790421306.169511388,Phase2_Migrated,161
1790421306.254632223,Phase2_Migrated,162
1790421306.336003019,Phase2_Migrated,163
1790421306.428804445,Phase2_Migrated,165
1790421306.534343454,Phase2_Migrated,166
1790421306.630700282,Phase2_Migrated,167
1790421306.725024441,Phase2_Migrated,169
1790421306.814794548,Phase2_Migrated,170
1790421306.881122748,Phase2_Migrated,171
1790421306.971738205,Phase2_Migrated,172
1790421307.055459736,Phase2_Migrated,173
1790421307.147274554,Phase2_Migrated,174
1790421307.238090380,Phase2_Migrated,176
1790421307.316453536,Phase2_Migrated,176
1790421307.379564233,Phase2_Migrated,177
1790421307.449806828,Phase2_Migrated,178
1790421307.535747020,Phase2_Migrated,180
1790421307.633901608,Phase2_Migrated,181
1790421307.723405145,Phase2_Migrated,182
1790421307.817038801,Phase2_Migrated,184
1790421307.910721797,Phase2_Migrated,185
1790421308.002548847,Phase2_Migrated,186
1790421308.087516300,Phase2_Migrated,187
1790421308.173992177,Phase2_Migrated,188
1790421308.236905704,Phase2_Migrated,189
1790421308.306212151,Phase2_Migrated,190
1790421308.378193979,Phase2_Migrated,191
1790421308.432716022,Phase2_Migrated,192
1790421308.490006036,Phase2_Migrated,192
1790421308.550562186,Phase2_Migrated,193
1790421308.615037546,Phase2_Migrated,194
1790421308.704822082,Phase2_Migrated,196
1790421308.795611375,Phase2_Migrated,197
1790421308.890578156,Phase2_Migrated,198
1790421308.976806408,Phase2_Migrated,199
1790421309.050809731,Phase2_Migrated,200
1790421309.134015558,Phase2_Migrated,202
1790421309.212422597,Phase2_Migrated,203
1790421309.300535976,Phase2_Migrated,204
1790421309.391912403,Phase2_Migrated,205
1790421309.466267285,Phase2_Migrated,206
1790421309.548486788,Phase2_Migrated,207
1790421309.641488463,Phase2_Migrated,208
1790421309.729885966,Phase2_Migrated,210
1790421309.808406356,Phase2_Migrated,211
1790421309.893946184,Phase2_Migrated,212
1790421309.984637006,Phase2_Migrated,213
1790421310.079113997,Phase2_Migrated,214
1790421310.168480395,Phase2_Migrated,216
1790421310.261016297,Phase2_Migrated,217
1790421310.351515601,Phase2_Migrated,218
1790421310.443472140,Phase2_Migrated,219
1790421310.534035472,Phase2_Migrated,220
1790421310.612605036,Phase2_Migrated,222
1790421310.697077316,Phase2_Migrated,223
1790421310.785186916,Phase2_Migrated,224
1790421310.879423868,Phase2_Migrated,225
1790421310.970126837,Phase2_Migrated,227
1790421311.058183674,Phase2_Migrated,228
1790421311.151010564,Phase2_Migrated,229
1790421311.247310909,Phase2_Migrated,230
1790421311.332409890,Phase2_Migrated,231
1790421311.403406522,Phase2_Migrated,232
1790421311.492224996,Phase2_Migrated,234
1790421311.584346757,Phase2_Migrated,235
1790421311.674923498,Phase2_Migrated,236
1790421311.777940635,Phase2_Migrated,238
1790421311.873914579,Phase2_Migrated,239
1790421311.947990044,Phase2_Migrated,240
1790421312.043892183,Phase2_Migrated,241
1790421312.142314998,Phase2_Migrated,242
1790421312.225267242,Phase2_Migrated,244
1790421312.317566379,Phase2_Migrated,245
1790421312.407824022,Phase2_Migrated,246
1790421312.499804327,Phase2_Migrated,247
1790421312.594599352,Phase2_Migrated,249
1790421312.684508216,Phase2_Migrated,250
1790421312.776722283,Phase2_Migrated,251
1790421312.873464566,Phase2_Migrated,252
1790421312.970880584,Phase2_Migrated,254
1790421313.045838654,Phase2_Migrated,255
1790421313.136990437,Phase2_Migrated,256
1790421313.230282668,Phase2_Migrated,257
1790421313.319328360,Phase2_Migrated,258
1790421313.409730169,Phase2_Migrated,259
1790421313.511161944,Phase2_Migrated,261
1790421313.614564524,Phase2_Migrated,262
1790421313.704587795,Phase2_Migrated,263
1790421313.796122216,Phase2_Migrated,265
1790421313.888740847,Phase2_Migrated,266
1790421313.983401065,Phase2_Migrated,267
1790421314.057230102,Phase2_Migrated,268
1790421314.146037478,Phase2_Migrated,269
1790421314.236915973,Phase2_Migrated,271
1790421314.328447543,Phase2_Migrated,272
1790421314.415914554,Phase2_Migrated,273
1790421314.507293317,Phase2_Migrated,274
1790421314.599255862,Phase2_Migrated,275
1790421314.695420853,Phase2_Migrated,277
1790421315.861761879,Uninterrupted_Baseline,1
1790421315.944005639,Uninterrupted_Baseline,1
1790421316.024127789,Uninterrupted_Baseline,1
1790421316.108542659,Uninterrupted_Baseline,1
1790421316.190269050,Uninterrupted_Baseline,1
1790421316.275954453,Uninterrupted_Baseline,1
1790421316.338325172,Uninterrupted_Baseline,1
1790421316.422798721,Uninterrupted_Baseline,1
1790421316.505811340,Uninterrupted_Baseline,1
1790421316.590190201,Uninterrupted_Baseline,1
1790421316.666411120,Uninterrupted_Baseline,1
1790421316.746767948,Uninterrupted_Baseline,1
1790421316.827748847,Uninterrupted_Baseline,1
1790421316.885907690,Uninterrupted_Baseline,1
1790421316.981502037,Uninterrupted_Baseline,1
1790421317.055096219,Uninterrupted_Baseline,1
1790421317.134883657,Uninterrupted_Baseline,10
1790421317.134883657,Uninterrupted_Baseline,1
1790421317.211186919,Uninterrupted_Baseline,14
1790421317.211186919,Uninterrupted_Baseline,1
1790421317.270131010,Uninterrupted_Baseline,14
1790421317.270131010,Uninterrupted_Baseline,1
1790421317.355172864,Uninterrupted_Baseline,15
1790421317.355172864,Uninterrupted_Baseline,1
1790421317.435113018,Uninterrupted_Baseline,60
1790421317.435113018,Uninterrupted_Baseline,1
1790421317.510951099,Uninterrupted_Baseline,127
1790421317.510951099,Uninterrupted_Baseline,1
1790421317.593946890,Uninterrupted_Baseline,248
1790421317.593946890,Uninterrupted_Baseline,1
1790421317.678572075,Uninterrupted_Baseline,563
1790421317.678572075,Uninterrupted_Baseline,1
1790421317.761047624,Uninterrupted_Baseline,908
1790421317.761047624,Uninterrupted_Baseline,1
1790421317.831924345,Uninterrupted_Baseline,1168
1790421317.831924345,Uninterrupted_Baseline,1
1790421317.901452292,Uninterrupted_Baseline,859
1790421317.901452292,Uninterrupted_Baseline,1
1790421317.987443478,Uninterrupted_Baseline,676
1790421317.987443478,Uninterrupted_Baseline,1
1790421318.071274420,Uninterrupted_Baseline,584
1790421318.071274420,Uninterrupted_Baseline,1
1790421318.151451181,Uninterrupted_Baseline,584
1790421318.151451181,Uninterrupted_Baseline,1
1790421318.232582863,Uninterrupted_Baseline,568
1790421318.232582863,Uninterrupted_Baseline,1
1790421318.290409522,Uninterrupted_Baseline,428
1790421318.290409522,Uninterrupted_Baseline,1
1790421318.350615151,Uninterrupted_Baseline,292
1790421318.350615151,Uninterrupted_Baseline,1
1790421318.424068399,Uninterrupted_Baseline,292
1790421318.424068399,Uninterrupted_Baseline,1
1790421318.475804704,Uninterrupted_Baseline,292
1790421318.475804704,Uninterrupted_Baseline,1
1790421318.526798339,Uninterrupted_Baseline,146
1790421318.526798339,Uninterrupted_Baseline,1
1790421318.580614497,Uninterrupted_Baseline,146
1790421318.580614497,Uninterrupted_Baseline,1
1790421318.646361841,Uninterrupted_Baseline,147
1790421318.646361841,Uninterrupted_Baseline,1
1790421318.731359940,Uninterrupted_Baseline,148
1790421318.731359940,Uninterrupted_Baseline,1
1790421318.812780974,Uninterrupted_Baseline,149
1790421318.812780974,Uninterrupted_Baseline,1
1790421318.898265742,Uninterrupted_Baseline,150
1790421318.898265742,Uninterrupted_Baseline,1
1790421318.973952234,Uninterrupted_Baseline,151
1790421318.973952234,Uninterrupted_Baseline,1
1790421319.056003983,Uninterrupted_Baseline,152
1790421319.056003983,Uninterrupted_Baseline,1
1790421319.140121064,Uninterrupted_Baseline,153
1790421319.140121064,Uninterrupted_Baseline,1
1790421319.201134512,Uninterrupted_Baseline,154
1790421319.201134512,Uninterrupted_Baseline,1
1790421319.258769118,Uninterrupted_Baseline,155
1790421319.334027839,Uninterrupted_Baseline,156
1790421319.415859432,Uninterrupted_Baseline,157
1790421319.497077982,Uninterrupted_Baseline,158
1790421319.580309128,Uninterrupted_Baseline,159
1790421319.660439904,Uninterrupted_Baseline,161
1790421319.737468888,Uninterrupted_Baseline,162
1790421319.821006563,Uninterrupted_Baseline,163
1790421319.908033803,Uninterrupted_Baseline,164
1790421319.983930441,Uninterrupted_Baseline,165
1790421320.063760583,Uninterrupted_Baseline,166
1790421320.147118194,Uninterrupted_Baseline,167
1790421320.229798931,Uninterrupted_Baseline,169
1790421320.312830270,Uninterrupted_Baseline,170
1790421320.371485629,Uninterrupted_Baseline,171
1790421320.454361707,Uninterrupted_Baseline,172
1790421320.534012010,Uninterrupted_Baseline,173
1790421320.606099321,Uninterrupted_Baseline,174
1790421320.689445999,Uninterrupted_Baseline,175
1790421320.754576307,Uninterrupted_Baseline,176
1790421320.835790179,Uninterrupted_Baseline,177
1790421320.918731925,Uninterrupted_Baseline,178
1790421321.000003244,Uninterrupted_Baseline,179
1790421321.065404210,Uninterrupted_Baseline,180
1790421321.135730816,Uninterrupted_Baseline,181
1790421321.207553788,Uninterrupted_Baseline,182
1790421321.287825989,Uninterrupted_Baseline,183
1790421321.371605861,Uninterrupted_Baseline,184
1790421321.452857039,Uninterrupted_Baseline,185
1790421321.538991389,Uninterrupted_Baseline,186
1790421321.624792533,Uninterrupted_Baseline,187
1790421321.704394512,Uninterrupted_Baseline,189
1790421321.796062404,Uninterrupted_Baseline,190
1790421321.875630323,Uninterrupted_Baseline,191
1790421321.962214549,Uninterrupted_Baseline,192
1790421322.048016317,Uninterrupted_Baseline,193
1790421322.132845658,Uninterrupted_Baseline,194
1790421322.215987770,Uninterrupted_Baseline,195
1790421322.305393450,Uninterrupted_Baseline,197
1790421322.373766371,Uninterrupted_Baseline,198
1790421322.452937405,Uninterrupted_Baseline,199
1790421322.532165927,Uninterrupted_Baseline,200
1790421322.616976164,Uninterrupted_Baseline,201
1790421322.702149521,Uninterrupted_Baseline,202
1790421322.788085479,Uninterrupted_Baseline,203
1790421322.869323896,Uninterrupted_Baseline,204
1790421322.955552447,Uninterrupted_Baseline,206
1790421323.037900837,Uninterrupted_Baseline,207
1790421323.121174847,Uninterrupted_Baseline,208
1790421323.202261493,Uninterrupted_Baseline,209
1790421323.286804277,Uninterrupted_Baseline,210
1790421323.365342043,Uninterrupted_Baseline,211
1790421323.435767303,Uninterrupted_Baseline,212
1790421323.518974695,Uninterrupted_Baseline,214
1790421323.597619131,Uninterrupted_Baseline,215
1790421323.665436097,Uninterrupted_Baseline,215
1790421323.745854947,Uninterrupted_Baseline,216
1790421323.827136862,Uninterrupted_Baseline,217
1790421323.903621805,Uninterrupted_Baseline,218
1790421323.976365897,Uninterrupted_Baseline,220
1790421324.042745846,Uninterrupted_Baseline,220
1790421324.110298115,Uninterrupted_Baseline,221
1790421324.195004472,Uninterrupted_Baseline,223
1790421324.281489515,Uninterrupted_Baseline,224
1790421324.367106017,Uninterrupted_Baseline,225
1790421324.444559173,Uninterrupted_Baseline,226
1790421324.528371332,Uninterrupted_Baseline,227
1790421324.608377350,Uninterrupted_Baseline,228
1790421324.690022097,Uninterrupted_Baseline,229
1790421324.767808542,Uninterrupted_Baseline,231
1790421324.848406991,Uninterrupted_Baseline,231
1790421324.920852080,Uninterrupted_Baseline,233
1790421324.995098845,Uninterrupted_Baseline,233
1790421325.084403063,Uninterrupted_Baseline,235
1790421325.142846671,Uninterrupted_Baseline,236
1790421325.205257103,Uninterrupted_Baseline,237
1790421325.298264717,Uninterrupted_Baseline,238
1790421325.376026659,Uninterrupted_Baseline,239
1790421325.446863074,Uninterrupted_Baseline,240
1790421325.531429745,Uninterrupted_Baseline,241
1790421325.598989732,Uninterrupted_Baseline,242
1790421325.669364284,Uninterrupted_Baseline,243
1790421325.750245523,Uninterrupted_Baseline,244
1790421325.832422063,Uninterrupted_Baseline,245
1790421325.915296905,Uninterrupted_Baseline,246
1790421325.984165818,Uninterrupted_Baseline,247
1790421326.067818953,Uninterrupted_Baseline,248
1790421326.154385829,Uninterrupted_Baseline,249
1790421326.236022174,Uninterrupted_Baseline,250
1790421326.315426614,Uninterrupted_Baseline,251
1790421326.369886820,Uninterrupted_Baseline,252
1790421326.446464073,Uninterrupted_Baseline,253
1790421326.522214603,Uninterrupted_Baseline,254
1790421326.592423539,Uninterrupted_Baseline,255
1790421326.658610442,Uninterrupted_Baseline,256
1790421326.738924050,Uninterrupted_Baseline,257
1790421326.807320775,Uninterrupted_Baseline,258
1790421326.889109829,Uninterrupted_Baseline,259
1790421326.962517125,Uninterrupted_Baseline,260
1790421327.041812012,Uninterrupted_Baseline,261
1790421327.113278395,Uninterrupted_Baseline,262
1790421327.194398009,Uninterrupted_Baseline,263
1790421327.253511226,Uninterrupted_Baseline,264
1790421327.316978625,Uninterrupted_Baseline,265
1790421327.382098843,Uninterrupted_Baseline,266
1790421327.457528751,Uninterrupted_Baseline,267
1790421327.536162400,Uninterrupted_Baseline,268
1790421327.618234741,Uninterrupted_Baseline,269
1790421327.698326721,Uninterrupted_Baseline,270
1790421327.784172699,Uninterrupted_Baseline,271
1790421327.867456257,Uninterrupted_Baseline,272
1790421327.948781318,Uninterrupted_Baseline,273
1790421328.032210521,Uninterrupted_Baseline,274
1790421328.086176858,Uninterrupted_Baseline,275
1790421328.167239381,Uninterrupted_Baseline,276
1790421328.240910185,Uninterrupted_Baseline,277
1790421328.299055080,Uninterrupted_Baseline,278
1790421328.375022952,Uninterrupted_Baseline,278
1790421328.440791530,Uninterrupted_Baseline,279
1790421328.492535216,Uninterrupted_Baseline,280
1790421328.551915827,Uninterrupted_Baseline,281
1790421328.609501024,Uninterrupted_Baseline,282
1790421328.669280144,Uninterrupted_Baseline,282
1790421328.745041269,Uninterrupted_Baseline,283
1790421328.821382047,Uninterrupted_Baseline,285
1790421328.896428736,Uninterrupted_Baseline,285
1790421328.964537720,Uninterrupted_Baseline,286
1790421329.041397211,Uninterrupted_Baseline,287
1790421329.122285349,Uninterrupted_Baseline,288
1790421329.176482650,Uninterrupted_Baseline,289
1790421329.252222234,Uninterrupted_Baseline,290
1790421329.332438970,Uninterrupted_Baseline,291
1790421329.412241642,Uninterrupted_Baseline,292
1790421329.491885786,Uninterrupted_Baseline,293
1790421329.575819369,Uninterrupted_Baseline,295
1790421329.661215633,Uninterrupted_Baseline,296
1790421329.738546516,Uninterrupted_Baseline,297
1790421329.815577000,Uninterrupted_Baseline,298
1790421329.898059059,Uninterrupted_Baseline,299
1790421329.981199299,Uninterrupted_Baseline,300
1790421330.067445397,Uninterrupted_Baseline,301
1790421330.150325884,Uninterrupted_Baseline,302
1790421330.236565701,Uninterrupted_Baseline,303
1790421330.317388294,Uninterrupted_Baseline,304
1790421330.401087056,Uninterrupted_Baseline,305
1790421330.487598579,Uninterrupted_Baseline,307
1790421330.569462744,Uninterrupted_Baseline,308
1790421330.650533102,Uninterrupted_Baseline,309
1790421330.722487284,Uninterrupted_Baseline,310
1790421330.805981573,Uninterrupted_Baseline,311
1790421330.879381074,Uninterrupted_Baseline,312
1790421330.958225664,Uninterrupted_Baseline,313
1790421331.040793285,Uninterrupted_Baseline,314
1790421331.113429125,Uninterrupted_Baseline,315
1790421331.193009871,Uninterrupted_Baseline,316
1790421331.272345626,Uninterrupted_Baseline,317
1790421331.352211237,Uninterrupted_Baseline,318
1790421331.438485889,Uninterrupted_Baseline,319
1790421331.522574315,Uninterrupted_Baseline,320
1790421331.604432908,Uninterrupted_Baseline,321
1790421331.686490331,Uninterrupted_Baseline,322
1790421331.769749709,Uninterrupted_Baseline,323
1790421331.849728767,Uninterrupted_Baseline,324
1790421331.931116006,Uninterrupted_Baseline,325
1790421332.011835700,Uninterrupted_Baseline,326
1790421332.094038734,Uninterrupted_Baseline,327
1790421332.172460486,Uninterrupted_Baseline,328
1790421332.247625950,Uninterrupted_Baseline,329
1790421332.324491249,Uninterrupted_Baseline,330
1790421332.399411370,Uninterrupted_Baseline,331
1790421332.475792792,Uninterrupted_Baseline,332
1790421332.555861242,Uninterrupted_Baseline,333
1790421332.636275131,Uninterrupted_Baseline,299
1790421332.717263675,Uninterrupted_Baseline,167
1790421332.799726468,Uninterrupted_Baseline,168
1790421332.882476591,Uninterrupted_Baseline,169
1790421332.963324957,Uninterrupted_Baseline,170
1790421333.049739021,Uninterrupted_Baseline,171
1790421333.131821362,Uninterrupted_Baseline,172
1790421333.211328991,Uninterrupted_Baseline,173
1790421333.293944196,Uninterrupted_Baseline,175
1790421333.371501845,Uninterrupted_Baseline,176
1790421333.456336298,Uninterrupted_Baseline,177
1790421333.538267341,Uninterrupted_Baseline,178
1790421333.620498753,Uninterrupted_Baseline,179
1790421333.703957246,Uninterrupted_Baseline,180
1790421333.783997141,Uninterrupted_Baseline,181
1790421333.865203122,Uninterrupted_Baseline,182
1790421333.948891832,Uninterrupted_Baseline,184
1790421334.019311939,Uninterrupted_Baseline,185
1790421334.106617572,Uninterrupted_Baseline,186
1790421334.191494682,Uninterrupted_Baseline,187
1790421334.276053960,Uninterrupted_Baseline,188
1790421334.357346718,Uninterrupted_Baseline,189
1790421334.441123829,Uninterrupted_Baseline,190
1790421334.525813937,Uninterrupted_Baseline,191
1790421334.606232430,Uninterrupted_Baseline,193
1790421334.686844045,Uninterrupted_Baseline,194
1790421334.764412159,Uninterrupted_Baseline,195
1790421334.841936710,Uninterrupted_Baseline,196
1790421334.921147465,Uninterrupted_Baseline,197
1790421335.000189998,Uninterrupted_Baseline,198
1790421335.076262775,Uninterrupted_Baseline,199
1790421335.150215816,Uninterrupted_Baseline,200
1790421335.226019173,Uninterrupted_Baseline,201
1790421335.296961769,Uninterrupted_Baseline,202
1790421335.377784065,Uninterrupted_Baseline,203
1790421335.459867401,Uninterrupted_Baseline,204
1790421335.545479076,Uninterrupted_Baseline,205
1790421335.619800063,Uninterrupted_Baseline,206
1790421335.704134945,Uninterrupted_Baseline,207
1790421335.786891097,Uninterrupted_Baseline,209
1790421335.866933831,Uninterrupted_Baseline,210
1790421335.950508711,Uninterrupted_Baseline,211
1790421336.027806604,Uninterrupted_Baseline,212
1790421336.111605648,Uninterrupted_Baseline,213
1790421336.193406772,Uninterrupted_Baseline,214
1790421336.260993922,Uninterrupted_Baseline,215
1790421336.318393617,Uninterrupted_Baseline,216
1790421336.386458895,Uninterrupted_Baseline,217
1790421336.467297252,Uninterrupted_Baseline,218
1790421336.547518433,Uninterrupted_Baseline,219
1790421336.625588478,Uninterrupted_Baseline,220
1790421336.709148471,Uninterrupted_Baseline,221
1790421336.778828686,Uninterrupted_Baseline,222
1790421336.853059973,Uninterrupted_Baseline,223
1790421336.915337981,Uninterrupted_Baseline,224
1790421336.992874721,Uninterrupted_Baseline,225
1790421337.074343485,Uninterrupted_Baseline,226
1790421337.160539311,Uninterrupted_Baseline,227
1790421337.241565210,Uninterrupted_Baseline,228
1790421337.323473643,Uninterrupted_Baseline,229
1790421337.405099090,Uninterrupted_Baseline,231
1790421337.475816944,Uninterrupted_Baseline,232
1790421337.558635830,Uninterrupted_Baseline,233
1790421337.624411668,Uninterrupted_Baseline,234
1790421337.704530392,Uninterrupted_Baseline,235
1790421337.773159196,Uninterrupted_Baseline,236
1790421337.839813810,Uninterrupted_Baseline,236
1790421337.903461152,Uninterrupted_Baseline,237
1790421337.983512022,Uninterrupted_Baseline,238
1790421338.061634307,Uninterrupted_Baseline,240
1790421338.148387220,Uninterrupted_Baseline,241
1790421338.227865475,Uninterrupted_Baseline,242
1790421338.286330385,Uninterrupted_Baseline,242
1790421338.355412579,Uninterrupted_Baseline,243
1790421338.446158484,Uninterrupted_Baseline,244
1790421338.502899536,Uninterrupted_Baseline,245
1790421338.556961933,Uninterrupted_Baseline,246
1790421338.631986319,Uninterrupted_Baseline,247
1790421338.695320861,Uninterrupted_Baseline,248
1790421338.762946172,Uninterrupted_Baseline,249
1790421338.824745713,Uninterrupted_Baseline,250
1790421338.903807833,Uninterrupted_Baseline,251
1790421338.988225751,Uninterrupted_Baseline,252
1790421339.066925567,Uninterrupted_Baseline,253
1790421339.146631363,Uninterrupted_Baseline,254
1790421339.214608611,Uninterrupted_Baseline,255
1790421339.286063057,Uninterrupted_Baseline,256
1790421339.365609393,Uninterrupted_Baseline,257
1790421339.445454409,Uninterrupted_Baseline,258
1790421339.531119485,Uninterrupted_Baseline,259
1790421339.615967213,Uninterrupted_Baseline,260
1790421339.695714856,Uninterrupted_Baseline,261
1790421339.778123534,Uninterrupted_Baseline,262
1790421339.859519401,Uninterrupted_Baseline,264
1790421339.941142557,Uninterrupted_Baseline,264
