timestamp,session_type,cwnd_segments
1790422413.459597278,Phase1_Baseline,10
1790422413.533497267,Phase1_Baseline,20
1790422413.607248483,Phase1_Baseline,41
1790422413.682589586,Phase1_Baseline,82
1790422413.754767381,Phase1_Baseline,159
1790422413.830735823,Phase1_Baseline,318
1790422413.903726893,Phase1_Baseline,531
1790422413.980142857,Phase1_Baseline,798
1790422414.034724167,Phase1_Baseline,1067
1790422414.108165839,Phase1_Baseline,1341
1790422414.186625274,Phase1_Baseline,1211
1790422414.265541688,Phase1_Baseline,1015
1790422414.343772791,Phase1_Baseline,854
1790422414.411554214,Phase1_Baseline,687
1790422414.494001671,Phase1_Baseline,687
1790422414.573490677,Phase1_Baseline,687
1790422414.649298038,Phase1_Baseline,687
1790422414.731714655,Phase1_Baseline,683
1790422414.811830787,Phase1_Baseline,581
1790422414.888827193,Phase1_Baseline,419
1790422414.950320004,Phase1_Baseline,343
1790422415.003565977,Phase1_Baseline,343
1790422415.071048835,Phase1_Baseline,195
1790422415.147848300,Phase1_Baseline,171
1790422415.226292237,Phase1_Baseline,171
1790422415.292551802,Phase1_Baseline,172
1790422415.376389636,Phase1_Baseline,173
1790422415.454519212,Phase1_Baseline,174
1790422415.534622723,Phase1_Baseline,175
1790422415.610932518,Phase1_Baseline,176
1790422415.671774967,Phase1_Baseline,177
1790422415.746682730,Phase1_Baseline,178
1790422415.834723671,Phase1_Baseline,179
1790422415.917095821,Phase1_Baseline,180
1790422415.999942287,Phase1_Baseline,181
1790422416.080859443,Phase1_Baseline,182
1790422416.162436212,Phase1_Baseline,183
1790422416.243858605,Phase1_Baseline,184
1790422416.325293459,Phase1_Baseline,185
1790422416.406973286,Phase1_Baseline,186
1790422416.490812780,Phase1_Baseline,187
1790422416.568102398,Phase1_Baseline,188
1790422416.649743614,Phase1_Baseline,189
1790422416.730085533,Phase1_Baseline,190
1790422416.804482667,Phase1_Baseline,191
1790422416.882816230,Phase1_Baseline,192
1790422416.961575435,Phase1_Baseline,193
1790422417.040539074,Phase1_Baseline,194
1790422417.117093015,Phase1_Baseline,195
1790422417.195381402,Phase1_Baseline,196
1790422417.249897932,Phase1_Baseline,197
1790422417.329306449,Phase1_Baseline,198
1790422417.405388421,Phase1_Baseline,199
1790422417.487343984,Phase1_Baseline,200
1790422417.568759987,Phase1_Baseline,201
1790422417.656727343,Phase1_Baseline,202
1790422417.748054326,Phase1_Baseline,203
1790422417.812349733,Phase1_Baseline,204
1790422417.888432196,Phase1_Baseline,205
1790422417.971611690,Phase1_Baseline,206
1790422418.046712363,Phase1_Baseline,207
1790422418.114058860,Phase1_Baseline,208
1790422418.196222030,Phase1_Baseline,209
1790422418.256130100,Phase1_Baseline,210
1790422418.318646337,Phase1_Baseline,210
1790422418.392927082,Phase1_Baseline,211
1790422418.442006938,Phase1_Baseline,212
1790422418.497001613,Phase1_Baseline,212
1790422418.548618541,Phase1_Baseline,213
1790422418.609252635,Phase1_Baseline,214
1790422418.684899703,Phase1_Baseline,215
1790422418.763886687,Phase1_Baseline,216
1790422418.844024654,Phase1_Baseline,217
1790422418.926103015,Phase1_Baseline,218
1790422419.007430047,Phase1_Baseline,219
1790422419.088127361,Phase1_Baseline,220
1790422419.163722990,Phase1_Baseline,221
1790422419.243599735,Phase1_Baseline,222
1790422419.319401633,Phase1_Baseline,223
1790422419.397231691,Phase1_Baseline,224
1790422419.480859148,Phase1_Baseline,225
1790422419.564135529,Phase1_Baseline,226
1790422419.643466165,Phase1_Baseline,227
1790422419.721827912,Phase1_Baseline,228
1790422419.801155213,Phase1_Baseline,229
1790422419.878224573,Phase1_Baseline,230
1790422419.953289315,Phase1_Baseline,231
1790422420.037781471,Phase1_Baseline,232
1790422420.120920908,Phase1_Baseline,233
1790422420.207769929,Phase1_Baseline,234
1790422420.291313437,Phase1_Baseline,235
1790422420.383538778,Phase1_Baseline,236
1790422420.471042673,Phase1_Baseline,237
1790422420.549219594,Phase1_Baseline,238
1790422420.627841650,Phase1_Baseline,239
1790422420.707631727,Phase1_Baseline,240
1790422420.789246697,Phase1_Baseline,241
1790422420.868796520,Phase1_Baseline,242
1790422420.933408601,Phase1_Baseline,243
1790422421.012258628,Phase1_Baseline,244
1790422421.069068207,Phase1_Baseline,245
1790422421.153399331,Phase1_Baseline,246
1790422421.236395825,Phase1_Baseline,247
1790422421.302372859,Phase1_Baseline,248
1790422421.356897657,Phase1_Baseline,249
1790422421.424262262,Phase1_Baseline,249
1790422421.505236668,Phase1_Baseline,250
1790422421.585833987,Phase1_Baseline,251
1790422421.668791391,Phase1_Baseline,253
1790422421.756479974,Phase1_Baseline,254
1790422421.841476433,Phase1_Baseline,255
1790422421.922195381,Phase1_Baseline,256
1790422422.006190172,Phase1_Baseline,257
1790422422.085744945,Phase1_Baseline,258
1790422422.160751411,Phase1_Baseline,259
1790422422.242136455,Phase1_Baseline,260
1790422422.315267824,Phase1_Baseline,261
1790422422.381600684,Phase1_Baseline,261
1790422422.442691084,Phase1_Baseline,262
1790422422.529059542,Phase1_Baseline,263
1790422422.608327048,Phase1_Baseline,264
1790422422.685312778,Phase1_Baseline,265
1790422422.759112719,Phase1_Baseline,266
1790422422.843517584,Phase1_Baseline,267
1790422422.933582731,Phase1_Baseline,269
1790422423.020330037,Phase1_Baseline,270
1790422423.093986299,Phase1_Baseline,270
1790422423.177844960,Phase1_Baseline,272
1790422423.258717839,Phase1_Baseline,273
1790422423.342392237,Phase1_Baseline,274
1790422423.403118402,Phase1_Baseline,274
1790422423.477533064,Phase1_Baseline,275
1790422423.555582913,Phase1_Baseline,276
1790422423.636492132,Phase1_Baseline,277
1790422423.714324565,Phase1_Baseline,278
1790422423.789087264,Phase1_Baseline,279
1790422423.859146436,Phase1_Baseline,280
1790422423.948121191,Phase1_Baseline,281
1790422424.028720733,Phase1_Baseline,282
1790422424.099544736,Phase1_Baseline,283
1790422424.183341127,Phase1_Baseline,284
1790422424.269378185,Phase1_Baseline,285
1790422424.350549686,Phase1_Baseline,286
1790422424.434809353,Phase1_Baseline,287
1790422424.511097868,Phase1_Baseline,288
1790422424.595731929,Phase1_Baseline,289
1790422424.675407419,Phase1_Baseline,290
1790422424.740293773,Phase1_Baseline,291
1790422424.822431217,Phase1_Baseline,292
1790422424.881492284,Phase1_Baseline,293
1790422424.938735947,Phase1_Baseline,293
1790422425.011023439,Phase1_Baseline,294
1790422425.089975237,Phase1_Baseline,295
1790422425.159936452,Phase1_Baseline,296
1790422425.240438145,Phase1_Baseline,297
1790422425.322712607,Phase1_Baseline,298
1790422425.399726850,Phase1_Baseline,299
1790422425.478064342,Phase1_Baseline,300
1790422425.558457999,Phase1_Baseline,301
1790422425.637826742,Phase1_Baseline,302
1790422425.712868353,Phase1_Baseline,303
1790422425.778450155,Phase1_Baseline,304
1790422425.857118167,Phase1_Baseline,305
1790422425.924564032,Phase1_Baseline,306
1790422425.998909877,Phase1_Baseline,307
1790422426.066955137,Phase1_Baseline,307
1790422426.132929130,Phase1_Baseline,308
1790422426.193329397,Phase1_Baseline,309
1790422426.269806738,Phase1_Baseline,310
1790422426.339213882,Phase1_Baseline,311
1790422426.415851955,Phase1_Baseline,312
1790422426.496814287,Phase1_Baseline,313
1790422426.576401076,Phase1_Baseline,314
1790422426.653812913,Phase1_Baseline,315
1790422426.740469407,Phase1_Baseline,316
1790422426.822692462,Phase1_Baseline,317
1790422426.901692102,Phase1_Baseline,318
1790422426.981421977,Phase1_Baseline,319
1790422427.061517801,Phase1_Baseline,320
1790422427.140501820,Phase1_Baseline,321
1790422427.215768203,Phase1_Baseline,322
1790422427.273398838,Phase1_Baseline,322
1790422427.353937127,Phase1_Baseline,323
1790422427.430378300,Phase1_Baseline,324
1790422427.506421084,Phase1_Baseline,325
1790422427.566673922,Phase1_Baseline,326
1790422427.633886442,Phase1_Baseline,327
1790422427.714595371,Phase1_Baseline,328
1790422427.797723806,Phase1_Baseline,329
1790422427.877184113,Phase1_Baseline,330
1790422427.957177712,Phase1_Baseline,331
1790422428.038629604,Phase1_Baseline,332
1790422428.099943441,Phase1_Baseline,332
1790422428.166123800,Phase1_Baseline,333
1790422428.241882558,Phase1_Baseline,334
1790422428.294699907,Phase1_Baseline,335
1790422428.369421002,Phase1_Baseline,336
1790422428.431905560,Phase1_Baseline,336
1790422428.480725315,Phase1_Baseline,337
1790422428.540988708,Phase1_Baseline,338
1790422428.617014961,Phase1_Baseline,339
1790422428.699091236,Phase1_Baseline,340
1790422428.768288657,Phase1_Baseline,341
1790422428.854184985,Phase1_Baseline,342
1790422428.939951324,Phase1_Baseline,343
1790422429.023737688,Phase1_Baseline,344
1790422429.092068486,Phase1_Baseline,345
1790422429.156136841,Phase1_Baseline,345
1790422429.217619458,Phase1_Baseline,346
1790422429.285868776,Phase1_Baseline,347
1790422429.353899576,Phase1_Baseline,348
1790422429.433914545,Phase1_Baseline,349
1790422429.513292808,Phase1_Baseline,350
1790422429.597809799,Phase1_Baseline,351
1790422429.679052417,Phase1_Baseline,352
1790422429.757330387,Phase1_Baseline,352
1790422429.838558826,Phase1_Baseline,353
1790422429.927293388,Phase1_Baseline,354
1790422430.008705917,Phase1_Baseline,355
1790422430.091064247,Phase1_Baseline,264
1790422430.173448380,Phase1_Baseline,178
1790422430.256214817,Phase1_Baseline,178
1790422430.332147064,Phase1_Baseline,178
1790422430.395643072,Phase1_Baseline,179
1790422430.478562991,Phase1_Baseline,180
1790422430.549872689,Phase1_Baseline,181
1790422430.628468806,Phase1_Baseline,182
1790422430.709771282,Phase1_Baseline,183
1790422430.775523866,Phase1_Baseline,184
1790422430.855931335,Phase1_Baseline,185
1790422430.940955555,Phase1_Baseline,186
1790422431.021392427,Phase1_Baseline,187
1790422431.103951536,Phase1_Baseline,188
1790422431.186850765,Phase1_Baseline,189
1790422431.271421838,Phase1_Baseline,190
1790422431.347775689,Phase1_Baseline,191
1790422431.422586343,Phase1_Baseline,192
1790422431.503828632,Phase1_Baseline,193
1790422431.581501620,Phase1_Baseline,194
1790422431.665309606,Phase1_Baseline,196
1790422431.746129387,Phase1_Baseline,197
1790422431.822602523,Phase1_Baseline,198
1790422431.906491212,Phase1_Baseline,199
1790422431.995246734,Phase1_Baseline,200
1790422432.077223684,Phase1_Baseline,201
1790422432.155410258,Phase1_Baseline,202
1790422432.239843680,Phase1_Baseline,203
1790422432.316518720,Phase1_Baseline,204
1790422432.395940011,Phase1_Baseline,205
1790422432.474115753,Phase1_Baseline,206
1790422432.559394523,Phase1_Baseline,207
1790422432.643118444,Phase1_Baseline,208
1790422432.716435181,Phase1_Baseline,209
1790422432.785557171,Phase1_Baseline,210
1790422432.864305415,Phase1_Baseline,211
1790422432.942932710,Phase1_Baseline,212
1790422433.028087253,Phase1_Baseline,213
1790422433.113198576,Phase1_Baseline,214
1790422433.192823222,Phase1_Baseline,215
1790422433.273860319,Phase1_Baseline,216
1790422433.366417729,Phase1_Baseline,217
1790422433.451588477,Phase1_Baseline,218
1790422433.542860147,Phase1_Baseline,219
1790422433.612029192,Phase1_Baseline,220
1790422433.696995499,Phase1_Baseline,221
1790422433.782067386,Phase1_Baseline,222
1790422433.863761749,Phase1_Baseline,223
1790422433.939697997,Phase1_Baseline,224
1790422434.012052045,Phase1_Baseline,225
1790422434.077405289,Phase1_Baseline,226
1790422434.155954801,Phase1_Baseline,227
1790422434.236259506,Phase1_Baseline,228
1790422434.319862332,Phase1_Baseline,229
1790422434.394831261,Phase1_Baseline,230
1790422434.480367332,Phase1_Baseline,231
1790422434.567368606,Phase1_Baseline,232
1790422434.644356390,Phase1_Baseline,233
1790422434.720678563,Phase1_Baseline,234
1790422434.802634770,Phase1_Baseline,235
1790422434.861938392,Phase1_Baseline,236
1790422434.961677026,Phase1_Baseline,237
1790422435.010354011,Phase1_Baseline,238
1790422435.074894519,Phase1_Baseline,239
1790422435.150902123,Phase1_Baseline,239
1790422435.227845056,Phase1_Baseline,240
1790422435.293843889,Phase1_Baseline,241
1790422435.372396512,Phase1_Baseline,242
1790422435.448810589,Phase1_Baseline,243
1790422435.534294540,Phase1_Baseline,244
1790422435.615071680,Phase1_Baseline,245
1790422435.697789458,Phase1_Baseline,246
1790422435.780554630,Phase1_Baseline,247
1790422435.861781429,Phase1_Baseline,248
1790422435.939593884,Phase1_Baseline,249
1790422436.026050608,Phase1_Baseline,250
1790422436.105822714,Phase1_Baseline,252
1790422436.185890234,Phase1_Baseline,252
1790422436.260557265,Phase1_Baseline,253
1790422436.321221788,Phase1_Baseline,254
1790422436.396684239,Phase1_Baseline,255
1790422436.457527284,Phase1_Baseline,256
1790422436.507990014,Phase1_Baseline,256
1790422436.564684608,Phase1_Baseline,257
1790422436.628004869,Phase1_Baseline,258
1790422436.694980898,Phase1_Baseline,259
1790422436.778899262,Phase1_Baseline,260
1790422438.113226434,Phase2_Migrated,10
1790422438.185132774,Phase2_Migrated,10
1790422438.247124004,Phase2_Migrated,10
1790422438.310224734,Phase2_Migrated,18
1790422438.393045352,Phase2_Migrated,36
1790422438.450681409,Phase2_Migrated,72
1790422438.514439843,Phase2_Migrated,144
1790422438.593716954,Phase2_Migrated,288
1790422438.688856567,Phase2_Migrated,530
1790422438.780947309,Phase2_Migrated,884
1790422438.873584591,Phase2_Migrated,1159
1790422438.962631609,Phase2_Migrated,978
1790422439.054187216,Phase2_Migrated,775
1790422439.130357872,Phase2_Migrated,602
1790422439.218925238,Phase2_Migrated,602
1790422439.307724115,Phase2_Migrated,548
1790422439.398274468,Phase2_Migrated,345
1790422439.488494261,Phase2_Migrated,301
1790422439.582873578,Phase2_Migrated,171
1790422439.675258794,Phase2_Migrated,151
1790422439.760546438,Phase2_Migrated,152
1790422439.854602972,Phase2_Migrated,153
1790422439.948103426,Phase2_Migrated,154
1790422440.045487014,Phase2_Migrated,155
1790422440.146707256,Phase2_Migrated,157
1790422440.222787987,Phase2_Migrated,158
1790422440.320617334,Phase2_Migrated,159
1790422440.405859401,Phase2_Migrated,160
1790422440.487772964,Phase2_Migrated,161
1790422440.580371861,Phase2_Migrated,162
1790422440.675198926,Phase2_Migrated,163
1790422440.770886951,Phase2_Migrated,164
1790422440.860578679,Phase2_Migrated,166
1790422440.937426264,Phase2_Migrated,167
1790422441.033021558,Phase2_Migrated,168
1790422441.129330977,Phase2_Migrated,169
1790422441.220363306,Phase2_Migrated,170
1790422441.292606667,Phase2_Migrated,171
1790422441.385729945,Phase2_Migrated,172
1790422441.477423096,Phase2_Migrated,173
1790422441.572809706,Phase2_Migrated,175
1790422441.667246331,Phase2_Migrated,176
1790422441.760261330,Phase2_Migrated,177
1790422441.852964019,Phase2_Migrated,178
1790422441.946026714,Phase2_Migrated,179
1790422442.042288344,Phase2_Migrated,181
1790422442.136351424,Phase2_Migrated,182
1790422442.226444769,Phase2_Migrated,183
1790422442.317185351,Phase2_Migrated,184
1790422442.407861298,Phase2_Migrated,185
1790422442.499496871,Phase2_Migrated,186
1790422442.583991145,Phase2_Migrated,188
1790422442.679619194,Phase2_Migrated,189
1790422442.779062739,Phase2_Migrated,190
1790422442.877065789,Phase2_Migrated,191
1790422442.970924235,Phase2_Migrated,192
1790422443.065470605,Phase2_Migrated,194
1790422443.160039115,Phase2_Migrated,195
1790422443.248738414,Phase2_Migrated,196
1790422443.339631697,Phase2_Migrated,197
1790422443.432338960,Phase2_Migrated,198
1790422443.522401191,Phase2_Migrated,199
1790422443.613456490,Phase2_Migrated,201
1790422443.704577195,Phase2_Migrated,202
1790422443.798382169,Phase2_Migrated,203
1790422443.889690121,Phase2_Migrated,204
1790422443.984224730,Phase2_Migrated,205
1790422444.078936309,Phase2_Migrated,206
1790422444.172753452,Phase2_Migrated,208
1790422444.266707582,Phase2_Migrated,209
1790422444.360193022,Phase2_Migrated,210
1790422444.452853356,Phase2_Migrated,211
1790422444.547233289,Phase2_Migrated,212
1790422444.646072924,Phase2_Migrated,214
1790422444.740453523,Phase2_Migrated,215
1790422444.814226545,Phase2_Migrated,216
1790422444.885428303,Phase2_Migrated,217
1790422444.968956314,Phase2_Migrated,218
1790422445.069533214,Phase2_Migrated,219
1790422445.182083567,Phase2_Migrated,220
1790422445.235629513,Phase2_Migrated,221
1790422445.299871112,Phase2_Migrated,222
1790422445.382252826,Phase2_Migrated,223
1790422445.470569232,Phase2_Migrated,224
1790422445.560836246,Phase2_Migrated,225
1790422445.640800095,Phase2_Migrated,226
1790422445.733063086,Phase2_Migrated,227
1790422445.834388138,Phase2_Migrated,228
1790422445.924290207,Phase2_Migrated,230
1790422446.019044653,Phase2_Migrated,231
1790422446.112759636,Phase2_Migrated,232
1790422446.206500520,Phase2_Migrated,233
1790422446.298944810,Phase2_Migrated,234
1790422446.392404837,Phase2_Migrated,236
1790422446.485042260,Phase2_Migrated,237
1790422446.575882404,Phase2_Migrated,238
1790422446.669739117,Phase2_Migrated,239
1790422446.760214617,Phase2_Migrated,240
1790422446.846676873,Phase2_Migrated,241
1790422446.929309055,Phase2_Migrated,242
1790422447.024534215,Phase2_Migrated,244
1790422447.119435248,Phase2_Migrated,245
1790422447.209405144,Phase2_Migrated,246
1790422447.305357645,Phase2_Migrated,247
1790422447.385763623,Phase2_Migrated,248
1790422447.484119275,Phase2_Migrated,249
1790422447.583703635,Phase2_Migrated,251
1790422447.678039987,Phase2_Migrated,252
1790422447.772511961,Phase2_Migrated,253
1790422447.863363305,Phase2_Migrated,254
1790422447.955463254,Phase2_Migrated,255
1790422448.043211915,Phase2_Migrated,256
1790422448.105315907,Phase2_Migrated,257
1790422448.194465081,Phase2_Migrated,258
1790422448.272932670,Phase2_Migrated,259
1790422448.360345731,Phase2_Migrated,260
1790422448.430803027,Phase2_Migrated,261
1790422448.485283615,Phase2_Migrated,262
1790422448.553480995,Phase2_Migrated,263
1790422448.618588019,Phase2_Migrated,264
1790422448.698936081,Phase2_Migrated,265
1790422448.788834318,Phase2_Migrated,266
1790422448.880267185,Phase2_Migrated,267
1790422448.969515511,Phase2_Migrated,268
1790422449.059042460,Phase2_Migrated,269
1790422449.133057498,Phase2_Migrated,270
1790422449.201429516,Phase2_Migrated,271
1790422449.295635160,Phase2_Migrated,272
1790422449.386362647,Phase2_Migrated,273
1790422449.482010670,Phase2_Migrated,274
1790422449.575731600,Phase2_Migrated,276
1790422449.668770076,Phase2_Migrated,277
1790422449.748313072,Phase2_Migrated,278
1790422449.818600766,Phase2_Migrated,279
1790422449.909167882,Phase2_Migrated,280
1790422449.997011573,Phase2_Migrated,281
1790422450.077787565,Phase2_Migrated,282
1790422450.148911268,Phase2_Migrated,283
1790422450.245460703,Phase2_Migrated,284
1790422450.332726035,Phase2_Migrated,285
1790422450.406572488,Phase2_Migrated,286
1790422450.479985239,Phase2_Migrated,287
1790422450.566062414,Phase2_Migrated,288
1790422450.656449985,Phase2_Migrated,289
1790422450.747329109,Phase2_Migrated,290
1790422450.827598799,Phase2_Migrated,291
1790422450.916400417,Phase2_Migrated,292
1790422451.008940612,Phase2_Migrated,294
1790422451.104764666,Phase2_Migrated,295
1790422451.189855561,Phase2_Migrated,296
1790422451.277018054,Phase2_Migrated,297
1790422451.367803920,Phase2_Migrated,298
1790422451.447149172,Phase2_Migrated,299
1790422451.538159341,Phase2_Migrated,300
1790422451.630919257,Phase2_Migrated,301
1790422451.723629731,Phase2_Migrated,302
1790422451.811050064,Phase2_Migrated,304
1790422451.903949022,Phase2_Migrated,305
1790422451.995015837,Phase2_Migrated,306
1790422452.085824101,Phase2_Migrated,307
1790422452.182002154,Phase2_Migrated,308
1790422452.274473687,Phase2_Migrated,309
1790422452.367167701,Phase2_Migrated,310
1790422452.463480511,Phase2_Migrated,312
1790422452.554267035,Phase2_Migrated,313
1790422452.629930741,Phase2_Migrated,313
1790422452.687967932,Phase2_Migrated,314
1790422452.752113830,Phase2_Migrated,315
1790422452.840696743,Phase2_Migrated,316
1790422452.940229939,Phase2_Migrated,317
1790422453.035989795,Phase2_Migrated,319
1790422453.123896668,Phase2_Migrated,320
1790422453.216861926,Phase2_Migrated,321
1790422453.311837395,Phase2_Migrated,322
1790422453.406511657,Phase2_Migrated,323
1790422453.500026063,Phase2_Migrated,324
1790422453.594319667,Phase2_Migrated,325
1790422453.686998267,Phase2_Migrated,327
1790422453.775607481,Phase2_Migrated,328
1790422453.860673446,Phase2_Migrated,329
1790422453.956620532,Phase2_Migrated,330
1790422454.044546381,Phase2_Migrated,331
1790422454.134486572,Phase2_Migrated,332
1790422454.226943492,Phase2_Migrated,333
1790422454.321385235,Phase2_Migrated,334
1790422454.400537164,Phase2_Migrated,335
1790422454.490390989,Phase2_Migrated,336
1790422454.580506452,Phase2_Migrated,338
1790422454.669014897,Phase2_Migrated,339
1790422454.760048378,Phase2_Migrated,340
1790422454.841994438,Phase2_Migrated,341
1790422454.915765689,Phase2_Migrated,342
1790422455.006577471,Phase2_Migrated,343
1790422455.092446188,Phase2_Migrated,344
1790422455.184719124,Phase2_Migrated,345
1790422455.273639932,Phase2_Migrated,346
1790422455.367254140,Phase2_Migrated,347
1790422455.455719694,Phase2_Migrated,348
1790422455.544048722,Phase2_Migrated,349
1790422455.634079423,Phase2_Migrated,350
1790422455.723233583,Phase2_Migrated,351
1790422455.819194051,Phase2_Migrated,352
1790422455.914330283,Phase2_Migrated,353
1790422455.989014252,Phase2_Migrated,354
1790422456.086218641,Phase2_Migrated,355
1790422456.157604695,Phase2_Migrated,334
1790422456.235592942,Phase2_Migrated,178
1790422456.329941032,Phase2_Migrated,179
1790422456.420728850,Phase2_Migrated,180
1790422456.512764030,Phase2_Migrated,181
1790422456.611224780,Phase2_Migrated,182
1790422456.702812666,Phase2_Migrated,184
1790422456.804893813,Phase2_Migrated,185
1790422456.891870792,Phase2_Migrated,186
1790422456.984862320,Phase2_Migrated,187
1790422457.078980722,Phase2_Migrated,188
1790422457.172961168,Phase2_Migrated,189
1790422457.247975937,Phase2_Migrated,190
1790422457.343093134,Phase2_Migrated,192
1790422457.406045007,Phase2_Migrated,192
1790422457.503044864,Phase2_Migrated,194
1790422457.596159763,Phase2_Migrated,195
1790422457.693194526,Phase2_Migrated,196
1790422457.788209052,Phase2_Migrated,197
1790422457.882469966,Phase2_Migrated,198
1790422457.977155622,Phase2_Migrated,200
1790422458.059342993,Phase2_Migrated,201
1790422458.142911462,Phase2_Migrated,202
1790422458.215884097,Phase2_Migrated,203
1790422458.303184214,Phase2_Migrated,204
1790422458.383782053,Phase2_Migrated,205
1790422458.439251171,Phase2_Migrated,205
1790422458.498352881,Phase2_Migrated,206
1790422458.567213242,Phase2_Migrated,207
1790422458.639325687,Phase2_Migrated,208
1790422458.733205989,Phase2_Migrated,209
1790422458.827798857,Phase2_Migrated,210
1790422458.923012864,Phase2_Migrated,212
1790422459.003902882,Phase2_Migrated,213
1790422459.089748412,Phase2_Migrated,214
1790422459.151549491,Phase2_Migrated,214
1790422459.220109932,Phase2_Migrated,215
1790422459.303715441,Phase2_Migrated,216
1790422459.390726312,Phase2_Migrated,217
1790422459.482083701,Phase2_Migrated,219
1790422459.572620109,Phase2_Migrated,220
1790422459.660327021,Phase2_Migrated,221
1790422459.739895782,Phase2_Migrated,222
1790422459.829176631,Phase2_Migrated,223
1790422459.926796178,Phase2_Migrated,224
1790422460.011990080,Phase2_Migrated,225
1790422460.103489955,Phase2_Migrated,226
1790422460.194786489,Phase2_Migrated,228
1790422460.287031705,Phase2_Migrated,229
1790422460.378781453,Phase2_Migrated,230
1790422460.482284449,Phase2_Migrated,231
1790422460.568392268,Phase2_Migrated,232
1790422460.658975723,Phase2_Migrated,234
1790422460.759814588,Phase2_Migrated,235
1790422460.854276645,Phase2_Migrated,236
1790422460.939426490,Phase2_Migrated,237
1790422461.040799506,Phase2_Migrated,238
1790422461.128854851,Phase2_Migrated,239
1790422461.220233350,Phase2_Migrated,241
1790422461.306346625,Phase2_Migrated,242
1790422462.636349304,Uninterrupted_Baseline,1
1790422462.713857914,Uninterrupted_Baseline,1
1790422462.791915279,Uninterrupted_Baseline,1
1790422462.879625417,Uninterrupted_Baseline,1
1790422462.965004976,Uninterrupted_Baseline,1
1790422463.044323462,Uninterrupted_Baseline,1
1790422463.127575867,Uninterrupted_Baseline,1
1790422463.210206196,Uninterrupted_Baseline,1
1790422463.291275832,Uninterrupted_Baseline,1
1790422463.373106160,Uninterrupted_Baseline,1
1790422463.456477112,Uninterrupted_Baseline,1
1790422463.540198935,Uninterrupted_Baseline,1
1790422463.626151428,Uninterrupted_Baseline,1
1790422463.705526741,Uninterrupted_Baseline,1
1790422463.789966876,Uninterrupted_Baseline,1
1790422463.870889305,Uninterrupted_Baseline,1
1790422463.956683602,Uninterrupted_Baseline,10
1790422463.956683602,Uninterrupted_Baseline,1
1790422464.041206418,Uninterrupted_Baseline,15
1790422464.041206418,Uninterrupted_Baseline,1
1790422464.126043202,Uninterrupted_Baseline,38
1790422464.126043202,Uninterrupted_Baseline,1
1790422464.209589819,Uninterrupted_Baseline,86
1790422464.209589819,Uninterrupted_Baseline,1
1790422464.288260244,Uninterrupted_Baseline,159
1790422464.288260244,Uninterrupted_Baseline,1
1790422464.370565326,Uninterrupted_Baseline,295
1790422464.370565326,Uninterrupted_Baseline,1
1790422464.459610631,Uninterrupted_Baseline,529
1790422464.459610631,Uninterrupted_Baseline,1
1790422464.540055517,Uninterrupted_Baseline,856
1790422464.540055517,Uninterrupted_Baseline,1
1790422464.624580459,Uninterrupted_Baseline,959
1790422464.624580459,Uninterrupted_Baseline,1
1790422464.711880703,Uninterrupted_Baseline,784
1790422464.711880703,Uninterrupted_Baseline,1
1790422464.791693474,Uninterrupted_Baseline,589
1790422464.791693474,Uninterrupted_Baseline,1
1790422464.869389937,Uninterrupted_Baseline,524
1790422464.869389937,Uninterrupted_Baseline,1
1790422464.941723696,Uninterrupted_Baseline,524
1790422464.941723696,Uninterrupted_Baseline,1
1790422465.017225595,Uninterrupted_Baseline,524
1790422465.017225595,Uninterrupted_Baseline,1
1790422465.098377212,Uninterrupted_Baseline,466
1790422465.098377212,Uninterrupted_Baseline,1
1790422465.180473482,Uninterrupted_Baseline,278
1790422465.180473482,Uninterrupted_Baseline,1
1790422465.261172454,Uninterrupted_Baseline,262
1790422465.261172454,Uninterrupted_Baseline,1
1790422465.343793741,Uninterrupted_Baseline,163
1790422465.343793741,Uninterrupted_Baseline,1
1790422465.422160265,Uninterrupted_Baseline,131
1790422465.422160265,Uninterrupted_Baseline,1
1790422465.505542601,Uninterrupted_Baseline,131
1790422465.505542601,Uninterrupted_Baseline,1
1790422465.589268730,Uninterrupted_Baseline,132
1790422465.589268730,Uninterrupted_Baseline,1
1790422465.672981690,Uninterrupted_Baseline,133
1790422465.672981690,Uninterrupted_Baseline,1
1790422465.744494083,Uninterrupted_Baseline,134
1790422465.744494083,Uninterrupted_Baseline,1
1790422465.812972178,Uninterrupted_Baseline,135
1790422465.812972178,Uninterrupted_Baseline,1
1790422465.890136067,Uninterrupted_Baseline,136
1790422465.890136067,Uninterrupted_Baseline,1
1790422465.957001404,Uninterrupted_Baseline,137
1790422465.957001404,Uninterrupted_Baseline,1
1790422466.036460027,Uninterrupted_Baseline,138
1790422466.036460027,Uninterrupted_Baseline,1
1790422466.120595045,Uninterrupted_Baseline,139
1790422466.120595045,Uninterrupted_Baseline,1
1790422466.205189600,Uninterrupted_Baseline,140
1790422466.205189600,Uninterrupted_Baseline,1
1790422466.289287754,Uninterrupted_Baseline,141
1790422466.289287754,Uninterrupted_Baseline,1
1790422466.378621745,Uninterrupted_Baseline,142
1790422466.378621745,Uninterrupted_Baseline,1
1790422466.430936963,Uninterrupted_Baseline,143
1790422466.430936963,Uninterrupted_Baseline,1
1790422466.492519650,Uninterrupted_Baseline,144
1790422466.492519650,Uninterrupted_Baseline,1
1790422466.570900323,Uninterrupted_Baseline,144
1790422466.570900323,Uninterrupted_Baseline,1
1790422466.649791767,Uninterrupted_Baseline,145
1790422466.649791767,Uninterrupted_Baseline,1
1790422466.725314739,Uninterrupted_Baseline,146
1790422466.725314739,Uninterrupted_Baseline,1
1790422466.807284842,Uninterrupted_Baseline,147
1790422466.807284842,Uninterrupted_Baseline,1
1790422466.889581767,Uninterrupted_Baseline,148
1790422466.889581767,Uninterrupted_Baseline,1
1790422466.972272758,Uninterrupted_Baseline,150
1790422466.972272758,Uninterrupted_Baseline,1
1790422467.054337532,Uninterrupted_Baseline,151
1790422467.054337532,Uninterrupted_Baseline,1
1790422467.115791120,Uninterrupted_Baseline,151
1790422467.115791120,Uninterrupted_Baseline,1
1790422467.196147313,Uninterrupted_Baseline,152
1790422467.196147313,Uninterrupted_Baseline,1
1790422467.275841126,Uninterrupted_Baseline,153
1790422467.275841126,Uninterrupted_Baseline,1
1790422467.356300543,Uninterrupted_Baseline,154
1790422467.356300543,Uninterrupted_Baseline,1
1790422467.437710814,Uninterrupted_Baseline,155
1790422467.437710814,Uninterrupted_Baseline,1
1790422467.520439423,Uninterrupted_Baseline,157
1790422467.520439423,Uninterrupted_Baseline,1
1790422467.601534140,Uninterrupted_Baseline,158
1790422467.601534140,Uninterrupted_Baseline,1
1790422467.682352990,Uninterrupted_Baseline,158
1790422467.682352990,Uninterrupted_Baseline,1
1790422467.764639881,Uninterrupted_Baseline,160
1790422467.764639881,Uninterrupted_Baseline,1
1790422467.835566395,Uninterrupted_Baseline,160
1790422467.835566395,Uninterrupted_Baseline,1
1790422467.915480748,Uninterrupted_Baseline,161
1790422467.915480748,Uninterrupted_Baseline,1
1790422467.998519711,Uninterrupted_Baseline,163
1790422467.998519711,Uninterrupted_Baseline,1
1790422468.074207047,Uninterrupted_Baseline,163
1790422468.074207047,Uninterrupted_Baseline,1
1790422468.146813321,Uninterrupted_Baseline,164
1790422468.146813321,Uninterrupted_Baseline,1
1790422468.210016414,Uninterrupted_Baseline,165
1790422468.210016414,Uninterrupted_Baseline,1
1790422468.264818512,Uninterrupted_Baseline,166
1790422468.264818512,Uninterrupted_Baseline,1
1790422468.330981138,Uninterrupted_Baseline,167
1790422468.330981138,Uninterrupted_Baseline,1
1790422468.407597379,Uninterrupted_Baseline,168
1790422468.407597379,Uninterrupted_Baseline,1
1790422468.457201838,Uninterrupted_Baseline,168
1790422468.457201838,Uninterrupted_Baseline,1
1790422468.508617480,Uninterrupted_Baseline,169
1790422468.508617480,Uninterrupted_Baseline,1
1790422468.570814570,Uninterrupted_Baseline,170
1790422468.570814570,Uninterrupted_Baseline,1
1790422468.644408797,Uninterrupted_Baseline,171
1790422468.644408797,Uninterrupted_Baseline,1
1790422468.720213944,Uninterrupted_Baseline,172
1790422468.720213944,Uninterrupted_Baseline,1
1790422468.805080399,Uninterrupted_Baseline,173
1790422468.805080399,Uninterrupted_Baseline,1
1790422468.889485562,Uninterrupted_Baseline,174
1790422468.889485562,Uninterrupted_Baseline,1
1790422468.962040863,Uninterrupted_Baseline,175
1790422468.962040863,Uninterrupted_Baseline,1
1790422469.054206049,Uninterrupted_Baseline,176
1790422469.054206049,Uninterrupted_Baseline,1
1790422469.139422890,Uninterrupted_Baseline,177
1790422469.139422890,Uninterrupted_Baseline,1
1790422469.197198504,Uninterrupted_Baseline,178
1790422469.197198504,Uninterrupted_Baseline,1
1790422469.274357312,Uninterrupted_Baseline,179
1790422469.274357312,Uninterrupted_Baseline,1
1790422469.347038871,Uninterrupted_Baseline,180
1790422469.347038871,Uninterrupted_Baseline,1
1790422469.430259127,Uninterrupted_Baseline,181
1790422469.430259127,Uninterrupted_Baseline,1
1790422469.509764340,Uninterrupted_Baseline,182
1790422469.509764340,Uninterrupted_Baseline,1
1790422469.591228761,Uninterrupted_Baseline,183
1790422469.591228761,Uninterrupted_Baseline,1
1790422469.671243219,Uninterrupted_Baseline,184
1790422469.671243219,Uninterrupted_Baseline,1
1790422469.750835897,Uninterrupted_Baseline,185
1790422469.750835897,Uninterrupted_Baseline,1
1790422469.828343238,Uninterrupted_Baseline,186
1790422469.828343238,Uninterrupted_Baseline,1
1790422469.905344255,Uninterrupted_Baseline,187
1790422469.905344255,Uninterrupted_Baseline,1
1790422469.978802927,Uninterrupted_Baseline,188
1790422469.978802927,Uninterrupted_Baseline,1
1790422470.059438341,Uninterrupted_Baseline,189
1790422470.059438341,Uninterrupted_Baseline,1
1790422470.140225736,Uninterrupted_Baseline,190
1790422470.140225736,Uninterrupted_Baseline,1
1790422470.221229549,Uninterrupted_Baseline,191
1790422470.221229549,Uninterrupted_Baseline,1
1790422470.299870933,Uninterrupted_Baseline,192
1790422470.299870933,Uninterrupted_Baseline,1
1790422470.381681120,Uninterrupted_Baseline,193
1790422470.381681120,Uninterrupted_Baseline,1
1790422470.461173574,Uninterrupted_Baseline,194
1790422470.461173574,Uninterrupted_Baseline,1
1790422470.531967484,Uninterrupted_Baseline,195
1790422470.531967484,Uninterrupted_Baseline,1
1790422470.584877189,Uninterrupted_Baseline,195
1790422470.584877189,Uninterrupted_Baseline,1
1790422470.664402658,Uninterrupted_Baseline,196
1790422470.664402658,Uninterrupted_Baseline,1
1790422470.747766563,Uninterrupted_Baseline,197
1790422470.747766563,Uninterrupted_Baseline,1
1790422470.825448676,Uninterrupted_Baseline,198
1790422470.825448676,Uninterrupted_Baseline,1
1790422470.895626035,Uninterrupted_Baseline,199
1790422470.895626035,Uninterrupted_Baseline,1
1790422470.978324951,Uninterrupted_Baseline,200
1790422470.978324951,Uninterrupted_Baseline,1
1790422471.060482862,Uninterrupted_Baseline,201
1790422471.060482862,Uninterrupted_Baseline,1
1790422471.144988276,Uninterrupted_Baseline,202
1790422471.144988276,Uninterrupted_Baseline,1
1790422471.224774245,Uninterrupted_Baseline,203
1790422471.224774245,Uninterrupted_Baseline,1
1790422471.308088746,Uninterrupted_Baseline,205
1790422471.308088746,Uninterrupted_Baseline,1
1790422471.388556588,Uninterrupted_Baseline,206
1790422471.388556588,Uninterrupted_Baseline,1
1790422471.468198398,Uninterrupted_Baseline,207
1790422471.468198398,Uninterrupted_Baseline,1
1790422471.548417033,Uninterrupted_Baseline,208
1790422471.548417033,Uninterrupted_Baseline,1
1790422471.628448111,Uninterrupted_Baseline,209
1790422471.628448111,Uninterrupted_Baseline,1
1790422471.713513318,Uninterrupted_Baseline,210
1790422471.713513318,Uninterrupted_Baseline,1
1790422471.799379747,Uninterrupted_Baseline,211
1790422471.799379747,Uninterrupted_Baseline,1
1790422471.885460517,Uninterrupted_Baseline,212
1790422471.885460517,Uninterrupted_Baseline,1
1790422471.972525260,Uninterrupted_Baseline,213
1790422471.972525260,Uninterrupted_Baseline,1
1790422472.043473590,Uninterrupted_Baseline,214
1790422472.043473590,Uninterrupted_Baseline,1
1790422472.130641585,Uninterrupted_Baseline,215
1790422472.130641585,Uninterrupted_Baseline,1
1790422472.216621484,Uninterrupted_Baseline,216
1790422472.216621484,Uninterrupted_Baseline,1
1790422472.299383460,Uninterrupted_Baseline,217
1790422472.299383460,Uninterrupted_Baseline,1
1790422472.383199842,Uninterrupted_Baseline,218
1790422472.383199842,Uninterrupted_Baseline,1
1790422472.465766624,Uninterrupted_Baseline,219
1790422472.465766624,Uninterrupted_Baseline,1
1790422472.539423369,Uninterrupted_Baseline,220
1790422472.539423369,Uninterrupted_Baseline,1
1790422472.621253318,Uninterrupted_Baseline,221
1790422472.621253318,Uninterrupted_Baseline,1
1790422472.703064138,Uninterrupted_Baseline,222
1790422472.703064138,Uninterrupted_Baseline,1
1790422472.788370032,Uninterrupted_Baseline,223
1790422472.788370032,Uninterrupted_Baseline,1
1790422472.869804916,Uninterrupted_Baseline,224
1790422472.869804916,Uninterrupted_Baseline,1
1790422472.951240182,Uninterrupted_Baseline,225
1790422472.951240182,Uninterrupted_Baseline,1
1790422473.037394223,Uninterrupted_Baseline,226
1790422473.037394223,Uninterrupted_Baseline,1
1790422473.119817592,Uninterrupted_Baseline,227
1790422473.119817592,Uninterrupted_Baseline,1
1790422473.202187545,Uninterrupted_Baseline,228
1790422473.202187545,Uninterrupted_Baseline,1
1790422473.281752134,Uninterrupted_Baseline,229
1790422473.281752134,Uninterrupted_Baseline,1
1790422473.361936473,Uninterrupted_Baseline,230
1790422473.361936473,Uninterrupted_Baseline,1
1790422473.442637909,Uninterrupted_Baseline,231
1790422473.442637909,Uninterrupted_Baseline,1
1790422473.524467323,Uninterrupted_Baseline,232
1790422473.524467323,Uninterrupted_Baseline,1
1790422473.602137994,Uninterrupted_Baseline,233
1790422473.602137994,Uninterrupted_Baseline,1
1790422473.666867987,Uninterrupted_Baseline,234
1790422473.666867987,Uninterrupted_Baseline,1
1790422473.747401029,Uninterrupted_Baseline,235
1790422473.747401029,Uninterrupted_Baseline,1
1790422473.831430357,Uninterrupted_Baseline,236
1790422473.912918598,Uninterrupted_Baseline,237
1790422473.997623377,Uninterrupted_Baseline,238
1790422474.075513358,Uninterrupted_Baseline,239
1790422474.155987730,Uninterrupted_Baseline,240
1790422474.234897259,Uninterrupted_Baseline,241
1790422474.314441952,Uninterrupted_Baseline,242
1790422474.390448026,Uninterrupted_Baseline,243
1790422474.468992641,Uninterrupted_Baseline,244
1790422474.550024344,Uninterrupted_Baseline,245
1790422474.629690856,Uninterrupted_Baseline,246
1790422474.712202625,Uninterrupted_Baseline,247
1790422474.791460002,Uninterrupted_Baseline,248
1790422474.871305698,Uninterrupted_Baseline,249
1790422474.949757838,Uninterrupted_Baseline,250
1790422475.002857004,Uninterrupted_Baseline,251
1790422475.077365428,Uninterrupted_Baseline,252
1790422475.152070004,Uninterrupted_Baseline,253
1790422475.220205765,Uninterrupted_Baseline,254
1790422475.297711377,Uninterrupted_Baseline,255
1790422475.375417892,Uninterrupted_Baseline,256
1790422475.458451801,Uninterrupted_Baseline,257
1790422475.537891250,Uninterrupted_Baseline,258
1790422475.620327973,Uninterrupted_Baseline,259
1790422475.699820007,Uninterrupted_Baseline,260
1790422475.778172696,Uninterrupted_Baseline,261
1790422475.862059788,Uninterrupted_Baseline,262
1790422475.943386066,Uninterrupted_Baseline,263
1790422476.013465480,Uninterrupted_Baseline,264
1790422476.094469794,Uninterrupted_Baseline,265
1790422476.177895091,Uninterrupted_Baseline,266
1790422476.262195984,Uninterrupted_Baseline,267
1790422476.344847667,Uninterrupted_Baseline,268
1790422476.430143107,Uninterrupted_Baseline,269
1790422476.515555577,Uninterrupted_Baseline,270
1790422476.602282837,Uninterrupted_Baseline,271
1790422476.679451377,Uninterrupted_Baseline,272
1790422476.765328427,Uninterrupted_Baseline,273
1790422476.849234099,Uninterrupted_Baseline,274
1790422476.935186589,Uninterrupted_Baseline,275
1790422477.017922624,Uninterrupted_Baseline,276
1790422477.093944739,Uninterrupted_Baseline,277
1790422477.174412826,Uninterrupted_Baseline,278
1790422477.252308803,Uninterrupted_Baseline,279
1790422477.336637550,Uninterrupted_Baseline,280
1790422477.415566168,Uninterrupted_Baseline,281
1790422477.498700648,Uninterrupted_Baseline,282
1790422477.582905208,Uninterrupted_Baseline,283
1790422477.664809438,Uninterrupted_Baseline,284
1790422477.746141867,Uninterrupted_Baseline,285
1790422477.828485911,Uninterrupted_Baseline,286
1790422477.913568069,Uninterrupted_Baseline,287
1790422478.001145968,Uninterrupted_Baseline,289
1790422478.076441221,Uninterrupted_Baseline,289
1790422478.157452273,Uninterrupted_Baseline,291
1790422478.243405472,Uninterrupted_Baseline,292
1790422478.299695873,Uninterrupted_Baseline,292
1790422478.374247364,Uninterrupted_Baseline,293
1790422478.426684151,Uninterrupted_Baseline,294
1790422478.477605743,Uninterrupted_Baseline,294
1790422478.532068664,Uninterrupted_Baseline,295
1790422478.594567877,Uninterrupted_Baseline,296
1790422478.664848452,Uninterrupted_Baseline,297
1790422478.728409069,Uninterrupted_Baseline,298
1790422478.811979559,Uninterrupted_Baseline,299
1790422478.895197569,Uninterrupted_Baseline,300
1790422478.968481381,Uninterrupted_Baseline,301
1790422479.052847921,Uninterrupted_Baseline,302
1790422479.126694388,Uninterrupted_Baseline,303
1790422479.194564408,Uninterrupted_Baseline,303
1790422479.261823679,Uninterrupted_Baseline,304
1790422479.323259295,Uninterrupted_Baseline,305
1790422479.405490543,Uninterrupted_Baseline,306
1790422479.491491297,Uninterrupted_Baseline,307
1790422479.572717803,Uninterrupted_Baseline,308
1790422479.638325067,Uninterrupted_Baseline,309
1790422479.719596792,Uninterrupted_Baseline,310
1790422479.796023939,Uninterrupted_Baseline,311
1790422479.870567126,Uninterrupted_Baseline,312
1790422479.949944466,Uninterrupted_Baseline,313
1790422480.031201366,Uninterrupted_Baseline,314
1790422480.115489541,Uninterrupted_Baseline,315
1790422480.197572148,Uninterrupted_Baseline,316
1790422480.275540660,Uninterrupted_Baseline,317
1790422480.347155229,Uninterrupted_Baseline,318
1790422480.431697920,Uninterrupted_Baseline,319
1790422480.504206079,Uninterrupted_Baseline,320
1790422480.578427627,Uninterrupted_Baseline,320
1790422480.650240085,Uninterrupted_Baseline,321
1790422480.735426875,Uninterrupted_Baseline,322
1790422480.810442085,Uninterrupted_Baseline,323
1790422480.890764267,Uninterrupted_Baseline,324
1790422480.970512533,Uninterrupted_Baseline,325
1790422481.053408172,Uninterrupted_Baseline,326
1790422481.149885104,Uninterrupted_Baseline,328
1790422481.236444103,Uninterrupted_Baseline,329
1790422481.318062653,Uninterrupted_Baseline,330
1790422481.400851779,Uninterrupted_Baseline,331
1790422481.486790684,Uninterrupted_Baseline,332
1790422481.571451818,Uninterrupted_Baseline,333
1790422481.659802625,Uninterrupted_Baseline,334
1790422481.738393222,Uninterrupted_Baseline,335
1790422481.823972623,Uninterrupted_Baseline,336
1790422481.908480852,Uninterrupted_Baseline,337
1790422481.993005975,Uninterrupted_Baseline,338
1790422482.078311004,Uninterrupted_Baseline,339
1790422482.160360906,Uninterrupted_Baseline,340
1790422482.242364447,Uninterrupted_Baseline,341
1790422482.323386276,Uninterrupted_Baseline,342
1790422482.401354512,Uninterrupted_Baseline,343
1790422482.483837902,Uninterrupted_Baseline,344
1790422482.566509380,Uninterrupted_Baseline,345
1790422482.651235990,Uninterrupted_Baseline,346
1790422482.730958411,Uninterrupted_Baseline,347
1790422482.807858269,Uninterrupted_Baseline,348
1790422482.888780930,Uninterrupted_Baseline,349
1790422482.972713579,Uninterrupted_Baseline,350
1790422483.053594415,Uninterrupted_Baseline,351
1790422483.134448152,Uninterrupted_Baseline,352
1790422483.213985537,Uninterrupted_Baseline,352
1790422483.292681975,Uninterrupted_Baseline,353
1790422483.368373797,Uninterrupted_Baseline,354
1790422483.446436315,Uninterrupted_Baseline,355
1790422483.525287829,Uninterrupted_Baseline,356
1790422483.604386331,Uninterrupted_Baseline,357
1790422483.672189719,Uninterrupted_Baseline,358
1790422483.737551374,Uninterrupted_Baseline,359
1790422483.815382918,Uninterrupted_Baseline,223
1790422483.881958338,Uninterrupted_Baseline,179
1790422483.963380558,Uninterrupted_Baseline,180
1790422484.046510814,Uninterrupted_Baseline,181
1790422484.129496270,Uninterrupted_Baseline,182
1790422484.208902568,Uninterrupted_Baseline,183
1790422484.290633984,Uninterrupted_Baseline,184
1790422484.373278465,Uninterrupted_Baseline,185
1790422484.452289966,Uninterrupted_Baseline,186
1790422484.533508637,Uninterrupted_Baseline,187
1790422484.606704766,Uninterrupted_Baseline,188
1790422484.692513752,Uninterrupted_Baseline,189
1790422484.772553907,Uninterrupted_Baseline,190
1790422484.855725948,Uninterrupted_Baseline,191
1790422484.934922155,Uninterrupted_Baseline,192
1790422485.015758959,Uninterrupted_Baseline,193
1790422485.074499313,Uninterrupted_Baseline,194
1790422485.136634682,Uninterrupted_Baseline,195
1790422485.204371107,Uninterrupted_Baseline,196
1790422485.284570477,Uninterrupted_Baseline,197
1790422485.367316072,Uninterrupted_Baseline,198
1790422485.440815794,Uninterrupted_Baseline,199
1790422485.504438933,Uninterrupted_Baseline,200
1790422485.583356996,Uninterrupted_Baseline,201
1790422485.644599680,Uninterrupted_Baseline,201
1790422485.717775147,Uninterrupted_Baseline,202
1790422485.801342537,Uninterrupted_Baseline,203
1790422485.873704596,Uninterrupted_Baseline,204
1790422485.959215293,Uninterrupted_Baseline,205
1790422486.041569127,Uninterrupted_Baseline,206
1790422486.110239588,Uninterrupted_Baseline,207
1790422486.184743026,Uninterrupted_Baseline,208
1790422486.270384708,Uninterrupted_Baseline,209
1790422486.345429662,Uninterrupted_Baseline,210
1790422486.428228280,Uninterrupted_Baseline,211
1790422486.499788442,Uninterrupted_Baseline,212
1790422486.563230812,Uninterrupted_Baseline,213
1790422486.645226620,Uninterrupted_Baseline,214
1790422486.731336512,Uninterrupted_Baseline,215
1790422486.822811630,Uninterrupted_Baseline,216
1790422486.903800449,Uninterrupted_Baseline,217
1790422486.967425180,Uninterrupted_Baseline,218
1790422487.031011715,Uninterrupted_Baseline,219
1790422487.100588169,Uninterrupted_Baseline,220
1790422487.172009686,Uninterrupted_Baseline,221
1790422487.236758074,Uninterrupted_Baseline,221
1790422487.318852467,Uninterrupted_Baseline,223
1790422487.396983414,Uninterrupted_Baseline,223
1790422487.478052519,Uninterrupted_Baseline,224
1790422487.564017929,Uninterrupted_Baseline,226
1790422487.647606770,Uninterrupted_Baseline,227
1790422487.730582750,Uninterrupted_Baseline,228
1790422487.812600342,Uninterrupted_Baseline,229
1790422487.895891456,Uninterrupted_Baseline,230
1790422487.976196668,Uninterrupted_Baseline,231
1790422488.056776606,Uninterrupted_Baseline,232
1790422488.137313548,Uninterrupted_Baseline,233
1790422488.217522883,Uninterrupted_Baseline,234
1790422488.269390626,Uninterrupted_Baseline,234
1790422488.347294507,Uninterrupted_Baseline,235
1790422488.409835794,Uninterrupted_Baseline,236
1790422488.464128100,Uninterrupted_Baseline,237
1790422488.515884599,Uninterrupted_Baseline,237
1790422488.575448161,Uninterrupted_Baseline,238
1790422488.644359566,Uninterrupted_Baseline,239
1790422488.715514457,Uninterrupted_Baseline,240
1790422488.798137390,Uninterrupted_Baseline,241
1790422488.883788102,Uninterrupted_Baseline,242
1790422488.965634629,Uninterrupted_Baseline,243
1790422489.046509302,Uninterrupted_Baseline,244
1790422489.106830408,Uninterrupted_Baseline,245
1790422489.157839167,Uninterrupted_Baseline,246
1790422489.236196037,Uninterrupted_Baseline,247
1790422489.315613967,Uninterrupted_Baseline,248
1790422489.400568935,Uninterrupted_Baseline,249
1790422489.485557938,Uninterrupted_Baseline,250
1790422489.552053416,Uninterrupted_Baseline,251
1790422489.634633993,Uninterrupted_Baseline,252
1790422489.716151839,Uninterrupted_Baseline,253
1790422489.780989750,Uninterrupted_Baseline,253
1790422489.866318761,Uninterrupted_Baseline,255
1790422489.952268272,Uninterrupted_Baseline,256
1790422490.029501463,Uninterrupted_Baseline,257
1790422490.110157228,Uninterrupted_Baseline,258
1790422490.190939314,Uninterrupted_Baseline,259
1790422490.274062786,Uninterrupted_Baseline,260
1790422490.348233832,Uninterrupted_Baseline,261
1790422490.426893996,Uninterrupted_Baseline,262
1790422490.509664420,Uninterrupted_Baseline,263
1790422490.572113544,Uninterrupted_Baseline,263
1790422490.654051969,Uninterrupted_Baseline,264
1790422490.739600037,Uninterrupted_Baseline,266
1790422490.827361264,Uninterrupted_Baseline,267
1790422490.912379150,Uninterrupted_Baseline,268
1790422490.989323498,Uninterrupted_Baseline,269
1790422491.070733053,Uninterrupted_Baseline,270
1790422491.156018619,Uninterrupted_Baseline,271
1790422491.243328056,Uninterrupted_Baseline,272
1790422491.334560879,Uninterrupted_Baseline,273
1790422491.418580388,Uninterrupted_Baseline,274
1790422491.509036589,Uninterrupted_Baseline,275
1790422491.583414821,Uninterrupted_Baseline,276
1790422491.664163235,Uninterrupted_Baseline,277
1790422491.744041941,Uninterrupted_Baseline,278
1790422491.812011863,Uninterrupted_Baseline,279
1790422491.895398711,Uninterrupted_Baseline,280
1790422491.979627709,Uninterrupted_Baseline,281
1790422492.066930295,Uninterrupted_Baseline,282
1790422492.154210945,Uninterrupted_Baseline,283
1790422492.219168849,Uninterrupted_Baseline,284
1790422492.305499779,Uninterrupted_Baseline,285
1790422492.382130150,Uninterrupted_Baseline,286
1790422492.464274459,Uninterrupted_Baseline,287
1790422492.546382553,Uninterrupted_Baseline,288
1790422492.626064881,Uninterrupted_Baseline,289
1790422492.710768530,Uninterrupted_Baseline,290
1790422492.790980908,Uninterrupted_Baseline,291
1790422492.871431577,Uninterrupted_Baseline,292
1790422492.932422543,Uninterrupted_Baseline,293
1790422493.014542661,Uninterrupted_Baseline,294
1790422493.091924828,Uninterrupted_Baseline,295
1790422493.157769807,Uninterrupted_Baseline,296
1790422493.238723975,Uninterrupted_Baseline,297
1790422493.325896917,Uninterrupted_Baseline,298
1790422493.402503905,Uninterrupted_Baseline,299
1790422493.484637958,Uninterrupted_Baseline,300
1790422493.568615242,Uninterrupted_Baseline,301
1790422493.652728364,Uninterrupted_Baseline,302
1790422493.732320150,Uninterrupted_Baseline,303
1790422493.813898024,Uninterrupted_Baseline,304
1790422493.894163911,Uninterrupted_Baseline,305
1790422493.972577340,Uninterrupted_Baseline,306
1790422494.036329138,Uninterrupted_Baseline,307
1790422494.115479705,Uninterrupted_Baseline,308
1790422494.197198997,Uninterrupted_Baseline,309
1790422494.278934671,Uninterrupted_Baseline,310
1790422494.361440494,Uninterrupted_Baseline,311
1790422494.444375519,Uninterrupted_Baseline,312
1790422494.524961424,Uninterrupted_Baseline,313
1790422494.608840277,Uninterrupted_Baseline,314
1790422494.692583507,Uninterrupted_Baseline,315
1790422494.776734578,Uninterrupted_Baseline,316
1790422494.860005156,Uninterrupted_Baseline,317
1790422494.947346371,Uninterrupted_Baseline,318
1790422495.033316701,Uninterrupted_Baseline,319
1790422495.119985210,Uninterrupted_Baseline,320
1790422495.184523527,Uninterrupted_Baseline,321
1790422495.255483789,Uninterrupted_Baseline,322
1790422495.335985029,Uninterrupted_Baseline,323
1790422495.412707836,Uninterrupted_Baseline,324
1790422495.496629538,Uninterrupted_Baseline,325
1790422495.561545661,Uninterrupted_Baseline,325
1790422495.632312251,Uninterrupted_Baseline,326
1790422495.712609139,Uninterrupted_Baseline,327
1790422495.793055914,Uninterrupted_Baseline,328
1790422495.882861580,Uninterrupted_Baseline,330
1790422495.964497304,Uninterrupted_Baseline,331
1790422496.048376669,Uninterrupted_Baseline,332
1790422496.130826950,Uninterrupted_Baseline,333
1790422496.210887581,Uninterrupted_Baseline,334
1790422496.286113024,Uninterrupted_Baseline,334
1790422496.345903781,Uninterrupted_Baseline,335
1790422496.422361950,Uninterrupted_Baseline,336
1790422496.503877545,Uninterrupted_Baseline,337
1790422496.587150354,Uninterrupted_Baseline,338
1790422496.670265166,Uninterrupted_Baseline,339
1790422496.748686078,Uninterrupted_Baseline,340
1790422496.819778354,Uninterrupted_Baseline,341
1790422496.870761613,Uninterrupted_Baseline,342
1790422496.936787093,Uninterrupted_Baseline,342
1790422497.009345414,Uninterrupted_Baseline,343
1790422497.075620825,Uninterrupted_Baseline,344
1790422497.152331517,Uninterrupted_Baseline,345
1790422497.228784853,Uninterrupted_Baseline,346
1790422497.314335568,Uninterrupted_Baseline,347
1790422497.364453626,Uninterrupted_Baseline,347
1790422497.422712102,Uninterrupted_Baseline,348
1790422497.496238181,Uninterrupted_Baseline,349
1790422497.579292745,Uninterrupted_Baseline,350
1790422497.663557108,Uninterrupted_Baseline,351
1790422497.739778696,Uninterrupted_Baseline,352
1790422497.821170117,Uninterrupted_Baseline,353
1790422497.907333826,Uninterrupted_Baseline,354
1790422497.983346279,Uninterrupted_Baseline,355
1790422498.050225777,Uninterrupted_Baseline,355
1790422498.116893356,Uninterrupted_Baseline,356
1790422498.202814437,Uninterrupted_Baseline,196
1790422498.276896578,Uninterrupted_Baseline,178
1790422498.337430600,Uninterrupted_Baseline,179
1790422498.420917947,Uninterrupted_Baseline,180
1790422498.473954117,Uninterrupted_Baseline,181
1790422498.531764751,Uninterrupted_Baseline,182
1790422498.593599192,Uninterrupted_Baseline,182
1790422498.661418362,Uninterrupted_Baseline,183
1790422498.729190974,Uninterrupted_Baseline,184
1790422498.811907332,Uninterrupted_Baseline,185
1790422498.904733804,Uninterrupted_Baseline,186
1790422498.995279246,Uninterrupted_Baseline,187
1790422499.068533860,Uninterrupted_Baseline,188
1790422499.150703337,Uninterrupted_Baseline,189
1790422499.209247490,Uninterrupted_Baseline,190
1790422499.284548720,Uninterrupted_Baseline,191
1790422499.366880306,Uninterrupted_Baseline,192
1790422499.447215851,Uninterrupted_Baseline,193
1790422499.531460592,Uninterrupted_Baseline,194
1790422499.611933356,Uninterrupted_Baseline,195
1790422499.696027228,Uninterrupted_Baseline,196
1790422499.767422579,Uninterrupted_Baseline,197
1790422499.849225097,Uninterrupted_Baseline,198
1790422499.930211736,Uninterrupted_Baseline,199
1790422500.008340050,Uninterrupted_Baseline,200
1790422500.092709189,Uninterrupted_Baseline,201
1790422500.173178555,Uninterrupted_Baseline,202
1790422500.259900361,Uninterrupted_Baseline,203
1790422500.342864994,Uninterrupted_Baseline,205
1790422500.429489943,Uninterrupted_Baseline,206
1790422500.512940889,Uninterrupted_Baseline,207
1790422500.588790628,Uninterrupted_Baseline,208
1790422500.669913556,Uninterrupted_Baseline,209
1790422500.752412668,Uninterrupted_Baseline,210
1790422500.833416226,Uninterrupted_Baseline,211
1790422500.923194201,Uninterrupted_Baseline,212
1790422501.007727803,Uninterrupted_Baseline,213
1790422501.088953094,Uninterrupted_Baseline,214
1790422501.162230328,Uninterrupted_Baseline,215
1790422501.225538954,Uninterrupted_Baseline,216
1790422501.302103046,Uninterrupted_Baseline,217
1790422501.381559192,Uninterrupted_Baseline,218
1790422501.460951703,Uninterrupted_Baseline,219
1790422501.552122866,Uninterrupted_Baseline,220
1790422501.626178420,Uninterrupted_Baseline,221
1790422501.706940868,Uninterrupted_Baseline,222
1790422501.783508244,Uninterrupted_Baseline,223
1790422501.849145702,Uninterrupted_Baseline,223
1790422501.927018225,Uninterrupted_Baseline,224
1790422502.003052329,Uninterrupted_Baseline,225
1790422502.088669316,Uninterrupted_Baseline,226
1790422502.164176438,Uninterrupted_Baseline,227
1790422502.237745359,Uninterrupted_Baseline,228
1790422502.311313374,Uninterrupted_Baseline,229
1790422502.381866169,Uninterrupted_Baseline,230
1790422502.432814779,Uninterrupted_Baseline,231
1790422502.504892858,Uninterrupted_Baseline,232
1790422502.566772034,Uninterrupted_Baseline,232
1790422502.643366883,Uninterrupted_Baseline,233
1790422502.728310888,Uninterrupted_Baseline,235
1790422502.810096994,Uninterrupted_Baseline,236
1790422502.891944836,Uninterrupted_Baseline,237
1790422502.978301058,Uninterrupted_Baseline,238
1790422503.059532094,Uninterrupted_Baseline,239
1790422503.133474724,Uninterrupted_Baseline,240
1790422503.223857654,Uninterrupted_Baseline,241
1790422503.315160598,Uninterrupted_Baseline,242
1790422503.372455154,Uninterrupted_Baseline,242
1790422503.433020748,Uninterrupted_Baseline,243
1790422503.506898774,Uninterrupted_Baseline,244
1790422503.587383556,Uninterrupted_Baseline,245
1790422503.658399607,Uninterrupted_Baseline,246
1790422503.733687550,Uninterrupted_Baseline,247
1790422503.814733221,Uninterrupted_Baseline,248
1790422503.897734029,Uninterrupted_Baseline,249
1790422503.978618732,Uninterrupted_Baseline,250
1790422504.063006126,Uninterrupted_Baseline,251
1790422504.140719213,Uninterrupted_Baseline,252
1790422504.223452113,Uninterrupted_Baseline,253
1790422504.305805983,Uninterrupted_Baseline,254
1790422504.388968993,Uninterrupted_Baseline,255
1790422504.473291382,Uninterrupted_Baseline,256
1790422504.547989657,Uninterrupted_Baseline,257
1790422504.630200164,Uninterrupted_Baseline,258
1790422504.711594132,Uninterrupted_Baseline,259
1790422504.794622840,Uninterrupted_Baseline,260
1790422504.868470612,Uninterrupted_Baseline,261
1790422504.945632974,Uninterrupted_Baseline,262
1790422504.998555817,Uninterrupted_Baseline,263
1790422505.055727051,Uninterrupted_Baseline,264
1790422505.132043346,Uninterrupted_Baseline,264
1790422505.211345337,Uninterrupted_Baseline,265
1790422505.294609821,Uninterrupted_Baseline,267
1790422505.372841608,Uninterrupted_Baseline,268
1790422505.444481592,Uninterrupted_Baseline,268
1790422505.526406685,Uninterrupted_Baseline,269
1790422505.608937524,Uninterrupted_Baseline,270
1790422505.691849404,Uninterrupted_Baseline,272
1790422505.774705920,Uninterrupted_Baseline,273
1790422505.861155519,Uninterrupted_Baseline,274
1790422505.945559079,Uninterrupted_Baseline,275
1790422506.031917189,Uninterrupted_Baseline,276
1790422506.111913061,Uninterrupted_Baseline,277
1790422506.180395008,Uninterrupted_Baseline,278
1790422506.256319556,Uninterrupted_Baseline,279
1790422506.336523022,Uninterrupted_Baseline,280
1790422506.407928256,Uninterrupted_Baseline,280
1790422506.490024216,Uninterrupted_Baseline,282
1790422506.570764539,Uninterrupted_Baseline,283
1790422506.653549095,Uninterrupted_Baseline,284
1790422506.736162358,Uninterrupted_Baseline,285
1790422506.817138968,Uninterrupted_Baseline,286
1790422506.891049527,Uninterrupted_Baseline,287
1790422506.965238851,Uninterrupted_Baseline,288
1790422507.045926317,Uninterrupted_Baseline,289
1790422507.127407075,Uninterrupted_Baseline,290
1790422507.196392163,Uninterrupted_Baseline,290
1790422507.261930020,Uninterrupted_Baseline,291
1790422507.347640195,Uninterrupted_Baseline,292
1790422507.444217671,Uninterrupted_Baseline,293
1790422507.510334152,Uninterrupted_Baseline,294
1790422507.591903726,Uninterrupted_Baseline,295
1790422507.674247005,Uninterrupted_Baseline,296
1790422507.757966547,Uninterrupted_Baseline,297
1790422507.847940166,Uninterrupted_Baseline,298
1790422507.930813433,Uninterrupted_Baseline,299
1790422508.015790632,Uninterrupted_Baseline,300
1790422508.075605014,Uninterrupted_Baseline,301
1790422508.153673370,Uninterrupted_Baseline,302
1790422508.222561153,Uninterrupted_Baseline,303
1790422508.289888323,Uninterrupted_Baseline,304
1790422508.363140186,Uninterrupted_Baseline,305
1790422508.411697375,Uninterrupted_Baseline,305
1790422508.462572119,Uninterrupted_Baseline,306
1790422508.511498650,Uninterrupted_Baseline,307
1790422508.573097007,Uninterrupted_Baseline,307
1790422508.643362071,Uninterrupted_Baseline,308
1790422508.703626547,Uninterrupted_Baseline,309
1790422508.786805535,Uninterrupted_Baseline,310
1790422508.846335366,Uninterrupted_Baseline,311
1790422508.920863724,Uninterrupted_Baseline,312
1790422508.997598866,Uninterrupted_Baseline,313
1790422509.065938404,Uninterrupted_Baseline,314
1790422509.145762243,Uninterrupted_Baseline,315
1790422509.211225095,Uninterrupted_Baseline,315
1790422509.294864229,Uninterrupted_Baseline,316
1790422509.380983296,Uninterrupted_Baseline,317
1790422520.082733141,Phase1_Baseline,10
1790422520.163473017,Phase1_Baseline,18
1790422520.248832040,Phase1_Baseline,36
1790422520.327321377,Phase1_Baseline,72
1790422520.406082829,Phase1_Baseline,144
1790422520.490756631,Phase1_Baseline,288
1790422520.572972385,Phase1_Baseline,576
1790422520.654004771,Phase1_Baseline,914
1790422520.738598354,Phase1_Baseline,957
1790422520.815336418,Phase1_Baseline,807
1790422520.897577002,Phase1_Baseline,571
1790422520.979220689,Phase1_Baseline,571
1790422521.058616901,Phase1_Baseline,571
1790422521.139998122,Phase1_Baseline,571
1790422521.221630793,Phase1_Baseline,426
1790422521.302614018,Phase1_Baseline,285
1790422521.377828223,Phase1_Baseline,285
1790422521.460183356,Phase1_Baseline,142
1790422521.538280488,Phase1_Baseline,142
1790422521.617344487,Phase1_Baseline,143
1790422521.699001660,Phase1_Baseline,144
1790422521.780811825,Phase1_Baseline,145
1790422521.862184835,Phase1_Baseline,146
1790422521.946346509,Phase1_Baseline,147
1790422522.026947822,Phase1_Baseline,148
1790422522.109388812,Phase1_Baseline,149
1790422522.190925719,Phase1_Baseline,150
1790422522.275756638,Phase1_Baseline,151
1790422522.358129307,Phase1_Baseline,152
1790422522.440399394,Phase1_Baseline,153
1790422522.516932778,Phase1_Baseline,154
1790422522.595281113,Phase1_Baseline,155
1790422522.677888013,Phase1_Baseline,156
1790422522.765283525,Phase1_Baseline,158
1790422522.849496781,Phase1_Baseline,159
1790422522.935561175,Phase1_Baseline,160
1790422523.021360460,Phase1_Baseline,161
1790422523.093811094,Phase1_Baseline,162
1790422523.160223587,Phase1_Baseline,162
1790422523.226016158,Phase1_Baseline,163
1790422523.293829262,Phase1_Baseline,164
1790422523.351538697,Phase1_Baseline,165
1790422523.422341524,Phase1_Baseline,166
1790422523.496366617,Phase1_Baseline,167
1790422523.567609194,Phase1_Baseline,168
1790422523.632783974,Phase1_Baseline,168
1790422523.717495304,Phase1_Baseline,169
1790422523.800626254,Phase1_Baseline,171
1790422523.880186433,Phase1_Baseline,172
1790422523.963793493,Phase1_Baseline,173
1790422524.048575658,Phase1_Baseline,174
1790422524.120914237,Phase1_Baseline,175
1790422524.198603847,Phase1_Baseline,176
1790422524.274149347,Phase1_Baseline,177
1790422524.352244250,Phase1_Baseline,178
1790422524.438911361,Phase1_Baseline,179
1790422524.512963343,Phase1_Baseline,180
1790422524.596640719,Phase1_Baseline,181
1790422524.676914568,Phase1_Baseline,182
1790422524.758237624,Phase1_Baseline,183
1790422524.835601550,Phase1_Baseline,184
1790422524.914848535,Phase1_Baseline,185
1790422524.987513909,Phase1_Baseline,185
1790422525.049105415,Phase1_Baseline,186
1790422525.122528742,Phase1_Baseline,187
1790422525.207714681,Phase1_Baseline,188
1790422525.290134627,Phase1_Baseline,189
1790422525.377258491,Phase1_Baseline,190
1790422525.453413060,Phase1_Baseline,191
1790422525.539609229,Phase1_Baseline,193
1790422525.619199093,Phase1_Baseline,194
1790422525.699149215,Phase1_Baseline,195
1790422525.778369574,Phase1_Baseline,195
1790422525.832985313,Phase1_Baseline,196
1790422525.898826516,Phase1_Baseline,197
1790422525.981385388,Phase1_Baseline,198
1790422526.066432350,Phase1_Baseline,199
1790422526.137329690,Phase1_Baseline,200
1790422526.228350994,Phase1_Baseline,201
1790422526.307355549,Phase1_Baseline,202
1790422526.394405179,Phase1_Baseline,203
1790422526.475679753,Phase1_Baseline,204
1790422526.557630044,Phase1_Baseline,205
1790422526.634367600,Phase1_Baseline,206
1790422526.704943036,Phase1_Baseline,207
1790422526.787186825,Phase1_Baseline,208
1790422526.868224997,Phase1_Baseline,209
1790422526.949230664,Phase1_Baseline,210
1790422527.031728809,Phase1_Baseline,211
1790422527.109489704,Phase1_Baseline,212
1790422527.188390104,Phase1_Baseline,213
1790422527.254434031,Phase1_Baseline,214
1790422527.331952423,Phase1_Baseline,215
1790422527.414198337,Phase1_Baseline,216
1790422527.496152447,Phase1_Baseline,217
1790422527.575397309,Phase1_Baseline,218
1790422527.665137582,Phase1_Baseline,220
1790422527.756998074,Phase1_Baseline,221
1790422527.840266932,Phase1_Baseline,222
1790422527.911644785,Phase1_Baseline,222
1790422527.991464153,Phase1_Baseline,223
1790422528.066239821,Phase1_Baseline,224
1790422528.147775854,Phase1_Baseline,225
1790422528.214011577,Phase1_Baseline,226
1790422528.285252800,Phase1_Baseline,227
1790422528.366071241,Phase1_Baseline,228
1790422528.422219339,Phase1_Baseline,229
1790422528.472920602,Phase1_Baseline,229
1790422528.527782622,Phase1_Baseline,230
1790422528.582518015,Phase1_Baseline,231
1790422528.645592352,Phase1_Baseline,232
1790422528.730858084,Phase1_Baseline,233
1790422528.797556775,Phase1_Baseline,234
1790422528.868256136,Phase1_Baseline,235
1790422528.939414160,Phase1_Baseline,235
1790422529.024080874,Phase1_Baseline,237
1790422529.106318152,Phase1_Baseline,238
1790422529.175906847,Phase1_Baseline,238
1790422529.226857810,Phase1_Baseline,239
1790422529.292317793,Phase1_Baseline,240
1790422529.362709072,Phase1_Baseline,241
1790422529.435904772,Phase1_Baseline,242
1790422529.515758040,Phase1_Baseline,243
1790422529.607223471,Phase1_Baseline,244
1790422529.688638102,Phase1_Baseline,245
1790422529.750296619,Phase1_Baseline,246
1790422529.832489392,Phase1_Baseline,247
1790422529.907318950,Phase1_Baseline,248
1790422529.972129880,Phase1_Baseline,248
1790422530.056486315,Phase1_Baseline,250
1790422530.138060468,Phase1_Baseline,251
1790422530.214000276,Phase1_Baseline,252
1790422530.294083990,Phase1_Baseline,253
1790422530.377211652,Phase1_Baseline,254
1790422530.463606895,Phase1_Baseline,255
1790422530.543501500,Phase1_Baseline,256
1790422530.612836837,Phase1_Baseline,256
1790422530.676128199,Phase1_Baseline,257
1790422530.760630184,Phase1_Baseline,258
1790422530.842607465,Phase1_Baseline,259
1790422530.905611076,Phase1_Baseline,260
1790422530.977147506,Phase1_Baseline,261
1790422531.062168094,Phase1_Baseline,262
1790422531.136772982,Phase1_Baseline,263
1790422531.222384125,Phase1_Baseline,264
1790422531.296343460,Phase1_Baseline,265
1790422531.355725536,Phase1_Baseline,266
1790422531.430404971,Phase1_Baseline,267
1790422531.503321058,Phase1_Baseline,268
1790422531.580543377,Phase1_Baseline,269
1790422531.664758397,Phase1_Baseline,270
1790422531.745484440,Phase1_Baseline,271
1790422531.829371037,Phase1_Baseline,272
1790422531.911468289,Phase1_Baseline,273
1790422531.999059603,Phase1_Baseline,274
1790422532.077269427,Phase1_Baseline,275
1790422532.163762308,Phase1_Baseline,276
1790422532.238741484,Phase1_Baseline,277
1790422532.317318166,Phase1_Baseline,278
1790422532.390160758,Phase1_Baseline,279
1790422532.473529946,Phase1_Baseline,280
1790422532.552993081,Phase1_Baseline,281
1790422532.626922832,Phase1_Baseline,282
1790422532.711685468,Phase1_Baseline,283
1790422532.795807153,Phase1_Baseline,284
1790422532.876003473,Phase1_Baseline,285
1790422532.965984004,Phase1_Baseline,286
1790422533.044775619,Phase1_Baseline,287
1790422533.126903757,Phase1_Baseline,288
1790422533.205758465,Phase1_Baseline,289
1790422533.288128310,Phase1_Baseline,290
1790422533.369293334,Phase1_Baseline,291
1790422533.440731411,Phase1_Baseline,292
1790422533.509181970,Phase1_Baseline,293
1790422533.588524809,Phase1_Baseline,294
1790422533.674429310,Phase1_Baseline,295
1790422533.745238008,Phase1_Baseline,296
1790422533.823208706,Phase1_Baseline,297
1790422533.901702922,Phase1_Baseline,298
1790422533.982772170,Phase1_Baseline,299
1790422534.064098445,Phase1_Baseline,300
1790422534.136235437,Phase1_Baseline,301
1790422534.214272010,Phase1_Baseline,302
1790422534.289643393,Phase1_Baseline,303
1790422534.362015357,Phase1_Baseline,304
1790422534.442279513,Phase1_Baseline,305
1790422534.521349809,Phase1_Baseline,306
1790422534.604908958,Phase1_Baseline,307
1790422534.687902220,Phase1_Baseline,308
1790422534.775215737,Phase1_Baseline,309
1790422534.855283192,Phase1_Baseline,310
1790422534.938334752,Phase1_Baseline,311
1790422535.002472998,Phase1_Baseline,311
1790422535.070843048,Phase1_Baseline,312
1790422535.129916921,Phase1_Baseline,313
1790422535.212387402,Phase1_Baseline,314
1790422535.294235594,Phase1_Baseline,315
1790422535.372018258,Phase1_Baseline,316
1790422535.455680025,Phase1_Baseline,317
1790422535.541600810,Phase1_Baseline,318
1790422535.620496366,Phase1_Baseline,319
1790422535.688457691,Phase1_Baseline,320
1790422535.754078401,Phase1_Baseline,321
1790422535.828636178,Phase1_Baseline,322
1790422535.886260104,Phase1_Baseline,322
1790422535.967861640,Phase1_Baseline,323
1790422536.053801027,Phase1_Baseline,324
1790422536.138353071,Phase1_Baseline,326
1790422536.218762439,Phase1_Baseline,326
1790422536.287197099,Phase1_Baseline,327
1790422536.361295501,Phase1_Baseline,328
1790422536.439626592,Phase1_Baseline,329
1790422536.520718010,Phase1_Baseline,330
1790422536.596565053,Phase1_Baseline,331
1790422536.664277522,Phase1_Baseline,332
1790422536.733209775,Phase1_Baseline,333
1790422536.807678957,Phase1_Baseline,334
1790422536.882230780,Phase1_Baseline,335
1790422536.936757987,Phase1_Baseline,335
1790422537.005788058,Phase1_Baseline,336
1790422537.088928426,Phase1_Baseline,337
1790422537.174968813,Phase1_Baseline,338
1790422537.231302187,Phase1_Baseline,339
1790422537.300006365,Phase1_Baseline,340
1790422537.382540247,Phase1_Baseline,341
1790422537.469268784,Phase1_Baseline,342
1790422537.549678687,Phase1_Baseline,343
1790422537.630884602,Phase1_Baseline,344
1790422537.711743136,Phase1_Baseline,345
1790422537.792790029,Phase1_Baseline,346
1790422537.861435947,Phase1_Baseline,346
1790422537.944922099,Phase1_Baseline,347
1790422538.027714827,Phase1_Baseline,348
1790422538.107081717,Phase1_Baseline,349
1790422538.192309413,Phase1_Baseline,350
1790422538.270841249,Phase1_Baseline,351
1790422538.348566727,Phase1_Baseline,352
1790422538.417058880,Phase1_Baseline,353
1790422538.464988309,Phase1_Baseline,354
1790422538.532098336,Phase1_Baseline,354
1790422538.586782276,Phase1_Baseline,355
1790422538.650968821,Phase1_Baseline,293
1790422538.712331001,Phase1_Baseline,177
1790422538.780606071,Phase1_Baseline,178
1790422538.862498000,Phase1_Baseline,179
1790422538.945581024,Phase1_Baseline,180
1790422539.027902735,Phase1_Baseline,181
1790422539.099050976,Phase1_Baseline,181
1790422539.158951182,Phase1_Baseline,182
1790422539.220401592,Phase1_Baseline,183
1790422539.289864282,Phase1_Baseline,184
1790422539.372996257,Phase1_Baseline,185
1790422539.459327787,Phase1_Baseline,186
1790422539.530527383,Phase1_Baseline,187
1790422539.599902088,Phase1_Baseline,188
1790422539.680045874,Phase1_Baseline,189
1790422539.753989691,Phase1_Baseline,190
1790422539.828908703,Phase1_Baseline,191
1790422539.905873425,Phase1_Baseline,192
1790422539.964552314,Phase1_Baseline,192
1790422540.049484812,Phase1_Baseline,194
1790422540.130228553,Phase1_Baseline,195
1790422540.211516505,Phase1_Baseline,196
1790422540.297986562,Phase1_Baseline,197
1790422540.378620891,Phase1_Baseline,198
1790422540.464723379,Phase1_Baseline,199
1790422540.537838795,Phase1_Baseline,200
1790422540.595198091,Phase1_Baseline,200
1790422540.667829525,Phase1_Baseline,201
1790422540.729069487,Phase1_Baseline,202
1790422540.809334784,Phase1_Baseline,203
1790422540.876243496,Phase1_Baseline,204
1790422540.962466070,Phase1_Baseline,205
1790422541.040739094,Phase1_Baseline,206
1790422541.117294155,Phase1_Baseline,207
1790422541.197927905,Phase1_Baseline,208
1790422541.272714528,Phase1_Baseline,209
1790422541.331490861,Phase1_Baseline,210
1790422541.411639651,Phase1_Baseline,211
1790422541.498946427,Phase1_Baseline,212
1790422541.580477325,Phase1_Baseline,213
1790422541.660372357,Phase1_Baseline,214
1790422541.743273674,Phase1_Baseline,215
1790422541.823118108,Phase1_Baseline,216
1790422541.904066810,Phase1_Baseline,217
1790422541.989571675,Phase1_Baseline,218
1790422542.071885650,Phase1_Baseline,219
1790422542.153357548,Phase1_Baseline,220
1790422542.239295172,Phase1_Baseline,221
1790422542.322429032,Phase1_Baseline,222
1790422542.398449618,Phase1_Baseline,223
1790422542.478537014,Phase1_Baseline,224
1790422542.561386769,Phase1_Baseline,225
1790422542.643704768,Phase1_Baseline,226
1790422542.725755686,Phase1_Baseline,227
1790422542.806696599,Phase1_Baseline,228
1790422542.867437644,Phase1_Baseline,229
1790422542.934206123,Phase1_Baseline,230
1790422543.016870413,Phase1_Baseline,231
1790422543.093642555,Phase1_Baseline,232
1790422543.176815012,Phase1_Baseline,233
1790422543.260992622,Phase1_Baseline,234
1790422543.341077729,Phase1_Baseline,235
1790422543.421267142,Phase1_Baseline,236
1790422543.506877410,Phase1_Baseline,237
1790422543.571509213,Phase1_Baseline,238
1790422543.642072550,Phase1_Baseline,239
1790422543.721880889,Phase1_Baseline,240
1790422543.801942940,Phase1_Baseline,241
1790422543.885995681,Phase1_Baseline,242
1790422543.966625010,Phase1_Baseline,243
1790422544.044815965,Phase1_Baseline,244
1790422544.114636238,Phase1_Baseline,245
1790422544.194402012,Phase1_Baseline,246
1790422544.284003532,Phase1_Baseline,247
1790422545.668053052,Phase2_Migrated,10
1790422545.758460632,Phase2_Migrated,10
1790422545.858836170,Phase2_Migrated,18
1790422545.957328421,Phase2_Migrated,36
1790422546.047896161,Phase2_Migrated,72
1790422546.125466518,Phase2_Migrated,138
1790422546.210832304,Phase2_Migrated,288
1790422546.292538135,Phase2_Migrated,570
1790422546.359250200,Phase2_Migrated,864
1790422546.441173306,Phase2_Migrated,1042
1790422546.526098812,Phase2_Migrated,853
1790422546.617179464,Phase2_Migrated,634
1790422546.707634291,Phase2_Migrated,546
1790422546.801617263,Phase2_Migrated,502
1790422546.898797499,Phase2_Migrated,315
1790422546.989776009,Phase2_Migrated,179
1790422547.079704885,Phase2_Migrated,136
1790422547.172112519,Phase2_Migrated,137
1790422547.248563827,Phase2_Migrated,138
1790422547.329480122,Phase2_Migrated,139
1790422547.415575811,Phase2_Migrated,141
1790422547.505534848,Phase2_Migrated,142
1790422547.597430927,Phase2_Migrated,143
1790422547.686489913,Phase2_Migrated,144
1790422547.779637847,Phase2_Migrated,145
1790422547.874720974,Phase2_Migrated,146
1790422547.952699508,Phase2_Migrated,147
1790422548.047442432,Phase2_Migrated,149
1790422548.103847488,Phase2_Migrated,149
1790422548.176830511,Phase2_Migrated,150
1790422548.258833780,Phase2_Migrated,151
1790422548.350518531,Phase2_Migrated,153
1790422548.428986762,Phase2_Migrated,153
1790422548.497429115,Phase2_Migrated,154
1790422548.563488481,Phase2_Migrated,155
1790422548.641582253,Phase2_Migrated,156
1790422548.733779541,Phase2_Migrated,157
1790422548.809540558,Phase2_Migrated,158
1790422548.900290702,Phase2_Migrated,159
1790422548.975639294,Phase2_Migrated,160
1790422549.062930883,Phase2_Migrated,162
1790422549.137679404,Phase2_Migrated,163
1790422549.230241569,Phase2_Migrated,164
1790422549.321853526,Phase2_Migrated,165
1790422549.420364311,Phase2_Migrated,166
1790422549.508435348,Phase2_Migrated,167
1790422549.603980420,Phase2_Migrated,168
1790422549.701545442,Phase2_Migrated,170
1790422549.797131228,Phase2_Migrated,171
1790422549.889382098,Phase2_Migrated,172
1790422549.983718326,Phase2_Migrated,173
1790422550.080320393,Phase2_Migrated,174
1790422550.172859523,Phase2_Migrated,176
1790422550.267362104,Phase2_Migrated,177
1790422550.361317272,Phase2_Migrated,178
1790422550.452996219,Phase2_Migrated,179
1790422550.543151953,Phase2_Migrated,180
1790422550.638523665,Phase2_Migrated,181
1790422550.724302434,Phase2_Migrated,183
1790422550.820711271,Phase2_Migrated,184
1790422550.919434737,Phase2_Migrated,185
1790422551.015506977,Phase2_Migrated,186
1790422551.114988554,Phase2_Migrated,188
1790422551.207176005,Phase2_Migrated,189
1790422551.307223492,Phase2_Migrated,190
1790422551.409153614,Phase2_Migrated,191
1790422551.503237497,Phase2_Migrated,192
1790422551.584613174,Phase2_Migrated,193
1790422551.679297375,Phase2_Migrated,195
1790422551.777687359,Phase2_Migrated,196
1790422551.871834133,Phase2_Migrated,197
1790422551.964480149,Phase2_Migrated,198
1790422552.063820230,Phase2_Migrated,200
1790422552.153182547,Phase2_Migrated,201
1790422552.245780813,Phase2_Migrated,202
1790422552.348885549,Phase2_Migrated,203
1790422552.440316250,Phase2_Migrated,204
1790422552.541536452,Phase2_Migrated,206
1790422552.635131176,Phase2_Migrated,207
1790422552.724217502,Phase2_Migrated,208
1790422552.815488686,Phase2_Migrated,209
1790422552.901162570,Phase2_Migrated,210
1790422552.992537342,Phase2_Migrated,211
1790422553.097095105,Phase2_Migrated,213
1790422553.187160754,Phase2_Migrated,214
1790422553.287548918,Phase2_Migrated,215
1790422553.376047443,Phase2_Migrated,216
1790422553.473926635,Phase2_Migrated,217
1790422553.567412345,Phase2_Migrated,219
1790422553.668448805,Phase2_Migrated,220
1790422553.763682382,Phase2_Migrated,221
1790422553.855709323,Phase2_Migrated,222
1790422553.955475557,Phase2_Migrated,223
1790422554.047385297,Phase2_Migrated,225
1790422554.136323270,Phase2_Migrated,226
1790422554.230043112,Phase2_Migrated,227
1790422554.318725133,Phase2_Migrated,228
1790422554.417434957,Phase2_Migrated,229
1790422554.511422942,Phase2_Migrated,230
1790422554.607519382,Phase2_Migrated,232
1790422554.705481111,Phase2_Migrated,233
1790422554.797357634,Phase2_Migrated,234
1790422554.879936259,Phase2_Migrated,235
1790422554.980854713,Phase2_Migrated,236
1790422555.039766001,Phase2_Migrated,237
1790422555.111616560,Phase2_Migrated,238
1790422555.204091291,Phase2_Migrated,239
1790422555.290872892,Phase2_Migrated,240
1790422555.366334324,Phase2_Migrated,241
1790422555.454699202,Phase2_Migrated,242
1790422555.546949275,Phase2_Migrated,243
1790422555.634674585,Phase2_Migrated,245
1790422555.724479141,Phase2_Migrated,246
1790422555.812124981,Phase2_Migrated,247
1790422555.878796100,Phase2_Migrated,248
1790422555.954574653,Phase2_Migrated,249
1790422556.051728163,Phase2_Migrated,250
1790422556.149415668,Phase2_Migrated,251
1790422556.236643440,Phase2_Migrated,252
1790422556.317951126,Phase2_Migrated,253
1790422556.409884672,Phase2_Migrated,254
1790422556.502952168,Phase2_Migrated,255
1790422556.597122818,Phase2_Migrated,257
1790422556.694429651,Phase2_Migrated,258
1790422556.779696912,Phase2_Migrated,259
1790422556.863181264,Phase2_Migrated,260
1790422556.949188513,Phase2_Migrated,261
1790422557.044108004,Phase2_Migrated,262
1790422557.131691615,Phase2_Migrated,263
1790422557.191052018,Phase2_Migrated,264
1790422557.266499028,Phase2_Migrated,265
1790422557.335979542,Phase2_Migrated,266
1790422557.410917238,Phase2_Migrated,267
1790422557.509890956,Phase2_Migrated,268
1790422557.607065727,Phase2_Migrated,269
1790422557.689577562,Phase2_Migrated,270
1790422557.778417354,Phase2_Migrated,271
1790422557.861581989,Phase2_Migrated,273
1790422557.951897184,Phase2_Migrated,274
1790422558.043409049,Phase2_Migrated,275
1790422558.105869341,Phase2_Migrated,276
1790422558.200867927,Phase2_Migrated,277
1790422558.277253949,Phase2_Migrated,278
1790422558.375129424,Phase2_Migrated,279
1790422558.446944910,Phase2_Migrated,280
1790422558.508173362,Phase2_Migrated,281
1790422558.572614262,Phase2_Migrated,281
1790422558.640401157,Phase2_Migrated,282
1790422558.709678384,Phase2_Migrated,283
1790422558.789191467,Phase2_Migrated,284
1790422558.881129216,Phase2_Migrated,285
1790422558.962689637,Phase2_Migrated,286
1790422559.053748025,Phase2_Migrated,287
1790422559.143813009,Phase2_Migrated,289
1790422559.232460546,Phase2_Migrated,290
1790422559.304117241,Phase2_Migrated,291
1790422559.402263966,Phase2_Migrated,292
1790422559.497707202,Phase2_Migrated,293
1790422559.592429542,Phase2_Migrated,294
1790422559.686251979,Phase2_Migrated,295
1790422559.784160992,Phase2_Migrated,297
1790422559.882148895,Phase2_Migrated,298
1790422559.979041105,Phase2_Migrated,299
1790422560.074526007,Phase2_Migrated,300
1790422560.183777464,Phase2_Migrated,301
1790422560.280141078,Phase2_Migrated,303
1790422560.377323689,Phase2_Migrated,304
1790422560.474478250,Phase2_Migrated,305
1790422560.570546883,Phase2_Migrated,306
1790422560.672154603,Phase2_Migrated,308
1790422560.781283911,Phase2_Migrated,309
1790422560.854413669,Phase2_Migrated,310
1790422560.913416739,Phase2_Migrated,310
1790422560.992973973,Phase2_Migrated,311
1790422561.081678696,Phase2_Migrated,313
1790422561.166727661,Phase2_Migrated,314
1790422561.257966552,Phase2_Migrated,315
1790422561.343181034,Phase2_Migrated,316
1790422561.439690810,Phase2_Migrated,317
1790422561.533908340,Phase2_Migrated,318
1790422561.630823875,Phase2_Migrated,319
1790422561.728424886,Phase2_Migrated,321
1790422561.822973620,Phase2_Migrated,322
1790422561.910598642,Phase2_Migrated,323
1790422562.002263842,Phase2_Migrated,324
1790422562.102044675,Phase2_Migrated,325
1790422562.196122250,Phase2_Migrated,326
1790422562.285597129,Phase2_Migrated,328
1790422562.379436073,Phase2_Migrated,329
1790422562.476244311,Phase2_Migrated,330
1790422562.565639496,Phase2_Migrated,331
1790422562.659865599,Phase2_Migrated,332
1790422562.755328089,Phase2_Migrated,333
1790422562.845131375,Phase2_Migrated,334
1790422562.936841320,Phase2_Migrated,335
1790422563.033686059,Phase2_Migrated,337
1790422563.130267817,Phase2_Migrated,338
1790422563.222513513,Phase2_Migrated,339
1790422563.319127273,Phase2_Migrated,340
1790422563.411233239,Phase2_Migrated,341
1790422563.504865345,Phase2_Migrated,342
1790422563.594469676,Phase2_Migrated,343
1790422563.679853796,Phase2_Migrated,344
1790422563.759951869,Phase2_Migrated,345
1790422563.849481868,Phase2_Migrated,346
1790422563.943985377,Phase2_Migrated,348
1790422564.034962815,Phase2_Migrated,349
1790422564.130234866,Phase2_Migrated,350
1790422564.220713449,Phase2_Migrated,351
1790422564.313153379,Phase2_Migrated,352
1790422564.410318167,Phase2_Migrated,353
1790422564.506974654,Phase2_Migrated,354
1790422564.592020185,Phase2_Migrated,355
1790422564.689124571,Phase2_Migrated,356
1790422564.776059629,Phase2_Migrated,211
1790422564.868860212,Phase2_Migrated,178
1790422564.952170628,Phase2_Migrated,179
1790422565.006596688,Phase2_Migrated,180
1790422565.084502672,Phase2_Migrated,181
1790422565.173644485,Phase2_Migrated,182
1790422565.263934146,Phase2_Migrated,183
1790422565.354832164,Phase2_Migrated,185
1790422565.449223921,Phase2_Migrated,186
1790422565.543325196,Phase2_Migrated,187
1790422565.638540927,Phase2_Migrated,188
1790422565.736806044,Phase2_Migrated,189
1790422565.838830007,Phase2_Migrated,191
1790422565.936251106,Phase2_Migrated,192
1790422566.017298984,Phase2_Migrated,193
1790422566.104757131,Phase2_Migrated,194
1790422566.199768655,Phase2_Migrated,195
1790422566.280611732,Phase2_Migrated,196
1790422566.349439529,Phase2_Migrated,197
1790422566.436020464,Phase2_Migrated,198
1790422566.521223472,Phase2_Migrated,199
1790422566.597124884,Phase2_Migrated,200
1790422566.673284018,Phase2_Migrated,201
1790422566.749891520,Phase2_Migrated,202
1790422566.829712576,Phase2_Migrated,203
1790422566.912685550,Phase2_Migrated,204
1790422567.004411824,Phase2_Migrated,206
1790422567.097254608,Phase2_Migrated,207
1790422567.188140970,Phase2_Migrated,208
1790422567.280831404,Phase2_Migrated,209
1790422567.373856690,Phase2_Migrated,210
1790422567.465463599,Phase2_Migrated,211
1790422567.559115607,Phase2_Migrated,213
1790422567.650854312,Phase2_Migrated,214
1790422567.745880179,Phase2_Migrated,215
1790422567.821049625,Phase2_Migrated,216
1790422567.901829900,Phase2_Migrated,217
1790422567.990062569,Phase2_Migrated,218
1790422568.068101642,Phase2_Migrated,219
1790422568.159941986,Phase2_Migrated,220
1790422568.256697655,Phase2_Migrated,221
1790422568.348264643,Phase2_Migrated,223
1790422568.435144748,Phase2_Migrated,224
1790422568.496336219,Phase2_Migrated,224
1790422568.584337092,Phase2_Migrated,226
1790422568.674249346,Phase2_Migrated,227
1790422568.764955400,Phase2_Migrated,228
1790422568.852962184,Phase2_Migrated,229
1790422568.938487704,Phase2_Migrated,230
1790422569.030566083,Phase2_Migrated,231
1790422569.116816846,Phase2_Migrated,232
1790422569.185143311,Phase2_Migrated,233
1790422569.267757102,Phase2_Migrated,234
1790422569.358160930,Phase2_Migrated,235
1790422569.453351860,Phase2_Migrated,236
1790422570.739416897,Uninterrupted_Baseline,1
1790422570.821366918,Uninterrupted_Baseline,1
1790422570.901130444,Uninterrupted_Baseline,1
1790422570.979491747,Uninterrupted_Baseline,1
1790422571.061736769,Uninterrupted_Baseline,1
1790422571.145408850,Uninterrupted_Baseline,1
1790422571.219161263,Uninterrupted_Baseline,1
1790422571.300684164,Uninterrupted_Baseline,1
1790422571.380491389,Uninterrupted_Baseline,1
1790422571.461309800,Uninterrupted_Baseline,1
1790422571.539623493,Uninterrupted_Baseline,1
1790422571.617205695,Uninterrupted_Baseline,1
1790422571.690605301,Uninterrupted_Baseline,1
1790422571.772312199,Uninterrupted_Baseline,1
1790422571.852304432,Uninterrupted_Baseline,1
1790422571.935255701,Uninterrupted_Baseline,1
1790422572.014562642,Uninterrupted_Baseline,1
1790422572.014562642,Uninterrupted_Baseline,10
1790422572.094103132,Uninterrupted_Baseline,1
1790422572.094103132,Uninterrupted_Baseline,16
1790422572.185606264,Uninterrupted_Baseline,1
1790422572.185606264,Uninterrupted_Baseline,32
1790422572.250942824,Uninterrupted_Baseline,1
1790422572.250942824,Uninterrupted_Baseline,64
1790422572.328409481,Uninterrupted_Baseline,1
1790422572.328409481,Uninterrupted_Baseline,128
1790422572.405369152,Uninterrupted_Baseline,1
1790422572.405369152,Uninterrupted_Baseline,256
1790422572.492179135,Uninterrupted_Baseline,1
1790422572.492179135,Uninterrupted_Baseline,480
1790422572.575219478,Uninterrupted_Baseline,1
1790422572.575219478,Uninterrupted_Baseline,752
1790422572.655763852,Uninterrupted_Baseline,1
1790422572.655763852,Uninterrupted_Baseline,997
1790422572.739040733,Uninterrupted_Baseline,1
1790422572.739040733,Uninterrupted_Baseline,812
1790422572.823109802,Uninterrupted_Baseline,1
1790422572.823109802,Uninterrupted_Baseline,637
1790422572.908265231,Uninterrupted_Baseline,1
1790422572.908265231,Uninterrupted_Baseline,515
1790422572.992550290,Uninterrupted_Baseline,1
1790422572.992550290,Uninterrupted_Baseline,502
1790422573.079483974,Uninterrupted_Baseline,1
1790422573.079483974,Uninterrupted_Baseline,355
1790422573.162316927,Uninterrupted_Baseline,1
1790422573.162316927,Uninterrupted_Baseline,257
1790422573.244625185,Uninterrupted_Baseline,1
1790422573.244625185,Uninterrupted_Baseline,257
1790422573.333024031,Uninterrupted_Baseline,1
1790422573.333024031,Uninterrupted_Baseline,152
1790422573.415298905,Uninterrupted_Baseline,1
1790422573.415298905,Uninterrupted_Baseline,128
1790422573.494208088,Uninterrupted_Baseline,1
1790422573.494208088,Uninterrupted_Baseline,129
1790422573.571873585,Uninterrupted_Baseline,1
1790422573.571873585,Uninterrupted_Baseline,130
1790422573.652892098,Uninterrupted_Baseline,1
1790422573.652892098,Uninterrupted_Baseline,131
1790422573.734425233,Uninterrupted_Baseline,1
1790422573.734425233,Uninterrupted_Baseline,133
1790422573.819971000,Uninterrupted_Baseline,1
1790422573.819971000,Uninterrupted_Baseline,134
1790422573.896503533,Uninterrupted_Baseline,1
1790422573.896503533,Uninterrupted_Baseline,134
1790422573.978835672,Uninterrupted_Baseline,1
1790422573.978835672,Uninterrupted_Baseline,136
1790422574.061071860,Uninterrupted_Baseline,1
1790422574.061071860,Uninterrupted_Baseline,137
1790422574.141817249,Uninterrupted_Baseline,1
1790422574.141817249,Uninterrupted_Baseline,138
1790422574.222269790,Uninterrupted_Baseline,1
1790422574.222269790,Uninterrupted_Baseline,139
1790422574.303404005,Uninterrupted_Baseline,1
1790422574.303404005,Uninterrupted_Baseline,140
1790422574.383752870,Uninterrupted_Baseline,1
1790422574.383752870,Uninterrupted_Baseline,141
1790422574.461409298,Uninterrupted_Baseline,1
1790422574.461409298,Uninterrupted_Baseline,142
1790422574.546139498,Uninterrupted_Baseline,1
1790422574.546139498,Uninterrupted_Baseline,143
1790422574.631624799,Uninterrupted_Baseline,1
1790422574.631624799,Uninterrupted_Baseline,144
1790422574.712541736,Uninterrupted_Baseline,1
1790422574.712541736,Uninterrupted_Baseline,145
1790422574.776891412,Uninterrupted_Baseline,1
1790422574.776891412,Uninterrupted_Baseline,146
1790422574.853002942,Uninterrupted_Baseline,1
1790422574.853002942,Uninterrupted_Baseline,147
1790422574.908200611,Uninterrupted_Baseline,1
1790422574.908200611,Uninterrupted_Baseline,147
1790422574.985940636,Uninterrupted_Baseline,1
1790422574.985940636,Uninterrupted_Baseline,148
1790422575.047092359,Uninterrupted_Baseline,1
1790422575.047092359,Uninterrupted_Baseline,149
1790422575.099226910,Uninterrupted_Baseline,1
1790422575.099226910,Uninterrupted_Baseline,150
1790422575.165531670,Uninterrupted_Baseline,1
1790422575.165531670,Uninterrupted_Baseline,151
1790422575.247601986,Uninterrupted_Baseline,1
1790422575.247601986,Uninterrupted_Baseline,152
1790422575.334106041,Uninterrupted_Baseline,1
1790422575.334106041,Uninterrupted_Baseline,153
1790422575.418188399,Uninterrupted_Baseline,1
1790422575.418188399,Uninterrupted_Baseline,154
1790422575.497956275,Uninterrupted_Baseline,1
1790422575.497956275,Uninterrupted_Baseline,155
1790422575.581105225,Uninterrupted_Baseline,1
1790422575.581105225,Uninterrupted_Baseline,156
1790422575.664967512,Uninterrupted_Baseline,1
1790422575.664967512,Uninterrupted_Baseline,157
1790422575.748853676,Uninterrupted_Baseline,1
1790422575.748853676,Uninterrupted_Baseline,158
1790422575.828579327,Uninterrupted_Baseline,1
1790422575.828579327,Uninterrupted_Baseline,159
1790422575.912288538,Uninterrupted_Baseline,1
1790422575.912288538,Uninterrupted_Baseline,160
1790422575.993870173,Uninterrupted_Baseline,1
1790422575.993870173,Uninterrupted_Baseline,161
1790422576.076077166,Uninterrupted_Baseline,1
1790422576.076077166,Uninterrupted_Baseline,162
1790422576.158014432,Uninterrupted_Baseline,1
1790422576.158014432,Uninterrupted_Baseline,163
1790422576.239047794,Uninterrupted_Baseline,1
1790422576.239047794,Uninterrupted_Baseline,164
1790422576.315631998,Uninterrupted_Baseline,1
1790422576.315631998,Uninterrupted_Baseline,165
1790422576.377523323,Uninterrupted_Baseline,1
1790422576.377523323,Uninterrupted_Baseline,166
1790422576.456525657,Uninterrupted_Baseline,1
1790422576.456525657,Uninterrupted_Baseline,167
1790422576.534834707,Uninterrupted_Baseline,1
1790422576.534834707,Uninterrupted_Baseline,168
1790422576.615365570,Uninterrupted_Baseline,1
1790422576.615365570,Uninterrupted_Baseline,169
1790422576.699457343,Uninterrupted_Baseline,1
1790422576.699457343,Uninterrupted_Baseline,170
1790422576.780961836,Uninterrupted_Baseline,1
1790422576.780961836,Uninterrupted_Baseline,171
1790422576.859444119,Uninterrupted_Baseline,1
1790422576.859444119,Uninterrupted_Baseline,172
1790422576.926867093,Uninterrupted_Baseline,1
1790422576.926867093,Uninterrupted_Baseline,173
1790422576.994274481,Uninterrupted_Baseline,1
1790422576.994274481,Uninterrupted_Baseline,174
1790422577.079549017,Uninterrupted_Baseline,1
1790422577.079549017,Uninterrupted_Baseline,175
1790422577.155435660,Uninterrupted_Baseline,1
1790422577.155435660,Uninterrupted_Baseline,176
1790422577.232784651,Uninterrupted_Baseline,1
1790422577.232784651,Uninterrupted_Baseline,177
1790422577.315422817,Uninterrupted_Baseline,1
1790422577.315422817,Uninterrupted_Baseline,178
1790422577.399383239,Uninterrupted_Baseline,1
1790422577.399383239,Uninterrupted_Baseline,179
1790422577.481353229,Uninterrupted_Baseline,1
1790422577.481353229,Uninterrupted_Baseline,180
1790422577.563998457,Uninterrupted_Baseline,1
1790422577.563998457,Uninterrupted_Baseline,181
1790422577.643546301,Uninterrupted_Baseline,1
1790422577.643546301,Uninterrupted_Baseline,182
1790422577.725530982,Uninterrupted_Baseline,1
1790422577.725530982,Uninterrupted_Baseline,183
1790422577.807735569,Uninterrupted_Baseline,1
1790422577.807735569,Uninterrupted_Baseline,184
1790422577.888577860,Uninterrupted_Baseline,1
1790422577.888577860,Uninterrupted_Baseline,185
1790422577.972939486,Uninterrupted_Baseline,1
1790422577.972939486,Uninterrupted_Baseline,186
1790422578.058145585,Uninterrupted_Baseline,1
1790422578.058145585,Uninterrupted_Baseline,187
1790422578.146396372,Uninterrupted_Baseline,1
1790422578.146396372,Uninterrupted_Baseline,188
1790422578.232635934,Uninterrupted_Baseline,1
1790422578.232635934,Uninterrupted_Baseline,189
1790422578.311879641,Uninterrupted_Baseline,1
1790422578.311879641,Uninterrupted_Baseline,190
1790422578.396921161,Uninterrupted_Baseline,1
1790422578.396921161,Uninterrupted_Baseline,191
1790422578.449843145,Uninterrupted_Baseline,1
1790422578.449843145,Uninterrupted_Baseline,192
1790422578.506562259,Uninterrupted_Baseline,1
1790422578.506562259,Uninterrupted_Baseline,193
1790422578.579195819,Uninterrupted_Baseline,1
1790422578.579195819,Uninterrupted_Baseline,194
1790422578.660356244,Uninterrupted_Baseline,1
1790422578.660356244,Uninterrupted_Baseline,195
1790422578.722362085,Uninterrupted_Baseline,1
1790422578.722362085,Uninterrupted_Baseline,196
1790422578.806934809,Uninterrupted_Baseline,1
1790422578.806934809,Uninterrupted_Baseline,197
1790422578.889549250,Uninterrupted_Baseline,1
1790422578.889549250,Uninterrupted_Baseline,198
1790422578.978574423,Uninterrupted_Baseline,1
1790422578.978574423,Uninterrupted_Baseline,199
1790422579.064924572,Uninterrupted_Baseline,1
1790422579.064924572,Uninterrupted_Baseline,200
1790422579.152851645,Uninterrupted_Baseline,1
1790422579.152851645,Uninterrupted_Baseline,201
1790422579.236451000,Uninterrupted_Baseline,1
1790422579.236451000,Uninterrupted_Baseline,202
1790422579.299106323,Uninterrupted_Baseline,1
1790422579.299106323,Uninterrupted_Baseline,203
1790422579.353327426,Uninterrupted_Baseline,1
1790422579.353327426,Uninterrupted_Baseline,204
1790422579.433168053,Uninterrupted_Baseline,1
1790422579.433168053,Uninterrupted_Baseline,205
1790422579.515776309,Uninterrupted_Baseline,1
1790422579.515776309,Uninterrupted_Baseline,206
1790422579.595351098,Uninterrupted_Baseline,1
1790422579.595351098,Uninterrupted_Baseline,207
1790422579.681742004,Uninterrupted_Baseline,1
1790422579.681742004,Uninterrupted_Baseline,208
1790422579.762343086,Uninterrupted_Baseline,1
1790422579.762343086,Uninterrupted_Baseline,209
1790422579.840880333,Uninterrupted_Baseline,1
1790422579.840880333,Uninterrupted_Baseline,210
1790422579.925572542,Uninterrupted_Baseline,1
1790422579.925572542,Uninterrupted_Baseline,211
1790422580.006276964,Uninterrupted_Baseline,1
1790422580.006276964,Uninterrupted_Baseline,212
1790422580.094521603,Uninterrupted_Baseline,1
1790422580.094521603,Uninterrupted_Baseline,213
1790422580.175792073,Uninterrupted_Baseline,1
1790422580.175792073,Uninterrupted_Baseline,214
1790422580.257573733,Uninterrupted_Baseline,1
1790422580.257573733,Uninterrupted_Baseline,215
1790422580.342492244,Uninterrupted_Baseline,1
1790422580.342492244,Uninterrupted_Baseline,216
1790422580.420047402,Uninterrupted_Baseline,1
1790422580.420047402,Uninterrupted_Baseline,217
1790422580.501322773,Uninterrupted_Baseline,1
1790422580.501322773,Uninterrupted_Baseline,218
1790422580.553113387,Uninterrupted_Baseline,1
1790422580.553113387,Uninterrupted_Baseline,219
1790422580.635847141,Uninterrupted_Baseline,1
1790422580.635847141,Uninterrupted_Baseline,220
1790422580.720125637,Uninterrupted_Baseline,1
1790422580.720125637,Uninterrupted_Baseline,221
1790422580.801362643,Uninterrupted_Baseline,1
1790422580.801362643,Uninterrupted_Baseline,222
1790422580.871898993,Uninterrupted_Baseline,1
1790422580.871898993,Uninterrupted_Baseline,223
1790422580.954769021,Uninterrupted_Baseline,1
1790422580.954769021,Uninterrupted_Baseline,224
1790422581.044337004,Uninterrupted_Baseline,1
1790422581.044337004,Uninterrupted_Baseline,225
1790422581.129234276,Uninterrupted_Baseline,1
1790422581.129234276,Uninterrupted_Baseline,226
1790422581.207795218,Uninterrupted_Baseline,1
1790422581.207795218,Uninterrupted_Baseline,227
1790422581.282816121,Uninterrupted_Baseline,1
1790422581.282816121,Uninterrupted_Baseline,228
1790422581.347757384,Uninterrupted_Baseline,229
1790422581.425716115,Uninterrupted_Baseline,230
1790422581.508444399,Uninterrupted_Baseline,231
1790422581.591639249,Uninterrupted_Baseline,232
1790422581.673522838,Uninterrupted_Baseline,233
1790422581.758214601,Uninterrupted_Baseline,234
1790422581.847830518,Uninterrupted_Baseline,235
1790422581.931870516,Uninterrupted_Baseline,236
1790422582.014994689,Uninterrupted_Baseline,237
1790422582.102611409,Uninterrupted_Baseline,238
1790422582.182096623,Uninterrupted_Baseline,239
1790422582.240853937,Uninterrupted_Baseline,240
1790422582.324566563,Uninterrupted_Baseline,241
1790422582.404751168,Uninterrupted_Baseline,242
1790422582.485953525,Uninterrupted_Baseline,243
1790422582.570465320,Uninterrupted_Baseline,244
1790422582.646234717,Uninterrupted_Baseline,245
1790422582.730566363,Uninterrupted_Baseline,246
1790422582.817760206,Uninterrupted_Baseline,247
1790422582.910166446,Uninterrupted_Baseline,248
1790422582.988380655,Uninterrupted_Baseline,249
1790422583.064206018,Uninterrupted_Baseline,250
1790422583.127986581,Uninterrupted_Baseline,251
1790422583.199883884,Uninterrupted_Baseline,252
1790422583.284925165,Uninterrupted_Baseline,253
1790422583.374814673,Uninterrupted_Baseline,254
1790422583.456091094,Uninterrupted_Baseline,255
1790422583.541381875,Uninterrupted_Baseline,256
1790422583.625834716,Uninterrupted_Baseline,257
1790422583.710757254,Uninterrupted_Baseline,259
1790422583.786458549,Uninterrupted_Baseline,260
1790422583.864282329,Uninterrupted_Baseline,260
1790422583.928123267,Uninterrupted_Baseline,261
1790422584.013562069,Uninterrupted_Baseline,262
1790422584.097293011,Uninterrupted_Baseline,263
1790422584.174309095,Uninterrupted_Baseline,264
1790422584.252561648,Uninterrupted_Baseline,265
1790422584.321333544,Uninterrupted_Baseline,266
1790422584.401484549,Uninterrupted_Baseline,267
1790422584.476773102,Uninterrupted_Baseline,268
1790422584.556882567,Uninterrupted_Baseline,269
1790422584.627485196,Uninterrupted_Baseline,270
1790422584.694013865,Uninterrupted_Baseline,271
1790422584.771345030,Uninterrupted_Baseline,272
1790422584.840178167,Uninterrupted_Baseline,273
1790422584.895748745,Uninterrupted_Baseline,273
1790422584.972610786,Uninterrupted_Baseline,274
1790422585.056214426,Uninterrupted_Baseline,275
1790422585.119878997,Uninterrupted_Baseline,276
1790422585.203339512,Uninterrupted_Baseline,277
1790422585.286892841,Uninterrupted_Baseline,278
1790422585.373471778,Uninterrupted_Baseline,279
1790422585.453469147,Uninterrupted_Baseline,281
1790422585.545866099,Uninterrupted_Baseline,282
1790422585.625187479,Uninterrupted_Baseline,283
1790422585.707833311,Uninterrupted_Baseline,284
1790422585.791407347,Uninterrupted_Baseline,285
1790422585.873739585,Uninterrupted_Baseline,286
1790422585.955681151,Uninterrupted_Baseline,287
1790422586.037216225,Uninterrupted_Baseline,288
1790422586.119420993,Uninterrupted_Baseline,289
1790422586.200622908,Uninterrupted_Baseline,290
1790422586.279894587,Uninterrupted_Baseline,291
1790422586.357423008,Uninterrupted_Baseline,292
1790422586.440140032,Uninterrupted_Baseline,293
1790422586.527579785,Uninterrupted_Baseline,294
1790422586.603191646,Uninterrupted_Baseline,295
1790422586.696472389,Uninterrupted_Baseline,296
1790422586.748041147,Uninterrupted_Baseline,297
1790422586.821369578,Uninterrupted_Baseline,297
1790422586.892754508,Uninterrupted_Baseline,298
1790422586.972014168,Uninterrupted_Baseline,299
1790422587.055250318,Uninterrupted_Baseline,300
1790422587.137377215,Uninterrupted_Baseline,301
1790422587.218071724,Uninterrupted_Baseline,302
1790422587.300266453,Uninterrupted_Baseline,303
1790422587.383019913,Uninterrupted_Baseline,304
1790422587.463527552,Uninterrupted_Baseline,305
1790422587.546410580,Uninterrupted_Baseline,306
1790422587.617923446,Uninterrupted_Baseline,307
1790422587.695054645,Uninterrupted_Baseline,308
1790422587.776260764,Uninterrupted_Baseline,309
1790422587.860755714,Uninterrupted_Baseline,310
1790422587.946846813,Uninterrupted_Baseline,311
1790422588.032895972,Uninterrupted_Baseline,312
1790422588.114701620,Uninterrupted_Baseline,313
1790422588.201410613,Uninterrupted_Baseline,315
1790422588.285331101,Uninterrupted_Baseline,316
1790422588.356055829,Uninterrupted_Baseline,316
1790422588.430174898,Uninterrupted_Baseline,317
1790422588.498719297,Uninterrupted_Baseline,318
1790422588.568246617,Uninterrupted_Baseline,319
1790422588.630274526,Uninterrupted_Baseline,320
1790422588.690801801,Uninterrupted_Baseline,321
1790422588.769294672,Uninterrupted_Baseline,322
1790422588.849500959,Uninterrupted_Baseline,323
1790422588.919292819,Uninterrupted_Baseline,323
1790422589.001995277,Uninterrupted_Baseline,324
1790422589.072912193,Uninterrupted_Baseline,325
1790422589.139640204,Uninterrupted_Baseline,326
1790422589.194025453,Uninterrupted_Baseline,327
1790422589.265397855,Uninterrupted_Baseline,328
1790422589.340098944,Uninterrupted_Baseline,329
1790422589.420335050,Uninterrupted_Baseline,330
1790422589.500233279,Uninterrupted_Baseline,331
1790422589.586004315,Uninterrupted_Baseline,331
1790422589.650362677,Uninterrupted_Baseline,332
1790422589.731545006,Uninterrupted_Baseline,333
1790422589.815388584,Uninterrupted_Baseline,334
1790422589.891556414,Uninterrupted_Baseline,335
1790422589.977799673,Uninterrupted_Baseline,336
1790422590.062705597,Uninterrupted_Baseline,337
1790422590.141138023,Uninterrupted_Baseline,338
1790422590.208589613,Uninterrupted_Baseline,339
1790422590.293623946,Uninterrupted_Baseline,340
1790422590.370442579,Uninterrupted_Baseline,341
1790422590.446797447,Uninterrupted_Baseline,342
1790422590.529370462,Uninterrupted_Baseline,343
1790422590.605680585,Uninterrupted_Baseline,344
1790422590.689409262,Uninterrupted_Baseline,345
1790422590.762368171,Uninterrupted_Baseline,346
1790422590.836862077,Uninterrupted_Baseline,347
1790422590.914319295,Uninterrupted_Baseline,348
1790422590.988506722,Uninterrupted_Baseline,349
1790422591.069225604,Uninterrupted_Baseline,349
1790422591.150072516,Uninterrupted_Baseline,350
1790422591.229824504,Uninterrupted_Baseline,351
1790422591.307864330,Uninterrupted_Baseline,352
1790422591.371275767,Uninterrupted_Baseline,353
1790422591.453861189,Uninterrupted_Baseline,354
1790422591.538834210,Uninterrupted_Baseline,308
1790422591.619378062,Uninterrupted_Baseline,177
1790422591.704499905,Uninterrupted_Baseline,178
1790422591.788267588,Uninterrupted_Baseline,179
1790422591.871445025,Uninterrupted_Baseline,180
1790422591.953544819,Uninterrupted_Baseline,181
1790422592.040860532,Uninterrupted_Baseline,182
1790422592.123904429,Uninterrupted_Baseline,183
1790422592.209890476,Uninterrupted_Baseline,184
1790422592.295353953,Uninterrupted_Baseline,185
1790422592.371341162,Uninterrupted_Baseline,186
1790422592.439437163,Uninterrupted_Baseline,187
1790422592.524561059,Uninterrupted_Baseline,188
1790422592.609710159,Uninterrupted_Baseline,189
1790422592.695508129,Uninterrupted_Baseline,190
1790422592.773032066,Uninterrupted_Baseline,191
1790422592.855879262,Uninterrupted_Baseline,192
1790422592.937393190,Uninterrupted_Baseline,194
1790422593.026417079,Uninterrupted_Baseline,195
1790422593.116417250,Uninterrupted_Baseline,196
1790422593.203119894,Uninterrupted_Baseline,197
1790422593.291824274,Uninterrupted_Baseline,198
1790422593.374185809,Uninterrupted_Baseline,199
1790422593.460905344,Uninterrupted_Baseline,200
1790422593.542242560,Uninterrupted_Baseline,201
1790422593.627370081,Uninterrupted_Baseline,202
1790422593.711305859,Uninterrupted_Baseline,203
1790422593.793528840,Uninterrupted_Baseline,204
1790422593.875050903,Uninterrupted_Baseline,205
1790422593.955050157,Uninterrupted_Baseline,206
1790422594.044622210,Uninterrupted_Baseline,207
1790422594.126581148,Uninterrupted_Baseline,208
1790422594.207216213,Uninterrupted_Baseline,209
1790422594.295139688,Uninterrupted_Baseline,210
1790422594.377884606,Uninterrupted_Baseline,211
1790422594.460827937,Uninterrupted_Baseline,213
1790422594.545549869,Uninterrupted_Baseline,214
1790422594.626954821,Uninterrupted_Baseline,215
1790422594.708409748,Uninterrupted_Baseline,216
1790422594.792415504,Uninterrupted_Baseline,217
1790422594.876810631,Uninterrupted_Baseline,218
1790422594.953580116,Uninterrupted_Baseline,219
1790422595.015200712,Uninterrupted_Baseline,219
1790422595.082800750,Uninterrupted_Baseline,220
1790422595.161822546,Uninterrupted_Baseline,221
1790422595.237423578,Uninterrupted_Baseline,222
1790422595.321635055,Uninterrupted_Baseline,223
1790422595.406993817,Uninterrupted_Baseline,224
1790422595.495258873,Uninterrupted_Baseline,225
1790422595.582350792,Uninterrupted_Baseline,227
1790422595.673943123,Uninterrupted_Baseline,228
1790422595.758252796,Uninterrupted_Baseline,229
1790422595.842412097,Uninterrupted_Baseline,230
1790422595.914361837,Uninterrupted_Baseline,231
1790422595.998196181,Uninterrupted_Baseline,232
1790422596.071183133,Uninterrupted_Baseline,233
1790422596.154709527,Uninterrupted_Baseline,234
1790422596.226071893,Uninterrupted_Baseline,235
1790422596.297236546,Uninterrupted_Baseline,236
1790422596.389227812,Uninterrupted_Baseline,237
1790422596.470254906,Uninterrupted_Baseline,238
1790422596.538161160,Uninterrupted_Baseline,239
1790422596.625631079,Uninterrupted_Baseline,240
1790422596.703183334,Uninterrupted_Baseline,241
1790422596.772878455,Uninterrupted_Baseline,242
1790422596.843894963,Uninterrupted_Baseline,242
1790422596.911449333,Uninterrupted_Baseline,243
1790422596.994223862,Uninterrupted_Baseline,244
1790422597.076077538,Uninterrupted_Baseline,245
1790422597.156903966,Uninterrupted_Baseline,246
1790422597.242720483,Uninterrupted_Baseline,247
1790422597.327043305,Uninterrupted_Baseline,249
1790422597.406223087,Uninterrupted_Baseline,250
1790422597.484166714,Uninterrupted_Baseline,250
1790422597.564187881,Uninterrupted_Baseline,252
1790422597.647695882,Uninterrupted_Baseline,253
1790422597.725870796,Uninterrupted_Baseline,253
1790422597.794876720,Uninterrupted_Baseline,254
1790422597.879221857,Uninterrupted_Baseline,255
1790422597.961149965,Uninterrupted_Baseline,257
1790422598.044275665,Uninterrupted_Baseline,257
1790422598.102506458,Uninterrupted_Baseline,258
1790422598.186368451,Uninterrupted_Baseline,259
1790422598.266686010,Uninterrupted_Baseline,260
1790422598.351827855,Uninterrupted_Baseline,261
1790422598.420492124,Uninterrupted_Baseline,262
1790422598.470150998,Uninterrupted_Baseline,263
1790422598.525485132,Uninterrupted_Baseline,264
1790422598.585670413,Uninterrupted_Baseline,264
1790422598.642853714,Uninterrupted_Baseline,265
1790422598.707395327,Uninterrupted_Baseline,266
1790422598.789945250,Uninterrupted_Baseline,267
1790422598.867526799,Uninterrupted_Baseline,268
1790422598.928557503,Uninterrupted_Baseline,269
1790422599.011777441,Uninterrupted_Baseline,270
1790422599.098994716,Uninterrupted_Baseline,271
1790422599.174747262,Uninterrupted_Baseline,272
1790422599.231519622,Uninterrupted_Baseline,272
1790422599.292406035,Uninterrupted_Baseline,273
1790422599.369236553,Uninterrupted_Baseline,274
1790422599.447257735,Uninterrupted_Baseline,275
1790422599.528005762,Uninterrupted_Baseline,276
1790422599.611110039,Uninterrupted_Baseline,277
1790422599.692734429,Uninterrupted_Baseline,278
1790422599.778177783,Uninterrupted_Baseline,279
1790422599.861913390,Uninterrupted_Baseline,281
1790422599.954815103,Uninterrupted_Baseline,282
1790422600.039582946,Uninterrupted_Baseline,283
1790422600.125520493,Uninterrupted_Baseline,284
1790422600.207627906,Uninterrupted_Baseline,285
1790422600.291619487,Uninterrupted_Baseline,286
1790422600.372481625,Uninterrupted_Baseline,287
1790422600.446451772,Uninterrupted_Baseline,288
1790422600.529837244,Uninterrupted_Baseline,289
1790422600.589984190,Uninterrupted_Baseline,290
1790422600.670750308,Uninterrupted_Baseline,291
1790422600.751443183,Uninterrupted_Baseline,292
1790422600.832637325,Uninterrupted_Baseline,293
1790422600.910186538,Uninterrupted_Baseline,294
1790422600.988842932,Uninterrupted_Baseline,295
1790422601.071242434,Uninterrupted_Baseline,296
1790422601.155023027,Uninterrupted_Baseline,297
1790422601.245497509,Uninterrupted_Baseline,298
1790422601.321175872,Uninterrupted_Baseline,299
1790422601.403348411,Uninterrupted_Baseline,300
1790422601.483807971,Uninterrupted_Baseline,301
1790422601.566384345,Uninterrupted_Baseline,302
1790422601.648397233,Uninterrupted_Baseline,303
1790422601.730889480,Uninterrupted_Baseline,304
1790422601.811678522,Uninterrupted_Baseline,305
1790422601.894079638,Uninterrupted_Baseline,306
1790422601.976227068,Uninterrupted_Baseline,307
1790422602.060309601,Uninterrupted_Baseline,308
1790422602.137190929,Uninterrupted_Baseline,309
1790422602.220846011,Uninterrupted_Baseline,310
1790422602.297992192,Uninterrupted_Baseline,311
1790422602.367781507,Uninterrupted_Baseline,312
1790422602.445589714,Uninterrupted_Baseline,313
1790422602.517583759,Uninterrupted_Baseline,314
1790422602.598562744,Uninterrupted_Baseline,315
1790422602.680001328,Uninterrupted_Baseline,316
1790422602.764116348,Uninterrupted_Baseline,317
1790422602.841981750,Uninterrupted_Baseline,317
1790422602.906339360,Uninterrupted_Baseline,318
1790422602.985868172,Uninterrupted_Baseline,319
1790422603.065413125,Uninterrupted_Baseline,320
1790422603.143260774,Uninterrupted_Baseline,321
1790422603.225908279,Uninterrupted_Baseline,322
1790422603.302302268,Uninterrupted_Baseline,323
1790422603.381862234,Uninterrupted_Baseline,324
1790422603.462358754,Uninterrupted_Baseline,325
1790422603.545289085,Uninterrupted_Baseline,326
1790422603.627296219,Uninterrupted_Baseline,327
1790422603.707579572,Uninterrupted_Baseline,328
1790422603.786498823,Uninterrupted_Baseline,329
1790422603.869124737,Uninterrupted_Baseline,330
1790422603.953988792,Uninterrupted_Baseline,331
1790422604.034487066,Uninterrupted_Baseline,332
1790422604.115487851,Uninterrupted_Baseline,333
1790422604.196528410,Uninterrupted_Baseline,334
1790422604.278594140,Uninterrupted_Baseline,335
1790422604.366731222,Uninterrupted_Baseline,336
1790422604.442510090,Uninterrupted_Baseline,337
1790422604.521933700,Uninterrupted_Baseline,338
1790422604.602117363,Uninterrupted_Baseline,339
1790422604.684611347,Uninterrupted_Baseline,340
1790422604.765409183,Uninterrupted_Baseline,341
1790422604.830937713,Uninterrupted_Baseline,342
1790422604.891495264,Uninterrupted_Baseline,343
1790422604.962422565,Uninterrupted_Baseline,344
1790422605.038282889,Uninterrupted_Baseline,344
1790422605.120776678,Uninterrupted_Baseline,345
1790422605.196791944,Uninterrupted_Baseline,346
1790422605.283280801,Uninterrupted_Baseline,347
1790422605.359098216,Uninterrupted_Baseline,348
1790422605.443800597,Uninterrupted_Baseline,349
1790422605.524989699,Uninterrupted_Baseline,350
1790422605.601862316,Uninterrupted_Baseline,351
1790422605.683846750,Uninterrupted_Baseline,352
1790422605.770860573,Uninterrupted_Baseline,353
1790422605.852562444,Uninterrupted_Baseline,354
1790422605.936536244,Uninterrupted_Baseline,355
1790422606.010775014,Uninterrupted_Baseline,356
1790422606.094418707,Uninterrupted_Baseline,357
1790422606.185796668,Uninterrupted_Baseline,358
1790422606.252817321,Uninterrupted_Baseline,316
1790422606.309821071,Uninterrupted_Baseline,179
1790422606.390506342,Uninterrupted_Baseline,179
1790422606.472364285,Uninterrupted_Baseline,179
1790422606.546417529,Uninterrupted_Baseline,180
1790422606.625968711,Uninterrupted_Baseline,181
1790422606.700019969,Uninterrupted_Baseline,182
1790422606.777999113,Uninterrupted_Baseline,183
1790422606.859996647,Uninterrupted_Baseline,184
1790422606.940808408,Uninterrupted_Baseline,185
1790422607.012075478,Uninterrupted_Baseline,186
1790422607.094332544,Uninterrupted_Baseline,187
1790422607.171340324,Uninterrupted_Baseline,188
1790422607.245396903,Uninterrupted_Baseline,189
1790422607.323829416,Uninterrupted_Baseline,190
1790422607.404700199,Uninterrupted_Baseline,191
1790422607.485365126,Uninterrupted_Baseline,192
1790422607.567762217,Uninterrupted_Baseline,193
1790422607.646640999,Uninterrupted_Baseline,194
1790422607.725203883,Uninterrupted_Baseline,195
1790422607.812318912,Uninterrupted_Baseline,196
1790422607.894170428,Uninterrupted_Baseline,197
1790422607.973027040,Uninterrupted_Baseline,198
1790422608.049210467,Uninterrupted_Baseline,199
1790422608.124584559,Uninterrupted_Baseline,200
1790422608.203368844,Uninterrupted_Baseline,201
1790422608.277612879,Uninterrupted_Baseline,202
1790422608.354041348,Uninterrupted_Baseline,203
1790422608.421602109,Uninterrupted_Baseline,204
1790422608.478731390,Uninterrupted_Baseline,204
1790422608.538600391,Uninterrupted_Baseline,205
1790422608.596807831,Uninterrupted_Baseline,206
1790422608.681354758,Uninterrupted_Baseline,207
1790422608.742412128,Uninterrupted_Baseline,208
1790422608.810801057,Uninterrupted_Baseline,209
1790422608.895092316,Uninterrupted_Baseline,210
1790422608.975291164,Uninterrupted_Baseline,211
1790422609.060376315,Uninterrupted_Baseline,212
1790422609.122404724,Uninterrupted_Baseline,213
1790422609.200462528,Uninterrupted_Baseline,214
1790422609.276569859,Uninterrupted_Baseline,215
1790422609.352723016,Uninterrupted_Baseline,216
1790422609.426795053,Uninterrupted_Baseline,216
1790422609.483576815,Uninterrupted_Baseline,217
1790422609.562844647,Uninterrupted_Baseline,218
1790422609.613236776,Uninterrupted_Baseline,219
1790422609.682431551,Uninterrupted_Baseline,220
1790422609.761113488,Uninterrupted_Baseline,221
1790422609.840626020,Uninterrupted_Baseline,222
1790422609.923264653,Uninterrupted_Baseline,223
1790422610.009150571,Uninterrupted_Baseline,224
1790422610.091984518,Uninterrupted_Baseline,225
1790422610.174107729,Uninterrupted_Baseline,226
1790422610.254142054,Uninterrupted_Baseline,227
1790422610.331022510,Uninterrupted_Baseline,228
1790422610.412763490,Uninterrupted_Baseline,229
1790422610.500483419,Uninterrupted_Baseline,230
1790422610.577327572,Uninterrupted_Baseline,231
1790422610.660304126,Uninterrupted_Baseline,232
1790422610.740547778,Uninterrupted_Baseline,233
1790422610.822503982,Uninterrupted_Baseline,234
1790422610.899179794,Uninterrupted_Baseline,235
1790422610.984356130,Uninterrupted_Baseline,236
1790422611.070082744,Uninterrupted_Baseline,237
1790422611.152461084,Uninterrupted_Baseline,238
1790422611.238350247,Uninterrupted_Baseline,239
1790422611.315107070,Uninterrupted_Baseline,240
1790422611.397211528,Uninterrupted_Baseline,241
1790422611.473832980,Uninterrupted_Baseline,242
1790422611.547002808,Uninterrupted_Baseline,243
1790422611.629471642,Uninterrupted_Baseline,244
1790422611.711164148,Uninterrupted_Baseline,245
1790422611.790561914,Uninterrupted_Baseline,246
1790422611.875321405,Uninterrupted_Baseline,247
1790422611.961830360,Uninterrupted_Baseline,248
1790422612.047894690,Uninterrupted_Baseline,249
1790422612.129644323,Uninterrupted_Baseline,251
1790422612.213368656,Uninterrupted_Baseline,252
1790422612.293516439,Uninterrupted_Baseline,253
1790422612.373021586,Uninterrupted_Baseline,254
1790422612.453791775,Uninterrupted_Baseline,254
1790422612.534003717,Uninterrupted_Baseline,256
1790422612.616129024,Uninterrupted_Baseline,257
1790422612.700274181,Uninterrupted_Baseline,258
1790422612.788099187,Uninterrupted_Baseline,259
1790422612.871979417,Uninterrupted_Baseline,260
1790422612.948743379,Uninterrupted_Baseline,261
1790422613.030040488,Uninterrupted_Baseline,262
1790422613.107368690,Uninterrupted_Baseline,263
1790422613.192308160,Uninterrupted_Baseline,264
1790422613.279255693,Uninterrupted_Baseline,265
1790422613.368326834,Uninterrupted_Baseline,266
1790422613.456513557,Uninterrupted_Baseline,267
1790422613.535819092,Uninterrupted_Baseline,268
1790422613.621542529,Uninterrupted_Baseline,269
1790422613.701299109,Uninterrupted_Baseline,270
1790422613.779283358,Uninterrupted_Baseline,271
1790422613.846111533,Uninterrupted_Baseline,272
1790422613.926442593,Uninterrupted_Baseline,273
1790422614.004629397,Uninterrupted_Baseline,274
1790422614.087175394,Uninterrupted_Baseline,275
1790422614.167334277,Uninterrupted_Baseline,276
1790422614.233488872,Uninterrupted_Baseline,277
1790422614.312721207,Uninterrupted_Baseline,278
1790422614.394018655,Uninterrupted_Baseline,279
1790422614.464080970,Uninterrupted_Baseline,280
1790422614.542799916,Uninterrupted_Baseline,281
1790422614.625850319,Uninterrupted_Baseline,282
1790422614.719523384,Uninterrupted_Baseline,283
1790422614.808773288,Uninterrupted_Baseline,284
1790422614.893127977,Uninterrupted_Baseline,285
1790422614.988077773,Uninterrupted_Baseline,286
1790422615.062259318,Uninterrupted_Baseline,287
1790422615.127120819,Uninterrupted_Baseline,288
1790422615.202567972,Uninterrupted_Baseline,289
1790422615.285553294,Uninterrupted_Baseline,290
1790422615.369308804,Uninterrupted_Baseline,291
1790422615.450222924,Uninterrupted_Baseline,292
1790422615.533905764,Uninterrupted_Baseline,293
1790422615.617269508,Uninterrupted_Baseline,294
1790422615.697146303,Uninterrupted_Baseline,295
1790422615.770081967,Uninterrupted_Baseline,296
1790422615.851037209,Uninterrupted_Baseline,297
1790422615.932233443,Uninterrupted_Baseline,298
1790422616.012825792,Uninterrupted_Baseline,299
1790422616.093487206,Uninterrupted_Baseline,300
1790422616.173860766,Uninterrupted_Baseline,301
1790422616.257465734,Uninterrupted_Baseline,302
1790422616.339345058,Uninterrupted_Baseline,303
1790422616.418895225,Uninterrupted_Baseline,304
1790422616.486392539,Uninterrupted_Baseline,305
1790422616.555828252,Uninterrupted_Baseline,306
1790422616.624283377,Uninterrupted_Baseline,307
1790422616.703311317,Uninterrupted_Baseline,308
1790422616.785123775,Uninterrupted_Baseline,309
1790422616.869437323,Uninterrupted_Baseline,310
1790422616.943152275,Uninterrupted_Baseline,311
1790422617.022897470,Uninterrupted_Baseline,312
1790422617.104456331,Uninterrupted_Baseline,313
1790422617.191793791,Uninterrupted_Baseline,313
1790422617.258704514,Uninterrupted_Baseline,314
1790422617.343020939,Uninterrupted_Baseline,316
1790422617.424466238,Uninterrupted_Baseline,316
1790422617.484176405,Uninterrupted_Baseline,317
1790422617.533214700,Uninterrupted_Baseline,318
1790422617.602239715,Uninterrupted_Baseline,319
1790422628.173118539,Phase1_Baseline,10
1790422628.245191349,Phase1_Baseline,18
1790422628.301439395,Phase1_Baseline,36
1790422628.366824116,Phase1_Baseline,38
1790422628.424152819,Phase1_Baseline,72
1790422628.474232287,Phase1_Baseline,144
1790422628.529773891,Phase1_Baseline,202
1790422628.593704628,Phase1_Baseline,295
1790422628.656085280,Phase1_Baseline,552
1790422628.720138028,Phase1_Baseline,787
1790422628.773031134,Phase1_Baseline,1033
1790422628.842124028,Phase1_Baseline,1088
1790422628.913480902,Phase1_Baseline,939
1790422628.977476845,Phase1_Baseline,762
1790422629.049239107,Phase1_Baseline,620
1790422629.121998976,Phase1_Baseline,581
1790422629.178253613,Phase1_Baseline,581
1790422629.237022680,Phase1_Baseline,539
1790422629.298111006,Phase1_Baseline,404
1790422629.383823485,Phase1_Baseline,290
1790422629.459029415,Phase1_Baseline,290
1790422629.538065720,Phase1_Baseline,218
1790422629.612853456,Phase1_Baseline,145
1790422629.697384165,Phase1_Baseline,145
1790422629.773680562,Phase1_Baseline,146
1790422629.839498237,Phase1_Baseline,147
1790422629.917087171,Phase1_Baseline,148
1790422630.002175052,Phase1_Baseline,149
1790422630.077459788,Phase1_Baseline,150
1790422630.160282468,Phase1_Baseline,151
1790422630.239970690,Phase1_Baseline,152
1790422630.316046752,Phase1_Baseline,153
1790422630.394096113,Phase1_Baseline,154
1790422630.459983521,Phase1_Baseline,155
1790422630.531949999,Phase1_Baseline,156
1790422630.584245011,Phase1_Baseline,157
1790422630.666058497,Phase1_Baseline,158
1790422630.744009440,Phase1_Baseline,159
1790422630.825498828,Phase1_Baseline,160
1790422630.908617118,Phase1_Baseline,161
1790422630.987408145,Phase1_Baseline,162
1790422631.055705465,Phase1_Baseline,163
1790422631.137568560,Phase1_Baseline,164
1790422631.200139255,Phase1_Baseline,164
1790422631.266549057,Phase1_Baseline,165
1790422631.339900110,Phase1_Baseline,166
1790422631.415634104,Phase1_Baseline,167
1790422631.478813805,Phase1_Baseline,168
1790422631.562869307,Phase1_Baseline,169
1790422631.641212801,Phase1_Baseline,170
1790422631.713346121,Phase1_Baseline,171
1790422631.786558843,Phase1_Baseline,172
1790422631.868597118,Phase1_Baseline,173
1790422631.952372221,Phase1_Baseline,174
1790422632.036494534,Phase1_Baseline,175
1790422632.114467763,Phase1_Baseline,176
1790422632.194241936,Phase1_Baseline,177
1790422632.278847545,Phase1_Baseline,178
1790422632.349526037,Phase1_Baseline,179
1790422632.421257780,Phase1_Baseline,180
1790422632.496853091,Phase1_Baseline,181
1790422632.580007547,Phase1_Baseline,182
1790422632.661599688,Phase1_Baseline,183
1790422632.740300446,Phase1_Baseline,184
1790422632.819227469,Phase1_Baseline,185
1790422632.899187171,Phase1_Baseline,186
1790422632.984399182,Phase1_Baseline,187
1790422633.062219093,Phase1_Baseline,188
1790422633.117544778,Phase1_Baseline,189
1790422633.189749376,Phase1_Baseline,190
1790422633.273095529,Phase1_Baseline,191
1790422633.354871747,Phase1_Baseline,192
1790422633.438212865,Phase1_Baseline,193
1790422633.516209191,Phase1_Baseline,194
1790422633.598039324,Phase1_Baseline,195
1790422633.679632348,Phase1_Baseline,196
1790422633.763517760,Phase1_Baseline,197
1790422633.845389149,Phase1_Baseline,198
1790422633.927273490,Phase1_Baseline,199
1790422634.008631515,Phase1_Baseline,200
1790422634.090769975,Phase1_Baseline,201
1790422634.171940010,Phase1_Baseline,202
1790422634.249964566,Phase1_Baseline,203
1790422634.327578476,Phase1_Baseline,204
1790422634.405677249,Phase1_Baseline,205
1790422634.479143224,Phase1_Baseline,206
1790422634.556326114,Phase1_Baseline,207
1790422634.637728365,Phase1_Baseline,208
1790422634.714573960,Phase1_Baseline,209
1790422634.783320430,Phase1_Baseline,210
1790422634.853434787,Phase1_Baseline,211
1790422634.935532067,Phase1_Baseline,212
1790422635.015317535,Phase1_Baseline,213
1790422635.089565809,Phase1_Baseline,214
1790422635.141325088,Phase1_Baseline,214
1790422635.199145111,Phase1_Baseline,215
1790422635.273585400,Phase1_Baseline,216
1790422635.331381143,Phase1_Baseline,217
1790422635.394691394,Phase1_Baseline,218
1790422635.474421572,Phase1_Baseline,219
1790422635.550084361,Phase1_Baseline,219
1790422635.629783182,Phase1_Baseline,221
1790422635.705308817,Phase1_Baseline,221
1790422635.778244617,Phase1_Baseline,222
1790422635.859137727,Phase1_Baseline,223
1790422635.942912219,Phase1_Baseline,224
1790422636.021535486,Phase1_Baseline,225
1790422636.092184077,Phase1_Baseline,226
1790422636.172532443,Phase1_Baseline,227
1790422636.250714307,Phase1_Baseline,228
1790422636.321631600,Phase1_Baseline,229
1790422636.401451537,Phase1_Baseline,230
1790422636.479282230,Phase1_Baseline,231
1790422636.559391160,Phase1_Baseline,232
1790422636.641820350,Phase1_Baseline,233
1790422636.711385386,Phase1_Baseline,234
1790422636.795522182,Phase1_Baseline,235
1790422636.876441833,Phase1_Baseline,236
1790422636.962361503,Phase1_Baseline,237
1790422637.044179223,Phase1_Baseline,238
1790422637.125941712,Phase1_Baseline,239
1790422637.206441544,Phase1_Baseline,240
1790422637.283427558,Phase1_Baseline,241
1790422637.369092400,Phase1_Baseline,243
1790422637.450465386,Phase1_Baseline,244
1790422637.535513250,Phase1_Baseline,245
1790422637.614199496,Phase1_Baseline,246
1790422637.697803672,Phase1_Baseline,247
1790422637.777220120,Phase1_Baseline,248
1790422637.849722238,Phase1_Baseline,249
1790422637.931557042,Phase1_Baseline,250
1790422638.006622277,Phase1_Baseline,251
1790422638.078877169,Phase1_Baseline,252
1790422638.133364041,Phase1_Baseline,252
1790422638.200039643,Phase1_Baseline,253
1790422638.271739565,Phase1_Baseline,254
1790422638.328590474,Phase1_Baseline,255
1790422638.406941564,Phase1_Baseline,256
1790422638.454547674,Phase1_Baseline,256
1790422638.507694524,Phase1_Baseline,257
1790422638.570472436,Phase1_Baseline,258
1790422638.637267610,Phase1_Baseline,259
1790422638.701976669,Phase1_Baseline,259
1790422638.775249473,Phase1_Baseline,260
1790422638.838987897,Phase1_Baseline,261
1790422638.918199259,Phase1_Baseline,262
1790422638.993207994,Phase1_Baseline,263
1790422639.075981852,Phase1_Baseline,264
1790422639.158110880,Phase1_Baseline,265
1790422639.226622640,Phase1_Baseline,266
1790422639.279421382,Phase1_Baseline,267
1790422639.350560809,Phase1_Baseline,268
1790422639.427806399,Phase1_Baseline,268
1790422639.500790495,Phase1_Baseline,269
1790422639.579148059,Phase1_Baseline,270
1790422639.658246523,Phase1_Baseline,271
1790422639.727795976,Phase1_Baseline,272
1790422639.786016062,Phase1_Baseline,273
1790422639.862576392,Phase1_Baseline,274
1790422639.926971069,Phase1_Baseline,275
1790422640.002131984,Phase1_Baseline,276
1790422640.085987776,Phase1_Baseline,277
1790422640.166106996,Phase1_Baseline,278
1790422640.247611904,Phase1_Baseline,279
1790422640.328732796,Phase1_Baseline,280
1790422640.405482097,Phase1_Baseline,281
1790422640.487302278,Phase1_Baseline,282
1790422640.565781157,Phase1_Baseline,283
1790422640.636021006,Phase1_Baseline,284
1790422640.711779863,Phase1_Baseline,285
1790422640.786731316,Phase1_Baseline,286
1790422640.856355030,Phase1_Baseline,286
1790422640.931827810,Phase1_Baseline,287
1790422641.013036192,Phase1_Baseline,288
1790422641.093207362,Phase1_Baseline,289
1790422641.173111181,Phase1_Baseline,290
1790422641.253263291,Phase1_Baseline,291
1790422641.324572608,Phase1_Baseline,292
1790422641.397359374,Phase1_Baseline,293
1790422641.462587418,Phase1_Baseline,294
1790422641.537629412,Phase1_Baseline,295
1790422641.624489893,Phase1_Baseline,296
1790422641.706550661,Phase1_Baseline,297
1790422641.783436469,Phase1_Baseline,298
1790422641.865851535,Phase1_Baseline,299
1790422641.944096178,Phase1_Baseline,300
1790422642.025108486,Phase1_Baseline,301
1790422642.107524081,Phase1_Baseline,302
1790422642.190636218,Phase1_Baseline,303
1790422642.272892164,Phase1_Baseline,304
1790422642.356976967,Phase1_Baseline,305
1790422642.434071429,Phase1_Baseline,306
1790422642.514517683,Phase1_Baseline,307
1790422642.598000227,Phase1_Baseline,308
1790422642.677895506,Phase1_Baseline,309
1790422642.760794476,Phase1_Baseline,310
1790422642.839451962,Phase1_Baseline,311
1790422642.920340768,Phase1_Baseline,312
1790422642.977196944,Phase1_Baseline,313
1790422643.061261777,Phase1_Baseline,314
1790422643.150223477,Phase1_Baseline,315
1790422643.231858771,Phase1_Baseline,316
1790422643.311185272,Phase1_Baseline,317
1790422643.375990038,Phase1_Baseline,318
1790422643.459520425,Phase1_Baseline,319
1790422643.535742795,Phase1_Baseline,320
1790422643.620592635,Phase1_Baseline,321
1790422643.693572940,Phase1_Baseline,322
1790422643.775491964,Phase1_Baseline,323
1790422643.859086590,Phase1_Baseline,324
1790422643.935834575,Phase1_Baseline,325
1790422644.018860251,Phase1_Baseline,326
1790422644.093300011,Phase1_Baseline,327
1790422644.162881008,Phase1_Baseline,327
1790422644.237963608,Phase1_Baseline,328
1790422644.319960632,Phase1_Baseline,329
1790422644.404405198,Phase1_Baseline,330
1790422644.486786673,Phase1_Baseline,331
1790422644.565593720,Phase1_Baseline,332
1790422644.644531319,Phase1_Baseline,333
1790422644.708586192,Phase1_Baseline,334
1790422644.770752244,Phase1_Baseline,335
1790422644.849085528,Phase1_Baseline,336
1790422644.915818529,Phase1_Baseline,337
1790422644.999074748,Phase1_Baseline,338
1790422645.074494168,Phase1_Baseline,339
1790422645.136447087,Phase1_Baseline,339
1790422645.214362263,Phase1_Baseline,340
1790422645.290444187,Phase1_Baseline,341
1790422645.371719917,Phase1_Baseline,342
1790422645.449438796,Phase1_Baseline,343
1790422645.527057436,Phase1_Baseline,344
1790422645.602235372,Phase1_Baseline,345
1790422645.677786632,Phase1_Baseline,346
1790422645.759292259,Phase1_Baseline,347
1790422645.840311956,Phase1_Baseline,348
1790422645.905282325,Phase1_Baseline,349
1790422645.982423223,Phase1_Baseline,349
1790422646.051020777,Phase1_Baseline,350
1790422646.128880407,Phase1_Baseline,351
1790422646.209800914,Phase1_Baseline,352
1790422646.289550837,Phase1_Baseline,353
1790422646.354151250,Phase1_Baseline,354
1790422646.433530270,Phase1_Baseline,262
1790422646.510049848,Phase1_Baseline,177
1790422646.588608780,Phase1_Baseline,177
1790422646.672019064,Phase1_Baseline,178
1790422646.738573625,Phase1_Baseline,179
1790422646.818442378,Phase1_Baseline,180
1790422646.895517556,Phase1_Baseline,181
1790422646.973449037,Phase1_Baseline,182
1790422647.046571418,Phase1_Baseline,182
1790422647.123389066,Phase1_Baseline,184
1790422647.204418136,Phase1_Baseline,184
1790422647.286536104,Phase1_Baseline,186
1790422647.370142514,Phase1_Baseline,187
1790422647.457446647,Phase1_Baseline,188
1790422647.540126557,Phase1_Baseline,189
1790422647.621571527,Phase1_Baseline,190
1790422647.684553311,Phase1_Baseline,191
1790422647.747488396,Phase1_Baseline,191
1790422647.827881464,Phase1_Baseline,192
1790422647.912938124,Phase1_Baseline,194
1790422647.991499110,Phase1_Baseline,195
1790422648.065187106,Phase1_Baseline,195
1790422648.136409471,Phase1_Baseline,196
1790422648.219302016,Phase1_Baseline,197
1790422648.285861506,Phase1_Baseline,198
1790422648.365934206,Phase1_Baseline,199
1790422648.434866334,Phase1_Baseline,200
1790422648.488281925,Phase1_Baseline,201
1790422648.541783281,Phase1_Baseline,201
1790422648.596403756,Phase1_Baseline,202
1790422648.654756995,Phase1_Baseline,203
1790422648.714839529,Phase1_Baseline,204
1790422648.792463363,Phase1_Baseline,205
1790422648.874843348,Phase1_Baseline,206
1790422648.953517816,Phase1_Baseline,207
1790422649.035806508,Phase1_Baseline,208
1790422649.114974966,Phase1_Baseline,209
1790422649.193452383,Phase1_Baseline,210
1790422649.268012106,Phase1_Baseline,211
1790422649.324850926,Phase1_Baseline,211
1790422649.396935239,Phase1_Baseline,212
1790422649.474693554,Phase1_Baseline,213
1790422649.556608210,Phase1_Baseline,214
1790422649.631532072,Phase1_Baseline,215
1790422649.705351992,Phase1_Baseline,216
1790422649.777855844,Phase1_Baseline,217
1790422649.870339989,Phase1_Baseline,218
1790422649.953482846,Phase1_Baseline,219
1790422650.037319278,Phase1_Baseline,220
1790422650.118794867,Phase1_Baseline,221
1790422650.200732763,Phase1_Baseline,222
1790422650.284433825,Phase1_Baseline,224
1790422650.363175673,Phase1_Baseline,225
1790422650.444766853,Phase1_Baseline,226
1790422650.527521666,Phase1_Baseline,227
1790422650.602946031,Phase1_Baseline,228
1790422650.682887825,Phase1_Baseline,229
1790422650.761315721,Phase1_Baseline,230
1790422650.837501036,Phase1_Baseline,230
1790422650.921139124,Phase1_Baseline,232
1790422650.989720802,Phase1_Baseline,232
1790422651.054193180,Phase1_Baseline,233
1790422651.133677770,Phase1_Baseline,234
1790422651.214017590,Phase1_Baseline,235
1790422651.293195216,Phase1_Baseline,236
1790422651.353872684,Phase1_Baseline,237
1790422651.418872157,Phase1_Baseline,238
1790422651.502114245,Phase1_Baseline,239
1790422651.583403882,Phase1_Baseline,240
1790422651.662272410,Phase1_Baseline,241
1790422651.738183495,Phase1_Baseline,242
1790422651.808157835,Phase1_Baseline,243
1790422651.883233293,Phase1_Baseline,244
1790422651.953444505,Phase1_Baseline,245
1790422652.033729602,Phase1_Baseline,246
1790422652.095959096,Phase1_Baseline,246
1790422652.171367425,Phase1_Baseline,247
1790422652.249859077,Phase1_Baseline,248
1790422653.586839945,Phase2_Migrated,10
1790422653.665329610,Phase2_Migrated,10
1790422653.756274906,Phase2_Migrated,12
1790422653.844763158,Phase2_Migrated,25
1790422653.934470286,Phase2_Migrated,50
1790422654.028039477,Phase2_Migrated,100
1790422654.126128231,Phase2_Migrated,242
1790422654.219055220,Phase2_Migrated,480
1790422654.311252686,Phase2_Migrated,879
1790422654.402423224,Phase2_Migrated,485
1790422654.500222792,Phase2_Migrated,462
1790422654.595148824,Phase2_Migrated,566
1790422654.693050181,Phase2_Migrated,566
1790422654.787600612,Phase2_Migrated,385
1790422654.879455063,Phase2_Migrated,283
1790422654.979335992,Phase2_Migrated,156
1790422655.049419542,Phase2_Migrated,141
1790422655.119799682,Phase2_Migrated,141
1790422655.197434439,Phase2_Migrated,142
1790422655.285204659,Phase2_Migrated,143
1790422655.373803433,Phase2_Migrated,144
1790422655.467614208,Phase2_Migrated,145
1790422655.546824152,Phase2_Migrated,146
1790422655.639537809,Phase2_Migrated,148
1790422655.735129071,Phase2_Migrated,149
1790422655.821440356,Phase2_Migrated,150
1790422655.903065816,Phase2_Migrated,151
1790422655.990286017,Phase2_Migrated,152
1790422656.078504852,Phase2_Migrated,153
1790422656.152164306,Phase2_Migrated,154
1790422656.247577432,Phase2_Migrated,155
1790422656.335608401,Phase2_Migrated,156
1790422656.434200279,Phase2_Migrated,158
1790422656.505558085,Phase2_Migrated,159
1790422656.593278098,Phase2_Migrated,160
1790422656.691098545,Phase2_Migrated,161
1790422656.789342350,Phase2_Migrated,162
1790422656.870973971,Phase2_Migrated,163
1790422656.966262684,Phase2_Migrated,164
1790422657.057245922,Phase2_Migrated,166
1790422657.142524172,Phase2_Migrated,167
1790422657.226847475,Phase2_Migrated,168
1790422657.310503022,Phase2_Migrated,169
1790422657.409467386,Phase2_Migrated,170
1790422657.500081255,Phase2_Migrated,171
1790422657.589850725,Phase2_Migrated,172
1790422657.674001172,Phase2_Migrated,173
1790422657.767288870,Phase2_Migrated,175
1790422657.857134470,Phase2_Migrated,176
1790422657.935382666,Phase2_Migrated,177
1790422658.019802410,Phase2_Migrated,178
1790422658.086745225,Phase2_Migrated,179
1790422658.182127426,Phase2_Migrated,180
1790422658.267430106,Phase2_Migrated,181
1790422658.329591800,Phase2_Migrated,182
1790422658.409413268,Phase2_Migrated,183
1790422658.462956878,Phase2_Migrated,183
1790422658.535740497,Phase2_Migrated,184
1790422658.602428641,Phase2_Migrated,185
1790422658.674223129,Phase2_Migrated,186
1790422658.762551864,Phase2_Migrated,187
1790422658.838263605,Phase2_Migrated,188
1790422658.931705922,Phase2_Migrated,189
1790422659.015981238,Phase2_Migrated,190
1790422659.098839262,Phase2_Migrated,191
1790422659.162726095,Phase2_Migrated,192
1790422659.247431419,Phase2_Migrated,193
1790422659.335040644,Phase2_Migrated,194
1790422659.425166929,Phase2_Migrated,196
1790422659.509377066,Phase2_Migrated,197
1790422659.598014137,Phase2_Migrated,198
1790422659.689101421,Phase2_Migrated,199
1790422659.783118455,Phase2_Migrated,200
1790422659.876950317,Phase2_Migrated,201
1790422659.969613584,Phase2_Migrated,202
1790422660.059244549,Phase2_Migrated,203
1790422660.139111663,Phase2_Migrated,204
1790422660.215743657,Phase2_Migrated,205
1790422660.296074161,Phase2_Migrated,207
1790422660.385442577,Phase2_Migrated,208
1790422660.465559713,Phase2_Migrated,209
1790422660.544563426,Phase2_Migrated,210
1790422660.653099597,Phase2_Migrated,211
1790422660.706170023,Phase2_Migrated,212
1790422660.768802129,Phase2_Migrated,213
1790422660.858158446,Phase2_Migrated,214
1790422660.954820019,Phase2_Migrated,215
1790422661.055441475,Phase2_Migrated,216
1790422661.141552939,Phase2_Migrated,217
1790422661.233958690,Phase2_Migrated,218
1790422661.328269557,Phase2_Migrated,220
1790422661.419846140,Phase2_Migrated,221
1790422661.510414297,Phase2_Migrated,222
1790422661.600104929,Phase2_Migrated,223
1790422661.692094779,Phase2_Migrated,224
1790422661.789286772,Phase2_Migrated,225
1790422661.875006173,Phase2_Migrated,226
1790422661.964563472,Phase2_Migrated,228
1790422662.059871647,Phase2_Migrated,229
1790422662.156419654,Phase2_Migrated,230
1790422662.250337612,Phase2_Migrated,231
1790422662.341329149,Phase2_Migrated,232
1790422662.426394679,Phase2_Migrated,233
1790422662.519091821,Phase2_Migrated,235
1790422662.610043893,Phase2_Migrated,236
1790422662.700473686,Phase2_Migrated,237
1790422662.789258900,Phase2_Migrated,238
1790422662.880556809,Phase2_Migrated,239
1790422662.970214042,Phase2_Migrated,240
1790422663.040825439,Phase2_Migrated,241
1790422663.134870101,Phase2_Migrated,242
1790422663.206714955,Phase2_Migrated,243
1790422663.304916916,Phase2_Migrated,244
1790422663.394054478,Phase2_Migrated,246
1790422663.486613203,Phase2_Migrated,247
1790422663.578442548,Phase2_Migrated,248
1790422663.668791566,Phase2_Migrated,249
1790422663.760354903,Phase2_Migrated,250
1790422663.857216732,Phase2_Migrated,251
1790422663.947176765,Phase2_Migrated,253
1790422664.038102352,Phase2_Migrated,254
1790422664.132989594,Phase2_Migrated,255
1790422664.220571658,Phase2_Migrated,256
1790422664.308330467,Phase2_Migrated,257
1790422664.395737527,Phase2_Migrated,258
1790422664.474451102,Phase2_Migrated,259
1790422664.557616574,Phase2_Migrated,260
1790422664.650860648,Phase2_Migrated,261
1790422664.743617796,Phase2_Migrated,263
1790422664.832220567,Phase2_Migrated,264
1790422664.888869463,Phase2_Migrated,264
1790422664.958884233,Phase2_Migrated,265
1790422665.051437234,Phase2_Migrated,266
1790422665.150448130,Phase2_Migrated,268
1790422665.239108990,Phase2_Migrated,269
1790422665.331030091,Phase2_Migrated,270
1790422665.425430864,Phase2_Migrated,271
1790422665.516383031,Phase2_Migrated,272
1790422665.598868449,Phase2_Migrated,273
1790422665.685008229,Phase2_Migrated,274
1790422665.780122623,Phase2_Migrated,276
1790422665.876562858,Phase2_Migrated,277
1790422665.969370213,Phase2_Migrated,278
1790422666.060959021,Phase2_Migrated,279
1790422666.153675988,Phase2_Migrated,280
1790422666.247557076,Phase2_Migrated,281
1790422666.329188866,Phase2_Migrated,282
1790422666.420065893,Phase2_Migrated,284
1790422666.512957632,Phase2_Migrated,285
1790422666.593484179,Phase2_Migrated,286
1790422666.690243016,Phase2_Migrated,287
1790422666.783766367,Phase2_Migrated,288
1790422666.869763020,Phase2_Migrated,289
1790422666.957204297,Phase2_Migrated,290
1790422667.042214193,Phase2_Migrated,291
1790422667.131571224,Phase2_Migrated,292
1790422667.210217660,Phase2_Migrated,293
1790422667.295671432,Phase2_Migrated,294
1790422667.376313985,Phase2_Migrated,295
1790422667.465422096,Phase2_Migrated,297
1790422667.561443633,Phase2_Migrated,298
1790422667.651635073,Phase2_Migrated,299
1790422667.752211606,Phase2_Migrated,300
1790422667.812465525,Phase2_Migrated,301
1790422667.887095537,Phase2_Migrated,302
1790422667.974984456,Phase2_Migrated,303
1790422668.039404731,Phase2_Migrated,304
1790422668.129358590,Phase2_Migrated,305
1790422668.221339701,Phase2_Migrated,306
1790422668.306489036,Phase2_Migrated,307
1790422668.395523810,Phase2_Migrated,308
1790422668.450565640,Phase2_Migrated,309
1790422668.520792033,Phase2_Migrated,310
1790422668.589923816,Phase2_Migrated,311
1790422668.667337706,Phase2_Migrated,312
1790422668.751045626,Phase2_Migrated,313
1790422668.844575949,Phase2_Migrated,314
1790422668.932502571,Phase2_Migrated,315
1790422669.020873430,Phase2_Migrated,316
1790422669.107017274,Phase2_Migrated,317
1790422669.183130376,Phase2_Migrated,318
1790422669.255448975,Phase2_Migrated,319
1790422669.348140508,Phase2_Migrated,320
1790422669.435818857,Phase2_Migrated,321
1790422669.526094710,Phase2_Migrated,322
1790422669.617215982,Phase2_Migrated,323
1790422669.714250444,Phase2_Migrated,324
1790422669.801982504,Phase2_Migrated,326
1790422669.893518389,Phase2_Migrated,327
1790422669.972479557,Phase2_Migrated,328
1790422670.064185898,Phase2_Migrated,329
1790422670.161251600,Phase2_Migrated,330
1790422670.257047665,Phase2_Migrated,331
1790422670.349117333,Phase2_Migrated,332
1790422670.443335759,Phase2_Migrated,333
1790422670.535022738,Phase2_Migrated,335
1790422670.624459589,Phase2_Migrated,336
1790422670.713484831,Phase2_Migrated,337
1790422670.805281404,Phase2_Migrated,338
1790422670.899979970,Phase2_Migrated,339
1790422670.997003296,Phase2_Migrated,340
1790422671.091156573,Phase2_Migrated,341
1790422671.182725651,Phase2_Migrated,342
1790422671.269420322,Phase2_Migrated,343
1790422671.345600613,Phase2_Migrated,344
1790422671.436996449,Phase2_Migrated,345
1790422671.526517379,Phase2_Migrated,346
1790422671.618460821,Phase2_Migrated,348
1790422671.715003214,Phase2_Migrated,349
1790422671.811767518,Phase2_Migrated,350
1790422671.906567790,Phase2_Migrated,351
1790422671.995710651,Phase2_Migrated,352
1790422672.088828633,Phase2_Migrated,353
1790422672.186819443,Phase2_Migrated,354
1790422672.280014097,Phase2_Migrated,298
1790422672.369747229,Phase2_Migrated,177
1790422672.466211540,Phase2_Migrated,177
1790422672.561103328,Phase2_Migrated,178
1790422672.640092384,Phase2_Migrated,179
1790422672.728276983,Phase2_Migrated,180
1790422672.819762861,Phase2_Migrated,181
1790422672.910370995,Phase2_Migrated,182
1790422673.005060346,Phase2_Migrated,183
1790422673.082379200,Phase2_Migrated,185
1790422673.173038894,Phase2_Migrated,186
1790422673.247372516,Phase2_Migrated,187
1790422673.337760189,Phase2_Migrated,188
1790422673.424028270,Phase2_Migrated,189
1790422673.509097147,Phase2_Migrated,190
1790422673.597108728,Phase2_Migrated,191
1790422673.687560652,Phase2_Migrated,192
1790422673.780876212,Phase2_Migrated,193
1790422673.868366084,Phase2_Migrated,195
1790422673.956700994,Phase2_Migrated,196
1790422674.031868671,Phase2_Migrated,197
1790422674.114594987,Phase2_Migrated,198
1790422674.212527117,Phase2_Migrated,199
1790422674.307218818,Phase2_Migrated,200
1790422674.402681602,Phase2_Migrated,201
1790422674.492253796,Phase2_Migrated,202
1790422674.585808558,Phase2_Migrated,204
1790422674.673798437,Phase2_Migrated,205
1790422674.768286405,Phase2_Migrated,206
1790422674.863426259,Phase2_Migrated,207
1790422674.945013355,Phase2_Migrated,208
1790422675.019473009,Phase2_Migrated,209
1790422675.108264928,Phase2_Migrated,210
1790422675.164007325,Phase2_Migrated,211
1790422675.233439447,Phase2_Migrated,212
1790422675.323217409,Phase2_Migrated,213
1790422675.416454788,Phase2_Migrated,214
1790422675.509721636,Phase2_Migrated,215
1790422675.608422779,Phase2_Migrated,216
1790422675.702832507,Phase2_Migrated,218
1790422675.794852270,Phase2_Migrated,219
1790422675.866727399,Phase2_Migrated,220
1790422675.959181676,Phase2_Migrated,221
1790422676.047291831,Phase2_Migrated,222
1790422676.139377677,Phase2_Migrated,223
1790422676.231066482,Phase2_Migrated,224
1790422676.311472599,Phase2_Migrated,225
1790422676.393689176,Phase2_Migrated,226
1790422676.485779065,Phase2_Migrated,227
1790422676.577315204,Phase2_Migrated,229
1790422676.669062214,Phase2_Migrated,230
1790422676.764514660,Phase2_Migrated,231
1790422676.850353306,Phase2_Migrated,232
1790422676.942483259,Phase2_Migrated,233
1790422677.034862871,Phase2_Migrated,234
1790422677.118318978,Phase2_Migrated,235
1790422677.214862941,Phase2_Migrated,237
1790422677.308334955,Phase2_Migrated,238
1790422677.401303987,Phase2_Migrated,239
1790422677.493021186,Phase2_Migrated,240
1790422678.770253042,Uninterrupted_Baseline,1
1790422678.853037694,Uninterrupted_Baseline,1
1790422678.935733665,Uninterrupted_Baseline,1
1790422679.023243009,Uninterrupted_Baseline,1
1790422679.105020235,Uninterrupted_Baseline,1
1790422679.180382022,Uninterrupted_Baseline,1
1790422679.248578579,Uninterrupted_Baseline,1
1790422679.338002637,Uninterrupted_Baseline,1
1790422679.418719978,Uninterrupted_Baseline,1
1790422679.497039754,Uninterrupted_Baseline,1
1790422679.577831518,Uninterrupted_Baseline,1
1790422679.662395865,Uninterrupted_Baseline,1
1790422679.739240123,Uninterrupted_Baseline,1
1790422679.815575983,Uninterrupted_Baseline,1
1790422679.897682944,Uninterrupted_Baseline,1
1790422679.979495746,Uninterrupted_Baseline,1
1790422680.058116073,Uninterrupted_Baseline,1
1790422680.058116073,Uninterrupted_Baseline,10
1790422680.141083735,Uninterrupted_Baseline,1
1790422680.141083735,Uninterrupted_Baseline,14
1790422680.215796794,Uninterrupted_Baseline,1
1790422680.215796794,Uninterrupted_Baseline,28
1790422680.294695140,Uninterrupted_Baseline,1
1790422680.294695140,Uninterrupted_Baseline,56
1790422680.375533871,Uninterrupted_Baseline,1
1790422680.375533871,Uninterrupted_Baseline,112
1790422680.456249214,Uninterrupted_Baseline,1
1790422680.456249214,Uninterrupted_Baseline,222
1790422680.537243653,Uninterrupted_Baseline,1
1790422680.537243653,Uninterrupted_Baseline,444
1790422680.615897198,Uninterrupted_Baseline,1
1790422680.615897198,Uninterrupted_Baseline,744
1790422680.698617060,Uninterrupted_Baseline,1
1790422680.698617060,Uninterrupted_Baseline,1079
1790422680.777592653,Uninterrupted_Baseline,1
1790422680.777592653,Uninterrupted_Baseline,1139
1790422680.857926103,Uninterrupted_Baseline,1
1790422680.857926103,Uninterrupted_Baseline,969
1790422680.919180500,Uninterrupted_Baseline,1
1790422680.919180500,Uninterrupted_Baseline,825
1790422680.979545347,Uninterrupted_Baseline,1
1790422680.979545347,Uninterrupted_Baseline,617
1790422681.060393832,Uninterrupted_Baseline,1
1790422681.060393832,Uninterrupted_Baseline,617
1790422681.139767173,Uninterrupted_Baseline,1
1790422681.139767173,Uninterrupted_Baseline,617
1790422681.222583269,Uninterrupted_Baseline,1
1790422681.222583269,Uninterrupted_Baseline,617
1790422681.308410377,Uninterrupted_Baseline,1
1790422681.308410377,Uninterrupted_Baseline,617
1790422681.389412168,Uninterrupted_Baseline,1
1790422681.389412168,Uninterrupted_Baseline,56
1790422681.473387599,Uninterrupted_Baseline,1
1790422681.473387599,Uninterrupted_Baseline,57
1790422681.559348735,Uninterrupted_Baseline,1
1790422681.559348735,Uninterrupted_Baseline,57
1790422681.625242602,Uninterrupted_Baseline,1
1790422681.625242602,Uninterrupted_Baseline,308
1790422681.712357929,Uninterrupted_Baseline,1
1790422681.712357929,Uninterrupted_Baseline,309
1790422681.780155443,Uninterrupted_Baseline,1
1790422681.780155443,Uninterrupted_Baseline,309
1790422681.835178333,Uninterrupted_Baseline,1
1790422681.835178333,Uninterrupted_Baseline,310
1790422681.895856533,Uninterrupted_Baseline,1
1790422681.895856533,Uninterrupted_Baseline,311
1790422681.970378542,Uninterrupted_Baseline,1
1790422681.970378542,Uninterrupted_Baseline,312
1790422682.053066698,Uninterrupted_Baseline,1
1790422682.053066698,Uninterrupted_Baseline,313
1790422682.129624889,Uninterrupted_Baseline,1
1790422682.129624889,Uninterrupted_Baseline,314
1790422682.221453366,Uninterrupted_Baseline,1
1790422682.221453366,Uninterrupted_Baseline,315
1790422682.281139230,Uninterrupted_Baseline,1
1790422682.281139230,Uninterrupted_Baseline,315
1790422682.344394925,Uninterrupted_Baseline,1
1790422682.344394925,Uninterrupted_Baseline,316
1790422682.411899778,Uninterrupted_Baseline,1
1790422682.411899778,Uninterrupted_Baseline,317
1790422682.501531020,Uninterrupted_Baseline,1
1790422682.501531020,Uninterrupted_Baseline,318
1790422682.590908326,Uninterrupted_Baseline,1
1790422682.590908326,Uninterrupted_Baseline,319
1790422682.671549988,Uninterrupted_Baseline,1
1790422682.671549988,Uninterrupted_Baseline,320
1790422682.758325365,Uninterrupted_Baseline,1
1790422682.758325365,Uninterrupted_Baseline,321
1790422682.849709948,Uninterrupted_Baseline,1
1790422682.849709948,Uninterrupted_Baseline,323
1790422682.933097910,Uninterrupted_Baseline,1
1790422682.933097910,Uninterrupted_Baseline,324
1790422683.014374956,Uninterrupted_Baseline,1
1790422683.014374956,Uninterrupted_Baseline,324
1790422683.065298521,Uninterrupted_Baseline,1
1790422683.065298521,Uninterrupted_Baseline,325
1790422683.132687218,Uninterrupted_Baseline,1
1790422683.132687218,Uninterrupted_Baseline,326
1790422683.206255134,Uninterrupted_Baseline,1
1790422683.206255134,Uninterrupted_Baseline,327
1790422683.288196888,Uninterrupted_Baseline,1
1790422683.288196888,Uninterrupted_Baseline,328
1790422683.368403566,Uninterrupted_Baseline,1
1790422683.368403566,Uninterrupted_Baseline,329
1790422683.451834579,Uninterrupted_Baseline,1
1790422683.451834579,Uninterrupted_Baseline,330
1790422683.532809130,Uninterrupted_Baseline,1
1790422683.532809130,Uninterrupted_Baseline,331
1790422683.617314575,Uninterrupted_Baseline,1
1790422683.617314575,Uninterrupted_Baseline,332
1790422683.699310531,Uninterrupted_Baseline,1
1790422683.699310531,Uninterrupted_Baseline,333
1790422683.783103251,Uninterrupted_Baseline,1
1790422683.783103251,Uninterrupted_Baseline,334
1790422683.856287864,Uninterrupted_Baseline,1
1790422683.856287864,Uninterrupted_Baseline,335
1790422683.931544740,Uninterrupted_Baseline,1
1790422683.931544740,Uninterrupted_Baseline,336
1790422684.009509607,Uninterrupted_Baseline,1
1790422684.009509607,Uninterrupted_Baseline,337
1790422684.071346494,Uninterrupted_Baseline,1
1790422684.071346494,Uninterrupted_Baseline,337
1790422684.152695583,Uninterrupted_Baseline,1
1790422684.152695583,Uninterrupted_Baseline,338
1790422684.253182798,Uninterrupted_Baseline,1
1790422684.253182798,Uninterrupted_Baseline,339
1790422684.306495062,Uninterrupted_Baseline,1
1790422684.306495062,Uninterrupted_Baseline,340
1790422684.371937261,Uninterrupted_Baseline,1
1790422684.371937261,Uninterrupted_Baseline,295
1790422684.447953173,Uninterrupted_Baseline,1
1790422684.447953173,Uninterrupted_Baseline,170
1790422684.529896376,Uninterrupted_Baseline,1
1790422684.529896376,Uninterrupted_Baseline,171
1790422684.611248511,Uninterrupted_Baseline,1
1790422684.611248511,Uninterrupted_Baseline,172
1790422684.695025062,Uninterrupted_Baseline,1
1790422684.695025062,Uninterrupted_Baseline,173
1790422684.778317448,Uninterrupted_Baseline,1
1790422684.778317448,Uninterrupted_Baseline,174
1790422684.846363474,Uninterrupted_Baseline,1
1790422684.846363474,Uninterrupted_Baseline,175
1790422684.901375580,Uninterrupted_Baseline,1
1790422684.901375580,Uninterrupted_Baseline,175
1790422684.986600914,Uninterrupted_Baseline,1
1790422684.986600914,Uninterrupted_Baseline,177
1790422685.068340616,Uninterrupted_Baseline,1
1790422685.068340616,Uninterrupted_Baseline,178
1790422685.150188324,Uninterrupted_Baseline,1
1790422685.150188324,Uninterrupted_Baseline,179
1790422685.235467305,Uninterrupted_Baseline,1
1790422685.235467305,Uninterrupted_Baseline,180
1790422685.323583883,Uninterrupted_Baseline,1
1790422685.323583883,Uninterrupted_Baseline,181
1790422685.405100023,Uninterrupted_Baseline,1
1790422685.405100023,Uninterrupted_Baseline,182
1790422685.489414659,Uninterrupted_Baseline,1
1790422685.489414659,Uninterrupted_Baseline,183
1790422685.579933653,Uninterrupted_Baseline,1
1790422685.579933653,Uninterrupted_Baseline,184
1790422685.662188556,Uninterrupted_Baseline,1
1790422685.662188556,Uninterrupted_Baseline,185
1790422685.742159987,Uninterrupted_Baseline,1
1790422685.742159987,Uninterrupted_Baseline,186
1790422685.821111957,Uninterrupted_Baseline,1
1790422685.821111957,Uninterrupted_Baseline,187
1790422685.904344166,Uninterrupted_Baseline,1
1790422685.904344166,Uninterrupted_Baseline,188
1790422685.987894655,Uninterrupted_Baseline,1
1790422685.987894655,Uninterrupted_Baseline,189
1790422686.073819235,Uninterrupted_Baseline,1
1790422686.073819235,Uninterrupted_Baseline,190
1790422686.157614506,Uninterrupted_Baseline,1
1790422686.157614506,Uninterrupted_Baseline,191
1790422686.239489685,Uninterrupted_Baseline,1
1790422686.239489685,Uninterrupted_Baseline,192
1790422686.313318304,Uninterrupted_Baseline,1
1790422686.313318304,Uninterrupted_Baseline,193
1790422686.399054484,Uninterrupted_Baseline,1
1790422686.399054484,Uninterrupted_Baseline,194
1790422686.481278926,Uninterrupted_Baseline,1
1790422686.481278926,Uninterrupted_Baseline,195
1790422686.563258412,Uninterrupted_Baseline,1
1790422686.563258412,Uninterrupted_Baseline,197
1790422686.645508049,Uninterrupted_Baseline,1
1790422686.645508049,Uninterrupted_Baseline,198
1790422686.729184898,Uninterrupted_Baseline,1
1790422686.729184898,Uninterrupted_Baseline,199
1790422686.811476056,Uninterrupted_Baseline,1
1790422686.811476056,Uninterrupted_Baseline,200
1790422686.892999525,Uninterrupted_Baseline,1
1790422686.892999525,Uninterrupted_Baseline,201
1790422686.974774775,Uninterrupted_Baseline,1
1790422686.974774775,Uninterrupted_Baseline,202
1790422687.057168379,Uninterrupted_Baseline,1
1790422687.057168379,Uninterrupted_Baseline,203
1790422687.138539358,Uninterrupted_Baseline,1
1790422687.138539358,Uninterrupted_Baseline,204
1790422687.219983724,Uninterrupted_Baseline,1
1790422687.219983724,Uninterrupted_Baseline,205
1790422687.293717200,Uninterrupted_Baseline,1
1790422687.293717200,Uninterrupted_Baseline,206
1790422687.373932909,Uninterrupted_Baseline,1
1790422687.373932909,Uninterrupted_Baseline,207
1790422687.462055003,Uninterrupted_Baseline,1
1790422687.462055003,Uninterrupted_Baseline,208
1790422687.543490149,Uninterrupted_Baseline,1
1790422687.543490149,Uninterrupted_Baseline,209
1790422687.630620293,Uninterrupted_Baseline,1
1790422687.630620293,Uninterrupted_Baseline,210
1790422687.712799336,Uninterrupted_Baseline,1
1790422687.712799336,Uninterrupted_Baseline,211
1790422687.798353817,Uninterrupted_Baseline,1
1790422687.798353817,Uninterrupted_Baseline,212
1790422687.871356625,Uninterrupted_Baseline,1
1790422687.871356625,Uninterrupted_Baseline,213
1790422687.964137180,Uninterrupted_Baseline,1
1790422687.964137180,Uninterrupted_Baseline,214
1790422688.029043043,Uninterrupted_Baseline,1
1790422688.029043043,Uninterrupted_Baseline,215
1790422688.085808528,Uninterrupted_Baseline,1
1790422688.085808528,Uninterrupted_Baseline,216
1790422688.163275190,Uninterrupted_Baseline,1
1790422688.163275190,Uninterrupted_Baseline,217
1790422688.233742120,Uninterrupted_Baseline,1
1790422688.233742120,Uninterrupted_Baseline,217
1790422688.286082664,Uninterrupted_Baseline,1
1790422688.286082664,Uninterrupted_Baseline,218
1790422688.361952376,Uninterrupted_Baseline,1
1790422688.361952376,Uninterrupted_Baseline,219
1790422688.423423785,Uninterrupted_Baseline,1
1790422688.423423785,Uninterrupted_Baseline,220
1790422688.472459298,Uninterrupted_Baseline,1
1790422688.472459298,Uninterrupted_Baseline,220
1790422688.525311811,Uninterrupted_Baseline,1
1790422688.525311811,Uninterrupted_Baseline,221
1790422688.593192946,Uninterrupted_Baseline,1
1790422688.593192946,Uninterrupted_Baseline,222
1790422688.662596909,Uninterrupted_Baseline,1
1790422688.662596909,Uninterrupted_Baseline,223
1790422688.738314258,Uninterrupted_Baseline,1
1790422688.738314258,Uninterrupted_Baseline,224
1790422688.818449321,Uninterrupted_Baseline,1
1790422688.818449321,Uninterrupted_Baseline,225
1790422688.899943812,Uninterrupted_Baseline,226
1790422688.977047883,Uninterrupted_Baseline,227
1790422689.054345019,Uninterrupted_Baseline,228
1790422689.134889164,Uninterrupted_Baseline,229
1790422689.194907840,Uninterrupted_Baseline,230
1790422689.277210254,Uninterrupted_Baseline,231
1790422689.340312301,Uninterrupted_Baseline,232
1790422689.426967937,Uninterrupted_Baseline,233
1790422689.507076146,Uninterrupted_Baseline,234
1790422689.590225017,Uninterrupted_Baseline,235
1790422689.674643599,Uninterrupted_Baseline,236
1790422689.752182413,Uninterrupted_Baseline,237
1790422689.825851839,Uninterrupted_Baseline,238
1790422689.906248522,Uninterrupted_Baseline,239
1790422689.989240986,Uninterrupted_Baseline,240
1790422690.072145459,Uninterrupted_Baseline,241
1790422690.139443080,Uninterrupted_Baseline,242
1790422690.206368360,Uninterrupted_Baseline,242
1790422690.290925419,Uninterrupted_Baseline,244
1790422690.370404717,Uninterrupted_Baseline,245
1790422690.450425429,Uninterrupted_Baseline,246
1790422690.526882862,Uninterrupted_Baseline,247
1790422690.609620486,Uninterrupted_Baseline,248
1790422690.692402539,Uninterrupted_Baseline,249
1790422690.772017248,Uninterrupted_Baseline,250
1790422690.854825501,Uninterrupted_Baseline,251
1790422690.951436401,Uninterrupted_Baseline,252
1790422691.036352365,Uninterrupted_Baseline,253
1790422691.120829443,Uninterrupted_Baseline,254
1790422691.201111778,Uninterrupted_Baseline,255
1790422691.281416082,Uninterrupted_Baseline,256
1790422691.349832239,Uninterrupted_Baseline,257
1790422691.432745887,Uninterrupted_Baseline,258
1790422691.516516948,Uninterrupted_Baseline,259
1790422691.599954036,Uninterrupted_Baseline,260
1790422691.684795906,Uninterrupted_Baseline,261
1790422691.760058297,Uninterrupted_Baseline,262
1790422691.844287242,Uninterrupted_Baseline,263
1790422691.938732816,Uninterrupted_Baseline,264
1790422691.993719894,Uninterrupted_Baseline,265
1790422692.068414546,Uninterrupted_Baseline,266
1790422692.145298676,Uninterrupted_Baseline,267
1790422692.209794332,Uninterrupted_Baseline,268
1790422692.292073404,Uninterrupted_Baseline,269
1790422692.373448799,Uninterrupted_Baseline,270
1790422692.455281587,Uninterrupted_Baseline,271
1790422692.543626989,Uninterrupted_Baseline,272
1790422692.631719214,Uninterrupted_Baseline,273
1790422692.709911376,Uninterrupted_Baseline,274
1790422692.792005292,Uninterrupted_Baseline,275
1790422692.870770528,Uninterrupted_Baseline,276
1790422692.947715483,Uninterrupted_Baseline,277
1790422693.026933089,Uninterrupted_Baseline,278
1790422693.110318873,Uninterrupted_Baseline,279
1790422693.190241744,Uninterrupted_Baseline,280
1790422693.269226627,Uninterrupted_Baseline,281
1790422693.336159470,Uninterrupted_Baseline,282
1790422693.415643419,Uninterrupted_Baseline,283
1790422693.493122249,Uninterrupted_Baseline,284
1790422693.579340856,Uninterrupted_Baseline,285
1790422693.659851203,Uninterrupted_Baseline,286
1790422693.744616030,Uninterrupted_Baseline,287
1790422693.824992256,Uninterrupted_Baseline,288
1790422693.904024134,Uninterrupted_Baseline,289
1790422693.985225598,Uninterrupted_Baseline,290
1790422694.064945269,Uninterrupted_Baseline,291
1790422694.145816508,Uninterrupted_Baseline,292
1790422694.224200212,Uninterrupted_Baseline,293
1790422694.284941389,Uninterrupted_Baseline,294
1790422694.366316100,Uninterrupted_Baseline,295
1790422694.447489193,Uninterrupted_Baseline,296
1790422694.531446290,Uninterrupted_Baseline,297
1790422694.617068044,Uninterrupted_Baseline,298
1790422694.690627843,Uninterrupted_Baseline,299
1790422694.773051573,Uninterrupted_Baseline,300
1790422694.850573043,Uninterrupted_Baseline,301
1790422694.917050057,Uninterrupted_Baseline,302
1790422694.997448208,Uninterrupted_Baseline,303
1790422695.084501548,Uninterrupted_Baseline,304
1790422695.167768590,Uninterrupted_Baseline,305
1790422695.248369714,Uninterrupted_Baseline,306
1790422695.330598756,Uninterrupted_Baseline,307
1790422695.413050031,Uninterrupted_Baseline,308
1790422695.496427018,Uninterrupted_Baseline,309
1790422695.582405555,Uninterrupted_Baseline,310
1790422695.648788322,Uninterrupted_Baseline,311
1790422695.708619459,Uninterrupted_Baseline,311
1790422695.787375874,Uninterrupted_Baseline,312
1790422695.865920014,Uninterrupted_Baseline,313
1790422695.949170863,Uninterrupted_Baseline,314
1790422696.020212690,Uninterrupted_Baseline,315
1790422696.093635303,Uninterrupted_Baseline,316
1790422696.178495079,Uninterrupted_Baseline,317
1790422696.244000288,Uninterrupted_Baseline,318
1790422696.322329571,Uninterrupted_Baseline,319
1790422696.376906566,Uninterrupted_Baseline,320
1790422696.437108712,Uninterrupted_Baseline,320
1790422696.506265680,Uninterrupted_Baseline,321
1790422696.584595359,Uninterrupted_Baseline,322
1790422696.663973315,Uninterrupted_Baseline,323
1790422696.732620531,Uninterrupted_Baseline,324
1790422696.791322967,Uninterrupted_Baseline,325
1790422696.862397206,Uninterrupted_Baseline,326
1790422696.942798878,Uninterrupted_Baseline,327
1790422697.022446423,Uninterrupted_Baseline,327
1790422697.091090176,Uninterrupted_Baseline,329
1790422697.177578847,Uninterrupted_Baseline,329
1790422697.237984871,Uninterrupted_Baseline,330
1790422697.304784796,Uninterrupted_Baseline,331
1790422697.379457594,Uninterrupted_Baseline,332
1790422697.444198446,Uninterrupted_Baseline,333
1790422697.530142291,Uninterrupted_Baseline,334
1790422697.614153451,Uninterrupted_Baseline,335
1790422697.707453992,Uninterrupted_Baseline,336
1790422697.790119133,Uninterrupted_Baseline,337
1790422697.873241548,Uninterrupted_Baseline,338
1790422697.953995948,Uninterrupted_Baseline,339
1790422698.044163231,Uninterrupted_Baseline,340
1790422698.108204271,Uninterrupted_Baseline,341
1790422698.175981749,Uninterrupted_Baseline,342
1790422698.249167515,Uninterrupted_Baseline,342
1790422698.310788095,Uninterrupted_Baseline,343
1790422698.373151319,Uninterrupted_Baseline,344
1790422698.440184648,Uninterrupted_Baseline,345
1790422698.489599723,Uninterrupted_Baseline,345
1790422698.549156086,Uninterrupted_Baseline,346
1790422698.611590719,Uninterrupted_Baseline,347
1790422698.681421251,Uninterrupted_Baseline,348
1790422698.761715565,Uninterrupted_Baseline,349
1790422698.838890881,Uninterrupted_Baseline,350
1790422698.920546544,Uninterrupted_Baseline,350
1790422698.983337397,Uninterrupted_Baseline,351
1790422699.063887157,Uninterrupted_Baseline,352
1790422699.139684881,Uninterrupted_Baseline,353
1790422699.202200853,Uninterrupted_Baseline,354
1790422699.275700217,Uninterrupted_Baseline,330
1790422699.336552552,Uninterrupted_Baseline,200
1790422699.406710813,Uninterrupted_Baseline,177
1790422699.479136070,Uninterrupted_Baseline,178
1790422699.565789924,Uninterrupted_Baseline,179
1790422699.649500331,Uninterrupted_Baseline,180
1790422699.728543821,Uninterrupted_Baseline,181
1790422699.806959181,Uninterrupted_Baseline,182
1790422699.891175640,Uninterrupted_Baseline,183
1790422699.973230428,Uninterrupted_Baseline,185
1790422700.060388958,Uninterrupted_Baseline,186
1790422700.128389332,Uninterrupted_Baseline,186
1790422700.206557173,Uninterrupted_Baseline,188
1790422700.291446419,Uninterrupted_Baseline,189
1790422700.369289453,Uninterrupted_Baseline,190
1790422700.443984160,Uninterrupted_Baseline,191
1790422700.525212640,Uninterrupted_Baseline,192
1790422700.605164327,Uninterrupted_Baseline,193
1790422700.686324763,Uninterrupted_Baseline,194
1790422700.765206952,Uninterrupted_Baseline,195
1790422700.830869610,Uninterrupted_Baseline,195
1790422700.893132714,Uninterrupted_Baseline,196
1790422700.944041082,Uninterrupted_Baseline,197
1790422701.010299644,Uninterrupted_Baseline,198
1790422701.089790628,Uninterrupted_Baseline,199
1790422701.147784466,Uninterrupted_Baseline,199
1790422701.221369482,Uninterrupted_Baseline,200
1790422701.308900386,Uninterrupted_Baseline,202
1790422701.382674381,Uninterrupted_Baseline,202
1790422701.458590487,Uninterrupted_Baseline,203
1790422701.526487998,Uninterrupted_Baseline,204
1790422701.608756291,Uninterrupted_Baseline,205
1790422701.674550255,Uninterrupted_Baseline,206
1790422701.745230610,Uninterrupted_Baseline,207
1790422701.824291607,Uninterrupted_Baseline,208
1790422701.904099081,Uninterrupted_Baseline,209
1790422701.984045824,Uninterrupted_Baseline,210
1790422702.067296720,Uninterrupted_Baseline,211
1790422702.145607741,Uninterrupted_Baseline,212
1790422702.225411827,Uninterrupted_Baseline,213
1790422702.312061890,Uninterrupted_Baseline,214
1790422702.395997512,Uninterrupted_Baseline,215
1790422702.475619182,Uninterrupted_Baseline,216
1790422702.556496988,Uninterrupted_Baseline,217
1790422702.638781244,Uninterrupted_Baseline,218
1790422702.719620999,Uninterrupted_Baseline,219
1790422702.800534925,Uninterrupted_Baseline,220
1790422702.883595386,Uninterrupted_Baseline,221
1790422702.963959747,Uninterrupted_Baseline,222
1790422703.050073475,Uninterrupted_Baseline,224
1790422703.132757622,Uninterrupted_Baseline,224
1790422703.193630562,Uninterrupted_Baseline,225
1790422703.275695612,Uninterrupted_Baseline,226
1790422703.362878159,Uninterrupted_Baseline,227
1790422703.444599689,Uninterrupted_Baseline,228
1790422703.532075299,Uninterrupted_Baseline,229
1790422703.603710333,Uninterrupted_Baseline,231
1790422703.688981708,Uninterrupted_Baseline,232
1790422703.760150837,Uninterrupted_Baseline,232
1790422703.827907174,Uninterrupted_Baseline,233
1790422703.893538995,Uninterrupted_Baseline,234
1790422703.969576564,Uninterrupted_Baseline,235
1790422704.049963479,Uninterrupted_Baseline,236
1790422704.128002582,Uninterrupted_Baseline,237
1790422704.203222457,Uninterrupted_Baseline,238
1790422704.284067619,Uninterrupted_Baseline,239
1790422704.366627990,Uninterrupted_Baseline,240
1790422704.450786675,Uninterrupted_Baseline,241
1790422704.528758711,Uninterrupted_Baseline,242
1790422704.609877282,Uninterrupted_Baseline,243
1790422704.693692321,Uninterrupted_Baseline,244
1790422704.768547751,Uninterrupted_Baseline,245
1790422704.856217735,Uninterrupted_Baseline,246
1790422704.942409512,Uninterrupted_Baseline,247
1790422704.989989495,Uninterrupted_Baseline,248
1790422705.049028389,Uninterrupted_Baseline,249
1790422705.129997549,Uninterrupted_Baseline,250
1790422705.213061306,Uninterrupted_Baseline,251
1790422705.293112750,Uninterrupted_Baseline,252
1790422705.380796327,Uninterrupted_Baseline,253
1790422705.463957154,Uninterrupted_Baseline,254
1790422705.544293505,Uninterrupted_Baseline,255
1790422705.634131901,Uninterrupted_Baseline,256
1790422705.716504964,Uninterrupted_Baseline,257
1790422705.797510419,Uninterrupted_Baseline,258
1790422705.879310617,Uninterrupted_Baseline,259
1790422705.975884428,Uninterrupted_Baseline,260
1790422706.058371719,Uninterrupted_Baseline,261
1790422706.137841648,Uninterrupted_Baseline,262
1790422706.220135741,Uninterrupted_Baseline,263
1790422706.299162016,Uninterrupted_Baseline,264
1790422706.379605785,Uninterrupted_Baseline,265
1790422706.461394424,Uninterrupted_Baseline,266
1790422706.539291474,Uninterrupted_Baseline,267
1790422706.625634953,Uninterrupted_Baseline,268
1790422706.708511788,Uninterrupted_Baseline,270
1790422706.786440189,Uninterrupted_Baseline,271
1790422706.873029984,Uninterrupted_Baseline,272
1790422706.953033398,Uninterrupted_Baseline,273
1790422707.043377069,Uninterrupted_Baseline,274
1790422707.125177514,Uninterrupted_Baseline,275
1790422707.209780178,Uninterrupted_Baseline,276
1790422707.294416114,Uninterrupted_Baseline,277
1790422707.379232340,Uninterrupted_Baseline,278
1790422707.471594898,Uninterrupted_Baseline,279
1790422707.538249923,Uninterrupted_Baseline,280
1790422707.622497480,Uninterrupted_Baseline,281
1790422707.704170502,Uninterrupted_Baseline,282
1790422707.785466979,Uninterrupted_Baseline,283
1790422707.866577143,Uninterrupted_Baseline,284
1790422707.949417760,Uninterrupted_Baseline,285
1790422708.027170031,Uninterrupted_Baseline,286
1790422708.091102611,Uninterrupted_Baseline,287
1790422708.164995616,Uninterrupted_Baseline,288
1790422708.241473073,Uninterrupted_Baseline,289
1790422708.309504516,Uninterrupted_Baseline,290
1790422708.387543991,Uninterrupted_Baseline,290
1790422708.437056067,Uninterrupted_Baseline,291
1790422708.494201930,Uninterrupted_Baseline,292
1790422708.554794694,Uninterrupted_Baseline,292
1790422708.613803672,Uninterrupted_Baseline,293
1790422708.694091593,Uninterrupted_Baseline,294
1790422708.777072870,Uninterrupted_Baseline,295
1790422708.856394947,Uninterrupted_Baseline,296
1790422708.942368163,Uninterrupted_Baseline,297
1790422709.024442081,Uninterrupted_Baseline,298
1790422709.093418302,Uninterrupted_Baseline,299
1790422709.173133351,Uninterrupted_Baseline,300
1790422709.241790312,Uninterrupted_Baseline,301
1790422709.317771687,Uninterrupted_Baseline,302
1790422709.401333500,Uninterrupted_Baseline,303
1790422709.482820932,Uninterrupted_Baseline,304
1790422709.566144161,Uninterrupted_Baseline,305
1790422709.648366800,Uninterrupted_Baseline,306
1790422709.730680728,Uninterrupted_Baseline,307
1790422709.800814636,Uninterrupted_Baseline,308
1790422709.878709927,Uninterrupted_Baseline,309
1790422709.959770674,Uninterrupted_Baseline,310
1790422710.041132690,Uninterrupted_Baseline,311
1790422710.122623585,Uninterrupted_Baseline,312
1790422710.202833414,Uninterrupted_Baseline,313
1790422710.285524251,Uninterrupted_Baseline,314
1790422710.367119219,Uninterrupted_Baseline,315
1790422710.449833471,Uninterrupted_Baseline,316
1790422710.535147299,Uninterrupted_Baseline,317
1790422710.602483600,Uninterrupted_Baseline,318
1790422710.688827355,Uninterrupted_Baseline,319
1790422710.773396726,Uninterrupted_Baseline,320
1790422710.838074757,Uninterrupted_Baseline,321
1790422710.895392960,Uninterrupted_Baseline,322
1790422710.970031016,Uninterrupted_Baseline,322
1790422711.051155519,Uninterrupted_Baseline,323
1790422711.127916472,Uninterrupted_Baseline,324
1790422711.205874131,Uninterrupted_Baseline,325
1790422711.275513290,Uninterrupted_Baseline,326
1790422711.334448841,Uninterrupted_Baseline,327
1790422711.414714207,Uninterrupted_Baseline,328
1790422711.488560539,Uninterrupted_Baseline,329
1790422711.567874605,Uninterrupted_Baseline,330
1790422711.652551630,Uninterrupted_Baseline,331
1790422711.735008298,Uninterrupted_Baseline,332
1790422711.811553001,Uninterrupted_Baseline,333
1790422711.888302461,Uninterrupted_Baseline,334
1790422711.967050129,Uninterrupted_Baseline,335
1790422712.046629900,Uninterrupted_Baseline,336
1790422712.113976506,Uninterrupted_Baseline,337
1790422712.190105946,Uninterrupted_Baseline,337
1790422712.257901356,Uninterrupted_Baseline,338
1790422712.339244236,Uninterrupted_Baseline,339
1790422712.416920006,Uninterrupted_Baseline,340
1790422712.501449335,Uninterrupted_Baseline,341
1790422712.584626237,Uninterrupted_Baseline,342
1790422712.668179869,Uninterrupted_Baseline,343
1790422712.752421445,Uninterrupted_Baseline,344
1790422712.838229391,Uninterrupted_Baseline,345
1790422712.900171880,Uninterrupted_Baseline,346
1790422712.979941166,Uninterrupted_Baseline,347
1790422713.049480538,Uninterrupted_Baseline,348
1790422713.132368772,Uninterrupted_Baseline,349
1790422713.212124734,Uninterrupted_Baseline,350
1790422713.294613126,Uninterrupted_Baseline,351
1790422713.376113218,Uninterrupted_Baseline,352
1790422713.457161889,Uninterrupted_Baseline,353
1790422713.541702206,Uninterrupted_Baseline,354
1790422713.624269188,Uninterrupted_Baseline,355
1790422713.699221743,Uninterrupted_Baseline,355
1790422713.774411474,Uninterrupted_Baseline,356
1790422713.854368887,Uninterrupted_Baseline,357
1790422713.935361783,Uninterrupted_Baseline,358
1790422714.017393117,Uninterrupted_Baseline,359
1790422714.097154956,Uninterrupted_Baseline,360
1790422714.177166010,Uninterrupted_Baseline,202
1790422714.261620598,Uninterrupted_Baseline,180
1790422714.346712621,Uninterrupted_Baseline,180
1790422714.429965710,Uninterrupted_Baseline,181
1790422714.515830206,Uninterrupted_Baseline,182
1790422714.598473643,Uninterrupted_Baseline,183
1790422714.683278232,Uninterrupted_Baseline,184
1790422714.770316858,Uninterrupted_Baseline,186
1790422714.851900806,Uninterrupted_Baseline,187
1790422714.923218167,Uninterrupted_Baseline,188
1790422715.005816635,Uninterrupted_Baseline,189
1790422715.086040671,Uninterrupted_Baseline,190
1790422715.164495032,Uninterrupted_Baseline,191
1790422715.240570612,Uninterrupted_Baseline,192
1790422715.328747259,Uninterrupted_Baseline,193
1790422715.409815058,Uninterrupted_Baseline,194
1790422715.492383729,Uninterrupted_Baseline,195
1790422715.572198667,Uninterrupted_Baseline,196
1790422715.662783436,Uninterrupted_Baseline,197
1790422715.734399845,Uninterrupted_Baseline,198
1790422715.814372825,Uninterrupted_Baseline,199
1790422715.885354284,Uninterrupted_Baseline,200
1790422715.966298826,Uninterrupted_Baseline,201
1790422716.049140741,Uninterrupted_Baseline,202
1790422716.126099849,Uninterrupted_Baseline,203
1790422716.214938948,Uninterrupted_Baseline,204
1790422716.265039575,Uninterrupted_Baseline,204
1790422716.323266292,Uninterrupted_Baseline,205
1790422716.380995288,Uninterrupted_Baseline,206
1790422716.460792722,Uninterrupted_Baseline,207
1790422716.541376576,Uninterrupted_Baseline,208
1790422716.625557332,Uninterrupted_Baseline,209
1790422716.711742702,Uninterrupted_Baseline,210
1790422716.792750255,Uninterrupted_Baseline,211
1790422716.873533481,Uninterrupted_Baseline,212
1790422716.954473174,Uninterrupted_Baseline,213
1790422717.037057352,Uninterrupted_Baseline,214
1790422717.124729733,Uninterrupted_Baseline,215
1790422717.201830829,Uninterrupted_Baseline,216
1790422717.277235596,Uninterrupted_Baseline,217
1790422717.358699197,Uninterrupted_Baseline,218
1790422717.436448438,Uninterrupted_Baseline,219
1790422717.515432765,Uninterrupted_Baseline,220
1790422717.586452937,Uninterrupted_Baseline,221
1790422717.670479868,Uninterrupted_Baseline,222
1790422717.749392038,Uninterrupted_Baseline,223
1790422717.840484485,Uninterrupted_Baseline,224
1790422717.928258719,Uninterrupted_Baseline,225
1790422718.011094385,Uninterrupted_Baseline,227
1790422718.091475062,Uninterrupted_Baseline,228
1790422718.176276238,Uninterrupted_Baseline,229
1790422718.259237180,Uninterrupted_Baseline,229
1790422718.320744799,Uninterrupted_Baseline,230
1790422718.401757469,Uninterrupted_Baseline,231
1790422718.450535022,Uninterrupted_Baseline,232
1790422718.498413042,Uninterrupted_Baseline,233
1790422718.557936731,Uninterrupted_Baseline,233
1790422718.627110006,Uninterrupted_Baseline,234
1790422718.691126379,Uninterrupted_Baseline,235
1790422718.770480618,Uninterrupted_Baseline,236
1790422718.841520875,Uninterrupted_Baseline,237
1790422718.922389511,Uninterrupted_Baseline,238
1790422719.006544513,Uninterrupted_Baseline,239
1790422719.088059719,Uninterrupted_Baseline,240
1790422719.161410798,Uninterrupted_Baseline,241
1790422719.225060400,Uninterrupted_Baseline,242
1790422719.300744897,Uninterrupted_Baseline,243
1790422719.380063009,Uninterrupted_Baseline,244
1790422719.444177739,Uninterrupted_Baseline,245
1790422719.544028224,Uninterrupted_Baseline,246
1790422719.621859789,Uninterrupted_Baseline,247
1790422719.705820310,Uninterrupted_Baseline,248
1790422719.763904427,Uninterrupted_Baseline,249
1790422719.835778007,Uninterrupted_Baseline,249
1790422719.918801879,Uninterrupted_Baseline,251
1790422720.002276813,Uninterrupted_Baseline,252
1790422720.084479077,Uninterrupted_Baseline,253
1790422720.171714822,Uninterrupted_Baseline,254
1790422720.250166558,Uninterrupted_Baseline,255
1790422720.334896674,Uninterrupted_Baseline,256
1790422720.416639355,Uninterrupted_Baseline,257
1790422720.498368085,Uninterrupted_Baseline,258
1790422720.580480292,Uninterrupted_Baseline,259
1790422720.661628782,Uninterrupted_Baseline,260
1790422720.731941239,Uninterrupted_Baseline,261
1790422720.805581005,Uninterrupted_Baseline,262
1790422720.889204626,Uninterrupted_Baseline,263
1790422720.958578327,Uninterrupted_Baseline,264
1790422721.051096326,Uninterrupted_Baseline,265
1790422721.139731108,Uninterrupted_Baseline,266
1790422721.229945339,Uninterrupted_Baseline,267
1790422721.311900571,Uninterrupted_Baseline,268
1790422721.393263972,Uninterrupted_Baseline,269
1790422721.479907022,Uninterrupted_Baseline,270
1790422721.566166187,Uninterrupted_Baseline,271
1790422721.647869957,Uninterrupted_Baseline,272
1790422721.731883376,Uninterrupted_Baseline,273
1790422721.812602259,Uninterrupted_Baseline,274
1790422721.900439785,Uninterrupted_Baseline,275
1790422721.979418473,Uninterrupted_Baseline,276
1790422722.057932109,Uninterrupted_Baseline,277
1790422722.136601723,Uninterrupted_Baseline,278
1790422722.216820944,Uninterrupted_Baseline,279
1790422722.301449640,Uninterrupted_Baseline,281
1790422722.383143564,Uninterrupted_Baseline,282
1790422722.456708008,Uninterrupted_Baseline,282
1790422722.548236820,Uninterrupted_Baseline,284
1790422722.628795980,Uninterrupted_Baseline,285
1790422722.712441886,Uninterrupted_Baseline,286
1790422722.798118136,Uninterrupted_Baseline,287
1790422722.883155321,Uninterrupted_Baseline,288
1790422722.966022832,Uninterrupted_Baseline,289
1790422723.035781245,Uninterrupted_Baseline,290
1790422723.105638723,Uninterrupted_Baseline,290
1790422723.181564779,Uninterrupted_Baseline,291
1790422723.250470950,Uninterrupted_Baseline,292
1790422723.330429385,Uninterrupted_Baseline,293
1790422723.409251745,Uninterrupted_Baseline,294
1790422723.490130646,Uninterrupted_Baseline,295
1790422723.573336176,Uninterrupted_Baseline,296
1790422723.654682962,Uninterrupted_Baseline,297
1790422723.735194785,Uninterrupted_Baseline,298
1790422723.819397737,Uninterrupted_Baseline,299
1790422723.907425348,Uninterrupted_Baseline,300
1790422734.633530188,Phase1_Baseline,10
1790422734.715254380,Phase1_Baseline,18
1790422734.794462876,Phase1_Baseline,34
1790422734.860420631,Phase1_Baseline,36
1790422734.916069829,Phase1_Baseline,72
1790422734.992846610,Phase1_Baseline,144
1790422735.065904059,Phase1_Baseline,286
1790422735.144217884,Phase1_Baseline,505
1790422735.219106632,Phase1_Baseline,769
1790422735.300025464,Phase1_Baseline,1099
1790422735.377229134,Phase1_Baseline,1025
1790422735.430468775,Phase1_Baseline,890
1790422735.495300952,Phase1_Baseline,731
1790422735.575222547,Phase1_Baseline,575
1790422735.656843803,Phase1_Baseline,575
1790422735.740972759,Phase1_Baseline,481
1790422735.806202910,Phase1_Baseline,320
1790422735.895811554,Phase1_Baseline,287
1790422735.982429691,Phase1_Baseline,143
1790422736.056037654,Phase1_Baseline,143
1790422736.135855197,Phase1_Baseline,87
1790422736.203085269,Phase1_Baseline,71
1790422736.270620139,Phase1_Baseline,72
1790422736.345251940,Phase1_Baseline,73
1790422736.426463415,Phase1_Baseline,74
1790422736.490874794,Phase1_Baseline,74
1790422736.563771022,Phase1_Baseline,75
1790422736.646904217,Phase1_Baseline,76
1790422736.711058068,Phase1_Baseline,77
1790422736.789352631,Phase1_Baseline,78
1790422736.855534002,Phase1_Baseline,79
1790422736.940787645,Phase1_Baseline,80
1790422737.008864427,Phase1_Baseline,81
1790422737.087796625,Phase1_Baseline,82
1790422737.164753963,Phase1_Baseline,83
1790422737.237930904,Phase1_Baseline,84
1790422737.316714704,Phase1_Baseline,85
1790422737.396016867,Phase1_Baseline,86
1790422737.473537328,Phase1_Baseline,87
1790422737.557780881,Phase1_Baseline,88
1790422737.638783620,Phase1_Baseline,89
1790422737.718723140,Phase1_Baseline,90
1790422737.802273793,Phase1_Baseline,91
1790422737.881054673,Phase1_Baseline,92
1790422737.955058795,Phase1_Baseline,93
1790422738.024182847,Phase1_Baseline,94
1790422738.086130131,Phase1_Baseline,94
1790422738.139308996,Phase1_Baseline,95
1790422738.193861673,Phase1_Baseline,96
1790422738.246499418,Phase1_Baseline,97
1790422738.300495032,Phase1_Baseline,97
1790422738.369290146,Phase1_Baseline,98
1790422738.428492724,Phase1_Baseline,99
1790422738.481020258,Phase1_Baseline,100
1790422738.535092372,Phase1_Baseline,100
1790422738.587457464,Phase1_Baseline,101
1790422738.662099499,Phase1_Baseline,102
1790422738.721143204,Phase1_Baseline,103
1790422738.780069476,Phase1_Baseline,103
1790422738.842491766,Phase1_Baseline,104
1790422738.913464801,Phase1_Baseline,105
1790422738.992518003,Phase1_Baseline,106
1790422739.052178864,Phase1_Baseline,107
1790422739.131695724,Phase1_Baseline,108
1790422739.201310719,Phase1_Baseline,109
1790422739.274977370,Phase1_Baseline,109
1790422739.349144603,Phase1_Baseline,110
1790422739.427386328,Phase1_Baseline,112
1790422739.510233423,Phase1_Baseline,112
1790422739.591694367,Phase1_Baseline,113
1790422739.670893642,Phase1_Baseline,114
1790422739.750980568,Phase1_Baseline,116
1790422739.829296294,Phase1_Baseline,117
1790422739.907896902,Phase1_Baseline,117
1790422739.987602201,Phase1_Baseline,118
1790422740.069921186,Phase1_Baseline,120
1790422740.151087145,Phase1_Baseline,121
1790422740.235854498,Phase1_Baseline,122
1790422740.319740927,Phase1_Baseline,123
1790422740.401233063,Phase1_Baseline,124
1790422740.480876040,Phase1_Baseline,125
1790422740.562416111,Phase1_Baseline,126
1790422740.643363355,Phase1_Baseline,127
1790422740.721160215,Phase1_Baseline,128
1790422740.799271109,Phase1_Baseline,129
1790422740.877894101,Phase1_Baseline,130
1790422740.940621774,Phase1_Baseline,131
1790422741.024506718,Phase1_Baseline,132
1790422741.105972440,Phase1_Baseline,133
1790422741.190346200,Phase1_Baseline,134
1790422741.264407419,Phase1_Baseline,135
1790422741.341056310,Phase1_Baseline,136
1790422741.427456658,Phase1_Baseline,137
1790422741.509643252,Phase1_Baseline,138
1790422741.594224351,Phase1_Baseline,139
1790422741.675024398,Phase1_Baseline,140
1790422741.741264342,Phase1_Baseline,141
1790422741.820740759,Phase1_Baseline,142
1790422741.901868563,Phase1_Baseline,143
1790422741.988730022,Phase1_Baseline,144
1790422742.070930407,Phase1_Baseline,145
1790422742.155800036,Phase1_Baseline,146
1790422742.240534044,Phase1_Baseline,147
1790422742.319858599,Phase1_Baseline,148
1790422742.400391324,Phase1_Baseline,149
1790422742.479353793,Phase1_Baseline,150
1790422742.559805332,Phase1_Baseline,151
1790422742.642726750,Phase1_Baseline,152
1790422742.721321684,Phase1_Baseline,153
1790422742.801184249,Phase1_Baseline,154
1790422742.870639595,Phase1_Baseline,155
1790422742.950009761,Phase1_Baseline,156
1790422743.017179713,Phase1_Baseline,157
1790422743.086948999,Phase1_Baseline,158
1790422743.168103909,Phase1_Baseline,159
1790422743.250206070,Phase1_Baseline,160
1790422743.324921651,Phase1_Baseline,161
1790422743.389428899,Phase1_Baseline,162
1790422743.471751269,Phase1_Baseline,163
1790422743.547041707,Phase1_Baseline,164
1790422743.634162968,Phase1_Baseline,165
1790422743.709298609,Phase1_Baseline,166
1790422743.788317168,Phase1_Baseline,167
1790422743.868360170,Phase1_Baseline,168
1790422743.952432097,Phase1_Baseline,169
1790422744.033126243,Phase1_Baseline,170
1790422744.111804883,Phase1_Baseline,171
1790422744.186028734,Phase1_Baseline,172
1790422744.274150049,Phase1_Baseline,173
1790422744.353856794,Phase1_Baseline,174
1790422744.435678733,Phase1_Baseline,175
1790422744.516121308,Phase1_Baseline,176
1790422744.585610015,Phase1_Baseline,177
1790422744.672539394,Phase1_Baseline,178
1790422744.756572760,Phase1_Baseline,179
1790422744.833309684,Phase1_Baseline,180
1790422744.893467677,Phase1_Baseline,181
1790422744.993974126,Phase1_Baseline,182
1790422745.054179511,Phase1_Baseline,183
1790422745.125430540,Phase1_Baseline,184
1790422745.208370802,Phase1_Baseline,185
1790422745.289367803,Phase1_Baseline,186
1790422745.356372382,Phase1_Baseline,187
1790422745.427147277,Phase1_Baseline,187
1790422745.504020570,Phase1_Baseline,188
1790422745.583800055,Phase1_Baseline,189
1790422745.663633216,Phase1_Baseline,190
1790422745.740127454,Phase1_Baseline,191
1790422745.819560441,Phase1_Baseline,192
1790422745.905715068,Phase1_Baseline,194
1790422745.989218880,Phase1_Baseline,195
1790422746.070072974,Phase1_Baseline,196
1790422746.154791937,Phase1_Baseline,197
1790422746.246957451,Phase1_Baseline,198
1790422746.323580786,Phase1_Baseline,199
1790422746.407416090,Phase1_Baseline,200
1790422746.490944341,Phase1_Baseline,201
1790422746.568871730,Phase1_Baseline,202
1790422746.654040046,Phase1_Baseline,203
1790422746.735501447,Phase1_Baseline,204
1790422746.818216387,Phase1_Baseline,205
1790422746.887018549,Phase1_Baseline,206
1790422746.969558427,Phase1_Baseline,207
1790422747.056543013,Phase1_Baseline,208
1790422747.131897966,Phase1_Baseline,209
1790422747.218233474,Phase1_Baseline,210
1790422747.300860748,Phase1_Baseline,211
1790422747.388582033,Phase1_Baseline,212
1790422747.472983565,Phase1_Baseline,213
1790422747.558075497,Phase1_Baseline,214
1790422747.626583736,Phase1_Baseline,215
1790422747.706500846,Phase1_Baseline,216
1790422747.788043720,Phase1_Baseline,217
1790422747.859435401,Phase1_Baseline,218
1790422747.940362141,Phase1_Baseline,219
1790422748.019459154,Phase1_Baseline,220
1790422748.086562372,Phase1_Baseline,221
1790422748.156040753,Phase1_Baseline,222
1790422748.228357697,Phase1_Baseline,223
1790422748.311958215,Phase1_Baseline,224
1790422748.386918142,Phase1_Baseline,225
1790422748.438097158,Phase1_Baseline,225
1790422748.496634851,Phase1_Baseline,226
1790422748.567178666,Phase1_Baseline,227
1790422748.623964469,Phase1_Baseline,228
1790422748.705851723,Phase1_Baseline,229
1790422748.786248152,Phase1_Baseline,230
1790422748.862951790,Phase1_Baseline,231
1790422748.948183166,Phase1_Baseline,232
1790422749.030241903,Phase1_Baseline,233
1790422749.116111041,Phase1_Baseline,234
1790422749.184068748,Phase1_Baseline,235
1790422749.251139877,Phase1_Baseline,236
1790422749.317175733,Phase1_Baseline,236
1790422749.395597617,Phase1_Baseline,237
1790422749.471682785,Phase1_Baseline,238
1790422749.559231712,Phase1_Baseline,239
1790422749.634430462,Phase1_Baseline,240
1790422749.718626351,Phase1_Baseline,242
1790422749.799588186,Phase1_Baseline,243
1790422749.876215557,Phase1_Baseline,244
1790422749.948757963,Phase1_Baseline,244
1790422750.026792437,Phase1_Baseline,245
1790422750.108438983,Phase1_Baseline,247
1790422750.193859613,Phase1_Baseline,247
1790422750.267400302,Phase1_Baseline,248
1790422750.331298581,Phase1_Baseline,249
1790422750.414130807,Phase1_Baseline,250
1790422750.492713144,Phase1_Baseline,251
1790422750.562586618,Phase1_Baseline,252
1790422750.643273501,Phase1_Baseline,253
1790422750.710700161,Phase1_Baseline,254
1790422750.789974700,Phase1_Baseline,255
1790422750.877444670,Phase1_Baseline,256
1790422750.953310558,Phase1_Baseline,257
1790422751.024405469,Phase1_Baseline,258
1790422751.092869562,Phase1_Baseline,259
1790422751.168535402,Phase1_Baseline,260
1790422751.243214682,Phase1_Baseline,261
1790422751.307352859,Phase1_Baseline,261
1790422751.363186505,Phase1_Baseline,262
1790422751.443545389,Phase1_Baseline,263
1790422751.532291958,Phase1_Baseline,264
1790422751.614988465,Phase1_Baseline,265
1790422751.698917511,Phase1_Baseline,266
1790422751.784800774,Phase1_Baseline,268
1790422751.866465126,Phase1_Baseline,269
1790422751.950461494,Phase1_Baseline,270
1790422752.015952961,Phase1_Baseline,270
1790422752.099440890,Phase1_Baseline,272
1790422752.175695733,Phase1_Baseline,272
1790422752.257393670,Phase1_Baseline,273
1790422752.339293038,Phase1_Baseline,274
1790422752.403641386,Phase1_Baseline,275
1790422752.481189526,Phase1_Baseline,276
1790422752.558476558,Phase1_Baseline,277
1790422752.639636288,Phase1_Baseline,278
1790422752.721190445,Phase1_Baseline,279
1790422752.804081714,Phase1_Baseline,280
1790422752.889242366,Phase1_Baseline,281
1790422752.971948197,Phase1_Baseline,282
1790422753.053042384,Phase1_Baseline,283
1790422753.136232533,Phase1_Baseline,284
1790422753.212873527,Phase1_Baseline,285
1790422753.295790141,Phase1_Baseline,286
1790422753.366112113,Phase1_Baseline,287
1790422753.428699446,Phase1_Baseline,288
1790422753.510109455,Phase1_Baseline,289
1790422753.593734144,Phase1_Baseline,290
1790422753.671158588,Phase1_Baseline,291
1790422753.756732029,Phase1_Baseline,292
1790422753.840989645,Phase1_Baseline,293
1790422753.909626999,Phase1_Baseline,294
1790422753.969197495,Phase1_Baseline,295
1790422754.051910240,Phase1_Baseline,296
1790422754.133856169,Phase1_Baseline,297
1790422754.220125407,Phase1_Baseline,298
1790422754.298607414,Phase1_Baseline,299
1790422754.365505117,Phase1_Baseline,300
1790422754.438612880,Phase1_Baseline,301
1790422754.513381985,Phase1_Baseline,302
1790422754.584396568,Phase1_Baseline,302
1790422754.661426805,Phase1_Baseline,303
1790422754.737961416,Phase1_Baseline,304
1790422754.805080416,Phase1_Baseline,305
1790422754.864041888,Phase1_Baseline,306
1790422754.946111086,Phase1_Baseline,307
1790422755.027007410,Phase1_Baseline,308
1790422755.112201682,Phase1_Baseline,309
1790422755.188159062,Phase1_Baseline,310
1790422755.270047286,Phase1_Baseline,311
1790422755.336838200,Phase1_Baseline,312
1790422755.414998745,Phase1_Baseline,313
1790422755.498174171,Phase1_Baseline,314
1790422755.578524606,Phase1_Baseline,315
1790422755.667131900,Phase1_Baseline,316
1790422755.748474235,Phase1_Baseline,317
1790422755.828022216,Phase1_Baseline,318
1790422755.907518342,Phase1_Baseline,319
1790422755.988554839,Phase1_Baseline,320
1790422756.067184309,Phase1_Baseline,321
1790422756.144052683,Phase1_Baseline,322
1790422756.225437727,Phase1_Baseline,323
1790422756.304281894,Phase1_Baseline,324
1790422756.368329414,Phase1_Baseline,325
1790422756.454162838,Phase1_Baseline,326
1790422756.537431395,Phase1_Baseline,327
1790422756.618921279,Phase1_Baseline,328
1790422756.699576632,Phase1_Baseline,329
1790422756.784228165,Phase1_Baseline,330
1790422756.869587900,Phase1_Baseline,331
1790422756.951925763,Phase1_Baseline,332
1790422757.032052976,Phase1_Baseline,333
1790422757.111403569,Phase1_Baseline,334
1790422757.201493085,Phase1_Baseline,335
1790422757.292442805,Phase1_Baseline,336
1790422757.351020444,Phase1_Baseline,337
1790422757.410913124,Phase1_Baseline,337
1790422757.485272526,Phase1_Baseline,338
1790422757.549767850,Phase1_Baseline,339
1790422757.625479870,Phase1_Baseline,340
1790422757.687204942,Phase1_Baseline,341
1790422757.763316295,Phase1_Baseline,342
1790422757.834015124,Phase1_Baseline,342
1790422757.907112670,Phase1_Baseline,343
1790422757.977930460,Phase1_Baseline,344
1790422758.051548612,Phase1_Baseline,345
1790422758.111071706,Phase1_Baseline,346
1790422758.190049849,Phase1_Baseline,347
1790422758.255239046,Phase1_Baseline,347
1790422758.312338452,Phase1_Baseline,348
1790422758.391580151,Phase1_Baseline,349
1790422758.441154041,Phase1_Baseline,350
1790422758.491367966,Phase1_Baseline,350
1790422758.543997225,Phase1_Baseline,351
1790422758.599486824,Phase1_Baseline,351
1790422758.664946121,Phase1_Baseline,352
1790422758.736568144,Phase1_Baseline,353
1790422758.823371874,Phase1_Baseline,354
1790422758.899716150,Phase1_Baseline,355
1790422758.978993102,Phase1_Baseline,356
1790422759.068847571,Phase1_Baseline,293
1790422759.145473094,Phase1_Baseline,178
1790422759.215629624,Phase1_Baseline,178
1790422759.287228510,Phase1_Baseline,178
1790422759.364190840,Phase1_Baseline,179
1790422759.444331140,Phase1_Baseline,180
1790422759.526064827,Phase1_Baseline,181
1790422759.607191968,Phase1_Baseline,182
1790422759.687203537,Phase1_Baseline,183
1790422759.767225143,Phase1_Baseline,184
1790422759.846361842,Phase1_Baseline,185
1790422759.924344562,Phase1_Baseline,186
1790422760.006524984,Phase1_Baseline,187
1790422760.084087249,Phase1_Baseline,188
1790422760.156732811,Phase1_Baseline,189
1790422760.237289808,Phase1_Baseline,190
1790422760.316454613,Phase1_Baseline,191
1790422760.390881406,Phase1_Baseline,192
1790422760.468700514,Phase1_Baseline,193
1790422760.551213160,Phase1_Baseline,194
1790422760.631504104,Phase1_Baseline,195
1790422760.702211387,Phase1_Baseline,196
1790422760.780437143,Phase1_Baseline,197
1790422760.855866995,Phase1_Baseline,198
1790422760.936844097,Phase1_Baseline,199
1790422761.020184128,Phase1_Baseline,200
1790422761.106937799,Phase1_Baseline,201
1790422761.175367679,Phase1_Baseline,202
1790422761.256135409,Phase1_Baseline,203
1790422761.313456305,Phase1_Baseline,204
1790422761.392826636,Phase1_Baseline,205
1790422761.474770828,Phase1_Baseline,206
1790422761.555387668,Phase1_Baseline,207
1790422761.637311672,Phase1_Baseline,208
1790422761.718903255,Phase1_Baseline,209
1790422761.804303431,Phase1_Baseline,210
1790422761.884775668,Phase1_Baseline,211
1790422763.236210456,Phase2_Migrated,10
1790422763.310165875,Phase2_Migrated,10
1790422763.388301170,Phase2_Migrated,10
1790422763.477961253,Phase2_Migrated,26
1790422763.573097860,Phase2_Migrated,72
1790422763.665124764,Phase2_Migrated,144
1790422763.757078104,Phase2_Migrated,253
1790422763.850075777,Phase2_Migrated,522
1790422763.942115803,Phase2_Migrated,890
1790422764.036975161,Phase2_Migrated,1062
1790422764.130372471,Phase2_Migrated,860
1790422764.213394347,Phase2_Migrated,572
1790422764.309553770,Phase2_Migrated,572
1790422764.400024546,Phase2_Migrated,559
1790422764.496936604,Phase2_Migrated,367
1790422764.586910920,Phase2_Migrated,286
1790422764.678351800,Phase2_Migrated,170
1790422764.767114389,Phase2_Migrated,143
1790422764.853439421,Phase2_Migrated,145
1790422764.928891600,Phase2_Migrated,146
1790422765.019591874,Phase2_Migrated,147
1790422765.084283396,Phase2_Migrated,147
1790422765.157481582,Phase2_Migrated,148
1790422765.244923410,Phase2_Migrated,149
1790422765.336726448,Phase2_Migrated,151
1790422765.435881731,Phase2_Migrated,152
1790422765.529331073,Phase2_Migrated,153
1790422765.620394210,Phase2_Migrated,154
1790422765.714152010,Phase2_Migrated,155
1790422765.800531248,Phase2_Migrated,157
1790422765.894501095,Phase2_Migrated,158
1790422765.983704721,Phase2_Migrated,159
1790422766.073354095,Phase2_Migrated,160
1790422766.163450751,Phase2_Migrated,161
1790422766.256867479,Phase2_Migrated,162
1790422766.343248969,Phase2_Migrated,164
1790422766.437167305,Phase2_Migrated,165
1790422766.530972956,Phase2_Migrated,166
1790422766.618922239,Phase2_Migrated,167
1790422766.710707082,Phase2_Migrated,168
1790422766.805709892,Phase2_Migrated,169
1790422766.896562242,Phase2_Migrated,171
1790422766.988697362,Phase2_Migrated,172
1790422767.083393016,Phase2_Migrated,173
1790422767.173292192,Phase2_Migrated,174
1790422767.250764207,Phase2_Migrated,175
1790422767.345020802,Phase2_Migrated,176
1790422767.437298823,Phase2_Migrated,177
1790422767.528494457,Phase2_Migrated,179
1790422767.623640089,Phase2_Migrated,180
1790422767.717055071,Phase2_Migrated,181
1790422767.807845700,Phase2_Migrated,182
1790422767.902179345,Phase2_Migrated,183
1790422767.993354013,Phase2_Migrated,184
1790422768.070756320,Phase2_Migrated,185
1790422768.152355279,Phase2_Migrated,186
1790422768.240927627,Phase2_Migrated,188
1790422768.333851711,Phase2_Migrated,189
1790422768.412879549,Phase2_Migrated,190
1790422768.467026971,Phase2_Migrated,190
1790422768.529341668,Phase2_Migrated,191
1790422768.601439121,Phase2_Migrated,192
1790422768.680268957,Phase2_Migrated,193
1790422768.775020602,Phase2_Migrated,194
1790422768.865934402,Phase2_Migrated,195
1790422768.937538204,Phase2_Migrated,196
1790422769.019835953,Phase2_Migrated,197
1790422769.102048431,Phase2_Migrated,198
1790422769.191639322,Phase2_Migrated,200
1790422769.270103058,Phase2_Migrated,201
1790422769.351144378,Phase2_Migrated,202
1790422769.446395539,Phase2_Migrated,203
1790422769.540965160,Phase2_Migrated,204
1790422769.637390315,Phase2_Migrated,205
1790422769.728874525,Phase2_Migrated,206
1790422769.800735158,Phase2_Migrated,207
1790422769.880716148,Phase2_Migrated,208
1790422769.970459413,Phase2_Migrated,209
1790422770.060897988,Phase2_Migrated,211
1790422770.151278854,Phase2_Migrated,212
1790422770.243622891,Phase2_Migrated,213
1790422770.336274857,Phase2_Migrated,214
1790422770.429486648,Phase2_Migrated,215
1790422770.519633245,Phase2_Migrated,216
1790422770.586482938,Phase2_Migrated,217
1790422770.678436746,Phase2_Migrated,218
1790422770.760424057,Phase2_Migrated,219
1790422770.833239661,Phase2_Migrated,220
1790422770.911447292,Phase2_Migrated,221
1790422770.993492434,Phase2_Migrated,222
1790422771.083146133,Phase2_Migrated,223
1790422771.170430540,Phase2_Migrated,224
1790422771.259610056,Phase2_Migrated,226
1790422771.338951548,Phase2_Migrated,227
1790422771.427409955,Phase2_Migrated,228
1790422771.519102279,Phase2_Migrated,229
1790422771.614355241,Phase2_Migrated,230
1790422771.701049094,Phase2_Migrated,231
1790422771.793477358,Phase2_Migrated,232
1790422771.882009159,Phase2_Migrated,233
1790422771.976864631,Phase2_Migrated,235
1790422772.073899333,Phase2_Migrated,236
1790422772.172576197,Phase2_Migrated,237
1790422772.267527589,Phase2_Migrated,238
1790422772.352998245,Phase2_Migrated,239
1790422772.436611869,Phase2_Migrated,240
1790422772.517917305,Phase2_Migrated,241
1790422772.605288108,Phase2_Migrated,243
1790422772.699304635,Phase2_Migrated,244
1790422772.797031392,Phase2_Migrated,245
1790422772.868505835,Phase2_Migrated,246
1790422772.967033646,Phase2_Migrated,247
1790422773.064035882,Phase2_Migrated,248
1790422773.164408827,Phase2_Migrated,250
1790422773.260451068,Phase2_Migrated,251
1790422773.356092780,Phase2_Migrated,252
1790422773.451279993,Phase2_Migrated,253
1790422773.542406271,Phase2_Migrated,254
1790422773.640395535,Phase2_Migrated,255
1790422773.735462455,Phase2_Migrated,257
1790422773.831874139,Phase2_Migrated,258
1790422773.926059644,Phase2_Migrated,259
1790422774.015693218,Phase2_Migrated,260
1790422774.113412375,Phase2_Migrated,262
1790422774.205408979,Phase2_Migrated,263
1790422774.291233870,Phase2_Migrated,264
1790422774.385049572,Phase2_Migrated,265
1790422774.473634636,Phase2_Migrated,266
1790422774.568219689,Phase2_Migrated,267
1790422774.653920263,Phase2_Migrated,268
1790422774.756695445,Phase2_Migrated,270
1790422774.849869634,Phase2_Migrated,271
1790422774.944824232,Phase2_Migrated,272
1790422775.035702799,Phase2_Migrated,273
1790422775.127956188,Phase2_Migrated,274
1790422775.195028851,Phase2_Migrated,275
1790422775.285697794,Phase2_Migrated,276
1790422775.372999685,Phase2_Migrated,277
1790422775.458755655,Phase2_Migrated,278
1790422775.546206510,Phase2_Migrated,279
1790422775.644266584,Phase2_Migrated,281
1790422775.737363153,Phase2_Migrated,282
1790422775.831869812,Phase2_Migrated,283
1790422775.915619482,Phase2_Migrated,284
1790422776.003346556,Phase2_Migrated,285
1790422776.087883917,Phase2_Migrated,286
1790422776.180767456,Phase2_Migrated,287
1790422776.277472914,Phase2_Migrated,288
1790422776.359084276,Phase2_Migrated,290
1790422776.457492700,Phase2_Migrated,291
1790422776.546627697,Phase2_Migrated,292
1790422776.638308599,Phase2_Migrated,293
1790422776.729713299,Phase2_Migrated,294
1790422776.821645679,Phase2_Migrated,295
1790422776.916021955,Phase2_Migrated,296
1790422777.011307326,Phase2_Migrated,298
1790422777.103240896,Phase2_Migrated,299
1790422777.197497716,Phase2_Migrated,300
1790422777.284021321,Phase2_Migrated,301
1790422777.378940899,Phase2_Migrated,302
1790422777.472368770,Phase2_Migrated,303
1790422777.562687165,Phase2_Migrated,304
1790422777.653382436,Phase2_Migrated,306
1790422777.745575387,Phase2_Migrated,307
1790422777.838548466,Phase2_Migrated,308
1790422777.912227663,Phase2_Migrated,309
1790422778.000971998,Phase2_Migrated,310
1790422778.082334915,Phase2_Migrated,311
1790422778.171139507,Phase2_Migrated,312
1790422778.251631166,Phase2_Migrated,313
1790422778.304569997,Phase2_Migrated,314
1790422778.373533536,Phase2_Migrated,315
1790422778.448290338,Phase2_Migrated,315
1790422778.507834242,Phase2_Migrated,316
1790422778.595574347,Phase2_Migrated,317
1790422778.671543618,Phase2_Migrated,318
1790422778.729019136,Phase2_Migrated,319
1790422778.790079747,Phase2_Migrated,320
1790422778.876472016,Phase2_Migrated,321
1790422778.968826646,Phase2_Migrated,322
1790422779.061979650,Phase2_Migrated,323
1790422779.154347959,Phase2_Migrated,324
1790422779.223225538,Phase2_Migrated,325
1790422779.311877603,Phase2_Migrated,326
1790422779.403560316,Phase2_Migrated,327
1790422779.493948543,Phase2_Migrated,328
1790422779.582008942,Phase2_Migrated,329
1790422779.670150594,Phase2_Migrated,330
1790422779.756110831,Phase2_Migrated,331
1790422779.848901710,Phase2_Migrated,333
1790422779.933881186,Phase2_Migrated,334
1790422780.030724894,Phase2_Migrated,335
1790422780.121616850,Phase2_Migrated,336
1790422780.215506128,Phase2_Migrated,337
1790422780.309704572,Phase2_Migrated,338
1790422780.406262818,Phase2_Migrated,339
1790422780.504287143,Phase2_Migrated,340
1790422780.590519952,Phase2_Migrated,342
1790422780.684598421,Phase2_Migrated,343
1790422780.783339306,Phase2_Migrated,344
1790422780.877162378,Phase2_Migrated,345
1790422780.969895610,Phase2_Migrated,346
1790422781.063349914,Phase2_Migrated,347
1790422781.155251548,Phase2_Migrated,348
1790422781.247047216,Phase2_Migrated,349
1790422781.331186917,Phase2_Migrated,350
1790422781.426009114,Phase2_Migrated,351
1790422781.508918042,Phase2_Migrated,352
1790422781.604008242,Phase2_Migrated,354
1790422781.699540098,Phase2_Migrated,355
1790422781.801160430,Phase2_Migrated,356
1790422781.900824279,Phase2_Migrated,357
1790422781.983215867,Phase2_Migrated,214
1790422782.073354927,Phase2_Migrated,179
1790422782.165442399,Phase2_Migrated,180
1790422782.255304224,Phase2_Migrated,181
1790422782.349826747,Phase2_Migrated,182
1790422782.441404355,Phase2_Migrated,183
1790422782.530739872,Phase2_Migrated,184
1790422782.623318142,Phase2_Migrated,185
1790422782.706474953,Phase2_Migrated,187
1790422782.798408418,Phase2_Migrated,188
1790422782.888495149,Phase2_Migrated,189
1790422782.977732894,Phase2_Migrated,190
1790422783.059260992,Phase2_Migrated,191
1790422783.148383877,Phase2_Migrated,192
1790422783.236471988,Phase2_Migrated,193
1790422783.327417778,Phase2_Migrated,195
1790422783.420399449,Phase2_Migrated,196
1790422783.506360529,Phase2_Migrated,197
1790422783.595051688,Phase2_Migrated,198
1790422783.686504895,Phase2_Migrated,199
1790422783.773604684,Phase2_Migrated,200
1790422783.852314146,Phase2_Migrated,201
1790422783.935605390,Phase2_Migrated,202
1790422784.019284756,Phase2_Migrated,203
1790422784.113140034,Phase2_Migrated,204
1790422784.205104738,Phase2_Migrated,206
1790422784.290967335,Phase2_Migrated,207
1790422784.364260498,Phase2_Migrated,208
1790422784.444901868,Phase2_Migrated,209
1790422784.521245019,Phase2_Migrated,210
1790422784.601101806,Phase2_Migrated,211
1790422784.690241536,Phase2_Migrated,212
1790422784.775923069,Phase2_Migrated,213
1790422784.855354563,Phase2_Migrated,214
1790422784.940199856,Phase2_Migrated,215
1790422785.032720947,Phase2_Migrated,216
1790422785.125970773,Phase2_Migrated,217
1790422785.215381482,Phase2_Migrated,218
1790422785.297069875,Phase2_Migrated,219
1790422785.366237666,Phase2_Migrated,220
1790422785.458128512,Phase2_Migrated,221
1790422785.554871770,Phase2_Migrated,223
1790422785.646732185,Phase2_Migrated,224
1790422785.746733437,Phase2_Migrated,225
1790422785.833896625,Phase2_Migrated,226
1790422785.924227876,Phase2_Migrated,227
1790422786.015615191,Phase2_Migrated,228
1790422786.118186310,Phase2_Migrated,230
1790422786.210340364,Phase2_Migrated,231
1790422786.302305098,Phase2_Migrated,232
1790422786.386574480,Phase2_Migrated,233
1790422786.476898527,Phase2_Migrated,234
1790422786.573251705,Phase2_Migrated,235
1790422786.664903494,Phase2_Migrated,237
1790422786.756123464,Phase2_Migrated,238
1790422786.864728419,Phase2_Migrated,239
1790422788.092415117,Uninterrupted_Baseline,1
1790422788.175356148,Uninterrupted_Baseline,1
1790422788.255378311,Uninterrupted_Baseline,1
1790422788.309707321,Uninterrupted_Baseline,1
1790422788.392257682,Uninterrupted_Baseline,1
1790422788.446079584,Uninterrupted_Baseline,1
1790422788.505991282,Uninterrupted_Baseline,1
1790422788.577767563,Uninterrupted_Baseline,1
1790422788.646053542,Uninterrupted_Baseline,1
1790422788.713720638,Uninterrupted_Baseline,1
1790422788.796074747,Uninterrupted_Baseline,1
1790422788.864269304,Uninterrupted_Baseline,1
1790422788.942277102,Uninterrupted_Baseline,1
1790422789.011872892,Uninterrupted_Baseline,1
1790422789.080378045,Uninterrupted_Baseline,1
1790422789.144279935,Uninterrupted_Baseline,1
1790422789.219510921,Uninterrupted_Baseline,1
1790422789.304209142,Uninterrupted_Baseline,1
1790422789.388115801,Uninterrupted_Baseline,1
1790422789.388115801,Uninterrupted_Baseline,10
1790422789.469148618,Uninterrupted_Baseline,1
1790422789.469148618,Uninterrupted_Baseline,20
1790422789.544074787,Uninterrupted_Baseline,1
1790422789.544074787,Uninterrupted_Baseline,40
1790422789.628304669,Uninterrupted_Baseline,1
1790422789.628304669,Uninterrupted_Baseline,80
1790422789.712063786,Uninterrupted_Baseline,1
1790422789.712063786,Uninterrupted_Baseline,160
1790422789.794494411,Uninterrupted_Baseline,1
1790422789.794494411,Uninterrupted_Baseline,320
1790422789.867047870,Uninterrupted_Baseline,1
1790422789.867047870,Uninterrupted_Baseline,594
1790422789.950959675,Uninterrupted_Baseline,1
1790422789.950959675,Uninterrupted_Baseline,927
1790422790.036978545,Uninterrupted_Baseline,1
1790422790.036978545,Uninterrupted_Baseline,1279
1790422790.116458686,Uninterrupted_Baseline,1
1790422790.116458686,Uninterrupted_Baseline,1105
1790422790.199456931,Uninterrupted_Baseline,1
1790422790.199456931,Uninterrupted_Baseline,910
1790422790.284536500,Uninterrupted_Baseline,1
1790422790.284536500,Uninterrupted_Baseline,720
1790422790.359282353,Uninterrupted_Baseline,1
1790422790.359282353,Uninterrupted_Baseline,639
1790422790.440222900,Uninterrupted_Baseline,1
1790422790.440222900,Uninterrupted_Baseline,639
1790422790.524386302,Uninterrupted_Baseline,1
1790422790.524386302,Uninterrupted_Baseline,639
1790422790.604166722,Uninterrupted_Baseline,1
1790422790.604166722,Uninterrupted_Baseline,639
1790422790.685746871,Uninterrupted_Baseline,1
1790422790.685746871,Uninterrupted_Baseline,397
1790422790.766367231,Uninterrupted_Baseline,1
1790422790.766367231,Uninterrupted_Baseline,319
1790422790.854564459,Uninterrupted_Baseline,1
1790422790.854564459,Uninterrupted_Baseline,319
1790422790.940904438,Uninterrupted_Baseline,1
1790422790.940904438,Uninterrupted_Baseline,176
1790422791.021384878,Uninterrupted_Baseline,1
1790422791.021384878,Uninterrupted_Baseline,159
1790422791.098539026,Uninterrupted_Baseline,1
1790422791.098539026,Uninterrupted_Baseline,160
1790422791.179327191,Uninterrupted_Baseline,1
1790422791.179327191,Uninterrupted_Baseline,161
1790422791.259175359,Uninterrupted_Baseline,1
1790422791.259175359,Uninterrupted_Baseline,162
1790422791.342066064,Uninterrupted_Baseline,1
1790422791.342066064,Uninterrupted_Baseline,163
1790422791.424398135,Uninterrupted_Baseline,1
1790422791.424398135,Uninterrupted_Baseline,165
1790422791.505001354,Uninterrupted_Baseline,1
1790422791.505001354,Uninterrupted_Baseline,166
1790422791.588802477,Uninterrupted_Baseline,1
1790422791.588802477,Uninterrupted_Baseline,167
1790422791.676387014,Uninterrupted_Baseline,1
1790422791.676387014,Uninterrupted_Baseline,168
1790422791.756310782,Uninterrupted_Baseline,1
1790422791.756310782,Uninterrupted_Baseline,169
1790422791.836753630,Uninterrupted_Baseline,1
1790422791.836753630,Uninterrupted_Baseline,170
1790422791.919506365,Uninterrupted_Baseline,1
1790422791.919506365,Uninterrupted_Baseline,171
1790422792.005425028,Uninterrupted_Baseline,1
1790422792.005425028,Uninterrupted_Baseline,172
1790422792.086394444,Uninterrupted_Baseline,1
1790422792.086394444,Uninterrupted_Baseline,173
1790422792.167391783,Uninterrupted_Baseline,1
1790422792.167391783,Uninterrupted_Baseline,174
1790422792.249520085,Uninterrupted_Baseline,1
1790422792.249520085,Uninterrupted_Baseline,175
1790422792.329007415,Uninterrupted_Baseline,1
1790422792.329007415,Uninterrupted_Baseline,176
1790422792.409133904,Uninterrupted_Baseline,1
1790422792.409133904,Uninterrupted_Baseline,177
1790422792.494438207,Uninterrupted_Baseline,1
1790422792.494438207,Uninterrupted_Baseline,178
1790422792.574629813,Uninterrupted_Baseline,1
1790422792.574629813,Uninterrupted_Baseline,179
1790422792.655015340,Uninterrupted_Baseline,1
1790422792.655015340,Uninterrupted_Baseline,180
1790422792.710639617,Uninterrupted_Baseline,1
1790422792.710639617,Uninterrupted_Baseline,181
1790422792.788190803,Uninterrupted_Baseline,1
1790422792.788190803,Uninterrupted_Baseline,182
1790422792.867908470,Uninterrupted_Baseline,1
1790422792.867908470,Uninterrupted_Baseline,183
1790422792.948721697,Uninterrupted_Baseline,1
1790422792.948721697,Uninterrupted_Baseline,184
1790422793.022605211,Uninterrupted_Baseline,1
1790422793.022605211,Uninterrupted_Baseline,185
1790422793.091282835,Uninterrupted_Baseline,1
1790422793.091282835,Uninterrupted_Baseline,186
1790422793.178689351,Uninterrupted_Baseline,1
1790422793.178689351,Uninterrupted_Baseline,187
1790422793.250741949,Uninterrupted_Baseline,1
1790422793.250741949,Uninterrupted_Baseline,188
1790422793.339400250,Uninterrupted_Baseline,1
1790422793.339400250,Uninterrupted_Baseline,189
1790422793.425973493,Uninterrupted_Baseline,1
1790422793.425973493,Uninterrupted_Baseline,190
1790422793.508876690,Uninterrupted_Baseline,1
1790422793.508876690,Uninterrupted_Baseline,191
1790422793.579129316,Uninterrupted_Baseline,1
1790422793.579129316,Uninterrupted_Baseline,192
1790422793.659205480,Uninterrupted_Baseline,1
1790422793.659205480,Uninterrupted_Baseline,193
1790422793.729086164,Uninterrupted_Baseline,1
1790422793.729086164,Uninterrupted_Baseline,194
1790422793.794559207,Uninterrupted_Baseline,1
1790422793.794559207,Uninterrupted_Baseline,195
1790422793.858576016,Uninterrupted_Baseline,1
1790422793.858576016,Uninterrupted_Baseline,195
1790422793.926161089,Uninterrupted_Baseline,1
1790422793.926161089,Uninterrupted_Baseline,196
1790422794.000530019,Uninterrupted_Baseline,1
1790422794.000530019,Uninterrupted_Baseline,197
1790422794.066629192,Uninterrupted_Baseline,1
1790422794.066629192,Uninterrupted_Baseline,198
1790422794.138440998,Uninterrupted_Baseline,1
1790422794.138440998,Uninterrupted_Baseline,199
1790422794.202201067,Uninterrupted_Baseline,1
1790422794.202201067,Uninterrupted_Baseline,200
1790422794.281976917,Uninterrupted_Baseline,1
1790422794.281976917,Uninterrupted_Baseline,201
1790422794.363429173,Uninterrupted_Baseline,1
1790422794.363429173,Uninterrupted_Baseline,202
1790422794.438341034,Uninterrupted_Baseline,1
1790422794.438341034,Uninterrupted_Baseline,203
1790422794.517588750,Uninterrupted_Baseline,1
1790422794.517588750,Uninterrupted_Baseline,204
1790422794.583062663,Uninterrupted_Baseline,1
1790422794.583062663,Uninterrupted_Baseline,205
1790422794.664354180,Uninterrupted_Baseline,1
1790422794.664354180,Uninterrupted_Baseline,206
1790422794.746119726,Uninterrupted_Baseline,1
1790422794.746119726,Uninterrupted_Baseline,207
1790422794.833697751,Uninterrupted_Baseline,1
1790422794.833697751,Uninterrupted_Baseline,208
1790422794.912453404,Uninterrupted_Baseline,1
1790422794.912453404,Uninterrupted_Baseline,209
1790422795.009178449,Uninterrupted_Baseline,1
1790422795.009178449,Uninterrupted_Baseline,210
1790422795.061252305,Uninterrupted_Baseline,1
1790422795.061252305,Uninterrupted_Baseline,210
1790422795.115608145,Uninterrupted_Baseline,1
1790422795.115608145,Uninterrupted_Baseline,211
1790422795.186161668,Uninterrupted_Baseline,1
1790422795.186161668,Uninterrupted_Baseline,212
1790422795.263500224,Uninterrupted_Baseline,1
1790422795.263500224,Uninterrupted_Baseline,213
1790422795.338923826,Uninterrupted_Baseline,1
1790422795.338923826,Uninterrupted_Baseline,214
1790422795.404346521,Uninterrupted_Baseline,1
1790422795.404346521,Uninterrupted_Baseline,215
1790422795.480733873,Uninterrupted_Baseline,1
1790422795.480733873,Uninterrupted_Baseline,216
1790422795.565100132,Uninterrupted_Baseline,1
1790422795.565100132,Uninterrupted_Baseline,217
1790422795.647467652,Uninterrupted_Baseline,1
1790422795.647467652,Uninterrupted_Baseline,218
1790422795.727071783,Uninterrupted_Baseline,1
1790422795.727071783,Uninterrupted_Baseline,219
1790422795.800427934,Uninterrupted_Baseline,1
1790422795.800427934,Uninterrupted_Baseline,220
1790422795.886362511,Uninterrupted_Baseline,1
1790422795.886362511,Uninterrupted_Baseline,221
1790422795.971390130,Uninterrupted_Baseline,1
1790422795.971390130,Uninterrupted_Baseline,222
1790422796.058335551,Uninterrupted_Baseline,1
1790422796.058335551,Uninterrupted_Baseline,223
1790422796.140405134,Uninterrupted_Baseline,1
1790422796.140405134,Uninterrupted_Baseline,224
1790422796.206350878,Uninterrupted_Baseline,1
1790422796.206350878,Uninterrupted_Baseline,225
1790422796.289112577,Uninterrupted_Baseline,1
1790422796.289112577,Uninterrupted_Baseline,226
1790422796.369277844,Uninterrupted_Baseline,1
1790422796.369277844,Uninterrupted_Baseline,227
1790422796.446984688,Uninterrupted_Baseline,1
1790422796.446984688,Uninterrupted_Baseline,228
1790422796.530538519,Uninterrupted_Baseline,1
1790422796.530538519,Uninterrupted_Baseline,229
1790422796.614720710,Uninterrupted_Baseline,1
1790422796.614720710,Uninterrupted_Baseline,230
1790422796.700959886,Uninterrupted_Baseline,1
1790422796.700959886,Uninterrupted_Baseline,231
1790422796.783050124,Uninterrupted_Baseline,1
1790422796.783050124,Uninterrupted_Baseline,232
1790422796.864571866,Uninterrupted_Baseline,1
1790422796.864571866,Uninterrupted_Baseline,233
1790422796.949089397,Uninterrupted_Baseline,1
1790422796.949089397,Uninterrupted_Baseline,234
1790422797.038160362,Uninterrupted_Baseline,1
1790422797.038160362,Uninterrupted_Baseline,235
1790422797.124457457,Uninterrupted_Baseline,1
1790422797.124457457,Uninterrupted_Baseline,237
1790422797.205582142,Uninterrupted_Baseline,1
1790422797.205582142,Uninterrupted_Baseline,237
1790422797.269070486,Uninterrupted_Baseline,1
1790422797.269070486,Uninterrupted_Baseline,238
1790422797.356232762,Uninterrupted_Baseline,1
1790422797.356232762,Uninterrupted_Baseline,239
1790422797.442506182,Uninterrupted_Baseline,1
1790422797.442506182,Uninterrupted_Baseline,241
1790422797.528160988,Uninterrupted_Baseline,1
1790422797.528160988,Uninterrupted_Baseline,242
1790422797.604414554,Uninterrupted_Baseline,1
1790422797.604414554,Uninterrupted_Baseline,243
1790422797.686844500,Uninterrupted_Baseline,1
1790422797.686844500,Uninterrupted_Baseline,244
1790422797.766823564,Uninterrupted_Baseline,1
1790422797.766823564,Uninterrupted_Baseline,245
1790422797.850729158,Uninterrupted_Baseline,1
1790422797.850729158,Uninterrupted_Baseline,246
1790422797.932819106,Uninterrupted_Baseline,1
1790422797.932819106,Uninterrupted_Baseline,247
1790422798.013253295,Uninterrupted_Baseline,1
1790422798.013253295,Uninterrupted_Baseline,248
1790422798.074203963,Uninterrupted_Baseline,1
1790422798.074203963,Uninterrupted_Baseline,249
1790422798.150152268,Uninterrupted_Baseline,1
1790422798.150152268,Uninterrupted_Baseline,249
1790422798.232461688,Uninterrupted_Baseline,1
1790422798.232461688,Uninterrupted_Baseline,250
1790422798.291335966,Uninterrupted_Baseline,1
1790422798.291335966,Uninterrupted_Baseline,251
1790422798.354063188,Uninterrupted_Baseline,1
1790422798.354063188,Uninterrupted_Baseline,252
1790422798.434364034,Uninterrupted_Baseline,1
1790422798.434364034,Uninterrupted_Baseline,253
1790422798.487671808,Uninterrupted_Baseline,1
1790422798.487671808,Uninterrupted_Baseline,254
1790422798.539367438,Uninterrupted_Baseline,1
1790422798.539367438,Uninterrupted_Baseline,254
1790422798.597516654,Uninterrupted_Baseline,1
1790422798.597516654,Uninterrupted_Baseline,255
1790422798.650731982,Uninterrupted_Baseline,1
1790422798.650731982,Uninterrupted_Baseline,256
1790422798.710513557,Uninterrupted_Baseline,1
1790422798.710513557,Uninterrupted_Baseline,257
1790422798.792880237,Uninterrupted_Baseline,1
1790422798.792880237,Uninterrupted_Baseline,258
1790422798.869559962,Uninterrupted_Baseline,1
1790422798.869559962,Uninterrupted_Baseline,259
1790422798.949815320,Uninterrupted_Baseline,259
1790422799.018310797,Uninterrupted_Baseline,260
1790422799.097442638,Uninterrupted_Baseline,261
1790422799.177235603,Uninterrupted_Baseline,262
1790422799.244817119,Uninterrupted_Baseline,263
1790422799.321106527,Uninterrupted_Baseline,264
1790422799.401095426,Uninterrupted_Baseline,265
1790422799.485450423,Uninterrupted_Baseline,266
1790422799.567835294,Uninterrupted_Baseline,267
1790422799.647597492,Uninterrupted_Baseline,268
1790422799.730804159,Uninterrupted_Baseline,269
1790422799.800183196,Uninterrupted_Baseline,270
1790422799.880606679,Uninterrupted_Baseline,271
1790422799.963083935,Uninterrupted_Baseline,272
1790422800.043787547,Uninterrupted_Baseline,273
1790422800.122842222,Uninterrupted_Baseline,274
1790422800.207082975,Uninterrupted_Baseline,275
1790422800.287222826,Uninterrupted_Baseline,276
1790422800.369960011,Uninterrupted_Baseline,277
1790422800.449540187,Uninterrupted_Baseline,278
1790422800.535695075,Uninterrupted_Baseline,280
1790422800.617895140,Uninterrupted_Baseline,281
1790422800.701207779,Uninterrupted_Baseline,282
1790422800.782122821,Uninterrupted_Baseline,283
1790422800.866549282,Uninterrupted_Baseline,284
1790422800.950136313,Uninterrupted_Baseline,285
1790422801.032358028,Uninterrupted_Baseline,286
1790422801.114109653,Uninterrupted_Baseline,287
1790422801.199602005,Uninterrupted_Baseline,288
1790422801.285821398,Uninterrupted_Baseline,289
1790422801.368745607,Uninterrupted_Baseline,290
1790422801.449472999,Uninterrupted_Baseline,291
1790422801.532693503,Uninterrupted_Baseline,292
1790422801.616290310,Uninterrupted_Baseline,293
1790422801.697864662,Uninterrupted_Baseline,294
1790422801.779621507,Uninterrupted_Baseline,295
1790422801.861919933,Uninterrupted_Baseline,296
1790422801.943623039,Uninterrupted_Baseline,297
1790422802.027676860,Uninterrupted_Baseline,298
1790422802.110427290,Uninterrupted_Baseline,299
1790422802.190345783,Uninterrupted_Baseline,300
1790422802.273947845,Uninterrupted_Baseline,301
1790422802.352981487,Uninterrupted_Baseline,302
1790422802.430729026,Uninterrupted_Baseline,303
1790422802.506692465,Uninterrupted_Baseline,304
1790422802.586490866,Uninterrupted_Baseline,305
1790422802.669601750,Uninterrupted_Baseline,306
1790422802.749175125,Uninterrupted_Baseline,307
1790422802.828558940,Uninterrupted_Baseline,308
1790422802.911125783,Uninterrupted_Baseline,309
1790422802.993133845,Uninterrupted_Baseline,310
1790422803.074484732,Uninterrupted_Baseline,311
1790422803.157689585,Uninterrupted_Baseline,312
1790422803.239023663,Uninterrupted_Baseline,313
1790422803.305120443,Uninterrupted_Baseline,314
1790422803.386291672,Uninterrupted_Baseline,315
1790422803.465839858,Uninterrupted_Baseline,316
1790422803.551572971,Uninterrupted_Baseline,317
1790422803.632469958,Uninterrupted_Baseline,318
1790422803.714579172,Uninterrupted_Baseline,319
1790422803.798526931,Uninterrupted_Baseline,320
1790422803.882875755,Uninterrupted_Baseline,321
1790422803.964339529,Uninterrupted_Baseline,322
1790422804.045315922,Uninterrupted_Baseline,323
1790422804.129500419,Uninterrupted_Baseline,324
1790422804.208705801,Uninterrupted_Baseline,325
1790422804.287183503,Uninterrupted_Baseline,326
1790422804.351315090,Uninterrupted_Baseline,327
1790422804.425880298,Uninterrupted_Baseline,328
1790422804.515110455,Uninterrupted_Baseline,329
1790422804.583928465,Uninterrupted_Baseline,330
1790422804.669442273,Uninterrupted_Baseline,331
1790422804.747967470,Uninterrupted_Baseline,332
1790422804.831361596,Uninterrupted_Baseline,333
1790422804.905490590,Uninterrupted_Baseline,334
1790422804.981015713,Uninterrupted_Baseline,335
1790422805.066910115,Uninterrupted_Baseline,336
1790422805.152800594,Uninterrupted_Baseline,337
1790422805.237445795,Uninterrupted_Baseline,338
1790422805.324323921,Uninterrupted_Baseline,339
1790422805.407325123,Uninterrupted_Baseline,340
1790422805.498127161,Uninterrupted_Baseline,341
1790422805.583311030,Uninterrupted_Baseline,342
1790422805.666398122,Uninterrupted_Baseline,343
1790422805.749329400,Uninterrupted_Baseline,344
1790422805.832182705,Uninterrupted_Baseline,345
1790422805.914037411,Uninterrupted_Baseline,346
1790422805.994995350,Uninterrupted_Baseline,347
1790422806.076982048,Uninterrupted_Baseline,348
1790422806.150904166,Uninterrupted_Baseline,349
1790422806.211398631,Uninterrupted_Baseline,320
1790422806.288743764,Uninterrupted_Baseline,174
1790422806.361188053,Uninterrupted_Baseline,175
1790422806.443030119,Uninterrupted_Baseline,176
1790422806.521599707,Uninterrupted_Baseline,177
1790422806.603487549,Uninterrupted_Baseline,178
1790422806.686555076,Uninterrupted_Baseline,179
1790422806.770577592,Uninterrupted_Baseline,180
1790422806.859716249,Uninterrupted_Baseline,181
1790422806.927737591,Uninterrupted_Baseline,182
1790422807.002871193,Uninterrupted_Baseline,183
1790422807.085392690,Uninterrupted_Baseline,184
1790422807.166001982,Uninterrupted_Baseline,185
1790422807.241041802,Uninterrupted_Baseline,186
1790422807.319044266,Uninterrupted_Baseline,187
1790422807.404072905,Uninterrupted_Baseline,188
1790422807.482456749,Uninterrupted_Baseline,189
1790422807.564702299,Uninterrupted_Baseline,190
1790422807.648449894,Uninterrupted_Baseline,191
1790422807.724924338,Uninterrupted_Baseline,192
1790422807.797927064,Uninterrupted_Baseline,193
1790422807.881300950,Uninterrupted_Baseline,194
1790422807.964411713,Uninterrupted_Baseline,195
1790422808.038700889,Uninterrupted_Baseline,196
1790422808.090406533,Uninterrupted_Baseline,196
1790422808.160428929,Uninterrupted_Baseline,197
1790422808.242127254,Uninterrupted_Baseline,198
1790422808.309129102,Uninterrupted_Baseline,199
1790422808.383013773,Uninterrupted_Baseline,200
1790422808.444460231,Uninterrupted_Baseline,201
1790422808.499935839,Uninterrupted_Baseline,201
1790422808.565216613,Uninterrupted_Baseline,202
1790422808.633901976,Uninterrupted_Baseline,203
1790422808.707031560,Uninterrupted_Baseline,204
1790422808.784268726,Uninterrupted_Baseline,205
1790422808.865391922,Uninterrupted_Baseline,206
1790422808.945205599,Uninterrupted_Baseline,207
1790422809.014492275,Uninterrupted_Baseline,208
1790422809.086103973,Uninterrupted_Baseline,209
1790422809.150784224,Uninterrupted_Baseline,210
1790422809.218271448,Uninterrupted_Baseline,211
1790422809.296549895,Uninterrupted_Baseline,212
1790422809.378998147,Uninterrupted_Baseline,213
1790422809.460039296,Uninterrupted_Baseline,214
1790422809.540810823,Uninterrupted_Baseline,215
1790422809.619202780,Uninterrupted_Baseline,216
1790422809.702163648,Uninterrupted_Baseline,217
1790422809.781333574,Uninterrupted_Baseline,218
1790422809.864485077,Uninterrupted_Baseline,219
1790422809.943419363,Uninterrupted_Baseline,220
1790422810.021034082,Uninterrupted_Baseline,221
1790422810.099217855,Uninterrupted_Baseline,222
1790422810.184047223,Uninterrupted_Baseline,223
1790422810.254243672,Uninterrupted_Baseline,224
1790422810.335423083,Uninterrupted_Baseline,225
1790422810.414443020,Uninterrupted_Baseline,226
1790422810.485277977,Uninterrupted_Baseline,227
1790422810.559314244,Uninterrupted_Baseline,228
1790422810.619386911,Uninterrupted_Baseline,228
1790422810.700007377,Uninterrupted_Baseline,229
1790422810.786341174,Uninterrupted_Baseline,230
1790422810.861057416,Uninterrupted_Baseline,231
1790422810.945001647,Uninterrupted_Baseline,232
1790422811.024853566,Uninterrupted_Baseline,233
1790422811.110215399,Uninterrupted_Baseline,234
1790422811.177349780,Uninterrupted_Baseline,235
1790422811.253931779,Uninterrupted_Baseline,236
1790422811.330150591,Uninterrupted_Baseline,237
1790422811.410171765,Uninterrupted_Baseline,238
1790422811.494312258,Uninterrupted_Baseline,239
1790422811.576333462,Uninterrupted_Baseline,240
1790422811.640675935,Uninterrupted_Baseline,241
1790422811.721191482,Uninterrupted_Baseline,242
1790422811.802281577,Uninterrupted_Baseline,243
1790422811.884572123,Uninterrupted_Baseline,244
1790422811.966384690,Uninterrupted_Baseline,245
1790422812.049822875,Uninterrupted_Baseline,246
1790422812.127539456,Uninterrupted_Baseline,247
1790422812.206436331,Uninterrupted_Baseline,248
1790422812.297265797,Uninterrupted_Baseline,249
1790422812.382284709,Uninterrupted_Baseline,251
1790422812.470170484,Uninterrupted_Baseline,252
1790422812.553592154,Uninterrupted_Baseline,253
1790422812.637024029,Uninterrupted_Baseline,254
1790422812.719981233,Uninterrupted_Baseline,255
1790422812.805344896,Uninterrupted_Baseline,256
1790422812.888969499,Uninterrupted_Baseline,257
1790422812.974431899,Uninterrupted_Baseline,258
1790422813.036951112,Uninterrupted_Baseline,259
1790422813.121121845,Uninterrupted_Baseline,260
1790422813.189537266,Uninterrupted_Baseline,261
1790422813.254330492,Uninterrupted_Baseline,261
1790422813.339813530,Uninterrupted_Baseline,262
1790422813.407147208,Uninterrupted_Baseline,263
1790422813.486642459,Uninterrupted_Baseline,264
1790422813.567422165,Uninterrupted_Baseline,265
1790422813.649326059,Uninterrupted_Baseline,266
1790422813.729305144,Uninterrupted_Baseline,267
1790422813.810578871,Uninterrupted_Baseline,268
1790422813.887303387,Uninterrupted_Baseline,269
1790422813.963932692,Uninterrupted_Baseline,270
1790422814.043637264,Uninterrupted_Baseline,271
1790422814.127049275,Uninterrupted_Baseline,273
1790422814.209411922,Uninterrupted_Baseline,273
1790422814.288900144,Uninterrupted_Baseline,274
1790422814.367465385,Uninterrupted_Baseline,275
1790422814.450958252,Uninterrupted_Baseline,276
1790422814.526896031,Uninterrupted_Baseline,277
1790422814.583316962,Uninterrupted_Baseline,278
1790422814.662265422,Uninterrupted_Baseline,279
1790422814.738243322,Uninterrupted_Baseline,280
1790422814.805034629,Uninterrupted_Baseline,281
1790422814.857830479,Uninterrupted_Baseline,281
1790422814.928831770,Uninterrupted_Baseline,282
1790422815.008467232,Uninterrupted_Baseline,283
1790422815.064432481,Uninterrupted_Baseline,284
1790422815.137181254,Uninterrupted_Baseline,285
1790422815.218403151,Uninterrupted_Baseline,286
1790422815.296547900,Uninterrupted_Baseline,287
1790422815.371412508,Uninterrupted_Baseline,288
1790422815.453839611,Uninterrupted_Baseline,289
1790422815.534044959,Uninterrupted_Baseline,290
1790422815.613441509,Uninterrupted_Baseline,291
1790422815.694310602,Uninterrupted_Baseline,292
1790422815.775006134,Uninterrupted_Baseline,293
1790422815.860031604,Uninterrupted_Baseline,294
1790422815.944137412,Uninterrupted_Baseline,295
1790422816.023376825,Uninterrupted_Baseline,296
1790422816.099340189,Uninterrupted_Baseline,297
1790422816.180741578,Uninterrupted_Baseline,298
1790422816.258220006,Uninterrupted_Baseline,299
1790422816.318146547,Uninterrupted_Baseline,300
1790422816.398621682,Uninterrupted_Baseline,301
1790422816.483563996,Uninterrupted_Baseline,302
1790422816.565116935,Uninterrupted_Baseline,303
1790422816.650593519,Uninterrupted_Baseline,304
1790422816.720693633,Uninterrupted_Baseline,305
1790422816.806429654,Uninterrupted_Baseline,306
1790422816.888849663,Uninterrupted_Baseline,307
1790422816.957637977,Uninterrupted_Baseline,308
1790422817.038162845,Uninterrupted_Baseline,309
1790422817.117216050,Uninterrupted_Baseline,310
1790422817.200048040,Uninterrupted_Baseline,311
1790422817.278229994,Uninterrupted_Baseline,312
1790422817.359436321,Uninterrupted_Baseline,313
1790422817.446024850,Uninterrupted_Baseline,314
1790422817.527338844,Uninterrupted_Baseline,315
1790422817.617350161,Uninterrupted_Baseline,316
1790422817.688576000,Uninterrupted_Baseline,317
1790422817.747086447,Uninterrupted_Baseline,317
1790422817.817108990,Uninterrupted_Baseline,318
1790422817.896322618,Uninterrupted_Baseline,319
1790422817.981688293,Uninterrupted_Baseline,320
1790422818.054175561,Uninterrupted_Baseline,321
1790422818.116868975,Uninterrupted_Baseline,322
1790422818.192830836,Uninterrupted_Baseline,323
1790422818.275333179,Uninterrupted_Baseline,324
1790422818.355059247,Uninterrupted_Baseline,325
1790422818.427781039,Uninterrupted_Baseline,326
1790422818.476803659,Uninterrupted_Baseline,326
1790422818.537833197,Uninterrupted_Baseline,327
1790422818.597383197,Uninterrupted_Baseline,328
1790422818.678044032,Uninterrupted_Baseline,329
1790422818.759816133,Uninterrupted_Baseline,330
1790422818.844323986,Uninterrupted_Baseline,331
1790422818.926966359,Uninterrupted_Baseline,332
1790422819.008936511,Uninterrupted_Baseline,333
1790422819.092708832,Uninterrupted_Baseline,334
1790422819.159471201,Uninterrupted_Baseline,335
1790422819.237631628,Uninterrupted_Baseline,336
1790422819.315270012,Uninterrupted_Baseline,337
1790422819.394689082,Uninterrupted_Baseline,338
1790422819.475800768,Uninterrupted_Baseline,339
1790422819.553011350,Uninterrupted_Baseline,340
1790422819.635813330,Uninterrupted_Baseline,341
1790422819.716383937,Uninterrupted_Baseline,342
1790422819.794530090,Uninterrupted_Baseline,342
1790422819.873715604,Uninterrupted_Baseline,343
1790422819.958705034,Uninterrupted_Baseline,344
1790422820.042537134,Uninterrupted_Baseline,345
1790422820.128402601,Uninterrupted_Baseline,347
1790422820.211940099,Uninterrupted_Baseline,347
1790422820.290569221,Uninterrupted_Baseline,348
1790422820.355107036,Uninterrupted_Baseline,349
1790422820.437115602,Uninterrupted_Baseline,350
1790422820.516710896,Uninterrupted_Baseline,351
1790422820.593336477,Uninterrupted_Baseline,352
1790422820.675444439,Uninterrupted_Baseline,353
1790422820.744282633,Uninterrupted_Baseline,354
1790422820.827616454,Uninterrupted_Baseline,355
1790422820.906312087,Uninterrupted_Baseline,356
1790422820.977512955,Uninterrupted_Baseline,356
1790422821.057204132,Uninterrupted_Baseline,357
1790422821.136968716,Uninterrupted_Baseline,198
1790422821.220633495,Uninterrupted_Baseline,178
1790422821.298801640,Uninterrupted_Baseline,179
1790422821.378279311,Uninterrupted_Baseline,180
1790422821.459106762,Uninterrupted_Baseline,182
1790422821.536163543,Uninterrupted_Baseline,183
1790422821.614237321,Uninterrupted_Baseline,183
1790422821.694304223,Uninterrupted_Baseline,185
1790422821.774505157,Uninterrupted_Baseline,186
1790422821.856082406,Uninterrupted_Baseline,187
1790422821.937730201,Uninterrupted_Baseline,188
1790422822.020308575,Uninterrupted_Baseline,189
1790422822.101415097,Uninterrupted_Baseline,190
1790422822.183423825,Uninterrupted_Baseline,191
1790422822.263529346,Uninterrupted_Baseline,192
1790422822.347310637,Uninterrupted_Baseline,193
1790422822.429543648,Uninterrupted_Baseline,194
1790422822.511798533,Uninterrupted_Baseline,195
1790422822.591935215,Uninterrupted_Baseline,196
1790422822.677243395,Uninterrupted_Baseline,197
1790422822.758567802,Uninterrupted_Baseline,198
1790422822.843583227,Uninterrupted_Baseline,199
1790422822.926276693,Uninterrupted_Baseline,200
1790422823.006905034,Uninterrupted_Baseline,201
1790422823.088601420,Uninterrupted_Baseline,202
1790422823.168963833,Uninterrupted_Baseline,203
1790422823.240450109,Uninterrupted_Baseline,204
1790422823.323410988,Uninterrupted_Baseline,205
1790422823.404441127,Uninterrupted_Baseline,206
1790422823.490577903,Uninterrupted_Baseline,207
1790422823.571524543,Uninterrupted_Baseline,208
1790422823.656329796,Uninterrupted_Baseline,209
1790422823.736872087,Uninterrupted_Baseline,210
1790422823.820530211,Uninterrupted_Baseline,211
1790422823.901505270,Uninterrupted_Baseline,212
1790422823.981638043,Uninterrupted_Baseline,213
1790422824.063369048,Uninterrupted_Baseline,214
1790422824.144205862,Uninterrupted_Baseline,216
1790422824.226189097,Uninterrupted_Baseline,217
1790422824.307949690,Uninterrupted_Baseline,218
1790422824.390969476,Uninterrupted_Baseline,219
1790422824.476851685,Uninterrupted_Baseline,220
1790422824.557489692,Uninterrupted_Baseline,221
1790422824.638515206,Uninterrupted_Baseline,222
1790422824.724015152,Uninterrupted_Baseline,223
1790422824.809590160,Uninterrupted_Baseline,224
1790422824.885231945,Uninterrupted_Baseline,225
1790422824.969849597,Uninterrupted_Baseline,226
1790422825.051785135,Uninterrupted_Baseline,227
1790422825.133708018,Uninterrupted_Baseline,228
1790422825.216878889,Uninterrupted_Baseline,229
1790422825.301511292,Uninterrupted_Baseline,230
1790422825.352859631,Uninterrupted_Baseline,231
1790422825.413641980,Uninterrupted_Baseline,231
1790422825.494072195,Uninterrupted_Baseline,232
1790422825.576498532,Uninterrupted_Baseline,234
1790422825.661856121,Uninterrupted_Baseline,235
1790422825.743157485,Uninterrupted_Baseline,236
1790422825.825173594,Uninterrupted_Baseline,237
1790422825.904181570,Uninterrupted_Baseline,238
1790422825.995837531,Uninterrupted_Baseline,239
1790422826.078118298,Uninterrupted_Baseline,240
1790422826.149267155,Uninterrupted_Baseline,241
1790422826.239693289,Uninterrupted_Baseline,242
1790422826.321688847,Uninterrupted_Baseline,243
1790422826.389576806,Uninterrupted_Baseline,244
1790422826.471093100,Uninterrupted_Baseline,245
1790422826.550847634,Uninterrupted_Baseline,246
1790422826.630958771,Uninterrupted_Baseline,247
1790422826.712037786,Uninterrupted_Baseline,248
1790422826.792787565,Uninterrupted_Baseline,249
1790422826.876173297,Uninterrupted_Baseline,250
1790422826.958165415,Uninterrupted_Baseline,251
1790422827.040493212,Uninterrupted_Baseline,252
1790422827.121570198,Uninterrupted_Baseline,253
1790422827.201418187,Uninterrupted_Baseline,254
1790422827.287242105,Uninterrupted_Baseline,255
1790422827.368118601,Uninterrupted_Baseline,256
1790422827.452725648,Uninterrupted_Baseline,257
1790422827.535143850,Uninterrupted_Baseline,258
1790422827.620028339,Uninterrupted_Baseline,259
1790422827.698963422,Uninterrupted_Baseline,260
1790422827.782342809,Uninterrupted_Baseline,261
1790422827.866187949,Uninterrupted_Baseline,262
1790422827.946561058,Uninterrupted_Baseline,263
1790422828.028987310,Uninterrupted_Baseline,264
1790422828.095194913,Uninterrupted_Baseline,265
1790422828.177849457,Uninterrupted_Baseline,266
1790422828.249466318,Uninterrupted_Baseline,267
1790422828.303341223,Uninterrupted_Baseline,268
1790422828.385217570,Uninterrupted_Baseline,269
1790422828.443638506,Uninterrupted_Baseline,270
1790422828.492782774,Uninterrupted_Baseline,270
1790422828.548250085,Uninterrupted_Baseline,271
1790422828.612096880,Uninterrupted_Baseline,272
1790422828.683289795,Uninterrupted_Baseline,273
1790422828.769948260,Uninterrupted_Baseline,274
1790422828.854404862,Uninterrupted_Baseline,275
1790422828.936788568,Uninterrupted_Baseline,276
1790422829.022477681,Uninterrupted_Baseline,277
1790422829.106979026,Uninterrupted_Baseline,278
1790422829.172543934,Uninterrupted_Baseline,279
1790422829.238218418,Uninterrupted_Baseline,280
1790422829.321010879,Uninterrupted_Baseline,281
1790422829.392344357,Uninterrupted_Baseline,281
1790422829.474119013,Uninterrupted_Baseline,283
1790422829.551093103,Uninterrupted_Baseline,284
1790422829.634158968,Uninterrupted_Baseline,285
1790422829.715844425,Uninterrupted_Baseline,285
1790422829.777821379,Uninterrupted_Baseline,286
1790422829.862267095,Uninterrupted_Baseline,287
1790422829.951471823,Uninterrupted_Baseline,289
1790422830.030796138,Uninterrupted_Baseline,290
1790422830.115172709,Uninterrupted_Baseline,291
1790422830.196929931,Uninterrupted_Baseline,292
1790422830.277250230,Uninterrupted_Baseline,293
1790422830.353083676,Uninterrupted_Baseline,294
1790422830.434444384,Uninterrupted_Baseline,295
1790422830.514246383,Uninterrupted_Baseline,295
1790422830.591498585,Uninterrupted_Baseline,297
1790422830.670784684,Uninterrupted_Baseline,298
1790422830.751246721,Uninterrupted_Baseline,299
1790422830.834411891,Uninterrupted_Baseline,300
1790422830.911111372,Uninterrupted_Baseline,300
1790422830.979054686,Uninterrupted_Baseline,301
1790422831.057127859,Uninterrupted_Baseline,302
1790422831.133977937,Uninterrupted_Baseline,303
1790422831.218040429,Uninterrupted_Baseline,304
1790422831.295292692,Uninterrupted_Baseline,305
1790422831.380558114,Uninterrupted_Baseline,306
1790422831.461104772,Uninterrupted_Baseline,307
1790422831.541893879,Uninterrupted_Baseline,308
1790422831.612371471,Uninterrupted_Baseline,309
1790422831.689927766,Uninterrupted_Baseline,310
1790422831.751165630,Uninterrupted_Baseline,311
1790422831.823624672,Uninterrupted_Baseline,312
1790422831.897692696,Uninterrupted_Baseline,313
1790422831.974618796,Uninterrupted_Baseline,314
1790422832.041447734,Uninterrupted_Baseline,315
1790422832.127161621,Uninterrupted_Baseline,316
1790422832.212247198,Uninterrupted_Baseline,317
1790422832.296041094,Uninterrupted_Baseline,318
1790422832.364296661,Uninterrupted_Baseline,318
1790422832.434635120,Uninterrupted_Baseline,319
1790422832.503098259,Uninterrupted_Baseline,320
1790422832.579155789,Uninterrupted_Baseline,321
1790422832.666552532,Uninterrupted_Baseline,322
1790422832.756249620,Uninterrupted_Baseline,323
1790422832.849294684,Uninterrupted_Baseline,325
1790422832.938465393,Uninterrupted_Baseline,326
1790422833.017346961,Uninterrupted_Baseline,327
1790422833.101940546,Uninterrupted_Baseline,328
1790422833.189485635,Uninterrupted_Baseline,329
1790422833.275640136,Uninterrupted_Baseline,330
1790422833.358063945,Uninterrupted_Baseline,331
1790422833.446594754,Uninterrupted_Baseline,332
1790422833.526849701,Uninterrupted_Baseline,333
1790422833.602511894,Uninterrupted_Baseline,334
1790422844.727398670,Phase1_Baseline,10
1790422844.809689443,Phase1_Baseline,20
1790422844.886956276,Phase1_Baseline,40
1790422844.967780641,Phase1_Baseline,80
1790422845.053773539,Phase1_Baseline,160
1790422845.103961559,Phase1_Baseline,218
1790422845.169768865,Phase1_Baseline,344
1790422845.247195470,Phase1_Baseline,647
1790422845.325016478,Phase1_Baseline,972
1790422845.404800338,Phase1_Baseline,1189
1790422845.486245717,Phase1_Baseline,1003
1790422845.566878436,Phase1_Baseline,821
1790422845.650211336,Phase1_Baseline,645
1790422845.732545254,Phase1_Baseline,612
1790422845.815463989,Phase1_Baseline,595
1790422845.900692518,Phase1_Baseline,399
1790422845.982872244,Phase1_Baseline,306
1790422846.065570366,Phase1_Baseline,306
1790422846.145024778,Phase1_Baseline,153
1790422846.226327827,Phase1_Baseline,153
1790422846.306896998,Phase1_Baseline,154
1790422846.388682306,Phase1_Baseline,155
1790422846.468573688,Phase1_Baseline,156
1790422846.551469737,Phase1_Baseline,157
1790422846.626554011,Phase1_Baseline,158
1790422846.704216542,Phase1_Baseline,159
1790422846.782059285,Phase1_Baseline,160
1790422846.866245674,Phase1_Baseline,161
1790422846.944584561,Phase1_Baseline,162
1790422847.022328774,Phase1_Baseline,163
1790422847.104259636,Phase1_Baseline,164
1790422847.174814531,Phase1_Baseline,165
1790422847.243196912,Phase1_Baseline,166
1790422847.322369074,Phase1_Baseline,167
1790422847.406760700,Phase1_Baseline,168
1790422847.487642424,Phase1_Baseline,169
1790422847.569109556,Phase1_Baseline,170
1790422847.651924687,Phase1_Baseline,171
1790422847.731157788,Phase1_Baseline,172
1790422847.813432612,Phase1_Baseline,173
1790422847.899912616,Phase1_Baseline,174
1790422847.974035386,Phase1_Baseline,175
1790422848.047507120,Phase1_Baseline,176
1790422848.104984105,Phase1_Baseline,177
1790422848.189639149,Phase1_Baseline,178
1790422848.265746366,Phase1_Baseline,179
1790422848.327487710,Phase1_Baseline,179
1790422848.382230801,Phase1_Baseline,180
1790422848.431268327,Phase1_Baseline,181
1790422848.480369855,Phase1_Baseline,181
1790422848.545223663,Phase1_Baseline,182
1790422848.612875681,Phase1_Baseline,183
1790422848.684577042,Phase1_Baseline,184
1790422848.759921162,Phase1_Baseline,185
1790422848.839824122,Phase1_Baseline,186
1790422848.907814068,Phase1_Baseline,187
1790422848.984050151,Phase1_Baseline,188
1790422849.062791947,Phase1_Baseline,189
1790422849.114784184,Phase1_Baseline,189
1790422849.192626132,Phase1_Baseline,190
1790422849.268036883,Phase1_Baseline,191
1790422849.346072872,Phase1_Baseline,192
1790422849.433202598,Phase1_Baseline,193
1790422849.514368913,Phase1_Baseline,194
1790422849.597111898,Phase1_Baseline,196
1790422849.686716009,Phase1_Baseline,197
1790422849.768058157,Phase1_Baseline,198
1790422849.848691770,Phase1_Baseline,199
1790422849.932139919,Phase1_Baseline,200
1790422849.999017392,Phase1_Baseline,201
1790422850.081345750,Phase1_Baseline,202
1790422850.160403389,Phase1_Baseline,203
1790422850.235065318,Phase1_Baseline,204
1790422850.310817565,Phase1_Baseline,205
1790422850.389182819,Phase1_Baseline,206
1790422850.459550339,Phase1_Baseline,206
1790422850.528714699,Phase1_Baseline,207
1790422850.605642898,Phase1_Baseline,208
1790422850.686476069,Phase1_Baseline,209
1790422850.768196056,Phase1_Baseline,210
1790422850.860380452,Phase1_Baseline,212
1790422850.945152208,Phase1_Baseline,213
1790422851.025001238,Phase1_Baseline,214
1790422851.110539781,Phase1_Baseline,215
1790422851.193092621,Phase1_Baseline,216
1790422851.275259588,Phase1_Baseline,217
1790422851.356998611,Phase1_Baseline,218
1790422851.434953701,Phase1_Baseline,219
1790422851.518334508,Phase1_Baseline,220
1790422851.596423459,Phase1_Baseline,221
1790422851.672355889,Phase1_Baseline,222
1790422851.754085412,Phase1_Baseline,223
1790422851.839158608,Phase1_Baseline,224
1790422851.918422640,Phase1_Baseline,225
1790422851.996859409,Phase1_Baseline,226
1790422852.074936805,Phase1_Baseline,227
1790422852.143282724,Phase1_Baseline,228
1790422852.224144014,Phase1_Baseline,229
1790422852.304520014,Phase1_Baseline,230
1790422852.385928039,Phase1_Baseline,231
1790422852.463545221,Phase1_Baseline,232
1790422852.539895465,Phase1_Baseline,233
1790422852.624223757,Phase1_Baseline,234
1790422852.706060830,Phase1_Baseline,235
1790422852.789531209,Phase1_Baseline,236
1790422852.865317544,Phase1_Baseline,237
1790422852.947676442,Phase1_Baseline,238
1790422853.030570646,Phase1_Baseline,239
1790422853.113971479,Phase1_Baseline,240
1790422853.180520412,Phase1_Baseline,241
1790422853.268380485,Phase1_Baseline,242
1790422853.351981139,Phase1_Baseline,243
1790422853.428745562,Phase1_Baseline,244
1790422853.499895563,Phase1_Baseline,245
1790422853.574156306,Phase1_Baseline,246
1790422853.650533222,Phase1_Baseline,247
1790422853.739427164,Phase1_Baseline,248
1790422853.818228871,Phase1_Baseline,249
1790422853.900124326,Phase1_Baseline,250
1790422853.981277634,Phase1_Baseline,251
1790422854.059091077,Phase1_Baseline,252
1790422854.135706244,Phase1_Baseline,253
1790422854.215538720,Phase1_Baseline,254
1790422854.291369080,Phase1_Baseline,255
1790422854.366738600,Phase1_Baseline,256
1790422854.446427415,Phase1_Baseline,257
1790422854.528513996,Phase1_Baseline,258
1790422854.610288641,Phase1_Baseline,259
1790422854.693949691,Phase1_Baseline,260
1790422854.775642273,Phase1_Baseline,261
1790422854.839313773,Phase1_Baseline,262
1790422854.902063693,Phase1_Baseline,262
1790422854.982273353,Phase1_Baseline,263
1790422855.061989038,Phase1_Baseline,265
1790422855.146134747,Phase1_Baseline,266
1790422855.234850468,Phase1_Baseline,267
1790422855.315752847,Phase1_Baseline,268
1790422855.398950041,Phase1_Baseline,269
1790422855.481509360,Phase1_Baseline,270
1790422855.563033038,Phase1_Baseline,271
1790422855.631267135,Phase1_Baseline,272
1790422855.703039290,Phase1_Baseline,273
1790422855.786112085,Phase1_Baseline,274
1790422855.867474094,Phase1_Baseline,275
1790422855.949283206,Phase1_Baseline,276
1790422856.029117259,Phase1_Baseline,277
1790422856.109631751,Phase1_Baseline,278
1790422856.186918610,Phase1_Baseline,279
1790422856.264081445,Phase1_Baseline,279
1790422856.332840069,Phase1_Baseline,280
1790422856.413916170,Phase1_Baseline,281
1790422856.492305129,Phase1_Baseline,282
1790422856.568161025,Phase1_Baseline,283
1790422856.639116348,Phase1_Baseline,284
1790422856.728418308,Phase1_Baseline,285
1790422856.823741953,Phase1_Baseline,286
1790422856.881186766,Phase1_Baseline,287
1790422856.938839549,Phase1_Baseline,288
1790422857.023131451,Phase1_Baseline,289
1790422857.091224818,Phase1_Baseline,290
1790422857.168936191,Phase1_Baseline,291
1790422857.243017495,Phase1_Baseline,292
1790422857.322244851,Phase1_Baseline,293
1790422857.406845154,Phase1_Baseline,294
1790422857.493082374,Phase1_Baseline,295
1790422857.574321437,Phase1_Baseline,296
1790422857.652443938,Phase1_Baseline,297
1790422857.726866883,Phase1_Baseline,298
1790422857.783545209,Phase1_Baseline,298
1790422857.863415499,Phase1_Baseline,299
1790422857.947400395,Phase1_Baseline,300
1790422858.024570999,Phase1_Baseline,301
1790422858.077527913,Phase1_Baseline,302
1790422858.150852514,Phase1_Baseline,303
1790422858.225900178,Phase1_Baseline,304
1790422858.282223599,Phase1_Baseline,305
1790422858.362826451,Phase1_Baseline,306
1790422858.432669540,Phase1_Baseline,306
1790422858.485819740,Phase1_Baseline,307
1790422858.546382601,Phase1_Baseline,308
1790422858.599475538,Phase1_Baseline,309
1790422858.670463337,Phase1_Baseline,309
1790422858.753634304,Phase1_Baseline,310
1790422858.805686299,Phase1_Baseline,311
1790422858.861312455,Phase1_Baseline,312
1790422858.934333912,Phase1_Baseline,313
1790422858.990268911,Phase1_Baseline,313
1790422859.063439841,Phase1_Baseline,314
1790422859.133614098,Phase1_Baseline,315
1790422859.205792091,Phase1_Baseline,316
1790422859.287066676,Phase1_Baseline,317
1790422859.356964923,Phase1_Baseline,318
1790422859.438973188,Phase1_Baseline,319
1790422859.523064694,Phase1_Baseline,320
1790422859.603406999,Phase1_Baseline,321
1790422859.683072469,Phase1_Baseline,322
1790422859.760089647,Phase1_Baseline,323
1790422859.845479331,Phase1_Baseline,324
1790422859.928064536,Phase1_Baseline,325
1790422860.010760333,Phase1_Baseline,326
1790422860.090565964,Phase1_Baseline,327
1790422860.171255320,Phase1_Baseline,328
1790422860.255858408,Phase1_Baseline,329
1790422860.339743064,Phase1_Baseline,330
1790422860.424094148,Phase1_Baseline,331
1790422860.499516822,Phase1_Baseline,332
1790422860.574941887,Phase1_Baseline,333
1790422860.653205709,Phase1_Baseline,334
1790422860.734271063,Phase1_Baseline,335
1790422860.819161773,Phase1_Baseline,336
1790422860.893919281,Phase1_Baseline,337
1790422860.974235521,Phase1_Baseline,338
1790422861.051361528,Phase1_Baseline,339
1790422861.139874037,Phase1_Baseline,340
1790422861.222031360,Phase1_Baseline,341
1790422861.298230799,Phase1_Baseline,342
1790422861.382491875,Phase1_Baseline,343
1790422861.461974549,Phase1_Baseline,344
1790422861.545369866,Phase1_Baseline,345
1790422861.633413742,Phase1_Baseline,346
1790422861.719140781,Phase1_Baseline,347
1790422861.796741849,Phase1_Baseline,348
1790422861.869961306,Phase1_Baseline,349
1790422861.951361864,Phase1_Baseline,349
1790422862.018769216,Phase1_Baseline,350
1790422862.125756800,Phase1_Baseline,351
1790422862.180420456,Phase1_Baseline,337
1790422862.237117681,Phase1_Baseline,213
1790422862.316763011,Phase1_Baseline,176
1790422862.381765089,Phase1_Baseline,177
1790422862.456077765,Phase1_Baseline,178
1790422862.529700168,Phase1_Baseline,179
1790422862.589818072,Phase1_Baseline,180
1790422862.639577345,Phase1_Baseline,180
1790422862.701785861,Phase1_Baseline,181
1790422862.776296021,Phase1_Baseline,182
1790422862.862954568,Phase1_Baseline,183
1790422862.952748735,Phase1_Baseline,184
1790422863.035910655,Phase1_Baseline,185
1790422863.116363357,Phase1_Baseline,186
1790422863.190514808,Phase1_Baseline,187
1790422863.279999350,Phase1_Baseline,188
1790422863.341495889,Phase1_Baseline,189
1790422863.394728096,Phase1_Baseline,190
1790422863.457201461,Phase1_Baseline,191
1790422863.537910561,Phase1_Baseline,192
1790422863.618351238,Phase1_Baseline,193
1790422863.697259610,Phase1_Baseline,194
1790422863.776802450,Phase1_Baseline,195
1790422863.850073908,Phase1_Baseline,196
1790422863.935208716,Phase1_Baseline,197
1790422864.020886261,Phase1_Baseline,198
1790422864.101182351,Phase1_Baseline,199
1790422864.184405749,Phase1_Baseline,200
1790422864.270613433,Phase1_Baseline,201
1790422864.354832944,Phase1_Baseline,202
1790422864.422326571,Phase1_Baseline,203
1790422864.481490260,Phase1_Baseline,204
1790422864.560842225,Phase1_Baseline,205
1790422864.636821470,Phase1_Baseline,206
1790422864.715802494,Phase1_Baseline,207
1790422864.797644289,Phase1_Baseline,208
1790422864.871113427,Phase1_Baseline,208
1790422864.951588485,Phase1_Baseline,210
1790422865.029135536,Phase1_Baseline,210
1790422865.088445849,Phase1_Baseline,211
1790422865.152958324,Phase1_Baseline,212
1790422865.226852087,Phase1_Baseline,213
1790422865.305492768,Phase1_Baseline,214
1790422865.385328999,Phase1_Baseline,215
1790422865.465202662,Phase1_Baseline,216
1790422865.545127690,Phase1_Baseline,217
1790422865.622320291,Phase1_Baseline,218
1790422865.702982362,Phase1_Baseline,219
1790422865.786880319,Phase1_Baseline,220
1790422865.865599781,Phase1_Baseline,221
1790422865.949260218,Phase1_Baseline,222
1790422866.024448232,Phase1_Baseline,223
1790422866.107510823,Phase1_Baseline,224
1790422866.186931095,Phase1_Baseline,225
1790422866.266636612,Phase1_Baseline,226
1790422866.363488767,Phase1_Baseline,227
1790422866.435454197,Phase1_Baseline,228
1790422866.513120773,Phase1_Baseline,229
1790422866.595587736,Phase1_Baseline,230
1790422866.679114925,Phase1_Baseline,231
1790422866.765401573,Phase1_Baseline,232
1790422866.847703513,Phase1_Baseline,233
1790422866.928836276,Phase1_Baseline,234
1790422867.014599641,Phase1_Baseline,235
1790422867.086369402,Phase1_Baseline,236
1790422867.169850982,Phase1_Baseline,237
1790422867.260679516,Phase1_Baseline,239
1790422867.344952292,Phase1_Baseline,240
1790422867.430453506,Phase1_Baseline,241
1790422867.512053074,Phase1_Baseline,242
1790422867.595860210,Phase1_Baseline,243
1790422867.676863198,Phase1_Baseline,244
1790422867.762817149,Phase1_Baseline,245
1790422867.845567127,Phase1_Baseline,246
1790422867.926427085,Phase1_Baseline,247
1790422868.010530278,Phase1_Baseline,248
1790422868.081598646,Phase1_Baseline,249
1790422868.159510451,Phase1_Baseline,250
1790422868.229814076,Phase1_Baseline,251
1790422868.287929865,Phase1_Baseline,251
1790422868.357245828,Phase1_Baseline,252
1790422868.424034517,Phase1_Baseline,253
1790422868.473188814,Phase1_Baseline,254
1790422868.538313238,Phase1_Baseline,255
1790422868.600904658,Phase1_Baseline,255
1790422869.949457610,Phase2_Migrated,10
1790422870.042919313,Phase2_Migrated,10
1790422870.122752806,Phase2_Migrated,14
1790422870.216639429,Phase2_Migrated,28
1790422870.310764204,Phase2_Migrated,88
1790422870.405826902,Phase2_Migrated,224
1790422870.502240164,Phase2_Migrated,448
1790422870.592941044,Phase2_Migrated,729
1790422870.680415479,Phase2_Migrated,995
1790422870.773607520,Phase2_Migrated,800
1790422870.874519348,Phase2_Migrated,585
1790422870.973376185,Phase2_Migrated,519
1790422871.057727878,Phase2_Migrated,484
1790422871.156514534,Phase2_Migrated,274
1790422871.252728104,Phase2_Migrated,259
1790422871.344832451,Phase2_Migrated,168
1790422871.438923736,Phase2_Migrated,129
1790422871.534040861,Phase2_Migrated,130
1790422871.627809498,Phase2_Migrated,131
1790422871.719456317,Phase2_Migrated,132
1790422871.813450255,Phase2_Migrated,133
1790422871.904602929,Phase2_Migrated,134
1790422871.992045822,Phase2_Migrated,135
1790422872.076284331,Phase2_Migrated,136
1790422872.145084969,Phase2_Migrated,137
1790422872.217868983,Phase2_Migrated,138
1790422872.304604852,Phase2_Migrated,139
1790422872.395911506,Phase2_Migrated,140
1790422872.489924107,Phase2_Migrated,142
1790422872.577905581,Phase2_Migrated,143
1790422872.672014167,Phase2_Migrated,144
1790422872.756017846,Phase2_Migrated,145
1790422872.849285709,Phase2_Migrated,146
1790422872.943886678,Phase2_Migrated,147
1790422873.038003254,Phase2_Migrated,149
1790422873.130256740,Phase2_Migrated,150
1790422873.230044660,Phase2_Migrated,151
1790422873.325271188,Phase2_Migrated,152
1790422873.410035776,Phase2_Migrated,153
1790422873.492123720,Phase2_Migrated,154
1790422873.581915319,Phase2_Migrated,155
1790422873.676073290,Phase2_Migrated,157
1790422873.754884609,Phase2_Migrated,158
1790422873.851758379,Phase2_Migrated,159
1790422873.948220875,Phase2_Migrated,160
1790422874.045320308,Phase2_Migrated,161
1790422874.137359018,Phase2_Migrated,162
1790422874.229565673,Phase2_Migrated,164
1790422874.324226213,Phase2_Migrated,165
1790422874.419629099,Phase2_Migrated,166
1790422874.518764450,Phase2_Migrated,167
1790422874.613395576,Phase2_Migrated,169
1790422874.710971397,Phase2_Migrated,170
1790422874.802395808,Phase2_Migrated,171
1790422874.896795306,Phase2_Migrated,172
1790422874.976405575,Phase2_Migrated,173
1790422875.073363588,Phase2_Migrated,174
1790422875.166895295,Phase2_Migrated,176
1790422875.258928597,Phase2_Migrated,177
1790422875.339596170,Phase2_Migrated,178
1790422875.432902591,Phase2_Migrated,179
1790422875.515160561,Phase2_Migrated,180
1790422875.612104868,Phase2_Migrated,181
1790422875.718518310,Phase2_Migrated,183
1790422875.779348942,Phase2_Migrated,183
1790422875.847122152,Phase2_Migrated,184
1790422875.914962078,Phase2_Migrated,185
1790422876.003963903,Phase2_Migrated,186
1790422876.106555600,Phase2_Migrated,187
1790422876.186024433,Phase2_Migrated,188
1790422876.279156274,Phase2_Migrated,190
1790422876.375813343,Phase2_Migrated,191
1790422876.473457411,Phase2_Migrated,192
1790422876.567756317,Phase2_Migrated,193
1790422876.659209110,Phase2_Migrated,194
1790422876.752817645,Phase2_Migrated,196
1790422876.847883685,Phase2_Migrated,197
1790422876.940168458,Phase2_Migrated,198
1790422877.040271118,Phase2_Migrated,199
1790422877.119966329,Phase2_Migrated,200
1790422877.212956145,Phase2_Migrated,201
1790422877.304796020,Phase2_Migrated,203
1790422877.396158946,Phase2_Migrated,204
1790422877.489225272,Phase2_Migrated,205
1790422877.582727867,Phase2_Migrated,206
1790422877.671160941,Phase2_Migrated,207
1790422877.761581020,Phase2_Migrated,208
1790422877.851188413,Phase2_Migrated,209
1790422877.945016107,Phase2_Migrated,211
1790422878.033561818,Phase2_Migrated,212
1790422878.096294202,Phase2_Migrated,212
1790422878.189523764,Phase2_Migrated,214
1790422878.277075285,Phase2_Migrated,215
1790422878.368509897,Phase2_Migrated,216
1790422878.447915858,Phase2_Migrated,217
1790422878.502788457,Phase2_Migrated,217
1790422878.567195184,Phase2_Migrated,218
1790422878.636369221,Phase2_Migrated,219
1790422878.724468633,Phase2_Migrated,220
1790422878.814354298,Phase2_Migrated,221
1790422878.893906567,Phase2_Migrated,222
1790422878.987827122,Phase2_Migrated,224
1790422879.075390898,Phase2_Migrated,225
1790422879.169407959,Phase2_Migrated,226
1790422879.244887663,Phase2_Migrated,227
1790422879.339114284,Phase2_Migrated,228
1790422879.421954642,Phase2_Migrated,229
1790422879.512785260,Phase2_Migrated,230
1790422879.603877828,Phase2_Migrated,231
1790422879.696189348,Phase2_Migrated,233
1790422879.784467461,Phase2_Migrated,234
1790422879.866488102,Phase2_Migrated,235
1790422879.958929123,Phase2_Migrated,236
1790422880.054454682,Phase2_Migrated,237
1790422880.137025497,Phase2_Migrated,238
1790422880.226326806,Phase2_Migrated,239
1790422880.320050793,Phase2_Migrated,240
1790422880.385281251,Phase2_Migrated,241
1790422880.484309394,Phase2_Migrated,243
1790422880.556293599,Phase2_Migrated,243
1790422880.644781507,Phase2_Migrated,245
1790422880.734622149,Phase2_Migrated,246
1790422880.822391024,Phase2_Migrated,247
1790422880.912013313,Phase2_Migrated,248
1790422880.996881004,Phase2_Migrated,249
1790422881.094522459,Phase2_Migrated,250
1790422881.186973555,Phase2_Migrated,251
1790422881.277822447,Phase2_Migrated,252
1790422881.371758371,Phase2_Migrated,254
1790422881.464272637,Phase2_Migrated,255
1790422881.556536937,Phase2_Migrated,256
1790422881.645184352,Phase2_Migrated,257
1790422881.738825485,Phase2_Migrated,258
1790422881.817189362,Phase2_Migrated,259
1790422881.899072694,Phase2_Migrated,260
1790422881.983006009,Phase2_Migrated,261
1790422882.079773898,Phase2_Migrated,263
1790422882.174504431,Phase2_Migrated,264
1790422882.272949571,Phase2_Migrated,265
1790422882.370232523,Phase2_Migrated,266
1790422882.465557286,Phase2_Migrated,267
1790422882.564582661,Phase2_Migrated,269
1790422882.656911481,Phase2_Migrated,270
1790422882.727164173,Phase2_Migrated,271
1790422882.817943665,Phase2_Migrated,272
1790422882.893445814,Phase2_Migrated,273
1790422882.983725964,Phase2_Migrated,274
1790422883.072839180,Phase2_Migrated,275
1790422883.166458941,Phase2_Migrated,276
1790422883.259559413,Phase2_Migrated,277
1790422883.350231402,Phase2_Migrated,278
1790422883.443223830,Phase2_Migrated,280
1790422883.534954968,Phase2_Migrated,281
1790422883.626905184,Phase2_Migrated,282
1790422883.715982880,Phase2_Migrated,283
1790422883.806910401,Phase2_Migrated,284
1790422883.902798910,Phase2_Migrated,285
1790422883.997389140,Phase2_Migrated,286
1790422884.088679541,Phase2_Migrated,288
1790422884.185842025,Phase2_Migrated,289
1790422884.269209209,Phase2_Migrated,290
1790422884.368332094,Phase2_Migrated,291
1790422884.459416252,Phase2_Migrated,292
1790422884.547868287,Phase2_Migrated,293
1790422884.632290165,Phase2_Migrated,294
1790422884.722293117,Phase2_Migrated,295
1790422884.811257875,Phase2_Migrated,297
1790422884.889262063,Phase2_Migrated,298
1790422884.982357184,Phase2_Migrated,299
1790422885.070585213,Phase2_Migrated,300
1790422885.160776314,Phase2_Migrated,301
1790422885.257004408,Phase2_Migrated,302
1790422885.352190544,Phase2_Migrated,303
1790422885.443163906,Phase2_Migrated,304
1790422885.538557174,Phase2_Migrated,306
1790422885.631753570,Phase2_Migrated,307
1790422885.716571000,Phase2_Migrated,308
1790422885.803741344,Phase2_Migrated,309
1790422885.892174343,Phase2_Migrated,310
1790422885.989748160,Phase2_Migrated,311
1790422886.084957425,Phase2_Migrated,312
1790422886.176827737,Phase2_Migrated,313
1790422886.265529418,Phase2_Migrated,315
1790422886.332278435,Phase2_Migrated,315
1790422886.422914315,Phase2_Migrated,317
1790422886.519212525,Phase2_Migrated,318
1790422886.615545118,Phase2_Migrated,319
1790422886.714802754,Phase2_Migrated,320
1790422886.810717471,Phase2_Migrated,321
1790422886.903231088,Phase2_Migrated,322
1790422887.007379678,Phase2_Migrated,324
1790422887.109496033,Phase2_Migrated,325
1790422887.195779034,Phase2_Migrated,326
1790422887.275624716,Phase2_Migrated,327
1790422887.362222811,Phase2_Migrated,328
1790422887.452801330,Phase2_Migrated,329
1790422887.548045177,Phase2_Migrated,330
1790422887.642610736,Phase2_Migrated,331
1790422887.737106835,Phase2_Migrated,333
1790422887.832095278,Phase2_Migrated,334
1790422887.920018707,Phase2_Migrated,335
1790422888.016886261,Phase2_Migrated,336
1790422888.110837760,Phase2_Migrated,337
1790422888.206532057,Phase2_Migrated,338
1790422888.300372755,Phase2_Migrated,339
1790422888.381288958,Phase2_Migrated,340
1790422888.444569294,Phase2_Migrated,341
1790422888.503680026,Phase2_Migrated,342
1790422888.566261914,Phase2_Migrated,343
1790422888.632773764,Phase2_Migrated,344
1790422888.728432439,Phase2_Migrated,345
1790422888.791336554,Phase2_Migrated,345
1790422888.867669256,Phase2_Migrated,346
1790422888.943618186,Phase2_Migrated,347
1790422889.037976097,Phase2_Migrated,348
1790422889.128271800,Phase2_Migrated,349
1790422889.216590961,Phase2_Migrated,350
1790422889.293048740,Phase2_Migrated,351
1790422889.381298845,Phase2_Migrated,304
1790422889.469160204,Phase2_Migrated,176
1790422889.555847314,Phase2_Migrated,176
1790422889.649013823,Phase2_Migrated,177
1790422889.742600764,Phase2_Migrated,178
1790422889.825865093,Phase2_Migrated,179
1790422889.915106786,Phase2_Migrated,180
1790422890.012962519,Phase2_Migrated,182
1790422890.105447797,Phase2_Migrated,183
1790422890.197126582,Phase2_Migrated,184
1790422890.288916657,Phase2_Migrated,185
1790422890.380842944,Phase2_Migrated,186
1790422890.473201858,Phase2_Migrated,187
1790422890.565302799,Phase2_Migrated,189
1790422890.648400885,Phase2_Migrated,190
1790422890.745384142,Phase2_Migrated,191
1790422890.834430923,Phase2_Migrated,192
1790422890.914050210,Phase2_Migrated,193
1790422891.001621870,Phase2_Migrated,194
1790422891.074148745,Phase2_Migrated,195
1790422891.164737018,Phase2_Migrated,196
1790422891.251534313,Phase2_Migrated,197
1790422891.320755491,Phase2_Migrated,198
1790422891.396775180,Phase2_Migrated,199
1790422891.482611111,Phase2_Migrated,200
1790422891.572196737,Phase2_Migrated,201
1790422891.667027036,Phase2_Migrated,203
1790422891.760021871,Phase2_Migrated,204
1790422891.857840831,Phase2_Migrated,205
1790422891.955550181,Phase2_Migrated,206
1790422892.041025273,Phase2_Migrated,207
1790422892.114118471,Phase2_Migrated,208
1790422892.186640863,Phase2_Migrated,209
1790422892.279524280,Phase2_Migrated,210
1790422892.356120178,Phase2_Migrated,211
1790422892.440822454,Phase2_Migrated,212
1790422892.531557827,Phase2_Migrated,213
1790422892.621637641,Phase2_Migrated,215
1790422892.706847533,Phase2_Migrated,216
1790422892.797041976,Phase2_Migrated,217
1790422892.885557545,Phase2_Migrated,218
1790422892.979183486,Phase2_Migrated,219
1790422893.083290091,Phase2_Migrated,220
1790422893.169797056,Phase2_Migrated,221
1790422893.258938529,Phase2_Migrated,223
1790422893.353361108,Phase2_Migrated,224
1790422893.431996881,Phase2_Migrated,225
1790422893.501740666,Phase2_Migrated,226
1790422893.594991781,Phase2_Migrated,227
1790422893.691553884,Phase2_Migrated,228
1790422893.791059805,Phase2_Migrated,229
1790422893.894844128,Phase2_Migrated,231
1790422893.996803720,Phase2_Migrated,232
1790422894.096113932,Phase2_Migrated,233
1790422894.195603649,Phase2_Migrated,234
1790422894.291468584,Phase2_Migrated,236
1790422895.560264365,Uninterrupted_Baseline,1
1790422895.641563339,Uninterrupted_Baseline,1
1790422895.724946631,Uninterrupted_Baseline,1
1790422895.812039129,Uninterrupted_Baseline,1
1790422895.894151393,Uninterrupted_Baseline,1
1790422895.979740847,Uninterrupted_Baseline,1
1790422896.064868634,Uninterrupted_Baseline,1
1790422896.149718416,Uninterrupted_Baseline,1
1790422896.230871782,Uninterrupted_Baseline,1
1790422896.314403114,Uninterrupted_Baseline,1
1790422896.400328046,Uninterrupted_Baseline,1
1790422896.479851346,Uninterrupted_Baseline,1
1790422896.568990698,Uninterrupted_Baseline,1
1790422896.651229103,Uninterrupted_Baseline,1
1790422896.737642192,Uninterrupted_Baseline,1
1790422896.821920229,Uninterrupted_Baseline,1
1790422896.902286028,Uninterrupted_Baseline,10
1790422896.902286028,Uninterrupted_Baseline,1
1790422896.983994591,Uninterrupted_Baseline,18
1790422896.983994591,Uninterrupted_Baseline,1
1790422897.070534490,Uninterrupted_Baseline,38
1790422897.070534490,Uninterrupted_Baseline,1
1790422897.153256026,Uninterrupted_Baseline,98
1790422897.153256026,Uninterrupted_Baseline,1
1790422897.234211318,Uninterrupted_Baseline,167
1790422897.234211318,Uninterrupted_Baseline,1
1790422897.316015664,Uninterrupted_Baseline,325
1790422897.316015664,Uninterrupted_Baseline,1
1790422897.398021633,Uninterrupted_Baseline,610
1790422897.398021633,Uninterrupted_Baseline,1
1790422897.478080207,Uninterrupted_Baseline,934
1790422897.478080207,Uninterrupted_Baseline,1
1790422897.559166862,Uninterrupted_Baseline,993
1790422897.559166862,Uninterrupted_Baseline,1
1790422897.642139818,Uninterrupted_Baseline,820
1790422897.642139818,Uninterrupted_Baseline,1
1790422897.725570670,Uninterrupted_Baseline,625
1790422897.725570670,Uninterrupted_Baseline,1
1790422897.808067173,Uninterrupted_Baseline,549
1790422897.808067173,Uninterrupted_Baseline,1
1790422897.893259198,Uninterrupted_Baseline,549
1790422897.893259198,Uninterrupted_Baseline,1
1790422897.973549153,Uninterrupted_Baseline,549
1790422897.973549153,Uninterrupted_Baseline,1
1790422898.046973306,Uninterrupted_Baseline,440
1790422898.046973306,Uninterrupted_Baseline,1
1790422898.118460396,Uninterrupted_Baseline,274
1790422898.118460396,Uninterrupted_Baseline,1
1790422898.201977677,Uninterrupted_Baseline,274
1790422898.201977677,Uninterrupted_Baseline,1
1790422898.274384819,Uninterrupted_Baseline,185
1790422898.274384819,Uninterrupted_Baseline,1
1790422898.357759138,Uninterrupted_Baseline,137
1790422898.357759138,Uninterrupted_Baseline,1
1790422898.427239146,Uninterrupted_Baseline,138
1790422898.427239146,Uninterrupted_Baseline,1
1790422898.476813261,Uninterrupted_Baseline,139
1790422898.476813261,Uninterrupted_Baseline,1
1790422898.537451163,Uninterrupted_Baseline,139
1790422898.537451163,Uninterrupted_Baseline,1
1790422898.597856270,Uninterrupted_Baseline,140
1790422898.597856270,Uninterrupted_Baseline,1
1790422898.674340140,Uninterrupted_Baseline,141
1790422898.674340140,Uninterrupted_Baseline,1
1790422898.753916690,Uninterrupted_Baseline,142
1790422898.753916690,Uninterrupted_Baseline,1
1790422898.836326541,Uninterrupted_Baseline,143
1790422898.836326541,Uninterrupted_Baseline,1
1790422898.917749878,Uninterrupted_Baseline,144
1790422898.917749878,Uninterrupted_Baseline,1
1790422898.989778471,Uninterrupted_Baseline,145
1790422898.989778471,Uninterrupted_Baseline,1
1790422899.077400540,Uninterrupted_Baseline,146
1790422899.077400540,Uninterrupted_Baseline,1
1790422899.161343490,Uninterrupted_Baseline,147
1790422899.161343490,Uninterrupted_Baseline,1
1790422899.231114985,Uninterrupted_Baseline,148
1790422899.231114985,Uninterrupted_Baseline,1
1790422899.297209963,Uninterrupted_Baseline,149
1790422899.297209963,Uninterrupted_Baseline,1
1790422899.373975030,Uninterrupted_Baseline,150
1790422899.373975030,Uninterrupted_Baseline,1
1790422899.459922253,Uninterrupted_Baseline,151
1790422899.459922253,Uninterrupted_Baseline,1
1790422899.545095624,Uninterrupted_Baseline,152
1790422899.545095624,Uninterrupted_Baseline,1
1790422899.622890229,Uninterrupted_Baseline,153
1790422899.622890229,Uninterrupted_Baseline,1
1790422899.706738711,Uninterrupted_Baseline,154
1790422899.706738711,Uninterrupted_Baseline,1
1790422899.768492977,Uninterrupted_Baseline,155
1790422899.768492977,Uninterrupted_Baseline,1
1790422899.856860819,Uninterrupted_Baseline,156
1790422899.856860819,Uninterrupted_Baseline,1
1790422899.942534486,Uninterrupted_Baseline,157
1790422899.942534486,Uninterrupted_Baseline,1
1790422900.030611579,Uninterrupted_Baseline,158
1790422900.030611579,Uninterrupted_Baseline,1
1790422900.112096580,Uninterrupted_Baseline,159
1790422900.112096580,Uninterrupted_Baseline,1
1790422900.201718559,Uninterrupted_Baseline,160
1790422900.201718559,Uninterrupted_Baseline,1
1790422900.286346646,Uninterrupted_Baseline,162
1790422900.286346646,Uninterrupted_Baseline,1
1790422900.374278551,Uninterrupted_Baseline,163
1790422900.374278551,Uninterrupted_Baseline,1
1790422900.455333647,Uninterrupted_Baseline,164
1790422900.455333647,Uninterrupted_Baseline,1
1790422900.540120525,Uninterrupted_Baseline,165
1790422900.540120525,Uninterrupted_Baseline,1
1790422900.609467424,Uninterrupted_Baseline,166
1790422900.609467424,Uninterrupted_Baseline,1
1790422900.692464787,Uninterrupted_Baseline,167
1790422900.692464787,Uninterrupted_Baseline,1
1790422900.774182970,Uninterrupted_Baseline,168
1790422900.774182970,Uninterrupted_Baseline,1
1790422900.856894067,Uninterrupted_Baseline,169
1790422900.856894067,Uninterrupted_Baseline,1
1790422900.941937893,Uninterrupted_Baseline,170
1790422900.941937893,Uninterrupted_Baseline,1
1790422901.021795800,Uninterrupted_Baseline,171
1790422901.021795800,Uninterrupted_Baseline,1
1790422901.100379734,Uninterrupted_Baseline,172
1790422901.100379734,Uninterrupted_Baseline,1
1790422901.170419403,Uninterrupted_Baseline,173
1790422901.170419403,Uninterrupted_Baseline,1
1790422901.246612569,Uninterrupted_Baseline,174
1790422901.246612569,Uninterrupted_Baseline,1
1790422901.328891520,Uninterrupted_Baseline,175
1790422901.328891520,Uninterrupted_Baseline,1
1790422901.388221144,Uninterrupted_Baseline,176
1790422901.388221144,Uninterrupted_Baseline,1
1790422901.471099385,Uninterrupted_Baseline,177
1790422901.471099385,Uninterrupted_Baseline,1
1790422901.529496021,Uninterrupted_Baseline,177
1790422901.529496021,Uninterrupted_Baseline,1
1790422901.600085710,Uninterrupted_Baseline,178
1790422901.600085710,Uninterrupted_Baseline,1
1790422901.674428190,Uninterrupted_Baseline,179
1790422901.674428190,Uninterrupted_Baseline,1
1790422901.755290457,Uninterrupted_Baseline,180
1790422901.755290457,Uninterrupted_Baseline,1
1790422901.812019157,Uninterrupted_Baseline,181
1790422901.812019157,Uninterrupted_Baseline,1
1790422901.881407014,Uninterrupted_Baseline,182
1790422901.881407014,Uninterrupted_Baseline,1
1790422901.963403587,Uninterrupted_Baseline,183
1790422901.963403587,Uninterrupted_Baseline,1
1790422902.043464447,Uninterrupted_Baseline,184
1790422902.043464447,Uninterrupted_Baseline,1
1790422902.127129065,Uninterrupted_Baseline,185
1790422902.127129065,Uninterrupted_Baseline,1
1790422902.208794535,Uninterrupted_Baseline,186
1790422902.208794535,Uninterrupted_Baseline,1
1790422902.293469533,Uninterrupted_Baseline,187
1790422902.293469533,Uninterrupted_Baseline,1
1790422902.373550884,Uninterrupted_Baseline,188
1790422902.373550884,Uninterrupted_Baseline,1
1790422902.451919844,Uninterrupted_Baseline,189
1790422902.451919844,Uninterrupted_Baseline,1
1790422902.538422648,Uninterrupted_Baseline,190
1790422902.538422648,Uninterrupted_Baseline,1
1790422902.620852035,Uninterrupted_Baseline,191
1790422902.620852035,Uninterrupted_Baseline,1
1790422902.702876354,Uninterrupted_Baseline,192
1790422902.702876354,Uninterrupted_Baseline,1
1790422902.777285288,Uninterrupted_Baseline,193
1790422902.777285288,Uninterrupted_Baseline,1
1790422902.864623605,Uninterrupted_Baseline,194
1790422902.864623605,Uninterrupted_Baseline,1
1790422902.937141373,Uninterrupted_Baseline,195
1790422902.937141373,Uninterrupted_Baseline,1
1790422903.022763102,Uninterrupted_Baseline,196
1790422903.022763102,Uninterrupted_Baseline,1
1790422903.106220739,Uninterrupted_Baseline,197
1790422903.106220739,Uninterrupted_Baseline,1
1790422903.185321692,Uninterrupted_Baseline,198
1790422903.185321692,Uninterrupted_Baseline,1
1790422903.265526193,Uninterrupted_Baseline,199
1790422903.265526193,Uninterrupted_Baseline,1
1790422903.348026066,Uninterrupted_Baseline,200
1790422903.348026066,Uninterrupted_Baseline,1
1790422903.429741810,Uninterrupted_Baseline,201
1790422903.429741810,Uninterrupted_Baseline,1
1790422903.516068753,Uninterrupted_Baseline,202
1790422903.516068753,Uninterrupted_Baseline,1
1790422903.588108206,Uninterrupted_Baseline,203
1790422903.588108206,Uninterrupted_Baseline,1
1790422903.676819990,Uninterrupted_Baseline,205
1790422903.676819990,Uninterrupted_Baseline,1
1790422903.762643567,Uninterrupted_Baseline,206
1790422903.762643567,Uninterrupted_Baseline,1
1790422903.847946434,Uninterrupted_Baseline,207
1790422903.847946434,Uninterrupted_Baseline,1
1790422903.928947946,Uninterrupted_Baseline,208
1790422903.928947946,Uninterrupted_Baseline,1
1790422904.009931505,Uninterrupted_Baseline,209
1790422904.009931505,Uninterrupted_Baseline,1
1790422904.087238365,Uninterrupted_Baseline,210
1790422904.087238365,Uninterrupted_Baseline,1
1790422904.170201022,Uninterrupted_Baseline,211
1790422904.170201022,Uninterrupted_Baseline,1
1790422904.245723901,Uninterrupted_Baseline,212
1790422904.245723901,Uninterrupted_Baseline,1
1790422904.324873174,Uninterrupted_Baseline,213
1790422904.324873174,Uninterrupted_Baseline,1
1790422904.412921771,Uninterrupted_Baseline,214
1790422904.412921771,Uninterrupted_Baseline,1
1790422904.496873412,Uninterrupted_Baseline,215
1790422904.496873412,Uninterrupted_Baseline,1
1790422904.568736118,Uninterrupted_Baseline,216
1790422904.568736118,Uninterrupted_Baseline,1
1790422904.632101095,Uninterrupted_Baseline,217
1790422904.632101095,Uninterrupted_Baseline,1
1790422904.722100155,Uninterrupted_Baseline,218
1790422904.722100155,Uninterrupted_Baseline,1
1790422904.803328188,Uninterrupted_Baseline,219
1790422904.803328188,Uninterrupted_Baseline,1
1790422904.862486607,Uninterrupted_Baseline,219
1790422904.862486607,Uninterrupted_Baseline,1
1790422904.930902240,Uninterrupted_Baseline,220
1790422904.930902240,Uninterrupted_Baseline,1
1790422904.991075582,Uninterrupted_Baseline,221
1790422904.991075582,Uninterrupted_Baseline,1
1790422905.076177003,Uninterrupted_Baseline,222
1790422905.076177003,Uninterrupted_Baseline,1
1790422905.159059694,Uninterrupted_Baseline,223
1790422905.159059694,Uninterrupted_Baseline,1
1790422905.235920421,Uninterrupted_Baseline,224
1790422905.235920421,Uninterrupted_Baseline,1
1790422905.317425064,Uninterrupted_Baseline,225
1790422905.317425064,Uninterrupted_Baseline,1
1790422905.395274045,Uninterrupted_Baseline,226
1790422905.395274045,Uninterrupted_Baseline,1
1790422905.480025459,Uninterrupted_Baseline,227
1790422905.564075841,Uninterrupted_Baseline,228
1790422905.645316402,Uninterrupted_Baseline,229
1790422905.727772209,Uninterrupted_Baseline,230
1790422905.810203746,Uninterrupted_Baseline,231
1790422905.890536808,Uninterrupted_Baseline,232
1790422905.971615760,Uninterrupted_Baseline,233
1790422906.063470426,Uninterrupted_Baseline,234
1790422906.146062175,Uninterrupted_Baseline,236
1790422906.231966114,Uninterrupted_Baseline,237
1790422906.309623033,Uninterrupted_Baseline,238
1790422906.391240488,Uninterrupted_Baseline,239
1790422906.473594455,Uninterrupted_Baseline,240
1790422906.557486349,Uninterrupted_Baseline,241
1790422906.638880659,Uninterrupted_Baseline,242
1790422906.712325782,Uninterrupted_Baseline,243
1790422906.790377326,Uninterrupted_Baseline,244
1790422906.873829918,Uninterrupted_Baseline,245
1790422906.953054849,Uninterrupted_Baseline,246
1790422907.034707995,Uninterrupted_Baseline,247
1790422907.119234336,Uninterrupted_Baseline,248
1790422907.198514440,Uninterrupted_Baseline,249
1790422907.282495227,Uninterrupted_Baseline,250
1790422907.366622964,Uninterrupted_Baseline,251
1790422907.448117444,Uninterrupted_Baseline,252
1790422907.524942084,Uninterrupted_Baseline,253
1790422907.602823997,Uninterrupted_Baseline,254
1790422907.689853345,Uninterrupted_Baseline,255
1790422907.773526914,Uninterrupted_Baseline,256
1790422907.849921485,Uninterrupted_Baseline,257
1790422907.929420097,Uninterrupted_Baseline,258
1790422908.004768306,Uninterrupted_Baseline,259
1790422908.077021845,Uninterrupted_Baseline,260
1790422908.135858333,Uninterrupted_Baseline,261
1790422908.215913893,Uninterrupted_Baseline,261
1790422908.270190904,Uninterrupted_Baseline,262
1790422908.335131465,Uninterrupted_Baseline,263
1790422908.417021275,Uninterrupted_Baseline,264
1790422908.467370403,Uninterrupted_Baseline,265
1790422908.523326402,Uninterrupted_Baseline,265
1790422908.596530211,Uninterrupted_Baseline,266
1790422908.672966853,Uninterrupted_Baseline,267
1790422908.748888942,Uninterrupted_Baseline,268
1790422908.813464442,Uninterrupted_Baseline,269
1790422908.891534126,Uninterrupted_Baseline,270
1790422908.968725825,Uninterrupted_Baseline,271
1790422909.044280125,Uninterrupted_Baseline,272
1790422909.123038131,Uninterrupted_Baseline,273
1790422909.198628817,Uninterrupted_Baseline,274
1790422909.272350009,Uninterrupted_Baseline,275
1790422909.352827809,Uninterrupted_Baseline,276
1790422909.415532724,Uninterrupted_Baseline,277
1790422909.494806836,Uninterrupted_Baseline,278
1790422909.571892782,Uninterrupted_Baseline,279
1790422909.651622030,Uninterrupted_Baseline,279
1790422909.727461872,Uninterrupted_Baseline,280
1790422909.804007877,Uninterrupted_Baseline,281
1790422909.879974647,Uninterrupted_Baseline,282
1790422909.969750428,Uninterrupted_Baseline,283
1790422910.029592124,Uninterrupted_Baseline,284
1790422910.109892522,Uninterrupted_Baseline,285
1790422910.192441117,Uninterrupted_Baseline,286
1790422910.256932801,Uninterrupted_Baseline,287
1790422910.338097772,Uninterrupted_Baseline,288
1790422910.420608696,Uninterrupted_Baseline,289
1790422910.504454027,Uninterrupted_Baseline,290
1790422910.587749581,Uninterrupted_Baseline,291
1790422910.670872409,Uninterrupted_Baseline,292
1790422910.757060045,Uninterrupted_Baseline,293
1790422910.843542665,Uninterrupted_Baseline,294
1790422910.923848533,Uninterrupted_Baseline,295
1790422911.006743724,Uninterrupted_Baseline,296
1790422911.088107372,Uninterrupted_Baseline,297
1790422911.167541897,Uninterrupted_Baseline,298
1790422911.247092148,Uninterrupted_Baseline,299
1790422911.331441783,Uninterrupted_Baseline,300
1790422911.411593389,Uninterrupted_Baseline,301
1790422911.493645409,Uninterrupted_Baseline,302
1790422911.575176754,Uninterrupted_Baseline,303
1790422911.657482224,Uninterrupted_Baseline,305
1790422911.743209157,Uninterrupted_Baseline,306
1790422911.827983565,Uninterrupted_Baseline,307
1790422911.906934976,Uninterrupted_Baseline,308
1790422911.992881275,Uninterrupted_Baseline,309
1790422912.077954816,Uninterrupted_Baseline,310
1790422912.154643547,Uninterrupted_Baseline,311
1790422912.224582332,Uninterrupted_Baseline,312
1790422912.301557480,Uninterrupted_Baseline,313
1790422912.382534245,Uninterrupted_Baseline,313
1790422912.444920801,Uninterrupted_Baseline,314
1790422912.531161033,Uninterrupted_Baseline,315
1790422912.623876865,Uninterrupted_Baseline,316
1790422912.678072205,Uninterrupted_Baseline,317
1790422912.741303590,Uninterrupted_Baseline,318
1790422912.825788187,Uninterrupted_Baseline,319
1790422912.905404197,Uninterrupted_Baseline,320
1790422912.992917115,Uninterrupted_Baseline,321
1790422913.076102602,Uninterrupted_Baseline,322
1790422913.157985769,Uninterrupted_Baseline,323
1790422913.228604375,Uninterrupted_Baseline,324
1790422913.309186709,Uninterrupted_Baseline,325
1790422913.393413720,Uninterrupted_Baseline,326
1790422913.479608670,Uninterrupted_Baseline,327
1790422913.562933316,Uninterrupted_Baseline,328
1790422913.645279727,Uninterrupted_Baseline,329
1790422913.721239730,Uninterrupted_Baseline,330
1790422913.789122423,Uninterrupted_Baseline,331
1790422913.872514469,Uninterrupted_Baseline,332
1790422913.955588122,Uninterrupted_Baseline,333
1790422914.041030766,Uninterrupted_Baseline,334
1790422914.125624383,Uninterrupted_Baseline,335
1790422914.209578514,Uninterrupted_Baseline,336
1790422914.289925836,Uninterrupted_Baseline,337
1790422914.367459927,Uninterrupted_Baseline,338
1790422914.449425620,Uninterrupted_Baseline,339
1790422914.512729479,Uninterrupted_Baseline,339
1790422914.595788688,Uninterrupted_Baseline,340
1790422914.675280725,Uninterrupted_Baseline,341
1790422914.757218698,Uninterrupted_Baseline,342
1790422914.840911172,Uninterrupted_Baseline,343
1790422914.919908258,Uninterrupted_Baseline,344
1790422915.005572849,Uninterrupted_Baseline,345
1790422915.093530507,Uninterrupted_Baseline,346
1790422915.183225778,Uninterrupted_Baseline,347
1790422915.269080062,Uninterrupted_Baseline,348
1790422915.353003568,Uninterrupted_Baseline,349
1790422915.437926324,Uninterrupted_Baseline,350
1790422915.524277022,Uninterrupted_Baseline,351
1790422915.604440208,Uninterrupted_Baseline,352
1790422915.690356787,Uninterrupted_Baseline,353
1790422915.771319341,Uninterrupted_Baseline,354
1790422915.859241347,Uninterrupted_Baseline,355
1790422915.942368053,Uninterrupted_Baseline,356
1790422916.030831662,Uninterrupted_Baseline,357
1790422916.110563170,Uninterrupted_Baseline,358
1790422916.196050047,Uninterrupted_Baseline,359
1790422916.275372503,Uninterrupted_Baseline,179
1790422916.344771488,Uninterrupted_Baseline,179
1790422916.428196148,Uninterrupted_Baseline,180
1790422916.518618194,Uninterrupted_Baseline,182
1790422916.607268623,Uninterrupted_Baseline,183
1790422916.695241220,Uninterrupted_Baseline,184
1790422916.782744237,Uninterrupted_Baseline,185
1790422916.837575528,Uninterrupted_Baseline,185
1790422916.890834797,Uninterrupted_Baseline,186
1790422916.957598659,Uninterrupted_Baseline,187
1790422917.042354786,Uninterrupted_Baseline,188
1790422917.124176393,Uninterrupted_Baseline,189
1790422917.209175576,Uninterrupted_Baseline,190
1790422917.291139759,Uninterrupted_Baseline,191
1790422917.374306397,Uninterrupted_Baseline,192
1790422917.467858956,Uninterrupted_Baseline,194
1790422917.550539690,Uninterrupted_Baseline,195
1790422917.638965361,Uninterrupted_Baseline,196
1790422917.723989698,Uninterrupted_Baseline,197
1790422917.807966544,Uninterrupted_Baseline,198
1790422917.888141117,Uninterrupted_Baseline,199
1790422917.967504142,Uninterrupted_Baseline,200
1790422918.053252561,Uninterrupted_Baseline,201
1790422918.103352615,Uninterrupted_Baseline,202
1790422918.184232484,Uninterrupted_Baseline,203
1790422918.257613453,Uninterrupted_Baseline,204
1790422918.333803623,Uninterrupted_Baseline,205
1790422918.406505997,Uninterrupted_Baseline,205
1790422918.457242842,Uninterrupted_Baseline,206
1790422918.507432630,Uninterrupted_Baseline,207
1790422918.564065472,Uninterrupted_Baseline,207
1790422918.624375364,Uninterrupted_Baseline,208
1790422918.706113817,Uninterrupted_Baseline,209
1790422918.787621845,Uninterrupted_Baseline,210
1790422918.874632050,Uninterrupted_Baseline,211
1790422918.960832097,Uninterrupted_Baseline,212
1790422919.046145731,Uninterrupted_Baseline,214
1790422919.117026480,Uninterrupted_Baseline,214
1790422919.170102043,Uninterrupted_Baseline,215
1790422919.224490196,Uninterrupted_Baseline,216
1790422919.292766925,Uninterrupted_Baseline,217
1790422919.352338760,Uninterrupted_Baseline,217
1790422919.433168792,Uninterrupted_Baseline,218
1790422919.513004496,Uninterrupted_Baseline,219
1790422919.592635420,Uninterrupted_Baseline,220
1790422919.671546315,Uninterrupted_Baseline,221
1790422919.753781470,Uninterrupted_Baseline,222
1790422919.835344756,Uninterrupted_Baseline,223
1790422919.903106851,Uninterrupted_Baseline,224
1790422919.982318620,Uninterrupted_Baseline,225
1790422920.048544556,Uninterrupted_Baseline,226
1790422920.124847850,Uninterrupted_Baseline,227
1790422920.204363115,Uninterrupted_Baseline,228
1790422920.279970562,Uninterrupted_Baseline,229
1790422920.345869160,Uninterrupted_Baseline,230
1790422920.412386646,Uninterrupted_Baseline,231
1790422920.488790704,Uninterrupted_Baseline,232
1790422920.565153597,Uninterrupted_Baseline,233
1790422920.642866507,Uninterrupted_Baseline,234
1790422920.724080203,Uninterrupted_Baseline,235
1790422920.800246471,Uninterrupted_Baseline,236
1790422920.876358085,Uninterrupted_Baseline,237
1790422920.953445122,Uninterrupted_Baseline,238
1790422921.035704687,Uninterrupted_Baseline,239
1790422921.102438794,Uninterrupted_Baseline,239
1790422921.174250595,Uninterrupted_Baseline,240
1790422921.255505319,Uninterrupted_Baseline,241
1790422921.333048561,Uninterrupted_Baseline,242
1790422921.411347662,Uninterrupted_Baseline,243
1790422921.490952484,Uninterrupted_Baseline,244
1790422921.566011437,Uninterrupted_Baseline,245
1790422921.648375236,Uninterrupted_Baseline,246
1790422921.729620862,Uninterrupted_Baseline,247
1790422921.784576685,Uninterrupted_Baseline,248
1790422921.858702243,Uninterrupted_Baseline,249
1790422921.927826620,Uninterrupted_Baseline,250
1790422922.005962705,Uninterrupted_Baseline,251
1790422922.087996548,Uninterrupted_Baseline,252
1790422922.169271506,Uninterrupted_Baseline,253
1790422922.253543311,Uninterrupted_Baseline,254
1790422922.337847000,Uninterrupted_Baseline,255
1790422922.418118970,Uninterrupted_Baseline,256
1790422922.499957111,Uninterrupted_Baseline,257
1790422922.582903739,Uninterrupted_Baseline,258
1790422922.664557760,Uninterrupted_Baseline,259
1790422922.750225197,Uninterrupted_Baseline,260
1790422922.831457565,Uninterrupted_Baseline,261
1790422922.917313713,Uninterrupted_Baseline,262
1790422922.999214042,Uninterrupted_Baseline,263
1790422923.081171551,Uninterrupted_Baseline,264
1790422923.160425255,Uninterrupted_Baseline,265
1790422923.230607977,Uninterrupted_Baseline,266
1790422923.312387311,Uninterrupted_Baseline,267
1790422923.376008083,Uninterrupted_Baseline,268
1790422923.450462144,Uninterrupted_Baseline,269
1790422923.529489804,Uninterrupted_Baseline,270
1790422923.611942238,Uninterrupted_Baseline,271
1790422923.693877223,Uninterrupted_Baseline,272
1790422923.770615328,Uninterrupted_Baseline,273
1790422923.844920373,Uninterrupted_Baseline,274
1790422923.922388493,Uninterrupted_Baseline,275
1790422923.990626996,Uninterrupted_Baseline,275
1790422924.068350400,Uninterrupted_Baseline,276
1790422924.149445841,Uninterrupted_Baseline,277
1790422924.217398586,Uninterrupted_Baseline,278
1790422924.284938389,Uninterrupted_Baseline,279
1790422924.368416262,Uninterrupted_Baseline,280
1790422924.453086979,Uninterrupted_Baseline,281
1790422924.535885326,Uninterrupted_Baseline,282
1790422924.618505371,Uninterrupted_Baseline,283
1790422924.696560324,Uninterrupted_Baseline,284
1790422924.776528534,Uninterrupted_Baseline,285
1790422924.855301717,Uninterrupted_Baseline,286
1790422924.930879727,Uninterrupted_Baseline,287
1790422925.009100934,Uninterrupted_Baseline,288
1790422925.061389127,Uninterrupted_Baseline,289
1790422925.125390169,Uninterrupted_Baseline,290
1790422925.181146752,Uninterrupted_Baseline,290
1790422925.261307266,Uninterrupted_Baseline,291
1790422925.337287804,Uninterrupted_Baseline,292
1790422925.420332421,Uninterrupted_Baseline,293
1790422925.504962868,Uninterrupted_Baseline,294
1790422925.584516982,Uninterrupted_Baseline,295
1790422925.666364045,Uninterrupted_Baseline,296
1790422925.750818847,Uninterrupted_Baseline,298
1790422925.834329129,Uninterrupted_Baseline,299
1790422925.920946281,Uninterrupted_Baseline,300
1790422926.003593950,Uninterrupted_Baseline,301
1790422926.086912736,Uninterrupted_Baseline,302
1790422926.167806144,Uninterrupted_Baseline,303
1790422926.247199813,Uninterrupted_Baseline,304
1790422926.299252087,Uninterrupted_Baseline,304
1790422926.361054791,Uninterrupted_Baseline,305
1790422926.443177162,Uninterrupted_Baseline,306
1790422926.517391125,Uninterrupted_Baseline,307
1790422926.582148415,Uninterrupted_Baseline,308
1790422926.665152017,Uninterrupted_Baseline,309
1790422926.733436640,Uninterrupted_Baseline,310
1790422926.799778676,Uninterrupted_Baseline,311
1790422926.876818627,Uninterrupted_Baseline,312
1790422926.956982653,Uninterrupted_Baseline,312
1790422927.029112299,Uninterrupted_Baseline,313
1790422927.109193360,Uninterrupted_Baseline,314
1790422927.187355706,Uninterrupted_Baseline,315
1790422927.270496285,Uninterrupted_Baseline,316
1790422927.352568720,Uninterrupted_Baseline,317
1790422927.433743987,Uninterrupted_Baseline,318
1790422927.517130228,Uninterrupted_Baseline,320
1790422927.602075105,Uninterrupted_Baseline,321
1790422927.685122472,Uninterrupted_Baseline,322
1790422927.764137355,Uninterrupted_Baseline,322
1790422927.830070409,Uninterrupted_Baseline,323
1790422927.922929647,Uninterrupted_Baseline,325
1790422928.005188083,Uninterrupted_Baseline,326
1790422928.081919426,Uninterrupted_Baseline,326
1790422928.151282350,Uninterrupted_Baseline,327
1790422928.233784660,Uninterrupted_Baseline,328
1790422928.294722998,Uninterrupted_Baseline,329
1790422928.372983758,Uninterrupted_Baseline,330
1790422928.444441184,Uninterrupted_Baseline,331
1790422928.498913926,Uninterrupted_Baseline,332
1790422928.561921693,Uninterrupted_Baseline,332
1790422928.617394104,Uninterrupted_Baseline,333
1790422928.682749247,Uninterrupted_Baseline,334
1790422928.756559638,Uninterrupted_Baseline,335
1790422928.833185513,Uninterrupted_Baseline,336
1790422928.915529476,Uninterrupted_Baseline,337
1790422928.990373699,Uninterrupted_Baseline,338
1790422929.074489072,Uninterrupted_Baseline,339
1790422929.154971808,Uninterrupted_Baseline,340
1790422929.217056427,Uninterrupted_Baseline,340
1790422929.288345921,Uninterrupted_Baseline,341
1790422929.370500296,Uninterrupted_Baseline,342
1790422929.448307018,Uninterrupted_Baseline,343
1790422929.526381126,Uninterrupted_Baseline,344
1790422929.607194361,Uninterrupted_Baseline,345
1790422929.686483265,Uninterrupted_Baseline,346
1790422929.765771741,Uninterrupted_Baseline,347
1790422929.847760550,Uninterrupted_Baseline,348
1790422929.933899302,Uninterrupted_Baseline,349
1790422930.020106188,Uninterrupted_Baseline,350
1790422930.113829393,Uninterrupted_Baseline,351
1790422930.209344530,Uninterrupted_Baseline,352
1790422930.294850540,Uninterrupted_Baseline,353
1790422930.365622773,Uninterrupted_Baseline,354
1790422930.437336525,Uninterrupted_Baseline,355
1790422930.511379210,Uninterrupted_Baseline,328
1790422930.591289094,Uninterrupted_Baseline,177
1790422930.672543477,Uninterrupted_Baseline,177
1790422930.756288522,Uninterrupted_Baseline,178
1790422930.843034629,Uninterrupted_Baseline,179
1790422930.917997119,Uninterrupted_Baseline,180
1790422930.985178879,Uninterrupted_Baseline,181
1790422931.071325942,Uninterrupted_Baseline,182
1790422931.153706510,Uninterrupted_Baseline,183
1790422931.233254302,Uninterrupted_Baseline,184
1790422931.309207382,Uninterrupted_Baseline,185
1790422931.386970358,Uninterrupted_Baseline,185
1790422931.451616656,Uninterrupted_Baseline,186
1790422931.540914962,Uninterrupted_Baseline,188
1790422931.624094341,Uninterrupted_Baseline,189
1790422931.705212168,Uninterrupted_Baseline,190
1790422931.794342860,Uninterrupted_Baseline,191
1790422931.877557817,Uninterrupted_Baseline,192
1790422931.959769458,Uninterrupted_Baseline,193
1790422932.024459251,Uninterrupted_Baseline,194
1790422932.108454259,Uninterrupted_Baseline,195
1790422932.192235333,Uninterrupted_Baseline,196
1790422932.276217401,Uninterrupted_Baseline,197
1790422932.360935730,Uninterrupted_Baseline,198
1790422932.446211884,Uninterrupted_Baseline,199
1790422932.531392102,Uninterrupted_Baseline,200
1790422932.617099764,Uninterrupted_Baseline,201
1790422932.703765977,Uninterrupted_Baseline,202
1790422932.789955339,Uninterrupted_Baseline,203
1790422932.875594096,Uninterrupted_Baseline,205
1790422932.968231901,Uninterrupted_Baseline,206
1790422933.053495311,Uninterrupted_Baseline,207
1790422933.136709391,Uninterrupted_Baseline,208
1790422933.217114411,Uninterrupted_Baseline,209
1790422933.297796419,Uninterrupted_Baseline,210
1790422933.380132727,Uninterrupted_Baseline,211
1790422933.464761974,Uninterrupted_Baseline,212
1790422933.548063004,Uninterrupted_Baseline,213
1790422933.629605741,Uninterrupted_Baseline,214
1790422933.714370505,Uninterrupted_Baseline,215
1790422933.796808730,Uninterrupted_Baseline,216
1790422933.879619755,Uninterrupted_Baseline,217
1790422933.965104716,Uninterrupted_Baseline,218
1790422934.044603893,Uninterrupted_Baseline,219
1790422934.124046310,Uninterrupted_Baseline,220
1790422934.207233531,Uninterrupted_Baseline,221
1790422934.291812863,Uninterrupted_Baseline,222
1790422934.373945118,Uninterrupted_Baseline,223
1790422934.459515185,Uninterrupted_Baseline,224
1790422934.540467326,Uninterrupted_Baseline,226
1790422934.623933578,Uninterrupted_Baseline,227
1790422934.704619100,Uninterrupted_Baseline,228
1790422934.787059144,Uninterrupted_Baseline,229
1790422934.866735619,Uninterrupted_Baseline,229
1790422934.922599273,Uninterrupted_Baseline,230
1790422935.004115082,Uninterrupted_Baseline,231
1790422935.076903471,Uninterrupted_Baseline,232
1790422935.151335950,Uninterrupted_Baseline,233
1790422935.223395757,Uninterrupted_Baseline,234
1790422935.304624228,Uninterrupted_Baseline,235
1790422935.373233846,Uninterrupted_Baseline,236
1790422935.439861583,Uninterrupted_Baseline,237
1790422935.522297320,Uninterrupted_Baseline,238
1790422935.599833794,Uninterrupted_Baseline,239
1790422935.670301920,Uninterrupted_Baseline,240
1790422935.749431129,Uninterrupted_Baseline,241
1790422935.829520262,Uninterrupted_Baseline,242
1790422935.909888941,Uninterrupted_Baseline,243
1790422935.992324455,Uninterrupted_Baseline,244
1790422936.085621346,Uninterrupted_Baseline,245
1790422936.168364203,Uninterrupted_Baseline,246
1790422936.247955661,Uninterrupted_Baseline,247
1790422936.332322777,Uninterrupted_Baseline,248
1790422936.410581465,Uninterrupted_Baseline,249
1790422936.473721432,Uninterrupted_Baseline,250
1790422936.560498950,Uninterrupted_Baseline,251
1790422936.611433553,Uninterrupted_Baseline,251
1790422936.673177773,Uninterrupted_Baseline,252
1790422936.752725104,Uninterrupted_Baseline,253
1790422936.834890045,Uninterrupted_Baseline,254
1790422936.902987559,Uninterrupted_Baseline,255
1790422936.979900593,Uninterrupted_Baseline,256
1790422937.064877179,Uninterrupted_Baseline,257
1790422937.144150684,Uninterrupted_Baseline,258
1790422937.231411276,Uninterrupted_Baseline,259
1790422937.313196989,Uninterrupted_Baseline,260
1790422937.388474687,Uninterrupted_Baseline,261
1790422937.468492570,Uninterrupted_Baseline,262
1790422937.552223595,Uninterrupted_Baseline,263
1790422937.633147115,Uninterrupted_Baseline,264
1790422937.720135869,Uninterrupted_Baseline,266
1790422937.801302077,Uninterrupted_Baseline,267
1790422937.884224135,Uninterrupted_Baseline,268
1790422937.967364660,Uninterrupted_Baseline,269
1790422938.056938134,Uninterrupted_Baseline,270
1790422938.131133567,Uninterrupted_Baseline,271
1790422938.206253612,Uninterrupted_Baseline,272
1790422938.279385748,Uninterrupted_Baseline,272
1790422938.342361567,Uninterrupted_Baseline,273
1790422938.414179706,Uninterrupted_Baseline,274
1790422938.462991434,Uninterrupted_Baseline,275
1790422938.521489222,Uninterrupted_Baseline,276
1790422938.581525032,Uninterrupted_Baseline,276
1790422938.637982805,Uninterrupted_Baseline,277
1790422938.701430036,Uninterrupted_Baseline,278
1790422938.783965374,Uninterrupted_Baseline,279
1790422938.865039006,Uninterrupted_Baseline,280
1790422938.931146759,Uninterrupted_Baseline,281
1790422939.009182822,Uninterrupted_Baseline,282
1790422939.090981204,Uninterrupted_Baseline,283
1790422939.166397361,Uninterrupted_Baseline,284
1790422939.245316239,Uninterrupted_Baseline,285
1790422939.326504357,Uninterrupted_Baseline,286
1790422939.405997172,Uninterrupted_Baseline,287
1790422939.486555771,Uninterrupted_Baseline,288
1790422939.568055454,Uninterrupted_Baseline,289
1790422939.651569648,Uninterrupted_Baseline,290
1790422939.732783732,Uninterrupted_Baseline,291
1790422939.816820230,Uninterrupted_Baseline,292
1790422939.900901557,Uninterrupted_Baseline,293
1790422939.985463956,Uninterrupted_Baseline,294
1790422940.065643494,Uninterrupted_Baseline,295
1790422940.150535364,Uninterrupted_Baseline,296
1790422940.233076090,Uninterrupted_Baseline,297
1790422940.317342195,Uninterrupted_Baseline,298
1790422940.399065387,Uninterrupted_Baseline,299
1790422940.480889245,Uninterrupted_Baseline,300
1790422940.566077053,Uninterrupted_Baseline,301
1790422940.649077828,Uninterrupted_Baseline,302
1790422940.728637205,Uninterrupted_Baseline,303
1790422940.810769976,Uninterrupted_Baseline,304
1790422940.886515376,Uninterrupted_Baseline,305
1790422940.965977636,Uninterrupted_Baseline,306
1790422941.042133979,Uninterrupted_Baseline,307
1790422941.123090399,Uninterrupted_Baseline,308
1790422941.205844901,Uninterrupted_Baseline,309
1790422941.274799633,Uninterrupted_Baseline,310
1790422941.351959465,Uninterrupted_Baseline,311
1790422941.434099136,Uninterrupted_Baseline,312
1790422941.515194732,Uninterrupted_Baseline,313
1790422941.592296486,Uninterrupted_Baseline,314
1790422941.656495842,Uninterrupted_Baseline,314
1790422941.724223974,Uninterrupted_Baseline,315
1790422941.808362093,Uninterrupted_Baseline,316
1790422941.889153215,Uninterrupted_Baseline,317
1790422941.971400858,Uninterrupted_Baseline,318
1790422953.028047092,Phase1_Baseline,10
1790422953.107267438,Phase1_Baseline,16
1790422953.189212960,Phase1_Baseline,33
1790422953.273821167,Phase1_Baseline,66
1790422953.355228892,Phase1_Baseline,130
1790422953.428338871,Phase1_Baseline,233
1790422953.514239233,Phase1_Baseline,388
1790422953.594540918,Phase1_Baseline,696
1790422953.677951764,Phase1_Baseline,1029
1790422953.756504354,Phase1_Baseline,1125
1790422953.820634273,Phase1_Baseline,982
1790422953.901296481,Phase1_Baseline,593
1790422953.982090777,Phase1_Baseline,593
1790422954.065628525,Phase1_Baseline,593
1790422954.146430580,Phase1_Baseline,593
1790422954.222770764,Phase1_Baseline,579
1790422954.307471330,Phase1_Baseline,418
1790422954.377766836,Phase1_Baseline,296
1790422954.448361495,Phase1_Baseline,296
1790422954.511329446,Phase1_Baseline,188
1790422954.590309093,Phase1_Baseline,148
1790422954.673047501,Phase1_Baseline,149
1790422954.757455233,Phase1_Baseline,150
1790422954.842326629,Phase1_Baseline,151
1790422954.923418483,Phase1_Baseline,152
1790422955.002019698,Phase1_Baseline,153
1790422955.079548651,Phase1_Baseline,154
1790422955.162445459,Phase1_Baseline,155
1790422955.241908885,Phase1_Baseline,156
1790422955.322869387,Phase1_Baseline,157
1790422955.406890662,Phase1_Baseline,158
1790422955.493534381,Phase1_Baseline,160
1790422955.555712418,Phase1_Baseline,160
1790422955.633113336,Phase1_Baseline,161
1790422955.707557451,Phase1_Baseline,162
1790422955.776550544,Phase1_Baseline,163
1790422955.859756496,Phase1_Baseline,164
1790422955.943395937,Phase1_Baseline,165
1790422956.028443580,Phase1_Baseline,166
1790422956.110359784,Phase1_Baseline,167
1790422956.189877432,Phase1_Baseline,168
1790422956.253117477,Phase1_Baseline,169
1790422956.331752628,Phase1_Baseline,170
1790422956.416069534,Phase1_Baseline,171
1790422956.499074949,Phase1_Baseline,172
1790422956.584808594,Phase1_Baseline,173
1790422956.663418095,Phase1_Baseline,174
1790422956.736856867,Phase1_Baseline,175
1790422956.817978676,Phase1_Baseline,176
1790422956.899702898,Phase1_Baseline,177
1790422956.978916448,Phase1_Baseline,178
1790422957.060995274,Phase1_Baseline,180
1790422957.144194480,Phase1_Baseline,181
1790422957.220920013,Phase1_Baseline,182
1790422957.300816729,Phase1_Baseline,183
1790422957.380976724,Phase1_Baseline,184
1790422957.463615891,Phase1_Baseline,185
1790422957.542079028,Phase1_Baseline,186
1790422957.625101185,Phase1_Baseline,187
1790422957.707874297,Phase1_Baseline,188
1790422957.790696575,Phase1_Baseline,189
1790422957.864749443,Phase1_Baseline,190
1790422957.950335666,Phase1_Baseline,191
1790422958.028562918,Phase1_Baseline,192
1790422958.095720479,Phase1_Baseline,193
1790422958.168778617,Phase1_Baseline,194
1790422958.240871049,Phase1_Baseline,194
1790422958.304423668,Phase1_Baseline,195
1790422958.364954190,Phase1_Baseline,196
1790422958.422543379,Phase1_Baseline,197
1790422958.473949307,Phase1_Baseline,197
1790422958.525066186,Phase1_Baseline,198
1790422958.584685877,Phase1_Baseline,199
1790422958.650809087,Phase1_Baseline,200
1790422958.719175815,Phase1_Baseline,200
1790422958.791023004,Phase1_Baseline,201
1790422958.863188028,Phase1_Baseline,202
1790422958.941800071,Phase1_Baseline,203
1790422959.028688149,Phase1_Baseline,204
1790422959.093479175,Phase1_Baseline,205
1790422959.176750768,Phase1_Baseline,206
1790422959.247255849,Phase1_Baseline,207
1790422959.329952506,Phase1_Baseline,208
1790422959.418878815,Phase1_Baseline,209
1790422959.501713212,Phase1_Baseline,210
1790422959.578740308,Phase1_Baseline,211
1790422959.661466466,Phase1_Baseline,212
1790422959.736337706,Phase1_Baseline,213
1790422959.820922750,Phase1_Baseline,214
1790422959.901497159,Phase1_Baseline,215
1790422959.982514545,Phase1_Baseline,216
1790422960.062023324,Phase1_Baseline,217
1790422960.134386037,Phase1_Baseline,218
1790422960.215722716,Phase1_Baseline,219
1790422960.300162975,Phase1_Baseline,220
1790422960.367962081,Phase1_Baseline,221
1790422960.447791606,Phase1_Baseline,222
1790422960.531684973,Phase1_Baseline,223
1790422960.618012965,Phase1_Baseline,224
1790422960.702909011,Phase1_Baseline,225
1790422960.783588689,Phase1_Baseline,226
1790422960.867149345,Phase1_Baseline,228
1790422960.947911761,Phase1_Baseline,228
1790422961.020437041,Phase1_Baseline,229
1790422961.100223466,Phase1_Baseline,230
1790422961.178607862,Phase1_Baseline,231
1790422961.247520136,Phase1_Baseline,232
1790422961.315561630,Phase1_Baseline,233
1790422961.389390023,Phase1_Baseline,234
1790422961.472999913,Phase1_Baseline,235
1790422961.556215341,Phase1_Baseline,236
1790422961.627280885,Phase1_Baseline,237
1790422961.702602188,Phase1_Baseline,238
1790422961.785853339,Phase1_Baseline,239
1790422961.867506407,Phase1_Baseline,240
1790422961.948601775,Phase1_Baseline,241
1790422962.027774174,Phase1_Baseline,242
1790422962.106323834,Phase1_Baseline,243
1790422962.190755498,Phase1_Baseline,244
1790422962.272089276,Phase1_Baseline,245
1790422962.351088486,Phase1_Baseline,246
1790422962.429021035,Phase1_Baseline,247
1790422962.512962359,Phase1_Baseline,248
1790422962.594314073,Phase1_Baseline,249
1790422962.675866755,Phase1_Baseline,250
1790422962.754990876,Phase1_Baseline,251
1790422962.832317522,Phase1_Baseline,252
1790422962.912935761,Phase1_Baseline,253
1790422962.987454285,Phase1_Baseline,254
1790422963.070368094,Phase1_Baseline,255
1790422963.148611600,Phase1_Baseline,256
1790422963.233019308,Phase1_Baseline,257
1790422963.318121835,Phase1_Baseline,258
1790422963.398247010,Phase1_Baseline,259
1790422963.479562200,Phase1_Baseline,260
1790422963.558775515,Phase1_Baseline,262
1790422963.647503918,Phase1_Baseline,263
1790422963.723881428,Phase1_Baseline,264
1790422963.799511216,Phase1_Baseline,265
1790422963.884205086,Phase1_Baseline,266
1790422963.961695921,Phase1_Baseline,267
1790422964.046470137,Phase1_Baseline,268
1790422964.122901847,Phase1_Baseline,269
1790422964.205905236,Phase1_Baseline,270
1790422964.273912321,Phase1_Baseline,270
1790422964.339260677,Phase1_Baseline,271
1790422964.417243932,Phase1_Baseline,272
1790422964.496015563,Phase1_Baseline,273
1790422964.561537499,Phase1_Baseline,274
1790422964.641605753,Phase1_Baseline,275
1790422964.711834112,Phase1_Baseline,276
1790422964.788088512,Phase1_Baseline,277
1790422964.865900540,Phase1_Baseline,278
1790422964.940928793,Phase1_Baseline,279
1790422965.024126585,Phase1_Baseline,280
1790422965.106196856,Phase1_Baseline,281
1790422965.189233672,Phase1_Baseline,282
1790422965.265741933,Phase1_Baseline,283
1790422965.333578426,Phase1_Baseline,284
1790422965.420965441,Phase1_Baseline,285
1790422965.506280366,Phase1_Baseline,286
1790422965.587487095,Phase1_Baseline,287
1790422965.673911870,Phase1_Baseline,288
1790422965.744358766,Phase1_Baseline,289
1790422965.825514731,Phase1_Baseline,290
1790422965.904695876,Phase1_Baseline,291
1790422965.976938360,Phase1_Baseline,292
1790422966.063303695,Phase1_Baseline,293
1790422966.146900154,Phase1_Baseline,294
1790422966.211459947,Phase1_Baseline,295
1790422966.286442279,Phase1_Baseline,296
1790422966.344960701,Phase1_Baseline,296
1790422966.423103034,Phase1_Baseline,297
1790422966.494096097,Phase1_Baseline,298
1790422966.579895484,Phase1_Baseline,299
1790422966.650111062,Phase1_Baseline,300
1790422966.724175900,Phase1_Baseline,301
1790422966.807557640,Phase1_Baseline,302
1790422966.891349605,Phase1_Baseline,303
1790422966.972777951,Phase1_Baseline,304
1790422967.051699061,Phase1_Baseline,305
1790422967.132599953,Phase1_Baseline,306
1790422967.214965846,Phase1_Baseline,307
1790422967.294906903,Phase1_Baseline,308
1790422967.374293880,Phase1_Baseline,309
1790422967.464623307,Phase1_Baseline,310
1790422967.544702066,Phase1_Baseline,311
1790422967.620868116,Phase1_Baseline,312
1790422967.694103101,Phase1_Baseline,313
1790422967.757548564,Phase1_Baseline,314
1790422967.839319037,Phase1_Baseline,315
1790422967.921109151,Phase1_Baseline,316
1790422968.002422946,Phase1_Baseline,317
1790422968.086175822,Phase1_Baseline,318
1790422968.168800624,Phase1_Baseline,319
1790422968.243815338,Phase1_Baseline,320
1790422968.295339731,Phase1_Baseline,321
1790422968.366875474,Phase1_Baseline,321
1790422968.421589898,Phase1_Baseline,322
1790422968.470502817,Phase1_Baseline,323
1790422968.530421592,Phase1_Baseline,323
1790422968.586457956,Phase1_Baseline,324
1790422968.656667985,Phase1_Baseline,325
1790422968.736776371,Phase1_Baseline,326
1790422968.819337263,Phase1_Baseline,327
1790422968.903936142,Phase1_Baseline,328
1790422968.988896990,Phase1_Baseline,329
1790422969.060592132,Phase1_Baseline,330
1790422969.118932125,Phase1_Baseline,331
1790422969.176861969,Phase1_Baseline,331
1790422969.237383511,Phase1_Baseline,332
1790422969.316413936,Phase1_Baseline,333
1790422969.391551206,Phase1_Baseline,334
1790422969.469240767,Phase1_Baseline,335
1790422969.552414249,Phase1_Baseline,336
1790422969.633545313,Phase1_Baseline,337
1790422969.711409385,Phase1_Baseline,338
1790422969.791948128,Phase1_Baseline,339
1790422969.873526095,Phase1_Baseline,340
1790422969.952599156,Phase1_Baseline,341
1790422970.037328525,Phase1_Baseline,342
1790422970.118286303,Phase1_Baseline,343
1790422970.200592401,Phase1_Baseline,344
1790422970.284221227,Phase1_Baseline,345
1790422970.362240943,Phase1_Baseline,346
1790422970.440403209,Phase1_Baseline,347
1790422970.528513586,Phase1_Baseline,348
1790422970.605106187,Phase1_Baseline,349
1790422970.689595021,Phase1_Baseline,350
1790422970.771129057,Phase1_Baseline,351
1790422970.853027194,Phase1_Baseline,352
1790422970.939300128,Phase1_Baseline,353
1790422971.025283100,Phase1_Baseline,354
1790422971.092913712,Phase1_Baseline,196
1790422971.173087767,Phase1_Baseline,177
1790422971.257712410,Phase1_Baseline,178
1790422971.334048478,Phase1_Baseline,179
1790422971.416911514,Phase1_Baseline,180
1790422971.496223012,Phase1_Baseline,181
1790422971.574207192,Phase1_Baseline,182
1790422971.655383222,Phase1_Baseline,184
1790422971.733431903,Phase1_Baseline,184
1790422971.800372986,Phase1_Baseline,185
1790422971.883793674,Phase1_Baseline,186
1790422971.961268551,Phase1_Baseline,187
1790422972.044200119,Phase1_Baseline,188
1790422972.125744266,Phase1_Baseline,189
1790422972.207353559,Phase1_Baseline,190
1790422972.291475480,Phase1_Baseline,192
1790422972.372742710,Phase1_Baseline,193
1790422972.455880455,Phase1_Baseline,194
1790422972.533460351,Phase1_Baseline,195
1790422972.611410778,Phase1_Baseline,196
1790422972.693281995,Phase1_Baseline,197
1790422972.778450357,Phase1_Baseline,198
1790422972.850241716,Phase1_Baseline,199
1790422972.930325091,Phase1_Baseline,200
1790422973.017197938,Phase1_Baseline,201
1790422973.082204273,Phase1_Baseline,202
1790422973.164778169,Phase1_Baseline,203
1790422973.254526444,Phase1_Baseline,204
1790422973.339792300,Phase1_Baseline,205
1790422973.416377193,Phase1_Baseline,206
1790422973.502895985,Phase1_Baseline,207
1790422973.584235390,Phase1_Baseline,208
1790422973.663454326,Phase1_Baseline,209
1790422973.744811772,Phase1_Baseline,210
1790422973.825253053,Phase1_Baseline,211
1790422973.903593471,Phase1_Baseline,212
1790422973.976234478,Phase1_Baseline,213
1790422974.061210777,Phase1_Baseline,214
1790422974.143262935,Phase1_Baseline,215
1790422974.220992421,Phase1_Baseline,216
1790422974.301199986,Phase1_Baseline,217
1790422974.380553493,Phase1_Baseline,218
1790422974.460956685,Phase1_Baseline,219
1790422974.543320371,Phase1_Baseline,220
1790422974.627808734,Phase1_Baseline,221
1790422974.712896488,Phase1_Baseline,222
1790422974.786544624,Phase1_Baseline,223
1790422974.867206736,Phase1_Baseline,224
1790422974.943463337,Phase1_Baseline,225
1790422975.024481610,Phase1_Baseline,226
1790422975.104892481,Phase1_Baseline,227
1790422975.189525148,Phase1_Baseline,228
1790422975.272470812,Phase1_Baseline,229
1790422975.345415595,Phase1_Baseline,230
1790422975.425919949,Phase1_Baseline,231
1790422975.507123023,Phase1_Baseline,232
1790422975.590501082,Phase1_Baseline,233
1790422975.673077483,Phase1_Baseline,234
1790422975.748742457,Phase1_Baseline,235
1790422975.820085422,Phase1_Baseline,236
1790422975.904304148,Phase1_Baseline,237
1790422975.987282008,Phase1_Baseline,238
1790422976.077498171,Phase1_Baseline,239
1790422976.128973062,Phase1_Baseline,240
1790422976.188353294,Phase1_Baseline,241
1790422976.267922182,Phase1_Baseline,242
1790422976.333191256,Phase1_Baseline,243
1790422976.417466375,Phase1_Baseline,244
1790422976.499199011,Phase1_Baseline,245
1790422976.578798196,Phase1_Baseline,246
1790422976.659416285,Phase1_Baseline,247
1790422976.741722340,Phase1_Baseline,248
1790422976.812976924,Phase1_Baseline,249
1790422976.886465228,Phase1_Baseline,250
1790422976.969869632,Phase1_Baseline,251
1790422977.055783924,Phase1_Baseline,252
1790422977.143865666,Phase1_Baseline,253
1790422978.491851685,Phase2_Migrated,10
1790422978.563254932,Phase2_Migrated,10
1790422978.637035491,Phase2_Migrated,18
1790422978.722439209,Phase2_Migrated,36
1790422978.815908547,Phase2_Migrated,72
1790422978.890076355,Phase2_Migrated,144
1790422978.978001238,Phase2_Migrated,288
1790422979.073406326,Phase2_Migrated,635
1790422979.154220697,Phase2_Migrated,947
1790422979.230901222,Phase2_Migrated,1252
1790422979.319018713,Phase2_Migrated,1080
1790422979.409030512,Phase2_Migrated,632
1790422979.466396266,Phase2_Migrated,632
1790422979.526066541,Phase2_Migrated,632
1790422979.595203836,Phase2_Migrated,632
1790422979.657394876,Phase2_Migrated,632
1790422979.739713697,Phase2_Migrated,632
1790422979.830017373,Phase2_Migrated,444
1790422979.928131510,Phase2_Migrated,316
1790422980.023510433,Phase2_Migrated,232
1790422980.117313701,Phase2_Migrated,158
1790422980.209415837,Phase2_Migrated,158
1790422980.295090174,Phase2_Migrated,159
1790422980.376406114,Phase2_Migrated,160
1790422980.467975672,Phase2_Migrated,162
1790422980.556033275,Phase2_Migrated,163
1790422980.648818378,Phase2_Migrated,164
1790422980.745093608,Phase2_Migrated,165
1790422980.838957953,Phase2_Migrated,166
1790422980.938022834,Phase2_Migrated,168
1790422981.027913446,Phase2_Migrated,169
1790422981.121613374,Phase2_Migrated,170
1790422981.219075920,Phase2_Migrated,171
1790422981.304612979,Phase2_Migrated,172
1790422981.399291859,Phase2_Migrated,173
1790422981.495015790,Phase2_Migrated,175
1790422981.584811114,Phase2_Migrated,176
1790422981.677803169,Phase2_Migrated,177
1790422981.771733159,Phase2_Migrated,178
1790422981.860800605,Phase2_Migrated,179
1790422981.957544768,Phase2_Migrated,180
1790422982.051712271,Phase2_Migrated,182
1790422982.142354805,Phase2_Migrated,183
1790422982.238486790,Phase2_Migrated,184
1790422982.334419473,Phase2_Migrated,185
1790422982.424476348,Phase2_Migrated,186
1790422982.517355261,Phase2_Migrated,188
1790422982.612600479,Phase2_Migrated,189
1790422982.705917077,Phase2_Migrated,190
1790422982.800088923,Phase2_Migrated,191
1790422982.893717630,Phase2_Migrated,192
1790422982.988998468,Phase2_Migrated,194
1790422983.077116119,Phase2_Migrated,195
1790422983.171740396,Phase2_Migrated,196
1790422983.269962988,Phase2_Migrated,197
1790422983.361531993,Phase2_Migrated,198
1790422983.455229694,Phase2_Migrated,199
1790422983.551971444,Phase2_Migrated,201
1790422983.654390536,Phase2_Migrated,202
1790422983.749918575,Phase2_Migrated,203
1790422983.846031118,Phase2_Migrated,204
1790422983.937276869,Phase2_Migrated,206
1790422984.032180063,Phase2_Migrated,207
1790422984.134861452,Phase2_Migrated,208
1790422984.236582762,Phase2_Migrated,209
1790422984.325266299,Phase2_Migrated,210
1790422984.420775202,Phase2_Migrated,212
1790422984.500779721,Phase2_Migrated,213
1790422984.567609016,Phase2_Migrated,213
1790422984.650773048,Phase2_Migrated,215
1790422984.740828733,Phase2_Migrated,216
1790422984.838201198,Phase2_Migrated,217
1790422984.950805399,Phase2_Migrated,218
1790422985.042886787,Phase2_Migrated,219
1790422985.130977872,Phase2_Migrated,221
1790422985.224279190,Phase2_Migrated,222
1790422985.301230252,Phase2_Migrated,223
1790422985.394730968,Phase2_Migrated,224
1790422985.490090975,Phase2_Migrated,225
1790422985.590138839,Phase2_Migrated,226
1790422985.679376363,Phase2_Migrated,227
1790422985.761503165,Phase2_Migrated,228
1790422985.854249339,Phase2_Migrated,230
1790422985.951917447,Phase2_Migrated,231
1790422986.043698766,Phase2_Migrated,232
1790422986.120720509,Phase2_Migrated,233
1790422986.209794355,Phase2_Migrated,234
1790422986.300478161,Phase2_Migrated,235
1790422986.382724680,Phase2_Migrated,236
1790422986.475773162,Phase2_Migrated,237
1790422986.558735262,Phase2_Migrated,239
1790422986.639415744,Phase2_Migrated,240
1790422986.713871901,Phase2_Migrated,241
1790422986.811963882,Phase2_Migrated,242
1790422986.901142254,Phase2_Migrated,243
1790422986.984224723,Phase2_Migrated,244
1790422987.078163946,Phase2_Migrated,245
1790422987.175443129,Phase2_Migrated,246
1790422987.266726206,Phase2_Migrated,247
1790422987.353089168,Phase2_Migrated,248
1790422987.443228742,Phase2_Migrated,250
1790422987.538064602,Phase2_Migrated,251
1790422987.632046116,Phase2_Migrated,252
1790422987.719283171,Phase2_Migrated,253
1790422987.816976519,Phase2_Migrated,254
1790422987.902001967,Phase2_Migrated,256
1790422987.996868421,Phase2_Migrated,257
1790422988.090035289,Phase2_Migrated,258
1790422988.193988034,Phase2_Migrated,259
1790422988.281269785,Phase2_Migrated,260
1790422988.369592359,Phase2_Migrated,261
1790422988.444998330,Phase2_Migrated,262
1790422988.509504312,Phase2_Migrated,263
1790422988.588432897,Phase2_Migrated,264
1790422988.669256292,Phase2_Migrated,265
1790422988.755024410,Phase2_Migrated,266
1790422988.847976532,Phase2_Migrated,267
1790422988.945071891,Phase2_Migrated,269
1790422989.039886803,Phase2_Migrated,270
1790422989.130330821,Phase2_Migrated,271
1790422989.213092565,Phase2_Migrated,272
1790422989.300919729,Phase2_Migrated,273
1790422989.400694253,Phase2_Migrated,274
1790422989.492757495,Phase2_Migrated,276
1790422989.588132847,Phase2_Migrated,277
1790422989.687322030,Phase2_Migrated,278
1790422989.783579956,Phase2_Migrated,279
1790422989.858887827,Phase2_Migrated,280
1790422989.947951268,Phase2_Migrated,281
1790422990.036246932,Phase2_Migrated,282
1790422990.126842341,Phase2_Migrated,283
1790422990.213281484,Phase2_Migrated,284
1790422990.306513332,Phase2_Migrated,286
1790422990.397816994,Phase2_Migrated,287
1790422990.489820785,Phase2_Migrated,288
1790422990.574016778,Phase2_Migrated,289
1790422990.668479434,Phase2_Migrated,290
1790422990.763038168,Phase2_Migrated,291
1790422990.847784099,Phase2_Migrated,292
1790422990.947288982,Phase2_Migrated,294
1790422991.038604332,Phase2_Migrated,295
1790422991.130833837,Phase2_Migrated,296
1790422991.225826821,Phase2_Migrated,297
1790422991.321104170,Phase2_Migrated,298
1790422991.413233801,Phase2_Migrated,299
1790422991.503513009,Phase2_Migrated,301
1790422991.597138112,Phase2_Migrated,302
1790422991.693310856,Phase2_Migrated,303
1790422991.787187395,Phase2_Migrated,304
1790422991.883070338,Phase2_Migrated,305
1790422991.977707234,Phase2_Migrated,307
1790422992.075591531,Phase2_Migrated,308
1790422992.171019633,Phase2_Migrated,309
1790422992.262896064,Phase2_Migrated,310
1790422992.357140863,Phase2_Migrated,311
1790422992.446488347,Phase2_Migrated,312
1790422992.538427139,Phase2_Migrated,313
1790422992.629019823,Phase2_Migrated,315
1790422992.719405336,Phase2_Migrated,316
1790422992.814964700,Phase2_Migrated,317
1790422992.910921910,Phase2_Migrated,318
1790422993.012095066,Phase2_Migrated,319
1790422993.105439224,Phase2_Migrated,320
1790422993.199532251,Phase2_Migrated,322
1790422993.298950956,Phase2_Migrated,323
1790422993.401066124,Phase2_Migrated,324
1790422993.494534720,Phase2_Migrated,325
1790422993.589345249,Phase2_Migrated,326
1790422993.683737117,Phase2_Migrated,328
1790422993.780302806,Phase2_Migrated,329
1790422993.869571195,Phase2_Migrated,330
1790422993.965071964,Phase2_Migrated,331
1790422994.066022123,Phase2_Migrated,332
1790422994.161713325,Phase2_Migrated,333
1790422994.235181849,Phase2_Migrated,334
1790422994.323932331,Phase2_Migrated,335
1790422994.414891614,Phase2_Migrated,337
1790422994.504966781,Phase2_Migrated,338
1790422994.597910080,Phase2_Migrated,339
1790422994.684926310,Phase2_Migrated,340
1790422994.778157523,Phase2_Migrated,341
1790422994.859936743,Phase2_Migrated,342
1790422994.937973894,Phase2_Migrated,343
1790422995.009122467,Phase2_Migrated,344
1790422995.090934963,Phase2_Migrated,345
1790422995.186043813,Phase2_Migrated,346
1790422995.279026555,Phase2_Migrated,347
1790422995.371529742,Phase2_Migrated,348
1790422995.460277271,Phase2_Migrated,349
1790422995.557076930,Phase2_Migrated,350
1790422995.653252982,Phase2_Migrated,351
1790422995.755539728,Phase2_Migrated,353
1790422995.847035820,Phase2_Migrated,354
1790422995.942079831,Phase2_Migrated,355
1790422996.040370681,Phase2_Migrated,356
1790422996.131442896,Phase2_Migrated,357
1790422996.220421326,Phase2_Migrated,358
1790422996.310246462,Phase2_Migrated,242
1790422996.383091233,Phase2_Migrated,179
1790422996.472107104,Phase2_Migrated,180
1790422996.557274644,Phase2_Migrated,181
1790422996.647435089,Phase2_Migrated,183
1790422996.747111052,Phase2_Migrated,184
1790422996.833140487,Phase2_Migrated,185
1790422996.902875155,Phase2_Migrated,186
1790422996.977565274,Phase2_Migrated,187
1790422997.073440822,Phase2_Migrated,188
1790422997.169282585,Phase2_Migrated,189
1790422997.255745397,Phase2_Migrated,190
1790422997.345948903,Phase2_Migrated,191
1790422997.433371344,Phase2_Migrated,192
1790422997.524204486,Phase2_Migrated,194
1790422997.617960796,Phase2_Migrated,195
1790422997.709531620,Phase2_Migrated,196
1790422997.810421043,Phase2_Migrated,197
1790422997.867864762,Phase2_Migrated,198
1790422997.944118013,Phase2_Migrated,199
1790422998.026887760,Phase2_Migrated,200
1790422998.084592298,Phase2_Migrated,201
1790422998.176296359,Phase2_Migrated,202
1790422998.253977762,Phase2_Migrated,203
1790422998.322081188,Phase2_Migrated,204
1790422998.408351190,Phase2_Migrated,205
1790422998.463849244,Phase2_Migrated,205
1790422998.525145533,Phase2_Migrated,206
1790422998.612558734,Phase2_Migrated,207
1790422998.707128109,Phase2_Migrated,209
1790422998.803472651,Phase2_Migrated,210
1790422998.895823257,Phase2_Migrated,211
1790422998.979833496,Phase2_Migrated,212
1790422999.050300391,Phase2_Migrated,213
1790422999.126092907,Phase2_Migrated,214
1790422999.195211074,Phase2_Migrated,215
1790422999.262043487,Phase2_Migrated,216
1790422999.354260867,Phase2_Migrated,217
1790422999.446859031,Phase2_Migrated,218
1790422999.543825233,Phase2_Migrated,219
1790422999.637227449,Phase2_Migrated,220
1790422999.705346770,Phase2_Migrated,221
1790422999.792911173,Phase2_Migrated,222
1790422999.884478167,Phase2_Migrated,223
1790422999.988484914,Phase2_Migrated,225
1790423000.083949527,Phase2_Migrated,226
1790423000.174022893,Phase2_Migrated,227
1790423000.265081058,Phase2_Migrated,228
1790423000.348916387,Phase2_Migrated,229
1790423000.441055732,Phase2_Migrated,230
1790423000.539207745,Phase2_Migrated,232
1790423000.622207930,Phase2_Migrated,233
1790423000.714105892,Phase2_Migrated,234
1790423000.790948338,Phase2_Migrated,235
1790423000.883707489,Phase2_Migrated,236
1790423000.980023371,Phase2_Migrated,237
1790423001.074879814,Phase2_Migrated,238
1790423001.169324488,Phase2_Migrated,240
1790423001.259851927,Phase2_Migrated,241
1790423001.349186512,Phase2_Migrated,242
1790423001.432185369,Phase2_Migrated,243
1790423002.673378366,Uninterrupted_Baseline,1
1790423002.753565472,Uninterrupted_Baseline,1
1790423002.834264993,Uninterrupted_Baseline,1
1790423002.917132534,Uninterrupted_Baseline,1
1790423002.999716221,Uninterrupted_Baseline,1
1790423003.082096937,Uninterrupted_Baseline,1
1790423003.143378412,Uninterrupted_Baseline,1
1790423003.225170453,Uninterrupted_Baseline,1
1790423003.307720639,Uninterrupted_Baseline,1
1790423003.393243109,Uninterrupted_Baseline,1
1790423003.475291842,Uninterrupted_Baseline,1
1790423003.537751152,Uninterrupted_Baseline,1
1790423003.615796309,Uninterrupted_Baseline,1
1790423003.699344272,Uninterrupted_Baseline,1
1790423003.781343327,Uninterrupted_Baseline,1
1790423003.862897227,Uninterrupted_Baseline,1
1790423003.945854584,Uninterrupted_Baseline,1
1790423004.027186349,Uninterrupted_Baseline,10
1790423004.027186349,Uninterrupted_Baseline,1
1790423004.110899347,Uninterrupted_Baseline,20
1790423004.110899347,Uninterrupted_Baseline,1
1790423004.195374636,Uninterrupted_Baseline,42
1790423004.195374636,Uninterrupted_Baseline,1
1790423004.279422427,Uninterrupted_Baseline,104
1790423004.279422427,Uninterrupted_Baseline,1
1790423004.365861176,Uninterrupted_Baseline,239
1790423004.365861176,Uninterrupted_Baseline,1
1790423004.449175071,Uninterrupted_Baseline,428
1790423004.449175071,Uninterrupted_Baseline,1
1790423004.529500838,Uninterrupted_Baseline,760
1790423004.529500838,Uninterrupted_Baseline,1
1790423004.612031200,Uninterrupted_Baseline,1107
1790423004.612031200,Uninterrupted_Baseline,1
1790423004.702901143,Uninterrupted_Baseline,1143
1790423004.702901143,Uninterrupted_Baseline,1
1790423004.788276941,Uninterrupted_Baseline,953
1790423004.788276941,Uninterrupted_Baseline,1
1790423004.861415509,Uninterrupted_Baseline,798
1790423004.861415509,Uninterrupted_Baseline,1
1790423004.921716897,Uninterrupted_Baseline,656
1790423004.921716897,Uninterrupted_Baseline,1
1790423004.985349785,Uninterrupted_Baseline,626
1790423004.985349785,Uninterrupted_Baseline,1
1790423005.077286269,Uninterrupted_Baseline,626
1790423005.077286269,Uninterrupted_Baseline,1
1790423005.135953854,Uninterrupted_Baseline,554
1790423005.135953854,Uninterrupted_Baseline,1
1790423005.197205575,Uninterrupted_Baseline,408
1790423005.197205575,Uninterrupted_Baseline,1
1790423005.276238169,Uninterrupted_Baseline,313
1790423005.276238169,Uninterrupted_Baseline,1
1790423005.367088317,Uninterrupted_Baseline,268
1790423005.367088317,Uninterrupted_Baseline,1
1790423005.453369604,Uninterrupted_Baseline,156
1790423005.453369604,Uninterrupted_Baseline,1
1790423005.541708264,Uninterrupted_Baseline,156
1790423005.541708264,Uninterrupted_Baseline,1
1790423005.626970626,Uninterrupted_Baseline,158
1790423005.626970626,Uninterrupted_Baseline,1
1790423005.706978275,Uninterrupted_Baseline,159
1790423005.706978275,Uninterrupted_Baseline,1
1790423005.790556396,Uninterrupted_Baseline,160
1790423005.790556396,Uninterrupted_Baseline,1
1790423005.860400340,Uninterrupted_Baseline,160
1790423005.860400340,Uninterrupted_Baseline,1
1790423005.923269955,Uninterrupted_Baseline,161
1790423005.923269955,Uninterrupted_Baseline,1
1790423006.006919435,Uninterrupted_Baseline,162
1790423006.006919435,Uninterrupted_Baseline,1
1790423006.090192585,Uninterrupted_Baseline,163
1790423006.090192585,Uninterrupted_Baseline,1
1790423006.173838129,Uninterrupted_Baseline,164
1790423006.173838129,Uninterrupted_Baseline,1
1790423006.249225481,Uninterrupted_Baseline,165
1790423006.249225481,Uninterrupted_Baseline,1
1790423006.332352938,Uninterrupted_Baseline,167
1790423006.332352938,Uninterrupted_Baseline,1
1790423006.415115053,Uninterrupted_Baseline,168
1790423006.415115053,Uninterrupted_Baseline,1
1790423006.500125547,Uninterrupted_Baseline,169
1790423006.500125547,Uninterrupted_Baseline,1
1790423006.582449938,Uninterrupted_Baseline,170
1790423006.582449938,Uninterrupted_Baseline,1
1790423006.663026663,Uninterrupted_Baseline,171
1790423006.663026663,Uninterrupted_Baseline,1
1790423006.748185705,Uninterrupted_Baseline,172
1790423006.748185705,Uninterrupted_Baseline,1
1790423006.830390489,Uninterrupted_Baseline,173
1790423006.830390489,Uninterrupted_Baseline,1
1790423006.908208279,Uninterrupted_Baseline,174
1790423006.908208279,Uninterrupted_Baseline,1
1790423006.993889264,Uninterrupted_Baseline,175
1790423006.993889264,Uninterrupted_Baseline,1
1790423007.077546342,Uninterrupted_Baseline,176
1790423007.077546342,Uninterrupted_Baseline,1
1790423007.168246024,Uninterrupted_Baseline,177
1790423007.168246024,Uninterrupted_Baseline,1
1790423007.245494278,Uninterrupted_Baseline,178
1790423007.245494278,Uninterrupted_Baseline,1
1790423007.329577775,Uninterrupted_Baseline,179
1790423007.329577775,Uninterrupted_Baseline,1
1790423007.415096989,Uninterrupted_Baseline,180
1790423007.415096989,Uninterrupted_Baseline,1
1790423007.496552957,Uninterrupted_Baseline,181
1790423007.496552957,Uninterrupted_Baseline,1
1790423007.583137653,Uninterrupted_Baseline,182
1790423007.583137653,Uninterrupted_Baseline,1
1790423007.665101338,Uninterrupted_Baseline,183
1790423007.665101338,Uninterrupted_Baseline,1
1790423007.745067827,Uninterrupted_Baseline,184
1790423007.745067827,Uninterrupted_Baseline,1
1790423007.824818223,Uninterrupted_Baseline,185
1790423007.824818223,Uninterrupted_Baseline,1
1790423007.902584999,Uninterrupted_Baseline,186
1790423007.902584999,Uninterrupted_Baseline,1
1790423007.986068019,Uninterrupted_Baseline,187
1790423007.986068019,Uninterrupted_Baseline,1
1790423008.059586165,Uninterrupted_Baseline,188
1790423008.059586165,Uninterrupted_Baseline,1
1790423008.117544086,Uninterrupted_Baseline,189
1790423008.117544086,Uninterrupted_Baseline,1
1790423008.188035552,Uninterrupted_Baseline,190
1790423008.188035552,Uninterrupted_Baseline,1
1790423008.265869968,Uninterrupted_Baseline,191
1790423008.265869968,Uninterrupted_Baseline,1
1790423008.329141001,Uninterrupted_Baseline,192
1790423008.329141001,Uninterrupted_Baseline,1
1790423008.410238919,Uninterrupted_Baseline,193
1790423008.410238919,Uninterrupted_Baseline,1
1790423008.461570579,Uninterrupted_Baseline,193
1790423008.461570579,Uninterrupted_Baseline,1
1790423008.515273570,Uninterrupted_Baseline,194
1790423008.515273570,Uninterrupted_Baseline,1
1790423008.586398692,Uninterrupted_Baseline,195
1790423008.586398692,Uninterrupted_Baseline,1
1790423008.660900845,Uninterrupted_Baseline,196
1790423008.660900845,Uninterrupted_Baseline,1
1790423008.744784397,Uninterrupted_Baseline,197
1790423008.744784397,Uninterrupted_Baseline,1
1790423008.825931232,Uninterrupted_Baseline,198
1790423008.825931232,Uninterrupted_Baseline,1
1790423008.908535205,Uninterrupted_Baseline,199
1790423008.908535205,Uninterrupted_Baseline,1
1790423008.990555173,Uninterrupted_Baseline,200
1790423008.990555173,Uninterrupted_Baseline,1
1790423009.071092241,Uninterrupted_Baseline,201
1790423009.071092241,Uninterrupted_Baseline,1
1790423009.135158267,Uninterrupted_Baseline,202
1790423009.135158267,Uninterrupted_Baseline,1
1790423009.199789345,Uninterrupted_Baseline,203
1790423009.199789345,Uninterrupted_Baseline,1
1790423009.263644591,Uninterrupted_Baseline,204
1790423009.263644591,Uninterrupted_Baseline,1
1790423009.338703761,Uninterrupted_Baseline,205
1790423009.338703761,Uninterrupted_Baseline,1
1790423009.418199791,Uninterrupted_Baseline,206
1790423009.418199791,Uninterrupted_Baseline,1
1790423009.499253819,Uninterrupted_Baseline,207
1790423009.499253819,Uninterrupted_Baseline,1
1790423009.561840786,Uninterrupted_Baseline,207
1790423009.561840786,Uninterrupted_Baseline,1
1790423009.640123136,Uninterrupted_Baseline,208
1790423009.640123136,Uninterrupted_Baseline,1
1790423009.723624793,Uninterrupted_Baseline,209
1790423009.723624793,Uninterrupted_Baseline,1
1790423009.796048545,Uninterrupted_Baseline,210
1790423009.796048545,Uninterrupted_Baseline,1
1790423009.876141669,Uninterrupted_Baseline,211
1790423009.876141669,Uninterrupted_Baseline,1
1790423009.955957468,Uninterrupted_Baseline,212
1790423009.955957468,Uninterrupted_Baseline,1
1790423010.034127660,Uninterrupted_Baseline,213
1790423010.034127660,Uninterrupted_Baseline,1
1790423010.117906569,Uninterrupted_Baseline,214
1790423010.117906569,Uninterrupted_Baseline,1
1790423010.197049559,Uninterrupted_Baseline,215
1790423010.197049559,Uninterrupted_Baseline,1
1790423010.261122716,Uninterrupted_Baseline,216
1790423010.261122716,Uninterrupted_Baseline,1
1790423010.340729801,Uninterrupted_Baseline,217
1790423010.340729801,Uninterrupted_Baseline,1
1790423010.421350487,Uninterrupted_Baseline,218
1790423010.421350487,Uninterrupted_Baseline,1
1790423010.488795643,Uninterrupted_Baseline,219
1790423010.488795643,Uninterrupted_Baseline,1
1790423010.561358419,Uninterrupted_Baseline,220
1790423010.561358419,Uninterrupted_Baseline,1
1790423010.641179217,Uninterrupted_Baseline,221
1790423010.641179217,Uninterrupted_Baseline,1
1790423010.726844951,Uninterrupted_Baseline,222
1790423010.726844951,Uninterrupted_Baseline,1
1790423010.809047094,Uninterrupted_Baseline,223
1790423010.809047094,Uninterrupted_Baseline,1
1790423010.884576788,Uninterrupted_Baseline,224
1790423010.884576788,Uninterrupted_Baseline,1
1790423010.961115722,Uninterrupted_Baseline,225
1790423010.961115722,Uninterrupted_Baseline,1
1790423011.037915838,Uninterrupted_Baseline,226
1790423011.037915838,Uninterrupted_Baseline,1
1790423011.100104754,Uninterrupted_Baseline,227
1790423011.100104754,Uninterrupted_Baseline,1
1790423011.162778512,Uninterrupted_Baseline,228
1790423011.162778512,Uninterrupted_Baseline,1
1790423011.226795180,Uninterrupted_Baseline,228
1790423011.226795180,Uninterrupted_Baseline,1
1790423011.279058265,Uninterrupted_Baseline,229
1790423011.279058265,Uninterrupted_Baseline,1
1790423011.346029792,Uninterrupted_Baseline,230
1790423011.346029792,Uninterrupted_Baseline,1
1790423011.423009870,Uninterrupted_Baseline,231
1790423011.423009870,Uninterrupted_Baseline,1
1790423011.492401699,Uninterrupted_Baseline,232
1790423011.492401699,Uninterrupted_Baseline,1
1790423011.574861362,Uninterrupted_Baseline,233
1790423011.574861362,Uninterrupted_Baseline,1
1790423011.655920044,Uninterrupted_Baseline,234
1790423011.655920044,Uninterrupted_Baseline,1
1790423011.742333508,Uninterrupted_Baseline,235
1790423011.742333508,Uninterrupted_Baseline,1
1790423011.828475322,Uninterrupted_Baseline,236
1790423011.828475322,Uninterrupted_Baseline,1
1790423011.909328670,Uninterrupted_Baseline,237
1790423011.909328670,Uninterrupted_Baseline,1
1790423011.983783680,Uninterrupted_Baseline,238
1790423011.983783680,Uninterrupted_Baseline,1
1790423012.070707126,Uninterrupted_Baseline,239
1790423012.070707126,Uninterrupted_Baseline,1
1790423012.152979302,Uninterrupted_Baseline,240
1790423012.152979302,Uninterrupted_Baseline,1
1790423012.243283240,Uninterrupted_Baseline,241
1790423012.243283240,Uninterrupted_Baseline,1
1790423012.324674311,Uninterrupted_Baseline,242
1790423012.324674311,Uninterrupted_Baseline,1
1790423012.386213516,Uninterrupted_Baseline,243
1790423012.386213516,Uninterrupted_Baseline,1
1790423012.465477105,Uninterrupted_Baseline,244
1790423012.465477105,Uninterrupted_Baseline,1
1790423012.547049333,Uninterrupted_Baseline,245
1790423012.547049333,Uninterrupted_Baseline,1
1790423012.631131750,Uninterrupted_Baseline,246
1790423012.631131750,Uninterrupted_Baseline,1
1790423012.711685439,Uninterrupted_Baseline,247
1790423012.711685439,Uninterrupted_Baseline,1
1790423012.795869267,Uninterrupted_Baseline,248
1790423012.795869267,Uninterrupted_Baseline,1
1790423012.879557884,Uninterrupted_Baseline,249
1790423012.879557884,Uninterrupted_Baseline,1
1790423012.963720656,Uninterrupted_Baseline,250
1790423012.963720656,Uninterrupted_Baseline,1
1790423013.044565104,Uninterrupted_Baseline,251
1790423013.044565104,Uninterrupted_Baseline,1
1790423013.129959282,Uninterrupted_Baseline,252
1790423013.129959282,Uninterrupted_Baseline,1
1790423013.207360265,Uninterrupted_Baseline,253
1790423013.207360265,Uninterrupted_Baseline,1
1790423013.286383246,Uninterrupted_Baseline,254
1790423013.286383246,Uninterrupted_Baseline,1
1790423013.368669476,Uninterrupted_Baseline,255
1790423013.368669476,Uninterrupted_Baseline,1
1790423013.455695189,Uninterrupted_Baseline,256
1790423013.455695189,Uninterrupted_Baseline,1
1790423013.538221652,Uninterrupted_Baseline,257
1790423013.538221652,Uninterrupted_Baseline,1
1790423013.625833019,Uninterrupted_Baseline,258
1790423013.625833019,Uninterrupted_Baseline,1
1790423013.711580106,Uninterrupted_Baseline,260
1790423013.711580106,Uninterrupted_Baseline,1
1790423013.795925280,Uninterrupted_Baseline,261
1790423013.795925280,Uninterrupted_Baseline,1
1790423013.880780704,Uninterrupted_Baseline,262
1790423013.880780704,Uninterrupted_Baseline,1
1790423013.964194304,Uninterrupted_Baseline,263
1790423014.030914710,Uninterrupted_Baseline,264
1790423014.120434615,Uninterrupted_Baseline,265
1790423014.202368793,Uninterrupted_Baseline,266
1790423014.293032285,Uninterrupted_Baseline,267
1790423014.388382587,Uninterrupted_Baseline,268
1790423014.474149475,Uninterrupted_Baseline,269
1790423014.554743824,Uninterrupted_Baseline,270
1790423014.639990087,Uninterrupted_Baseline,271
1790423014.726005141,Uninterrupted_Baseline,272
1790423014.810488293,Uninterrupted_Baseline,273
1790423014.887290863,Uninterrupted_Baseline,274
1790423014.959539187,Uninterrupted_Baseline,275
1790423015.049470923,Uninterrupted_Baseline,276
1790423015.125342711,Uninterrupted_Baseline,277
1790423015.212409948,Uninterrupted_Baseline,278
1790423015.296741177,Uninterrupted_Baseline,279
1790423015.381362974,Uninterrupted_Baseline,281
1790423015.463938411,Uninterrupted_Baseline,282
1790423015.550739858,Uninterrupted_Baseline,283
1790423015.635882144,Uninterrupted_Baseline,284
1790423015.728612546,Uninterrupted_Baseline,285
1790423015.796308331,Uninterrupted_Baseline,286
1790423015.852874919,Uninterrupted_Baseline,286
1790423015.920608068,Uninterrupted_Baseline,287
1790423015.996876444,Uninterrupted_Baseline,288
1790423016.070711064,Uninterrupted_Baseline,289
1790423016.153669445,Uninterrupted_Baseline,290
1790423016.239741300,Uninterrupted_Baseline,291
1790423016.321585656,Uninterrupted_Baseline,292
1790423016.405904914,Uninterrupted_Baseline,293
1790423016.490317530,Uninterrupted_Baseline,294
1790423016.565815410,Uninterrupted_Baseline,295
1790423016.655189203,Uninterrupted_Baseline,296
1790423016.724540848,Uninterrupted_Baseline,297
1790423016.806289134,Uninterrupted_Baseline,298
1790423016.870550607,Uninterrupted_Baseline,299
1790423016.945341032,Uninterrupted_Baseline,300
1790423017.027051088,Uninterrupted_Baseline,301
1790423017.112426507,Uninterrupted_Baseline,302
1790423017.193067674,Uninterrupted_Baseline,303
1790423017.251138190,Uninterrupted_Baseline,304
1790423017.331992991,Uninterrupted_Baseline,305
1790423017.416151290,Uninterrupted_Baseline,306
1790423017.488361771,Uninterrupted_Baseline,307
1790423017.568434973,Uninterrupted_Baseline,308
1790423017.650935927,Uninterrupted_Baseline,309
1790423017.739525854,Uninterrupted_Baseline,310
1790423017.826785235,Uninterrupted_Baseline,311
1790423017.917148237,Uninterrupted_Baseline,312
1790423018.005802584,Uninterrupted_Baseline,313
1790423018.093391404,Uninterrupted_Baseline,314
1790423018.178213194,Uninterrupted_Baseline,315
1790423018.250951341,Uninterrupted_Baseline,316
1790423018.307052263,Uninterrupted_Baseline,317
1790423018.367421752,Uninterrupted_Baseline,318
1790423018.439152849,Uninterrupted_Baseline,319
1790423018.493993188,Uninterrupted_Baseline,319
1790423018.564325521,Uninterrupted_Baseline,320
1790423018.628220822,Uninterrupted_Baseline,321
1790423018.707569982,Uninterrupted_Baseline,322
1790423018.777771955,Uninterrupted_Baseline,323
1790423018.866939659,Uninterrupted_Baseline,324
1790423018.946219443,Uninterrupted_Baseline,325
1790423019.029514841,Uninterrupted_Baseline,326
1790423019.112506940,Uninterrupted_Baseline,327
1790423019.179961140,Uninterrupted_Baseline,328
1790423019.255538385,Uninterrupted_Baseline,329
1790423019.336902922,Uninterrupted_Baseline,330
1790423019.415138266,Uninterrupted_Baseline,331
1790423019.497358797,Uninterrupted_Baseline,332
1790423019.569839664,Uninterrupted_Baseline,332
1790423019.637230514,Uninterrupted_Baseline,333
1790423019.715535932,Uninterrupted_Baseline,334
1790423019.772341898,Uninterrupted_Baseline,335
1790423019.853445728,Uninterrupted_Baseline,336
1790423019.935495459,Uninterrupted_Baseline,337
1790423020.019975251,Uninterrupted_Baseline,338
1790423020.094984550,Uninterrupted_Baseline,339
1790423020.180634018,Uninterrupted_Baseline,340
1790423020.267196657,Uninterrupted_Baseline,341
1790423020.354903101,Uninterrupted_Baseline,342
1790423020.435329297,Uninterrupted_Baseline,343
1790423020.521683274,Uninterrupted_Baseline,344
1790423020.596795778,Uninterrupted_Baseline,345
1790423020.684407189,Uninterrupted_Baseline,346
1790423020.766697044,Uninterrupted_Baseline,347
1790423020.849725978,Uninterrupted_Baseline,348
1790423020.932976682,Uninterrupted_Baseline,349
1790423021.016279826,Uninterrupted_Baseline,350
1790423021.102308220,Uninterrupted_Baseline,351
1790423021.185906215,Uninterrupted_Baseline,352
1790423021.269901250,Uninterrupted_Baseline,353
1790423021.335861212,Uninterrupted_Baseline,354
1790423021.421236716,Uninterrupted_Baseline,355
1790423021.502894082,Uninterrupted_Baseline,356
1790423021.577863690,Uninterrupted_Baseline,356
1790423021.662270455,Uninterrupted_Baseline,178
1790423021.741716409,Uninterrupted_Baseline,178
1790423021.822950102,Uninterrupted_Baseline,179
1790423021.899411012,Uninterrupted_Baseline,180
1790423021.979712656,Uninterrupted_Baseline,182
1790423022.063848119,Uninterrupted_Baseline,183
1790423022.150969030,Uninterrupted_Baseline,184
1790423022.232299026,Uninterrupted_Baseline,185
1790423022.312976239,Uninterrupted_Baseline,186
1790423022.397558729,Uninterrupted_Baseline,187
1790423022.487581760,Uninterrupted_Baseline,188
1790423022.572519405,Uninterrupted_Baseline,189
1790423022.663583436,Uninterrupted_Baseline,190
1790423022.755973923,Uninterrupted_Baseline,191
1790423022.844158527,Uninterrupted_Baseline,192
1790423022.926083978,Uninterrupted_Baseline,193
1790423023.009906750,Uninterrupted_Baseline,195
1790423023.085749707,Uninterrupted_Baseline,195
1790423023.160454399,Uninterrupted_Baseline,196
1790423023.241999773,Uninterrupted_Baseline,197
1790423023.312716298,Uninterrupted_Baseline,198
1790423023.392240960,Uninterrupted_Baseline,199
1790423023.456612153,Uninterrupted_Baseline,200
1790423023.538687332,Uninterrupted_Baseline,201
1790423023.592439450,Uninterrupted_Baseline,202
1790423023.663731433,Uninterrupted_Baseline,203
1790423023.740143267,Uninterrupted_Baseline,204
1790423023.819958126,Uninterrupted_Baseline,205
1790423023.899635344,Uninterrupted_Baseline,206
1790423023.974502257,Uninterrupted_Baseline,207
1790423024.055502490,Uninterrupted_Baseline,208
1790423024.135343709,Uninterrupted_Baseline,209
1790423024.213868308,Uninterrupted_Baseline,210
1790423024.293565319,Uninterrupted_Baseline,211
1790423024.377087412,Uninterrupted_Baseline,212
1790423024.458673515,Uninterrupted_Baseline,213
1790423024.537955050,Uninterrupted_Baseline,214
1790423024.610692299,Uninterrupted_Baseline,215
1790423024.692836839,Uninterrupted_Baseline,216
1790423024.776686984,Uninterrupted_Baseline,217
1790423024.858266113,Uninterrupted_Baseline,218
1790423024.942814442,Uninterrupted_Baseline,219
1790423025.012394740,Uninterrupted_Baseline,220
1790423025.092136238,Uninterrupted_Baseline,221
1790423025.168338722,Uninterrupted_Baseline,222
1790423025.235048589,Uninterrupted_Baseline,223
1790423025.302730592,Uninterrupted_Baseline,223
1790423025.366030021,Uninterrupted_Baseline,224
1790423025.448208565,Uninterrupted_Baseline,225
1790423025.530269135,Uninterrupted_Baseline,226
1790423025.601525801,Uninterrupted_Baseline,227
1790423025.678852401,Uninterrupted_Baseline,228
1790423025.744358050,Uninterrupted_Baseline,229
1790423025.821449639,Uninterrupted_Baseline,230
1790423025.906886104,Uninterrupted_Baseline,231
1790423025.992150860,Uninterrupted_Baseline,232
1790423026.075381959,Uninterrupted_Baseline,233
1790423026.156358550,Uninterrupted_Baseline,234
1790423026.230882166,Uninterrupted_Baseline,235
1790423026.295906137,Uninterrupted_Baseline,236
1790423026.378014659,Uninterrupted_Baseline,237
1790423026.462714038,Uninterrupted_Baseline,238
1790423026.545447832,Uninterrupted_Baseline,239
1790423026.628235247,Uninterrupted_Baseline,240
1790423026.707471621,Uninterrupted_Baseline,241
1790423026.774964057,Uninterrupted_Baseline,242
1790423026.853394979,Uninterrupted_Baseline,243
1790423026.934847798,Uninterrupted_Baseline,244
1790423027.007743208,Uninterrupted_Baseline,245
1790423027.088641742,Uninterrupted_Baseline,246
1790423027.162077883,Uninterrupted_Baseline,247
1790423027.244328328,Uninterrupted_Baseline,248
1790423027.330059781,Uninterrupted_Baseline,249
1790423027.409237123,Uninterrupted_Baseline,250
1790423027.490395645,Uninterrupted_Baseline,251
1790423027.573573322,Uninterrupted_Baseline,252
1790423027.657204936,Uninterrupted_Baseline,253
1790423027.739572568,Uninterrupted_Baseline,254
1790423027.825060768,Uninterrupted_Baseline,255
1790423027.907192813,Uninterrupted_Baseline,256
1790423027.992103477,Uninterrupted_Baseline,258
1790423028.078176533,Uninterrupted_Baseline,259
1790423028.158210397,Uninterrupted_Baseline,260
1790423028.238822549,Uninterrupted_Baseline,260
1790423028.291452392,Uninterrupted_Baseline,261
1790423028.383262933,Uninterrupted_Baseline,262
1790423028.434377283,Uninterrupted_Baseline,263
1790423028.485617371,Uninterrupted_Baseline,264
1790423028.537294996,Uninterrupted_Baseline,264
1790423028.602709818,Uninterrupted_Baseline,265
1790423028.673037236,Uninterrupted_Baseline,266
1790423028.741482042,Uninterrupted_Baseline,267
1790423028.804084279,Uninterrupted_Baseline,268
1790423028.858909855,Uninterrupted_Baseline,268
1790423028.929369657,Uninterrupted_Baseline,269
1790423029.011720472,Uninterrupted_Baseline,270
1790423029.091096980,Uninterrupted_Baseline,271
1790423029.170132498,Uninterrupted_Baseline,272
1790423029.231458843,Uninterrupted_Baseline,273
1790423029.306401893,Uninterrupted_Baseline,274
1790423029.391131876,Uninterrupted_Baseline,275
1790423029.468296337,Uninterrupted_Baseline,276
1790423029.545877008,Uninterrupted_Baseline,277
1790423029.611359092,Uninterrupted_Baseline,278
1790423029.689773925,Uninterrupted_Baseline,279
1790423029.750827124,Uninterrupted_Baseline,279
1790423029.810406542,Uninterrupted_Baseline,280
1790423029.887426971,Uninterrupted_Baseline,281
1790423029.967671905,Uninterrupted_Baseline,282
1790423030.031679045,Uninterrupted_Baseline,283
1790423030.098356710,Uninterrupted_Baseline,284
1790423030.181437116,Uninterrupted_Baseline,285
1790423030.244691086,Uninterrupted_Baseline,286
1790423030.307125958,Uninterrupted_Baseline,286
1790423030.363887970,Uninterrupted_Baseline,287
1790423030.446403480,Uninterrupted_Baseline,288
1790423030.521970970,Uninterrupted_Baseline,289
1790423030.583626443,Uninterrupted_Baseline,290
1790423030.659947199,Uninterrupted_Baseline,291
1790423030.725169341,Uninterrupted_Baseline,292
1790423030.791408900,Uninterrupted_Baseline,292
1790423030.872819865,Uninterrupted_Baseline,294
1790423030.950901969,Uninterrupted_Baseline,294
1790423031.018227665,Uninterrupted_Baseline,295
1790423031.093019498,Uninterrupted_Baseline,296
1790423031.175625247,Uninterrupted_Baseline,297
1790423031.258096129,Uninterrupted_Baseline,298
1790423031.326558683,Uninterrupted_Baseline,299
1790423031.400722662,Uninterrupted_Baseline,300
1790423031.484005747,Uninterrupted_Baseline,301
1790423031.561899989,Uninterrupted_Baseline,302
1790423031.627164036,Uninterrupted_Baseline,303
1790423031.711016942,Uninterrupted_Baseline,304
1790423031.794391141,Uninterrupted_Baseline,305
1790423031.878188994,Uninterrupted_Baseline,306
1790423031.960421813,Uninterrupted_Baseline,307
1790423032.044975443,Uninterrupted_Baseline,308
1790423032.130516985,Uninterrupted_Baseline,309
1790423032.198397755,Uninterrupted_Baseline,310
1790423032.264627850,Uninterrupted_Baseline,311
1790423032.347559358,Uninterrupted_Baseline,312
1790423032.426970503,Uninterrupted_Baseline,313
1790423032.506833052,Uninterrupted_Baseline,314
1790423032.589257905,Uninterrupted_Baseline,315
1790423032.670841475,Uninterrupted_Baseline,316
1790423032.752108382,Uninterrupted_Baseline,317
1790423032.833054565,Uninterrupted_Baseline,318
1790423032.898350623,Uninterrupted_Baseline,319
1790423032.980056639,Uninterrupted_Baseline,320
1790423033.068907084,Uninterrupted_Baseline,321
1790423033.152808076,Uninterrupted_Baseline,322
1790423033.235628221,Uninterrupted_Baseline,323
1790423033.293838700,Uninterrupted_Baseline,324
1790423033.376825517,Uninterrupted_Baseline,325
1790423033.457821467,Uninterrupted_Baseline,326
1790423033.528841746,Uninterrupted_Baseline,326
1790423033.611490225,Uninterrupted_Baseline,327
1790423033.694900917,Uninterrupted_Baseline,328
1790423033.779978143,Uninterrupted_Baseline,330
1790423033.868782658,Uninterrupted_Baseline,331
1790423033.951341207,Uninterrupted_Baseline,332
1790423034.038967292,Uninterrupted_Baseline,333
1790423034.121719271,Uninterrupted_Baseline,334
1790423034.206344300,Uninterrupted_Baseline,335
1790423034.290146519,Uninterrupted_Baseline,336
1790423034.373189938,Uninterrupted_Baseline,337
1790423034.462328498,Uninterrupted_Baseline,338
1790423034.543983256,Uninterrupted_Baseline,339
1790423034.633213866,Uninterrupted_Baseline,340
1790423034.702712061,Uninterrupted_Baseline,341
1790423034.782155096,Uninterrupted_Baseline,342
1790423034.871413902,Uninterrupted_Baseline,343
1790423034.964672356,Uninterrupted_Baseline,344
1790423035.021826384,Uninterrupted_Baseline,345
1790423035.082455547,Uninterrupted_Baseline,345
1790423035.166160326,Uninterrupted_Baseline,346
1790423035.251710776,Uninterrupted_Baseline,347
1790423035.336619951,Uninterrupted_Baseline,348
1790423035.417946903,Uninterrupted_Baseline,349
1790423035.491225958,Uninterrupted_Baseline,350
1790423035.574861111,Uninterrupted_Baseline,351
1790423035.658551711,Uninterrupted_Baseline,352
1790423035.741515473,Uninterrupted_Baseline,353
1790423035.831267787,Uninterrupted_Baseline,354
1790423035.916327919,Uninterrupted_Baseline,355
1790423036.005138569,Uninterrupted_Baseline,356
1790423036.092229975,Uninterrupted_Baseline,271
1790423036.179877174,Uninterrupted_Baseline,178
1790423036.264692239,Uninterrupted_Baseline,179
1790423036.325361804,Uninterrupted_Baseline,180
1790423036.381140910,Uninterrupted_Baseline,181
1790423036.464339669,Uninterrupted_Baseline,182
1790423036.551856262,Uninterrupted_Baseline,183
1790423036.637088927,Uninterrupted_Baseline,184
1790423036.715479261,Uninterrupted_Baseline,185
1790423036.798349552,Uninterrupted_Baseline,186
1790423036.876400730,Uninterrupted_Baseline,187
1790423036.960463247,Uninterrupted_Baseline,188
1790423037.047189285,Uninterrupted_Baseline,189
1790423037.123963955,Uninterrupted_Baseline,190
1790423037.207462115,Uninterrupted_Baseline,191
1790423037.275636602,Uninterrupted_Baseline,192
1790423037.368705781,Uninterrupted_Baseline,193
1790423037.453278355,Uninterrupted_Baseline,194
1790423037.538106074,Uninterrupted_Baseline,195
1790423037.619159324,Uninterrupted_Baseline,196
1790423037.708099791,Uninterrupted_Baseline,197
1790423037.790481272,Uninterrupted_Baseline,198
1790423037.874518740,Uninterrupted_Baseline,200
1790423037.964252508,Uninterrupted_Baseline,201
1790423038.048470312,Uninterrupted_Baseline,202
1790423038.129430077,Uninterrupted_Baseline,203
1790423038.197006559,Uninterrupted_Baseline,204
1790423038.283015714,Uninterrupted_Baseline,205
1790423038.355522622,Uninterrupted_Baseline,206
1790423038.430001298,Uninterrupted_Baseline,207
1790423038.490410579,Uninterrupted_Baseline,207
1790423038.544789569,Uninterrupted_Baseline,208
1790423038.600534391,Uninterrupted_Baseline,209
1790423038.676010195,Uninterrupted_Baseline,210
1790423038.755735543,Uninterrupted_Baseline,211
1790423038.835242890,Uninterrupted_Baseline,212
1790423038.904188049,Uninterrupted_Baseline,213
1790423038.991528372,Uninterrupted_Baseline,214
1790423039.070231396,Uninterrupted_Baseline,215
1790423039.130806370,Uninterrupted_Baseline,215
1790423039.209923748,Uninterrupted_Baseline,216
1790423039.291402481,Uninterrupted_Baseline,217
1790423039.374736269,Uninterrupted_Baseline,218
1790423039.459007878,Uninterrupted_Baseline,220
1790423039.541570056,Uninterrupted_Baseline,221
1790423039.624928608,Uninterrupted_Baseline,222
1790423039.707113731,Uninterrupted_Baseline,223
1790423039.765946443,Uninterrupted_Baseline,223
1790423039.814297545,Uninterrupted_Baseline,224
1790423039.880567136,Uninterrupted_Baseline,225
1790423039.943336571,Uninterrupted_Baseline,226
1790423040.006409554,Uninterrupted_Baseline,226
1790423040.087253181,Uninterrupted_Baseline,227
1790423040.169833196,Uninterrupted_Baseline,229
1790423040.248149111,Uninterrupted_Baseline,230
1790423040.332192738,Uninterrupted_Baseline,231
1790423040.418260420,Uninterrupted_Baseline,232
1790423040.496845671,Uninterrupted_Baseline,233
1790423040.552091824,Uninterrupted_Baseline,233
1790423040.627491888,Uninterrupted_Baseline,234
1790423040.710003852,Uninterrupted_Baseline,235
1790423040.793946172,Uninterrupted_Baseline,236
1790423040.878505810,Uninterrupted_Baseline,237
1790423040.956174110,Uninterrupted_Baseline,238
1790423041.040500480,Uninterrupted_Baseline,240
1790423041.127514513,Uninterrupted_Baseline,241
1790423041.207860183,Uninterrupted_Baseline,242
1790423041.285750753,Uninterrupted_Baseline,243
1790423041.364979103,Uninterrupted_Baseline,244
1790423041.451126475,Uninterrupted_Baseline,245
1790423041.531191200,Uninterrupted_Baseline,246
1790423041.615699577,Uninterrupted_Baseline,247
1790423041.694020424,Uninterrupted_Baseline,248
1790423041.777123449,Uninterrupted_Baseline,249
1790423041.861870355,Uninterrupted_Baseline,250
1790423041.938229035,Uninterrupted_Baseline,251
1790423042.027842739,Uninterrupted_Baseline,252
1790423042.085911304,Uninterrupted_Baseline,253
1790423042.151519939,Uninterrupted_Baseline,253
1790423042.222979758,Uninterrupted_Baseline,254
1790423042.304763440,Uninterrupted_Baseline,255
1790423042.366833713,Uninterrupted_Baseline,256
1790423042.448221331,Uninterrupted_Baseline,257
1790423042.527871002,Uninterrupted_Baseline,258
1790423042.599021823,Uninterrupted_Baseline,259
1790423042.679552924,Uninterrupted_Baseline,260
1790423042.760934083,Uninterrupted_Baseline,261
1790423042.844440796,Uninterrupted_Baseline,262
1790423042.925909685,Uninterrupted_Baseline,263
1790423042.998275675,Uninterrupted_Baseline,264
1790423043.080339510,Uninterrupted_Baseline,265
1790423043.161624453,Uninterrupted_Baseline,266
1790423043.243855764,Uninterrupted_Baseline,267
1790423043.326386963,Uninterrupted_Baseline,268
1790423043.383061536,Uninterrupted_Baseline,269
1790423043.444460330,Uninterrupted_Baseline,270
1790423043.523995892,Uninterrupted_Baseline,271
1790423043.607063934,Uninterrupted_Baseline,272
1790423043.691500527,Uninterrupted_Baseline,273
1790423043.780935262,Uninterrupted_Baseline,274
1790423043.865130180,Uninterrupted_Baseline,275
1790423043.954263485,Uninterrupted_Baseline,276
1790423044.041881325,Uninterrupted_Baseline,277
1790423044.126095009,Uninterrupted_Baseline,278
1790423044.210701214,Uninterrupted_Baseline,279
1790423044.303175955,Uninterrupted_Baseline,280
1790423044.389270791,Uninterrupted_Baseline,281
1790423044.475962949,Uninterrupted_Baseline,282
1790423044.559136308,Uninterrupted_Baseline,284
1790423044.645852584,Uninterrupted_Baseline,285
1790423044.728252063,Uninterrupted_Baseline,286
1790423044.815717242,Uninterrupted_Baseline,287
1790423044.892255422,Uninterrupted_Baseline,288
1790423044.975852268,Uninterrupted_Baseline,289
1790423045.061290049,Uninterrupted_Baseline,290
1790423045.147028562,Uninterrupted_Baseline,291
1790423045.230293138,Uninterrupted_Baseline,292
1790423045.312258162,Uninterrupted_Baseline,293
1790423045.396089102,Uninterrupted_Baseline,294
1790423045.477916639,Uninterrupted_Baseline,295
1790423045.558478885,Uninterrupted_Baseline,296
1790423045.645081447,Uninterrupted_Baseline,297
1790423045.729133935,Uninterrupted_Baseline,298
1790423045.803250147,Uninterrupted_Baseline,299
1790423045.889200668,Uninterrupted_Baseline,300
1790423045.973924681,Uninterrupted_Baseline,301
1790423046.060394326,Uninterrupted_Baseline,302
1790423046.144388313,Uninterrupted_Baseline,303
1790423046.227232211,Uninterrupted_Baseline,304
1790423046.304015160,Uninterrupted_Baseline,305
1790423046.377318187,Uninterrupted_Baseline,306
1790423046.464144789,Uninterrupted_Baseline,307
1790423046.553281668,Uninterrupted_Baseline,308
1790423046.635997885,Uninterrupted_Baseline,309
1790423046.719259224,Uninterrupted_Baseline,310
1790423046.812186133,Uninterrupted_Baseline,311
1790423046.892155673,Uninterrupted_Baseline,313
1790423046.966915045,Uninterrupted_Baseline,313
1790423047.026026363,Uninterrupted_Baseline,314
1790423047.095913803,Uninterrupted_Baseline,315
1790423047.175264147,Uninterrupted_Baseline,316
1790423047.253880784,Uninterrupted_Baseline,317
1790423047.321907734,Uninterrupted_Baseline,318
1790423047.402506470,Uninterrupted_Baseline,319
1790423047.486181849,Uninterrupted_Baseline,320
1790423047.568489312,Uninterrupted_Baseline,321
1790423047.652560730,Uninterrupted_Baseline,322
1790423047.740494228,Uninterrupted_Baseline,323
1790423047.805968375,Uninterrupted_Baseline,324
1790423047.873079821,Uninterrupted_Baseline,324
1790423047.953765224,Uninterrupted_Baseline,325
1790423048.012437355,Uninterrupted_Baseline,326
1790423048.073919992,Uninterrupted_Baseline,327
1790423048.138277890,Uninterrupted_Baseline,328
1790423048.221817633,Uninterrupted_Baseline,329
1790423048.282901584,Uninterrupted_Baseline,330
1790423058.962728075,Phase1_Baseline,10
1790423059.039826552,Phase1_Baseline,18
1790423059.126098946,Phase1_Baseline,34
1790423059.188347052,Phase1_Baseline,58
1790423059.261721520,Phase1_Baseline,72
1790423059.330028256,Phase1_Baseline,142
1790423059.415273488,Phase1_Baseline,310
1790423059.504848881,Phase1_Baseline,656
1790423059.588075152,Phase1_Baseline,976
1790423059.661465978,Phase1_Baseline,1025
1790423059.744067117,Phase1_Baseline,866
1790423059.814959435,Phase1_Baseline,681
1790423059.896529096,Phase1_Baseline,563
1790423059.981062655,Phase1_Baseline,563
1790423060.064293620,Phase1_Baseline,563
1790423060.153555187,Phase1_Baseline,563
1790423060.241950688,Phase1_Baseline,442
1790423060.315395369,Phase1_Baseline,300
1790423060.383811912,Phase1_Baseline,281
1790423060.467547472,Phase1_Baseline,160
1790423060.540131580,Phase1_Baseline,140
1790423060.600799938,Phase1_Baseline,141
1790423060.682975274,Phase1_Baseline,142
1790423060.772072847,Phase1_Baseline,143
1790423060.859042098,Phase1_Baseline,144
1790423060.936929636,Phase1_Baseline,145
1790423061.007751840,Phase1_Baseline,146
1790423061.087769840,Phase1_Baseline,147
1790423061.169451071,Phase1_Baseline,148
1790423061.240987779,Phase1_Baseline,149
1790423061.309358217,Phase1_Baseline,150
1790423061.388864952,Phase1_Baseline,151
1790423061.466369258,Phase1_Baseline,152
1790423061.549525562,Phase1_Baseline,153
1790423061.630163065,Phase1_Baseline,154
1790423061.695711099,Phase1_Baseline,155
1790423061.780996530,Phase1_Baseline,156
1790423061.863179219,Phase1_Baseline,157
1790423061.929673074,Phase1_Baseline,158
1790423061.990304351,Phase1_Baseline,159
1790423062.062582287,Phase1_Baseline,160
1790423062.146771459,Phase1_Baseline,161
1790423062.224369173,Phase1_Baseline,162
1790423062.299965911,Phase1_Baseline,163
1790423062.376995420,Phase1_Baseline,163
1790423062.441474021,Phase1_Baseline,164
1790423062.523179496,Phase1_Baseline,165
1790423062.612967420,Phase1_Baseline,167
1790423062.674827697,Phase1_Baseline,167
1790423062.753525327,Phase1_Baseline,168
1790423062.825209720,Phase1_Baseline,169
1790423062.895234668,Phase1_Baseline,170
1790423062.981140170,Phase1_Baseline,171
1790423063.056525837,Phase1_Baseline,172
1790423063.136941139,Phase1_Baseline,173
1790423063.221522443,Phase1_Baseline,174
1790423063.309446805,Phase1_Baseline,175
1790423063.396233437,Phase1_Baseline,176
1790423063.479951605,Phase1_Baseline,178
1790423063.553872066,Phase1_Baseline,179
1790423063.635939557,Phase1_Baseline,180
1790423063.715902803,Phase1_Baseline,181
1790423063.800975394,Phase1_Baseline,182
1790423063.881041177,Phase1_Baseline,183
1790423063.959290568,Phase1_Baseline,184
1790423064.028217339,Phase1_Baseline,185
1790423064.116296899,Phase1_Baseline,186
1790423064.196410212,Phase1_Baseline,187
1790423064.269766429,Phase1_Baseline,188
1790423064.353739845,Phase1_Baseline,189
1790423064.431965736,Phase1_Baseline,190
1790423064.515977629,Phase1_Baseline,191
1790423064.601949422,Phase1_Baseline,192
1790423064.690232055,Phase1_Baseline,193
1790423064.773200132,Phase1_Baseline,194
1790423064.845025666,Phase1_Baseline,195
1790423064.920151885,Phase1_Baseline,196
1790423065.002361557,Phase1_Baseline,197
1790423065.087059150,Phase1_Baseline,198
1790423065.166455203,Phase1_Baseline,199
1790423065.250118541,Phase1_Baseline,200
1790423065.337792913,Phase1_Baseline,201
1790423065.404902653,Phase1_Baseline,202
1790423065.487776540,Phase1_Baseline,203
1790423065.561286640,Phase1_Baseline,204
1790423065.636895891,Phase1_Baseline,205
1790423065.709217190,Phase1_Baseline,206
1790423065.792009470,Phase1_Baseline,207
1790423065.869953877,Phase1_Baseline,208
1790423065.959527500,Phase1_Baseline,209
1790423066.035202568,Phase1_Baseline,210
1790423066.119334472,Phase1_Baseline,211
1790423066.202208334,Phase1_Baseline,212
1790423066.286072802,Phase1_Baseline,213
1790423066.363024605,Phase1_Baseline,214
1790423066.447144695,Phase1_Baseline,215
1790423066.525551532,Phase1_Baseline,216
1790423066.607617824,Phase1_Baseline,217
1790423066.693482807,Phase1_Baseline,218
1790423066.777057580,Phase1_Baseline,219
1790423066.849221602,Phase1_Baseline,220
1790423066.923620549,Phase1_Baseline,221
1790423066.986723871,Phase1_Baseline,222
1790423067.077371925,Phase1_Baseline,223
1790423067.131862555,Phase1_Baseline,224
1790423067.203630445,Phase1_Baseline,225
1790423067.279529670,Phase1_Baseline,226
1790423067.356969859,Phase1_Baseline,227
1790423067.430509692,Phase1_Baseline,227
1790423067.513998480,Phase1_Baseline,228
1790423067.591255633,Phase1_Baseline,229
1790423067.674725146,Phase1_Baseline,231
1790423067.753610662,Phase1_Baseline,232
1790423067.835147888,Phase1_Baseline,233
1790423067.915721815,Phase1_Baseline,233
1790423067.992104156,Phase1_Baseline,235
1790423068.067847938,Phase1_Baseline,235
1790423068.119994876,Phase1_Baseline,236
1790423068.202143372,Phase1_Baseline,237
1790423068.268532869,Phase1_Baseline,238
1790423068.325503090,Phase1_Baseline,239
1790423068.399868457,Phase1_Baseline,240
1790423068.452736244,Phase1_Baseline,240
1790423068.503634853,Phase1_Baseline,241
1790423068.567113268,Phase1_Baseline,242
1790423068.635005751,Phase1_Baseline,243
1790423068.703738258,Phase1_Baseline,244
1790423068.772375741,Phase1_Baseline,244
1790423068.862473539,Phase1_Baseline,245
1790423068.931095578,Phase1_Baseline,246
1790423069.014046604,Phase1_Baseline,247
1790423069.100819694,Phase1_Baseline,248
1790423069.162173915,Phase1_Baseline,249
1790423069.219117761,Phase1_Baseline,250
1790423069.288777371,Phase1_Baseline,251
1790423069.369125952,Phase1_Baseline,252
1790423069.448784496,Phase1_Baseline,253
1790423069.528777538,Phase1_Baseline,254
1790423069.607935083,Phase1_Baseline,255
1790423069.684936129,Phase1_Baseline,256
1790423069.758586831,Phase1_Baseline,257
1790423069.837815885,Phase1_Baseline,258
1790423069.918459809,Phase1_Baseline,259
1790423069.995498279,Phase1_Baseline,260
1790423070.076974508,Phase1_Baseline,261
1790423070.156400914,Phase1_Baseline,262
1790423070.237222328,Phase1_Baseline,263
1790423070.318234975,Phase1_Baseline,264
1790423070.403678947,Phase1_Baseline,265
1790423070.486906013,Phase1_Baseline,266
1790423070.563119605,Phase1_Baseline,267
1790423070.631478730,Phase1_Baseline,268
1790423070.709851962,Phase1_Baseline,269
1790423070.792053554,Phase1_Baseline,270
1790423070.872517967,Phase1_Baseline,271
1790423070.954316868,Phase1_Baseline,272
1790423071.035765564,Phase1_Baseline,273
1790423071.116112108,Phase1_Baseline,274
1790423071.196795577,Phase1_Baseline,275
1790423071.283320118,Phase1_Baseline,276
1790423071.372134830,Phase1_Baseline,277
1790423071.454740596,Phase1_Baseline,278
1790423071.538417386,Phase1_Baseline,279
1790423071.623415399,Phase1_Baseline,280
1790423071.705850098,Phase1_Baseline,281
1790423071.790691371,Phase1_Baseline,282
1790423071.871347728,Phase1_Baseline,283
1790423071.955518925,Phase1_Baseline,284
1790423072.041723209,Phase1_Baseline,285
1790423072.124466256,Phase1_Baseline,286
1790423072.206405979,Phase1_Baseline,287
1790423072.292017522,Phase1_Baseline,289
1790423072.369641738,Phase1_Baseline,289
1790423072.448939869,Phase1_Baseline,291
1790423072.530073607,Phase1_Baseline,291
1790423072.603477822,Phase1_Baseline,292
1790423072.687699518,Phase1_Baseline,293
1790423072.754920918,Phase1_Baseline,294
1790423072.835185003,Phase1_Baseline,295
1790423072.917360350,Phase1_Baseline,296
1790423072.993383115,Phase1_Baseline,297
1790423073.075714618,Phase1_Baseline,298
1790423073.155917022,Phase1_Baseline,299
1790423073.229964790,Phase1_Baseline,300
1790423073.309354471,Phase1_Baseline,301
1790423073.388781534,Phase1_Baseline,302
1790423073.467108719,Phase1_Baseline,303
1790423073.545444289,Phase1_Baseline,304
1790423073.607892158,Phase1_Baseline,305
1790423073.686317887,Phase1_Baseline,306
1790423073.763796216,Phase1_Baseline,307
1790423073.844746512,Phase1_Baseline,308
1790423073.923013544,Phase1_Baseline,309
1790423074.005050038,Phase1_Baseline,310
1790423074.084523044,Phase1_Baseline,311
1790423074.157997061,Phase1_Baseline,312
1790423074.241285440,Phase1_Baseline,313
1790423074.319605357,Phase1_Baseline,314
1790423074.407119347,Phase1_Baseline,315
1790423074.484152892,Phase1_Baseline,316
1790423074.562987927,Phase1_Baseline,317
1790423074.641196248,Phase1_Baseline,318
1790423074.723332090,Phase1_Baseline,319
1790423074.805416051,Phase1_Baseline,320
1790423074.875267495,Phase1_Baseline,320
1790423074.939967359,Phase1_Baseline,321
1790423075.020963594,Phase1_Baseline,322
1790423075.089575411,Phase1_Baseline,323
1790423075.140598141,Phase1_Baseline,324
1790423075.204169108,Phase1_Baseline,324
1790423075.285729210,Phase1_Baseline,325
1790423075.364874070,Phase1_Baseline,326
1790423075.432679077,Phase1_Baseline,327
1790423075.487113862,Phase1_Baseline,328
1790423075.558306717,Phase1_Baseline,329
1790423075.617468584,Phase1_Baseline,330
1790423075.679388877,Phase1_Baseline,330
1790423075.748303208,Phase1_Baseline,331
1790423075.837068176,Phase1_Baseline,332
1790423075.908165212,Phase1_Baseline,333
1790423075.982231185,Phase1_Baseline,334
1790423076.050454876,Phase1_Baseline,335
1790423076.121604374,Phase1_Baseline,336
1790423076.195876347,Phase1_Baseline,337
1790423076.279289428,Phase1_Baseline,338
1790423076.365140935,Phase1_Baseline,339
1790423076.449795805,Phase1_Baseline,340
1790423076.532953020,Phase1_Baseline,341
1790423076.617222866,Phase1_Baseline,342
1790423076.700913505,Phase1_Baseline,343
1790423076.787935356,Phase1_Baseline,344
1790423076.861114308,Phase1_Baseline,345
1790423076.941080819,Phase1_Baseline,346
1790423077.010996334,Phase1_Baseline,346
1790423077.076137511,Phase1_Baseline,347
1790423077.144832334,Phase1_Baseline,348
1790423077.215742195,Phase1_Baseline,349
1790423077.289725747,Phase1_Baseline,350
1790423077.366201742,Phase1_Baseline,351
1790423077.447254914,Phase1_Baseline,352
1790423077.532900251,Phase1_Baseline,353
1790423077.613987934,Phase1_Baseline,354
1790423077.681868655,Phase1_Baseline,354
1790423077.766211136,Phase1_Baseline,355
1790423077.849921047,Phase1_Baseline,356
1790423077.934030287,Phase1_Baseline,265
1790423078.018599061,Phase1_Baseline,178
1790423078.100992367,Phase1_Baseline,179
1790423078.177777406,Phase1_Baseline,180
1790423078.256226084,Phase1_Baseline,181
1790423078.316979167,Phase1_Baseline,182
1790423078.400393911,Phase1_Baseline,183
1790423078.451370759,Phase1_Baseline,183
1790423078.507944966,Phase1_Baseline,184
1790423078.573490789,Phase1_Baseline,185
1790423078.630315845,Phase1_Baseline,186
1790423078.706254291,Phase1_Baseline,187
1790423078.783778716,Phase1_Baseline,188
1790423078.863603535,Phase1_Baseline,189
1790423078.942365342,Phase1_Baseline,190
1790423079.005131007,Phase1_Baseline,191
1790423079.067620967,Phase1_Baseline,191
1790423079.128229424,Phase1_Baseline,192
1790423079.204304099,Phase1_Baseline,193
1790423079.275116015,Phase1_Baseline,194
1790423079.353342962,Phase1_Baseline,195
1790423079.431179385,Phase1_Baseline,196
1790423079.503240590,Phase1_Baseline,197
1790423079.573442293,Phase1_Baseline,198
1790423079.654327167,Phase1_Baseline,199
1790423079.732350342,Phase1_Baseline,200
1790423079.807711301,Phase1_Baseline,201
1790423079.890873462,Phase1_Baseline,202
1790423079.973345857,Phase1_Baseline,203
1790423080.056196903,Phase1_Baseline,204
1790423080.128391740,Phase1_Baseline,205
1790423080.203742783,Phase1_Baseline,206
1790423080.283029821,Phase1_Baseline,207
1790423080.366119247,Phase1_Baseline,208
1790423080.430716539,Phase1_Baseline,209
1790423080.507990537,Phase1_Baseline,210
1790423080.561822430,Phase1_Baseline,210
1790423080.638272536,Phase1_Baseline,211
1790423080.719690580,Phase1_Baseline,212
1790423080.805393140,Phase1_Baseline,213
1790423080.892573436,Phase1_Baseline,215
1790423080.971197371,Phase1_Baseline,216
1790423081.054719931,Phase1_Baseline,217
1790423081.131112677,Phase1_Baseline,218
1790423081.209486798,Phase1_Baseline,219
1790423081.287342491,Phase1_Baseline,220
1790423081.348587367,Phase1_Baseline,220
1790423081.414342345,Phase1_Baseline,221
1790423081.493408873,Phase1_Baseline,222
1790423081.576984202,Phase1_Baseline,223
1790423081.659447108,Phase1_Baseline,224
1790423081.740808697,Phase1_Baseline,225
1790423081.814309845,Phase1_Baseline,226
1790423081.897045277,Phase1_Baseline,227
1790423081.973066654,Phase1_Baseline,228
1790423082.053064501,Phase1_Baseline,229
1790423082.134976205,Phase1_Baseline,230
1790423082.219106512,Phase1_Baseline,231
1790423082.303256724,Phase1_Baseline,232
1790423082.384033652,Phase1_Baseline,233
1790423082.456852852,Phase1_Baseline,234
1790423082.538778576,Phase1_Baseline,235
1790423082.620433817,Phase1_Baseline,236
1790423082.699458947,Phase1_Baseline,237
1790423082.780103538,Phase1_Baseline,238
1790423082.847860829,Phase1_Baseline,239
1790423082.938209011,Phase1_Baseline,240
1790423083.016312106,Phase1_Baseline,241
1790423083.098399657,Phase1_Baseline,242
1790423084.496051388,Phase2_Migrated,10
1790423084.588779937,Phase2_Migrated,12
1790423084.680203738,Phase2_Migrated,24
1790423084.770017211,Phase2_Migrated,48
1790423084.866019822,Phase2_Migrated,96
1790423084.955317919,Phase2_Migrated,188
1790423085.046820546,Phase2_Migrated,418
1790423085.136699320,Phase2_Migrated,778
1790423085.221728420,Phase2_Migrated,1101
1790423085.313261632,Phase2_Migrated,917
1790423085.405897480,Phase2_Migrated,707
1790423085.498113617,Phase2_Migrated,562
1790423085.589368168,Phase2_Migrated,562
1790423085.679357491,Phase2_Migrated,562
1790423085.772624214,Phase2_Migrated,516
1790423085.862852090,Phase2_Migrated,326
1790423085.953408587,Phase2_Migrated,281
1790423086.043696654,Phase2_Migrated,179
1790423086.126757028,Phase2_Migrated,140
1790423086.208894824,Phase2_Migrated,141
1790423086.300811946,Phase2_Migrated,143
1790423086.394707760,Phase2_Migrated,144
1790423086.484145222,Phase2_Migrated,145
1790423086.575527375,Phase2_Migrated,146
1790423086.673050755,Phase2_Migrated,147
1790423086.762052135,Phase2_Migrated,148
1790423086.849922133,Phase2_Migrated,150
1790423086.939823312,Phase2_Migrated,151
1790423087.035406789,Phase2_Migrated,152
1790423087.129420110,Phase2_Migrated,153
1790423087.220920949,Phase2_Migrated,154
1790423087.310257654,Phase2_Migrated,155
1790423087.406467418,Phase2_Migrated,157
1790423087.502030362,Phase2_Migrated,158
1790423087.596513692,Phase2_Migrated,159
1790423087.686979649,Phase2_Migrated,160
1790423087.780035895,Phase2_Migrated,161
1790423087.876643656,Phase2_Migrated,163
1790423087.939916641,Phase2_Migrated,163
1790423088.016376391,Phase2_Migrated,164
1790423088.071922554,Phase2_Migrated,165
1790423088.163495906,Phase2_Migrated,166
1790423088.246499991,Phase2_Migrated,167
1790423088.308970884,Phase2_Migrated,168
1790423088.399077228,Phase2_Migrated,169
1790423088.453053861,Phase2_Migrated,170
1790423088.510760360,Phase2_Migrated,171
1790423088.581569285,Phase2_Migrated,171
1790423088.662839375,Phase2_Migrated,172
1790423088.752729865,Phase2_Migrated,174
1790423088.847190373,Phase2_Migrated,175
1790423088.939325231,Phase2_Migrated,176
1790423089.032506465,Phase2_Migrated,177
1790423089.100388577,Phase2_Migrated,178
1790423089.177083729,Phase2_Migrated,179
1790423089.249933576,Phase2_Migrated,180
1790423089.332009912,Phase2_Migrated,181
1790423089.414275685,Phase2_Migrated,182
1790423089.511397578,Phase2_Migrated,183
1790423089.605471334,Phase2_Migrated,184
1790423089.699711210,Phase2_Migrated,186
1790423089.794042219,Phase2_Migrated,187
1790423089.886754480,Phase2_Migrated,188
1790423089.982210519,Phase2_Migrated,189
1790423090.079222881,Phase2_Migrated,190
1790423090.171095142,Phase2_Migrated,192
1790423090.262038912,Phase2_Migrated,193
1790423090.324176889,Phase2_Migrated,193
1790423090.385170000,Phase2_Migrated,194
1790423090.475106342,Phase2_Migrated,195
1790423090.571916867,Phase2_Migrated,197
1790423090.649080189,Phase2_Migrated,198
1790423090.742464500,Phase2_Migrated,199
1790423090.808216469,Phase2_Migrated,200
1790423090.900432080,Phase2_Migrated,201
1790423090.992762524,Phase2_Migrated,202
1790423091.086322209,Phase2_Migrated,203
1790423091.178053513,Phase2_Migrated,204
1790423091.267993942,Phase2_Migrated,205
1790423091.336367703,Phase2_Migrated,206
1790423091.428876980,Phase2_Migrated,207
1790423091.521108109,Phase2_Migrated,209
1790423091.614952877,Phase2_Migrated,210
1790423091.709914605,Phase2_Migrated,211
1790423091.794956369,Phase2_Migrated,212
1790423091.889882616,Phase2_Migrated,213
1790423091.985191744,Phase2_Migrated,215
1790423092.080094567,Phase2_Migrated,216
1790423092.175969819,Phase2_Migrated,217
1790423092.264114970,Phase2_Migrated,218
1790423092.353992952,Phase2_Migrated,219
1790423092.447332891,Phase2_Migrated,220
1790423092.534128021,Phase2_Migrated,222
1790423092.629345007,Phase2_Migrated,223
1790423092.722086246,Phase2_Migrated,224
1790423092.807257218,Phase2_Migrated,225
1790423092.879402371,Phase2_Migrated,226
1790423092.975760376,Phase2_Migrated,227
1790423093.068519169,Phase2_Migrated,228
1790423093.148797221,Phase2_Migrated,229
1790423093.241968447,Phase2_Migrated,230
1790423093.340967108,Phase2_Migrated,232
1790423093.436125659,Phase2_Migrated,233
1790423093.525714067,Phase2_Migrated,234
1790423093.619062148,Phase2_Migrated,235
1790423093.722269911,Phase2_Migrated,237
1790423093.822437058,Phase2_Migrated,238
1790423093.915909033,Phase2_Migrated,239
1790423094.011423158,Phase2_Migrated,240
1790423094.105592683,Phase2_Migrated,241
1790423094.197514801,Phase2_Migrated,242
1790423094.287984311,Phase2_Migrated,244
1790423094.387484186,Phase2_Migrated,245
1790423094.477901124,Phase2_Migrated,246
1790423094.569481422,Phase2_Migrated,247
1790423094.664861493,Phase2_Migrated,248
1790423094.765699931,Phase2_Migrated,250
1790423094.847886860,Phase2_Migrated,251
1790423094.923958760,Phase2_Migrated,252
1790423094.990267591,Phase2_Migrated,253
1790423095.068200018,Phase2_Migrated,253
1790423095.136423964,Phase2_Migrated,254
1790423095.221679765,Phase2_Migrated,255
1790423095.316966276,Phase2_Migrated,257
1790423095.401012744,Phase2_Migrated,258
1790423095.491003744,Phase2_Migrated,259
1790423095.585437542,Phase2_Migrated,260
1790423095.674207535,Phase2_Migrated,261
1790423095.770477000,Phase2_Migrated,262
1790423095.863468266,Phase2_Migrated,263
1790423095.955438859,Phase2_Migrated,265
1790423096.053427664,Phase2_Migrated,266
1790423096.143701754,Phase2_Migrated,267
1790423096.233853114,Phase2_Migrated,268
1790423096.319417533,Phase2_Migrated,269
1790423096.395515150,Phase2_Migrated,270
1790423096.489633916,Phase2_Migrated,271
1790423096.580887076,Phase2_Migrated,273
1790423096.674503061,Phase2_Migrated,274
1790423096.760703608,Phase2_Migrated,275
1790423096.853774203,Phase2_Migrated,276
1790423096.951494068,Phase2_Migrated,277
1790423097.043626465,Phase2_Migrated,278
1790423097.139161286,Phase2_Migrated,279
1790423097.224955155,Phase2_Migrated,281
1790423097.297724188,Phase2_Migrated,281
1790423097.391474636,Phase2_Migrated,283
1790423097.488880666,Phase2_Migrated,284
1790423097.582143990,Phase2_Migrated,285
1790423097.674826252,Phase2_Migrated,286
1790423097.770261485,Phase2_Migrated,287
1790423097.868412379,Phase2_Migrated,288
1790423097.960956580,Phase2_Migrated,290
1790423098.054277480,Phase2_Migrated,291
1790423098.133307218,Phase2_Migrated,292
1790423098.221346644,Phase2_Migrated,293
1790423098.304786392,Phase2_Migrated,294
1790423098.396214081,Phase2_Migrated,295
1790423098.456445483,Phase2_Migrated,296
1790423098.514376067,Phase2_Migrated,297
1790423098.580910207,Phase2_Migrated,297
1790423098.662644254,Phase2_Migrated,298
1790423098.753344815,Phase2_Migrated,300
1790423098.846389530,Phase2_Migrated,301
1790423098.940367779,Phase2_Migrated,302
1790423099.037143749,Phase2_Migrated,303
1790423099.127601225,Phase2_Migrated,304
1790423099.198642125,Phase2_Migrated,305
1790423099.268164496,Phase2_Migrated,306
1790423099.361154278,Phase2_Migrated,307
1790423099.456116682,Phase2_Migrated,308
1790423099.555010812,Phase2_Migrated,310
1790423099.653436757,Phase2_Migrated,311
1790423099.753476517,Phase2_Migrated,312
1790423099.844994745,Phase2_Migrated,313
1790423099.917360805,Phase2_Migrated,314
1790423099.979004585,Phase2_Migrated,315
1790423100.046485751,Phase2_Migrated,316
1790423100.123405277,Phase2_Migrated,317
1790423100.181952063,Phase2_Migrated,317
1790423100.253032581,Phase2_Migrated,318
1790423100.323898517,Phase2_Migrated,319
1790423100.408003253,Phase2_Migrated,320
1790423100.467892000,Phase2_Migrated,321
1790423100.547626787,Phase2_Migrated,322
1790423100.626033245,Phase2_Migrated,323
1790423100.699962542,Phase2_Migrated,324
1790423100.790924584,Phase2_Migrated,325
1790423100.875724754,Phase2_Migrated,326
1790423100.967703149,Phase2_Migrated,327
1790423101.061086238,Phase2_Migrated,328
1790423101.157142037,Phase2_Migrated,329
1790423101.249622152,Phase2_Migrated,330
1790423101.319513965,Phase2_Migrated,331
1790423101.412409830,Phase2_Migrated,332
1790423101.496964719,Phase2_Migrated,333
1790423101.588756604,Phase2_Migrated,335
1790423101.681450172,Phase2_Migrated,336
1790423101.781432711,Phase2_Migrated,337
1790423101.881201627,Phase2_Migrated,338
1790423101.979599138,Phase2_Migrated,339
1790423102.057122381,Phase2_Migrated,340
1790423102.123790620,Phase2_Migrated,341
1790423102.207818271,Phase2_Migrated,170
1790423102.297045163,Phase2_Migrated,170
1790423102.380907261,Phase2_Migrated,112
1790423102.477125662,Phase2_Migrated,85
1790423102.563242199,Phase2_Migrated,86
1790423102.651419797,Phase2_Migrated,87
1790423102.744513323,Phase2_Migrated,88
1790423102.836320678,Phase2_Migrated,90
1790423102.924874161,Phase2_Migrated,91
1790423103.014462494,Phase2_Migrated,92
1790423103.105360237,Phase2_Migrated,93
1790423103.185135551,Phase2_Migrated,94
1790423103.273575003,Phase2_Migrated,95
1790423103.359077930,Phase2_Migrated,96
1790423103.454773605,Phase2_Migrated,97
1790423103.545717748,Phase2_Migrated,99
1790423103.638186695,Phase2_Migrated,100
1790423103.731329392,Phase2_Migrated,101
1790423103.824335114,Phase2_Migrated,102
1790423103.917521032,Phase2_Migrated,103
1790423104.016143745,Phase2_Migrated,105
1790423104.108434818,Phase2_Migrated,106
1790423104.200421751,Phase2_Migrated,107
1790423104.294022212,Phase2_Migrated,108
1790423104.384078573,Phase2_Migrated,109
1790423104.476084935,Phase2_Migrated,110
1790423104.562640491,Phase2_Migrated,111
1790423104.653617570,Phase2_Migrated,113
1790423104.741822553,Phase2_Migrated,114
1790423104.827838191,Phase2_Migrated,115
1790423104.892028981,Phase2_Migrated,116
1790423104.966837284,Phase2_Migrated,117
1790423105.070141184,Phase2_Migrated,118
1790423105.143414851,Phase2_Migrated,119
1790423105.237522006,Phase2_Migrated,120
1790423105.302823810,Phase2_Migrated,121
1790423105.369958212,Phase2_Migrated,122
1790423105.464157769,Phase2_Migrated,123
1790423105.547682320,Phase2_Migrated,124
1790423105.656693801,Phase2_Migrated,125
1790423105.752239835,Phase2_Migrated,126
1790423105.851731592,Phase2_Migrated,128
1790423105.933345320,Phase2_Migrated,129
1790423106.027738094,Phase2_Migrated,130
1790423106.123362259,Phase2_Migrated,131
1790423106.215628824,Phase2_Migrated,132
1790423106.298103583,Phase2_Migrated,133
1790423106.370873955,Phase2_Migrated,134
1790423106.461992680,Phase2_Migrated,135
1790423106.553874412,Phase2_Migrated,136
1790423106.640965859,Phase2_Migrated,138
1790423106.706793342,Phase2_Migrated,138
1790423106.782049428,Phase2_Migrated,139
1790423106.874196551,Phase2_Migrated,141
1790423106.965383446,Phase2_Migrated,142
1790423107.059180923,Phase2_Migrated,143
1790423107.159502232,Phase2_Migrated,144
1790423107.250507546,Phase2_Migrated,145
1790423107.333876130,Phase2_Migrated,146
1790423107.424379642,Phase2_Migrated,148
1790423107.516169738,Phase2_Migrated,149
1790423107.608221065,Phase2_Migrated,150
1790423107.703180375,Phase2_Migrated,151
1790423107.800081131,Phase2_Migrated,152
1790423107.887828955,Phase2_Migrated,153
1790423107.968216807,Phase2_Migrated,154
1790423108.046187472,Phase2_Migrated,155
1790423108.124943258,Phase2_Migrated,156
1790423108.217020850,Phase2_Migrated,158
1790423108.275173494,Phase2_Migrated,158
1790423108.350072331,Phase2_Migrated,159
1790423108.434929966,Phase2_Migrated,160
1790423108.492316870,Phase2_Migrated,161
1790423108.574583399,Phase2_Migrated,162
1790423108.641980104,Phase2_Migrated,163
1790423108.716235750,Phase2_Migrated,164
1790423108.793851075,Phase2_Migrated,165
1790423108.884705937,Phase2_Migrated,166
1790423108.979342368,Phase2_Migrated,167
1790423109.058874222,Phase2_Migrated,168
1790423109.126415142,Phase2_Migrated,169
1790423109.204805835,Phase2_Migrated,170
1790423109.277415794,Phase2_Migrated,171
1790423109.363439565,Phase2_Migrated,172
1790423109.444802498,Phase2_Migrated,173
1790423109.522474852,Phase2_Migrated,174
1790423109.615389367,Phase2_Migrated,175
1790423109.708813551,Phase2_Migrated,176
1790423109.785475407,Phase2_Migrated,177
1790423109.865707043,Phase2_Migrated,178
1790423109.958879998,Phase2_Migrated,180
1790423110.044122389,Phase2_Migrated,181
1790423110.129640833,Phase2_Migrated,182
1790423110.218770655,Phase2_Migrated,183
1790423110.313191209,Phase2_Migrated,184
1790423110.405192545,Phase2_Migrated,185
1790423110.496748632,Phase2_Migrated,186
1790423110.564548941,Phase2_Migrated,187
1790423110.646181513,Phase2_Migrated,188
1790423110.737134676,Phase2_Migrated,190
1790423110.829906465,Phase2_Migrated,191
1790423110.915807648,Phase2_Migrated,192
1790423111.006547949,Phase2_Migrated,193
1790423111.096923516,Phase2_Migrated,194
1790423111.190582135,Phase2_Migrated,195
1790423111.273866266,Phase2_Migrated,196
1790423111.366496060,Phase2_Migrated,197
1790423111.440004590,Phase2_Migrated,198
1790423111.511376139,Phase2_Migrated,199
1790423111.608746975,Phase2_Migrated,201
1790423111.690121599,Phase2_Migrated,202
1790423113.065761347,Uninterrupted_Baseline,1
1790423113.145596378,Uninterrupted_Baseline,1
1790423113.208794110,Uninterrupted_Baseline,1
1790423113.292762039,Uninterrupted_Baseline,1
1790423113.374860966,Uninterrupted_Baseline,1
1790423113.459794274,Uninterrupted_Baseline,1
1790423113.542002261,Uninterrupted_Baseline,1
1790423113.631309970,Uninterrupted_Baseline,1
1790423113.712511650,Uninterrupted_Baseline,1
1790423113.791772055,Uninterrupted_Baseline,1
1790423113.870186763,Uninterrupted_Baseline,1
1790423113.952801991,Uninterrupted_Baseline,1
1790423114.039996565,Uninterrupted_Baseline,1
1790423114.124440619,Uninterrupted_Baseline,1
1790423114.207800778,Uninterrupted_Baseline,1
1790423114.296063234,Uninterrupted_Baseline,1
1790423114.379415875,Uninterrupted_Baseline,1
1790423114.379415875,Uninterrupted_Baseline,10
1790423114.460244485,Uninterrupted_Baseline,1
1790423114.460244485,Uninterrupted_Baseline,20
1790423114.550278190,Uninterrupted_Baseline,1
1790423114.550278190,Uninterrupted_Baseline,38
1790423114.631718117,Uninterrupted_Baseline,1
1790423114.631718117,Uninterrupted_Baseline,70
1790423114.692888696,Uninterrupted_Baseline,1
1790423114.692888696,Uninterrupted_Baseline,100
1790423114.764554265,Uninterrupted_Baseline,1
1790423114.764554265,Uninterrupted_Baseline,200
1790423114.846231312,Uninterrupted_Baseline,1
1790423114.846231312,Uninterrupted_Baseline,400
1790423114.910162827,Uninterrupted_Baseline,1
1790423114.910162827,Uninterrupted_Baseline,637
1790423114.986465326,Uninterrupted_Baseline,1
1790423114.986465326,Uninterrupted_Baseline,961
1790423115.068353747,Uninterrupted_Baseline,1
1790423115.068353747,Uninterrupted_Baseline,1002
1790423115.153590708,Uninterrupted_Baseline,1
1790423115.153590708,Uninterrupted_Baseline,821
1790423115.239325042,Uninterrupted_Baseline,1
1790423115.239325042,Uninterrupted_Baseline,627
1790423115.327248798,Uninterrupted_Baseline,1
1790423115.327248798,Uninterrupted_Baseline,555
1790423115.415287079,Uninterrupted_Baseline,1
1790423115.415287079,Uninterrupted_Baseline,555
1790423115.500590242,Uninterrupted_Baseline,1
1790423115.500590242,Uninterrupted_Baseline,555
1790423115.587099228,Uninterrupted_Baseline,1
1790423115.587099228,Uninterrupted_Baseline,302
1790423115.670238405,Uninterrupted_Baseline,1
1790423115.670238405,Uninterrupted_Baseline,277
1790423115.751975530,Uninterrupted_Baseline,1
1790423115.751975530,Uninterrupted_Baseline,201
1790423115.835317394,Uninterrupted_Baseline,1
1790423115.835317394,Uninterrupted_Baseline,138
1790423115.920143586,Uninterrupted_Baseline,1
1790423115.920143586,Uninterrupted_Baseline,139
1790423116.006167030,Uninterrupted_Baseline,1
1790423116.006167030,Uninterrupted_Baseline,140
1790423116.091733628,Uninterrupted_Baseline,1
1790423116.091733628,Uninterrupted_Baseline,141
1790423116.176393363,Uninterrupted_Baseline,1
1790423116.176393363,Uninterrupted_Baseline,142
1790423116.260609595,Uninterrupted_Baseline,1
1790423116.260609595,Uninterrupted_Baseline,143
1790423116.339157196,Uninterrupted_Baseline,1
1790423116.339157196,Uninterrupted_Baseline,144
1790423116.422053289,Uninterrupted_Baseline,1
1790423116.422053289,Uninterrupted_Baseline,146
1790423116.503019189,Uninterrupted_Baseline,1
1790423116.503019189,Uninterrupted_Baseline,147
1790423116.586000452,Uninterrupted_Baseline,1
1790423116.586000452,Uninterrupted_Baseline,148
1790423116.667462944,Uninterrupted_Baseline,1
1790423116.667462944,Uninterrupted_Baseline,149
1790423116.750808878,Uninterrupted_Baseline,1
1790423116.750808878,Uninterrupted_Baseline,150
1790423116.832771255,Uninterrupted_Baseline,1
1790423116.832771255,Uninterrupted_Baseline,151
1790423116.915005864,Uninterrupted_Baseline,1
1790423116.915005864,Uninterrupted_Baseline,152
1790423116.997221137,Uninterrupted_Baseline,1
1790423116.997221137,Uninterrupted_Baseline,153
1790423117.078467009,Uninterrupted_Baseline,1
1790423117.078467009,Uninterrupted_Baseline,154
1790423117.162999266,Uninterrupted_Baseline,1
1790423117.162999266,Uninterrupted_Baseline,155
1790423117.226187141,Uninterrupted_Baseline,1
1790423117.226187141,Uninterrupted_Baseline,156
1790423117.304007449,Uninterrupted_Baseline,1
1790423117.304007449,Uninterrupted_Baseline,157
1790423117.390498076,Uninterrupted_Baseline,1
1790423117.390498076,Uninterrupted_Baseline,158
1790423117.474478837,Uninterrupted_Baseline,1
1790423117.474478837,Uninterrupted_Baseline,159
1790423117.561481789,Uninterrupted_Baseline,1
1790423117.561481789,Uninterrupted_Baseline,160
1790423117.638555355,Uninterrupted_Baseline,1
1790423117.638555355,Uninterrupted_Baseline,161
1790423117.712350892,Uninterrupted_Baseline,1
1790423117.712350892,Uninterrupted_Baseline,162
1790423117.788944779,Uninterrupted_Baseline,1
1790423117.788944779,Uninterrupted_Baseline,163
1790423117.873047103,Uninterrupted_Baseline,1
1790423117.873047103,Uninterrupted_Baseline,164
1790423117.956310304,Uninterrupted_Baseline,1
1790423117.956310304,Uninterrupted_Baseline,165
1790423118.038671575,Uninterrupted_Baseline,1
1790423118.038671575,Uninterrupted_Baseline,166
1790423118.128832576,Uninterrupted_Baseline,1
1790423118.128832576,Uninterrupted_Baseline,167
1790423118.196813037,Uninterrupted_Baseline,1
1790423118.196813037,Uninterrupted_Baseline,168
1790423118.258612519,Uninterrupted_Baseline,1
1790423118.258612519,Uninterrupted_Baseline,169
1790423118.317819335,Uninterrupted_Baseline,1
1790423118.317819335,Uninterrupted_Baseline,170
1790423118.404022316,Uninterrupted_Baseline,1
1790423118.404022316,Uninterrupted_Baseline,171
1790423118.457812897,Uninterrupted_Baseline,1
1790423118.457812897,Uninterrupted_Baseline,171
1790423118.512619334,Uninterrupted_Baseline,1
1790423118.512619334,Uninterrupted_Baseline,172
1790423118.577392414,Uninterrupted_Baseline,1
1790423118.577392414,Uninterrupted_Baseline,173
1790423118.641039246,Uninterrupted_Baseline,1
1790423118.641039246,Uninterrupted_Baseline,174
1790423118.722194727,Uninterrupted_Baseline,1
1790423118.722194727,Uninterrupted_Baseline,175
1790423118.808832025,Uninterrupted_Baseline,1
1790423118.808832025,Uninterrupted_Baseline,176
1790423118.892351205,Uninterrupted_Baseline,1
1790423118.892351205,Uninterrupted_Baseline,177
1790423118.979206561,Uninterrupted_Baseline,1
1790423118.979206561,Uninterrupted_Baseline,178
1790423119.052331174,Uninterrupted_Baseline,1
1790423119.052331174,Uninterrupted_Baseline,179
1790423119.110511548,Uninterrupted_Baseline,1
1790423119.110511548,Uninterrupted_Baseline,180
1790423119.163090840,Uninterrupted_Baseline,1
1790423119.163090840,Uninterrupted_Baseline,180
1790423119.240181292,Uninterrupted_Baseline,1
1790423119.240181292,Uninterrupted_Baseline,181
1790423119.321390097,Uninterrupted_Baseline,1
1790423119.321390097,Uninterrupted_Baseline,182
1790423119.404470064,Uninterrupted_Baseline,1
1790423119.404470064,Uninterrupted_Baseline,183
1790423119.488394057,Uninterrupted_Baseline,1
1790423119.488394057,Uninterrupted_Baseline,184
1790423119.573390397,Uninterrupted_Baseline,1
1790423119.573390397,Uninterrupted_Baseline,185
1790423119.653901188,Uninterrupted_Baseline,1
1790423119.653901188,Uninterrupted_Baseline,187
1790423119.731083263,Uninterrupted_Baseline,1
1790423119.731083263,Uninterrupted_Baseline,188
1790423119.803965455,Uninterrupted_Baseline,1
1790423119.803965455,Uninterrupted_Baseline,188
1790423119.887562527,Uninterrupted_Baseline,1
1790423119.887562527,Uninterrupted_Baseline,189
1790423119.970451012,Uninterrupted_Baseline,191
1790423120.051759686,Uninterrupted_Baseline,192
1790423120.127313370,Uninterrupted_Baseline,193
1790423120.206229849,Uninterrupted_Baseline,194
1790423120.283476307,Uninterrupted_Baseline,195
1790423120.366073568,Uninterrupted_Baseline,196
1790423120.424869004,Uninterrupted_Baseline,196
1790423120.487040872,Uninterrupted_Baseline,197
1790423120.543255273,Uninterrupted_Baseline,198
1790423120.625572983,Uninterrupted_Baseline,199
1790423120.706068940,Uninterrupted_Baseline,200
1790423120.790880952,Uninterrupted_Baseline,201
1790423120.872161613,Uninterrupted_Baseline,202
1790423120.954482584,Uninterrupted_Baseline,203
1790423121.031957662,Uninterrupted_Baseline,204
1790423121.113863263,Uninterrupted_Baseline,205
1790423121.196265394,Uninterrupted_Baseline,206
1790423121.270067360,Uninterrupted_Baseline,207
1790423121.352373820,Uninterrupted_Baseline,208
1790423121.434373242,Uninterrupted_Baseline,209
1790423121.499300487,Uninterrupted_Baseline,210
1790423121.586437797,Uninterrupted_Baseline,211
1790423121.672430074,Uninterrupted_Baseline,212
1790423121.755341094,Uninterrupted_Baseline,213
1790423121.847412553,Uninterrupted_Baseline,214
1790423121.930917977,Uninterrupted_Baseline,215
1790423122.017169704,Uninterrupted_Baseline,216
1790423122.102999084,Uninterrupted_Baseline,218
1790423122.189090823,Uninterrupted_Baseline,219
1790423122.271557985,Uninterrupted_Baseline,220
1790423122.351609639,Uninterrupted_Baseline,221
1790423122.430634454,Uninterrupted_Baseline,222
1790423122.508844140,Uninterrupted_Baseline,223
1790423122.580321825,Uninterrupted_Baseline,224
1790423122.661773028,Uninterrupted_Baseline,225
1790423122.739150637,Uninterrupted_Baseline,226
1790423122.828784550,Uninterrupted_Baseline,227
1790423122.905123725,Uninterrupted_Baseline,228
1790423122.987492750,Uninterrupted_Baseline,229
1790423123.069226348,Uninterrupted_Baseline,230
1790423123.125468295,Uninterrupted_Baseline,230
1790423123.201205645,Uninterrupted_Baseline,231
1790423123.288045646,Uninterrupted_Baseline,232
1790423123.371446776,Uninterrupted_Baseline,233
1790423123.451300514,Uninterrupted_Baseline,234
1790423123.533261605,Uninterrupted_Baseline,235
1790423123.617512061,Uninterrupted_Baseline,236
1790423123.699838541,Uninterrupted_Baseline,238
1790423123.778007368,Uninterrupted_Baseline,238
1790423123.858202364,Uninterrupted_Baseline,240
1790423123.924009348,Uninterrupted_Baseline,240
1790423124.007340951,Uninterrupted_Baseline,241
1790423124.089002554,Uninterrupted_Baseline,242
1790423124.162045691,Uninterrupted_Baseline,243
1790423124.247058260,Uninterrupted_Baseline,244
1790423124.332826606,Uninterrupted_Baseline,246
1790423124.416383642,Uninterrupted_Baseline,247
1790423124.497878727,Uninterrupted_Baseline,248
1790423124.572297981,Uninterrupted_Baseline,249
1790423124.656130311,Uninterrupted_Baseline,250
1790423124.743015576,Uninterrupted_Baseline,251
1790423124.825913659,Uninterrupted_Baseline,252
1790423124.891069713,Uninterrupted_Baseline,253
1790423124.951738922,Uninterrupted_Baseline,253
1790423125.030909226,Uninterrupted_Baseline,254
1790423125.111629307,Uninterrupted_Baseline,255
1790423125.202700983,Uninterrupted_Baseline,257
1790423125.285950345,Uninterrupted_Baseline,258
1790423125.369923171,Uninterrupted_Baseline,259
1790423125.451397797,Uninterrupted_Baseline,260
1790423125.536448957,Uninterrupted_Baseline,261
1790423125.628901751,Uninterrupted_Baseline,262
1790423125.686606472,Uninterrupted_Baseline,263
1790423125.752424304,Uninterrupted_Baseline,263
1790423125.829192729,Uninterrupted_Baseline,264
1790423125.910831061,Uninterrupted_Baseline,265
1790423126.000028670,Uninterrupted_Baseline,267
1790423126.087454261,Uninterrupted_Baseline,267
1790423126.151065714,Uninterrupted_Baseline,268
1790423126.212293083,Uninterrupted_Baseline,269
1790423126.290553648,Uninterrupted_Baseline,270
1790423126.366854669,Uninterrupted_Baseline,271
1790423126.452826962,Uninterrupted_Baseline,272
1790423126.534372835,Uninterrupted_Baseline,273
1790423126.614345899,Uninterrupted_Baseline,274
1790423126.698399965,Uninterrupted_Baseline,275
1790423126.781879885,Uninterrupted_Baseline,276
1790423126.867244683,Uninterrupted_Baseline,277
1790423126.951612599,Uninterrupted_Baseline,278
1790423127.034221050,Uninterrupted_Baseline,279
1790423127.112339441,Uninterrupted_Baseline,280
1790423127.190966972,Uninterrupted_Baseline,281
1790423127.269333724,Uninterrupted_Baseline,282
1790423127.349363769,Uninterrupted_Baseline,283
1790423127.431423687,Uninterrupted_Baseline,284
1790423127.509997983,Uninterrupted_Baseline,285
1790423127.591837403,Uninterrupted_Baseline,286
1790423127.674783369,Uninterrupted_Baseline,287
1790423127.758161578,Uninterrupted_Baseline,289
1790423127.839760941,Uninterrupted_Baseline,289
1790423127.904229123,Uninterrupted_Baseline,290
1790423127.989554672,Uninterrupted_Baseline,291
1790423128.060193143,Uninterrupted_Baseline,292
1790423128.123185215,Uninterrupted_Baseline,293
1790423128.202377928,Uninterrupted_Baseline,294
1790423128.262386898,Uninterrupted_Baseline,295
1790423128.340369183,Uninterrupted_Baseline,296
1790423128.413817594,Uninterrupted_Baseline,297
1790423128.474092653,Uninterrupted_Baseline,297
1790423128.529572101,Uninterrupted_Baseline,298
1790423128.581808729,Uninterrupted_Baseline,299
1790423128.667205549,Uninterrupted_Baseline,300
1790423128.748375570,Uninterrupted_Baseline,301
1790423128.824356821,Uninterrupted_Baseline,302
1790423128.910347089,Uninterrupted_Baseline,303
1790423128.997445998,Uninterrupted_Baseline,304
1790423129.081032380,Uninterrupted_Baseline,305
1790423129.148586065,Uninterrupted_Baseline,306
1790423129.210332495,Uninterrupted_Baseline,307
1790423129.281470876,Uninterrupted_Baseline,307
1790423129.359174987,Uninterrupted_Baseline,308
1790423129.444208444,Uninterrupted_Baseline,310
1790423129.528275860,Uninterrupted_Baseline,311
1790423129.608343389,Uninterrupted_Baseline,311
1790423129.678092679,Uninterrupted_Baseline,312
1790423129.755840708,Uninterrupted_Baseline,313
1790423129.828363939,Uninterrupted_Baseline,314
1790423129.913462290,Uninterrupted_Baseline,315
1790423129.981011900,Uninterrupted_Baseline,316
1790423130.061825290,Uninterrupted_Baseline,317
1790423130.118937797,Uninterrupted_Baseline,318
1790423130.194157596,Uninterrupted_Baseline,319
1790423130.273790325,Uninterrupted_Baseline,320
1790423130.355915878,Uninterrupted_Baseline,321
1790423130.437166681,Uninterrupted_Baseline,322
1790423130.516332504,Uninterrupted_Baseline,323
1790423130.586831453,Uninterrupted_Baseline,324
1790423130.654055271,Uninterrupted_Baseline,324
1790423130.732742591,Uninterrupted_Baseline,325
1790423130.799247062,Uninterrupted_Baseline,326
1790423130.866714348,Uninterrupted_Baseline,327
1790423130.947816685,Uninterrupted_Baseline,328
1790423131.028407103,Uninterrupted_Baseline,329
1790423131.100170479,Uninterrupted_Baseline,330
1790423131.178177234,Uninterrupted_Baseline,331
1790423131.261186378,Uninterrupted_Baseline,332
1790423131.338262163,Uninterrupted_Baseline,333
1790423131.420215814,Uninterrupted_Baseline,334
1790423131.503013810,Uninterrupted_Baseline,335
1790423131.586565265,Uninterrupted_Baseline,336
1790423131.668151078,Uninterrupted_Baseline,337
1790423131.750723216,Uninterrupted_Baseline,338
1790423131.833977309,Uninterrupted_Baseline,339
1790423131.916948760,Uninterrupted_Baseline,340
1790423131.999226170,Uninterrupted_Baseline,341
1790423132.078768769,Uninterrupted_Baseline,342
1790423132.160583360,Uninterrupted_Baseline,343
1790423132.240967392,Uninterrupted_Baseline,344
1790423132.328081297,Uninterrupted_Baseline,345
1790423132.404466296,Uninterrupted_Baseline,346
1790423132.476803951,Uninterrupted_Baseline,347
1790423132.547013776,Uninterrupted_Baseline,347
1790423132.629567537,Uninterrupted_Baseline,348
1790423132.701496408,Uninterrupted_Baseline,349
1790423132.785228395,Uninterrupted_Baseline,350
1790423132.867468474,Uninterrupted_Baseline,351
1790423132.948584020,Uninterrupted_Baseline,352
1790423133.023748854,Uninterrupted_Baseline,353
1790423133.095813845,Uninterrupted_Baseline,354
1790423133.160894935,Uninterrupted_Baseline,355
1790423133.235882367,Uninterrupted_Baseline,356
1790423133.326036643,Uninterrupted_Baseline,357
1790423133.415039986,Uninterrupted_Baseline,358
1790423133.511705320,Uninterrupted_Baseline,359
1790423133.596681065,Uninterrupted_Baseline,242
1790423133.678337964,Uninterrupted_Baseline,179
1790423133.758191576,Uninterrupted_Baseline,180
1790423133.840719164,Uninterrupted_Baseline,181
1790423133.921320598,Uninterrupted_Baseline,182
1790423134.006146910,Uninterrupted_Baseline,183
1790423134.088622752,Uninterrupted_Baseline,184
1790423134.170639873,Uninterrupted_Baseline,185
1790423134.237371201,Uninterrupted_Baseline,186
1790423134.316239825,Uninterrupted_Baseline,187
1790423134.397343850,Uninterrupted_Baseline,188
1790423134.483065471,Uninterrupted_Baseline,189
1790423134.562207725,Uninterrupted_Baseline,190
1790423134.645811173,Uninterrupted_Baseline,191
1790423134.731933238,Uninterrupted_Baseline,193
1790423134.817399907,Uninterrupted_Baseline,194
1790423134.897631797,Uninterrupted_Baseline,195
1790423134.982974659,Uninterrupted_Baseline,196
1790423135.062331154,Uninterrupted_Baseline,197
1790423135.146179458,Uninterrupted_Baseline,198
1790423135.232791521,Uninterrupted_Baseline,199
1790423135.309456831,Uninterrupted_Baseline,200
1790423135.391212925,Uninterrupted_Baseline,201
1790423135.478988575,Uninterrupted_Baseline,202
1790423135.558415969,Uninterrupted_Baseline,203
1790423135.645423266,Uninterrupted_Baseline,204
1790423135.725681506,Uninterrupted_Baseline,205
1790423135.807049623,Uninterrupted_Baseline,206
1790423135.877057001,Uninterrupted_Baseline,207
1790423135.947238016,Uninterrupted_Baseline,208
1790423136.030756686,Uninterrupted_Baseline,209
1790423136.092394313,Uninterrupted_Baseline,210
1790423136.163137077,Uninterrupted_Baseline,211
1790423136.244277968,Uninterrupted_Baseline,212
1790423136.316581518,Uninterrupted_Baseline,213
1790423136.377469201,Uninterrupted_Baseline,213
1790423136.461798743,Uninterrupted_Baseline,214
1790423136.546194637,Uninterrupted_Baseline,216
1790423136.629167489,Uninterrupted_Baseline,216
1790423136.711714541,Uninterrupted_Baseline,218
1790423136.789040382,Uninterrupted_Baseline,219
1790423136.868203851,Uninterrupted_Baseline,220
1790423136.944929632,Uninterrupted_Baseline,220
1790423137.031131972,Uninterrupted_Baseline,222
1790423137.113717045,Uninterrupted_Baseline,223
1790423137.195361938,Uninterrupted_Baseline,224
1790423137.273740488,Uninterrupted_Baseline,225
1790423137.353092716,Uninterrupted_Baseline,226
1790423137.436438772,Uninterrupted_Baseline,227
1790423137.496208668,Uninterrupted_Baseline,227
1790423137.556853321,Uninterrupted_Baseline,228
1790423137.622470221,Uninterrupted_Baseline,229
1790423137.699741081,Uninterrupted_Baseline,230
1790423137.785536593,Uninterrupted_Baseline,231
1790423137.865440866,Uninterrupted_Baseline,232
1790423137.944031017,Uninterrupted_Baseline,233
1790423138.027004901,Uninterrupted_Baseline,234
1790423138.077678599,Uninterrupted_Baseline,235
1790423138.138502113,Uninterrupted_Baseline,236
1790423138.221610461,Uninterrupted_Baseline,236
1790423138.273331715,Uninterrupted_Baseline,237
1790423138.332427535,Uninterrupted_Baseline,238
1790423138.409267252,Uninterrupted_Baseline,239
1790423138.458230624,Uninterrupted_Baseline,239
1790423138.509953292,Uninterrupted_Baseline,240
1790423138.573283975,Uninterrupted_Baseline,241
1790423138.648688144,Uninterrupted_Baseline,242
1790423138.719951947,Uninterrupted_Baseline,243
1790423138.791201156,Uninterrupted_Baseline,244
1790423138.872759440,Uninterrupted_Baseline,245
1790423138.955212755,Uninterrupted_Baseline,246
1790423139.039535245,Uninterrupted_Baseline,247
1790423139.121928425,Uninterrupted_Baseline,248
1790423139.175123682,Uninterrupted_Baseline,248
1790423139.235451706,Uninterrupted_Baseline,249
1790423139.311613504,Uninterrupted_Baseline,250
1790423139.394591716,Uninterrupted_Baseline,251
1790423139.484698152,Uninterrupted_Baseline,252
1790423139.577453477,Uninterrupted_Baseline,254
1790423139.664457384,Uninterrupted_Baseline,255
1790423139.745133834,Uninterrupted_Baseline,256
1790423139.825582043,Uninterrupted_Baseline,257
1790423139.905801764,Uninterrupted_Baseline,258
1790423139.988416501,Uninterrupted_Baseline,259
1790423140.051809730,Uninterrupted_Baseline,259
1790423140.136569171,Uninterrupted_Baseline,261
1790423140.217450474,Uninterrupted_Baseline,262
1790423140.304044207,Uninterrupted_Baseline,263
1790423140.387577950,Uninterrupted_Baseline,264
1790423140.450391186,Uninterrupted_Baseline,265
1790423140.527898490,Uninterrupted_Baseline,265
1790423140.584102990,Uninterrupted_Baseline,266
1790423140.661161769,Uninterrupted_Baseline,267
1790423140.740076451,Uninterrupted_Baseline,268
1790423140.818594097,Uninterrupted_Baseline,269
1790423140.897177909,Uninterrupted_Baseline,270
1790423140.969017133,Uninterrupted_Baseline,271
1790423141.049372085,Uninterrupted_Baseline,272
1790423141.129835260,Uninterrupted_Baseline,273
1790423141.208575447,Uninterrupted_Baseline,274
1790423141.270753855,Uninterrupted_Baseline,275
1790423141.336188487,Uninterrupted_Baseline,276
1790423141.417477925,Uninterrupted_Baseline,277
1790423141.495964230,Uninterrupted_Baseline,278
1790423141.577999223,Uninterrupted_Baseline,279
1790423141.657818736,Uninterrupted_Baseline,280
1790423141.730131506,Uninterrupted_Baseline,280
1790423141.806836219,Uninterrupted_Baseline,281
1790423141.889703989,Uninterrupted_Baseline,282
1790423141.976544100,Uninterrupted_Baseline,284
1790423142.062200956,Uninterrupted_Baseline,285
1790423142.145914413,Uninterrupted_Baseline,286
1790423142.225898567,Uninterrupted_Baseline,287
1790423142.310548443,Uninterrupted_Baseline,288
1790423142.388483781,Uninterrupted_Baseline,289
1790423142.471772654,Uninterrupted_Baseline,290
1790423142.559134190,Uninterrupted_Baseline,291
1790423142.640560007,Uninterrupted_Baseline,292
1790423142.728317547,Uninterrupted_Baseline,293
1790423142.817242973,Uninterrupted_Baseline,294
1790423142.897834379,Uninterrupted_Baseline,295
1790423142.980562146,Uninterrupted_Baseline,296
1790423143.046889832,Uninterrupted_Baseline,297
1790423143.126544092,Uninterrupted_Baseline,298
1790423143.191166579,Uninterrupted_Baseline,299
1790423143.273593192,Uninterrupted_Baseline,300
1790423143.355870982,Uninterrupted_Baseline,301
1790423143.438763186,Uninterrupted_Baseline,302
1790423143.518352173,Uninterrupted_Baseline,303
1790423143.598426338,Uninterrupted_Baseline,304
1790423143.680306138,Uninterrupted_Baseline,305
1790423143.767795311,Uninterrupted_Baseline,306
1790423143.843771263,Uninterrupted_Baseline,307
1790423143.925258851,Uninterrupted_Baseline,308
1790423144.006808231,Uninterrupted_Baseline,309
1790423144.088621116,Uninterrupted_Baseline,310
1790423144.169895671,Uninterrupted_Baseline,311
1790423144.256774442,Uninterrupted_Baseline,312
1790423144.337422657,Uninterrupted_Baseline,313
1790423144.417736129,Uninterrupted_Baseline,314
1790423144.499020471,Uninterrupted_Baseline,315
1790423144.581556987,Uninterrupted_Baseline,316
1790423144.658563097,Uninterrupted_Baseline,317
1790423144.728620614,Uninterrupted_Baseline,318
1790423144.797696057,Uninterrupted_Baseline,319
1790423144.856019264,Uninterrupted_Baseline,319
1790423144.913761701,Uninterrupted_Baseline,320
1790423144.975406796,Uninterrupted_Baseline,321
1790423145.035443161,Uninterrupted_Baseline,322
1790423145.111466417,Uninterrupted_Baseline,322
1790423145.175305819,Uninterrupted_Baseline,323
1790423145.259153864,Uninterrupted_Baseline,324
1790423145.341039475,Uninterrupted_Baseline,325
1790423145.410608626,Uninterrupted_Baseline,326
1790423145.498391022,Uninterrupted_Baseline,327
1790423145.570908072,Uninterrupted_Baseline,328
1790423145.655685289,Uninterrupted_Baseline,329
1790423145.734247614,Uninterrupted_Baseline,330
1790423145.820753903,Uninterrupted_Baseline,331
1790423145.901173722,Uninterrupted_Baseline,332
1790423145.987230261,Uninterrupted_Baseline,333
1790423146.081006461,Uninterrupted_Baseline,334
1790423146.137162793,Uninterrupted_Baseline,335
1790423146.193859056,Uninterrupted_Baseline,336
1790423146.270267640,Uninterrupted_Baseline,337
1790423146.346463376,Uninterrupted_Baseline,338
1790423146.428788315,Uninterrupted_Baseline,339
1790423146.514935836,Uninterrupted_Baseline,340
1790423146.601872494,Uninterrupted_Baseline,341
1790423146.685614512,Uninterrupted_Baseline,342
1790423146.769572608,Uninterrupted_Baseline,343
1790423146.854970071,Uninterrupted_Baseline,344
1790423146.941030864,Uninterrupted_Baseline,345
1790423147.025197976,Uninterrupted_Baseline,346
1790423147.112953886,Uninterrupted_Baseline,347
1790423147.198352798,Uninterrupted_Baseline,348
1790423147.280052206,Uninterrupted_Baseline,349
1790423147.348033200,Uninterrupted_Baseline,350
1790423147.422256452,Uninterrupted_Baseline,350
1790423147.490470730,Uninterrupted_Baseline,351
1790423147.571471830,Uninterrupted_Baseline,352
1790423147.635541141,Uninterrupted_Baseline,353
1790423147.722397939,Uninterrupted_Baseline,354
1790423147.805694436,Uninterrupted_Baseline,355
1790423147.888738315,Uninterrupted_Baseline,356
1790423147.954959323,Uninterrupted_Baseline,357
1790423148.043203263,Uninterrupted_Baseline,358
1790423148.113270027,Uninterrupted_Baseline,359
1790423148.186757453,Uninterrupted_Baseline,359
1790423148.249877786,Uninterrupted_Baseline,259
1790423148.327569189,Uninterrupted_Baseline,180
1790423148.406841672,Uninterrupted_Baseline,181
1790423148.456771456,Uninterrupted_Baseline,182
1790423148.511464565,Uninterrupted_Baseline,182
1790423148.573608968,Uninterrupted_Baseline,183
1790423148.634422872,Uninterrupted_Baseline,184
1790423148.717034276,Uninterrupted_Baseline,185
1790423148.803286302,Uninterrupted_Baseline,186
1790423148.889775411,Uninterrupted_Baseline,187
1790423148.977275667,Uninterrupted_Baseline,188
1790423149.060740743,Uninterrupted_Baseline,189
1790423149.145397930,Uninterrupted_Baseline,190
1790423149.220450730,Uninterrupted_Baseline,191
1790423149.300721151,Uninterrupted_Baseline,192
1790423149.378863079,Uninterrupted_Baseline,193
1790423149.464328402,Uninterrupted_Baseline,195
1790423149.549065055,Uninterrupted_Baseline,196
1790423149.629197377,Uninterrupted_Baseline,197
1790423149.709746864,Uninterrupted_Baseline,198
1790423149.791631677,Uninterrupted_Baseline,199
1790423149.858217264,Uninterrupted_Baseline,199
1790423149.936490502,Uninterrupted_Baseline,200
1790423150.002720677,Uninterrupted_Baseline,201
1790423150.082571455,Uninterrupted_Baseline,202
1790423150.160854006,Uninterrupted_Baseline,203
1790423150.240253017,Uninterrupted_Baseline,204
1790423150.327536802,Uninterrupted_Baseline,205
1790423150.407929311,Uninterrupted_Baseline,206
1790423150.502186691,Uninterrupted_Baseline,208
1790423150.581644610,Uninterrupted_Baseline,209
1790423150.661937401,Uninterrupted_Baseline,210
1790423150.741775161,Uninterrupted_Baseline,211
1790423150.824387688,Uninterrupted_Baseline,212
1790423150.905270107,Uninterrupted_Baseline,213
1790423150.973637169,Uninterrupted_Baseline,213
1790423151.045374497,Uninterrupted_Baseline,214
1790423151.125680239,Uninterrupted_Baseline,215
1790423151.210873312,Uninterrupted_Baseline,216
1790423151.290881671,Uninterrupted_Baseline,217
1790423151.360527364,Uninterrupted_Baseline,218
1790423151.442399451,Uninterrupted_Baseline,219
1790423151.531389233,Uninterrupted_Baseline,221
1790423151.612914702,Uninterrupted_Baseline,222
1790423151.695430029,Uninterrupted_Baseline,223
1790423151.778785229,Uninterrupted_Baseline,224
1790423151.860055135,Uninterrupted_Baseline,225
1790423151.942222684,Uninterrupted_Baseline,226
1790423152.025603460,Uninterrupted_Baseline,227
1790423152.111089689,Uninterrupted_Baseline,228
1790423152.194058109,Uninterrupted_Baseline,229
1790423152.281898696,Uninterrupted_Baseline,230
1790423152.364006965,Uninterrupted_Baseline,231
1790423152.447813839,Uninterrupted_Baseline,232
1790423152.533526851,Uninterrupted_Baseline,233
1790423152.623231883,Uninterrupted_Baseline,234
1790423152.708751574,Uninterrupted_Baseline,235
1790423152.789842278,Uninterrupted_Baseline,236
1790423152.875050153,Uninterrupted_Baseline,237
1790423152.959251217,Uninterrupted_Baseline,239
1790423153.041631188,Uninterrupted_Baseline,240
1790423153.131058639,Uninterrupted_Baseline,241
1790423153.210327647,Uninterrupted_Baseline,242
1790423153.295169740,Uninterrupted_Baseline,243
1790423153.379194026,Uninterrupted_Baseline,244
1790423153.460198745,Uninterrupted_Baseline,245
1790423153.541019522,Uninterrupted_Baseline,246
1790423153.628698026,Uninterrupted_Baseline,247
1790423153.711411629,Uninterrupted_Baseline,248
1790423153.796019106,Uninterrupted_Baseline,249
1790423153.883982372,Uninterrupted_Baseline,250
1790423153.970806566,Uninterrupted_Baseline,251
1790423154.046984460,Uninterrupted_Baseline,252
1790423154.127532228,Uninterrupted_Baseline,253
1790423154.206845768,Uninterrupted_Baseline,254
1790423154.289956525,Uninterrupted_Baseline,255
1790423154.372719405,Uninterrupted_Baseline,256
1790423154.455887367,Uninterrupted_Baseline,257
1790423154.514830864,Uninterrupted_Baseline,258
1790423154.599252721,Uninterrupted_Baseline,259
1790423154.680120343,Uninterrupted_Baseline,260
1790423154.763642469,Uninterrupted_Baseline,261
1790423154.848053854,Uninterrupted_Baseline,262
1790423154.927426395,Uninterrupted_Baseline,263
1790423154.998713144,Uninterrupted_Baseline,264
1790423155.061092124,Uninterrupted_Baseline,265
1790423155.130114621,Uninterrupted_Baseline,266
1790423155.211350487,Uninterrupted_Baseline,267
1790423155.292864008,Uninterrupted_Baseline,268
1790423155.367294663,Uninterrupted_Baseline,269
1790423155.454414064,Uninterrupted_Baseline,270
1790423155.539096371,Uninterrupted_Baseline,271
1790423155.619166436,Uninterrupted_Baseline,272
1790423155.699594678,Uninterrupted_Baseline,273
1790423155.782131322,Uninterrupted_Baseline,274
1790423155.856589416,Uninterrupted_Baseline,275
1790423155.937123685,Uninterrupted_Baseline,276
1790423156.012146205,Uninterrupted_Baseline,277
1790423156.095902533,Uninterrupted_Baseline,278
1790423156.178355499,Uninterrupted_Baseline,279
1790423156.265077270,Uninterrupted_Baseline,280
1790423156.321587231,Uninterrupted_Baseline,281
1790423156.400640701,Uninterrupted_Baseline,282
1790423156.482722758,Uninterrupted_Baseline,283
1790423156.563877119,Uninterrupted_Baseline,284
1790423156.650217190,Uninterrupted_Baseline,285
1790423156.728681828,Uninterrupted_Baseline,286
1790423156.814578791,Uninterrupted_Baseline,287
1790423156.904242479,Uninterrupted_Baseline,288
1790423156.988414832,Uninterrupted_Baseline,289
1790423157.077853174,Uninterrupted_Baseline,290
1790423157.143817282,Uninterrupted_Baseline,291
1790423157.221640042,Uninterrupted_Baseline,292
1790423157.303759718,Uninterrupted_Baseline,293
1790423157.381709444,Uninterrupted_Baseline,294
1790423157.443598272,Uninterrupted_Baseline,295
1790423157.514692380,Uninterrupted_Baseline,296
1790423157.594932267,Uninterrupted_Baseline,297
1790423157.674983833,Uninterrupted_Baseline,298
1790423157.742361328,Uninterrupted_Baseline,298
1790423157.828047046,Uninterrupted_Baseline,299
1790423157.902227256,Uninterrupted_Baseline,300
1790423157.980975478,Uninterrupted_Baseline,301
1790423158.053404668,Uninterrupted_Baseline,302
1790423158.115827859,Uninterrupted_Baseline,303
1790423158.195071314,Uninterrupted_Baseline,304
1790423158.268488841,Uninterrupted_Baseline,305
1790423158.322254273,Uninterrupted_Baseline,306
1790423158.393229728,Uninterrupted_Baseline,306
1790423158.449239058,Uninterrupted_Baseline,307
1790423158.503971510,Uninterrupted_Baseline,308
1790423158.568877390,Uninterrupted_Baseline,309
1790423158.635419011,Uninterrupted_Baseline,310
1790423158.724917783,Uninterrupted_Baseline,311
1790423158.806216327,Uninterrupted_Baseline,312
1790423158.879767390,Uninterrupted_Baseline,313
1790423158.961335768,Uninterrupted_Baseline,314
1790423159.043887802,Uninterrupted_Baseline,315
1790423159.126724357,Uninterrupted_Baseline,316
1790423159.198915642,Uninterrupted_Baseline,317
1790423159.259170255,Uninterrupted_Baseline,317
1790423169.897796964,Phase1_Baseline,10
1790423169.964691504,Phase1_Baseline,16
1790423170.044847756,Phase1_Baseline,32
1790423170.129046324,Phase1_Baseline,64
1790423170.198019105,Phase1_Baseline,128
1790423170.277974400,Phase1_Baseline,256
1790423170.357831484,Phase1_Baseline,512
1790423170.425534705,Phase1_Baseline,748
1790423170.492606358,Phase1_Baseline,1054
1790423170.561927670,Phase1_Baseline,1090
1790423170.633783221,Phase1_Baseline,954
1790423170.711750205,Phase1_Baseline,780
1790423170.780404689,Phase1_Baseline,590
1790423170.861044392,Phase1_Baseline,590
1790423170.940974406,Phase1_Baseline,590
1790423171.023250365,Phase1_Baseline,590
1790423171.111522730,Phase1_Baseline,590
1790423171.198410876,Phase1_Baseline,590
1790423171.282319063,Phase1_Baseline,488
1790423171.361360899,Phase1_Baseline,308
1790423171.442115736,Phase1_Baseline,295
1790423171.526512306,Phase1_Baseline,245
1790423171.608709115,Phase1_Baseline,147
1790423171.687941539,Phase1_Baseline,88
1790423171.767883511,Phase1_Baseline,73
1790423171.840798656,Phase1_Baseline,74
1790423171.933831063,Phase1_Baseline,75
1790423172.019949799,Phase1_Baseline,76
1790423172.106165864,Phase1_Baseline,77
1790423172.192688829,Phase1_Baseline,79
1790423172.283247915,Phase1_Baseline,80
1790423172.372365774,Phase1_Baseline,81
1790423172.456603035,Phase1_Baseline,82
1790423172.542839204,Phase1_Baseline,83
1790423172.623870064,Phase1_Baseline,84
1790423172.691770464,Phase1_Baseline,85
1790423172.769726891,Phase1_Baseline,86
1790423172.850804849,Phase1_Baseline,87
1790423172.935129864,Phase1_Baseline,88
1790423173.013152203,Phase1_Baseline,89
1790423173.095449312,Phase1_Baseline,90
1790423173.162005290,Phase1_Baseline,91
1790423173.232702024,Phase1_Baseline,92
1790423173.307586733,Phase1_Baseline,93
1790423173.394743028,Phase1_Baseline,94
1790423173.472151950,Phase1_Baseline,95
1790423173.548795224,Phase1_Baseline,96
1790423173.628251433,Phase1_Baseline,97
1790423173.708006310,Phase1_Baseline,98
1790423173.790129666,Phase1_Baseline,99
1790423173.870006339,Phase1_Baseline,100
1790423173.958195539,Phase1_Baseline,101
1790423174.037853465,Phase1_Baseline,102
1790423174.119006977,Phase1_Baseline,103
1790423174.205010046,Phase1_Baseline,104
1790423174.273630707,Phase1_Baseline,105
1790423174.350475398,Phase1_Baseline,106
1790423174.424036570,Phase1_Baseline,107
1790423174.484088149,Phase1_Baseline,108
1790423174.565051123,Phase1_Baseline,109
1790423174.643960487,Phase1_Baseline,110
1790423174.726471979,Phase1_Baseline,111
1790423174.805752838,Phase1_Baseline,112
1790423174.879720269,Phase1_Baseline,113
1790423174.964019250,Phase1_Baseline,114
1790423175.041934813,Phase1_Baseline,115
1790423175.117809246,Phase1_Baseline,116
1790423175.174606709,Phase1_Baseline,116
1790423175.233280524,Phase1_Baseline,117
1790423175.312751304,Phase1_Baseline,118
1790423175.373274093,Phase1_Baseline,119
1790423175.453973214,Phase1_Baseline,120
1790423175.536703354,Phase1_Baseline,121
1790423175.618399958,Phase1_Baseline,122
1790423175.698906946,Phase1_Baseline,123
1790423175.781444692,Phase1_Baseline,124
1790423175.865630734,Phase1_Baseline,125
1790423175.951099740,Phase1_Baseline,126
1790423176.032526079,Phase1_Baseline,127
1790423176.106514044,Phase1_Baseline,128
1790423176.191458134,Phase1_Baseline,129
1790423176.273562888,Phase1_Baseline,130
1790423176.350761378,Phase1_Baseline,131
1790423176.436347574,Phase1_Baseline,132
1790423176.511869460,Phase1_Baseline,133
1790423176.568572090,Phase1_Baseline,134
1790423176.636940300,Phase1_Baseline,135
1790423176.730462409,Phase1_Baseline,136
1790423176.798040748,Phase1_Baseline,137
1790423176.876018716,Phase1_Baseline,138
1790423176.942599334,Phase1_Baseline,138
1790423177.025854138,Phase1_Baseline,140
1790423177.106612070,Phase1_Baseline,141
1790423177.187418477,Phase1_Baseline,142
1790423177.271588546,Phase1_Baseline,143
1790423177.353708691,Phase1_Baseline,144
1790423177.434962783,Phase1_Baseline,145
1790423177.514322447,Phase1_Baseline,146
1790423177.601210975,Phase1_Baseline,147
1790423177.679232522,Phase1_Baseline,148
1790423177.759472513,Phase1_Baseline,149
1790423177.841594163,Phase1_Baseline,150
1790423177.923905549,Phase1_Baseline,151
1790423178.005852242,Phase1_Baseline,152
1790423178.068127948,Phase1_Baseline,153
1790423178.146564367,Phase1_Baseline,154
1790423178.214785179,Phase1_Baseline,155
1790423178.270372618,Phase1_Baseline,155
1790423178.333302988,Phase1_Baseline,156
1790423178.405999091,Phase1_Baseline,157
1790423178.456914229,Phase1_Baseline,158
1790423178.511785294,Phase1_Baseline,158
1790423178.564563015,Phase1_Baseline,159
1790423178.624941597,Phase1_Baseline,160
1790423178.708902503,Phase1_Baseline,161
1790423178.793125987,Phase1_Baseline,162
1790423178.866447905,Phase1_Baseline,163
1790423178.953471601,Phase1_Baseline,164
1790423179.037988760,Phase1_Baseline,165
1790423179.120532812,Phase1_Baseline,166
1790423179.176111217,Phase1_Baseline,167
1790423179.238435266,Phase1_Baseline,168
1790423179.317354417,Phase1_Baseline,169
1790423179.388549347,Phase1_Baseline,169
1790423179.474135817,Phase1_Baseline,171
1790423179.555519631,Phase1_Baseline,172
1790423179.636055071,Phase1_Baseline,173
1790423179.718747195,Phase1_Baseline,174
1790423179.791872637,Phase1_Baseline,175
1790423179.871475450,Phase1_Baseline,175
1790423179.935190420,Phase1_Baseline,176
1790423180.020223542,Phase1_Baseline,177
1790423180.103628970,Phase1_Baseline,179
1790423180.185415614,Phase1_Baseline,180
1790423180.266070468,Phase1_Baseline,181
1790423180.337581726,Phase1_Baseline,181
1790423180.394508308,Phase1_Baseline,182
1790423180.468240456,Phase1_Baseline,183
1790423180.542539754,Phase1_Baseline,184
1790423180.618691129,Phase1_Baseline,185
1790423180.699918216,Phase1_Baseline,186
1790423180.781538215,Phase1_Baseline,187
1790423180.859722708,Phase1_Baseline,188
1790423180.929804854,Phase1_Baseline,189
1790423181.010949534,Phase1_Baseline,190
1790423181.089456441,Phase1_Baseline,191
1790423181.162554804,Phase1_Baseline,192
1790423181.240875085,Phase1_Baseline,193
1790423181.317550970,Phase1_Baseline,194
1790423181.399967051,Phase1_Baseline,195
1790423181.474893975,Phase1_Baseline,196
1790423181.552873711,Phase1_Baseline,197
1790423181.635521576,Phase1_Baseline,198
1790423181.713437252,Phase1_Baseline,199
1790423181.789268951,Phase1_Baseline,200
1790423181.870284724,Phase1_Baseline,201
1790423181.946529685,Phase1_Baseline,202
1790423182.027107910,Phase1_Baseline,203
1790423182.110816669,Phase1_Baseline,204
1790423182.189023632,Phase1_Baseline,205
1790423182.276540143,Phase1_Baseline,206
1790423182.358284149,Phase1_Baseline,207
1790423182.441108494,Phase1_Baseline,208
1790423182.524535991,Phase1_Baseline,209
1790423182.608135169,Phase1_Baseline,210
1790423182.691270822,Phase1_Baseline,211
1790423182.774237189,Phase1_Baseline,212
1790423182.857072902,Phase1_Baseline,213
1790423182.936533511,Phase1_Baseline,214
1790423183.018330052,Phase1_Baseline,215
1790423183.100412487,Phase1_Baseline,216
1790423183.169054950,Phase1_Baseline,217
1790423183.245795252,Phase1_Baseline,218
1790423183.334797960,Phase1_Baseline,219
1790423183.400970876,Phase1_Baseline,220
1790423183.470401914,Phase1_Baseline,221
1790423183.555911821,Phase1_Baseline,222
1790423183.632837818,Phase1_Baseline,223
1790423183.702706944,Phase1_Baseline,224
1790423183.785062157,Phase1_Baseline,225
1790423183.860366110,Phase1_Baseline,226
1790423183.922250219,Phase1_Baseline,227
1790423184.004062217,Phase1_Baseline,228
1790423184.081209259,Phase1_Baseline,229
1790423184.161681865,Phase1_Baseline,230
1790423184.239003157,Phase1_Baseline,231
1790423184.323157139,Phase1_Baseline,232
1790423184.394185072,Phase1_Baseline,233
1790423184.476441934,Phase1_Baseline,234
1790423184.563911222,Phase1_Baseline,235
1790423184.638183326,Phase1_Baseline,236
1790423184.715402239,Phase1_Baseline,237
1790423184.794745098,Phase1_Baseline,238
1790423184.856784173,Phase1_Baseline,239
1790423184.925832929,Phase1_Baseline,239
1790423184.983147531,Phase1_Baseline,240
1790423185.039961747,Phase1_Baseline,241
1790423185.102592054,Phase1_Baseline,242
1790423185.180056752,Phase1_Baseline,243
1790423185.255318338,Phase1_Baseline,243
1790423185.314162427,Phase1_Baseline,244
1790423185.386090102,Phase1_Baseline,245
1790423185.471251530,Phase1_Baseline,246
1790423185.551016604,Phase1_Baseline,247
1790423185.631254465,Phase1_Baseline,248
1790423185.709847642,Phase1_Baseline,249
1790423185.792300306,Phase1_Baseline,250
1790423185.872080291,Phase1_Baseline,251
1790423185.950242523,Phase1_Baseline,252
1790423186.027841381,Phase1_Baseline,253
1790423186.089758128,Phase1_Baseline,254
1790423186.165982943,Phase1_Baseline,255
1790423186.246866060,Phase1_Baseline,256
1790423186.308422612,Phase1_Baseline,257
1790423186.398949099,Phase1_Baseline,258
1790423186.488709368,Phase1_Baseline,259
1790423186.575423466,Phase1_Baseline,260
1790423186.654142134,Phase1_Baseline,261
1790423186.733860462,Phase1_Baseline,262
1790423186.814260827,Phase1_Baseline,263
1790423186.898073450,Phase1_Baseline,264
1790423186.980047034,Phase1_Baseline,265
1790423187.061284571,Phase1_Baseline,266
1790423187.140812121,Phase1_Baseline,267
1790423187.207115036,Phase1_Baseline,268
1790423187.287827654,Phase1_Baseline,269
1790423187.365692774,Phase1_Baseline,270
1790423187.445286311,Phase1_Baseline,271
1790423187.519728855,Phase1_Baseline,272
1790423187.582446635,Phase1_Baseline,273
1790423187.658327961,Phase1_Baseline,274
1790423187.723783009,Phase1_Baseline,275
1790423187.804140282,Phase1_Baseline,276
1790423187.881890823,Phase1_Baseline,277
1790423187.963772715,Phase1_Baseline,278
1790423188.053135639,Phase1_Baseline,279
1790423188.118005267,Phase1_Baseline,280
1790423188.193099965,Phase1_Baseline,281
1790423188.266694243,Phase1_Baseline,281
1790423188.333567318,Phase1_Baseline,282
1790423188.404505612,Phase1_Baseline,283
1790423188.456895989,Phase1_Baseline,284
1790423188.509775461,Phase1_Baseline,284
1790423188.563551764,Phase1_Baseline,285
1790423188.627219179,Phase1_Baseline,286
1790423188.692195520,Phase1_Baseline,287
1790423188.773609254,Phase1_Baseline,288
1790423188.843936487,Phase1_Baseline,289
1790423188.924827404,Phase1_Baseline,290
1790423189.004108587,Phase1_Baseline,291
1790423189.082384353,Phase1_Baseline,292
1790423189.139636484,Phase1_Baseline,292
1790423189.195196400,Phase1_Baseline,293
1790423189.265966039,Phase1_Baseline,294
1790423189.340613670,Phase1_Baseline,295
1790423189.407141948,Phase1_Baseline,296
1790423189.492887242,Phase1_Baseline,297
1790423189.571682430,Phase1_Baseline,298
1790423189.652289041,Phase1_Baseline,299
1790423189.733207072,Phase1_Baseline,300
1790423189.811381910,Phase1_Baseline,301
1790423189.895203974,Phase1_Baseline,302
1790423189.975990673,Phase1_Baseline,303
1790423190.057123566,Phase1_Baseline,304
1790423190.133991966,Phase1_Baseline,305
1790423190.217011237,Phase1_Baseline,306
1790423190.298616149,Phase1_Baseline,307
1790423190.382286217,Phase1_Baseline,308
1790423190.464492038,Phase1_Baseline,309
1790423190.538075168,Phase1_Baseline,310
1790423190.604771478,Phase1_Baseline,310
1790423190.671566883,Phase1_Baseline,311
1790423190.753225460,Phase1_Baseline,312
1790423190.833901796,Phase1_Baseline,313
1790423190.913169060,Phase1_Baseline,314
1790423190.998599180,Phase1_Baseline,315
1790423191.087322885,Phase1_Baseline,317
1790423191.168248718,Phase1_Baseline,317
1790423191.256752703,Phase1_Baseline,319
1790423191.328204843,Phase1_Baseline,319
1790423191.408401035,Phase1_Baseline,320
1790423191.487368132,Phase1_Baseline,321
1790423191.567723637,Phase1_Baseline,322
1790423191.650464532,Phase1_Baseline,323
1790423191.735007430,Phase1_Baseline,324
1790423191.804354134,Phase1_Baseline,325
1790423191.890746981,Phase1_Baseline,326
1790423191.982702201,Phase1_Baseline,328
1790423192.068087336,Phase1_Baseline,329
1790423192.155105124,Phase1_Baseline,330
1790423192.232681262,Phase1_Baseline,331
1790423192.318077432,Phase1_Baseline,332
1790423192.397006323,Phase1_Baseline,333
1790423192.468347126,Phase1_Baseline,333
1790423192.548456469,Phase1_Baseline,334
1790423192.627407418,Phase1_Baseline,335
1790423192.710721629,Phase1_Baseline,336
1790423192.793426483,Phase1_Baseline,337
1790423192.854642013,Phase1_Baseline,338
1790423192.923499840,Phase1_Baseline,339
1790423193.008608742,Phase1_Baseline,340
1790423193.066927320,Phase1_Baseline,341
1790423193.121906452,Phase1_Baseline,341
1790423193.184207667,Phase1_Baseline,342
1790423193.264560282,Phase1_Baseline,343
1790423193.345053950,Phase1_Baseline,344
1790423193.432793893,Phase1_Baseline,345
1790423193.518114040,Phase1_Baseline,346
1790423193.601057423,Phase1_Baseline,347
1790423193.685941373,Phase1_Baseline,348
1790423193.768427133,Phase1_Baseline,349
1790423193.829867650,Phase1_Baseline,350
1790423193.895458683,Phase1_Baseline,351
1790423193.971058543,Phase1_Baseline,351
1790423194.050065968,Phase1_Baseline,352
1790423194.132324985,Phase1_Baseline,353
1790423194.212042453,Phase1_Baseline,354
1790423194.276775540,Phase1_Baseline,355
1790423194.343084497,Phase1_Baseline,342
1790423194.414773809,Phase1_Baseline,187
1790423194.481534365,Phase1_Baseline,178
1790423194.564729319,Phase1_Baseline,179
1790423194.641998585,Phase1_Baseline,180
1790423194.717790988,Phase1_Baseline,181
1790423194.779396902,Phase1_Baseline,182
1790423194.854605694,Phase1_Baseline,183
1790423194.928190409,Phase1_Baseline,184
1790423195.003930310,Phase1_Baseline,185
1790423195.081171935,Phase1_Baseline,186
1790423195.129722213,Phase1_Baseline,187
1790423195.179604871,Phase1_Baseline,187
1790423195.232631495,Phase1_Baseline,188
1790423195.300444968,Phase1_Baseline,189
1790423195.360110498,Phase1_Baseline,189
1790423195.439421601,Phase1_Baseline,190
1790423195.520220990,Phase1_Baseline,192
1790423195.609047798,Phase1_Baseline,193
1790423195.678886864,Phase1_Baseline,193
1790423195.759186068,Phase1_Baseline,195
1790423195.840680782,Phase1_Baseline,196
1790423195.922154540,Phase1_Baseline,197
1790423196.002560624,Phase1_Baseline,198
1790423196.083837703,Phase1_Baseline,199
1790423196.167197894,Phase1_Baseline,200
1790423196.232606956,Phase1_Baseline,201
1790423196.305806413,Phase1_Baseline,201
1790423196.386956576,Phase1_Baseline,203
1790423196.468284338,Phase1_Baseline,204
1790423196.545120425,Phase1_Baseline,205
1790423196.628342509,Phase1_Baseline,206
1790423196.706752756,Phase1_Baseline,206
1790423196.791003711,Phase1_Baseline,208
1790423196.875381921,Phase1_Baseline,209
1790423196.948712849,Phase1_Baseline,210
1790423198.359946889,Phase2_Migrated,10
1790423198.435816000,Phase2_Migrated,10
1790423198.493632692,Phase2_Migrated,12
1790423198.564723587,Phase2_Migrated,24
1790423198.637335218,Phase2_Migrated,48
1790423198.713889833,Phase2_Migrated,96
1790423198.784516557,Phase2_Migrated,190
1790423198.876846721,Phase2_Migrated,380
1790423198.968376306,Phase2_Migrated,634
1790423199.058826863,Phase2_Migrated,998
1790423199.133197808,Phase2_Migrated,946
1790423199.210276286,Phase2_Migrated,771
1790423199.305075712,Phase2_Migrated,531
1790423199.393286047,Phase2_Migrated,531
1790423199.484063146,Phase2_Migrated,467
1790423199.567825436,Phase2_Migrated,278
1790423199.661002314,Phase2_Migrated,250
1790423199.753905197,Phase2_Migrated,132
1790423199.844065854,Phase2_Migrated,133
1790423199.942705437,Phase2_Migrated,134
1790423200.038512021,Phase2_Migrated,135
1790423200.132120646,Phase2_Migrated,137
1790423200.228742929,Phase2_Migrated,138
1790423200.317450625,Phase2_Migrated,139
1790423200.410531046,Phase2_Migrated,140
1790423200.501847956,Phase2_Migrated,141
1790423200.575698169,Phase2_Migrated,142
1790423200.655205889,Phase2_Migrated,143
1790423200.722034550,Phase2_Migrated,144
1790423200.808031094,Phase2_Migrated,145
1790423200.895622070,Phase2_Migrated,146
1790423200.977410906,Phase2_Migrated,147
1790423201.069586428,Phase2_Migrated,148
1790423201.142422029,Phase2_Migrated,149
1790423201.197743588,Phase2_Migrated,150
1790423201.271364205,Phase2_Migrated,151
1790423201.351897034,Phase2_Migrated,152
1790423201.420939609,Phase2_Migrated,153
1790423201.511189858,Phase2_Migrated,154
1790423201.605329553,Phase2_Migrated,155
1790423201.704609005,Phase2_Migrated,157
1790423201.792583384,Phase2_Migrated,158
1790423201.884862036,Phase2_Migrated,159
1790423201.956418916,Phase2_Migrated,160
1790423202.050005925,Phase2_Migrated,161
1790423202.143871707,Phase2_Migrated,162
1790423202.236607379,Phase2_Migrated,163
1790423202.329377882,Phase2_Migrated,165
1790423202.422371325,Phase2_Migrated,166
1790423202.508021789,Phase2_Migrated,167
1790423202.595310052,Phase2_Migrated,168
1790423202.687488487,Phase2_Migrated,169
1790423202.782010897,Phase2_Migrated,170
1790423202.873865266,Phase2_Migrated,171
1790423202.964855082,Phase2_Migrated,173
1790423203.061197008,Phase2_Migrated,174
1790423203.152391855,Phase2_Migrated,175
1790423203.244711902,Phase2_Migrated,176
1790423203.331005591,Phase2_Migrated,177
1790423203.421131394,Phase2_Migrated,178
1790423203.522169918,Phase2_Migrated,180
1790423203.620498841,Phase2_Migrated,181
1790423203.714555890,Phase2_Migrated,182
1790423203.807941048,Phase2_Migrated,183
1790423203.903559032,Phase2_Migrated,185
1790423203.999568809,Phase2_Migrated,186
1790423204.097294842,Phase2_Migrated,187
1790423204.194111447,Phase2_Migrated,188
1790423204.284157262,Phase2_Migrated,189
1790423204.360260299,Phase2_Migrated,190
1790423204.452308536,Phase2_Migrated,191
1790423204.527447802,Phase2_Migrated,192
1790423204.619864505,Phase2_Migrated,194
1790423204.719842378,Phase2_Migrated,195
1790423204.798386674,Phase2_Migrated,196
1790423204.861713959,Phase2_Migrated,197
1790423204.937877391,Phase2_Migrated,198
1790423205.030713234,Phase2_Migrated,199
1790423205.122835900,Phase2_Migrated,200
1790423205.215269710,Phase2_Migrated,201
1790423205.310090427,Phase2_Migrated,202
1790423205.403681002,Phase2_Migrated,203
1790423205.500712424,Phase2_Migrated,205
1790423205.593308354,Phase2_Migrated,206
1790423205.689146335,Phase2_Migrated,207
1790423205.776067278,Phase2_Migrated,208
1790423205.858791593,Phase2_Migrated,209
1790423205.943205355,Phase2_Migrated,210
1790423206.042720724,Phase2_Migrated,211
1790423206.141768620,Phase2_Migrated,213
1790423206.236337364,Phase2_Migrated,214
1790423206.328770462,Phase2_Migrated,215
1790423206.427285149,Phase2_Migrated,216
1790423206.523232128,Phase2_Migrated,217
1790423206.617803583,Phase2_Migrated,219
1790423206.711044665,Phase2_Migrated,220
1790423206.789118913,Phase2_Migrated,221
1790423206.880057674,Phase2_Migrated,222
1790423206.971899509,Phase2_Migrated,223
1790423207.063637175,Phase2_Migrated,224
1790423207.154179133,Phase2_Migrated,226
1790423207.238681245,Phase2_Migrated,226
1790423207.330214808,Phase2_Migrated,228
1790423207.421056677,Phase2_Migrated,229
1790423207.514898926,Phase2_Migrated,230
1790423207.571132906,Phase2_Migrated,231
1790423207.647251579,Phase2_Migrated,232
1790423207.736806982,Phase2_Migrated,233
1790423207.827111772,Phase2_Migrated,234
1790423207.912991922,Phase2_Migrated,235
1790423208.005850080,Phase2_Migrated,236
1790423208.079232470,Phase2_Migrated,237
1790423208.170625236,Phase2_Migrated,238
1790423208.256883885,Phase2_Migrated,239
1790423208.341701178,Phase2_Migrated,240
1790423208.420763805,Phase2_Migrated,241
1790423208.479136715,Phase2_Migrated,242
1790423208.539348771,Phase2_Migrated,243
1790423208.602837382,Phase2_Migrated,244
1790423208.668898699,Phase2_Migrated,245
1790423208.757428568,Phase2_Migrated,246
1790423208.850932116,Phase2_Migrated,247
1790423208.949021848,Phase2_Migrated,248
1790423209.052420257,Phase2_Migrated,249
1790423209.117425346,Phase2_Migrated,250
1790423209.180015507,Phase2_Migrated,251
1790423209.264104069,Phase2_Migrated,252
1790423209.329445794,Phase2_Migrated,253
1790423209.403436965,Phase2_Migrated,254
1790423209.485107481,Phase2_Migrated,255
1790423209.581668307,Phase2_Migrated,256
1790423209.662382301,Phase2_Migrated,257
1790423209.749940786,Phase2_Migrated,258
1790423209.827226871,Phase2_Migrated,259
1790423209.919591218,Phase2_Migrated,260
1790423210.011903434,Phase2_Migrated,261
1790423210.102128369,Phase2_Migrated,263
1790423210.190577409,Phase2_Migrated,264
1790423210.264090894,Phase2_Migrated,265
1790423210.348779382,Phase2_Migrated,266
1790423210.423948763,Phase2_Migrated,267
1790423210.513946429,Phase2_Migrated,268
1790423210.601492567,Phase2_Migrated,269
1790423210.691843597,Phase2_Migrated,270
1790423210.783039461,Phase2_Migrated,271
1790423210.883915437,Phase2_Migrated,272
1790423210.973410554,Phase2_Migrated,274
1790423211.061621142,Phase2_Migrated,275
1790423211.140502422,Phase2_Migrated,276
1790423211.237873082,Phase2_Migrated,277
1790423211.317525950,Phase2_Migrated,278
1790423211.409373879,Phase2_Migrated,279
1790423211.505762494,Phase2_Migrated,280
1790423211.598899771,Phase2_Migrated,281
1790423211.696336566,Phase2_Migrated,283
1790423211.782430183,Phase2_Migrated,284
1790423211.874733836,Phase2_Migrated,285
1790423211.968424928,Phase2_Migrated,286
1790423212.060543734,Phase2_Migrated,287
1790423212.148714144,Phase2_Migrated,288
1790423212.237827377,Phase2_Migrated,289
1790423212.317826750,Phase2_Migrated,290
1790423212.395519621,Phase2_Migrated,291
1790423212.473757481,Phase2_Migrated,292
1790423212.560107503,Phase2_Migrated,293
1790423212.650489750,Phase2_Migrated,294
1790423212.743175166,Phase2_Migrated,296
1790423212.841089402,Phase2_Migrated,297
1790423212.935313653,Phase2_Migrated,298
1790423213.037100648,Phase2_Migrated,299
1790423213.131046652,Phase2_Migrated,301
1790423213.226751511,Phase2_Migrated,302
1790423213.322617167,Phase2_Migrated,303
1790423213.412255107,Phase2_Migrated,304
1790423213.502971604,Phase2_Migrated,305
1790423213.599088333,Phase2_Migrated,306
1790423213.687957340,Phase2_Migrated,308
1790423213.779971741,Phase2_Migrated,309
1790423213.873850893,Phase2_Migrated,310
1790423213.967215516,Phase2_Migrated,311
1790423214.057023394,Phase2_Migrated,312
1790423214.137135341,Phase2_Migrated,313
1790423214.233067803,Phase2_Migrated,314
1790423214.333723727,Phase2_Migrated,315
1790423214.430018701,Phase2_Migrated,317
1790423214.531011810,Phase2_Migrated,318
1790423214.615902183,Phase2_Migrated,319
1790423214.696583217,Phase2_Migrated,320
1790423214.792167631,Phase2_Migrated,321
1790423214.880623459,Phase2_Migrated,322
1790423214.948523305,Phase2_Migrated,323
1790423215.018804143,Phase2_Migrated,324
1790423215.101950827,Phase2_Migrated,325
1790423215.190243169,Phase2_Migrated,326
1790423215.286718386,Phase2_Migrated,327
1790423215.378072996,Phase2_Migrated,328
1790423215.464645131,Phase2_Migrated,329
1790423215.557958470,Phase2_Migrated,331
1790423215.648433487,Phase2_Migrated,332
1790423215.737549246,Phase2_Migrated,333
1790423215.829107788,Phase2_Migrated,334
1790423215.923971935,Phase2_Migrated,335
1790423215.992889291,Phase2_Migrated,336
1790423216.092584676,Phase2_Migrated,337
1790423216.186531220,Phase2_Migrated,338
1790423216.272175111,Phase2_Migrated,339
1790423216.341213773,Phase2_Migrated,340
1790423216.433545901,Phase2_Migrated,341
1790423216.527088736,Phase2_Migrated,342
1790423216.626133771,Phase2_Migrated,343
1790423216.722444097,Phase2_Migrated,345
1790423216.815540049,Phase2_Migrated,346
1790423216.910066831,Phase2_Migrated,347
1790423216.998508195,Phase2_Migrated,348
1790423217.088358326,Phase2_Migrated,349
1790423217.181175939,Phase2_Migrated,350
1790423217.261250784,Phase2_Migrated,351
1790423217.357493467,Phase2_Migrated,352
1790423217.451833514,Phase2_Migrated,353
1790423217.545269588,Phase2_Migrated,214
1790423217.635010154,Phase2_Migrated,177
1790423217.726263921,Phase2_Migrated,178
1790423217.818719054,Phase2_Migrated,180
1790423217.912065539,Phase2_Migrated,181
1790423218.013192858,Phase2_Migrated,182
1790423218.097165836,Phase2_Migrated,183
1790423218.188098468,Phase2_Migrated,184
1790423218.265086134,Phase2_Migrated,185
1790423218.352613612,Phase2_Migrated,187
1790423218.424529115,Phase2_Migrated,187
1790423218.479216413,Phase2_Migrated,188
1790423218.542591443,Phase2_Migrated,189
1790423218.604674207,Phase2_Migrated,190
1790423218.690165031,Phase2_Migrated,191
1790423218.774642063,Phase2_Migrated,192
1790423218.863989326,Phase2_Migrated,193
1790423218.944380415,Phase2_Migrated,194
1790423219.030826320,Phase2_Migrated,195
1790423219.115696076,Phase2_Migrated,196
1790423219.188266217,Phase2_Migrated,197
1790423219.266885013,Phase2_Migrated,198
1790423219.345907121,Phase2_Migrated,199
1790423219.430964303,Phase2_Migrated,200
1790423219.511417288,Phase2_Migrated,201
1790423219.607872170,Phase2_Migrated,202
1790423219.695767258,Phase2_Migrated,203
1790423219.788321738,Phase2_Migrated,205
1790423219.883841078,Phase2_Migrated,206
1790423219.981919648,Phase2_Migrated,207
1790423220.075434138,Phase2_Migrated,208
1790423220.167917103,Phase2_Migrated,209
1790423220.261314428,Phase2_Migrated,211
1790423220.329264559,Phase2_Migrated,211
1790423220.414535831,Phase2_Migrated,213
1790423220.508804754,Phase2_Migrated,214
1790423220.597322541,Phase2_Migrated,215
1790423220.685934848,Phase2_Migrated,216
1790423220.765248758,Phase2_Migrated,217
1790423220.829490095,Phase2_Migrated,218
1790423220.884252446,Phase2_Migrated,218
1790423220.955330450,Phase2_Migrated,219
1790423221.073583717,Phase2_Migrated,220
1790423221.135030017,Phase2_Migrated,221
1790423221.199225051,Phase2_Migrated,222
1790423221.281380387,Phase2_Migrated,223
1790423221.371072642,Phase2_Migrated,224
1790423221.462038769,Phase2_Migrated,225
1790423221.558404844,Phase2_Migrated,227
1790423221.652368729,Phase2_Migrated,228
1790423221.733898209,Phase2_Migrated,229
1790423221.827942848,Phase2_Migrated,230
1790423221.888738406,Phase2_Migrated,231
1790423221.954495826,Phase2_Migrated,231
1790423222.030927728,Phase2_Migrated,233
1790423222.118238186,Phase2_Migrated,234
1790423222.205577624,Phase2_Migrated,235
1790423222.285108666,Phase2_Migrated,236
1790423222.371696992,Phase2_Migrated,237
1790423223.650054346,Uninterrupted_Baseline,1
1790423223.728202989,Uninterrupted_Baseline,1
1790423223.800536334,Uninterrupted_Baseline,1
1790423223.888087865,Uninterrupted_Baseline,1
1790423223.977681819,Uninterrupted_Baseline,1
1790423224.061101301,Uninterrupted_Baseline,1
1790423224.148379624,Uninterrupted_Baseline,1
1790423224.234950541,Uninterrupted_Baseline,1
1790423224.336405290,Uninterrupted_Baseline,1
1790423224.395048303,Uninterrupted_Baseline,1
1790423224.471137156,Uninterrupted_Baseline,1
1790423224.556288640,Uninterrupted_Baseline,1
1790423224.641843456,Uninterrupted_Baseline,1
1790423224.731026766,Uninterrupted_Baseline,1
1790423224.810938746,Uninterrupted_Baseline,1
1790423224.891529619,Uninterrupted_Baseline,1
1790423224.891529619,Uninterrupted_Baseline,10
1790423224.989199215,Uninterrupted_Baseline,1
1790423224.989199215,Uninterrupted_Baseline,12
1790423225.045884542,Uninterrupted_Baseline,1
1790423225.045884542,Uninterrupted_Baseline,16
1790423225.132284864,Uninterrupted_Baseline,1
1790423225.132284864,Uninterrupted_Baseline,38
1790423225.217983008,Uninterrupted_Baseline,1
1790423225.217983008,Uninterrupted_Baseline,93
1790423225.306570959,Uninterrupted_Baseline,1
1790423225.306570959,Uninterrupted_Baseline,188
1790423225.388867501,Uninterrupted_Baseline,1
1790423225.388867501,Uninterrupted_Baseline,364
1790423225.473103111,Uninterrupted_Baseline,1
1790423225.473103111,Uninterrupted_Baseline,574
1790423225.559083136,Uninterrupted_Baseline,1
1790423225.559083136,Uninterrupted_Baseline,954
1790423225.648188496,Uninterrupted_Baseline,1
1790423225.648188496,Uninterrupted_Baseline,1041
1790423225.732191693,Uninterrupted_Baseline,1
1790423225.732191693,Uninterrupted_Baseline,856
1790423225.817411313,Uninterrupted_Baseline,1
1790423225.817411313,Uninterrupted_Baseline,668
1790423225.899326978,Uninterrupted_Baseline,1
1790423225.899326978,Uninterrupted_Baseline,568
1790423225.984016736,Uninterrupted_Baseline,1
1790423225.984016736,Uninterrupted_Baseline,568
1790423226.066319999,Uninterrupted_Baseline,1
1790423226.066319999,Uninterrupted_Baseline,453
1790423226.150380526,Uninterrupted_Baseline,1
1790423226.150380526,Uninterrupted_Baseline,284
1790423226.232239551,Uninterrupted_Baseline,1
1790423226.232239551,Uninterrupted_Baseline,284
1790423226.306714216,Uninterrupted_Baseline,1
1790423226.306714216,Uninterrupted_Baseline,284
1790423226.389709015,Uninterrupted_Baseline,1
1790423226.389709015,Uninterrupted_Baseline,170
1790423226.470414978,Uninterrupted_Baseline,1
1790423226.470414978,Uninterrupted_Baseline,142
1790423226.553968663,Uninterrupted_Baseline,1
1790423226.553968663,Uninterrupted_Baseline,143
1790423226.638897079,Uninterrupted_Baseline,1
1790423226.638897079,Uninterrupted_Baseline,144
1790423226.728575409,Uninterrupted_Baseline,1
1790423226.728575409,Uninterrupted_Baseline,145
1790423226.814356228,Uninterrupted_Baseline,1
1790423226.814356228,Uninterrupted_Baseline,147
1790423226.899055046,Uninterrupted_Baseline,1
1790423226.899055046,Uninterrupted_Baseline,148
1790423226.985624493,Uninterrupted_Baseline,1
1790423226.985624493,Uninterrupted_Baseline,149
1790423227.069011966,Uninterrupted_Baseline,1
1790423227.069011966,Uninterrupted_Baseline,150
1790423227.154248313,Uninterrupted_Baseline,1
1790423227.154248313,Uninterrupted_Baseline,151
1790423227.236880075,Uninterrupted_Baseline,1
1790423227.236880075,Uninterrupted_Baseline,152
1790423227.317425576,Uninterrupted_Baseline,1
1790423227.317425576,Uninterrupted_Baseline,153
1790423227.398479848,Uninterrupted_Baseline,1
1790423227.398479848,Uninterrupted_Baseline,154
1790423227.480734896,Uninterrupted_Baseline,1
1790423227.480734896,Uninterrupted_Baseline,155
1790423227.557362420,Uninterrupted_Baseline,1
1790423227.557362420,Uninterrupted_Baseline,156
1790423227.640732653,Uninterrupted_Baseline,1
1790423227.640732653,Uninterrupted_Baseline,157
1790423227.720006088,Uninterrupted_Baseline,1
1790423227.720006088,Uninterrupted_Baseline,158
1790423227.807749510,Uninterrupted_Baseline,1
1790423227.807749510,Uninterrupted_Baseline,159
1790423227.891895584,Uninterrupted_Baseline,1
1790423227.891895584,Uninterrupted_Baseline,160
1790423227.974242927,Uninterrupted_Baseline,1
1790423227.974242927,Uninterrupted_Baseline,161
1790423228.050757406,Uninterrupted_Baseline,1
1790423228.050757406,Uninterrupted_Baseline,162
1790423228.119573756,Uninterrupted_Baseline,1
1790423228.119573756,Uninterrupted_Baseline,163
1790423228.203367746,Uninterrupted_Baseline,1
1790423228.203367746,Uninterrupted_Baseline,164
1790423228.273104405,Uninterrupted_Baseline,1
1790423228.273104405,Uninterrupted_Baseline,165
1790423228.359228088,Uninterrupted_Baseline,1
1790423228.359228088,Uninterrupted_Baseline,166
1790423228.426337003,Uninterrupted_Baseline,1
1790423228.426337003,Uninterrupted_Baseline,167
1790423228.480159876,Uninterrupted_Baseline,1
1790423228.480159876,Uninterrupted_Baseline,167
1790423228.534960061,Uninterrupted_Baseline,1
1790423228.534960061,Uninterrupted_Baseline,168
1790423228.597979690,Uninterrupted_Baseline,1
1790423228.597979690,Uninterrupted_Baseline,169
1790423228.668725881,Uninterrupted_Baseline,1
1790423228.668725881,Uninterrupted_Baseline,170
1790423228.729060383,Uninterrupted_Baseline,1
1790423228.729060383,Uninterrupted_Baseline,171
1790423228.801628023,Uninterrupted_Baseline,1
1790423228.801628023,Uninterrupted_Baseline,172
1790423228.872925659,Uninterrupted_Baseline,1
1790423228.872925659,Uninterrupted_Baseline,173
1790423228.955371432,Uninterrupted_Baseline,1
1790423228.955371432,Uninterrupted_Baseline,174
1790423229.037810082,Uninterrupted_Baseline,1
1790423229.037810082,Uninterrupted_Baseline,175
1790423229.118365382,Uninterrupted_Baseline,1
1790423229.118365382,Uninterrupted_Baseline,176
1790423229.182934512,Uninterrupted_Baseline,1
1790423229.182934512,Uninterrupted_Baseline,176
1790423229.241869378,Uninterrupted_Baseline,1
1790423229.241869378,Uninterrupted_Baseline,177
1790423229.311751791,Uninterrupted_Baseline,1
1790423229.311751791,Uninterrupted_Baseline,178
1790423229.390465353,Uninterrupted_Baseline,1
1790423229.390465353,Uninterrupted_Baseline,179
1790423229.475806436,Uninterrupted_Baseline,1
1790423229.475806436,Uninterrupted_Baseline,180
1790423229.559179929,Uninterrupted_Baseline,1
1790423229.559179929,Uninterrupted_Baseline,181
1790423229.623891800,Uninterrupted_Baseline,1
1790423229.623891800,Uninterrupted_Baseline,182
1790423229.709221048,Uninterrupted_Baseline,1
1790423229.709221048,Uninterrupted_Baseline,183
1790423229.780538467,Uninterrupted_Baseline,1
1790423229.780538467,Uninterrupted_Baseline,184
1790423229.865761013,Uninterrupted_Baseline,1
1790423229.865761013,Uninterrupted_Baseline,185
1790423229.947123795,Uninterrupted_Baseline,1
1790423229.947123795,Uninterrupted_Baseline,186
1790423230.033761128,Uninterrupted_Baseline,1
1790423230.033761128,Uninterrupted_Baseline,187
1790423230.116698671,Uninterrupted_Baseline,1
1790423230.116698671,Uninterrupted_Baseline,188
1790423230.202087132,Uninterrupted_Baseline,1
1790423230.202087132,Uninterrupted_Baseline,189
1790423230.282592549,Uninterrupted_Baseline,1
1790423230.282592549,Uninterrupted_Baseline,190
1790423230.365126559,Uninterrupted_Baseline,1
1790423230.365126559,Uninterrupted_Baseline,191
1790423230.450584034,Uninterrupted_Baseline,1
1790423230.450584034,Uninterrupted_Baseline,192
1790423230.515726248,Uninterrupted_Baseline,1
1790423230.515726248,Uninterrupted_Baseline,193
1790423230.581179578,Uninterrupted_Baseline,1
1790423230.581179578,Uninterrupted_Baseline,194
1790423230.666338277,Uninterrupted_Baseline,1
1790423230.666338277,Uninterrupted_Baseline,195
1790423230.749278981,Uninterrupted_Baseline,1
1790423230.749278981,Uninterrupted_Baseline,196
1790423230.834172017,Uninterrupted_Baseline,1
1790423230.834172017,Uninterrupted_Baseline,197
1790423230.916334748,Uninterrupted_Baseline,1
1790423230.916334748,Uninterrupted_Baseline,198
1790423231.003418629,Uninterrupted_Baseline,1
1790423231.003418629,Uninterrupted_Baseline,200
1790423231.084718994,Uninterrupted_Baseline,1
1790423231.084718994,Uninterrupted_Baseline,201
1790423231.174713172,Uninterrupted_Baseline,1
1790423231.174713172,Uninterrupted_Baseline,202
1790423231.259081083,Uninterrupted_Baseline,1
1790423231.259081083,Uninterrupted_Baseline,203
1790423231.333963356,Uninterrupted_Baseline,1
1790423231.333963356,Uninterrupted_Baseline,204
1790423231.411553352,Uninterrupted_Baseline,1
1790423231.411553352,Uninterrupted_Baseline,205
1790423231.505850718,Uninterrupted_Baseline,1
1790423231.505850718,Uninterrupted_Baseline,206
1790423231.570313133,Uninterrupted_Baseline,1
1790423231.570313133,Uninterrupted_Baseline,207
1790423231.631923176,Uninterrupted_Baseline,1
1790423231.631923176,Uninterrupted_Baseline,207
1790423231.704125201,Uninterrupted_Baseline,1
1790423231.704125201,Uninterrupted_Baseline,208
1790423231.784423376,Uninterrupted_Baseline,1
1790423231.784423376,Uninterrupted_Baseline,209
1790423231.865946331,Uninterrupted_Baseline,1
1790423231.865946331,Uninterrupted_Baseline,211
1790423231.950168856,Uninterrupted_Baseline,1
1790423231.950168856,Uninterrupted_Baseline,211
1790423232.019812159,Uninterrupted_Baseline,1
1790423232.019812159,Uninterrupted_Baseline,212
1790423232.108000076,Uninterrupted_Baseline,1
1790423232.108000076,Uninterrupted_Baseline,214
1790423232.197899348,Uninterrupted_Baseline,1
1790423232.197899348,Uninterrupted_Baseline,215
1790423232.286289231,Uninterrupted_Baseline,1
1790423232.286289231,Uninterrupted_Baseline,216
1790423232.367083516,Uninterrupted_Baseline,1
1790423232.367083516,Uninterrupted_Baseline,217
1790423232.447615231,Uninterrupted_Baseline,1
1790423232.447615231,Uninterrupted_Baseline,218
1790423232.533213178,Uninterrupted_Baseline,1
1790423232.533213178,Uninterrupted_Baseline,219
1790423232.618603380,Uninterrupted_Baseline,1
1790423232.618603380,Uninterrupted_Baseline,220
1790423232.704774771,Uninterrupted_Baseline,1
1790423232.704774771,Uninterrupted_Baseline,221
1790423232.792069921,Uninterrupted_Baseline,1
1790423232.792069921,Uninterrupted_Baseline,222
1790423232.875591969,Uninterrupted_Baseline,1
1790423232.875591969,Uninterrupted_Baseline,223
1790423232.964760845,Uninterrupted_Baseline,1
1790423232.964760845,Uninterrupted_Baseline,224
1790423233.037337943,Uninterrupted_Baseline,1
1790423233.037337943,Uninterrupted_Baseline,225
1790423233.121019626,Uninterrupted_Baseline,1
1790423233.121019626,Uninterrupted_Baseline,226
1790423233.204358775,Uninterrupted_Baseline,1
1790423233.204358775,Uninterrupted_Baseline,227
1790423233.289056479,Uninterrupted_Baseline,1
1790423233.289056479,Uninterrupted_Baseline,228
1790423233.371101156,Uninterrupted_Baseline,1
1790423233.371101156,Uninterrupted_Baseline,229
1790423233.454343185,Uninterrupted_Baseline,1
1790423233.454343185,Uninterrupted_Baseline,230
1790423233.535511959,Uninterrupted_Baseline,1
1790423233.535511959,Uninterrupted_Baseline,231
1790423233.618252610,Uninterrupted_Baseline,232
1790423233.700957016,Uninterrupted_Baseline,234
1790423233.783932660,Uninterrupted_Baseline,235
1790423233.864876015,Uninterrupted_Baseline,236
1790423233.948375038,Uninterrupted_Baseline,237
1790423234.036313464,Uninterrupted_Baseline,238
1790423234.125890898,Uninterrupted_Baseline,239
1790423234.208771397,Uninterrupted_Baseline,240
1790423234.290276881,Uninterrupted_Baseline,241
1790423234.369560807,Uninterrupted_Baseline,242
1790423234.452849278,Uninterrupted_Baseline,243
1790423234.526208003,Uninterrupted_Baseline,244
1790423234.609106363,Uninterrupted_Baseline,245
1790423234.690684888,Uninterrupted_Baseline,246
1790423234.771036152,Uninterrupted_Baseline,247
1790423234.851381242,Uninterrupted_Baseline,248
1790423234.923682540,Uninterrupted_Baseline,249
1790423234.998771440,Uninterrupted_Baseline,250
1790423235.084948492,Uninterrupted_Baseline,251
1790423235.168604013,Uninterrupted_Baseline,252
1790423235.252539906,Uninterrupted_Baseline,253
1790423235.333199437,Uninterrupted_Baseline,254
1790423235.415429975,Uninterrupted_Baseline,255
1790423235.490815126,Uninterrupted_Baseline,256
1790423235.572685984,Uninterrupted_Baseline,257
1790423235.649601440,Uninterrupted_Baseline,258
1790423235.703315919,Uninterrupted_Baseline,259
1790423235.759014667,Uninterrupted_Baseline,259
1790423235.826320693,Uninterrupted_Baseline,260
1790423235.910377998,Uninterrupted_Baseline,261
1790423235.989428516,Uninterrupted_Baseline,262
1790423236.072736477,Uninterrupted_Baseline,263
1790423236.154708113,Uninterrupted_Baseline,264
1790423236.238208076,Uninterrupted_Baseline,265
1790423236.323343064,Uninterrupted_Baseline,266
1790423236.406329496,Uninterrupted_Baseline,267
1790423236.486722818,Uninterrupted_Baseline,268
1790423236.563516100,Uninterrupted_Baseline,269
1790423236.637121124,Uninterrupted_Baseline,270
1790423236.721136873,Uninterrupted_Baseline,271
1790423236.803676177,Uninterrupted_Baseline,272
1790423236.887570846,Uninterrupted_Baseline,273
1790423236.958574898,Uninterrupted_Baseline,274
1790423237.036819420,Uninterrupted_Baseline,275
1790423237.114173617,Uninterrupted_Baseline,276
1790423237.198413565,Uninterrupted_Baseline,277
1790423237.280882723,Uninterrupted_Baseline,278
1790423237.364477937,Uninterrupted_Baseline,280
1790423237.451697565,Uninterrupted_Baseline,281
1790423237.529281161,Uninterrupted_Baseline,282
1790423237.601099976,Uninterrupted_Baseline,282
1790423237.684690275,Uninterrupted_Baseline,284
1790423237.763090067,Uninterrupted_Baseline,284
1790423237.831951488,Uninterrupted_Baseline,285
1790423237.911947135,Uninterrupted_Baseline,286
1790423237.988578031,Uninterrupted_Baseline,287
1790423238.054512112,Uninterrupted_Baseline,288
1790423238.134728787,Uninterrupted_Baseline,289
1790423238.218818609,Uninterrupted_Baseline,290
1790423238.269743927,Uninterrupted_Baseline,291
1790423238.349155462,Uninterrupted_Baseline,292
1790423238.420235021,Uninterrupted_Baseline,293
1790423238.475509185,Uninterrupted_Baseline,293
1790423238.539757836,Uninterrupted_Baseline,294
1790423238.606640008,Uninterrupted_Baseline,295
1790423238.688538107,Uninterrupted_Baseline,296
1790423238.774287767,Uninterrupted_Baseline,297
1790423238.859217368,Uninterrupted_Baseline,298
1790423238.943540259,Uninterrupted_Baseline,299
1790423239.026542159,Uninterrupted_Baseline,300
1790423239.106885563,Uninterrupted_Baseline,301
1790423239.189945537,Uninterrupted_Baseline,302
1790423239.269800280,Uninterrupted_Baseline,303
1790423239.340868867,Uninterrupted_Baseline,304
1790423239.423008449,Uninterrupted_Baseline,305
1790423239.505254082,Uninterrupted_Baseline,306
1790423239.591760138,Uninterrupted_Baseline,307
1790423239.673373400,Uninterrupted_Baseline,308
1790423239.751779312,Uninterrupted_Baseline,309
1790423239.834550888,Uninterrupted_Baseline,310
1790423239.911344961,Uninterrupted_Baseline,311
1790423239.990958849,Uninterrupted_Baseline,312
1790423240.074126919,Uninterrupted_Baseline,313
1790423240.160058746,Uninterrupted_Baseline,314
1790423240.246787128,Uninterrupted_Baseline,315
1790423240.330924765,Uninterrupted_Baseline,316
1790423240.398170213,Uninterrupted_Baseline,317
1790423240.481231350,Uninterrupted_Baseline,318
1790423240.559250357,Uninterrupted_Baseline,319
1790423240.640207823,Uninterrupted_Baseline,320
1790423240.723891258,Uninterrupted_Baseline,321
1790423240.807340071,Uninterrupted_Baseline,322
1790423240.887849637,Uninterrupted_Baseline,323
1790423240.967126908,Uninterrupted_Baseline,324
1790423241.048042599,Uninterrupted_Baseline,325
1790423241.125824949,Uninterrupted_Baseline,326
1790423241.207907446,Uninterrupted_Baseline,327
1790423241.285140777,Uninterrupted_Baseline,328
1790423241.373384798,Uninterrupted_Baseline,329
1790423241.454921350,Uninterrupted_Baseline,330
1790423241.513549241,Uninterrupted_Baseline,331
1790423241.594259309,Uninterrupted_Baseline,332
1790423241.660754188,Uninterrupted_Baseline,333
1790423241.740914535,Uninterrupted_Baseline,334
1790423241.818879474,Uninterrupted_Baseline,335
1790423241.892156115,Uninterrupted_Baseline,335
1790423241.966383269,Uninterrupted_Baseline,336
1790423242.041856869,Uninterrupted_Baseline,337
1790423242.120306561,Uninterrupted_Baseline,338
1790423242.202641455,Uninterrupted_Baseline,339
1790423242.283610550,Uninterrupted_Baseline,340
1790423242.351820923,Uninterrupted_Baseline,341
1790423242.432073208,Uninterrupted_Baseline,342
1790423242.519750514,Uninterrupted_Baseline,343
1790423242.601983616,Uninterrupted_Baseline,344
1790423242.685053442,Uninterrupted_Baseline,345
1790423242.764174990,Uninterrupted_Baseline,346
1790423242.849295550,Uninterrupted_Baseline,347
1790423242.936270160,Uninterrupted_Baseline,348
1790423243.019110377,Uninterrupted_Baseline,349
1790423243.098182991,Uninterrupted_Baseline,350
1790423243.179878807,Uninterrupted_Baseline,351
1790423243.259538311,Uninterrupted_Baseline,352
1790423243.345739065,Uninterrupted_Baseline,353
1790423243.427200631,Uninterrupted_Baseline,354
1790423243.512032357,Uninterrupted_Baseline,355
1790423243.598057921,Uninterrupted_Baseline,268
1790423243.681984621,Uninterrupted_Baseline,177
1790423243.768242699,Uninterrupted_Baseline,178
1790423243.857721853,Uninterrupted_Baseline,179
1790423243.941828095,Uninterrupted_Baseline,180
1790423244.025879087,Uninterrupted_Baseline,182
1790423244.114322096,Uninterrupted_Baseline,183
1790423244.204151138,Uninterrupted_Baseline,184
1790423244.287996063,Uninterrupted_Baseline,185
1790423244.366285580,Uninterrupted_Baseline,186
1790423244.448906324,Uninterrupted_Baseline,187
1790423244.531003115,Uninterrupted_Baseline,188
1790423244.611410047,Uninterrupted_Baseline,189
1790423244.694235990,Uninterrupted_Baseline,190
1790423244.772187147,Uninterrupted_Baseline,191
1790423244.853173856,Uninterrupted_Baseline,192
1790423244.931669778,Uninterrupted_Baseline,193
1790423245.000319820,Uninterrupted_Baseline,194
1790423245.080337807,Uninterrupted_Baseline,195
1790423245.161134810,Uninterrupted_Baseline,196
1790423245.243563385,Uninterrupted_Baseline,197
1790423245.325998283,Uninterrupted_Baseline,198
1790423245.409402127,Uninterrupted_Baseline,199
1790423245.490979337,Uninterrupted_Baseline,200
1790423245.574977183,Uninterrupted_Baseline,201
1790423245.651392540,Uninterrupted_Baseline,202
1790423245.734757788,Uninterrupted_Baseline,203
1790423245.820349375,Uninterrupted_Baseline,204
1790423245.903276424,Uninterrupted_Baseline,205
1790423245.990704748,Uninterrupted_Baseline,206
1790423246.069633255,Uninterrupted_Baseline,207
1790423246.151474829,Uninterrupted_Baseline,208
1790423246.223356383,Uninterrupted_Baseline,209
1790423246.303800370,Uninterrupted_Baseline,210
1790423246.378895230,Uninterrupted_Baseline,211
1790423246.465376157,Uninterrupted_Baseline,212
1790423246.553240570,Uninterrupted_Baseline,213
1790423246.636984471,Uninterrupted_Baseline,214
1790423246.721163592,Uninterrupted_Baseline,215
1790423246.809606311,Uninterrupted_Baseline,217
1790423246.892936522,Uninterrupted_Baseline,218
1790423246.974020310,Uninterrupted_Baseline,219
1790423247.059675871,Uninterrupted_Baseline,220
1790423247.138998197,Uninterrupted_Baseline,221
1790423247.217961305,Uninterrupted_Baseline,222
1790423247.282128737,Uninterrupted_Baseline,223
1790423247.360130426,Uninterrupted_Baseline,224
1790423247.445520801,Uninterrupted_Baseline,225
1790423247.526005707,Uninterrupted_Baseline,226
1790423247.614402137,Uninterrupted_Baseline,227
1790423247.694780027,Uninterrupted_Baseline,228
1790423247.773458037,Uninterrupted_Baseline,229
1790423247.850742904,Uninterrupted_Baseline,230
1790423247.932931016,Uninterrupted_Baseline,231
1790423248.013898626,Uninterrupted_Baseline,232
1790423248.072803898,Uninterrupted_Baseline,232
1790423248.144155208,Uninterrupted_Baseline,233
1790423248.213393513,Uninterrupted_Baseline,234
1790423248.277952356,Uninterrupted_Baseline,235
1790423248.343491911,Uninterrupted_Baseline,236
1790423248.413866237,Uninterrupted_Baseline,237
1790423248.467978009,Uninterrupted_Baseline,237
1790423248.525737865,Uninterrupted_Baseline,238
1790423248.584675820,Uninterrupted_Baseline,239
1790423248.650039348,Uninterrupted_Baseline,240
1790423248.729894606,Uninterrupted_Baseline,241
1790423248.788538226,Uninterrupted_Baseline,241
1790423248.867824091,Uninterrupted_Baseline,242
1790423248.951380746,Uninterrupted_Baseline,244
1790423249.034788628,Uninterrupted_Baseline,245
1790423249.109919971,Uninterrupted_Baseline,246
1790423249.198009459,Uninterrupted_Baseline,247
1790423249.252084918,Uninterrupted_Baseline,247
1790423249.324083416,Uninterrupted_Baseline,248
1790423249.394643901,Uninterrupted_Baseline,249
1790423249.484542444,Uninterrupted_Baseline,250
1790423249.567500937,Uninterrupted_Baseline,251
1790423249.634024107,Uninterrupted_Baseline,252
1790423249.700113536,Uninterrupted_Baseline,253
1790423249.770237412,Uninterrupted_Baseline,254
1790423249.855612113,Uninterrupted_Baseline,255
1790423249.941102961,Uninterrupted_Baseline,256
1790423250.016868283,Uninterrupted_Baseline,257
1790423250.100193427,Uninterrupted_Baseline,258
1790423250.187076697,Uninterrupted_Baseline,259
1790423250.270973014,Uninterrupted_Baseline,260
1790423250.358268608,Uninterrupted_Baseline,261
1790423250.446524075,Uninterrupted_Baseline,262
1790423250.528186333,Uninterrupted_Baseline,263
1790423250.602591209,Uninterrupted_Baseline,264
1790423250.682753672,Uninterrupted_Baseline,265
1790423250.760108511,Uninterrupted_Baseline,266
1790423250.835396468,Uninterrupted_Baseline,267
1790423250.893080045,Uninterrupted_Baseline,268
1790423250.975609027,Uninterrupted_Baseline,269
1790423251.055565107,Uninterrupted_Baseline,270
1790423251.143827310,Uninterrupted_Baseline,271
1790423251.225093875,Uninterrupted_Baseline,272
1790423251.295725820,Uninterrupted_Baseline,273
1790423251.376290878,Uninterrupted_Baseline,274
1790423251.457509417,Uninterrupted_Baseline,275
1790423251.536970290,Uninterrupted_Baseline,276
1790423251.618741555,Uninterrupted_Baseline,277
1790423251.700190972,Uninterrupted_Baseline,278
1790423251.779773881,Uninterrupted_Baseline,279
1790423251.863257790,Uninterrupted_Baseline,280
1790423251.945345235,Uninterrupted_Baseline,281
1790423252.036698581,Uninterrupted_Baseline,282
1790423252.124790066,Uninterrupted_Baseline,283
1790423252.205533162,Uninterrupted_Baseline,284
1790423252.289741052,Uninterrupted_Baseline,285
1790423252.369128592,Uninterrupted_Baseline,286
1790423252.453221007,Uninterrupted_Baseline,287
1790423252.536690160,Uninterrupted_Baseline,288
1790423252.619064259,Uninterrupted_Baseline,289
1790423252.696792640,Uninterrupted_Baseline,290
1790423252.779135403,Uninterrupted_Baseline,292
1790423252.860616005,Uninterrupted_Baseline,293
1790423252.935932060,Uninterrupted_Baseline,294
1790423253.020050510,Uninterrupted_Baseline,295
1790423253.102260946,Uninterrupted_Baseline,296
1790423253.185453893,Uninterrupted_Baseline,297
1790423253.267930526,Uninterrupted_Baseline,298
1790423253.352464635,Uninterrupted_Baseline,299
1790423253.428786930,Uninterrupted_Baseline,300
1790423253.501530545,Uninterrupted_Baseline,300
1790423253.583217672,Uninterrupted_Baseline,301
1790423253.657786754,Uninterrupted_Baseline,302
1790423253.750054664,Uninterrupted_Baseline,304
1790423253.838069993,Uninterrupted_Baseline,305
1790423253.921948651,Uninterrupted_Baseline,306
1790423253.988273138,Uninterrupted_Baseline,307
1790423254.066598999,Uninterrupted_Baseline,307
1790423254.124608110,Uninterrupted_Baseline,308
1790423254.199645473,Uninterrupted_Baseline,309
1790423254.281535892,Uninterrupted_Baseline,310
1790423254.369633819,Uninterrupted_Baseline,311
1790423254.448102292,Uninterrupted_Baseline,312
1790423254.525981066,Uninterrupted_Baseline,313
1790423254.589468085,Uninterrupted_Baseline,314
1790423254.671173359,Uninterrupted_Baseline,315
1790423254.754752553,Uninterrupted_Baseline,316
1790423254.834786511,Uninterrupted_Baseline,317
1790423254.912142958,Uninterrupted_Baseline,318
1790423254.990525941,Uninterrupted_Baseline,319
1790423255.076254144,Uninterrupted_Baseline,320
1790423255.160815994,Uninterrupted_Baseline,321
1790423255.237355104,Uninterrupted_Baseline,322
1790423255.323844866,Uninterrupted_Baseline,323
1790423255.406085739,Uninterrupted_Baseline,324
1790423255.485972374,Uninterrupted_Baseline,325
1790423255.568207532,Uninterrupted_Baseline,326
1790423255.647179069,Uninterrupted_Baseline,327
1790423255.727782027,Uninterrupted_Baseline,328
1790423255.808319600,Uninterrupted_Baseline,329
1790423255.888124264,Uninterrupted_Baseline,330
1790423255.970750491,Uninterrupted_Baseline,331
1790423256.052800577,Uninterrupted_Baseline,332
1790423256.134689806,Uninterrupted_Baseline,333
1790423256.216378594,Uninterrupted_Baseline,334
1790423256.304573121,Uninterrupted_Baseline,335
1790423256.387151981,Uninterrupted_Baseline,336
1790423256.475832008,Uninterrupted_Baseline,337
1790423256.560799620,Uninterrupted_Baseline,338
1790423256.643104914,Uninterrupted_Baseline,339
1790423256.727084912,Uninterrupted_Baseline,340
1790423256.804210868,Uninterrupted_Baseline,341
1790423256.886068007,Uninterrupted_Baseline,342
1790423256.974010921,Uninterrupted_Baseline,343
1790423257.066212612,Uninterrupted_Baseline,344
1790423257.127937433,Uninterrupted_Baseline,345
1790423257.188147891,Uninterrupted_Baseline,346
1790423257.255865257,Uninterrupted_Baseline,347
1790423257.341793878,Uninterrupted_Baseline,348
1790423257.426680450,Uninterrupted_Baseline,349
1790423257.512080811,Uninterrupted_Baseline,350
1790423257.594475876,Uninterrupted_Baseline,351
1790423257.676884844,Uninterrupted_Baseline,352
1790423257.757290821,Uninterrupted_Baseline,352
1790423257.836489451,Uninterrupted_Baseline,353
1790423257.922306140,Uninterrupted_Baseline,354
1790423258.006359070,Uninterrupted_Baseline,355
1790423258.080263749,Uninterrupted_Baseline,356
1790423258.156321742,Uninterrupted_Baseline,357
1790423258.236281538,Uninterrupted_Baseline,296
1790423258.307196136,Uninterrupted_Baseline,179
1790423258.390223548,Uninterrupted_Baseline,179
1790423258.457889475,Uninterrupted_Baseline,179
1790423258.510744193,Uninterrupted_Baseline,180
1790423258.568491074,Uninterrupted_Baseline,181
1790423258.626673754,Uninterrupted_Baseline,181
1790423258.686465740,Uninterrupted_Baseline,182
1790423258.764314757,Uninterrupted_Baseline,183
1790423258.843508101,Uninterrupted_Baseline,184
1790423258.922164068,Uninterrupted_Baseline,185
1790423258.999963308,Uninterrupted_Baseline,186
1790423259.077121296,Uninterrupted_Baseline,187
1790423259.150500277,Uninterrupted_Baseline,188
1790423259.216449281,Uninterrupted_Baseline,189
1790423259.284081688,Uninterrupted_Baseline,190
1790423259.369815708,Uninterrupted_Baseline,191
1790423259.454645021,Uninterrupted_Baseline,192
1790423259.526995059,Uninterrupted_Baseline,193
1790423259.609771615,Uninterrupted_Baseline,194
1790423259.697644715,Uninterrupted_Baseline,195
1790423259.783819473,Uninterrupted_Baseline,196
1790423259.865506556,Uninterrupted_Baseline,197
1790423259.947207200,Uninterrupted_Baseline,198
1790423260.019250819,Uninterrupted_Baseline,199
1790423260.103362644,Uninterrupted_Baseline,200
1790423260.182420122,Uninterrupted_Baseline,201
1790423260.262516226,Uninterrupted_Baseline,202
1790423260.346571282,Uninterrupted_Baseline,203
1790423260.430957136,Uninterrupted_Baseline,204
1790423260.517171471,Uninterrupted_Baseline,205
1790423260.593504504,Uninterrupted_Baseline,206
1790423260.674744573,Uninterrupted_Baseline,207
1790423260.758606071,Uninterrupted_Baseline,208
1790423260.840842133,Uninterrupted_Baseline,209
1790423260.921207303,Uninterrupted_Baseline,210
1790423260.997831806,Uninterrupted_Baseline,211
1790423261.081456045,Uninterrupted_Baseline,212
1790423261.161066374,Uninterrupted_Baseline,213
1790423261.242683351,Uninterrupted_Baseline,214
1790423261.310766949,Uninterrupted_Baseline,215
1790423261.377920662,Uninterrupted_Baseline,216
1790423261.456732283,Uninterrupted_Baseline,217
1790423261.542138237,Uninterrupted_Baseline,218
1790423261.618887810,Uninterrupted_Baseline,219
1790423261.699798881,Uninterrupted_Baseline,220
1790423261.775397578,Uninterrupted_Baseline,221
1790423261.857184385,Uninterrupted_Baseline,222
1790423261.937846890,Uninterrupted_Baseline,223
1790423262.019730393,Uninterrupted_Baseline,224
1790423262.101814731,Uninterrupted_Baseline,225
1790423262.184012033,Uninterrupted_Baseline,226
1790423262.266991718,Uninterrupted_Baseline,227
1790423262.351147927,Uninterrupted_Baseline,228
1790423262.433333609,Uninterrupted_Baseline,230
1790423262.518185756,Uninterrupted_Baseline,231
1790423262.605108913,Uninterrupted_Baseline,232
1790423262.688747948,Uninterrupted_Baseline,233
1790423262.771053562,Uninterrupted_Baseline,234
1790423262.853167452,Uninterrupted_Baseline,235
1790423262.939322422,Uninterrupted_Baseline,236
1790423263.022075483,Uninterrupted_Baseline,237
1790423263.107247683,Uninterrupted_Baseline,238
1790423263.187887472,Uninterrupted_Baseline,239
1790423263.271525853,Uninterrupted_Baseline,240
1790423263.352937172,Uninterrupted_Baseline,241
1790423263.435406232,Uninterrupted_Baseline,242
1790423263.519376821,Uninterrupted_Baseline,243
1790423263.603720878,Uninterrupted_Baseline,244
1790423263.684298120,Uninterrupted_Baseline,245
1790423263.771365151,Uninterrupted_Baseline,246
1790423263.852721606,Uninterrupted_Baseline,247
1790423263.933977366,Uninterrupted_Baseline,248
1790423264.014536158,Uninterrupted_Baseline,249
1790423264.096490614,Uninterrupted_Baseline,250
1790423264.181952251,Uninterrupted_Baseline,251
1790423264.253739338,Uninterrupted_Baseline,252
1790423264.334452017,Uninterrupted_Baseline,253
1790423264.419321894,Uninterrupted_Baseline,254
1790423264.492764576,Uninterrupted_Baseline,255
1790423264.575362072,Uninterrupted_Baseline,256
1790423264.662564476,Uninterrupted_Baseline,258
1790423264.746708492,Uninterrupted_Baseline,259
1790423264.823695694,Uninterrupted_Baseline,259
1790423264.888413993,Uninterrupted_Baseline,260
1790423264.966751037,Uninterrupted_Baseline,261
1790423265.050705939,Uninterrupted_Baseline,262
1790423265.134259656,Uninterrupted_Baseline,263
1790423265.204893528,Uninterrupted_Baseline,264
1790423265.267671244,Uninterrupted_Baseline,265
1790423265.344331118,Uninterrupted_Baseline,266
1790423265.429173173,Uninterrupted_Baseline,267
1790423265.520906602,Uninterrupted_Baseline,268
1790423265.605675138,Uninterrupted_Baseline,269
1790423265.687687644,Uninterrupted_Baseline,270
1790423265.771902409,Uninterrupted_Baseline,271
1790423265.858522167,Uninterrupted_Baseline,272
1790423265.941376967,Uninterrupted_Baseline,273
1790423266.029832490,Uninterrupted_Baseline,275
1790423266.111625491,Uninterrupted_Baseline,276
1790423266.193566861,Uninterrupted_Baseline,277
1790423266.276280311,Uninterrupted_Baseline,278
1790423266.354213261,Uninterrupted_Baseline,279
1790423266.439554658,Uninterrupted_Baseline,280
1790423266.525551285,Uninterrupted_Baseline,281
1790423266.594511251,Uninterrupted_Baseline,282
1790423266.668778820,Uninterrupted_Baseline,283
1790423266.747467386,Uninterrupted_Baseline,284
1790423266.825316302,Uninterrupted_Baseline,285
1790423266.917794861,Uninterrupted_Baseline,286
1790423267.003230701,Uninterrupted_Baseline,287
1790423267.090269625,Uninterrupted_Baseline,288
1790423267.173584631,Uninterrupted_Baseline,289
1790423267.265291836,Uninterrupted_Baseline,290
1790423267.354032118,Uninterrupted_Baseline,291
1790423267.439136553,Uninterrupted_Baseline,292
1790423267.519727240,Uninterrupted_Baseline,293
1790423267.611749163,Uninterrupted_Baseline,294
1790423267.698413656,Uninterrupted_Baseline,295
1790423267.782224435,Uninterrupted_Baseline,297
1790423267.870417742,Uninterrupted_Baseline,298
1790423267.953786540,Uninterrupted_Baseline,299
1790423268.034215924,Uninterrupted_Baseline,300
1790423268.092012570,Uninterrupted_Baseline,300
1790423268.170909938,Uninterrupted_Baseline,301
1790423268.244311201,Uninterrupted_Baseline,302
1790423268.301353004,Uninterrupted_Baseline,303
1790423268.374669675,Uninterrupted_Baseline,304
1790423268.442359005,Uninterrupted_Baseline,305
1790423268.490575564,Uninterrupted_Baseline,305
1790423268.542246257,Uninterrupted_Baseline,306
1790423268.621930042,Uninterrupted_Baseline,307
1790423268.691748123,Uninterrupted_Baseline,308
1790423268.769710114,Uninterrupted_Baseline,309
1790423268.854536240,Uninterrupted_Baseline,310
1790423268.938767608,Uninterrupted_Baseline,311
1790423269.011387418,Uninterrupted_Baseline,312
1790423269.086040075,Uninterrupted_Baseline,313
1790423269.165002872,Uninterrupted_Baseline,314
1790423269.224635625,Uninterrupted_Baseline,314
1790423269.301151435,Uninterrupted_Baseline,315
1790423269.377161260,Uninterrupted_Baseline,316
1790423269.462740919,Uninterrupted_Baseline,317
1790423269.544346776,Uninterrupted_Baseline,318
1790423269.628540153,Uninterrupted_Baseline,319
1790423269.710634165,Uninterrupted_Baseline,320
1790423269.794369891,Uninterrupted_Baseline,321
1790423269.876129585,Uninterrupted_Baseline,322
1790423280.550270843,Phase1_Baseline,10
1790423280.628591084,Phase1_Baseline,16
1790423280.707181075,Phase1_Baseline,32
1790423280.786353920,Phase1_Baseline,64
1790423280.864827694,Phase1_Baseline,128
1790423280.935312068,Phase1_Baseline,190
1790423281.017393715,Phase1_Baseline,354
1790423281.095809809,Phase1_Baseline,570
1790423281.164632710,Phase1_Baseline,808
1790423281.223681693,Phase1_Baseline,1094
1790423281.288257205,Phase1_Baseline,1101
1790423281.345286978,Phase1_Baseline,968
1790423281.415442337,Phase1_Baseline,809
1790423281.490676940,Phase1_Baseline,592
1790423281.572398015,Phase1_Baseline,592
1790423281.633527008,Phase1_Baseline,592
1790423281.694248957,Phase1_Baseline,539
1790423281.780098326,Phase1_Baseline,329
1790423281.864516404,Phase1_Baseline,296
1790423281.945346705,Phase1_Baseline,186
1790423282.010834629,Phase1_Baseline,148
1790423282.094915534,Phase1_Baseline,149
1790423282.176914872,Phase1_Baseline,150
1790423282.260472187,Phase1_Baseline,151
1790423282.345601110,Phase1_Baseline,152
1790423282.419146624,Phase1_Baseline,153
1790423282.489006604,Phase1_Baseline,154
1790423282.573089887,Phase1_Baseline,155
1790423282.654563470,Phase1_Baseline,156
1790423282.734061394,Phase1_Baseline,157
1790423282.808723532,Phase1_Baseline,158
1790423282.874594096,Phase1_Baseline,159
1790423282.951807679,Phase1_Baseline,160
1790423283.033124369,Phase1_Baseline,161
1790423283.097557854,Phase1_Baseline,162
1790423283.179330183,Phase1_Baseline,163
1790423283.261885413,Phase1_Baseline,164
1790423283.329717709,Phase1_Baseline,164
1790423283.395251081,Phase1_Baseline,165
1790423283.473959906,Phase1_Baseline,166
1790423283.541960184,Phase1_Baseline,167
1790423283.623906569,Phase1_Baseline,168
1790423283.693722960,Phase1_Baseline,169
1790423283.777106498,Phase1_Baseline,170
1790423283.847950761,Phase1_Baseline,171
1790423283.916325244,Phase1_Baseline,172
1790423283.982864933,Phase1_Baseline,173
1790423284.061745510,Phase1_Baseline,174
1790423284.138615409,Phase1_Baseline,175
1790423284.210325186,Phase1_Baseline,176
1790423284.289354730,Phase1_Baseline,177
1790423284.367550406,Phase1_Baseline,178
1790423284.447059455,Phase1_Baseline,179
1790423284.530839677,Phase1_Baseline,180
1790423284.608121025,Phase1_Baseline,181
1790423284.688513992,Phase1_Baseline,182
1790423284.764868626,Phase1_Baseline,183
1790423284.849543666,Phase1_Baseline,184
1790423284.939733930,Phase1_Baseline,185
1790423285.002007721,Phase1_Baseline,185
1790423285.056585528,Phase1_Baseline,186
1790423285.114801526,Phase1_Baseline,187
1790423285.186753201,Phase1_Baseline,188
1790423285.266029981,Phase1_Baseline,189
1790423285.349534765,Phase1_Baseline,190
1790423285.434689942,Phase1_Baseline,191
1790423285.515968943,Phase1_Baseline,192
1790423285.594640726,Phase1_Baseline,193
1790423285.681839474,Phase1_Baseline,194
1790423285.762905432,Phase1_Baseline,195
1790423285.836369279,Phase1_Baseline,196
1790423285.918443658,Phase1_Baseline,197
1790423285.994242477,Phase1_Baseline,198
1790423286.076477540,Phase1_Baseline,199
1790423286.140279780,Phase1_Baseline,200
1790423286.221132766,Phase1_Baseline,201
1790423286.297499430,Phase1_Baseline,202
1790423286.361285304,Phase1_Baseline,203
1790423286.442006418,Phase1_Baseline,204
1790423286.524569495,Phase1_Baseline,205
1790423286.607578811,Phase1_Baseline,206
1790423286.689682722,Phase1_Baseline,207
1790423286.772220623,Phase1_Baseline,208
1790423286.861913524,Phase1_Baseline,209
1790423286.944242126,Phase1_Baseline,210
1790423287.022587242,Phase1_Baseline,211
1790423287.104232390,Phase1_Baseline,212
1790423287.183258558,Phase1_Baseline,213
1790423287.246094124,Phase1_Baseline,214
1790423287.321822117,Phase1_Baseline,215
1790423287.403640281,Phase1_Baseline,216
1790423287.487390130,Phase1_Baseline,217
1790423287.567502968,Phase1_Baseline,218
1790423287.646571217,Phase1_Baseline,219
1790423287.726504776,Phase1_Baseline,220
1790423287.810602117,Phase1_Baseline,221
1790423287.894259420,Phase1_Baseline,222
1790423287.976505895,Phase1_Baseline,223
1790423288.057840339,Phase1_Baseline,224
1790423288.123805769,Phase1_Baseline,225
1790423288.192039805,Phase1_Baseline,226
1790423288.268883784,Phase1_Baseline,227
1790423288.356876695,Phase1_Baseline,228
1790423288.435243002,Phase1_Baseline,229
1790423288.505566476,Phase1_Baseline,230
1790423288.580679595,Phase1_Baseline,231
1790423288.651172557,Phase1_Baseline,232
1790423288.718146438,Phase1_Baseline,232
1790423288.778778069,Phase1_Baseline,233
1790423288.854811185,Phase1_Baseline,234
1790423288.934692423,Phase1_Baseline,235
1790423289.011252805,Phase1_Baseline,236
1790423289.092520095,Phase1_Baseline,237
1790423289.163945613,Phase1_Baseline,238
1790423289.231214824,Phase1_Baseline,239
1790423289.308783139,Phase1_Baseline,240
1790423289.390987212,Phase1_Baseline,241
1790423289.461233666,Phase1_Baseline,242
1790423289.540627394,Phase1_Baseline,243
1790423289.618547662,Phase1_Baseline,244
1790423289.703984905,Phase1_Baseline,245
1790423289.785190801,Phase1_Baseline,246
1790423289.871791692,Phase1_Baseline,247
1790423289.958345696,Phase1_Baseline,248
1790423290.048988651,Phase1_Baseline,249
1790423290.128357623,Phase1_Baseline,250
1790423290.218804372,Phase1_Baseline,251
1790423290.309618199,Phase1_Baseline,253
1790423290.390917938,Phase1_Baseline,253
1790423290.472281634,Phase1_Baseline,255
1790423290.546631967,Phase1_Baseline,256
1790423290.629089166,Phase1_Baseline,256
1790423290.702309362,Phase1_Baseline,257
1790423290.789239503,Phase1_Baseline,259
1790423290.862267366,Phase1_Baseline,259
1790423290.942476275,Phase1_Baseline,260
1790423291.013753865,Phase1_Baseline,261
1790423291.080273014,Phase1_Baseline,262
1790423291.163584735,Phase1_Baseline,263
1790423291.230537170,Phase1_Baseline,264
1790423291.298708650,Phase1_Baseline,265
1790423291.381580964,Phase1_Baseline,266
1790423291.449590452,Phase1_Baseline,267
1790423291.514948166,Phase1_Baseline,268
1790423291.590067584,Phase1_Baseline,269
1790423291.668293786,Phase1_Baseline,270
1790423291.755481336,Phase1_Baseline,271
1790423291.837376351,Phase1_Baseline,272
1790423291.920139679,Phase1_Baseline,273
1790423292.003062323,Phase1_Baseline,274
1790423292.080829525,Phase1_Baseline,275
1790423292.161945719,Phase1_Baseline,276
1790423292.243593758,Phase1_Baseline,277
1790423292.323138638,Phase1_Baseline,278
1790423292.404212434,Phase1_Baseline,279
1790423292.485320772,Phase1_Baseline,280
1790423292.571450797,Phase1_Baseline,281
1790423292.631499731,Phase1_Baseline,282
1790423292.711364292,Phase1_Baseline,283
1790423292.795582615,Phase1_Baseline,284
1790423292.871789559,Phase1_Baseline,285
1790423292.953850896,Phase1_Baseline,286
1790423293.037097927,Phase1_Baseline,287
1790423293.117240532,Phase1_Baseline,288
1790423293.187700232,Phase1_Baseline,288
1790423293.264563734,Phase1_Baseline,289
1790423293.339897596,Phase1_Baseline,290
1790423293.421571705,Phase1_Baseline,291
1790423293.498461436,Phase1_Baseline,292
1790423293.579697334,Phase1_Baseline,293
1790423293.657585393,Phase1_Baseline,294
1790423293.736143922,Phase1_Baseline,295
1790423293.816321961,Phase1_Baseline,296
1790423293.896736769,Phase1_Baseline,297
1790423293.972932447,Phase1_Baseline,298
1790423294.024199549,Phase1_Baseline,299
1790423294.092540026,Phase1_Baseline,300
1790423294.162037477,Phase1_Baseline,300
1790423294.225564126,Phase1_Baseline,301
1790423294.307043188,Phase1_Baseline,302
1790423294.383824797,Phase1_Baseline,303
1790423294.465755922,Phase1_Baseline,304
1790423294.544168965,Phase1_Baseline,305
1790423294.627292054,Phase1_Baseline,306
1790423294.705876973,Phase1_Baseline,307
1790423294.785223289,Phase1_Baseline,308
1790423294.852939885,Phase1_Baseline,309
1790423294.915229206,Phase1_Baseline,310
1790423294.995588723,Phase1_Baseline,311
1790423295.075756752,Phase1_Baseline,312
1790423295.135553650,Phase1_Baseline,313
1790423295.220845796,Phase1_Baseline,314
1790423295.302560618,Phase1_Baseline,315
1790423295.376080694,Phase1_Baseline,316
1790423295.458209021,Phase1_Baseline,317
1790423295.529921199,Phase1_Baseline,318
1790423295.602289434,Phase1_Baseline,318
1790423295.682789404,Phase1_Baseline,319
1790423295.756784467,Phase1_Baseline,320
1790423295.831809214,Phase1_Baseline,321
1790423295.910588677,Phase1_Baseline,322
1790423295.984387077,Phase1_Baseline,323
1790423296.063249064,Phase1_Baseline,324
1790423296.130480312,Phase1_Baseline,325
1790423296.208645113,Phase1_Baseline,326
1790423296.287597980,Phase1_Baseline,327
1790423296.353214732,Phase1_Baseline,328
1790423296.422497428,Phase1_Baseline,329
1790423296.504289876,Phase1_Baseline,330
1790423296.590311430,Phase1_Baseline,331
1790423296.671268767,Phase1_Baseline,332
1790423296.750828703,Phase1_Baseline,333
1790423296.825038216,Phase1_Baseline,333
1790423296.900333230,Phase1_Baseline,334
1790423296.983888151,Phase1_Baseline,335
1790423297.061532517,Phase1_Baseline,336
1790423297.143205701,Phase1_Baseline,337
1790423297.224760413,Phase1_Baseline,338
1790423297.291690724,Phase1_Baseline,339
1790423297.354149429,Phase1_Baseline,340
1790423297.433488285,Phase1_Baseline,341
1790423297.510834807,Phase1_Baseline,342
1790423297.575059146,Phase1_Baseline,343
1790423297.654325464,Phase1_Baseline,344
1790423297.736774574,Phase1_Baseline,345
1790423297.819284621,Phase1_Baseline,346
1790423297.899882615,Phase1_Baseline,347
1790423297.983786854,Phase1_Baseline,347
1790423298.050841530,Phase1_Baseline,348
1790423298.116172647,Phase1_Baseline,349
1790423298.182085466,Phase1_Baseline,350
1790423298.256733255,Phase1_Baseline,351
1790423298.319866043,Phase1_Baseline,351
1790423298.397505262,Phase1_Baseline,352
1790423298.448304084,Phase1_Baseline,353
1790423298.500782179,Phase1_Baseline,354
1790423298.567326993,Phase1_Baseline,354
1790423298.650389498,Phase1_Baseline,355
1790423298.702432203,Phase1_Baseline,299
1790423298.769170298,Phase1_Baseline,177
1790423298.845613231,Phase1_Baseline,177
1790423298.935138936,Phase1_Baseline,178
1790423299.017389834,Phase1_Baseline,178
1790423299.075805870,Phase1_Baseline,179
1790423299.156325336,Phase1_Baseline,180
1790423299.208500274,Phase1_Baseline,181
1790423299.272575084,Phase1_Baseline,182
1790423299.347692591,Phase1_Baseline,183
1790423299.425829037,Phase1_Baseline,184
1790423299.504035399,Phase1_Baseline,185
1790423299.581715197,Phase1_Baseline,186
1790423299.661874185,Phase1_Baseline,187
1790423299.723304719,Phase1_Baseline,187
1790423299.784789440,Phase1_Baseline,188
1790423299.856878603,Phase1_Baseline,189
1790423299.934039939,Phase1_Baseline,190
1790423300.016022291,Phase1_Baseline,191
1790423300.096332496,Phase1_Baseline,192
1790423300.173695841,Phase1_Baseline,193
1790423300.257145345,Phase1_Baseline,194
1790423300.323783326,Phase1_Baseline,195
1790423300.391209081,Phase1_Baseline,196
1790423300.474991651,Phase1_Baseline,197
1790423300.560860294,Phase1_Baseline,198
1790423300.638517001,Phase1_Baseline,199
1790423300.721291595,Phase1_Baseline,200
1790423300.803209475,Phase1_Baseline,201
1790423300.890263259,Phase1_Baseline,202
1790423300.978156764,Phase1_Baseline,203
1790423301.060564811,Phase1_Baseline,205
1790423301.143012895,Phase1_Baseline,206
1790423301.227788711,Phase1_Baseline,206
1790423301.298629682,Phase1_Baseline,207
1790423301.366555348,Phase1_Baseline,208
1790423301.447981020,Phase1_Baseline,209
1790423301.534586543,Phase1_Baseline,210
1790423301.615507935,Phase1_Baseline,212
1790423301.695905841,Phase1_Baseline,212
1790423301.779086264,Phase1_Baseline,214
1790423301.853095175,Phase1_Baseline,214
1790423301.931507540,Phase1_Baseline,215
1790423302.013270419,Phase1_Baseline,217
1790423302.092109357,Phase1_Baseline,218
1790423302.170557962,Phase1_Baseline,219
1790423302.252338052,Phase1_Baseline,220
1790423302.336301080,Phase1_Baseline,221
1790423302.419509308,Phase1_Baseline,222
1790423302.504603913,Phase1_Baseline,223
1790423302.583841633,Phase1_Baseline,224
1790423302.662023030,Phase1_Baseline,225
1790423302.744582502,Phase1_Baseline,226
1790423302.825949812,Phase1_Baseline,227
1790423302.907479981,Phase1_Baseline,228
1790423302.989529372,Phase1_Baseline,229
1790423303.066743086,Phase1_Baseline,230
1790423303.154379298,Phase1_Baseline,231
1790423303.246913315,Phase1_Baseline,232
1790423303.331932471,Phase1_Baseline,233
1790423303.404753998,Phase1_Baseline,234
1790423303.476103388,Phase1_Baseline,235
1790423303.554942312,Phase1_Baseline,236
1790423303.614305243,Phase1_Baseline,237
1790423303.697631465,Phase1_Baseline,238
1790423303.770815322,Phase1_Baseline,239
1790423303.849828187,Phase1_Baseline,240
1790423303.931848418,Phase1_Baseline,241
1790423304.012242998,Phase1_Baseline,242
1790423304.094436914,Phase1_Baseline,243
1790423304.176262784,Phase1_Baseline,244
1790423304.257262194,Phase1_Baseline,245
1790423304.327517234,Phase1_Baseline,246
1790423304.403828353,Phase1_Baseline,247
1790423304.470069639,Phase1_Baseline,247
1790423304.547814078,Phase1_Baseline,248
1790423306.007346767,Phase2_Migrated,10
1790423306.103110414,Phase2_Migrated,20
1790423306.199575423,Phase2_Migrated,40
1790423306.287205202,Phase2_Migrated,80
1790423306.376068077,Phase2_Migrated,140
1790423306.435443151,Phase2_Migrated,280
1790423306.520923023,Phase2_Migrated,504
1790423306.611488844,Phase2_Migrated,837
1790423306.706053916,Phase2_Migrated,1052
1790423306.798088335,Phase2_Migrated,858
1790423306.893145719,Phase2_Migrated,642
1790423306.989042745,Phase2_Migrated,556
1790423307.083490374,Phase2_Migrated,556
1790423307.178094111,Phase2_Migrated,17
1790423307.248233675,Phase2_Migrated,278
1790423307.338306210,Phase2_Migrated,279
1790423307.430172429,Phase2_Migrated,280
1790423307.525874914,Phase2_Migrated,281
1790423307.619059649,Phase2_Migrated,282
1790423307.713294222,Phase2_Migrated,283
1790423307.815939899,Phase2_Migrated,285
1790423307.913022373,Phase2_Migrated,286
1790423307.990804761,Phase2_Migrated,287
1790423308.079908853,Phase2_Migrated,288
1790423308.171322597,Phase2_Migrated,289
1790423308.258691931,Phase2_Migrated,290
1790423308.319393403,Phase2_Migrated,291
1790423308.406196840,Phase2_Migrated,292
1790423308.461379242,Phase2_Migrated,292
1790423308.525925403,Phase2_Migrated,293
1790423308.588902196,Phase2_Migrated,294
1790423308.664678579,Phase2_Migrated,295
1790423308.744534141,Phase2_Migrated,296
1790423308.825318962,Phase2_Migrated,297
1790423308.910760704,Phase2_Migrated,298
1790423308.984761056,Phase2_Migrated,299
1790423309.060238944,Phase2_Migrated,300
1790423309.128072269,Phase2_Migrated,301
1790423309.205572447,Phase2_Migrated,302
1790423309.297025329,Phase2_Migrated,303
1790423309.388188690,Phase2_Migrated,304
1790423309.484054054,Phase2_Migrated,305
1790423309.574528809,Phase2_Migrated,306
1790423309.665317345,Phase2_Migrated,307
1790423309.751770169,Phase2_Migrated,309
1790423309.841275658,Phase2_Migrated,310
1790423309.941155524,Phase2_Migrated,311
1790423310.036855891,Phase2_Migrated,312
1790423310.131475503,Phase2_Migrated,313
1790423310.222349212,Phase2_Migrated,314
1790423310.320505873,Phase2_Migrated,316
1790423310.418906103,Phase2_Migrated,317
1790423310.502983045,Phase2_Migrated,318
1790423310.584101553,Phase2_Migrated,319
1790423310.674580740,Phase2_Migrated,320
1790423310.754344654,Phase2_Migrated,321
1790423310.832690998,Phase2_Migrated,322
1790423310.926150829,Phase2_Migrated,323
1790423311.012349072,Phase2_Migrated,324
1790423311.104503609,Phase2_Migrated,325
1790423311.199869207,Phase2_Migrated,326
1790423311.282753013,Phase2_Migrated,327
1790423311.372697476,Phase2_Migrated,329
1790423311.466560648,Phase2_Migrated,330
1790423311.557863058,Phase2_Migrated,331
1790423311.639017054,Phase2_Migrated,332
1790423311.731056777,Phase2_Migrated,333
1790423311.824616094,Phase2_Migrated,334
1790423311.918765528,Phase2_Migrated,335
1790423312.011263806,Phase2_Migrated,336
1790423312.105871393,Phase2_Migrated,338
1790423312.197771817,Phase2_Migrated,339
1790423312.292321052,Phase2_Migrated,340
1790423312.383031204,Phase2_Migrated,341
1790423312.477074462,Phase2_Migrated,342
1790423312.569820027,Phase2_Migrated,343
1790423312.660468358,Phase2_Migrated,344
1790423312.741331943,Phase2_Migrated,345
1790423312.830239820,Phase2_Migrated,346
1790423312.922791712,Phase2_Migrated,347
1790423313.018253137,Phase2_Migrated,349
1790423313.112699409,Phase2_Migrated,350
1790423313.205221987,Phase2_Migrated,351
1790423313.296932238,Phase2_Migrated,352
1790423313.391991968,Phase2_Migrated,353
1790423313.484491863,Phase2_Migrated,354
1790423313.584680636,Phase2_Migrated,355
1790423313.684131927,Phase2_Migrated,278
1790423313.770751632,Phase2_Migrated,178
1790423313.862637690,Phase2_Migrated,178
1790423313.955248433,Phase2_Migrated,179
1790423314.044725999,Phase2_Migrated,180
1790423314.140591312,Phase2_Migrated,182
1790423314.236819494,Phase2_Migrated,183
1790423314.328303462,Phase2_Migrated,184
1790423314.417354355,Phase2_Migrated,185
1790423314.508624545,Phase2_Migrated,186
1790423314.601081687,Phase2_Migrated,187
1790423314.698388335,Phase2_Migrated,189
1790423314.791902708,Phase2_Migrated,190
1790423314.875936133,Phase2_Migrated,191
1790423314.978322861,Phase2_Migrated,192
1790423315.035926489,Phase2_Migrated,193
1790423315.105219675,Phase2_Migrated,194
1790423315.192861800,Phase2_Migrated,195
1790423315.284067336,Phase2_Migrated,196
1790423315.379889195,Phase2_Migrated,197
1790423315.470452510,Phase2_Migrated,198
1790423315.570954211,Phase2_Migrated,200
1790423315.667766533,Phase2_Migrated,201
1790423315.765467864,Phase2_Migrated,202
1790423315.862801712,Phase2_Migrated,203
1790423315.957842802,Phase2_Migrated,204
1790423316.055276226,Phase2_Migrated,206
1790423316.148182149,Phase2_Migrated,207
1790423316.239626316,Phase2_Migrated,208
1790423316.331074461,Phase2_Migrated,209
1790423316.417796294,Phase2_Migrated,210
1790423316.495690574,Phase2_Migrated,211
1790423316.574486998,Phase2_Migrated,212
1790423316.653283944,Phase2_Migrated,213
1790423316.747130335,Phase2_Migrated,214
1790423316.838273102,Phase2_Migrated,215
1790423316.928488167,Phase2_Migrated,217
1790423317.010733173,Phase2_Migrated,218
1790423317.083302355,Phase2_Migrated,219
1790423317.173046865,Phase2_Migrated,220
1790423317.265220735,Phase2_Migrated,221
1790423317.351609243,Phase2_Migrated,222
1790423317.425761353,Phase2_Migrated,223
1790423317.512333671,Phase2_Migrated,224
1790423317.606930438,Phase2_Migrated,225
1790423317.699074832,Phase2_Migrated,226
1790423317.780373712,Phase2_Migrated,227
1790423317.869294230,Phase2_Migrated,229
1790423317.960004430,Phase2_Migrated,230
1790423318.053520579,Phase2_Migrated,231
1790423318.139080730,Phase2_Migrated,232
1790423318.228027002,Phase2_Migrated,233
1790423318.288711499,Phase2_Migrated,234
1790423318.379294600,Phase2_Migrated,235
1790423318.453779284,Phase2_Migrated,236
1790423318.521464662,Phase2_Migrated,237
1790423318.583225582,Phase2_Migrated,237
1790423318.650347006,Phase2_Migrated,238
1790423318.734202250,Phase2_Migrated,239
1790423318.810056640,Phase2_Migrated,240
1790423318.899973214,Phase2_Migrated,242
1790423318.995701302,Phase2_Migrated,243
1790423319.086998813,Phase2_Migrated,244
1790423319.150080878,Phase2_Migrated,245
1790423319.231687970,Phase2_Migrated,246
1790423319.323005361,Phase2_Migrated,247
1790423319.416902149,Phase2_Migrated,248
1790423319.512048491,Phase2_Migrated,249
1790423319.602127797,Phase2_Migrated,250
1790423319.692726134,Phase2_Migrated,251
1790423319.760746747,Phase2_Migrated,252
1790423319.851604191,Phase2_Migrated,253
1790423319.935877398,Phase2_Migrated,254
1790423320.036629195,Phase2_Migrated,256
1790423320.131771134,Phase2_Migrated,257
1790423320.227269410,Phase2_Migrated,258
1790423320.319370080,Phase2_Migrated,259
1790423320.415950824,Phase2_Migrated,261
1790423320.510866530,Phase2_Migrated,262
1790423320.586639325,Phase2_Migrated,263
1790423320.677910272,Phase2_Migrated,264
1790423320.766341773,Phase2_Migrated,265
1790423320.839348922,Phase2_Migrated,266
1790423320.912089699,Phase2_Migrated,267
1790423320.992727604,Phase2_Migrated,268
1790423321.077573816,Phase2_Migrated,269
1790423321.171541928,Phase2_Migrated,270
1790423321.259433043,Phase2_Migrated,271
1790423321.346562532,Phase2_Migrated,272
1790423321.441790347,Phase2_Migrated,273
1790423321.543062574,Phase2_Migrated,275
1790423321.641932751,Phase2_Migrated,276
1790423321.737219124,Phase2_Migrated,277
1790423321.828100218,Phase2_Migrated,278
1790423321.907950311,Phase2_Migrated,279
1790423322.005240667,Phase2_Migrated,280
1790423322.090477517,Phase2_Migrated,282
1790423322.176014794,Phase2_Migrated,283
1790423322.267225600,Phase2_Migrated,284
1790423322.364297566,Phase2_Migrated,285
1790423322.449007173,Phase2_Migrated,286
1790423322.544541154,Phase2_Migrated,287
1790423322.636377706,Phase2_Migrated,288
1790423322.729020985,Phase2_Migrated,289
1790423322.822365841,Phase2_Migrated,291
1790423322.914444236,Phase2_Migrated,292
1790423323.008619569,Phase2_Migrated,293
1790423323.097804584,Phase2_Migrated,294
1790423323.168761387,Phase2_Migrated,295
1790423323.268759885,Phase2_Migrated,296
1790423323.362212957,Phase2_Migrated,297
1790423323.448371642,Phase2_Migrated,298
1790423323.544823871,Phase2_Migrated,300
1790423323.642678939,Phase2_Migrated,301
1790423323.734895248,Phase2_Migrated,302
1790423323.831769148,Phase2_Migrated,303
1790423323.924209101,Phase2_Migrated,304
1790423324.015452171,Phase2_Migrated,305
1790423324.106587047,Phase2_Migrated,307
1790423324.196065132,Phase2_Migrated,308
1790423324.285312291,Phase2_Migrated,309
1790423324.376088409,Phase2_Migrated,310
1790423324.479898556,Phase2_Migrated,311
1790423324.567990309,Phase2_Migrated,312
1790423324.662159138,Phase2_Migrated,313
1790423324.752517812,Phase2_Migrated,315
1790423324.845067876,Phase2_Migrated,316
1790423324.932588818,Phase2_Migrated,317
1790423325.034258580,Phase2_Migrated,318
1790423325.125994907,Phase2_Migrated,319
1790423325.208266296,Phase2_Migrated,320
1790423325.301143959,Phase2_Migrated,321
1790423325.391932831,Phase2_Migrated,322
1790423325.484812583,Phase2_Migrated,324
1790423325.581844597,Phase2_Migrated,325
1790423325.676356864,Phase2_Migrated,326
1790423325.767413034,Phase2_Migrated,327
1790423325.860444181,Phase2_Migrated,328
1790423325.956575500,Phase2_Migrated,329
1790423326.032028592,Phase2_Migrated,319
1790423326.120801274,Phase2_Migrated,165
1790423326.212846994,Phase2_Migrated,166
1790423326.298849818,Phase2_Migrated,167
1790423326.392161558,Phase2_Migrated,168
1790423326.486066615,Phase2_Migrated,169
1790423326.578848206,Phase2_Migrated,171
1790423326.676898255,Phase2_Migrated,172
1790423326.765914397,Phase2_Migrated,173
1790423326.860468788,Phase2_Migrated,174
1790423326.951760851,Phase2_Migrated,175
1790423327.044780579,Phase2_Migrated,176
1790423327.127240865,Phase2_Migrated,178
1790423327.222185642,Phase2_Migrated,179
1790423327.314322252,Phase2_Migrated,180
1790423327.405046158,Phase2_Migrated,181
1790423327.497084318,Phase2_Migrated,182
1790423328.910603985,Uninterrupted_Baseline,1
1790423328.981886576,Uninterrupted_Baseline,1
1790423329.069514135,Uninterrupted_Baseline,1
1790423329.130453552,Uninterrupted_Baseline,1
1790423329.210874419,Uninterrupted_Baseline,1
1790423329.290420140,Uninterrupted_Baseline,1
1790423329.378638519,Uninterrupted_Baseline,1
1790423329.463839380,Uninterrupted_Baseline,1
1790423329.547035973,Uninterrupted_Baseline,1
1790423329.628944239,Uninterrupted_Baseline,1
1790423329.710158255,Uninterrupted_Baseline,1
1790423329.778682393,Uninterrupted_Baseline,1
1790423329.863030497,Uninterrupted_Baseline,1
1790423329.944773441,Uninterrupted_Baseline,1
1790423330.027995604,Uninterrupted_Baseline,1
1790423330.095697341,Uninterrupted_Baseline,1
1790423330.178778347,Uninterrupted_Baseline,1
1790423330.178778347,Uninterrupted_Baseline,10
1790423330.261446875,Uninterrupted_Baseline,1
1790423330.261446875,Uninterrupted_Baseline,14
1790423330.337742106,Uninterrupted_Baseline,1
1790423330.337742106,Uninterrupted_Baseline,27
1790423330.422127715,Uninterrupted_Baseline,1
1790423330.422127715,Uninterrupted_Baseline,54
1790423330.484574093,Uninterrupted_Baseline,1
1790423330.484574093,Uninterrupted_Baseline,68
1790423330.563194034,Uninterrupted_Baseline,1
1790423330.563194034,Uninterrupted_Baseline,140
1790423330.644345698,Uninterrupted_Baseline,1
1790423330.644345698,Uninterrupted_Baseline,301
1790423330.729422784,Uninterrupted_Baseline,1
1790423330.729422784,Uninterrupted_Baseline,557
1790423330.815933536,Uninterrupted_Baseline,1
1790423330.815933536,Uninterrupted_Baseline,919
1790423330.899586924,Uninterrupted_Baseline,1
1790423330.899586924,Uninterrupted_Baseline,974
1790423330.982036141,Uninterrupted_Baseline,1
1790423330.982036141,Uninterrupted_Baseline,794
1790423331.068171656,Uninterrupted_Baseline,1
1790423331.068171656,Uninterrupted_Baseline,590
1790423331.150628588,Uninterrupted_Baseline,1
1790423331.150628588,Uninterrupted_Baseline,536
1790423331.231942473,Uninterrupted_Baseline,1
1790423331.231942473,Uninterrupted_Baseline,536
1790423331.287866656,Uninterrupted_Baseline,1
1790423331.287866656,Uninterrupted_Baseline,536
1790423331.377957531,Uninterrupted_Baseline,1
1790423331.377957531,Uninterrupted_Baseline,533
1790423331.462504034,Uninterrupted_Baseline,1
1790423331.462504034,Uninterrupted_Baseline,421
1790423331.537581581,Uninterrupted_Baseline,1
1790423331.537581581,Uninterrupted_Baseline,268
1790423331.618540719,Uninterrupted_Baseline,1
1790423331.618540719,Uninterrupted_Baseline,266
1790423331.701704402,Uninterrupted_Baseline,1
1790423331.701704402,Uninterrupted_Baseline,134
1790423331.787173823,Uninterrupted_Baseline,1
1790423331.787173823,Uninterrupted_Baseline,135
1790423331.867728415,Uninterrupted_Baseline,1
1790423331.867728415,Uninterrupted_Baseline,136
1790423331.946695969,Uninterrupted_Baseline,1
1790423331.946695969,Uninterrupted_Baseline,137
1790423332.027024993,Uninterrupted_Baseline,1
1790423332.027024993,Uninterrupted_Baseline,138
1790423332.110099288,Uninterrupted_Baseline,1
1790423332.110099288,Uninterrupted_Baseline,139
1790423332.194791109,Uninterrupted_Baseline,1
1790423332.194791109,Uninterrupted_Baseline,140
1790423332.280847229,Uninterrupted_Baseline,1
1790423332.280847229,Uninterrupted_Baseline,141
1790423332.362370607,Uninterrupted_Baseline,1
1790423332.362370607,Uninterrupted_Baseline,142
1790423332.443924605,Uninterrupted_Baseline,1
1790423332.443924605,Uninterrupted_Baseline,143
1790423332.529806863,Uninterrupted_Baseline,1
1790423332.529806863,Uninterrupted_Baseline,144
1790423332.609588300,Uninterrupted_Baseline,1
1790423332.609588300,Uninterrupted_Baseline,145
1790423332.694435698,Uninterrupted_Baseline,1
1790423332.694435698,Uninterrupted_Baseline,146
1790423332.778515844,Uninterrupted_Baseline,1
1790423332.778515844,Uninterrupted_Baseline,147
1790423332.863517223,Uninterrupted_Baseline,1
1790423332.863517223,Uninterrupted_Baseline,148
1790423332.946378369,Uninterrupted_Baseline,1
1790423332.946378369,Uninterrupted_Baseline,150
1790423333.035781007,Uninterrupted_Baseline,1
1790423333.035781007,Uninterrupted_Baseline,151
1790423333.116046845,Uninterrupted_Baseline,1
1790423333.116046845,Uninterrupted_Baseline,152
1790423333.200870528,Uninterrupted_Baseline,1
1790423333.200870528,Uninterrupted_Baseline,153
1790423333.281159389,Uninterrupted_Baseline,1
1790423333.281159389,Uninterrupted_Baseline,154
1790423333.360510187,Uninterrupted_Baseline,1
1790423333.360510187,Uninterrupted_Baseline,155
1790423333.445474597,Uninterrupted_Baseline,1
1790423333.445474597,Uninterrupted_Baseline,156
1790423333.529285466,Uninterrupted_Baseline,1
1790423333.529285466,Uninterrupted_Baseline,157
1790423333.612819436,Uninterrupted_Baseline,1
1790423333.612819436,Uninterrupted_Baseline,158
1790423333.693598868,Uninterrupted_Baseline,1
1790423333.693598868,Uninterrupted_Baseline,159
1790423333.775968157,Uninterrupted_Baseline,1
1790423333.775968157,Uninterrupted_Baseline,160
1790423333.854303252,Uninterrupted_Baseline,1
1790423333.854303252,Uninterrupted_Baseline,161
1790423333.937270782,Uninterrupted_Baseline,1
1790423333.937270782,Uninterrupted_Baseline,162
1790423334.010520074,Uninterrupted_Baseline,1
1790423334.010520074,Uninterrupted_Baseline,163
1790423334.091685870,Uninterrupted_Baseline,1
1790423334.091685870,Uninterrupted_Baseline,164
1790423334.170885733,Uninterrupted_Baseline,1
1790423334.170885733,Uninterrupted_Baseline,165
1790423334.235610079,Uninterrupted_Baseline,1
1790423334.235610079,Uninterrupted_Baseline,166
1790423334.317966300,Uninterrupted_Baseline,1
1790423334.317966300,Uninterrupted_Baseline,167
1790423334.398230300,Uninterrupted_Baseline,1
1790423334.398230300,Uninterrupted_Baseline,168
1790423334.482776346,Uninterrupted_Baseline,1
1790423334.482776346,Uninterrupted_Baseline,169
1790423334.571449991,Uninterrupted_Baseline,1
1790423334.571449991,Uninterrupted_Baseline,170
1790423334.654352066,Uninterrupted_Baseline,1
1790423334.654352066,Uninterrupted_Baseline,171
1790423334.743040693,Uninterrupted_Baseline,1
1790423334.743040693,Uninterrupted_Baseline,172
1790423334.812137959,Uninterrupted_Baseline,1
1790423334.812137959,Uninterrupted_Baseline,173
1790423334.880872753,Uninterrupted_Baseline,1
1790423334.880872753,Uninterrupted_Baseline,174
1790423334.964025541,Uninterrupted_Baseline,1
1790423334.964025541,Uninterrupted_Baseline,175
1790423335.044702836,Uninterrupted_Baseline,1
1790423335.044702836,Uninterrupted_Baseline,176
1790423335.123041975,Uninterrupted_Baseline,1
1790423335.123041975,Uninterrupted_Baseline,177
1790423335.206517720,Uninterrupted_Baseline,1
1790423335.206517720,Uninterrupted_Baseline,178
1790423335.288791115,Uninterrupted_Baseline,1
1790423335.288791115,Uninterrupted_Baseline,179
1790423335.374336956,Uninterrupted_Baseline,1
1790423335.374336956,Uninterrupted_Baseline,180
1790423335.456245872,Uninterrupted_Baseline,1
1790423335.456245872,Uninterrupted_Baseline,181
1790423335.550167344,Uninterrupted_Baseline,1
1790423335.550167344,Uninterrupted_Baseline,182
1790423335.633319075,Uninterrupted_Baseline,1
1790423335.633319075,Uninterrupted_Baseline,183
1790423335.717163166,Uninterrupted_Baseline,1
1790423335.717163166,Uninterrupted_Baseline,185
1790423335.798232740,Uninterrupted_Baseline,1
1790423335.798232740,Uninterrupted_Baseline,186
1790423335.876631123,Uninterrupted_Baseline,1
1790423335.876631123,Uninterrupted_Baseline,187
1790423335.956546014,Uninterrupted_Baseline,1
1790423335.956546014,Uninterrupted_Baseline,188
1790423336.037813641,Uninterrupted_Baseline,1
1790423336.037813641,Uninterrupted_Baseline,189
1790423336.124004387,Uninterrupted_Baseline,1
1790423336.124004387,Uninterrupted_Baseline,190
1790423336.203615713,Uninterrupted_Baseline,1
1790423336.203615713,Uninterrupted_Baseline,191
1790423336.268674870,Uninterrupted_Baseline,1
1790423336.268674870,Uninterrupted_Baseline,192
1790423336.346218186,Uninterrupted_Baseline,1
1790423336.346218186,Uninterrupted_Baseline,193
1790423336.410564226,Uninterrupted_Baseline,1
1790423336.410564226,Uninterrupted_Baseline,193
1790423336.488949840,Uninterrupted_Baseline,1
1790423336.488949840,Uninterrupted_Baseline,194
1790423336.551536104,Uninterrupted_Baseline,1
1790423336.551536104,Uninterrupted_Baseline,195
1790423336.631617069,Uninterrupted_Baseline,1
1790423336.631617069,Uninterrupted_Baseline,196
1790423336.709683195,Uninterrupted_Baseline,1
1790423336.709683195,Uninterrupted_Baseline,197
1790423336.786911899,Uninterrupted_Baseline,1
1790423336.786911899,Uninterrupted_Baseline,198
1790423336.864437260,Uninterrupted_Baseline,1
1790423336.864437260,Uninterrupted_Baseline,199
1790423336.945528094,Uninterrupted_Baseline,1
1790423336.945528094,Uninterrupted_Baseline,200
1790423337.013479556,Uninterrupted_Baseline,1
1790423337.013479556,Uninterrupted_Baseline,201
1790423337.087461427,Uninterrupted_Baseline,1
1790423337.087461427,Uninterrupted_Baseline,202
1790423337.142848397,Uninterrupted_Baseline,1
1790423337.142848397,Uninterrupted_Baseline,203
1790423337.207182085,Uninterrupted_Baseline,1
1790423337.207182085,Uninterrupted_Baseline,203
1790423337.266414702,Uninterrupted_Baseline,1
1790423337.266414702,Uninterrupted_Baseline,204
1790423337.351300131,Uninterrupted_Baseline,1
1790423337.351300131,Uninterrupted_Baseline,205
1790423337.424599069,Uninterrupted_Baseline,1
1790423337.424599069,Uninterrupted_Baseline,206
1790423337.506807277,Uninterrupted_Baseline,1
1790423337.506807277,Uninterrupted_Baseline,207
1790423337.588298476,Uninterrupted_Baseline,1
1790423337.588298476,Uninterrupted_Baseline,208
1790423337.670717557,Uninterrupted_Baseline,1
1790423337.670717557,Uninterrupted_Baseline,209
1790423337.753937795,Uninterrupted_Baseline,1
1790423337.753937795,Uninterrupted_Baseline,210
1790423337.822939322,Uninterrupted_Baseline,1
1790423337.822939322,Uninterrupted_Baseline,211
1790423337.903959517,Uninterrupted_Baseline,1
1790423337.903959517,Uninterrupted_Baseline,212
1790423337.986800407,Uninterrupted_Baseline,1
1790423337.986800407,Uninterrupted_Baseline,213
1790423338.046894946,Uninterrupted_Baseline,1
1790423338.046894946,Uninterrupted_Baseline,214
1790423338.120144730,Uninterrupted_Baseline,1
1790423338.120144730,Uninterrupted_Baseline,215
1790423338.201325200,Uninterrupted_Baseline,1
1790423338.201325200,Uninterrupted_Baseline,216
1790423338.277130746,Uninterrupted_Baseline,1
1790423338.277130746,Uninterrupted_Baseline,217
1790423338.342082607,Uninterrupted_Baseline,1
1790423338.342082607,Uninterrupted_Baseline,218
1790423338.408060502,Uninterrupted_Baseline,1
1790423338.408060502,Uninterrupted_Baseline,219
1790423338.459174592,Uninterrupted_Baseline,1
1790423338.459174592,Uninterrupted_Baseline,219
1790423338.516565814,Uninterrupted_Baseline,1
1790423338.516565814,Uninterrupted_Baseline,220
1790423338.578792448,Uninterrupted_Baseline,1
1790423338.578792448,Uninterrupted_Baseline,221
1790423338.638459955,Uninterrupted_Baseline,1
1790423338.638459955,Uninterrupted_Baseline,221
1790423338.707795271,Uninterrupted_Baseline,1
1790423338.707795271,Uninterrupted_Baseline,222
1790423338.789496426,Uninterrupted_Baseline,1
1790423338.789496426,Uninterrupted_Baseline,223
1790423338.869311242,Uninterrupted_Baseline,1
1790423338.869311242,Uninterrupted_Baseline,224
1790423338.954910682,Uninterrupted_Baseline,1
1790423338.954910682,Uninterrupted_Baseline,225
1790423339.028860042,Uninterrupted_Baseline,1
1790423339.028860042,Uninterrupted_Baseline,226
1790423339.093215687,Uninterrupted_Baseline,1
1790423339.093215687,Uninterrupted_Baseline,227
1790423339.163941011,Uninterrupted_Baseline,1
1790423339.163941011,Uninterrupted_Baseline,228
1790423339.216154735,Uninterrupted_Baseline,1
1790423339.216154735,Uninterrupted_Baseline,229
1790423339.298757582,Uninterrupted_Baseline,1
1790423339.298757582,Uninterrupted_Baseline,230
1790423339.381013113,Uninterrupted_Baseline,1
1790423339.381013113,Uninterrupted_Baseline,231
1790423339.465968316,Uninterrupted_Baseline,1
1790423339.465968316,Uninterrupted_Baseline,232
1790423339.550639493,Uninterrupted_Baseline,1
1790423339.550639493,Uninterrupted_Baseline,233
1790423339.631128557,Uninterrupted_Baseline,1
1790423339.631128557,Uninterrupted_Baseline,234
1790423339.700019843,Uninterrupted_Baseline,1
1790423339.700019843,Uninterrupted_Baseline,235
1790423339.778102680,Uninterrupted_Baseline,1
1790423339.778102680,Uninterrupted_Baseline,236
1790423339.858730820,Uninterrupted_Baseline,1
1790423339.858730820,Uninterrupted_Baseline,237
1790423339.944370856,Uninterrupted_Baseline,1
1790423339.944370856,Uninterrupted_Baseline,238
1790423340.027403947,Uninterrupted_Baseline,1
1790423340.027403947,Uninterrupted_Baseline,239
1790423340.109690363,Uninterrupted_Baseline,1
1790423340.109690363,Uninterrupted_Baseline,240
1790423340.182009696,Uninterrupted_Baseline,1
1790423340.182009696,Uninterrupted_Baseline,241
1790423340.266918835,Uninterrupted_Baseline,1
1790423340.266918835,Uninterrupted_Baseline,242
1790423340.349865036,Uninterrupted_Baseline,1
1790423340.349865036,Uninterrupted_Baseline,243
1790423340.436493597,Uninterrupted_Baseline,1
1790423340.436493597,Uninterrupted_Baseline,244
1790423340.497505491,Uninterrupted_Baseline,1
1790423340.497505491,Uninterrupted_Baseline,245
1790423340.572628029,Uninterrupted_Baseline,1
1790423340.572628029,Uninterrupted_Baseline,246
1790423340.649419325,Uninterrupted_Baseline,1
1790423340.649419325,Uninterrupted_Baseline,247
1790423340.734620766,Uninterrupted_Baseline,1
1790423340.734620766,Uninterrupted_Baseline,248
1790423340.815825596,Uninterrupted_Baseline,1
1790423340.815825596,Uninterrupted_Baseline,249
1790423340.896879459,Uninterrupted_Baseline,1
1790423340.896879459,Uninterrupted_Baseline,250
1790423340.977249857,Uninterrupted_Baseline,1
1790423340.977249857,Uninterrupted_Baseline,251
1790423341.064346646,Uninterrupted_Baseline,1
1790423341.064346646,Uninterrupted_Baseline,252
1790423341.143105264,Uninterrupted_Baseline,1
1790423341.143105264,Uninterrupted_Baseline,253
1790423341.226976919,Uninterrupted_Baseline,1
1790423341.226976919,Uninterrupted_Baseline,254
1790423341.308721814,Uninterrupted_Baseline,1
1790423341.308721814,Uninterrupted_Baseline,255
1790423341.371233462,Uninterrupted_Baseline,1
1790423341.371233462,Uninterrupted_Baseline,256
1790423341.443470515,Uninterrupted_Baseline,1
1790423341.443470515,Uninterrupted_Baseline,257
1790423341.499290095,Uninterrupted_Baseline,1
1790423341.499290095,Uninterrupted_Baseline,257
1790423341.551072108,Uninterrupted_Baseline,1
1790423341.551072108,Uninterrupted_Baseline,258
1790423341.612828484,Uninterrupted_Baseline,1
1790423341.612828484,Uninterrupted_Baseline,259
1790423341.677744650,Uninterrupted_Baseline,260
1790423341.747990909,Uninterrupted_Baseline,261
1790423341.831448233,Uninterrupted_Baseline,262
1790423341.914177949,Uninterrupted_Baseline,263
1790423341.997817661,Uninterrupted_Baseline,264
1790423342.078585037,Uninterrupted_Baseline,265
1790423342.160315057,Uninterrupted_Baseline,266
1790423342.243980023,Uninterrupted_Baseline,267
1790423342.328403274,Uninterrupted_Baseline,268
1790423342.409352797,Uninterrupted_Baseline,269
1790423342.495452611,Uninterrupted_Baseline,270
1790423342.577455878,Uninterrupted_Baseline,271
1790423342.657270267,Uninterrupted_Baseline,272
1790423342.740783143,Uninterrupted_Baseline,273
1790423342.828290710,Uninterrupted_Baseline,274
1790423342.912194125,Uninterrupted_Baseline,275
1790423342.994798243,Uninterrupted_Baseline,276
1790423343.076205935,Uninterrupted_Baseline,277
1790423343.158266161,Uninterrupted_Baseline,278
1790423343.238321712,Uninterrupted_Baseline,279
1790423343.318934827,Uninterrupted_Baseline,280
1790423343.389959569,Uninterrupted_Baseline,281
1790423343.474744541,Uninterrupted_Baseline,282
1790423343.555093669,Uninterrupted_Baseline,283
1790423343.635372756,Uninterrupted_Baseline,284
1790423343.709813414,Uninterrupted_Baseline,285
1790423343.791686606,Uninterrupted_Baseline,286
1790423343.877748175,Uninterrupted_Baseline,287
1790423343.963494220,Uninterrupted_Baseline,288
1790423344.046426093,Uninterrupted_Baseline,289
1790423344.138858815,Uninterrupted_Baseline,291
1790423344.221312011,Uninterrupted_Baseline,292
1790423344.311457012,Uninterrupted_Baseline,293
1790423344.397153890,Uninterrupted_Baseline,294
1790423344.473576821,Uninterrupted_Baseline,295
1790423344.553487440,Uninterrupted_Baseline,296
1790423344.637447142,Uninterrupted_Baseline,297
1790423344.709940115,Uninterrupted_Baseline,298
1790423344.799320425,Uninterrupted_Baseline,299
1790423344.871818838,Uninterrupted_Baseline,300
1790423344.961292279,Uninterrupted_Baseline,301
1790423345.015198414,Uninterrupted_Baseline,301
1790423345.070555495,Uninterrupted_Baseline,302
1790423345.143433378,Uninterrupted_Baseline,303
1790423345.232002762,Uninterrupted_Baseline,304
1790423345.318862488,Uninterrupted_Baseline,305
1790423345.403539720,Uninterrupted_Baseline,306
1790423345.487831097,Uninterrupted_Baseline,307
1790423345.572369214,Uninterrupted_Baseline,308
1790423345.657134601,Uninterrupted_Baseline,309
1790423345.740877965,Uninterrupted_Baseline,310
1790423345.825882980,Uninterrupted_Baseline,311
1790423345.908464443,Uninterrupted_Baseline,312
1790423345.992519109,Uninterrupted_Baseline,314
1790423346.077847158,Uninterrupted_Baseline,315
1790423346.169053764,Uninterrupted_Baseline,316
1790423346.252927614,Uninterrupted_Baseline,317
1790423346.331548186,Uninterrupted_Baseline,318
1790423346.409970195,Uninterrupted_Baseline,319
1790423346.493433480,Uninterrupted_Baseline,320
1790423346.572742022,Uninterrupted_Baseline,321
1790423346.662553513,Uninterrupted_Baseline,322
1790423346.744857558,Uninterrupted_Baseline,323
1790423346.826228809,Uninterrupted_Baseline,324
1790423346.911281274,Uninterrupted_Baseline,325
1790423346.978575063,Uninterrupted_Baseline,326
1790423347.062646049,Uninterrupted_Baseline,327
1790423347.146527604,Uninterrupted_Baseline,328
1790423347.230879098,Uninterrupted_Baseline,329
1790423347.311774935,Uninterrupted_Baseline,330
1790423347.395238621,Uninterrupted_Baseline,331
1790423347.480978923,Uninterrupted_Baseline,332
1790423347.559218361,Uninterrupted_Baseline,333
1790423347.642913079,Uninterrupted_Baseline,334
1790423347.726972310,Uninterrupted_Baseline,335
1790423347.809309990,Uninterrupted_Baseline,336
1790423347.897435810,Uninterrupted_Baseline,337
1790423347.981923665,Uninterrupted_Baseline,338
1790423348.057941367,Uninterrupted_Baseline,339
1790423348.144471791,Uninterrupted_Baseline,340
1790423348.225781053,Uninterrupted_Baseline,341
1790423348.293772636,Uninterrupted_Baseline,342
1790423348.377872332,Uninterrupted_Baseline,343
1790423348.432290795,Uninterrupted_Baseline,343
1790423348.481713722,Uninterrupted_Baseline,344
1790423348.536430954,Uninterrupted_Baseline,345
1790423348.596866853,Uninterrupted_Baseline,345
1790423348.663757464,Uninterrupted_Baseline,346
1790423348.732945486,Uninterrupted_Baseline,347
1790423348.814913585,Uninterrupted_Baseline,348
1790423348.900683345,Uninterrupted_Baseline,349
1790423348.988465992,Uninterrupted_Baseline,350
1790423349.069954324,Uninterrupted_Baseline,351
1790423349.135920600,Uninterrupted_Baseline,352
1790423349.204156856,Uninterrupted_Baseline,299
1790423349.283690844,Uninterrupted_Baseline,176
1790423349.367361723,Uninterrupted_Baseline,176
1790423349.449115008,Uninterrupted_Baseline,177
1790423349.542338570,Uninterrupted_Baseline,178
1790423349.611762107,Uninterrupted_Baseline,179
1790423349.691831337,Uninterrupted_Baseline,180
1790423349.769979541,Uninterrupted_Baseline,181
1790423349.849285090,Uninterrupted_Baseline,182
1790423349.936298690,Uninterrupted_Baseline,183
1790423350.023411023,Uninterrupted_Baseline,184
1790423350.106872105,Uninterrupted_Baseline,185
1790423350.181535365,Uninterrupted_Baseline,186
1790423350.266000910,Uninterrupted_Baseline,187
1790423350.343310844,Uninterrupted_Baseline,188
1790423350.423990364,Uninterrupted_Baseline,189
1790423350.500129276,Uninterrupted_Baseline,190
1790423350.573073649,Uninterrupted_Baseline,191
1790423350.653420695,Uninterrupted_Baseline,192
1790423350.731720570,Uninterrupted_Baseline,193
1790423350.817173879,Uninterrupted_Baseline,194
1790423350.899361998,Uninterrupted_Baseline,195
1790423350.986036752,Uninterrupted_Baseline,196
1790423351.071512388,Uninterrupted_Baseline,197
1790423351.148463568,Uninterrupted_Baseline,198
1790423351.233937913,Uninterrupted_Baseline,199
1790423351.302417531,Uninterrupted_Baseline,200
1790423351.391820721,Uninterrupted_Baseline,201
1790423351.468533806,Uninterrupted_Baseline,202
1790423351.551680925,Uninterrupted_Baseline,203
1790423351.637097254,Uninterrupted_Baseline,204
1790423351.691258482,Uninterrupted_Baseline,205
1790423351.771765716,Uninterrupted_Baseline,206
1790423351.838642019,Uninterrupted_Baseline,207
1790423351.918979290,Uninterrupted_Baseline,208
1790423351.985266837,Uninterrupted_Baseline,209
1790423352.067824262,Uninterrupted_Baseline,210
1790423352.146906421,Uninterrupted_Baseline,211
1790423352.224039527,Uninterrupted_Baseline,212
1790423352.305991288,Uninterrupted_Baseline,213
1790423352.397790203,Uninterrupted_Baseline,214
1790423352.478064311,Uninterrupted_Baseline,215
1790423352.565062594,Uninterrupted_Baseline,216
1790423352.647896606,Uninterrupted_Baseline,217
1790423352.730263081,Uninterrupted_Baseline,218
1790423352.807119357,Uninterrupted_Baseline,219
1790423352.872754783,Uninterrupted_Baseline,220
1790423352.955544287,Uninterrupted_Baseline,221
1790423353.022298666,Uninterrupted_Baseline,222
1790423353.112158072,Uninterrupted_Baseline,223
1790423353.198837042,Uninterrupted_Baseline,224
1790423353.275887894,Uninterrupted_Baseline,225
1790423353.369032844,Uninterrupted_Baseline,226
1790423353.455277510,Uninterrupted_Baseline,227
1790423353.545440128,Uninterrupted_Baseline,228
1790423353.628923114,Uninterrupted_Baseline,229
1790423353.719192192,Uninterrupted_Baseline,231
1790423353.804423000,Uninterrupted_Baseline,232
1790423353.881023487,Uninterrupted_Baseline,233
1790423353.952978489,Uninterrupted_Baseline,233
1790423354.034157583,Uninterrupted_Baseline,235
1790423354.117837676,Uninterrupted_Baseline,236
1790423354.202780937,Uninterrupted_Baseline,237
1790423354.286886349,Uninterrupted_Baseline,238
1790423354.368367306,Uninterrupted_Baseline,239
1790423354.449141569,Uninterrupted_Baseline,240
1790423354.511226648,Uninterrupted_Baseline,241
1790423354.597129284,Uninterrupted_Baseline,242
1790423354.681598201,Uninterrupted_Baseline,243
1790423354.766420664,Uninterrupted_Baseline,244
1790423354.839677497,Uninterrupted_Baseline,245
1790423354.916775909,Uninterrupted_Baseline,246
1790423355.004906562,Uninterrupted_Baseline,247
1790423355.061531458,Uninterrupted_Baseline,247
1790423355.126338933,Uninterrupted_Baseline,248
1790423355.208808360,Uninterrupted_Baseline,249
1790423355.298978222,Uninterrupted_Baseline,250
1790423355.368521161,Uninterrupted_Baseline,251
1790423355.458979800,Uninterrupted_Baseline,252
1790423355.533461026,Uninterrupted_Baseline,253
1790423355.604022992,Uninterrupted_Baseline,254
1790423355.687905146,Uninterrupted_Baseline,255
1790423355.755719649,Uninterrupted_Baseline,256
1790423355.821680869,Uninterrupted_Baseline,257
1790423355.904866694,Uninterrupted_Baseline,258
1790423355.983716957,Uninterrupted_Baseline,259
1790423356.060883251,Uninterrupted_Baseline,260
1790423356.148147007,Uninterrupted_Baseline,261
1790423356.225280981,Uninterrupted_Baseline,262
1790423356.309842980,Uninterrupted_Baseline,263
1790423356.392813262,Uninterrupted_Baseline,264
1790423356.481608612,Uninterrupted_Baseline,265
1790423356.563336341,Uninterrupted_Baseline,266
1790423356.641750607,Uninterrupted_Baseline,267
1790423356.722706349,Uninterrupted_Baseline,268
1790423356.804835449,Uninterrupted_Baseline,269
1790423356.886769942,Uninterrupted_Baseline,270
1790423356.970875823,Uninterrupted_Baseline,271
1790423357.055575653,Uninterrupted_Baseline,272
1790423357.122786478,Uninterrupted_Baseline,273
1790423357.207634001,Uninterrupted_Baseline,274
1790423357.281397722,Uninterrupted_Baseline,275
1790423357.358523551,Uninterrupted_Baseline,276
1790423357.440159655,Uninterrupted_Baseline,277
1790423357.530114886,Uninterrupted_Baseline,278
1790423357.614445022,Uninterrupted_Baseline,279
1790423357.700898404,Uninterrupted_Baseline,280
1790423357.784059522,Uninterrupted_Baseline,282
1790423357.867195394,Uninterrupted_Baseline,283
1790423357.947462998,Uninterrupted_Baseline,284
1790423358.014685060,Uninterrupted_Baseline,284
1790423358.071355671,Uninterrupted_Baseline,285
1790423358.124506538,Uninterrupted_Baseline,286
1790423358.205955794,Uninterrupted_Baseline,287
1790423358.278864643,Uninterrupted_Baseline,288
1790423358.341805223,Uninterrupted_Baseline,289
1790423358.412440211,Uninterrupted_Baseline,289
1790423358.463595819,Uninterrupted_Baseline,290
1790423358.513014138,Uninterrupted_Baseline,291
1790423358.575402079,Uninterrupted_Baseline,291
1790423358.634265292,Uninterrupted_Baseline,292
1790423358.708639214,Uninterrupted_Baseline,293
1790423358.792951912,Uninterrupted_Baseline,294
1790423358.869819011,Uninterrupted_Baseline,295
1790423358.943938113,Uninterrupted_Baseline,296
1790423359.031730064,Uninterrupted_Baseline,297
1790423359.099215115,Uninterrupted_Baseline,298
1790423359.183775119,Uninterrupted_Baseline,299
1790423359.242962391,Uninterrupted_Baseline,300
1790423359.309395684,Uninterrupted_Baseline,301
1790423359.386099642,Uninterrupted_Baseline,301
1790423359.468491390,Uninterrupted_Baseline,302
1790423359.529237806,Uninterrupted_Baseline,303
1790423359.614902785,Uninterrupted_Baseline,304
1790423359.693949218,Uninterrupted_Baseline,305
1790423359.764113455,Uninterrupted_Baseline,306
1790423359.836751969,Uninterrupted_Baseline,307
1790423359.907801789,Uninterrupted_Baseline,308
1790423359.973215447,Uninterrupted_Baseline,309
1790423360.053766896,Uninterrupted_Baseline,310
1790423360.129708021,Uninterrupted_Baseline,311
1790423360.206880778,Uninterrupted_Baseline,312
1790423360.292558532,Uninterrupted_Baseline,313
1790423360.372170025,Uninterrupted_Baseline,314
1790423360.426237903,Uninterrupted_Baseline,314
1790423360.500929110,Uninterrupted_Baseline,315
1790423360.584670799,Uninterrupted_Baseline,316
1790423360.673240497,Uninterrupted_Baseline,317
1790423360.755214616,Uninterrupted_Baseline,318
1790423360.841314524,Uninterrupted_Baseline,319
1790423360.924116035,Uninterrupted_Baseline,321
1790423361.008586614,Uninterrupted_Baseline,322
1790423361.095887517,Uninterrupted_Baseline,323
1790423361.176509892,Uninterrupted_Baseline,324
1790423361.256356791,Uninterrupted_Baseline,325
1790423361.327255465,Uninterrupted_Baseline,325
1790423361.400614263,Uninterrupted_Baseline,326
1790423361.467247590,Uninterrupted_Baseline,327
1790423361.549116001,Uninterrupted_Baseline,328
1790423361.632755915,Uninterrupted_Baseline,329
1790423361.713732746,Uninterrupted_Baseline,330
1790423361.795944066,Uninterrupted_Baseline,331
1790423361.873163396,Uninterrupted_Baseline,332
1790423361.963432832,Uninterrupted_Baseline,333
1790423362.041993509,Uninterrupted_Baseline,334
1790423362.118969417,Uninterrupted_Baseline,335
1790423362.196907623,Uninterrupted_Baseline,336
1790423362.275158978,Uninterrupted_Baseline,337
1790423362.350621034,Uninterrupted_Baseline,338
1790423362.418134550,Uninterrupted_Baseline,339
1790423362.474711073,Uninterrupted_Baseline,340
1790423362.554759862,Uninterrupted_Baseline,341
1790423362.639077862,Uninterrupted_Baseline,342
1790423362.714878080,Uninterrupted_Baseline,342
1790423362.785905119,Uninterrupted_Baseline,343
1790423362.868714528,Uninterrupted_Baseline,344
1790423362.954824626,Uninterrupted_Baseline,345
1790423363.033875501,Uninterrupted_Baseline,346
1790423363.114339753,Uninterrupted_Baseline,347
1790423363.195054336,Uninterrupted_Baseline,348
1790423363.278944703,Uninterrupted_Baseline,349
1790423363.357812819,Uninterrupted_Baseline,350
1790423363.426542932,Uninterrupted_Baseline,351
1790423363.496555115,Uninterrupted_Baseline,352
1790423363.560474009,Uninterrupted_Baseline,352
1790423363.637137312,Uninterrupted_Baseline,353
1790423363.723219047,Uninterrupted_Baseline,354
1790423363.804568444,Uninterrupted_Baseline,355
1790423363.888693212,Uninterrupted_Baseline,294
1790423363.966445027,Uninterrupted_Baseline,178
1790423364.048829687,Uninterrupted_Baseline,178
1790423364.130688868,Uninterrupted_Baseline,178
1790423364.212810773,Uninterrupted_Baseline,180
1790423364.293714640,Uninterrupted_Baseline,181
1790423364.372008930,Uninterrupted_Baseline,182
1790423364.455222853,Uninterrupted_Baseline,183
1790423364.537910842,Uninterrupted_Baseline,184
1790423364.618821486,Uninterrupted_Baseline,185
1790423364.701268542,Uninterrupted_Baseline,186
1790423364.788530384,Uninterrupted_Baseline,187
1790423364.867480216,Uninterrupted_Baseline,188
1790423364.922200226,Uninterrupted_Baseline,189
1790423365.005799477,Uninterrupted_Baseline,190
1790423365.093258170,Uninterrupted_Baseline,191
1790423365.182532601,Uninterrupted_Baseline,192
1790423365.271103864,Uninterrupted_Baseline,193
1790423365.354118308,Uninterrupted_Baseline,194
1790423365.437256319,Uninterrupted_Baseline,195
1790423365.523120977,Uninterrupted_Baseline,196
1790423365.611120594,Uninterrupted_Baseline,197
1790423365.695510095,Uninterrupted_Baseline,198
1790423365.772997747,Uninterrupted_Baseline,199
1790423365.859084792,Uninterrupted_Baseline,200
1790423365.942519137,Uninterrupted_Baseline,201
1790423366.024196857,Uninterrupted_Baseline,203
1790423366.107088093,Uninterrupted_Baseline,203
1790423366.165738337,Uninterrupted_Baseline,204
1790423366.252597049,Uninterrupted_Baseline,205
1790423366.324558895,Uninterrupted_Baseline,206
1790423366.404997698,Uninterrupted_Baseline,207
1790423366.482588995,Uninterrupted_Baseline,208
1790423366.563260406,Uninterrupted_Baseline,209
1790423366.661110789,Uninterrupted_Baseline,210
1790423366.712303136,Uninterrupted_Baseline,211
1790423366.774923438,Uninterrupted_Baseline,212
1790423366.851902523,Uninterrupted_Baseline,213
1790423366.916207806,Uninterrupted_Baseline,214
1790423366.989817746,Uninterrupted_Baseline,215
1790423367.075727251,Uninterrupted_Baseline,216
1790423367.159270483,Uninterrupted_Baseline,217
1790423367.232207792,Uninterrupted_Baseline,218
1790423367.313631739,Uninterrupted_Baseline,219
1790423367.401162713,Uninterrupted_Baseline,220
1790423367.482240468,Uninterrupted_Baseline,221
1790423367.562217968,Uninterrupted_Baseline,222
1790423367.643245191,Uninterrupted_Baseline,223
1790423367.723856243,Uninterrupted_Baseline,224
1790423367.805315403,Uninterrupted_Baseline,225
1790423367.888607694,Uninterrupted_Baseline,226
1790423367.972624352,Uninterrupted_Baseline,227
1790423368.038843476,Uninterrupted_Baseline,228
1790423368.103609483,Uninterrupted_Baseline,229
1790423368.183534607,Uninterrupted_Baseline,230
1790423368.256874232,Uninterrupted_Baseline,231
1790423368.340201219,Uninterrupted_Baseline,232
1790423368.410521214,Uninterrupted_Baseline,232
1790423368.462604514,Uninterrupted_Baseline,233
1790423368.524743545,Uninterrupted_Baseline,234
1790423368.584914433,Uninterrupted_Baseline,235
1790423368.655201123,Uninterrupted_Baseline,236
1790423368.732710408,Uninterrupted_Baseline,237
1790423368.813347655,Uninterrupted_Baseline,238
1790423368.902926717,Uninterrupted_Baseline,239
1790423368.988121839,Uninterrupted_Baseline,240
1790423369.071307008,Uninterrupted_Baseline,241
1790423369.147882720,Uninterrupted_Baseline,242
1790423369.221506262,Uninterrupted_Baseline,243
1790423369.305719283,Uninterrupted_Baseline,244
1790423369.389234987,Uninterrupted_Baseline,245
1790423369.473448869,Uninterrupted_Baseline,246
1790423369.550865071,Uninterrupted_Baseline,247
1790423369.630353862,Uninterrupted_Baseline,248
1790423369.711023517,Uninterrupted_Baseline,249
1790423369.770027379,Uninterrupted_Baseline,250
1790423369.827480492,Uninterrupted_Baseline,250
1790423369.904023445,Uninterrupted_Baseline,251
1790423369.984789025,Uninterrupted_Baseline,252
1790423370.069140735,Uninterrupted_Baseline,254
1790423370.160911993,Uninterrupted_Baseline,255
1790423370.240396433,Uninterrupted_Baseline,256
1790423370.323195473,Uninterrupted_Baseline,257
1790423370.409122832,Uninterrupted_Baseline,258
1790423370.495829124,Uninterrupted_Baseline,259
1790423370.551638324,Uninterrupted_Baseline,260
1790423370.631469685,Uninterrupted_Baseline,260
1790423370.705408421,Uninterrupted_Baseline,261
1790423370.787506541,Uninterrupted_Baseline,263
1790423370.868529606,Uninterrupted_Baseline,264
1790423370.952257356,Uninterrupted_Baseline,265
1790423371.029995062,Uninterrupted_Baseline,266
1790423371.117711942,Uninterrupted_Baseline,267
1790423371.199155163,Uninterrupted_Baseline,268
1790423371.280550548,Uninterrupted_Baseline,269
1790423371.360855820,Uninterrupted_Baseline,270
1790423371.438768020,Uninterrupted_Baseline,271
1790423371.523341308,Uninterrupted_Baseline,272
1790423371.602920803,Uninterrupted_Baseline,273
1790423371.687134256,Uninterrupted_Baseline,274
1790423371.769783205,Uninterrupted_Baseline,275
1790423371.837720134,Uninterrupted_Baseline,276
1790423371.919345873,Uninterrupted_Baseline,277
1790423372.001228726,Uninterrupted_Baseline,278
1790423372.083322655,Uninterrupted_Baseline,279
1790423372.163265215,Uninterrupted_Baseline,280
1790423372.250872477,Uninterrupted_Baseline,281
1790423372.331055778,Uninterrupted_Baseline,282
1790423372.412223034,Uninterrupted_Baseline,283
1790423372.492779624,Uninterrupted_Baseline,284
1790423372.577716474,Uninterrupted_Baseline,285
1790423372.659007711,Uninterrupted_Baseline,286
1790423372.743918766,Uninterrupted_Baseline,287
1790423372.823325194,Uninterrupted_Baseline,288
1790423372.894497918,Uninterrupted_Baseline,289
1790423372.981121034,Uninterrupted_Baseline,290
1790423373.061969726,Uninterrupted_Baseline,291
1790423373.139965120,Uninterrupted_Baseline,292
1790423373.213986421,Uninterrupted_Baseline,293
1790423373.303266857,Uninterrupted_Baseline,294
1790423373.384873700,Uninterrupted_Baseline,295
1790423373.462323992,Uninterrupted_Baseline,296
1790423373.521279668,Uninterrupted_Baseline,297
1790423373.603395068,Uninterrupted_Baseline,298
1790423373.688999464,Uninterrupted_Baseline,299
1790423373.772501655,Uninterrupted_Baseline,300
1790423373.858305123,Uninterrupted_Baseline,301
1790423373.943473339,Uninterrupted_Baseline,302
1790423374.032167615,Uninterrupted_Baseline,303
1790423374.117849616,Uninterrupted_Baseline,304
1790423374.204999267,Uninterrupted_Baseline,305
1790423374.285283265,Uninterrupted_Baseline,306
1790423374.371626137,Uninterrupted_Baseline,307
1790423374.457976174,Uninterrupted_Baseline,308
1790423374.534490743,Uninterrupted_Baseline,309
1790423374.621109754,Uninterrupted_Baseline,310
1790423374.694255909,Uninterrupted_Baseline,311
1790423374.779091779,Uninterrupted_Baseline,312
1790423374.855902254,Uninterrupted_Baseline,313
1790423374.948074333,Uninterrupted_Baseline,314
1790423375.014730742,Uninterrupted_Baseline,315
1790423375.078110790,Uninterrupted_Baseline,316
1790423375.154954665,Uninterrupted_Baseline,317
1790423375.236092890,Uninterrupted_Baseline,318
1790423375.321454959,Uninterrupted_Baseline,319
1790423375.404588960,Uninterrupted_Baseline,320
1790423375.486522650,Uninterrupted_Baseline,321
1790423375.562060523,Uninterrupted_Baseline,322
1790423375.624606182,Uninterrupted_Baseline,323
1790423386.314530262,Phase1_Baseline,10
1790423386.386790066,Phase1_Baseline,18
1790423386.462143103,Phase1_Baseline,36
1790423386.543272192,Phase1_Baseline,72
1790423386.623752118,Phase1_Baseline,138
1790423386.703991505,Phase1_Baseline,276
1790423386.785018470,Phase1_Baseline,558
1790423386.865738286,Phase1_Baseline,884
1790423386.941780269,Phase1_Baseline,1022
1790423387.021010481,Phase1_Baseline,862
1790423387.097809952,Phase1_Baseline,678
1790423387.177067541,Phase1_Baseline,548
1790423387.252216643,Phase1_Baseline,548
1790423387.332756230,Phase1_Baseline,488
1790423387.409157342,Phase1_Baseline,308
1790423387.493877125,Phase1_Baseline,274
1790423387.577250861,Phase1_Baseline,164
1790423387.656182715,Phase1_Baseline,137
1790423387.735213804,Phase1_Baseline,137
1790423387.816948673,Phase1_Baseline,139
1790423387.903905097,Phase1_Baseline,140
1790423387.985345885,Phase1_Baseline,141
1790423388.063177750,Phase1_Baseline,142
1790423388.126004888,Phase1_Baseline,142
1790423388.197698001,Phase1_Baseline,143
1790423388.272588031,Phase1_Baseline,144
1790423388.341058187,Phase1_Baseline,145
1790423388.408747817,Phase1_Baseline,146
1790423388.460602741,Phase1_Baseline,147
1790423388.519241956,Phase1_Baseline,147
1790423388.578249536,Phase1_Baseline,148
1790423388.646239986,Phase1_Baseline,149
1790423388.728931212,Phase1_Baseline,150
1790423388.797494709,Phase1_Baseline,151
1790423388.860085051,Phase1_Baseline,152
1790423388.924273921,Phase1_Baseline,153
1790423388.999746653,Phase1_Baseline,154
1790423389.076703111,Phase1_Baseline,155
1790423389.152804921,Phase1_Baseline,155
1790423389.219279639,Phase1_Baseline,156
1790423389.293483628,Phase1_Baseline,157
1790423389.369996646,Phase1_Baseline,158
1790423389.444537714,Phase1_Baseline,159
1790423389.503073484,Phase1_Baseline,160
1790423389.583339859,Phase1_Baseline,161
1790423389.646523546,Phase1_Baseline,162
1790423389.733110005,Phase1_Baseline,163
1790423389.812697691,Phase1_Baseline,164
1790423389.894977128,Phase1_Baseline,165
1790423389.981749836,Phase1_Baseline,166
1790423390.059504494,Phase1_Baseline,167
1790423390.142018603,Phase1_Baseline,168
1790423390.214806121,Phase1_Baseline,169
1790423390.299102421,Phase1_Baseline,170
1790423390.387314347,Phase1_Baseline,171
1790423390.447767540,Phase1_Baseline,172
1790423390.533117724,Phase1_Baseline,173
1790423390.608833306,Phase1_Baseline,174
1790423390.690707294,Phase1_Baseline,175
1790423390.767518331,Phase1_Baseline,176
1790423390.844401448,Phase1_Baseline,177
1790423390.906883064,Phase1_Baseline,178
1790423390.987408163,Phase1_Baseline,179
1790423391.068214901,Phase1_Baseline,180
1790423391.147729568,Phase1_Baseline,181
1790423391.228607929,Phase1_Baseline,182
1790423391.303953836,Phase1_Baseline,183
1790423391.384096929,Phase1_Baseline,184
1790423391.464213639,Phase1_Baseline,185
1790423391.551870810,Phase1_Baseline,186
1790423391.629611943,Phase1_Baseline,187
1790423391.709932107,Phase1_Baseline,188
1790423391.791946969,Phase1_Baseline,189
1790423391.873238032,Phase1_Baseline,190
1790423391.955427441,Phase1_Baseline,191
1790423392.041685350,Phase1_Baseline,192
1790423392.121596664,Phase1_Baseline,193
1790423392.198939943,Phase1_Baseline,194
1790423392.286297107,Phase1_Baseline,195
1790423392.371558726,Phase1_Baseline,196
1790423392.452449542,Phase1_Baseline,197
1790423392.537127240,Phase1_Baseline,198
1790423392.619394701,Phase1_Baseline,199
1790423392.703841678,Phase1_Baseline,200
1790423392.787150278,Phase1_Baseline,201
1790423392.864982222,Phase1_Baseline,202
1790423392.944860447,Phase1_Baseline,203
1790423393.019277875,Phase1_Baseline,204
1790423393.095913663,Phase1_Baseline,205
1790423393.175267954,Phase1_Baseline,206
1790423393.253847639,Phase1_Baseline,207
1790423393.339685944,Phase1_Baseline,208
1790423393.420929640,Phase1_Baseline,209
1790423393.481942581,Phase1_Baseline,210
1790423393.560805370,Phase1_Baseline,211
1790423393.642810803,Phase1_Baseline,212
1790423393.725423147,Phase1_Baseline,213
1790423393.813557190,Phase1_Baseline,214
1790423393.892075829,Phase1_Baseline,215
1790423393.968222574,Phase1_Baseline,216
1790423394.021947597,Phase1_Baseline,217
1790423394.091282719,Phase1_Baseline,218
1790423394.162685220,Phase1_Baseline,219
1790423394.239161687,Phase1_Baseline,220
1790423394.318485927,Phase1_Baseline,221
1790423394.402764911,Phase1_Baseline,222
1790423394.470678294,Phase1_Baseline,223
1790423394.555558685,Phase1_Baseline,224
1790423394.635209764,Phase1_Baseline,225
1790423394.714929541,Phase1_Baseline,226
1790423394.797847674,Phase1_Baseline,227
1790423394.879754803,Phase1_Baseline,228
1790423394.940400940,Phase1_Baseline,229
1790423395.024962170,Phase1_Baseline,230
1790423395.108470434,Phase1_Baseline,231
1790423395.162712383,Phase1_Baseline,231
1790423395.218672631,Phase1_Baseline,232
1790423395.297470899,Phase1_Baseline,233
1790423395.379884675,Phase1_Baseline,234
1790423395.466257724,Phase1_Baseline,235
1790423395.552148359,Phase1_Baseline,236
1790423395.643635120,Phase1_Baseline,238
1790423395.725068803,Phase1_Baseline,239
1790423395.799894687,Phase1_Baseline,239
1790423395.870180252,Phase1_Baseline,240
1790423395.934972022,Phase1_Baseline,241
1790423396.002293065,Phase1_Baseline,242
1790423396.087416617,Phase1_Baseline,243
1790423396.171420703,Phase1_Baseline,244
1790423396.251269783,Phase1_Baseline,245
1790423396.317330246,Phase1_Baseline,246
1790423396.386068269,Phase1_Baseline,247
1790423396.462157824,Phase1_Baseline,248
1790423396.535096811,Phase1_Baseline,249
1790423396.602528061,Phase1_Baseline,250
1790423396.672765987,Phase1_Baseline,251
1790423396.751503531,Phase1_Baseline,251
1790423396.829540317,Phase1_Baseline,252
1790423396.894705483,Phase1_Baseline,253
1790423396.975148239,Phase1_Baseline,254
1790423397.050267890,Phase1_Baseline,255
1790423397.123973724,Phase1_Baseline,256
1790423397.200938616,Phase1_Baseline,257
1790423397.265559489,Phase1_Baseline,258
1790423397.340844382,Phase1_Baseline,259
1790423397.423630908,Phase1_Baseline,260
1790423397.504007448,Phase1_Baseline,261
1790423397.578968552,Phase1_Baseline,262
1790423397.647160135,Phase1_Baseline,263
1790423397.728516922,Phase1_Baseline,264
1790423397.797630932,Phase1_Baseline,265
1790423397.876057459,Phase1_Baseline,266
1790423397.955757645,Phase1_Baseline,267
1790423398.040223744,Phase1_Baseline,268
1790423398.123718310,Phase1_Baseline,269
1790423398.202934147,Phase1_Baseline,270
1790423398.275180253,Phase1_Baseline,271
1790423398.346854360,Phase1_Baseline,272
1790423398.417597983,Phase1_Baseline,272
1790423398.474014921,Phase1_Baseline,273
1790423398.526976672,Phase1_Baseline,274
1790423398.587909891,Phase1_Baseline,274
1790423398.655555921,Phase1_Baseline,275
1790423398.738040141,Phase1_Baseline,276
1790423398.818226698,Phase1_Baseline,277
1790423398.902057388,Phase1_Baseline,278
1790423398.981418317,Phase1_Baseline,279
1790423399.061451890,Phase1_Baseline,281
1790423399.137387707,Phase1_Baseline,281
1790423399.201678689,Phase1_Baseline,282
1790423399.278941336,Phase1_Baseline,283
1790423399.355773376,Phase1_Baseline,284
1790423399.444510619,Phase1_Baseline,285
1790423399.529713380,Phase1_Baseline,286
1790423399.608590770,Phase1_Baseline,287
1790423399.695703487,Phase1_Baseline,288
1790423399.770237943,Phase1_Baseline,289
1790423399.854869890,Phase1_Baseline,290
1790423399.936747660,Phase1_Baseline,291
1790423400.017539329,Phase1_Baseline,292
1790423400.088903974,Phase1_Baseline,293
1790423400.167739658,Phase1_Baseline,294
1790423400.250826849,Phase1_Baseline,295
1790423400.330815821,Phase1_Baseline,296
1790423400.408732811,Phase1_Baseline,297
1790423400.483535335,Phase1_Baseline,298
1790423400.563368701,Phase1_Baseline,299
1790423400.636517858,Phase1_Baseline,300
1790423400.716278313,Phase1_Baseline,301
1790423400.793553900,Phase1_Baseline,302
1790423400.863741256,Phase1_Baseline,303
1790423400.938704360,Phase1_Baseline,304
1790423401.021910843,Phase1_Baseline,305
1790423401.091542129,Phase1_Baseline,306
1790423401.168809820,Phase1_Baseline,307
1790423401.249011973,Phase1_Baseline,308
1790423401.335306149,Phase1_Baseline,309
1790423401.415728439,Phase1_Baseline,310
1790423401.491822041,Phase1_Baseline,311
1790423401.574606752,Phase1_Baseline,312
1790423401.658853091,Phase1_Baseline,313
1790423401.744466891,Phase1_Baseline,314
1790423401.817666679,Phase1_Baseline,315
1790423401.867797342,Phase1_Baseline,315
1790423401.926828816,Phase1_Baseline,316
1790423401.987577526,Phase1_Baseline,317
1790423402.041093697,Phase1_Baseline,317
1790423402.112725999,Phase1_Baseline,318
1790423402.181679054,Phase1_Baseline,319
1790423402.238139500,Phase1_Baseline,320
1790423402.311926758,Phase1_Baseline,321
1790423402.365544041,Phase1_Baseline,322
1790423402.446532866,Phase1_Baseline,323
1790423402.523818212,Phase1_Baseline,323
1790423402.591457062,Phase1_Baseline,324
1790423402.703734497,Phase1_Baseline,325
1790423402.754846894,Phase1_Baseline,326
1790423402.815997944,Phase1_Baseline,327
1790423402.878350218,Phase1_Baseline,328
1790423402.966432478,Phase1_Baseline,329
1790423403.052762625,Phase1_Baseline,330
1790423403.127275873,Phase1_Baseline,331
1790423403.195060575,Phase1_Baseline,332
1790423403.276303807,Phase1_Baseline,333
1790423403.350589924,Phase1_Baseline,333
1790423403.430462973,Phase1_Baseline,335
1790423403.507490501,Phase1_Baseline,335
1790423403.570452211,Phase1_Baseline,336
1790423403.646103910,Phase1_Baseline,337
1790423403.726384291,Phase1_Baseline,338
1790423403.828287750,Phase1_Baseline,339
1790423403.876273993,Phase1_Baseline,340
1790423403.927865665,Phase1_Baseline,304
1790423403.984762851,Phase1_Baseline,192
1790423404.060889078,Phase1_Baseline,170
1790423404.139133674,Phase1_Baseline,171
1790423404.205684764,Phase1_Baseline,172
1790423404.285193452,Phase1_Baseline,173
1790423404.360953779,Phase1_Baseline,174
1790423404.435219379,Phase1_Baseline,175
1790423404.515345826,Phase1_Baseline,176
1790423404.583941123,Phase1_Baseline,177
1790423404.664279434,Phase1_Baseline,178
1790423404.746313458,Phase1_Baseline,179
1790423404.826995545,Phase1_Baseline,180
1790423404.887603460,Phase1_Baseline,181
1790423404.971637191,Phase1_Baseline,182
1790423405.057980555,Phase1_Baseline,183
1790423405.133451782,Phase1_Baseline,184
1790423405.214803950,Phase1_Baseline,185
1790423405.292473624,Phase1_Baseline,186
1790423405.369743225,Phase1_Baseline,187
1790423405.446995687,Phase1_Baseline,188
1790423405.531156788,Phase1_Baseline,189
1790423405.617442873,Phase1_Baseline,190
1790423405.696762521,Phase1_Baseline,191
1790423405.778566146,Phase1_Baseline,192
1790423405.857585584,Phase1_Baseline,193
1790423405.939261578,Phase1_Baseline,194
1790423406.022489755,Phase1_Baseline,195
1790423406.103901850,Phase1_Baseline,196
1790423406.176027655,Phase1_Baseline,197
1790423406.263391356,Phase1_Baseline,198
1790423406.342898210,Phase1_Baseline,199
1790423406.426547295,Phase1_Baseline,200
1790423406.509131058,Phase1_Baseline,201
1790423406.591869363,Phase1_Baseline,202
1790423406.674725760,Phase1_Baseline,204
1790423406.758137991,Phase1_Baseline,205
1790423406.845212470,Phase1_Baseline,206
1790423406.926933395,Phase1_Baseline,207
1790423407.015159443,Phase1_Baseline,208
1790423407.099824607,Phase1_Baseline,209
1790423407.193624521,Phase1_Baseline,210
1790423407.272983408,Phase1_Baseline,211
1790423407.364005899,Phase1_Baseline,212
1790423407.449551217,Phase1_Baseline,213
1790423407.515845841,Phase1_Baseline,214
1790423407.597383461,Phase1_Baseline,215
1790423407.682502763,Phase1_Baseline,216
1790423407.772768787,Phase1_Baseline,217
1790423407.841637668,Phase1_Baseline,218
1790423407.917028397,Phase1_Baseline,219
1790423408.000777229,Phase1_Baseline,220
1790423408.080707809,Phase1_Baseline,221
1790423408.141147745,Phase1_Baseline,222
1790423408.213700797,Phase1_Baseline,223
1790423408.290078005,Phase1_Baseline,224
1790423408.360767784,Phase1_Baseline,225
1790423408.444411829,Phase1_Baseline,226
1790423408.502382527,Phase1_Baseline,226
1790423408.554028894,Phase1_Baseline,227
1790423408.617336029,Phase1_Baseline,228
1790423408.683853102,Phase1_Baseline,229
1790423408.761199655,Phase1_Baseline,230
1790423408.831617107,Phase1_Baseline,231
1790423408.914641042,Phase1_Baseline,232
1790423408.989802123,Phase1_Baseline,233
1790423409.064307541,Phase1_Baseline,234
1790423409.140949431,Phase1_Baseline,235
1790423409.197147703,Phase1_Baseline,235
1790423409.264893808,Phase1_Baseline,236
1790423409.345796717,Phase1_Baseline,237
1790423409.428967010,Phase1_Baseline,238
1790423409.511870757,Phase1_Baseline,239
1790423409.598170835,Phase1_Baseline,240
1790423409.677704325,Phase1_Baseline,241
1790423409.740361246,Phase1_Baseline,242
1790423409.814083177,Phase1_Baseline,243
1790423409.897081674,Phase1_Baseline,244
1790423409.980211968,Phase1_Baseline,245
1790423410.066323117,Phase1_Baseline,246
1790423410.147958196,Phase1_Baseline,247
1790423410.233763357,Phase1_Baseline,248
1790423410.312860390,Phase1_Baseline,249
1790423410.401496605,Phase1_Baseline,250
1790423410.481093203,Phase1_Baseline,251
1790423410.564517310,Phase1_Baseline,252
1790423410.646276606,Phase1_Baseline,253
1790423410.728146663,Phase1_Baseline,254
1790423410.807912128,Phase1_Baseline,256
1790423410.890309564,Phase1_Baseline,257
1790423410.976783895,Phase1_Baseline,258
1790423411.053794833,Phase1_Baseline,259
1790423411.133479544,Phase1_Baseline,260
1790423411.218249128,Phase1_Baseline,261
1790423412.559389863,Phase2_Migrated,10
1790423412.649729373,Phase2_Migrated,10
1790423412.738317525,Phase2_Migrated,18
1790423412.833370134,Phase2_Migrated,36
1790423412.929564731,Phase2_Migrated,98
1790423413.026153415,Phase2_Migrated,243
1790423413.117804798,Phase2_Migrated,424
1790423413.208822892,Phase2_Migrated,764
1790423413.295498452,Phase2_Migrated,1130
1790423413.378781462,Phase2_Migrated,974
1790423413.473126293,Phase2_Migrated,768
1790423413.565454536,Phase2_Migrated,577
1790423413.656297874,Phase2_Migrated,572
1790423413.748163206,Phase2_Migrated,493
1790423413.839525665,Phase2_Migrated,306
1790423413.928939961,Phase2_Migrated,288
1790423414.026133497,Phase2_Migrated,144
1790423414.118303877,Phase2_Migrated,145
1790423414.213218678,Phase2_Migrated,146
1790423414.298410348,Phase2_Migrated,147
1790423414.392923407,Phase2_Migrated,148
1790423414.482625412,Phase2_Migrated,149
1790423414.565267076,Phase2_Migrated,151
1790423414.659793269,Phase2_Migrated,152
1790423414.758379817,Phase2_Migrated,153
1790423414.849224265,Phase2_Migrated,154
1790423414.929500301,Phase2_Migrated,155
1790423415.024586329,Phase2_Migrated,156
1790423415.121075757,Phase2_Migrated,158
1790423415.228804828,Phase2_Migrated,159
1790423415.286619057,Phase2_Migrated,160
1790423415.344621915,Phase2_Migrated,160
1790423415.436533490,Phase2_Migrated,162
1790423415.529188654,Phase2_Migrated,163
1790423415.621084460,Phase2_Migrated,164
1790423415.714828805,Phase2_Migrated,165
1790423415.809681582,Phase2_Migrated,166
1790423415.901634015,Phase2_Migrated,168
1790423416.003951040,Phase2_Migrated,169
1790423416.094188740,Phase2_Migrated,170
1790423416.185861970,Phase2_Migrated,171
1790423416.276306399,Phase2_Migrated,172
1790423416.371125690,Phase2_Migrated,174
1790423416.444368965,Phase2_Migrated,174
1790423416.513079811,Phase2_Migrated,175
1790423416.600807885,Phase2_Migrated,176
1790423416.695826410,Phase2_Migrated,178
1790423416.789416591,Phase2_Migrated,179
1790423416.874633445,Phase2_Migrated,180
1790423416.965954797,Phase2_Migrated,181
1790423417.060316950,Phase2_Migrated,182
1790423417.155407169,Phase2_Migrated,183
1790423417.231051465,Phase2_Migrated,184
1790423417.315935086,Phase2_Migrated,185
1790423417.388803021,Phase2_Migrated,186
1790423417.484889256,Phase2_Migrated,187
1790423417.556917368,Phase2_Migrated,188
1790423417.633256594,Phase2_Migrated,189
1790423417.703596211,Phase2_Migrated,190
1790423417.788303869,Phase2_Migrated,191
1790423417.879424567,Phase2_Migrated,193
1790423417.955697031,Phase2_Migrated,194
1790423418.029823990,Phase2_Migrated,194
1790423418.109214720,Phase2_Migrated,196
1790423418.193110315,Phase2_Migrated,197
1790423418.281970205,Phase2_Migrated,198
1790423418.366411007,Phase2_Migrated,199
1790423418.446907494,Phase2_Migrated,200
1790423418.510817400,Phase2_Migrated,201
1790423418.587736243,Phase2_Migrated,202
1790423418.666821152,Phase2_Migrated,203
1790423418.755905685,Phase2_Migrated,204
1790423418.846335058,Phase2_Migrated,205
1790423418.910216940,Phase2_Migrated,205
1790423419.002078345,Phase2_Migrated,207
1790423419.091104119,Phase2_Migrated,208
1790423419.172774362,Phase2_Migrated,209
1790423419.267141796,Phase2_Migrated,210
1790423419.359888181,Phase2_Migrated,211
1790423419.454136410,Phase2_Migrated,212
1790423419.551150053,Phase2_Migrated,214
1790423419.639363907,Phase2_Migrated,215
1790423419.724840598,Phase2_Migrated,216
1790423419.819722367,Phase2_Migrated,217
1790423419.909619867,Phase2_Migrated,218
1790423420.001342321,Phase2_Migrated,219
1790423420.094070761,Phase2_Migrated,220
1790423420.185895061,Phase2_Migrated,222
1790423420.279820714,Phase2_Migrated,223
1790423420.368048677,Phase2_Migrated,224
1790423420.460864906,Phase2_Migrated,225
1790423420.543027189,Phase2_Migrated,226
1790423420.627714088,Phase2_Migrated,227
1790423420.711945550,Phase2_Migrated,228
1790423420.802973901,Phase2_Migrated,229
1790423420.896914440,Phase2_Migrated,230
1790423420.991025389,Phase2_Migrated,232
1790423421.088089896,Phase2_Migrated,233
1790423421.188693427,Phase2_Migrated,234
1790423421.277600730,Phase2_Migrated,235
1790423421.365970340,Phase2_Migrated,236
1790423421.454247603,Phase2_Migrated,237
1790423421.548334369,Phase2_Migrated,239
1790423421.638992653,Phase2_Migrated,240
1790423421.733185815,Phase2_Migrated,241
1790423421.814037651,Phase2_Migrated,242
1790423421.902019564,Phase2_Migrated,243
1790423421.996141175,Phase2_Migrated,244
1790423422.092129232,Phase2_Migrated,246
1790423422.180211827,Phase2_Migrated,247
1790423422.264756586,Phase2_Migrated,248
1790423422.331927822,Phase2_Migrated,249
1790423422.418984677,Phase2_Migrated,250
1790423422.504034338,Phase2_Migrated,251
1790423422.591065800,Phase2_Migrated,252
1790423422.668614630,Phase2_Migrated,253
1790423422.760122228,Phase2_Migrated,254
1790423422.852838520,Phase2_Migrated,255
1790423422.946069305,Phase2_Migrated,256
1790423423.039109611,Phase2_Migrated,257
1790423423.134768553,Phase2_Migrated,259
1790423423.228295277,Phase2_Migrated,260
1790423423.310866605,Phase2_Migrated,261
1790423423.378998029,Phase2_Migrated,262
1790423423.471604578,Phase2_Migrated,263
1790423423.564501236,Phase2_Migrated,264
1790423423.660901836,Phase2_Migrated,265
1790423423.742029245,Phase2_Migrated,266
1790423423.831336907,Phase2_Migrated,267
1790423423.896863453,Phase2_Migrated,268
1790423423.989092735,Phase2_Migrated,269
1790423424.082796357,Phase2_Migrated,270
1790423424.177283074,Phase2_Migrated,272
1790423424.269470225,Phase2_Migrated,273
1790423424.365188476,Phase2_Migrated,274
1790423424.462793508,Phase2_Migrated,275
1790423424.559856591,Phase2_Migrated,276
1790423424.644366043,Phase2_Migrated,278
1790423424.727399311,Phase2_Migrated,279
1790423424.802435485,Phase2_Migrated,279
1790423424.862038618,Phase2_Migrated,280
1790423424.949997806,Phase2_Migrated,281
1790423425.053869485,Phase2_Migrated,283
1790423425.122241618,Phase2_Migrated,284
1790423425.205980822,Phase2_Migrated,285
1790423425.296162860,Phase2_Migrated,286
1790423425.366801284,Phase2_Migrated,287
1790423425.450311699,Phase2_Migrated,288
1790423425.549754808,Phase2_Migrated,289
1790423425.652386107,Phase2_Migrated,290
1790423425.738097291,Phase2_Migrated,291
1790423425.840707005,Phase2_Migrated,292
1790423425.942870230,Phase2_Migrated,294
1790423426.036710522,Phase2_Migrated,295
1790423426.130369789,Phase2_Migrated,296
1790423426.220406850,Phase2_Migrated,297
1790423426.306636646,Phase2_Migrated,298
1790423426.379280890,Phase2_Migrated,299
1790423426.468406032,Phase2_Migrated,300
1790423426.564998746,Phase2_Migrated,301
1790423426.658832835,Phase2_Migrated,303
1790423426.746281297,Phase2_Migrated,304
1790423426.832162122,Phase2_Migrated,305
1790423426.914799557,Phase2_Migrated,306
1790423427.008618677,Phase2_Migrated,307
1790423427.103819008,Phase2_Migrated,308
1790423427.200163402,Phase2_Migrated,309
1790423427.290516002,Phase2_Migrated,310
1790423427.382292180,Phase2_Migrated,311
1790423427.472171296,Phase2_Migrated,313
1790423427.554567132,Phase2_Migrated,314
1790423427.636825581,Phase2_Migrated,315
1790423427.717077797,Phase2_Migrated,316
1790423427.798276873,Phase2_Migrated,317
1790423427.865842090,Phase2_Migrated,318
1790423427.945805696,Phase2_Migrated,318
1790423428.018713765,Phase2_Migrated,319
1790423428.089483561,Phase2_Migrated,320
1790423428.180497121,Phase2_Migrated,321
1790423428.268423658,Phase2_Migrated,322
1790423428.344132913,Phase2_Migrated,323
1790423428.420334738,Phase2_Migrated,324
1790423428.475447718,Phase2_Migrated,325
1790423428.535945441,Phase2_Migrated,326
1790423428.609908423,Phase2_Migrated,327
1790423428.700339273,Phase2_Migrated,328
1790423428.784770733,Phase2_Migrated,329
1790423428.876988251,Phase2_Migrated,330
1790423428.969193309,Phase2_Migrated,331
1790423429.040493304,Phase2_Migrated,332
1790423429.121352429,Phase2_Migrated,333
1790423429.191173284,Phase2_Migrated,334
1790423429.274249348,Phase2_Migrated,335
1790423429.366521422,Phase2_Migrated,336
1790423429.454954853,Phase2_Migrated,337
1790423429.549255633,Phase2_Migrated,338
1790423429.641056583,Phase2_Migrated,339
1790423429.732017563,Phase2_Migrated,340
1790423429.806239993,Phase2_Migrated,341
1790423429.891721160,Phase2_Migrated,342
1790423429.976297783,Phase2_Migrated,343
1790423430.069693458,Phase2_Migrated,345
1790423430.157472745,Phase2_Migrated,346
1790423430.250478008,Phase2_Migrated,347
1790423430.332904866,Phase2_Migrated,348
1790423430.421442122,Phase2_Migrated,349
1790423430.499257349,Phase2_Migrated,350
1790423430.567216845,Phase2_Migrated,350
1790423430.655380018,Phase2_Migrated,351
1790423430.719536655,Phase2_Migrated,352
1790423430.815010267,Phase2_Migrated,353
1790423430.878097753,Phase2_Migrated,354
1790423430.946159395,Phase2_Migrated,355
1790423431.035478817,Phase2_Migrated,356
1790423431.128991157,Phase2_Migrated,357
1790423431.213381005,Phase2_Migrated,286
1790423431.302410734,Phase2_Migrated,179
1790423431.388589350,Phase2_Migrated,180
1790423431.473292573,Phase2_Migrated,181
1790423431.567223825,Phase2_Migrated,182
1790423431.661500963,Phase2_Migrated,184
1790423431.750071701,Phase2_Migrated,185
1790423431.837839362,Phase2_Migrated,186
1790423431.932692426,Phase2_Migrated,187
1790423432.021404285,Phase2_Migrated,188
1790423432.100166812,Phase2_Migrated,189
1790423432.174468387,Phase2_Migrated,190
1790423432.269454403,Phase2_Migrated,191
1790423432.352114435,Phase2_Migrated,192
1790423432.437060635,Phase2_Migrated,193
1790423432.534642139,Phase2_Migrated,195
1790423432.608951364,Phase2_Migrated,195
1790423432.688500937,Phase2_Migrated,197
1790423432.777899596,Phase2_Migrated,198
1790423432.871129575,Phase2_Migrated,199
1790423432.965109942,Phase2_Migrated,200
1790423433.056854317,Phase2_Migrated,201
1790423433.149799341,Phase2_Migrated,202
1790423433.241960529,Phase2_Migrated,203
1790423433.303164161,Phase2_Migrated,204
1790423433.389113716,Phase2_Migrated,205
1790423433.483134907,Phase2_Migrated,207
1790423433.575372339,Phase2_Migrated,208
1790423433.675889179,Phase2_Migrated,209
1790423433.756405073,Phase2_Migrated,210
1790423433.849458010,Phase2_Migrated,211
1790423433.944436415,Phase2_Migrated,212
1790423434.038133561,Phase2_Migrated,214
1790423434.133525636,Phase2_Migrated,215
1790423434.229866283,Phase2_Migrated,216
1790423434.323874942,Phase2_Migrated,217
1790423434.432832025,Phase2_Migrated,219
1790423434.527448361,Phase2_Migrated,220
1790423434.596568973,Phase2_Migrated,221
1790423434.669954192,Phase2_Migrated,222
1790423434.764163590,Phase2_Migrated,223
1790423434.853763381,Phase2_Migrated,224
1790423434.927040294,Phase2_Migrated,225
1790423435.024617224,Phase2_Migrated,226
1790423435.117255836,Phase2_Migrated,227
1790423435.208819426,Phase2_Migrated,228
1790423435.290857651,Phase2_Migrated,230
1790423435.387018774,Phase2_Migrated,231
1790423435.477827511,Phase2_Migrated,232
1790423435.556254168,Phase2_Migrated,233
1790423435.639505125,Phase2_Migrated,234
1790423435.734807453,Phase2_Migrated,235
1790423435.820636951,Phase2_Migrated,236
1790423435.919417518,Phase2_Migrated,237
1790423436.018537342,Phase2_Migrated,239
1790423437.319509312,Uninterrupted_Baseline,1
1790423437.400258384,Uninterrupted_Baseline,1
1790423437.482353141,Uninterrupted_Baseline,1
1790423437.565172300,Uninterrupted_Baseline,1
1790423437.649300486,Uninterrupted_Baseline,1
1790423437.716477379,Uninterrupted_Baseline,1
1790423437.799524667,Uninterrupted_Baseline,1
1790423437.877778799,Uninterrupted_Baseline,1
1790423437.964931335,Uninterrupted_Baseline,1
1790423438.042715448,Uninterrupted_Baseline,1
1790423438.096850229,Uninterrupted_Baseline,1
1790423438.156423034,Uninterrupted_Baseline,1
1790423438.226026972,Uninterrupted_Baseline,1
1790423438.291465932,Uninterrupted_Baseline,1
1790423438.367836366,Uninterrupted_Baseline,1
1790423438.433012376,Uninterrupted_Baseline,1
1790423438.482219040,Uninterrupted_Baseline,1
1790423438.542558751,Uninterrupted_Baseline,1
1790423438.609051186,Uninterrupted_Baseline,1
1790423438.609051186,Uninterrupted_Baseline,10
1790423438.679247048,Uninterrupted_Baseline,1
1790423438.679247048,Uninterrupted_Baseline,16
1790423438.748767369,Uninterrupted_Baseline,1
1790423438.748767369,Uninterrupted_Baseline,32
1790423438.823515461,Uninterrupted_Baseline,1
1790423438.823515461,Uninterrupted_Baseline,64
1790423438.911482503,Uninterrupted_Baseline,1
1790423438.911482503,Uninterrupted_Baseline,128
1790423438.994590730,Uninterrupted_Baseline,1
1790423438.994590730,Uninterrupted_Baseline,256
1790423439.067508102,Uninterrupted_Baseline,1
1790423439.067508102,Uninterrupted_Baseline,434
1790423439.136460500,Uninterrupted_Baseline,1
1790423439.136460500,Uninterrupted_Baseline,651
1790423439.191262863,Uninterrupted_Baseline,1
1790423439.191262863,Uninterrupted_Baseline,909
1790423439.270450839,Uninterrupted_Baseline,1
1790423439.270450839,Uninterrupted_Baseline,883
1790423439.353448957,Uninterrupted_Baseline,1
1790423439.353448957,Uninterrupted_Baseline,743
1790423439.416847142,Uninterrupted_Baseline,1
1790423439.416847142,Uninterrupted_Baseline,588
1790423439.503142640,Uninterrupted_Baseline,1
1790423439.503142640,Uninterrupted_Baseline,507
1790423439.584132449,Uninterrupted_Baseline,1
1790423439.584132449,Uninterrupted_Baseline,507
1790423439.668824358,Uninterrupted_Baseline,1
1790423439.668824358,Uninterrupted_Baseline,507
1790423439.744751154,Uninterrupted_Baseline,1
1790423439.744751154,Uninterrupted_Baseline,388
1790423439.826991157,Uninterrupted_Baseline,1
1790423439.826991157,Uninterrupted_Baseline,253
1790423439.903577561,Uninterrupted_Baseline,1
1790423439.903577561,Uninterrupted_Baseline,242
1790423439.975290107,Uninterrupted_Baseline,1
1790423439.975290107,Uninterrupted_Baseline,126
1790423440.049363818,Uninterrupted_Baseline,1
1790423440.049363818,Uninterrupted_Baseline,126
1790423440.135836394,Uninterrupted_Baseline,1
1790423440.135836394,Uninterrupted_Baseline,127
1790423440.216076919,Uninterrupted_Baseline,1
1790423440.216076919,Uninterrupted_Baseline,128
1790423440.301314952,Uninterrupted_Baseline,1
1790423440.301314952,Uninterrupted_Baseline,129
1790423440.386376442,Uninterrupted_Baseline,1
1790423440.386376442,Uninterrupted_Baseline,130
1790423440.459985577,Uninterrupted_Baseline,1
1790423440.459985577,Uninterrupted_Baseline,131
1790423440.529139357,Uninterrupted_Baseline,1
1790423440.529139357,Uninterrupted_Baseline,132
1790423440.606405095,Uninterrupted_Baseline,1
1790423440.606405095,Uninterrupted_Baseline,133
1790423440.676486979,Uninterrupted_Baseline,1
1790423440.676486979,Uninterrupted_Baseline,134
1790423440.742785979,Uninterrupted_Baseline,1
1790423440.742785979,Uninterrupted_Baseline,134
1790423440.824481242,Uninterrupted_Baseline,1
1790423440.824481242,Uninterrupted_Baseline,135
1790423440.904227215,Uninterrupted_Baseline,1
1790423440.904227215,Uninterrupted_Baseline,137
1790423440.985196602,Uninterrupted_Baseline,1
1790423440.985196602,Uninterrupted_Baseline,138
1790423441.067753958,Uninterrupted_Baseline,1
1790423441.067753958,Uninterrupted_Baseline,139
1790423441.149092361,Uninterrupted_Baseline,1
1790423441.149092361,Uninterrupted_Baseline,140
1790423441.237088549,Uninterrupted_Baseline,1
1790423441.237088549,Uninterrupted_Baseline,141
1790423441.311403958,Uninterrupted_Baseline,1
1790423441.311403958,Uninterrupted_Baseline,142
1790423441.398275382,Uninterrupted_Baseline,1
1790423441.398275382,Uninterrupted_Baseline,143
1790423441.480379970,Uninterrupted_Baseline,1
1790423441.480379970,Uninterrupted_Baseline,144
1790423441.559981609,Uninterrupted_Baseline,1
1790423441.559981609,Uninterrupted_Baseline,145
1790423441.636185465,Uninterrupted_Baseline,1
1790423441.636185465,Uninterrupted_Baseline,146
1790423441.710396336,Uninterrupted_Baseline,1
1790423441.710396336,Uninterrupted_Baseline,147
1790423441.784450589,Uninterrupted_Baseline,1
1790423441.784450589,Uninterrupted_Baseline,148
1790423441.863022294,Uninterrupted_Baseline,1
1790423441.863022294,Uninterrupted_Baseline,149
1790423441.931250418,Uninterrupted_Baseline,1
1790423441.931250418,Uninterrupted_Baseline,150
1790423442.009049691,Uninterrupted_Baseline,1
1790423442.009049691,Uninterrupted_Baseline,150
1790423442.089104382,Uninterrupted_Baseline,1
1790423442.089104382,Uninterrupted_Baseline,152
1790423442.173988737,Uninterrupted_Baseline,1
1790423442.173988737,Uninterrupted_Baseline,153
1790423442.255247924,Uninterrupted_Baseline,1
1790423442.255247924,Uninterrupted_Baseline,154
1790423442.337721491,Uninterrupted_Baseline,1
1790423442.337721491,Uninterrupted_Baseline,155
1790423442.418934346,Uninterrupted_Baseline,1
1790423442.418934346,Uninterrupted_Baseline,156
1790423442.504193827,Uninterrupted_Baseline,1
1790423442.504193827,Uninterrupted_Baseline,157
1790423442.574931870,Uninterrupted_Baseline,1
1790423442.574931870,Uninterrupted_Baseline,158
1790423442.661241988,Uninterrupted_Baseline,1
1790423442.661241988,Uninterrupted_Baseline,159
1790423442.742197421,Uninterrupted_Baseline,1
1790423442.742197421,Uninterrupted_Baseline,160
1790423442.825197260,Uninterrupted_Baseline,1
1790423442.825197260,Uninterrupted_Baseline,161
1790423442.910097946,Uninterrupted_Baseline,1
1790423442.910097946,Uninterrupted_Baseline,162
1790423442.992232654,Uninterrupted_Baseline,1
1790423442.992232654,Uninterrupted_Baseline,163
1790423443.070491168,Uninterrupted_Baseline,1
1790423443.070491168,Uninterrupted_Baseline,164
1790423443.152189302,Uninterrupted_Baseline,1
1790423443.152189302,Uninterrupted_Baseline,165
1790423443.228495916,Uninterrupted_Baseline,1
1790423443.228495916,Uninterrupted_Baseline,166
1790423443.306913358,Uninterrupted_Baseline,1
1790423443.306913358,Uninterrupted_Baseline,167
1790423443.387716362,Uninterrupted_Baseline,1
1790423443.387716362,Uninterrupted_Baseline,168
1790423443.472278338,Uninterrupted_Baseline,1
1790423443.472278338,Uninterrupted_Baseline,169
1790423443.566059000,Uninterrupted_Baseline,1
1790423443.566059000,Uninterrupted_Baseline,170
1790423443.646902578,Uninterrupted_Baseline,1
1790423443.646902578,Uninterrupted_Baseline,171
1790423443.727120676,Uninterrupted_Baseline,1
1790423443.727120676,Uninterrupted_Baseline,172
1790423443.808111851,Uninterrupted_Baseline,1
1790423443.808111851,Uninterrupted_Baseline,173
1790423443.886464494,Uninterrupted_Baseline,1
1790423443.886464494,Uninterrupted_Baseline,174
1790423443.967328267,Uninterrupted_Baseline,1
1790423443.967328267,Uninterrupted_Baseline,175
1790423444.052020614,Uninterrupted_Baseline,1
1790423444.052020614,Uninterrupted_Baseline,176
1790423444.131854990,Uninterrupted_Baseline,1
1790423444.131854990,Uninterrupted_Baseline,177
1790423444.200436963,Uninterrupted_Baseline,1
1790423444.200436963,Uninterrupted_Baseline,178
1790423444.281508531,Uninterrupted_Baseline,1
1790423444.281508531,Uninterrupted_Baseline,179
1790423444.353364257,Uninterrupted_Baseline,1
1790423444.353364257,Uninterrupted_Baseline,180
1790423444.423963189,Uninterrupted_Baseline,1
1790423444.423963189,Uninterrupted_Baseline,181
1790423444.498464888,Uninterrupted_Baseline,1
1790423444.498464888,Uninterrupted_Baseline,182
1790423444.560355092,Uninterrupted_Baseline,1
1790423444.560355092,Uninterrupted_Baseline,183
1790423444.630812917,Uninterrupted_Baseline,1
1790423444.630812917,Uninterrupted_Baseline,184
1790423444.708453778,Uninterrupted_Baseline,1
1790423444.708453778,Uninterrupted_Baseline,185
1790423444.784910927,Uninterrupted_Baseline,1
1790423444.784910927,Uninterrupted_Baseline,186
1790423444.862013681,Uninterrupted_Baseline,1
1790423444.862013681,Uninterrupted_Baseline,187
1790423444.948072711,Uninterrupted_Baseline,1
1790423444.948072711,Uninterrupted_Baseline,188
1790423444.999591378,Uninterrupted_Baseline,1
1790423444.999591378,Uninterrupted_Baseline,188
1790423445.065068747,Uninterrupted_Baseline,1
1790423445.065068747,Uninterrupted_Baseline,189
1790423445.145730505,Uninterrupted_Baseline,1
1790423445.145730505,Uninterrupted_Baseline,190
1790423445.212598056,Uninterrupted_Baseline,1
1790423445.212598056,Uninterrupted_Baseline,191
1790423445.294373410,Uninterrupted_Baseline,1
1790423445.294373410,Uninterrupted_Baseline,192
1790423445.380248160,Uninterrupted_Baseline,1
1790423445.380248160,Uninterrupted_Baseline,193
1790423445.454743233,Uninterrupted_Baseline,1
1790423445.454743233,Uninterrupted_Baseline,194
1790423445.542583106,Uninterrupted_Baseline,1
1790423445.542583106,Uninterrupted_Baseline,195
1790423445.627629708,Uninterrupted_Baseline,1
1790423445.627629708,Uninterrupted_Baseline,197
1790423445.710768329,Uninterrupted_Baseline,1
1790423445.710768329,Uninterrupted_Baseline,197
1790423445.782598341,Uninterrupted_Baseline,1
1790423445.782598341,Uninterrupted_Baseline,198
1790423445.865202907,Uninterrupted_Baseline,1
1790423445.865202907,Uninterrupted_Baseline,200
1790423445.952902380,Uninterrupted_Baseline,1
1790423445.952902380,Uninterrupted_Baseline,201
1790423446.039133794,Uninterrupted_Baseline,1
1790423446.039133794,Uninterrupted_Baseline,202
1790423446.125603416,Uninterrupted_Baseline,1
1790423446.125603416,Uninterrupted_Baseline,203
1790423446.211894856,Uninterrupted_Baseline,1
1790423446.211894856,Uninterrupted_Baseline,204
1790423446.295245344,Uninterrupted_Baseline,1
1790423446.295245344,Uninterrupted_Baseline,205
1790423446.368980298,Uninterrupted_Baseline,1
1790423446.368980298,Uninterrupted_Baseline,206
1790423446.452396339,Uninterrupted_Baseline,1
1790423446.452396339,Uninterrupted_Baseline,207
1790423446.538906871,Uninterrupted_Baseline,1
1790423446.538906871,Uninterrupted_Baseline,208
1790423446.612219261,Uninterrupted_Baseline,1
1790423446.612219261,Uninterrupted_Baseline,209
1790423446.693430365,Uninterrupted_Baseline,1
1790423446.693430365,Uninterrupted_Baseline,210
1790423446.775135178,Uninterrupted_Baseline,1
1790423446.775135178,Uninterrupted_Baseline,211
1790423446.858055217,Uninterrupted_Baseline,1
1790423446.858055217,Uninterrupted_Baseline,212
1790423446.938114620,Uninterrupted_Baseline,1
1790423446.938114620,Uninterrupted_Baseline,213
1790423447.021867478,Uninterrupted_Baseline,1
1790423447.021867478,Uninterrupted_Baseline,214
1790423447.107846892,Uninterrupted_Baseline,1
1790423447.107846892,Uninterrupted_Baseline,215
1790423447.194587328,Uninterrupted_Baseline,1
1790423447.194587328,Uninterrupted_Baseline,216
1790423447.260560035,Uninterrupted_Baseline,1
1790423447.260560035,Uninterrupted_Baseline,217
1790423447.343420050,Uninterrupted_Baseline,1
1790423447.343420050,Uninterrupted_Baseline,218
1790423447.428106816,Uninterrupted_Baseline,1
1790423447.428106816,Uninterrupted_Baseline,219
1790423447.495932980,Uninterrupted_Baseline,1
1790423447.495932980,Uninterrupted_Baseline,220
1790423447.578583589,Uninterrupted_Baseline,1
1790423447.578583589,Uninterrupted_Baseline,221
1790423447.640958453,Uninterrupted_Baseline,1
1790423447.640958453,Uninterrupted_Baseline,222
1790423447.719469856,Uninterrupted_Baseline,1
1790423447.719469856,Uninterrupted_Baseline,223
1790423447.802043060,Uninterrupted_Baseline,1
1790423447.802043060,Uninterrupted_Baseline,224
1790423447.882307566,Uninterrupted_Baseline,1
1790423447.882307566,Uninterrupted_Baseline,225
1790423447.972175964,Uninterrupted_Baseline,1
1790423447.972175964,Uninterrupted_Baseline,226
1790423448.048322876,Uninterrupted_Baseline,1
1790423448.048322876,Uninterrupted_Baseline,227
1790423448.118058475,Uninterrupted_Baseline,1
1790423448.118058475,Uninterrupted_Baseline,228
1790423448.189106347,Uninterrupted_Baseline,229
1790423448.262009346,Uninterrupted_Baseline,230
1790423448.341455729,Uninterrupted_Baseline,231
1790423448.412633716,Uninterrupted_Baseline,232
1790423448.465634316,Uninterrupted_Baseline,232
1790423448.528521401,Uninterrupted_Baseline,233
1790423448.596525799,Uninterrupted_Baseline,234
1790423448.657773644,Uninterrupted_Baseline,235
1790423448.734089432,Uninterrupted_Baseline,236
1790423448.812331101,Uninterrupted_Baseline,237
1790423448.894643762,Uninterrupted_Baseline,238
1790423448.975928847,Uninterrupted_Baseline,239
1790423449.054133435,Uninterrupted_Baseline,239
1790423449.113913648,Uninterrupted_Baseline,240
1790423449.193900146,Uninterrupted_Baseline,241
1790423449.271786259,Uninterrupted_Baseline,242
1790423449.349957822,Uninterrupted_Baseline,243
1790423449.430904954,Uninterrupted_Baseline,244
1790423449.513128473,Uninterrupted_Baseline,245
1790423449.599074125,Uninterrupted_Baseline,246
1790423449.678907832,Uninterrupted_Baseline,247
1790423449.756131950,Uninterrupted_Baseline,248
1790423449.839949907,Uninterrupted_Baseline,249
1790423449.920862161,Uninterrupted_Baseline,251
1790423450.005882817,Uninterrupted_Baseline,252
1790423450.083894165,Uninterrupted_Baseline,253
1790423450.163805587,Uninterrupted_Baseline,254
1790423450.248911635,Uninterrupted_Baseline,255
1790423450.332471051,Uninterrupted_Baseline,256
1790423450.406767829,Uninterrupted_Baseline,257
1790423450.486467765,Uninterrupted_Baseline,258
1790423450.560999961,Uninterrupted_Baseline,259
1790423450.642434323,Uninterrupted_Baseline,259
1790423450.719245281,Uninterrupted_Baseline,261
1790423450.805431274,Uninterrupted_Baseline,262
1790423450.886865345,Uninterrupted_Baseline,263
1790423450.967008795,Uninterrupted_Baseline,264
1790423451.053419241,Uninterrupted_Baseline,265
1790423451.132133585,Uninterrupted_Baseline,266
1790423451.216359102,Uninterrupted_Baseline,267
1790423451.288916485,Uninterrupted_Baseline,268
1790423451.377084719,Uninterrupted_Baseline,269
1790423451.462136525,Uninterrupted_Baseline,270
1790423451.544946516,Uninterrupted_Baseline,271
1790423451.631084685,Uninterrupted_Baseline,272
1790423451.718444444,Uninterrupted_Baseline,273
1790423451.793631718,Uninterrupted_Baseline,274
1790423451.869459718,Uninterrupted_Baseline,275
1790423451.933465864,Uninterrupted_Baseline,276
1790423452.012206648,Uninterrupted_Baseline,277
1790423452.097339964,Uninterrupted_Baseline,278
1790423452.171517570,Uninterrupted_Baseline,279
1790423452.256514471,Uninterrupted_Baseline,280
1790423452.342123162,Uninterrupted_Baseline,281
1790423452.429285111,Uninterrupted_Baseline,282
1790423452.512934253,Uninterrupted_Baseline,283
1790423452.594565960,Uninterrupted_Baseline,284
1790423452.678627481,Uninterrupted_Baseline,285
1790423452.760262633,Uninterrupted_Baseline,286
1790423452.846202176,Uninterrupted_Baseline,287
1790423452.929804598,Uninterrupted_Baseline,288
1790423453.012736090,Uninterrupted_Baseline,289
1790423453.089451651,Uninterrupted_Baseline,290
1790423453.169360066,Uninterrupted_Baseline,291
1790423453.235074584,Uninterrupted_Baseline,292
1790423453.310138669,Uninterrupted_Baseline,293
1790423453.389035108,Uninterrupted_Baseline,294
1790423453.460842644,Uninterrupted_Baseline,295
1790423453.528079715,Uninterrupted_Baseline,296
1790423453.610842914,Uninterrupted_Baseline,297
1790423453.689935961,Uninterrupted_Baseline,298
1790423453.770938372,Uninterrupted_Baseline,299
1790423453.850127780,Uninterrupted_Baseline,300
1790423453.922476110,Uninterrupted_Baseline,301
1790423454.002978030,Uninterrupted_Baseline,302
1790423454.063326079,Uninterrupted_Baseline,303
1790423454.144890232,Uninterrupted_Baseline,304
1790423454.226470367,Uninterrupted_Baseline,305
1790423454.312149569,Uninterrupted_Baseline,306
1790423454.395973253,Uninterrupted_Baseline,307
1790423454.476237914,Uninterrupted_Baseline,308
1790423454.561144204,Uninterrupted_Baseline,309
1790423454.644453789,Uninterrupted_Baseline,310
1790423454.726791145,Uninterrupted_Baseline,311
1790423454.810383811,Uninterrupted_Baseline,312
1790423454.880063099,Uninterrupted_Baseline,313
1790423454.953363744,Uninterrupted_Baseline,314
1790423455.035751979,Uninterrupted_Baseline,315
1790423455.134876330,Uninterrupted_Baseline,316
1790423455.185936198,Uninterrupted_Baseline,316
1790423455.247221345,Uninterrupted_Baseline,317
1790423455.319232783,Uninterrupted_Baseline,318
1790423455.399805647,Uninterrupted_Baseline,319
1790423455.483910393,Uninterrupted_Baseline,320
1790423455.564018735,Uninterrupted_Baseline,321
1790423455.652625432,Uninterrupted_Baseline,322
1790423455.733835024,Uninterrupted_Baseline,323
1790423455.817004679,Uninterrupted_Baseline,324
1790423455.884330633,Uninterrupted_Baseline,325
1790423455.954248149,Uninterrupted_Baseline,326
1790423456.039406727,Uninterrupted_Baseline,327
1790423456.122734426,Uninterrupted_Baseline,328
1790423456.203991164,Uninterrupted_Baseline,329
1790423456.284127910,Uninterrupted_Baseline,330
1790423456.343279066,Uninterrupted_Baseline,331
1790423456.412885255,Uninterrupted_Baseline,331
1790423456.494421373,Uninterrupted_Baseline,332
1790423456.576862720,Uninterrupted_Baseline,333
1790423456.656759750,Uninterrupted_Baseline,335
1790423456.742150931,Uninterrupted_Baseline,336
1790423456.831112173,Uninterrupted_Baseline,337
1790423456.914369846,Uninterrupted_Baseline,338
1790423456.998932665,Uninterrupted_Baseline,339
1790423457.086275760,Uninterrupted_Baseline,340
1790423457.170327975,Uninterrupted_Baseline,341
1790423457.254055176,Uninterrupted_Baseline,342
1790423457.335552571,Uninterrupted_Baseline,343
1790423457.416696791,Uninterrupted_Baseline,344
1790423457.497087911,Uninterrupted_Baseline,345
1790423457.562617668,Uninterrupted_Baseline,345
1790423457.640241985,Uninterrupted_Baseline,346
1790423457.723083611,Uninterrupted_Baseline,347
1790423457.804027288,Uninterrupted_Baseline,348
1790423457.887982547,Uninterrupted_Baseline,349
1790423457.962561211,Uninterrupted_Baseline,350
1790423458.042741174,Uninterrupted_Baseline,351
1790423458.119082229,Uninterrupted_Baseline,352
1790423458.193848085,Uninterrupted_Baseline,353
1790423458.266942872,Uninterrupted_Baseline,354
1790423458.327825631,Uninterrupted_Baseline,354
1790423458.404063494,Uninterrupted_Baseline,355
1790423458.457424196,Uninterrupted_Baseline,356
1790423458.518604489,Uninterrupted_Baseline,357
1790423458.587569850,Uninterrupted_Baseline,357
1790423458.647452691,Uninterrupted_Baseline,226
1790423458.714893030,Uninterrupted_Baseline,178
1790423458.796194197,Uninterrupted_Baseline,179
1790423458.869315538,Uninterrupted_Baseline,180
1790423458.948120337,Uninterrupted_Baseline,181
1790423459.020975678,Uninterrupted_Baseline,182
1790423459.076344338,Uninterrupted_Baseline,183
1790423459.135832896,Uninterrupted_Baseline,183
1790423459.198606769,Uninterrupted_Baseline,184
1790423459.273992595,Uninterrupted_Baseline,185
1790423459.350319894,Uninterrupted_Baseline,186
1790423459.423497205,Uninterrupted_Baseline,187
1790423459.506246740,Uninterrupted_Baseline,188
1790423459.583770987,Uninterrupted_Baseline,189
1790423459.661975973,Uninterrupted_Baseline,190
1790423459.726690514,Uninterrupted_Baseline,191
1790423459.806197763,Uninterrupted_Baseline,192
1790423459.881901920,Uninterrupted_Baseline,193
1790423459.964824474,Uninterrupted_Baseline,194
1790423460.047193762,Uninterrupted_Baseline,195
1790423460.126351044,Uninterrupted_Baseline,196
1790423460.208698711,Uninterrupted_Baseline,197
1790423460.293259855,Uninterrupted_Baseline,198
1790423460.368714483,Uninterrupted_Baseline,199
1790423460.449029393,Uninterrupted_Baseline,200
1790423460.529941384,Uninterrupted_Baseline,201
1790423460.589348296,Uninterrupted_Baseline,202
1790423460.667611648,Uninterrupted_Baseline,203
1790423460.746187754,Uninterrupted_Baseline,204
1790423460.826462727,Uninterrupted_Baseline,205
1790423460.902277868,Uninterrupted_Baseline,206
1790423460.983643368,Uninterrupted_Baseline,207
1790423461.064142093,Uninterrupted_Baseline,208
1790423461.151120938,Uninterrupted_Baseline,209
1790423461.236605501,Uninterrupted_Baseline,210
1790423461.313044438,Uninterrupted_Baseline,211
1790423461.397083376,Uninterrupted_Baseline,212
1790423461.463720008,Uninterrupted_Baseline,213
1790423461.540173309,Uninterrupted_Baseline,214
1790423461.622934036,Uninterrupted_Baseline,215
1790423461.704347647,Uninterrupted_Baseline,216
1790423461.787576711,Uninterrupted_Baseline,217
1790423461.869270611,Uninterrupted_Baseline,218
1790423461.956700415,Uninterrupted_Baseline,219
1790423462.041209699,Uninterrupted_Baseline,220
1790423462.123627063,Uninterrupted_Baseline,221
1790423462.196467242,Uninterrupted_Baseline,222
1790423462.247827166,Uninterrupted_Baseline,223
1790423462.311522078,Uninterrupted_Baseline,224
1790423462.381577930,Uninterrupted_Baseline,225
1790423462.461146212,Uninterrupted_Baseline,226
1790423462.541401795,Uninterrupted_Baseline,227
1790423462.623477549,Uninterrupted_Baseline,228
1790423462.705090899,Uninterrupted_Baseline,229
1790423462.785291170,Uninterrupted_Baseline,230
1790423462.866198603,Uninterrupted_Baseline,231
1790423462.951151631,Uninterrupted_Baseline,232
1790423463.031351645,Uninterrupted_Baseline,233
1790423463.113361301,Uninterrupted_Baseline,234
1790423463.199455239,Uninterrupted_Baseline,235
1790423463.283614683,Uninterrupted_Baseline,236
1790423463.361983419,Uninterrupted_Baseline,237
1790423463.433941964,Uninterrupted_Baseline,238
1790423463.510868380,Uninterrupted_Baseline,239
1790423463.595702390,Uninterrupted_Baseline,240
1790423463.675107105,Uninterrupted_Baseline,241
1790423463.760197336,Uninterrupted_Baseline,242
1790423463.843714820,Uninterrupted_Baseline,243
1790423463.929633226,Uninterrupted_Baseline,244
1790423464.014105328,Uninterrupted_Baseline,245
1790423464.098336319,Uninterrupted_Baseline,246
1790423464.174008834,Uninterrupted_Baseline,247
1790423464.245860698,Uninterrupted_Baseline,248
1790423464.330190292,Uninterrupted_Baseline,249
1790423464.414459830,Uninterrupted_Baseline,250
1790423464.496390136,Uninterrupted_Baseline,251
1790423464.588188881,Uninterrupted_Baseline,252
1790423464.677344513,Uninterrupted_Baseline,253
1790423464.764113438,Uninterrupted_Baseline,254
1790423464.848437076,Uninterrupted_Baseline,256
1790423464.926337103,Uninterrupted_Baseline,257
1790423465.006133471,Uninterrupted_Baseline,258
1790423465.106842398,Uninterrupted_Baseline,259
1790423465.156089022,Uninterrupted_Baseline,259
1790423465.219024744,Uninterrupted_Baseline,260
1790423465.292731638,Uninterrupted_Baseline,261
1790423465.373542973,Uninterrupted_Baseline,262
1790423465.453007722,Uninterrupted_Baseline,263
1790423465.536034539,Uninterrupted_Baseline,264
1790423465.620342861,Uninterrupted_Baseline,265
1790423465.701300308,Uninterrupted_Baseline,266
1790423465.786212364,Uninterrupted_Baseline,267
1790423465.871348548,Uninterrupted_Baseline,268
1790423465.948543797,Uninterrupted_Baseline,269
1790423466.032734666,Uninterrupted_Baseline,270
1790423466.109911265,Uninterrupted_Baseline,271
1790423466.189102337,Uninterrupted_Baseline,272
1790423466.270573599,Uninterrupted_Baseline,273
1790423466.336026140,Uninterrupted_Baseline,274
1790423466.416323301,Uninterrupted_Baseline,275
1790423466.495569879,Uninterrupted_Baseline,276
1790423466.573935676,Uninterrupted_Baseline,277
1790423466.651873281,Uninterrupted_Baseline,278
1790423466.730827320,Uninterrupted_Baseline,279
1790423466.810013757,Uninterrupted_Baseline,280
1790423466.894836923,Uninterrupted_Baseline,281
1790423466.976416811,Uninterrupted_Baseline,282
1790423467.058867099,Uninterrupted_Baseline,283
1790423467.142524710,Uninterrupted_Baseline,284
1790423467.224510620,Uninterrupted_Baseline,285
1790423467.301477039,Uninterrupted_Baseline,286
1790423467.383854889,Uninterrupted_Baseline,288
1790423467.475962652,Uninterrupted_Baseline,289
1790423467.559611108,Uninterrupted_Baseline,290
1790423467.643601033,Uninterrupted_Baseline,291
1790423467.724447150,Uninterrupted_Baseline,292
1790423467.807486378,Uninterrupted_Baseline,293
1790423467.891149214,Uninterrupted_Baseline,294
1790423467.971403527,Uninterrupted_Baseline,295
1790423468.047615098,Uninterrupted_Baseline,296
1790423468.123436473,Uninterrupted_Baseline,297
1790423468.208092388,Uninterrupted_Baseline,298
1790423468.282000484,Uninterrupted_Baseline,299
1790423468.362124172,Uninterrupted_Baseline,300
1790423468.427277623,Uninterrupted_Baseline,300
1790423468.475428515,Uninterrupted_Baseline,301
1790423468.530435177,Uninterrupted_Baseline,302
1790423468.585176915,Uninterrupted_Baseline,302
1790423468.654173687,Uninterrupted_Baseline,303
1790423468.734821212,Uninterrupted_Baseline,304
1790423468.812067680,Uninterrupted_Baseline,305
1790423468.897363009,Uninterrupted_Baseline,306
1790423468.979569207,Uninterrupted_Baseline,307
1790423469.058465646,Uninterrupted_Baseline,308
1790423469.129638652,Uninterrupted_Baseline,309
1790423469.201153706,Uninterrupted_Baseline,310
1790423469.280637818,Uninterrupted_Baseline,311
1790423469.364262255,Uninterrupted_Baseline,312
1790423469.449158279,Uninterrupted_Baseline,313
1790423469.530029904,Uninterrupted_Baseline,314
1790423469.623271273,Uninterrupted_Baseline,315
1790423469.707334314,Uninterrupted_Baseline,316
1790423469.779879278,Uninterrupted_Baseline,317
1790423469.856872267,Uninterrupted_Baseline,318
1790423469.938104718,Uninterrupted_Baseline,319
1790423470.021050000,Uninterrupted_Baseline,320
1790423470.103508311,Uninterrupted_Baseline,321
1790423470.184892225,Uninterrupted_Baseline,322
1790423470.267910411,Uninterrupted_Baseline,323
1790423470.350230084,Uninterrupted_Baseline,324
1790423470.435164468,Uninterrupted_Baseline,325
1790423470.514314017,Uninterrupted_Baseline,326
1790423470.588779571,Uninterrupted_Baseline,327
1790423470.671539160,Uninterrupted_Baseline,328
1790423470.754591808,Uninterrupted_Baseline,329
1790423470.840228506,Uninterrupted_Baseline,330
1790423470.925539388,Uninterrupted_Baseline,331
1790423471.013921694,Uninterrupted_Baseline,332
1790423471.079968414,Uninterrupted_Baseline,333
1790423471.162323341,Uninterrupted_Baseline,334
1790423471.242994808,Uninterrupted_Baseline,335
1790423471.303979172,Uninterrupted_Baseline,336
1790423471.383814580,Uninterrupted_Baseline,337
1790423471.463972634,Uninterrupted_Baseline,338
1790423471.553317931,Uninterrupted_Baseline,339
1790423471.636776101,Uninterrupted_Baseline,340
1790423471.713409927,Uninterrupted_Baseline,341
1790423471.797595632,Uninterrupted_Baseline,342
1790423471.869702840,Uninterrupted_Baseline,343
1790423471.953118428,Uninterrupted_Baseline,344
1790423472.034695344,Uninterrupted_Baseline,345
1790423472.118856117,Uninterrupted_Baseline,346
1790423472.200615364,Uninterrupted_Baseline,347
1790423472.285485299,Uninterrupted_Baseline,348
1790423472.367056588,Uninterrupted_Baseline,349
1790423472.449848361,Uninterrupted_Baseline,350
1790423472.533492798,Uninterrupted_Baseline,351
1790423472.617243016,Uninterrupted_Baseline,352
1790423472.695388283,Uninterrupted_Baseline,353
1790423472.780965873,Uninterrupted_Baseline,354
1790423472.860644630,Uninterrupted_Baseline,354
1790423472.941104297,Uninterrupted_Baseline,355
1790423473.023548895,Uninterrupted_Baseline,356
1790423473.104059157,Uninterrupted_Baseline,213
1790423473.185690006,Uninterrupted_Baseline,178
1790423473.235140237,Uninterrupted_Baseline,179
1790423473.316491864,Uninterrupted_Baseline,180
1790423473.393194031,Uninterrupted_Baseline,181
1790423473.476850077,Uninterrupted_Baseline,182
1790423473.555435090,Uninterrupted_Baseline,183
1790423473.636504186,Uninterrupted_Baseline,184
1790423473.716554537,Uninterrupted_Baseline,185
1790423473.792517365,Uninterrupted_Baseline,186
1790423473.875116466,Uninterrupted_Baseline,187
1790423473.956614273,Uninterrupted_Baseline,188
1790423474.041563902,Uninterrupted_Baseline,189
1790423474.121473811,Uninterrupted_Baseline,190
1790423474.198198405,Uninterrupted_Baseline,191
1790423474.283164043,Uninterrupted_Baseline,192
1790423474.366965505,Uninterrupted_Baseline,193
1790423474.450754013,Uninterrupted_Baseline,194
1790423474.534915439,Uninterrupted_Baseline,196
1790423474.620520033,Uninterrupted_Baseline,197
1790423474.709067071,Uninterrupted_Baseline,198
1790423474.790187244,Uninterrupted_Baseline,199
1790423474.872822581,Uninterrupted_Baseline,200
1790423474.934773050,Uninterrupted_Baseline,201
1790423475.015384506,Uninterrupted_Baseline,202
1790423475.096641225,Uninterrupted_Baseline,203
1790423475.179056025,Uninterrupted_Baseline,204
1790423475.260007558,Uninterrupted_Baseline,205
1790423475.347676544,Uninterrupted_Baseline,206
1790423475.417438791,Uninterrupted_Baseline,207
1790423475.498739293,Uninterrupted_Baseline,208
1790423475.577554898,Uninterrupted_Baseline,209
1790423475.661727025,Uninterrupted_Baseline,210
1790423475.745142150,Uninterrupted_Baseline,211
1790423475.824163684,Uninterrupted_Baseline,212
1790423475.910638685,Uninterrupted_Baseline,213
1790423475.990203562,Uninterrupted_Baseline,214
1790423476.076096809,Uninterrupted_Baseline,215
1790423476.156361156,Uninterrupted_Baseline,216
1790423476.239112950,Uninterrupted_Baseline,217
1790423476.322422502,Uninterrupted_Baseline,218
1790423476.407169478,Uninterrupted_Baseline,219
1790423476.490382758,Uninterrupted_Baseline,220
1790423476.570971235,Uninterrupted_Baseline,221
1790423476.649898296,Uninterrupted_Baseline,222
1790423476.736630615,Uninterrupted_Baseline,223
1790423476.824466677,Uninterrupted_Baseline,224
1790423476.907378074,Uninterrupted_Baseline,225
1790423476.988551818,Uninterrupted_Baseline,226
1790423477.070950947,Uninterrupted_Baseline,227
1790423477.166386562,Uninterrupted_Baseline,228
1790423477.215310782,Uninterrupted_Baseline,229
1790423477.267473505,Uninterrupted_Baseline,230
1790423477.344154159,Uninterrupted_Baseline,231
1790423477.427432009,Uninterrupted_Baseline,232
1790423477.510734276,Uninterrupted_Baseline,233
1790423477.599729925,Uninterrupted_Baseline,234
1790423477.682443882,Uninterrupted_Baseline,235
1790423477.764162402,Uninterrupted_Baseline,236
1790423477.828450399,Uninterrupted_Baseline,237
1790423477.910146973,Uninterrupted_Baseline,238
1790423477.995361417,Uninterrupted_Baseline,239
1790423478.063845109,Uninterrupted_Baseline,240
1790423478.117521093,Uninterrupted_Baseline,241
1790423478.186187664,Uninterrupted_Baseline,241
1790423478.256076013,Uninterrupted_Baseline,242
1790423478.342572718,Uninterrupted_Baseline,244
1790423478.410067906,Uninterrupted_Baseline,244
1790423478.463664966,Uninterrupted_Baseline,245
1790423478.518333608,Uninterrupted_Baseline,246
1790423478.589890246,Uninterrupted_Baseline,246
1790423478.666115206,Uninterrupted_Baseline,247
1790423478.742373959,Uninterrupted_Baseline,249
1790423478.836380662,Uninterrupted_Baseline,250
1790423478.926268797,Uninterrupted_Baseline,251
1790423479.019751492,Uninterrupted_Baseline,252
1790423479.097336120,Uninterrupted_Baseline,253
1790423479.175762573,Uninterrupted_Baseline,254
1790423479.237928465,Uninterrupted_Baseline,254
1790423479.314401205,Uninterrupted_Baseline,255
1790423479.398208063,Uninterrupted_Baseline,257
1790423479.486058986,Uninterrupted_Baseline,258
1790423479.569691807,Uninterrupted_Baseline,259
1790423479.657112444,Uninterrupted_Baseline,260
1790423479.744041724,Uninterrupted_Baseline,261
1790423479.805227992,Uninterrupted_Baseline,262
1790423479.888718448,Uninterrupted_Baseline,263
1790423479.955764385,Uninterrupted_Baseline,264
1790423480.036735824,Uninterrupted_Baseline,265
1790423480.121951438,Uninterrupted_Baseline,266
1790423480.201570650,Uninterrupted_Baseline,267
1790423480.285360686,Uninterrupted_Baseline,268
1790423480.375038040,Uninterrupted_Baseline,269
1790423480.459024084,Uninterrupted_Baseline,270
1790423480.536614774,Uninterrupted_Baseline,271
1790423480.622359751,Uninterrupted_Baseline,272
1790423480.703574349,Uninterrupted_Baseline,273
1790423480.790038815,Uninterrupted_Baseline,274
1790423480.871536823,Uninterrupted_Baseline,275
1790423480.951814980,Uninterrupted_Baseline,276
1790423481.038051600,Uninterrupted_Baseline,277
1790423481.125482374,Uninterrupted_Baseline,278
1790423481.203142088,Uninterrupted_Baseline,279
1790423481.283781919,Uninterrupted_Baseline,280
1790423481.367580767,Uninterrupted_Baseline,281
1790423481.454789663,Uninterrupted_Baseline,282
1790423481.534463855,Uninterrupted_Baseline,283
1790423481.619377246,Uninterrupted_Baseline,284
1790423481.703822156,Uninterrupted_Baseline,285
1790423481.786258683,Uninterrupted_Baseline,286
1790423481.869590401,Uninterrupted_Baseline,287
1790423481.954805895,Uninterrupted_Baseline,288
1790423482.036639099,Uninterrupted_Baseline,290
1790423482.122071834,Uninterrupted_Baseline,291
1790423482.194818263,Uninterrupted_Baseline,291
1790423482.265028753,Uninterrupted_Baseline,292
1790423482.324243479,Uninterrupted_Baseline,293
1790423482.407783641,Uninterrupted_Baseline,294
1790423482.492458239,Uninterrupted_Baseline,295
1790423482.571371475,Uninterrupted_Baseline,296
1790423482.656101574,Uninterrupted_Baseline,297
1790423482.737562834,Uninterrupted_Baseline,298
1790423482.823465602,Uninterrupted_Baseline,299
1790423482.898679339,Uninterrupted_Baseline,300
1790423482.963269248,Uninterrupted_Baseline,301
1790423483.048053067,Uninterrupted_Baseline,302
1790423483.134586682,Uninterrupted_Baseline,303
1790423483.215209989,Uninterrupted_Baseline,304
1790423483.294712430,Uninterrupted_Baseline,305
1790423483.385348846,Uninterrupted_Baseline,306
1790423483.467090670,Uninterrupted_Baseline,307
1790423483.547800005,Uninterrupted_Baseline,308
1790423483.634295123,Uninterrupted_Baseline,309
1790423483.719298425,Uninterrupted_Baseline,310
1790423483.797560452,Uninterrupted_Baseline,311
1790423483.881349599,Uninterrupted_Baseline,312
1790423483.961283231,Uninterrupted_Baseline,313
1790423484.044232162,Uninterrupted_Baseline,314
1790423484.125612253,Uninterrupted_Baseline,315
1790423484.208365038,Uninterrupted_Baseline,316
