timestamp,session_type,cwnd_segments
1790099800.899906446,Phase1_Baseline,29
1790099800.981996063,Phase1_Baseline,43
1790099801.065860816,Phase1_Baseline,61
1790099801.149436198,Phase1_Baseline,78
1790099801.232751958,Phase1_Baseline,58
1790099801.314603993,Phase1_Baseline,58
1790099801.393160336,Phase1_Baseline,58
1790099801.480636744,Phase1_Baseline,41
1790099801.564475478,Phase1_Baseline,44
1790099801.648094693,Phase1_Baseline,48
1790099801.721223352,Phase1_Baseline,51
1790099801.791842025,Phase1_Baseline,55
1790099801.875033102,Phase1_Baseline,57
1790099801.957582920,Phase1_Baseline,41
1790099802.035994682,Phase1_Baseline,44
1790099802.109783850,Phase1_Baseline,48
1790099802.190780547,Phase1_Baseline,51
1790099802.272338173,Phase1_Baseline,38
1790099802.353229275,Phase1_Baseline,40
1790099802.429544442,Phase1_Baseline,45
1790099802.510895987,Phase1_Baseline,49
1790099802.597861720,Phase1_Baseline,51
1790099802.676210143,Phase1_Baseline,38
1790099802.758701543,Phase1_Baseline,42
1790099802.841277355,Phase1_Baseline,46
1790099802.923970419,Phase1_Baseline,49
1790099803.002877114,Phase1_Baseline,52
1790099803.081876268,Phase1_Baseline,38
1790099803.154456385,Phase1_Baseline,42
1790099803.236180918,Phase1_Baseline,45
1790099803.318050525,Phase1_Baseline,49
1790099803.401075749,Phase1_Baseline,53
1790099803.483028871,Phase1_Baseline,38
1790099803.545285806,Phase1_Baseline,42
1790099803.622230053,Phase1_Baseline,46
1790099803.701188219,Phase1_Baseline,49
1790099803.786275372,Phase1_Baseline,52
1790099803.869057291,Phase1_Baseline,38
1790099803.949435962,Phase1_Baseline,42
1790099804.028691872,Phase1_Baseline,47
1790099804.113488120,Phase1_Baseline,49
1790099804.199217727,Phase1_Baseline,53
1790099804.278104215,Phase1_Baseline,39
1790099804.363842156,Phase1_Baseline,44
1790099804.440123766,Phase1_Baseline,46
1790099804.514300123,Phase1_Baseline,50
1790099804.594799626,Phase1_Baseline,53
1790099804.676520890,Phase1_Baseline,39
1790099804.756011956,Phase1_Baseline,44
1790099804.837207083,Phase1_Baseline,46
1790099804.899306994,Phase1_Baseline,33
1790099804.956028238,Phase1_Baseline,34
1790099805.013419552,Phase1_Baseline,37
1790099805.078575642,Phase1_Baseline,43
1790099805.160164367,Phase1_Baseline,45
1790099805.227453766,Phase1_Baseline,49
1790099805.303920945,Phase1_Baseline,52
1790099805.386793120,Phase1_Baseline,38
1790099805.462004423,Phase1_Baseline,41
1790099805.546827154,Phase1_Baseline,44
1790099805.623605997,Phase1_Baseline,48
1790099805.703804348,Phase1_Baseline,51
1790099805.789418212,Phase1_Baseline,40
1790099805.881103924,Phase1_Baseline,44
1790099805.964333983,Phase1_Baseline,47
1790099806.033137030,Phase1_Baseline,35
1790099806.101277210,Phase1_Baseline,38
1790099806.169280689,Phase1_Baseline,41
1790099806.252095210,Phase1_Baseline,46
1790099806.309140967,Phase1_Baseline,48
1790099806.378409204,Phase1_Baseline,52
1790099806.461928798,Phase1_Baseline,38
1790099806.546070247,Phase1_Baseline,42
1790099806.631755546,Phase1_Baseline,47
1790099806.722415845,Phase1_Baseline,50
1790099806.807103017,Phase1_Baseline,53
1790099806.892418345,Phase1_Baseline,39
1790099806.975982945,Phase1_Baseline,42
1790099807.059321616,Phase1_Baseline,47
1790099807.142640615,Phase1_Baseline,50
1790099807.223552201,Phase1_Baseline,52
1790099807.284945176,Phase1_Baseline,38
1790099807.361532007,Phase1_Baseline,42
1790099807.442626655,Phase1_Baseline,45
1790099807.522865139,Phase1_Baseline,49
1790099807.611233011,Phase1_Baseline,53
1790099807.696055221,Phase1_Baseline,39
1790099807.774706406,Phase1_Baseline,42
1790099807.839552291,Phase1_Baseline,46
1790099807.905383012,Phase1_Baseline,49
1790099807.972108457,Phase1_Baseline,51
1790099808.042947164,Phase1_Baseline,37
1790099808.122973175,Phase1_Baseline,40
1790099808.202353643,Phase1_Baseline,45
1790099808.277102910,Phase1_Baseline,48
1790099808.335855082,Phase1_Baseline,51
1790099808.415474212,Phase1_Baseline,53
1790099808.470393469,Phase1_Baseline,38
1790099808.528882469,Phase1_Baseline,41
1790099808.597183820,Phase1_Baseline,44
1790099808.665107402,Phase1_Baseline,48
1790099808.749166891,Phase1_Baseline,50
1790099808.836965607,Phase1_Baseline,37
1790099808.919552774,Phase1_Baseline,39
1790099809.001416217,Phase1_Baseline,45
1790099809.085717536,Phase1_Baseline,48
1790099809.170309025,Phase1_Baseline,51
1790099809.233822720,Phase1_Baseline,53
1790099809.293276745,Phase1_Baseline,39
1790099809.364777709,Phase1_Baseline,42
1790099809.445732996,Phase1_Baseline,47
1790099809.537147772,Phase1_Baseline,50
1790099809.620442080,Phase1_Baseline,53
1790099809.796292011,Phase2_Migrated,34
1790099809.887736382,Phase2_Migrated,51
1790099809.984019117,Phase2_Migrated,43
1790099810.080111773,Phase2_Migrated,46
1790099810.176922336,Phase2_Migrated,50
1790099810.270918970,Phase2_Migrated,37
1790099810.368557829,Phase2_Migrated,41
1790099810.472006509,Phase2_Migrated,47
1790099810.570765509,Phase2_Migrated,50
1790099810.671421123,Phase2_Migrated,37
1790099810.762988818,Phase2_Migrated,41
1790099810.863007100,Phase2_Migrated,47
1790099810.969545575,Phase2_Migrated,51
1790099811.070603312,Phase2_Migrated,38
1790099811.158706833,Phase2_Migrated,41
1790099811.247979835,Phase2_Migrated,46
1790099811.322790454,Phase2_Migrated,49
1790099811.405774951,Phase2_Migrated,52
1790099811.498104860,Phase2_Migrated,39
1790099811.593769381,Phase2_Migrated,43
1790099811.682493816,Phase2_Migrated,47
1790099811.775409026,Phase2_Migrated,51
1790099811.874824117,Phase2_Migrated,38
1790099811.973263165,Phase2_Migrated,42
1790099812.073320751,Phase2_Migrated,47
1790099812.171061712,Phase2_Migrated,51
1790099812.268732988,Phase2_Migrated,38
1790099812.363036293,Phase2_Migrated,41
1790099812.442344422,Phase2_Migrated,46
1790099812.540131203,Phase2_Migrated,49
1790099812.630298365,Phase2_Migrated,53
1790099812.723285671,Phase2_Migrated,40
1790099812.810001978,Phase2_Migrated,44
1790099812.900515003,Phase2_Migrated,49
1790099812.994819564,Phase2_Migrated,53
1790099813.093504568,Phase2_Migrated,39
1790099813.178548753,Phase2_Migrated,44
1790099813.269885982,Phase2_Migrated,47
1790099813.342801474,Phase2_Migrated,51
1790099813.427064846,Phase2_Migrated,37
1790099813.523095982,Phase2_Migrated,42
1790099813.618836937,Phase2_Migrated,46
1790099813.714771967,Phase2_Migrated,50
1790099813.813711400,Phase2_Migrated,37
1790099813.907762753,Phase2_Migrated,41
1790099814.008904149,Phase2_Migrated,45
1790099814.090626096,Phase2_Migrated,49
1790099814.169956326,Phase2_Migrated,53
1790099814.272144394,Phase2_Migrated,39
1790099814.376774040,Phase2_Migrated,44
1790099814.476556040,Phase2_Migrated,50
1790099814.568342915,Phase2_Migrated,53
1790099814.660807890,Phase2_Migrated,39
1790099814.756448582,Phase2_Migrated,45
1790099814.847830975,Phase2_Migrated,48
1790099814.926881884,Phase2_Migrated,35
1790099814.999312187,Phase2_Migrated,39
1790099815.093452521,Phase2_Migrated,44
1790099815.192163797,Phase2_Migrated,49
1790099815.280844881,Phase2_Migrated,52
1790099815.369139138,Phase2_Migrated,38
1790099815.453036232,Phase2_Migrated,42
1790099815.542743729,Phase2_Migrated,47
1790099815.634909244,Phase2_Migrated,35
1790099815.716378960,Phase2_Migrated,41
1790099815.805490666,Phase2_Migrated,44
1790099815.893334054,Phase2_Migrated,49
1790099815.990542322,Phase2_Migrated,53
1790099816.083458993,Phase2_Migrated,39
1790099816.173548596,Phase2_Migrated,43
1790099816.259874787,Phase2_Migrated,47
1790099816.334026719,Phase2_Migrated,51
1790099816.399701693,Phase2_Migrated,37
1790099816.498524413,Phase2_Migrated,41
1790099816.594019967,Phase2_Migrated,45
1790099816.669442370,Phase2_Migrated,49
1790099816.751909125,Phase2_Migrated,52
1790099816.836395248,Phase2_Migrated,38
1790099816.929045090,Phase2_Migrated,41
1790099817.015412823,Phase2_Migrated,45
1790099817.102618824,Phase2_Migrated,34
1790099817.195602836,Phase2_Migrated,38
1790099817.272395732,Phase2_Migrated,42
1790099817.371836905,Phase2_Migrated,47
1790099817.447888301,Phase2_Migrated,49
1790099817.538610044,Phase2_Migrated,53
1790099817.630832027,Phase2_Migrated,39
1790099817.729288834,Phase2_Migrated,44
1790099817.823415210,Phase2_Migrated,48
1790099817.919026101,Phase2_Migrated,52
1790099818.012150074,Phase2_Migrated,38
1790099818.100707046,Phase2_Migrated,41
1790099818.192090522,Phase2_Migrated,46
1790099818.280722498,Phase2_Migrated,50
1790099818.372959446,Phase2_Migrated,52
1790099818.449528247,Phase2_Migrated,38
1790099819.091902565,Uninterrupted_Baseline,29
1790099819.176222458,Uninterrupted_Baseline,43
1790099819.238111010,Uninterrupted_Baseline,54
1790099819.315785833,Uninterrupted_Baseline,65
1790099819.397811106,Uninterrupted_Baseline,82
1790099819.487594233,Uninterrupted_Baseline,65
1790099819.571951936,Uninterrupted_Baseline,67
1790099819.660855367,Uninterrupted_Baseline,48
1790099819.738571024,Uninterrupted_Baseline,35
1790099819.825896156,Uninterrupted_Baseline,39
1790099819.903096012,Uninterrupted_Baseline,43
1790099819.980181252,Uninterrupted_Baseline,46
1790099820.040193031,Uninterrupted_Baseline,49
1790099820.127206344,Uninterrupted_Baseline,51
1790099820.213811490,Uninterrupted_Baseline,37
1790099820.289632158,Uninterrupted_Baseline,41
1790099820.367440721,Uninterrupted_Baseline,44
1790099820.453615832,Uninterrupted_Baseline,48
1790099820.526323001,Uninterrupted_Baseline,35
1790099820.596230767,Uninterrupted_Baseline,40
1790099820.677226514,Uninterrupted_Baseline,44
1790099820.762611784,Uninterrupted_Baseline,48
1790099820.848225919,Uninterrupted_Baseline,50
1790099820.938380913,Uninterrupted_Baseline,37
1790099821.025852883,Uninterrupted_Baseline,40
1790099821.104429697,Uninterrupted_Baseline,44
1790099821.191814246,Uninterrupted_Baseline,34
1790099821.271567343,Uninterrupted_Baseline,36
1790099821.350192134,Uninterrupted_Baseline,41
1790099821.433611313,Uninterrupted_Baseline,46
1790099821.509547521,Uninterrupted_Baseline,49
1790099821.571566496,Uninterrupted_Baseline,51
1790099821.656141062,Uninterrupted_Baseline,38
1790099821.738514465,Uninterrupted_Baseline,42
1790099821.810730571,Uninterrupted_Baseline,44
1790099821.878529534,Uninterrupted_Baseline,48
1790099821.949088523,Uninterrupted_Baseline,51
1790099822.031008812,Uninterrupted_Baseline,37
1790099822.114637552,Uninterrupted_Baseline,40
1790099822.200499732,Uninterrupted_Baseline,45
1790099822.287716669,Uninterrupted_Baseline,34
1790099822.371703067,Uninterrupted_Baseline,37
1790099822.447155013,Uninterrupted_Baseline,41
1790099822.528802069,Uninterrupted_Baseline,46
1790099822.614807932,Uninterrupted_Baseline,49
1790099822.687720275,Uninterrupted_Baseline,36
1790099822.769929562,Uninterrupted_Baseline,41
1790099822.850919697,Uninterrupted_Baseline,44
1790099822.932930724,Uninterrupted_Baseline,48
1790099823.012879852,Uninterrupted_Baseline,36
1790099823.099784380,Uninterrupted_Baseline,41
1790099823.184957322,Uninterrupted_Baseline,44
1790099823.264043104,Uninterrupted_Baseline,49
1790099823.350010209,Uninterrupted_Baseline,52
1790099823.424069077,Uninterrupted_Baseline,38
1790099823.495505939,Uninterrupted_Baseline,42
1790099823.583482542,Uninterrupted_Baseline,47
1790099823.672946283,Uninterrupted_Baseline,50
1790099823.749934362,Uninterrupted_Baseline,53
1790099823.827448300,Uninterrupted_Baseline,39
1790099823.899414330,Uninterrupted_Baseline,42
1790099823.968926477,Uninterrupted_Baseline,46
1790099824.037769712,Uninterrupted_Baseline,49
1790099824.106590634,Uninterrupted_Baseline,52
1790099824.179573413,Uninterrupted_Baseline,36
1790099824.262625330,Uninterrupted_Baseline,40
1790099824.339589277,Uninterrupted_Baseline,44
1790099824.432232811,Uninterrupted_Baseline,48
1790099824.514700693,Uninterrupted_Baseline,51
1790099824.581606034,Uninterrupted_Baseline,37
1790099824.667334079,Uninterrupted_Baseline,39
1790099824.745412210,Uninterrupted_Baseline,43
1790099824.807201139,Uninterrupted_Baseline,46
1790099824.874801045,Uninterrupted_Baseline,48
1790099824.936091389,Uninterrupted_Baseline,51
1790099825.015929516,Uninterrupted_Baseline,37
1790099825.104461414,Uninterrupted_Baseline,41
1790099825.189884520,Uninterrupted_Baseline,46
1790099825.279030458,Uninterrupted_Baseline,49
1790099825.362038818,Uninterrupted_Baseline,52
1790099825.443304118,Uninterrupted_Baseline,38
1790099825.529599472,Uninterrupted_Baseline,42
1790099825.612998731,Uninterrupted_Baseline,46
1790099825.694247758,Uninterrupted_Baseline,49
1790099825.785466287,Uninterrupted_Baseline,52
1790099825.869310854,Uninterrupted_Baseline,38
1790099825.962806015,Uninterrupted_Baseline,43
1790099826.046835821,Uninterrupted_Baseline,46
1790099826.116754823,Uninterrupted_Baseline,49
1790099826.183471250,Uninterrupted_Baseline,51
1790099826.254769646,Uninterrupted_Baseline,38
1790099826.319940247,Uninterrupted_Baseline,40
1790099826.388899812,Uninterrupted_Baseline,44
1790099826.464022363,Uninterrupted_Baseline,48
1790099826.544800781,Uninterrupted_Baseline,51
1790099826.625751444,Uninterrupted_Baseline,54
1790099826.713265019,Uninterrupted_Baseline,39
1790099826.779229089,Uninterrupted_Baseline,42
1790099826.845233854,Uninterrupted_Baseline,47
1790099826.926485060,Uninterrupted_Baseline,34
1790099827.006301010,Uninterrupted_Baseline,36
1790099827.093087817,Uninterrupted_Baseline,42
1790099827.169154417,Uninterrupted_Baseline,45
1790099827.249165160,Uninterrupted_Baseline,32
1790099827.328046747,Uninterrupted_Baseline,35
1790099827.412026052,Uninterrupted_Baseline,40
1790099827.490138343,Uninterrupted_Baseline,44
1790099827.575792425,Uninterrupted_Baseline,48
1790099827.667456017,Uninterrupted_Baseline,36
1790099827.741481605,Uninterrupted_Baseline,40
1790099827.825202936,Uninterrupted_Baseline,45
1790099827.892464219,Uninterrupted_Baseline,47
1790099827.956972885,Uninterrupted_Baseline,51
1790099828.035154380,Uninterrupted_Baseline,37
1790099828.115591679,Uninterrupted_Baseline,39
1790099828.202274320,Uninterrupted_Baseline,44
1790099828.283216965,Uninterrupted_Baseline,48
1790099828.360128985,Uninterrupted_Baseline,51
1790099828.439100909,Uninterrupted_Baseline,37
1790099828.493899696,Uninterrupted_Baseline,39
1790099828.557598913,Uninterrupted_Baseline,42
1790099828.623311758,Uninterrupted_Baseline,46
1790099828.692578999,Uninterrupted_Baseline,34
1790099828.764357113,Uninterrupted_Baseline,36
1790099828.842104271,Uninterrupted_Baseline,41
1790099828.914347566,Uninterrupted_Baseline,45
1790099828.980140494,Uninterrupted_Baseline,47
1790099829.046341960,Uninterrupted_Baseline,49
1790099829.117956893,Uninterrupted_Baseline,52
1790099829.182128435,Uninterrupted_Baseline,38
1790099829.245419992,Uninterrupted_Baseline,42
1790099829.332426451,Uninterrupted_Baseline,45
1790099829.392790922,Uninterrupted_Baseline,49
1790099829.485904259,Uninterrupted_Baseline,52
1790099829.578353796,Uninterrupted_Baseline,38
1790099829.656545377,Uninterrupted_Baseline,41
1790099829.740035972,Uninterrupted_Baseline,45
1790099829.824539972,Uninterrupted_Baseline,49
1790099829.906682824,Uninterrupted_Baseline,53
1790099829.993219705,Uninterrupted_Baseline,38
1790099830.076722817,Uninterrupted_Baseline,41
1790099830.144298784,Uninterrupted_Baseline,44
1790099830.208727997,Uninterrupted_Baseline,48
1790099830.289451928,Uninterrupted_Baseline,51
1790099830.367682452,Uninterrupted_Baseline,54
1790099830.455820767,Uninterrupted_Baseline,39
1790099830.542469829,Uninterrupted_Baseline,44
1790099830.627721881,Uninterrupted_Baseline,48
1790099830.709482596,Uninterrupted_Baseline,50
1790099830.783237403,Uninterrupted_Baseline,53
1790099830.867065208,Uninterrupted_Baseline,39
1790099830.950488213,Uninterrupted_Baseline,44
1790099831.027292791,Uninterrupted_Baseline,48
1790099831.105100224,Uninterrupted_Baseline,51
1790099831.183054671,Uninterrupted_Baseline,37
1790099831.258142614,Uninterrupted_Baseline,39
1790099831.335162763,Uninterrupted_Baseline,44
1790099831.408268880,Uninterrupted_Baseline,47
1790099831.475557809,Uninterrupted_Baseline,33
1790099831.554536934,Uninterrupted_Baseline,38
1790099831.629804881,Uninterrupted_Baseline,42
1790099831.690826938,Uninterrupted_Baseline,45
1790099831.774185218,Uninterrupted_Baseline,48
1790099831.855560584,Uninterrupted_Baseline,52
1790099831.939579180,Uninterrupted_Baseline,39
1790099832.018382676,Uninterrupted_Baseline,42
1790099832.105233859,Uninterrupted_Baseline,48
1790099832.188676815,Uninterrupted_Baseline,50
1790099832.255971287,Uninterrupted_Baseline,53
1790099832.337552420,Uninterrupted_Baseline,39
1790099832.421841154,Uninterrupted_Baseline,43
1790099832.500696041,Uninterrupted_Baseline,47
1790099832.583732378,Uninterrupted_Baseline,51
1790099832.670537061,Uninterrupted_Baseline,37
1790099832.755995614,Uninterrupted_Baseline,41
1790099832.846077142,Uninterrupted_Baseline,44
1790099832.932613184,Uninterrupted_Baseline,49
1790099833.016201590,Uninterrupted_Baseline,52
1790099833.109355533,Uninterrupted_Baseline,38
1790099833.190832040,Uninterrupted_Baseline,42
1790099833.280345759,Uninterrupted_Baseline,46
1790099833.368312631,Uninterrupted_Baseline,49
1790099833.456159512,Uninterrupted_Baseline,53
1790099833.544479879,Uninterrupted_Baseline,39
1790099833.633028129,Uninterrupted_Baseline,45
1790099833.721969112,Uninterrupted_Baseline,48
1790099833.806152875,Uninterrupted_Baseline,51
1790099833.888729242,Uninterrupted_Baseline,38
1790099833.976509748,Uninterrupted_Baseline,42
1790099834.062470653,Uninterrupted_Baseline,45
1790099834.153027966,Uninterrupted_Baseline,49
1790099834.225570304,Uninterrupted_Baseline,52
1790099834.313937607,Uninterrupted_Baseline,39
1790099834.392473960,Uninterrupted_Baseline,42
1790099834.477474549,Uninterrupted_Baseline,47
1790099834.567197430,Uninterrupted_Baseline,50
1790099834.656224454,Uninterrupted_Baseline,53
1790099834.746697096,Uninterrupted_Baseline,39
1790099834.831830275,Uninterrupted_Baseline,44
1790099834.891203630,Uninterrupted_Baseline,46
1790099834.964117711,Uninterrupted_Baseline,49
1790099835.049445676,Uninterrupted_Baseline,52
1790099835.127086819,Uninterrupted_Baseline,39
1790099835.198294555,Uninterrupted_Baseline,41
1790099835.274942923,Uninterrupted_Baseline,46
1790099835.342927091,Uninterrupted_Baseline,34
1790099835.434412911,Uninterrupted_Baseline,39
1790099835.519611174,Uninterrupted_Baseline,43
1790099835.605234196,Uninterrupted_Baseline,48
1790099835.696127381,Uninterrupted_Baseline,50
1790099835.779296729,Uninterrupted_Baseline,38
1790099835.848742388,Uninterrupted_Baseline,41
1790099835.938106299,Uninterrupted_Baseline,45
1790099836.026891871,Uninterrupted_Baseline,48
1790099836.115100767,Uninterrupted_Baseline,51
1790099836.193711380,Uninterrupted_Baseline,38
1790099836.270423154,Uninterrupted_Baseline,41
1790099836.345595115,Uninterrupted_Baseline,44
1790099836.414036503,Uninterrupted_Baseline,48
1790099836.489227058,Uninterrupted_Baseline,50
1790099844.940409919,Phase1_Baseline,27
1790099845.013700739,Phase1_Baseline,39
1790099845.096703447,Phase1_Baseline,53
1790099845.174215246,Phase1_Baseline,59
1790099845.245522427,Phase1_Baseline,42
1790099845.325613361,Phase1_Baseline,45
1790099845.406953196,Phase1_Baseline,49
1790099845.493826736,Phase1_Baseline,53
1790099845.570927933,Phase1_Baseline,39
1790099845.656583099,Phase1_Baseline,44
1790099845.738529389,Phase1_Baseline,48
1790099845.818897676,Phase1_Baseline,50
1790099845.901574826,Phase1_Baseline,53
1790099845.989206819,Phase1_Baseline,39
1790099846.075314968,Phase1_Baseline,44
1790099846.164235020,Phase1_Baseline,48
1790099846.246000691,Phase1_Baseline,52
1790099846.320987006,Phase1_Baseline,38
1790099846.401950242,Phase1_Baseline,41
1790099846.486644680,Phase1_Baseline,45
1790099846.569851138,Phase1_Baseline,49
1790099846.639584319,Phase1_Baseline,51
1790099846.729549687,Phase1_Baseline,38
1790099846.815087429,Phase1_Baseline,42
1790099846.906529025,Phase1_Baseline,46
1790099846.986962248,Phase1_Baseline,49
1790099847.069796057,Phase1_Baseline,53
1790099847.150732420,Phase1_Baseline,39
1790099847.240521671,Phase1_Baseline,44
1790099847.319862428,Phase1_Baseline,47
1790099847.406949134,Phase1_Baseline,51
1790099847.493009453,Phase1_Baseline,38
1790099847.581277945,Phase1_Baseline,42
1790099847.671846449,Phase1_Baseline,46
1790099847.764009307,Phase1_Baseline,50
1790099847.838586762,Phase1_Baseline,53
1790099847.915624279,Phase1_Baseline,38
1790099848.000851121,Phase1_Baseline,42
1790099848.078009438,Phase1_Baseline,45
1790099848.166115443,Phase1_Baseline,49
1790099848.247401739,Phase1_Baseline,52
1790099848.317043892,Phase1_Baseline,38
1790099848.396843285,Phase1_Baseline,42
1790099848.457703320,Phase1_Baseline,44
1790099848.507205974,Phase1_Baseline,47
1790099848.560833245,Phase1_Baseline,48
1790099848.622877123,Phase1_Baseline,52
1790099848.699132974,Phase1_Baseline,38
1790099848.779985410,Phase1_Baseline,42
1790099848.860036190,Phase1_Baseline,47
1790099848.929014744,Phase1_Baseline,49
1790099849.014490815,Phase1_Baseline,53
1790099849.096511674,Phase1_Baseline,38
1790099849.177970143,Phase1_Baseline,42
1790099849.252468238,Phase1_Baseline,45
1790099849.323490303,Phase1_Baseline,48
1790099849.395423395,Phase1_Baseline,50
1790099849.483438638,Phase1_Baseline,53
1790099849.563857710,Phase1_Baseline,40
1790099849.641101309,Phase1_Baseline,44
1790099849.727062229,Phase1_Baseline,48
1790099849.808877963,Phase1_Baseline,50
1790099849.896576206,Phase1_Baseline,37
1790099849.973696031,Phase1_Baseline,39
1790099850.055934013,Phase1_Baseline,45
1790099850.118702086,Phase1_Baseline,47
1790099850.187311561,Phase1_Baseline,50
1790099850.259293039,Phase1_Baseline,52
1790099850.341816596,Phase1_Baseline,38
1790099850.423180457,Phase1_Baseline,42
1790099850.506345454,Phase1_Baseline,47
1790099850.585988965,Phase1_Baseline,49
1790099850.664742221,Phase1_Baseline,53
1790099850.747477636,Phase1_Baseline,38
1790099850.829295935,Phase1_Baseline,42
1790099850.908613507,Phase1_Baseline,45
1790099850.979018134,Phase1_Baseline,33
1790099851.063882080,Phase1_Baseline,38
1790099851.144924718,Phase1_Baseline,43
1790099851.230349513,Phase1_Baseline,46
1790099851.290938546,Phase1_Baseline,50
1790099851.374936553,Phase1_Baseline,52
1790099851.445132743,Phase1_Baseline,38
1790099851.527525588,Phase1_Baseline,41
1790099851.605803747,Phase1_Baseline,46
1790099851.691099700,Phase1_Baseline,49
1790099851.773847624,Phase1_Baseline,52
1790099851.839603005,Phase1_Baseline,38
1790099851.920623591,Phase1_Baseline,42
1790099851.998432652,Phase1_Baseline,46
1790099852.081783762,Phase1_Baseline,49
1790099852.134170030,Phase1_Baseline,51
1790099852.202354359,Phase1_Baseline,53
1790099852.267956650,Phase1_Baseline,39
1790099852.342190846,Phase1_Baseline,42
1790099852.424897106,Phase1_Baseline,47
1790099852.511230334,Phase1_Baseline,51
1790099852.595533297,Phase1_Baseline,37
1790099852.678882928,Phase1_Baseline,39
1790099852.748198485,Phase1_Baseline,44
1790099852.830702448,Phase1_Baseline,48
1790099852.920796231,Phase1_Baseline,51
1790099853.006234331,Phase1_Baseline,38
1790099853.090151626,Phase1_Baseline,41
1790099853.176148402,Phase1_Baseline,45
1790099853.259205523,Phase1_Baseline,49
1790099853.342611399,Phase1_Baseline,52
1790099853.425061901,Phase1_Baseline,39
1790099853.504792236,Phase1_Baseline,42
1790099853.589806754,Phase1_Baseline,46
1790099853.639808219,Phase1_Baseline,33
1790099853.697854572,Phase1_Baseline,37
1790099853.772841142,Phase2_Migrated,15
1790099853.844334036,Phase2_Migrated,40
1790099853.929301251,Phase2_Migrated,58
1790099854.023954013,Phase2_Migrated,76
1790099854.119855883,Phase2_Migrated,57
1790099854.213981439,Phase2_Migrated,28
1790099854.306923301,Phase2_Migrated,43
1790099854.404729527,Phase2_Migrated,47
1790099854.496936937,Phase2_Migrated,50
1790099854.592731710,Phase2_Migrated,38
1790099854.682353745,Phase2_Migrated,42
1790099854.783258701,Phase2_Migrated,47
1790099854.881146864,Phase2_Migrated,51
1790099854.966495281,Phase2_Migrated,37
1790099855.031132055,Phase2_Migrated,39
1790099855.107952559,Phase2_Migrated,44
1790099855.192743234,Phase2_Migrated,47
1790099855.266848896,Phase2_Migrated,51
1790099855.371894940,Phase2_Migrated,38
1790099855.466504612,Phase2_Migrated,42
1790099855.562575894,Phase2_Migrated,46
1790099855.657972293,Phase2_Migrated,51
1790099855.758724258,Phase2_Migrated,38
1790099855.857786977,Phase2_Migrated,42
1790099855.953283443,Phase2_Migrated,47
1790099856.040945473,Phase2_Migrated,50
1790099856.135617333,Phase2_Migrated,37
1790099856.221260437,Phase2_Migrated,40
1790099856.306238058,Phase2_Migrated,44
1790099856.398299942,Phase2_Migrated,49
1790099856.482685566,Phase2_Migrated,52
1790099856.570687725,Phase2_Migrated,38
1790099856.671928845,Phase2_Migrated,44
1790099856.765232609,Phase2_Migrated,48
1790099856.853742029,Phase2_Migrated,36
1790099856.955774500,Phase2_Migrated,41
1790099857.051206370,Phase2_Migrated,46
1790099857.146065080,Phase2_Migrated,50
1790099857.233202315,Phase2_Migrated,54
1790099857.329180094,Phase2_Migrated,39
1790099857.401780924,Phase2_Migrated,44
1790099857.481131158,Phase2_Migrated,47
1790099857.575935804,Phase2_Migrated,50
1790099857.673223451,Phase2_Migrated,37
1790099857.764107079,Phase2_Migrated,42
1790099857.866485960,Phase2_Migrated,48
1790099857.964795042,Phase2_Migrated,35
1790099858.061196414,Phase2_Migrated,41
1790099858.166560705,Phase2_Migrated,46
1790099858.257967416,Phase2_Migrated,50
1790099858.333949510,Phase2_Migrated,53
1790099858.414139764,Phase2_Migrated,39
1790099858.473183837,Phase2_Migrated,42
1790099858.536937784,Phase2_Migrated,46
1790099858.606007689,Phase2_Migrated,48
1790099858.667530703,Phase2_Migrated,51
1790099858.757247491,Phase2_Migrated,38
1790099858.843857812,Phase2_Migrated,41
1790099858.919623863,Phase2_Migrated,45
1790099859.008610027,Phase2_Migrated,49
1790099859.104940580,Phase2_Migrated,53
1790099859.198983263,Phase2_Migrated,39
1790099859.263927882,Phase2_Migrated,42
1790099859.332962621,Phase2_Migrated,46
1790099859.433007109,Phase2_Migrated,50
1790099859.507620218,Phase2_Migrated,53
1790099859.576261925,Phase2_Migrated,39
1790099859.670434357,Phase2_Migrated,43
1790099859.762467424,Phase2_Migrated,47
1790099859.847154156,Phase2_Migrated,51
1790099859.938783485,Phase2_Migrated,38
1790099860.036508202,Phase2_Migrated,41
1790099860.132463457,Phase2_Migrated,46
1790099860.225997158,Phase2_Migrated,51
1790099860.322208221,Phase2_Migrated,37
1790099860.420105246,Phase2_Migrated,41
1790099860.509533963,Phase2_Migrated,44
1790099860.579052696,Phase2_Migrated,48
1790099860.671896264,Phase2_Migrated,52
1790099860.757807767,Phase2_Migrated,38
1790099860.834599389,Phase2_Migrated,41
1790099860.930110788,Phase2_Migrated,45
1790099861.018697205,Phase2_Migrated,49
1790099861.113965941,Phase2_Migrated,53
1790099861.203759893,Phase2_Migrated,39
1790099861.281259759,Phase2_Migrated,44
1790099861.368949509,Phase2_Migrated,48
1790099861.455761527,Phase2_Migrated,51
1790099861.536099284,Phase2_Migrated,38
1790099861.629902944,Phase2_Migrated,42
1790099861.714009060,Phase2_Migrated,45
1790099861.807032578,Phase2_Migrated,50
1790099861.905906350,Phase2_Migrated,53
1790099861.996204997,Phase2_Migrated,39
1790099862.086266351,Phase2_Migrated,43
1790099862.172535846,Phase2_Migrated,47
1790099862.247696179,Phase2_Migrated,35
1790099862.316741011,Phase2_Migrated,38
1790099862.399693117,Phase2_Migrated,44
1790099863.178640513,Uninterrupted_Baseline,38
1790099863.262809881,Uninterrupted_Baseline,54
1790099863.343177046,Uninterrupted_Baseline,41
1790099863.430055147,Uninterrupted_Baseline,44
1790099863.499348259,Uninterrupted_Baseline,34
1790099863.581011777,Uninterrupted_Baseline,38
1790099863.660783369,Uninterrupted_Baseline,43
1790099863.743104200,Uninterrupted_Baseline,46
1790099863.829425603,Uninterrupted_Baseline,34
1790099863.905811462,Uninterrupted_Baseline,38
1790099863.977799584,Uninterrupted_Baseline,43
1790099864.053244552,Uninterrupted_Baseline,45
1790099864.136946847,Uninterrupted_Baseline,33
1790099864.224054624,Uninterrupted_Baseline,37
1790099864.310303327,Uninterrupted_Baseline,41
1790099864.382632233,Uninterrupted_Baseline,46
1790099864.463885804,Uninterrupted_Baseline,49
1790099864.551437924,Uninterrupted_Baseline,52
1790099864.628489498,Uninterrupted_Baseline,38
1790099864.708335592,Uninterrupted_Baseline,41
1790099864.786821261,Uninterrupted_Baseline,44
1790099864.866118292,Uninterrupted_Baseline,48
1790099864.958481922,Uninterrupted_Baseline,36
1790099865.023792831,Uninterrupted_Baseline,37
1790099865.088793008,Uninterrupted_Baseline,41
1790099865.162292376,Uninterrupted_Baseline,45
1790099865.238044313,Uninterrupted_Baseline,49
1790099865.333699895,Uninterrupted_Baseline,51
1790099865.415789420,Uninterrupted_Baseline,39
1790099865.498994872,Uninterrupted_Baseline,42
1790099865.570443754,Uninterrupted_Baseline,45
1790099865.636129634,Uninterrupted_Baseline,33
1790099865.705916260,Uninterrupted_Baseline,37
1790099865.773873144,Uninterrupted_Baseline,41
1790099865.852704172,Uninterrupted_Baseline,45
1790099865.919824513,Uninterrupted_Baseline,33
1790099865.987302175,Uninterrupted_Baseline,37
1790099866.068503542,Uninterrupted_Baseline,40
1790099866.140328348,Uninterrupted_Baseline,45
1790099866.205048548,Uninterrupted_Baseline,33
1790099866.286700378,Uninterrupted_Baseline,36
1790099866.363173096,Uninterrupted_Baseline,41
1790099866.446498297,Uninterrupted_Baseline,45
1790099866.515639431,Uninterrupted_Baseline,26
1790099866.596829602,Uninterrupted_Baseline,36
1790099866.673498162,Uninterrupted_Baseline,41
1790099866.748410322,Uninterrupted_Baseline,44
1790099866.830037507,Uninterrupted_Baseline,48
1790099866.917689185,Uninterrupted_Baseline,50
1790099867.004591549,Uninterrupted_Baseline,38
1790099867.085221854,Uninterrupted_Baseline,42
1790099867.175132810,Uninterrupted_Baseline,46
1790099867.258224102,Uninterrupted_Baseline,50
1790099867.347884779,Uninterrupted_Baseline,53
1790099867.432306923,Uninterrupted_Baseline,39
1790099867.530462579,Uninterrupted_Baseline,43
1790099867.607869899,Uninterrupted_Baseline,48
1790099867.685595395,Uninterrupted_Baseline,35
1790099867.773506894,Uninterrupted_Baseline,40
1790099867.860466728,Uninterrupted_Baseline,44
1790099867.946112574,Uninterrupted_Baseline,48
1790099868.028525495,Uninterrupted_Baseline,51
1790099868.092744104,Uninterrupted_Baseline,38
1790099868.158174351,Uninterrupted_Baseline,40
1790099868.246119719,Uninterrupted_Baseline,44
1790099868.330973270,Uninterrupted_Baseline,34
1790099868.415362244,Uninterrupted_Baseline,38
1790099868.475805106,Uninterrupted_Baseline,41
1790099868.536062536,Uninterrupted_Baseline,44
1790099868.604625286,Uninterrupted_Baseline,47
1790099868.667541972,Uninterrupted_Baseline,34
1790099868.750595144,Uninterrupted_Baseline,38
1790099868.841622379,Uninterrupted_Baseline,43
1790099868.926054169,Uninterrupted_Baseline,33
1790099869.012452013,Uninterrupted_Baseline,37
1790099869.093020832,Uninterrupted_Baseline,42
1790099869.170255345,Uninterrupted_Baseline,45
1790099869.242976478,Uninterrupted_Baseline,33
1790099869.330117421,Uninterrupted_Baseline,37
1790099869.422103925,Uninterrupted_Baseline,42
1790099869.508415222,Uninterrupted_Baseline,46
1790099869.596277910,Uninterrupted_Baseline,49
1790099869.687976884,Uninterrupted_Baseline,54
1790099869.770092412,Uninterrupted_Baseline,39
1790099869.855117016,Uninterrupted_Baseline,44
1790099869.939799053,Uninterrupted_Baseline,47
1790099870.026328267,Uninterrupted_Baseline,50
1790099870.109099851,Uninterrupted_Baseline,53
1790099870.198135606,Uninterrupted_Baseline,40
1790099870.275864948,Uninterrupted_Baseline,44
1790099870.339969839,Uninterrupted_Baseline,48
1790099870.408920087,Uninterrupted_Baseline,50
1790099870.482840491,Uninterrupted_Baseline,53
1790099870.542964660,Uninterrupted_Baseline,38
1790099870.610915414,Uninterrupted_Baseline,42
1790099870.692477939,Uninterrupted_Baseline,46
1790099870.775074587,Uninterrupted_Baseline,49
1790099870.854738798,Uninterrupted_Baseline,52
1790099870.936732909,Uninterrupted_Baseline,38
1790099871.007082116,Uninterrupted_Baseline,42
1790099871.092288434,Uninterrupted_Baseline,45
1790099871.158917937,Uninterrupted_Baseline,49
1790099871.231954394,Uninterrupted_Baseline,51
1790099871.302545119,Uninterrupted_Baseline,37
1790099871.362314911,Uninterrupted_Baseline,39
1790099871.434252022,Uninterrupted_Baseline,42
1790099871.519056087,Uninterrupted_Baseline,48
1790099871.597289814,Uninterrupted_Baseline,51
1790099871.682007967,Uninterrupted_Baseline,37
1790099871.760828089,Uninterrupted_Baseline,39
1790099871.828321710,Uninterrupted_Baseline,43
1790099871.911027134,Uninterrupted_Baseline,47
1790099871.990748760,Uninterrupted_Baseline,51
1790099872.069502357,Uninterrupted_Baseline,53
1790099872.153164050,Uninterrupted_Baseline,39
1790099872.232720470,Uninterrupted_Baseline,44
1790099872.301876706,Uninterrupted_Baseline,48
1790099872.366264471,Uninterrupted_Baseline,50
1790099872.447556366,Uninterrupted_Baseline,53
1790099872.531600653,Uninterrupted_Baseline,39
1790099872.615035611,Uninterrupted_Baseline,42
1790099872.697145646,Uninterrupted_Baseline,45
1790099872.775924831,Uninterrupted_Baseline,35
1790099872.857988303,Uninterrupted_Baseline,39
1790099872.939595962,Uninterrupted_Baseline,43
1790099873.017790270,Uninterrupted_Baseline,47
1790099873.095254300,Uninterrupted_Baseline,50
1790099873.177497003,Uninterrupted_Baseline,53
1790099873.262012436,Uninterrupted_Baseline,38
1790099873.341487414,Uninterrupted_Baseline,42
1790099873.424942986,Uninterrupted_Baseline,46
1790099873.504117016,Uninterrupted_Baseline,49
1790099873.591102463,Uninterrupted_Baseline,53
1790099873.658637371,Uninterrupted_Baseline,38
1790099873.719628960,Uninterrupted_Baseline,39
1790099873.787777527,Uninterrupted_Baseline,43
1790099873.871541942,Uninterrupted_Baseline,47
1790099873.953503318,Uninterrupted_Baseline,51
1790099874.035459625,Uninterrupted_Baseline,38
1790099874.117558034,Uninterrupted_Baseline,41
1790099874.204276857,Uninterrupted_Baseline,45
1790099874.286079762,Uninterrupted_Baseline,49
1790099874.372957825,Uninterrupted_Baseline,52
1790099874.454897322,Uninterrupted_Baseline,38
1790099874.542159468,Uninterrupted_Baseline,41
1790099874.631522077,Uninterrupted_Baseline,46
1790099874.718586888,Uninterrupted_Baseline,49
1790099874.806952486,Uninterrupted_Baseline,53
1790099874.888869098,Uninterrupted_Baseline,39
1790099874.961039654,Uninterrupted_Baseline,40
1790099875.018504764,Uninterrupted_Baseline,44
1790099875.084807718,Uninterrupted_Baseline,47
1790099875.152108593,Uninterrupted_Baseline,49
1790099875.208542430,Uninterrupted_Baseline,52
1790099875.281790824,Uninterrupted_Baseline,38
1790099875.359537209,Uninterrupted_Baseline,42
1790099875.442824673,Uninterrupted_Baseline,46
1790099875.525986675,Uninterrupted_Baseline,49
1790099875.601908896,Uninterrupted_Baseline,52
1790099875.667438016,Uninterrupted_Baseline,37
1790099875.740621062,Uninterrupted_Baseline,39
1790099875.819603227,Uninterrupted_Baseline,44
1790099875.899761643,Uninterrupted_Baseline,47
1790099875.967588794,Uninterrupted_Baseline,50
1790099876.046762066,Uninterrupted_Baseline,53
1790099876.131068555,Uninterrupted_Baseline,38
1790099876.198895890,Uninterrupted_Baseline,41
1790099876.272563031,Uninterrupted_Baseline,45
1790099876.352615520,Uninterrupted_Baseline,48
1790099876.435953297,Uninterrupted_Baseline,52
1790099876.519549440,Uninterrupted_Baseline,39
1790099876.601636358,Uninterrupted_Baseline,42
1790099876.688184654,Uninterrupted_Baseline,47
1790099876.774584463,Uninterrupted_Baseline,49
1790099876.864361620,Uninterrupted_Baseline,54
1790099876.954057534,Uninterrupted_Baseline,39
1790099877.033320336,Uninterrupted_Baseline,43
1790099877.120097644,Uninterrupted_Baseline,47
1790099877.194560776,Uninterrupted_Baseline,49
1790099877.278909521,Uninterrupted_Baseline,52
1790099877.341957599,Uninterrupted_Baseline,37
1790099877.423355000,Uninterrupted_Baseline,39
1790099877.485177138,Uninterrupted_Baseline,43
1790099877.558137632,Uninterrupted_Baseline,46
1790099877.635448262,Uninterrupted_Baseline,49
1790099877.714005423,Uninterrupted_Baseline,52
1790099877.791687529,Uninterrupted_Baseline,38
1790099877.877673285,Uninterrupted_Baseline,42
1790099877.961258739,Uninterrupted_Baseline,46
1790099878.024362388,Uninterrupted_Baseline,49
1790099878.075559682,Uninterrupted_Baseline,51
1790099878.156626429,Uninterrupted_Baseline,38
1790099878.222763707,Uninterrupted_Baseline,39
1790099878.299190178,Uninterrupted_Baseline,44
1790099878.369985773,Uninterrupted_Baseline,48
1790099878.427044438,Uninterrupted_Baseline,49
1790099878.480909675,Uninterrupted_Baseline,52
1790099878.534771501,Uninterrupted_Baseline,37
1790099878.594025946,Uninterrupted_Baseline,41
1790099878.660333590,Uninterrupted_Baseline,44
1790099878.743252339,Uninterrupted_Baseline,33
1790099878.831887445,Uninterrupted_Baseline,37
1790099878.915128224,Uninterrupted_Baseline,42
1790099879.000245336,Uninterrupted_Baseline,5
1790099879.084207517,Uninterrupted_Baseline,36
1790099879.167165580,Uninterrupted_Baseline,40
1790099879.220623153,Uninterrupted_Baseline,43
1790099879.294988847,Uninterrupted_Baseline,47
1790099879.373218320,Uninterrupted_Baseline,49
1790099879.452787983,Uninterrupted_Baseline,53
1790099879.534038716,Uninterrupted_Baseline,39
1790099879.615724334,Uninterrupted_Baseline,43
1790099879.706264144,Uninterrupted_Baseline,47
1790099879.791832685,Uninterrupted_Baseline,51
1790099879.875468923,Uninterrupted_Baseline,37
1790099879.958873608,Uninterrupted_Baseline,39
1790099880.046118007,Uninterrupted_Baseline,45
1790099880.136543753,Uninterrupted_Baseline,49
1790099880.218531617,Uninterrupted_Baseline,52
1790099880.300731280,Uninterrupted_Baseline,55
1790099880.371962637,Uninterrupted_Baseline,40
1790099880.457325828,Uninterrupted_Baseline,44
1790099880.532498191,Uninterrupted_Baseline,48
1790099880.607418560,Uninterrupted_Baseline,51
1790099889.171836416,Phase1_Baseline,36
1790099889.232516053,Phase1_Baseline,50
1790099889.305137984,Phase1_Baseline,61
1790099889.379093341,Phase1_Baseline,79
1790099889.468618306,Phase1_Baseline,56
1790099889.558737201,Phase1_Baseline,29
1790099889.630609197,Phase1_Baseline,42
1790099889.716339495,Phase1_Baseline,46
1790099889.792966712,Phase1_Baseline,50
1790099889.877039868,Phase1_Baseline,52
1790099889.944306546,Phase1_Baseline,38
1790099890.027751299,Phase1_Baseline,41
1790099890.111734401,Phase1_Baseline,46
1790099890.179494664,Phase1_Baseline,48
1790099890.240562293,Phase1_Baseline,51
1790099890.323320404,Phase1_Baseline,38
1790099890.420017823,Phase1_Baseline,40
1790099890.475868165,Phase1_Baseline,43
1790099890.534082818,Phase1_Baseline,46
1790099890.595614202,Phase1_Baseline,34
1790099890.666818846,Phase1_Baseline,36
1790099890.744345668,Phase1_Baseline,41
1790099890.827550593,Phase1_Baseline,46
1790099890.907291924,Phase1_Baseline,48
1790099890.996758897,Phase1_Baseline,52
1790099891.069969066,Phase1_Baseline,37
1790099891.154494254,Phase1_Baseline,39
1790099891.225085242,Phase1_Baseline,44
1790099891.307080148,Phase1_Baseline,49
1790099891.389989837,Phase1_Baseline,51
1790099891.465397472,Phase1_Baseline,53
1790099891.547179283,Phase1_Baseline,40
1790099891.631932789,Phase1_Baseline,44
1790099891.715606502,Phase1_Baseline,47
1790099891.803616502,Phase1_Baseline,34
1790099891.891180568,Phase1_Baseline,41
1790099891.972469904,Phase1_Baseline,45
1790099892.054638283,Phase1_Baseline,48
1790099892.137944822,Phase1_Baseline,52
1790099892.221318365,Phase1_Baseline,38
1790099892.308716289,Phase1_Baseline,42
1790099892.389899413,Phase1_Baseline,46
1790099892.475513181,Phase1_Baseline,49
1790099892.560242646,Phase1_Baseline,53
1790099892.638921019,Phase1_Baseline,38
1790099892.716933312,Phase1_Baseline,42
1790099892.798708548,Phase1_Baseline,46
1790099892.871894752,Phase1_Baseline,49
1790099892.956979684,Phase1_Baseline,52
1790099893.023868204,Phase1_Baseline,38
1790099893.101288369,Phase1_Baseline,41
1790099893.183705710,Phase1_Baseline,45
1790099893.267702353,Phase1_Baseline,33
1790099893.339849479,Phase1_Baseline,36
1790099893.422115036,Phase1_Baseline,41
1790099893.507215900,Phase1_Baseline,46
1790099893.595449510,Phase1_Baseline,34
1790099893.675109080,Phase1_Baseline,38
1790099893.760841660,Phase1_Baseline,31
1790099893.841452311,Phase1_Baseline,36
1790099893.921810827,Phase1_Baseline,40
1790099893.994546183,Phase1_Baseline,43
1790099894.077342122,Phase1_Baseline,48
1790099894.163451269,Phase1_Baseline,52
1790099894.253262977,Phase1_Baseline,38
1790099894.327898824,Phase1_Baseline,42
1790099894.421163674,Phase1_Baseline,46
1790099894.506996780,Phase1_Baseline,35
1790099894.580298961,Phase1_Baseline,38
1790099894.662557090,Phase1_Baseline,42
1790099894.746342225,Phase1_Baseline,47
1790099894.830323307,Phase1_Baseline,50
1790099894.897091011,Phase1_Baseline,52
1790099894.961427653,Phase1_Baseline,55
1790099895.020333189,Phase1_Baseline,39
1790099895.080514426,Phase1_Baseline,42
1790099895.165072603,Phase1_Baseline,47
1790099895.239582395,Phase1_Baseline,34
1790099895.322351201,Phase1_Baseline,38
1790099895.395432874,Phase1_Baseline,44
1790099895.479795384,Phase1_Baseline,32
1790099895.562215011,Phase1_Baseline,35
1790099895.645435516,Phase1_Baseline,40
1790099895.730205725,Phase1_Baseline,46
1790099895.809764769,Phase1_Baseline,48
1790099895.891468050,Phase1_Baseline,50
1790099895.954100879,Phase1_Baseline,54
1790099896.041778896,Phase1_Baseline,39
1790099896.124358804,Phase1_Baseline,43
1790099896.208304401,Phase1_Baseline,47
1790099896.291329299,Phase1_Baseline,50
1790099896.377959825,Phase1_Baseline,53
1790099896.451060204,Phase1_Baseline,39
1790099896.528293706,Phase1_Baseline,42
1790099896.591513208,Phase1_Baseline,46
1790099896.664087680,Phase1_Baseline,33
1790099896.748235040,Phase1_Baseline,38
1790099896.824603920,Phase1_Baseline,42
1790099896.911904417,Phase1_Baseline,46
1790099896.992762580,Phase1_Baseline,49
1790099897.072238099,Phase1_Baseline,52
1790099897.149121566,Phase1_Baseline,38
1790099897.230175503,Phase1_Baseline,42
1790099897.301156901,Phase1_Baseline,45
1790099897.377202637,Phase1_Baseline,49
1790099897.462339105,Phase1_Baseline,52
1790099897.545541968,Phase1_Baseline,38
1790099897.626589173,Phase1_Baseline,42
1790099897.708046126,Phase1_Baseline,46
1790099897.787585450,Phase1_Baseline,50
1790099897.869417021,Phase1_Baseline,53
1790099897.949108574,Phase1_Baseline,39
1790099898.095486147,Phase2_Migrated,35
1790099898.172321067,Phase2_Migrated,51
1790099898.262123330,Phase2_Migrated,60
1790099898.327786851,Phase2_Migrated,46
1790099898.414060576,Phase2_Migrated,48
1790099898.469072384,Phase2_Migrated,50
1790099898.532411320,Phase2_Migrated,36
1790099898.605433444,Phase2_Migrated,39
1790099898.694033392,Phase2_Migrated,43
1790099898.789975573,Phase2_Migrated,33
1790099898.872726896,Phase2_Migrated,38
1790099898.955035207,Phase2_Migrated,42
1790099899.049861792,Phase2_Migrated,47
1790099899.120087024,Phase2_Migrated,49
1790099899.195126656,Phase2_Migrated,36
1790099899.283268053,Phase2_Migrated,40
1790099899.377906331,Phase2_Migrated,45
1790099899.472106655,Phase2_Migrated,49
1790099899.565899860,Phase2_Migrated,52
1790099899.662955105,Phase2_Migrated,39
1790099899.757068332,Phase2_Migrated,44
1790099899.848601851,Phase2_Migrated,49
1790099899.943169639,Phase2_Migrated,52
1790099900.040849960,Phase2_Migrated,39
1790099900.130499764,Phase2_Migrated,43
1790099900.213600724,Phase2_Migrated,47
1790099900.302278464,Phase2_Migrated,50
1790099900.372874217,Phase2_Migrated,53
1790099900.460172588,Phase2_Migrated,39
1790099900.542152103,Phase2_Migrated,44
1790099900.632474290,Phase2_Migrated,48
1790099900.731144966,Phase2_Migrated,51
1790099900.831043155,Phase2_Migrated,38
1790099900.927892973,Phase2_Migrated,44
1790099901.025603000,Phase2_Migrated,48
1790099901.120566217,Phase2_Migrated,52
1790099901.219925754,Phase2_Migrated,38
1790099901.312046817,Phase2_Migrated,42
1790099901.391237929,Phase2_Migrated,47
1790099901.479972251,Phase2_Migrated,51
1790099901.577008803,Phase2_Migrated,36
1790099901.673108230,Phase2_Migrated,41
1790099901.765207566,Phase2_Migrated,46
1790099901.866500889,Phase2_Migrated,49
1790099901.962040937,Phase2_Migrated,52
1790099902.046303101,Phase2_Migrated,38
1790099902.146330224,Phase2_Migrated,42
1790099902.245258690,Phase2_Migrated,47
1790099902.339955559,Phase2_Migrated,51
1790099902.421759078,Phase2_Migrated,54
1790099902.514619994,Phase2_Migrated,39
1790099902.609097680,Phase2_Migrated,43
1790099902.701079939,Phase2_Migrated,48
1790099902.792962711,Phase2_Migrated,52
1790099902.885807473,Phase2_Migrated,38
1790099902.978869264,Phase2_Migrated,42
1790099903.069458695,Phase2_Migrated,47
1790099903.150507949,Phase2_Migrated,35
1790099903.244974866,Phase2_Migrated,39
1790099903.343324018,Phase2_Migrated,44
1790099903.434458954,Phase2_Migrated,48
1790099903.531854022,Phase2_Migrated,37
1790099903.624000887,Phase2_Migrated,40
1790099903.717415598,Phase2_Migrated,45
1790099903.813147402,Phase2_Migrated,49
1790099903.905231290,Phase2_Migrated,54
1790099903.998539372,Phase2_Migrated,39
1790099904.092131955,Phase2_Migrated,45
1790099904.171525368,Phase2_Migrated,49
1790099904.256141785,Phase2_Migrated,53
1790099904.342914864,Phase2_Migrated,36
1790099904.432699170,Phase2_Migrated,41
1790099904.519011471,Phase2_Migrated,45
1790099904.615172079,Phase2_Migrated,49
1790099904.706684201,Phase2_Migrated,53
1790099904.810009701,Phase2_Migrated,39
1790099904.878221888,Phase2_Migrated,42
1790099904.956427271,Phase2_Migrated,47
1790099905.048334283,Phase2_Migrated,49
1790099905.141976738,Phase2_Migrated,54
1790099905.232248084,Phase2_Migrated,39
1790099905.326723491,Phase2_Migrated,43
1790099905.410758553,Phase2_Migrated,48
1790099905.507785299,Phase2_Migrated,50
1790099905.604033912,Phase2_Migrated,37
1790099905.705591316,Phase2_Migrated,43
1790099905.796550929,Phase2_Migrated,48
1790099905.888626608,Phase2_Migrated,36
1790099905.983846177,Phase2_Migrated,41
1790099906.079681625,Phase2_Migrated,47
1790099906.184169948,Phase2_Migrated,51
1790099906.278544329,Phase2_Migrated,37
1790099906.348795790,Phase2_Migrated,39
1790099906.423275559,Phase2_Migrated,44
1790099906.496146808,Phase2_Migrated,48
1790099906.589073474,Phase2_Migrated,51
1790099907.322760489,Uninterrupted_Baseline,28
1790099907.402086525,Uninterrupted_Baseline,42
1790099907.484690369,Uninterrupted_Baseline,59
1790099907.568925164,Uninterrupted_Baseline,42
1790099907.653051888,Uninterrupted_Baseline,46
1790099907.736805987,Uninterrupted_Baseline,34
1790099907.819968526,Uninterrupted_Baseline,39
1790099907.901579260,Uninterrupted_Baseline,43
1790099907.979565712,Uninterrupted_Baseline,32
1790099908.059051076,Uninterrupted_Baseline,35
1790099908.120916701,Uninterrupted_Baseline,38
1790099908.204850913,Uninterrupted_Baseline,44
1790099908.279579766,Uninterrupted_Baseline,46
1790099908.345244016,Uninterrupted_Baseline,49
1790099908.414524131,Uninterrupted_Baseline,52
1790099908.466692916,Uninterrupted_Baseline,37
1790099908.522286237,Uninterrupted_Baseline,39
1790099908.585543984,Uninterrupted_Baseline,42
1790099908.655622946,Uninterrupted_Baseline,45
1790099908.722525097,Uninterrupted_Baseline,49
1790099908.803911424,Uninterrupted_Baseline,52
1790099908.879687042,Uninterrupted_Baseline,38
1790099908.955060154,Uninterrupted_Baseline,42
1790099909.041246236,Uninterrupted_Baseline,47
1790099909.128016295,Uninterrupted_Baseline,49
1790099909.200175758,Uninterrupted_Baseline,52
1790099909.266257903,Uninterrupted_Baseline,55
1790099909.334813958,Uninterrupted_Baseline,33
1790099909.422927161,Uninterrupted_Baseline,41
1790099909.491416246,Uninterrupted_Baseline,46
1790099909.575772105,Uninterrupted_Baseline,50
1790099909.660958819,Uninterrupted_Baseline,53
1790099909.743942721,Uninterrupted_Baseline,39
1790099909.830098129,Uninterrupted_Baseline,43
1790099909.914023849,Uninterrupted_Baseline,48
1790099910.000848470,Uninterrupted_Baseline,36
1790099910.078890875,Uninterrupted_Baseline,39
1790099910.159861219,Uninterrupted_Baseline,44
1790099910.246467212,Uninterrupted_Baseline,48
1790099910.328505943,Uninterrupted_Baseline,52
1790099910.408957523,Uninterrupted_Baseline,38
1790099910.491637668,Uninterrupted_Baseline,42
1790099910.573828227,Uninterrupted_Baseline,46
1790099910.660866852,Uninterrupted_Baseline,50
1790099910.749492155,Uninterrupted_Baseline,37
1790099910.830061929,Uninterrupted_Baseline,39
1790099910.912262308,Uninterrupted_Baseline,44
1790099910.991708478,Uninterrupted_Baseline,48
1790099911.072937038,Uninterrupted_Baseline,50
1790099911.157287769,Uninterrupted_Baseline,38
1790099911.242040884,Uninterrupted_Baseline,40
1790099911.310908628,Uninterrupted_Baseline,44
1790099911.372975243,Uninterrupted_Baseline,47
1790099911.452194958,Uninterrupted_Baseline,50
1790099911.535211732,Uninterrupted_Baseline,53
1790099911.615112144,Uninterrupted_Baseline,39
1790099911.676925526,Uninterrupted_Baseline,42
1790099911.761568840,Uninterrupted_Baseline,46
1790099911.844156719,Uninterrupted_Baseline,50
1790099911.923099727,Uninterrupted_Baseline,54
1790099912.006145537,Uninterrupted_Baseline,39
1790099912.088372157,Uninterrupted_Baseline,44
1790099912.177047818,Uninterrupted_Baseline,28
1790099912.263032095,Uninterrupted_Baseline,36
1790099912.341314156,Uninterrupted_Baseline,41
1790099912.425772159,Uninterrupted_Baseline,45
1790099912.509312596,Uninterrupted_Baseline,34
1790099912.591188800,Uninterrupted_Baseline,39
1790099912.672774263,Uninterrupted_Baseline,43
1790099912.756180911,Uninterrupted_Baseline,47
1790099912.820584100,Uninterrupted_Baseline,35
1790099912.901194306,Uninterrupted_Baseline,38
1790099912.988166767,Uninterrupted_Baseline,42
1790099913.071859026,Uninterrupted_Baseline,47
1790099913.156090540,Uninterrupted_Baseline,51
1790099913.238827446,Uninterrupted_Baseline,54
1790099913.327353946,Uninterrupted_Baseline,39
1790099913.409638723,Uninterrupted_Baseline,43
1790099913.493585034,Uninterrupted_Baseline,47
1790099913.584731519,Uninterrupted_Baseline,51
1790099913.671058483,Uninterrupted_Baseline,38
1790099913.752751139,Uninterrupted_Baseline,41
1790099913.837856958,Uninterrupted_Baseline,44
1790099913.903012211,Uninterrupted_Baseline,48
1790099913.976266818,Uninterrupted_Baseline,51
1790099914.033544612,Uninterrupted_Baseline,53
1790099914.098175854,Uninterrupted_Baseline,37
1790099914.161188695,Uninterrupted_Baseline,39
1790099914.243978317,Uninterrupted_Baseline,44
1790099914.331026498,Uninterrupted_Baseline,48
1790099914.419591843,Uninterrupted_Baseline,51
1790099914.505920622,Uninterrupted_Baseline,54
1790099914.577772960,Uninterrupted_Baseline,39
1790099914.667785669,Uninterrupted_Baseline,42
1790099914.743327235,Uninterrupted_Baseline,47
1790099914.817354997,Uninterrupted_Baseline,35
1790099914.893529880,Uninterrupted_Baseline,39
1790099914.983058516,Uninterrupted_Baseline,44
1790099915.074037930,Uninterrupted_Baseline,18
1790099915.150557635,Uninterrupted_Baseline,34
1790099915.230244457,Uninterrupted_Baseline,39
1790099915.299067580,Uninterrupted_Baseline,42
1790099915.376066126,Uninterrupted_Baseline,47
1790099915.448306981,Uninterrupted_Baseline,49
1790099915.535339032,Uninterrupted_Baseline,35
1790099915.622603642,Uninterrupted_Baseline,38
1790099915.705457983,Uninterrupted_Baseline,43
1790099915.794415707,Uninterrupted_Baseline,48
1790099915.887052637,Uninterrupted_Baseline,35
1790099915.963935871,Uninterrupted_Baseline,41
1790099916.046246817,Uninterrupted_Baseline,44
1790099916.127837328,Uninterrupted_Baseline,49
1790099916.212488401,Uninterrupted_Baseline,52
1790099916.290532780,Uninterrupted_Baseline,38
1790099916.376969111,Uninterrupted_Baseline,42
1790099916.466635557,Uninterrupted_Baseline,46
1790099916.549152676,Uninterrupted_Baseline,49
1790099916.618621016,Uninterrupted_Baseline,52
1790099916.698175003,Uninterrupted_Baseline,38
1790099916.776731501,Uninterrupted_Baseline,42
1790099916.859293477,Uninterrupted_Baseline,47
1790099916.936863156,Uninterrupted_Baseline,49
1790099917.022990928,Uninterrupted_Baseline,53
1790099917.113092530,Uninterrupted_Baseline,39
1790099917.199976079,Uninterrupted_Baseline,44
1790099917.273876631,Uninterrupted_Baseline,48
1790099917.355215573,Uninterrupted_Baseline,51
1790099917.437998714,Uninterrupted_Baseline,37
1790099917.522510831,Uninterrupted_Baseline,39
1790099917.605446371,Uninterrupted_Baseline,45
1790099917.694180335,Uninterrupted_Baseline,49
1790099917.776943536,Uninterrupted_Baseline,52
1790099917.863983486,Uninterrupted_Baseline,27
1790099917.948601146,Uninterrupted_Baseline,40
1790099918.034180042,Uninterrupted_Baseline,44
1790099918.100107177,Uninterrupted_Baseline,48
1790099918.178437507,Uninterrupted_Baseline,51
1790099918.254120527,Uninterrupted_Baseline,38
1790099918.320951689,Uninterrupted_Baseline,40
1790099918.402094575,Uninterrupted_Baseline,44
1790099918.452883897,Uninterrupted_Baseline,47
1790099918.508922686,Uninterrupted_Baseline,49
1790099918.576199527,Uninterrupted_Baseline,52
1790099918.637720845,Uninterrupted_Baseline,38
1790099918.703680078,Uninterrupted_Baseline,40
1790099918.775286512,Uninterrupted_Baseline,44
1790099918.858438547,Uninterrupted_Baseline,48
1790099918.942680940,Uninterrupted_Baseline,51
1790099919.019356964,Uninterrupted_Baseline,38
1790099919.109587984,Uninterrupted_Baseline,40
1790099919.161367842,Uninterrupted_Baseline,44
1790099919.227231383,Uninterrupted_Baseline,46
1790099919.285472950,Uninterrupted_Baseline,49
1790099919.367971637,Uninterrupted_Baseline,52
1790099919.442701374,Uninterrupted_Baseline,38
1790099919.525631399,Uninterrupted_Baseline,42
1790099919.612117855,Uninterrupted_Baseline,48
1790099919.707044912,Uninterrupted_Baseline,50
1790099919.772293606,Uninterrupted_Baseline,53
1790099919.843828890,Uninterrupted_Baseline,39
1790099919.920334729,Uninterrupted_Baseline,42
1790099920.008850907,Uninterrupted_Baseline,47
1790099920.096067921,Uninterrupted_Baseline,50
1790099920.176753445,Uninterrupted_Baseline,53
1790099920.261521254,Uninterrupted_Baseline,40
1790099920.346879451,Uninterrupted_Baseline,44
1790099920.433778395,Uninterrupted_Baseline,48
1790099920.518209244,Uninterrupted_Baseline,51
1790099920.592643594,Uninterrupted_Baseline,38
1790099920.666486474,Uninterrupted_Baseline,42
1790099920.745755851,Uninterrupted_Baseline,45
1790099920.828124854,Uninterrupted_Baseline,34
1790099920.911428779,Uninterrupted_Baseline,38
1790099920.992833673,Uninterrupted_Baseline,42
1790099921.072804521,Uninterrupted_Baseline,46
1790099921.158259713,Uninterrupted_Baseline,34
1790099921.239413424,Uninterrupted_Baseline,38
1790099921.307962443,Uninterrupted_Baseline,43
1790099921.396888429,Uninterrupted_Baseline,46
1790099921.462368230,Uninterrupted_Baseline,34
1790099921.546470283,Uninterrupted_Baseline,39
1790099921.627501073,Uninterrupted_Baseline,44
1790099921.711514984,Uninterrupted_Baseline,47
1790099921.784928818,Uninterrupted_Baseline,36
1790099921.862987023,Uninterrupted_Baseline,39
1790099921.934354280,Uninterrupted_Baseline,44
1790099922.016839492,Uninterrupted_Baseline,48
1790099922.098108100,Uninterrupted_Baseline,49
1790099922.165976618,Uninterrupted_Baseline,53
1790099922.247840981,Uninterrupted_Baseline,39
1790099922.332921679,Uninterrupted_Baseline,43
1790099922.416539522,Uninterrupted_Baseline,47
1790099922.501149985,Uninterrupted_Baseline,51
1790099922.581501185,Uninterrupted_Baseline,37
1790099922.649562165,Uninterrupted_Baseline,39
1790099922.732206779,Uninterrupted_Baseline,44
1790099922.815904375,Uninterrupted_Baseline,48
1790099922.900890081,Uninterrupted_Baseline,50
1790099922.983461685,Uninterrupted_Baseline,37
1790099923.067497597,Uninterrupted_Baseline,39
1790099923.153042304,Uninterrupted_Baseline,45
1790099923.232044095,Uninterrupted_Baseline,48
1790099923.311503934,Uninterrupted_Baseline,51
1790099923.378482105,Uninterrupted_Baseline,37
1790099923.457577301,Uninterrupted_Baseline,39
1790099923.537623164,Uninterrupted_Baseline,44
1790099923.607928823,Uninterrupted_Baseline,48
1790099923.693454199,Uninterrupted_Baseline,51
1790099923.779043922,Uninterrupted_Baseline,37
1790099923.854187866,Uninterrupted_Baseline,39
1790099923.940632322,Uninterrupted_Baseline,45
1790099924.028534272,Uninterrupted_Baseline,49
1790099924.097327703,Uninterrupted_Baseline,52
1790099924.183042348,Uninterrupted_Baseline,55
1790099924.269158995,Uninterrupted_Baseline,40
1790099924.340180449,Uninterrupted_Baseline,44
1790099924.425892193,Uninterrupted_Baseline,48
1790099924.509954085,Uninterrupted_Baseline,51
1790099924.597063423,Uninterrupted_Baseline,37
1790099924.677077628,Uninterrupted_Baseline,39
1790099924.746907957,Uninterrupted_Baseline,43
1790099933.053028518,Phase1_Baseline,27
1790099933.135910200,Phase1_Baseline,40
1790099933.205674406,Phase1_Baseline,54
1790099933.271155694,Phase1_Baseline,69
1790099933.348015789,Phase1_Baseline,57
1790099933.426329771,Phase1_Baseline,58
1790099933.507726348,Phase1_Baseline,60
1790099933.592501365,Phase1_Baseline,64
1790099933.673366736,Phase1_Baseline,67
1790099933.759172708,Phase1_Baseline,48
1790099933.839069416,Phase1_Baseline,50
1790099933.923613574,Phase1_Baseline,53
1790099933.999576810,Phase1_Baseline,39
1790099934.067208267,Phase1_Baseline,42
1790099934.157481161,Phase1_Baseline,47
1790099934.237240207,Phase1_Baseline,50
1790099934.318135943,Phase1_Baseline,37
1790099934.391628437,Phase1_Baseline,39
1790099934.471769105,Phase1_Baseline,44
1790099934.547935418,Phase1_Baseline,47
1790099934.631678026,Phase1_Baseline,36
1790099934.713897444,Phase1_Baseline,41
1790099934.797444827,Phase1_Baseline,44
1790099934.868856467,Phase1_Baseline,28
1790099934.946640544,Phase1_Baseline,36
1790099935.030178199,Phase1_Baseline,41
1790099935.108537856,Phase1_Baseline,46
1790099935.193693399,Phase1_Baseline,49
1790099935.279591689,Phase1_Baseline,52
1790099935.359696605,Phase1_Baseline,38
1790099935.439522335,Phase1_Baseline,41
1790099935.505934988,Phase1_Baseline,45
1790099935.608306082,Phase1_Baseline,49
1790099935.669225430,Phase1_Baseline,35
1790099935.732071274,Phase1_Baseline,39
1790099935.811449326,Phase1_Baseline,42
1790099935.891293668,Phase1_Baseline,47
1790099935.967177100,Phase1_Baseline,51
1790099936.050547921,Phase1_Baseline,54
1790099936.132207154,Phase1_Baseline,39
1790099936.216529109,Phase1_Baseline,42
1790099936.296140886,Phase1_Baseline,46
1790099936.367434701,Phase1_Baseline,34
1790099936.428446015,Phase1_Baseline,36
1790099936.498964463,Phase1_Baseline,41
1790099936.578185342,Phase1_Baseline,45
1790099936.659815486,Phase1_Baseline,34
1790099936.742762823,Phase1_Baseline,37
1790099936.814239442,Phase1_Baseline,43
1790099936.878773873,Phase1_Baseline,46
1790099936.964034325,Phase1_Baseline,49
1790099937.047071684,Phase1_Baseline,52
1790099937.125695669,Phase1_Baseline,39
1790099937.211589916,Phase1_Baseline,43
1790099937.289121157,Phase1_Baseline,45
1790099937.359316914,Phase1_Baseline,35
1790099937.452032200,Phase1_Baseline,40
1790099937.528059283,Phase1_Baseline,44
1790099937.605209963,Phase1_Baseline,32
1790099937.682892927,Phase1_Baseline,37
1790099937.762764766,Phase1_Baseline,40
1790099937.836714748,Phase1_Baseline,45
1790099937.919189786,Phase1_Baseline,33
1790099938.006169686,Phase1_Baseline,37
1790099938.090049483,Phase1_Baseline,42
1790099938.179319305,Phase1_Baseline,47
1790099938.264798691,Phase1_Baseline,49
1790099938.323190937,Phase1_Baseline,51
1790099938.402886012,Phase1_Baseline,37
1790099938.459350986,Phase1_Baseline,39
1790099938.514169424,Phase1_Baseline,42
1790099938.572984948,Phase1_Baseline,45
1790099938.629205608,Phase1_Baseline,48
1790099938.696276544,Phase1_Baseline,51
1790099938.775835876,Phase1_Baseline,53
1790099938.854346755,Phase1_Baseline,39
1790099938.930016959,Phase1_Baseline,44
1790099939.006305264,Phase1_Baseline,48
1790099939.088747797,Phase1_Baseline,51
1790099939.163610964,Phase1_Baseline,53
1790099939.224420416,Phase1_Baseline,38
1790099939.280933454,Phase1_Baseline,42
1790099939.352060051,Phase1_Baseline,45
1790099939.434267263,Phase1_Baseline,49
1790099939.520575808,Phase1_Baseline,52
1790099939.595801813,Phase1_Baseline,38
1790099939.685524155,Phase1_Baseline,42
1790099939.756559713,Phase1_Baseline,45
1790099939.838361670,Phase1_Baseline,49
1790099939.919800652,Phase1_Baseline,52
1790099940.005641760,Phase1_Baseline,38
1790099940.067333515,Phase1_Baseline,40
1790099940.156107519,Phase1_Baseline,45
1790099940.236246019,Phase1_Baseline,49
1790099940.321018927,Phase1_Baseline,51
1790099940.403742049,Phase1_Baseline,38
1790099940.493560060,Phase1_Baseline,42
1790099940.551037783,Phase1_Baseline,45
1790099940.610939797,Phase1_Baseline,47
1790099940.670075164,Phase1_Baseline,50
1790099940.746153884,Phase1_Baseline,53
1790099940.807528075,Phase1_Baseline,37
1790099940.876517305,Phase1_Baseline,39
1790099940.943789517,Phase1_Baseline,42
1790099941.008686963,Phase1_Baseline,46
1790099941.069868989,Phase1_Baseline,49
1790099941.152916120,Phase1_Baseline,52
1790099941.232674977,Phase1_Baseline,38
1790099941.306541029,Phase1_Baseline,40
1790099941.376564258,Phase1_Baseline,44
1790099941.451189877,Phase1_Baseline,47
1790099941.527335725,Phase1_Baseline,36
1790099941.591095917,Phase1_Baseline,39
1790099941.666876330,Phase1_Baseline,44
1790099941.740130228,Phase1_Baseline,47
1790099941.820096406,Phase1_Baseline,51
1790099941.946601923,Phase2_Migrated,32
1790099942.030771547,Phase2_Migrated,49
1790099942.129554940,Phase2_Migrated,43
1790099942.215451526,Phase2_Migrated,46
1790099942.292582732,Phase2_Migrated,49
1790099942.386446040,Phase2_Migrated,52
1790099942.457241147,Phase2_Migrated,38
1790099942.551460328,Phase2_Migrated,42
1790099942.640301592,Phase2_Migrated,47
1790099942.736626740,Phase2_Migrated,50
1790099942.843167652,Phase2_Migrated,37
1790099942.919112537,Phase2_Migrated,42
1790099943.011810782,Phase2_Migrated,31
1790099943.116847977,Phase2_Migrated,36
1790099943.182324363,Phase2_Migrated,40
1790099943.267195880,Phase2_Migrated,45
1790099943.352424622,Phase2_Migrated,33
1790099943.432110246,Phase2_Migrated,35
1790099943.515953965,Phase2_Migrated,41
1790099943.607731443,Phase2_Migrated,46
1790099943.703642024,Phase2_Migrated,34
1790099943.798581186,Phase2_Migrated,39
1790099943.891450151,Phase2_Migrated,43
1790099943.981518473,Phase2_Migrated,48
1790099944.082104887,Phase2_Migrated,52
1790099944.181534916,Phase2_Migrated,39
1790099944.275216106,Phase2_Migrated,43
1790099944.364436179,Phase2_Migrated,47
1790099944.462212192,Phase2_Migrated,51
1790099944.563374278,Phase2_Migrated,37
1790099944.651596872,Phase2_Migrated,41
1790099944.745137776,Phase2_Migrated,46
1790099944.834244893,Phase2_Migrated,49
1790099944.907507927,Phase2_Migrated,52
1790099945.010072893,Phase2_Migrated,39
1790099945.070800106,Phase2_Migrated,42
1790099945.151017383,Phase2_Migrated,47
1790099945.233632940,Phase2_Migrated,35
1790099945.316682779,Phase2_Migrated,40
1790099945.399052206,Phase2_Migrated,44
1790099945.493511972,Phase2_Migrated,34
1790099945.566245868,Phase2_Migrated,37
1790099945.652937257,Phase2_Migrated,43
1790099945.737830054,Phase2_Migrated,46
1790099945.823748294,Phase2_Migrated,50
1790099945.918142561,Phase2_Migrated,37
1790099946.006737507,Phase2_Migrated,40
1790099946.099924948,Phase2_Migrated,45
1790099946.193714377,Phase2_Migrated,48
1790099946.291103423,Phase2_Migrated,53
1790099946.364911928,Phase2_Migrated,39
1790099946.444874807,Phase2_Migrated,42
1790099946.528301109,Phase2_Migrated,48
1790099946.612950292,Phase2_Migrated,51
1790099946.705294351,Phase2_Migrated,37
1790099946.799779583,Phase2_Migrated,42
1790099946.903173035,Phase2_Migrated,47
1790099946.998048597,Phase2_Migrated,50
1790099947.095166649,Phase2_Migrated,37
1790099947.197907376,Phase2_Migrated,42
1790099947.287206579,Phase2_Migrated,46
1790099947.369377606,Phase2_Migrated,50
1790099947.469172702,Phase2_Migrated,53
1790099947.566554352,Phase2_Migrated,39
1790099947.663219810,Phase2_Migrated,45
1790099947.758766006,Phase2_Migrated,49
1790099947.860380642,Phase2_Migrated,53
1790099947.959520914,Phase2_Migrated,39
1790099948.050717072,Phase2_Migrated,45
1790099948.141598814,Phase2_Migrated,48
1790099948.234734315,Phase2_Migrated,36
1790099948.311825715,Phase2_Migrated,40
1790099948.404970040,Phase2_Migrated,43
1790099948.472758380,Phase2_Migrated,47
1790099948.545828499,Phase2_Migrated,35
1790099948.633266011,Phase2_Migrated,38
1790099948.717116189,Phase2_Migrated,43
1790099948.796685529,Phase2_Migrated,47
1790099948.892624973,Phase2_Migrated,51
1790099948.992431314,Phase2_Migrated,38
1790099949.080375038,Phase2_Migrated,42
1790099949.150862643,Phase2_Migrated,47
1790099949.222495041,Phase2_Migrated,49
1790099949.303927802,Phase2_Migrated,52
1790099949.388367271,Phase2_Migrated,37
1790099949.484554994,Phase2_Migrated,42
1790099949.574945570,Phase2_Migrated,46
1790099949.667927006,Phase2_Migrated,34
1790099949.760013191,Phase2_Migrated,39
1790099949.842179968,Phase2_Migrated,44
1790099949.937190989,Phase2_Migrated,49
1790099950.020725750,Phase2_Migrated,52
1790099950.104876636,Phase2_Migrated,38
1790099950.196526172,Phase2_Migrated,42
1790099950.288568675,Phase2_Migrated,47
1790099950.378283077,Phase2_Migrated,51
1790099950.461444309,Phase2_Migrated,37
1790099950.549794631,Phase2_Migrated,39
1790099951.258114605,Uninterrupted_Baseline,30
1790099951.338564594,Uninterrupted_Baseline,44
1790099951.423582514,Uninterrupted_Baseline,55
1790099951.500165174,Uninterrupted_Baseline,43
1790099951.582165048,Uninterrupted_Baseline,46
1790099951.666832432,Uninterrupted_Baseline,49
1790099951.751800444,Uninterrupted_Baseline,53
1790099951.841813295,Uninterrupted_Baseline,39
1790099951.925512920,Uninterrupted_Baseline,44
1790099952.011107747,Uninterrupted_Baseline,48
1790099952.097498769,Uninterrupted_Baseline,51
1790099952.181874499,Uninterrupted_Baseline,37
1790099952.267910847,Uninterrupted_Baseline,40
1790099952.352281188,Uninterrupted_Baseline,44
1790099952.434793601,Uninterrupted_Baseline,48
1790099952.526995762,Uninterrupted_Baseline,51
1790099952.598195634,Uninterrupted_Baseline,38
1790099952.679910870,Uninterrupted_Baseline,41
1790099952.753735157,Uninterrupted_Baseline,44
1790099952.822182421,Uninterrupted_Baseline,47
1790099952.907534857,Uninterrupted_Baseline,51
1790099952.990761447,Uninterrupted_Baseline,54
1790099953.074248525,Uninterrupted_Baseline,39
1790099953.160223535,Uninterrupted_Baseline,44
1790099953.241879781,Uninterrupted_Baseline,48
1790099953.325889210,Uninterrupted_Baseline,51
1790099953.408800451,Uninterrupted_Baseline,38
1790099953.490091595,Uninterrupted_Baseline,41
1790099953.563267705,Uninterrupted_Baseline,45
1790099953.642643877,Uninterrupted_Baseline,49
1790099953.718344489,Uninterrupted_Baseline,50
1790099953.797471089,Uninterrupted_Baseline,38
1790099953.881216874,Uninterrupted_Baseline,41
1790099953.959997604,Uninterrupted_Baseline,44
1790099954.042495102,Uninterrupted_Baseline,49
1790099954.129435346,Uninterrupted_Baseline,52
1790099954.212782333,Uninterrupted_Baseline,38
1790099954.302879244,Uninterrupted_Baseline,42
1790099954.388142035,Uninterrupted_Baseline,46
1790099954.478236866,Uninterrupted_Baseline,49
1790099954.546827733,Uninterrupted_Baseline,52
1790099954.627538029,Uninterrupted_Baseline,38
1790099954.710903460,Uninterrupted_Baseline,41
1790099954.789860929,Uninterrupted_Baseline,45
1790099954.865983388,Uninterrupted_Baseline,48
1790099954.937640920,Uninterrupted_Baseline,50
1790099955.020922645,Uninterrupted_Baseline,37
1790099955.112136202,Uninterrupted_Baseline,39
1790099955.174022119,Uninterrupted_Baseline,43
1790099955.262439297,Uninterrupted_Baseline,48
1790099955.351175646,Uninterrupted_Baseline,51
1790099955.435365348,Uninterrupted_Baseline,38
1790099955.523269913,Uninterrupted_Baseline,42
1790099955.611410006,Uninterrupted_Baseline,47
1790099955.694001485,Uninterrupted_Baseline,49
1790099955.777024143,Uninterrupted_Baseline,53
1790099955.854704413,Uninterrupted_Baseline,39
1790099955.931545092,Uninterrupted_Baseline,42
1790099956.015963779,Uninterrupted_Baseline,47
1790099956.100523696,Uninterrupted_Baseline,35
1790099956.183422829,Uninterrupted_Baseline,39
1790099956.267193100,Uninterrupted_Baseline,43
1790099956.354469884,Uninterrupted_Baseline,47
1790099956.423093965,Uninterrupted_Baseline,50
1790099956.497973273,Uninterrupted_Baseline,53
1790099956.587886540,Uninterrupted_Baseline,39
1790099956.659720023,Uninterrupted_Baseline,42
1790099956.742490954,Uninterrupted_Baseline,47
1790099956.826492628,Uninterrupted_Baseline,34
1790099956.903847793,Uninterrupted_Baseline,39
1790099956.979605481,Uninterrupted_Baseline,42
1790099957.046957202,Uninterrupted_Baseline,45
1790099957.126549059,Uninterrupted_Baseline,48
1790099957.206258211,Uninterrupted_Baseline,51
1790099957.275997554,Uninterrupted_Baseline,54
1790099957.354630996,Uninterrupted_Baseline,39
1790099957.435173479,Uninterrupted_Baseline,43
1790099957.518617594,Uninterrupted_Baseline,47
1790099957.605178177,Uninterrupted_Baseline,50
1790099957.684285458,Uninterrupted_Baseline,53
1790099957.762323134,Uninterrupted_Baseline,39
1790099957.846155610,Uninterrupted_Baseline,44
1790099957.927900766,Uninterrupted_Baseline,48
1790099958.017494316,Uninterrupted_Baseline,51
1790099958.098148968,Uninterrupted_Baseline,37
1790099958.178475336,Uninterrupted_Baseline,40
1790099958.254927780,Uninterrupted_Baseline,44
1790099958.324018094,Uninterrupted_Baseline,47
1790099958.406614988,Uninterrupted_Baseline,51
1790099958.458611618,Uninterrupted_Baseline,53
1790099958.509416525,Uninterrupted_Baseline,38
1790099958.566484119,Uninterrupted_Baseline,39
1790099958.622365850,Uninterrupted_Baseline,42
1790099958.686534202,Uninterrupted_Baseline,46
1790099958.766198830,Uninterrupted_Baseline,49
1790099958.846088604,Uninterrupted_Baseline,52
1790099958.932129421,Uninterrupted_Baseline,39
1790099959.015138505,Uninterrupted_Baseline,42
1790099959.082886543,Uninterrupted_Baseline,46
1790099959.168082298,Uninterrupted_Baseline,50
1790099959.236899021,Uninterrupted_Baseline,53
1790099959.324381217,Uninterrupted_Baseline,39
1790099959.405978238,Uninterrupted_Baseline,41
1790099959.490732099,Uninterrupted_Baseline,45
1790099959.576102414,Uninterrupted_Baseline,33
1790099959.663830968,Uninterrupted_Baseline,37
1790099959.735748900,Uninterrupted_Baseline,42
1790099959.822971854,Uninterrupted_Baseline,46
1790099959.910269228,Uninterrupted_Baseline,50
1790099959.994703090,Uninterrupted_Baseline,54
1790099960.080628731,Uninterrupted_Baseline,38
1790099960.164836217,Uninterrupted_Baseline,42
1790099960.240909010,Uninterrupted_Baseline,45
1790099960.320639919,Uninterrupted_Baseline,33
1790099960.384936838,Uninterrupted_Baseline,36
1790099960.468946836,Uninterrupted_Baseline,41
1790099960.546288015,Uninterrupted_Baseline,44
1790099960.620597597,Uninterrupted_Baseline,48
1790099960.704819652,Uninterrupted_Baseline,52
1790099960.783960619,Uninterrupted_Baseline,37
1790099960.869095263,Uninterrupted_Baseline,40
1790099960.949140212,Uninterrupted_Baseline,45
1790099961.036979253,Uninterrupted_Baseline,49
1790099961.120057145,Uninterrupted_Baseline,51
1790099961.198532308,Uninterrupted_Baseline,38
1790099961.278760039,Uninterrupted_Baseline,41
1790099961.346243384,Uninterrupted_Baseline,44
1790099961.418430571,Uninterrupted_Baseline,48
1790099961.500731228,Uninterrupted_Baseline,51
1790099961.579843477,Uninterrupted_Baseline,38
1790099961.647617997,Uninterrupted_Baseline,40
1790099961.731327069,Uninterrupted_Baseline,44
1790099961.814353243,Uninterrupted_Baseline,49
1790099961.896904947,Uninterrupted_Baseline,51
1790099961.976083040,Uninterrupted_Baseline,38
1790099962.061119703,Uninterrupted_Baseline,41
1790099962.140592687,Uninterrupted_Baseline,45
1790099962.219610074,Uninterrupted_Baseline,33
1790099962.302118281,Uninterrupted_Baseline,38
1790099962.385131475,Uninterrupted_Baseline,41
1790099962.470361686,Uninterrupted_Baseline,46
1790099962.554225662,Uninterrupted_Baseline,49
1790099962.638609819,Uninterrupted_Baseline,52
1790099962.709550964,Uninterrupted_Baseline,37
1790099962.794005415,Uninterrupted_Baseline,41
1790099962.875636037,Uninterrupted_Baseline,45
1790099962.958031008,Uninterrupted_Baseline,34
1790099963.041829676,Uninterrupted_Baseline,39
1790099963.122777428,Uninterrupted_Baseline,44
1790099963.206383799,Uninterrupted_Baseline,48
1790099963.288320151,Uninterrupted_Baseline,50
1790099963.370708864,Uninterrupted_Baseline,53
1790099963.453527391,Uninterrupted_Baseline,39
1790099963.537915193,Uninterrupted_Baseline,44
1790099963.617229112,Uninterrupted_Baseline,48
1790099963.691725370,Uninterrupted_Baseline,49
1790099963.767731941,Uninterrupted_Baseline,53
1790099963.849305602,Uninterrupted_Baseline,39
1790099963.933085823,Uninterrupted_Baseline,43
1790099964.016120722,Uninterrupted_Baseline,47
1790099964.104554792,Uninterrupted_Baseline,51
1790099964.182634982,Uninterrupted_Baseline,54
1790099964.252720997,Uninterrupted_Baseline,39
1790099964.322979702,Uninterrupted_Baseline,42
1790099964.407528661,Uninterrupted_Baseline,46
1790099964.483592759,Uninterrupted_Baseline,49
1790099964.567193968,Uninterrupted_Baseline,52
1790099964.642241500,Uninterrupted_Baseline,38
1790099964.712827095,Uninterrupted_Baseline,42
1790099964.794276460,Uninterrupted_Baseline,46
1790099964.865024178,Uninterrupted_Baseline,49
1790099964.929896669,Uninterrupted_Baseline,52
1790099965.015365600,Uninterrupted_Baseline,37
1790099965.103952079,Uninterrupted_Baseline,41
1790099965.167723016,Uninterrupted_Baseline,44
1790099965.228345824,Uninterrupted_Baseline,46
1790099965.307847069,Uninterrupted_Baseline,34
1790099965.392771991,Uninterrupted_Baseline,39
1790099965.477326099,Uninterrupted_Baseline,44
1790099965.561794232,Uninterrupted_Baseline,48
1790099965.643442852,Uninterrupted_Baseline,50
1790099965.724595239,Uninterrupted_Baseline,53
1790099965.801149256,Uninterrupted_Baseline,56
1790099965.886199715,Uninterrupted_Baseline,40
1790099965.970705637,Uninterrupted_Baseline,43
1790099966.051114080,Uninterrupted_Baseline,48
1790099966.139918130,Uninterrupted_Baseline,51
1790099966.222178882,Uninterrupted_Baseline,38
1790099966.298901056,Uninterrupted_Baseline,41
1790099966.360759429,Uninterrupted_Baseline,45
1790099966.437530987,Uninterrupted_Baseline,48
1790099966.520992395,Uninterrupted_Baseline,51
1790099966.602643966,Uninterrupted_Baseline,37
1790099966.687151339,Uninterrupted_Baseline,41
1790099966.764701746,Uninterrupted_Baseline,44
1790099966.850143883,Uninterrupted_Baseline,49
1790099966.933467229,Uninterrupted_Baseline,52
1790099967.017132874,Uninterrupted_Baseline,55
1790099967.094434709,Uninterrupted_Baseline,40
1790099967.176249302,Uninterrupted_Baseline,44
1790099967.251954616,Uninterrupted_Baseline,49
1790099967.327910643,Uninterrupted_Baseline,37
1790099967.415071676,Uninterrupted_Baseline,42
1790099967.499223155,Uninterrupted_Baseline,46
1790099967.586856198,Uninterrupted_Baseline,50
1790099967.675509045,Uninterrupted_Baseline,53
1790099967.759739958,Uninterrupted_Baseline,38
1790099967.849197721,Uninterrupted_Baseline,42
1790099967.936108626,Uninterrupted_Baseline,46
1790099968.005054946,Uninterrupted_Baseline,49
1790099968.078364408,Uninterrupted_Baseline,53
1790099968.167902169,Uninterrupted_Baseline,39
1790099968.244364690,Uninterrupted_Baseline,42
1790099968.305108532,Uninterrupted_Baseline,45
1790099968.378635626,Uninterrupted_Baseline,49
1790099968.428966097,Uninterrupted_Baseline,51
1790099968.479908996,Uninterrupted_Baseline,53
1790099968.538515516,Uninterrupted_Baseline,38
1790099968.593737235,Uninterrupted_Baseline,40
1790099968.661166640,Uninterrupted_Baseline,44
1790099968.734555572,Uninterrupted_Baseline,47
1790099977.068127692,Phase1_Baseline,40
1790099977.146283140,Phase1_Baseline,54
1790099977.220424539,Phase1_Baseline,41
1790099977.292850978,Phase1_Baseline,44
1790099977.369951656,Phase1_Baseline,48
1790099977.454152431,Phase1_Baseline,51
1790099977.536333119,Phase1_Baseline,55
1790099977.616600769,Phase1_Baseline,40
1790099977.698088855,Phase1_Baseline,45
1790099977.778621195,Phase1_Baseline,48
1790099977.858299272,Phase1_Baseline,50
1790099977.939115672,Phase1_Baseline,37
1790099978.012118999,Phase1_Baseline,39
1790099978.082886881,Phase1_Baseline,44
1790099978.162536503,Phase1_Baseline,48
1790099978.240639750,Phase1_Baseline,51
1790099978.299322783,Phase1_Baseline,53
1790099978.374713941,Phase1_Baseline,39
1790099978.430789479,Phase1_Baseline,42
1790099978.483881116,Phase1_Baseline,44
1790099978.536332933,Phase1_Baseline,47
1790099978.590784751,Phase1_Baseline,49
1790099978.644684559,Phase1_Baseline,51
1790099978.702232173,Phase1_Baseline,53
1790099978.777761020,Phase1_Baseline,39
1790099978.843903148,Phase1_Baseline,42
1790099978.913949498,Phase1_Baseline,46
1790099978.986798485,Phase1_Baseline,49
1790099979.066750353,Phase1_Baseline,52
1790099979.131563352,Phase1_Baseline,38
1790099979.194384839,Phase1_Baseline,40
1790099979.271884867,Phase1_Baseline,44
1790099979.349436264,Phase1_Baseline,48
1790099979.432575452,Phase1_Baseline,51
1790099979.508461218,Phase1_Baseline,37
1790099979.584264654,Phase1_Baseline,40
1790099979.666707568,Phase1_Baseline,45
1790099979.741946693,Phase1_Baseline,49
1790099979.814791950,Phase1_Baseline,36
1790099979.895778405,Phase1_Baseline,40
1790099979.979479439,Phase1_Baseline,44
1790099980.059147408,Phase1_Baseline,48
1790099980.141715967,Phase1_Baseline,34
1790099980.217199187,Phase1_Baseline,39
1790099980.299349880,Phase1_Baseline,43
1790099980.379789665,Phase1_Baseline,47
1790099980.460810435,Phase1_Baseline,50
1790099980.544704503,Phase1_Baseline,53
1790099980.625823978,Phase1_Baseline,39
1790099980.709257876,Phase1_Baseline,44
1790099980.797611640,Phase1_Baseline,48
1790099980.877880289,Phase1_Baseline,50
1790099980.937329036,Phase1_Baseline,53
1790099981.000173711,Phase1_Baseline,38
1790099981.075371745,Phase1_Baseline,42
1790099981.145234225,Phase1_Baseline,45
1790099981.224770036,Phase1_Baseline,49
1790099981.296768173,Phase1_Baseline,51
1790099981.359958360,Phase1_Baseline,37
1790099981.433188325,Phase1_Baseline,39
1790099981.515703915,Phase1_Baseline,44
1790099981.599583037,Phase1_Baseline,48
1790099981.684573613,Phase1_Baseline,51
1790099981.767915322,Phase1_Baseline,38
1790099981.852340529,Phase1_Baseline,42
1790099981.936482099,Phase1_Baseline,45
1790099982.021033678,Phase1_Baseline,49
1790099982.100337486,Phase1_Baseline,52
1790099982.182500627,Phase1_Baseline,38
1790099982.263991827,Phase1_Baseline,42
1790099982.346998646,Phase1_Baseline,46
1790099982.430702735,Phase1_Baseline,50
1790099982.516618577,Phase1_Baseline,53
1790099982.595532293,Phase1_Baseline,39
1790099982.674063018,Phase1_Baseline,43
1790099982.759276188,Phase1_Baseline,47
1790099982.838962141,Phase1_Baseline,50
1790099982.914869092,Phase1_Baseline,53
1790099982.984959773,Phase1_Baseline,39
1790099983.066058462,Phase1_Baseline,43
1790099983.132428310,Phase1_Baseline,46
1790099983.207227596,Phase1_Baseline,35
1790099983.271728089,Phase1_Baseline,39
1790099983.350268781,Phase1_Baseline,43
1790099983.433261307,Phase1_Baseline,32
1790099983.519025654,Phase1_Baseline,37
1790099983.599833448,Phase1_Baseline,41
1790099983.682627815,Phase1_Baseline,46
1790099983.756781355,Phase1_Baseline,49
1790099983.834160910,Phase1_Baseline,51
1790099983.915741298,Phase1_Baseline,38
1790099983.967767110,Phase1_Baseline,39
1790099984.026577621,Phase1_Baseline,42
1790099984.091025966,Phase1_Baseline,47
1790099984.175533505,Phase1_Baseline,51
1790099984.253328378,Phase1_Baseline,53
1790099984.339459448,Phase1_Baseline,38
1790099984.419835686,Phase1_Baseline,42
1790099984.503575088,Phase1_Baseline,46
1790099984.589309473,Phase1_Baseline,35
1790099984.673105158,Phase1_Baseline,40
1790099984.746171497,Phase1_Baseline,44
1790099984.831070905,Phase1_Baseline,47
1790099984.902978333,Phase1_Baseline,50
1790099984.992091026,Phase1_Baseline,53
1790099985.070922650,Phase1_Baseline,40
1790099985.150596927,Phase1_Baseline,44
1790099985.238273320,Phase1_Baseline,48
1790099985.325610051,Phase1_Baseline,51
1790099985.411194438,Phase1_Baseline,39
1790099985.491644594,Phase1_Baseline,42
1790099985.578805007,Phase1_Baseline,47
1790099985.659943379,Phase1_Baseline,36
1790099985.748982435,Phase1_Baseline,40
1790099985.931870326,Phase2_Migrated,35
1790099985.985299856,Phase2_Migrated,47
1790099986.051201884,Phase2_Migrated,60
1790099986.137943786,Phase2_Migrated,45
1790099986.230942165,Phase2_Migrated,48
1790099986.312821374,Phase2_Migrated,51
1790099986.385213499,Phase2_Migrated,38
1790099986.466132966,Phase2_Migrated,41
1790099986.554129166,Phase2_Migrated,46
1790099986.634386511,Phase2_Migrated,49
1790099986.723509817,Phase2_Migrated,37
1790099986.814969631,Phase2_Migrated,42
1790099986.899533417,Phase2_Migrated,45
1790099986.988334964,Phase2_Migrated,50
1790099987.081883683,Phase2_Migrated,52
1790099987.164832452,Phase2_Migrated,38
1790099987.243123720,Phase2_Migrated,42
1790099987.328075137,Phase2_Migrated,47
1790099987.419934196,Phase2_Migrated,51
1790099987.517438368,Phase2_Migrated,38
1790099987.606578289,Phase2_Migrated,41
1790099987.701946531,Phase2_Migrated,46
1790099987.791065175,Phase2_Migrated,49
1790099987.883644045,Phase2_Migrated,53
1790099987.973835867,Phase2_Migrated,39
1790099988.062787866,Phase2_Migrated,44
1790099988.163514414,Phase2_Migrated,48
1790099988.255005133,Phase2_Migrated,51
1790099988.327044042,Phase2_Migrated,37
1790099988.416493926,Phase2_Migrated,40
1790099988.474798310,Phase2_Migrated,44
1790099988.546424490,Phase2_Migrated,47
1790099988.621059622,Phase2_Migrated,50
1790099988.711192339,Phase2_Migrated,37
1790099988.808627156,Phase2_Migrated,41
1790099988.911699636,Phase2_Migrated,46
1790099989.008731473,Phase2_Migrated,50
1790099989.104264992,Phase2_Migrated,37
1790099989.188266005,Phase2_Migrated,39
1790099989.260747696,Phase2_Migrated,44
1790099989.332670822,Phase2_Migrated,48
1790099989.423235969,Phase2_Migrated,51
1790099989.511997371,Phase2_Migrated,37
1790099989.588050148,Phase2_Migrated,39
1790099989.677626070,Phase2_Migrated,45
1790099989.748251733,Phase2_Migrated,47
1790099989.811283552,Phase2_Migrated,50
1790099989.905549183,Phase2_Migrated,54
1790099989.988141547,Phase2_Migrated,40
1790099990.086720529,Phase2_Migrated,44
1790099990.177130512,Phase2_Migrated,48
1790099990.273581151,Phase2_Migrated,51
1790099990.362755472,Phase2_Migrated,38
1790099990.457771386,Phase2_Migrated,41
1790099990.549828861,Phase2_Migrated,46
1790099990.646074365,Phase2_Migrated,50
1790099990.737893218,Phase2_Migrated,53
1790099990.829372089,Phase2_Migrated,39
1790099990.923865317,Phase2_Migrated,44
1790099991.018799458,Phase2_Migrated,49
1790099991.113624570,Phase2_Migrated,53
1790099991.206870647,Phase2_Migrated,39
1790099991.297732221,Phase2_Migrated,44
1790099991.381937677,Phase2_Migrated,48
1790099991.474747754,Phase2_Migrated,51
1790099991.568152852,Phase2_Migrated,38
1790099991.661995248,Phase2_Migrated,42
1790099991.751771195,Phase2_Migrated,46
1790099991.842183887,Phase2_Migrated,50
1790099991.935987468,Phase2_Migrated,37
1790099992.030008560,Phase2_Migrated,42
1790099992.125842587,Phase2_Migrated,46
1790099992.220791044,Phase2_Migrated,50
1790099992.316146860,Phase2_Migrated,53
1790099992.412061468,Phase2_Migrated,40
1790099992.510096840,Phase2_Migrated,44
1790099992.599447444,Phase2_Migrated,33
1790099992.692615946,Phase2_Migrated,38
1790099992.784780121,Phase2_Migrated,43
1790099992.879154474,Phase2_Migrated,47
1790099992.970263739,Phase2_Migrated,51
1790099993.061352940,Phase2_Migrated,55
1790099993.153132668,Phase2_Migrated,40
1790099993.245988896,Phase2_Migrated,45
1790099993.329562474,Phase2_Migrated,49
1790099993.427455441,Phase2_Migrated,52
1790099993.522963653,Phase2_Migrated,38
1790099993.619086186,Phase2_Migrated,42
1790099993.712386933,Phase2_Migrated,47
1790099993.804447504,Phase2_Migrated,51
1790099993.888528967,Phase2_Migrated,37
1790099993.980234249,Phase2_Migrated,41
1790099994.072742344,Phase2_Migrated,45
1790099994.168262128,Phase2_Migrated,50
1790099994.263859557,Phase2_Migrated,53
1790099994.355837886,Phase2_Migrated,40
1790099994.448621217,Phase2_Migrated,45
1790099995.198735839,Uninterrupted_Baseline,28
1790099995.266343086,Uninterrupted_Baseline,42
1790099995.349296940,Uninterrupted_Baseline,59
1790099995.434231272,Uninterrupted_Baseline,77
1790099995.523542471,Uninterrupted_Baseline,58
1790099995.603973136,Uninterrupted_Baseline,42
1790099995.681545629,Uninterrupted_Baseline,44
1790099995.743699579,Uninterrupted_Baseline,32
1790099995.830348758,Uninterrupted_Baseline,36
1790099995.904880372,Uninterrupted_Baseline,41
1790099995.985556378,Uninterrupted_Baseline,45
1790099996.065751256,Uninterrupted_Baseline,49
1790099996.152044265,Uninterrupted_Baseline,52
1790099996.234225541,Uninterrupted_Baseline,38
1790099996.310978527,Uninterrupted_Baseline,41
1790099996.396989483,Uninterrupted_Baseline,45
1790099996.482071023,Uninterrupted_Baseline,49
1790099996.563041998,Uninterrupted_Baseline,51
1790099996.645722544,Uninterrupted_Baseline,39
1790099996.727930696,Uninterrupted_Baseline,42
1790099996.809683259,Uninterrupted_Baseline,45
1790099996.863641469,Uninterrupted_Baseline,48
1790099996.921789333,Uninterrupted_Baseline,50
1790099996.999015968,Uninterrupted_Baseline,38
1790099997.079994772,Uninterrupted_Baseline,40
1790099997.157297981,Uninterrupted_Baseline,44
1790099997.236485875,Uninterrupted_Baseline,34
1790099997.327378248,Uninterrupted_Baseline,38
1790099997.402184600,Uninterrupted_Baseline,41
1790099997.483124101,Uninterrupted_Baseline,46
1790099997.567011003,Uninterrupted_Baseline,49
1790099997.658608579,Uninterrupted_Baseline,52
1790099997.746914468,Uninterrupted_Baseline,39
1790099997.816157656,Uninterrupted_Baseline,42
1790099997.899884404,Uninterrupted_Baseline,47
1790099997.977335147,Uninterrupted_Baseline,49
1790099998.056358005,Uninterrupted_Baseline,53
1790099998.138139672,Uninterrupted_Baseline,39
1790099998.217632492,Uninterrupted_Baseline,42
1790099998.284051244,Uninterrupted_Baseline,46
1790099998.362890964,Uninterrupted_Baseline,49
1790099998.426333464,Uninterrupted_Baseline,52
1790099998.477417621,Uninterrupted_Baseline,53
1790099998.541994160,Uninterrupted_Baseline,39
1790099998.600455102,Uninterrupted_Baseline,42
1790099998.671498757,Uninterrupted_Baseline,44
1790099998.758281526,Uninterrupted_Baseline,49
1790099998.844364459,Uninterrupted_Baseline,51
1790099998.926199649,Uninterrupted_Baseline,38
1790099999.006951417,Uninterrupted_Baseline,41
1790099999.078955460,Uninterrupted_Baseline,45
1790099999.135139318,Uninterrupted_Baseline,47
1790099999.194233762,Uninterrupted_Baseline,34
1790099999.272055231,Uninterrupted_Baseline,38
1790099999.355883324,Uninterrupted_Baseline,43
1790099999.440096059,Uninterrupted_Baseline,48
1790099999.523750909,Uninterrupted_Baseline,51
1790099999.609807752,Uninterrupted_Baseline,37
1790099999.692097912,Uninterrupted_Baseline,39
1790099999.756323701,Uninterrupted_Baseline,43
1790099999.838323271,Uninterrupted_Baseline,48
1790099999.915523914,Uninterrupted_Baseline,50
1790100000.002362619,Uninterrupted_Baseline,53
1790100000.085068576,Uninterrupted_Baseline,39
1790100000.166970614,Uninterrupted_Baseline,43
1790100000.247641417,Uninterrupted_Baseline,47
1790100000.334563898,Uninterrupted_Baseline,50
1790100000.421979220,Uninterrupted_Baseline,37
1790100000.505814611,Uninterrupted_Baseline,41
1790100000.581757635,Uninterrupted_Baseline,45
1790100000.658055678,Uninterrupted_Baseline,48
1790100000.720100043,Uninterrupted_Baseline,34
1790100000.786843953,Uninterrupted_Baseline,38
1790100000.853206368,Uninterrupted_Baseline,42
1790100000.929624050,Uninterrupted_Baseline,46
1790100000.991361361,Uninterrupted_Baseline,48
1790100001.056850811,Uninterrupted_Baseline,50
1790100001.128373795,Uninterrupted_Baseline,37
1790100001.210049387,Uninterrupted_Baseline,39
1790100001.284774487,Uninterrupted_Baseline,44
1790100001.366363823,Uninterrupted_Baseline,48
1790100001.451702524,Uninterrupted_Baseline,50
1790100001.528137253,Uninterrupted_Baseline,53
1790100001.603703021,Uninterrupted_Baseline,39
1790100001.689217973,Uninterrupted_Baseline,42
1790100001.753013790,Uninterrupted_Baseline,46
1790100001.831806168,Uninterrupted_Baseline,49
1790100001.902693516,Uninterrupted_Baseline,52
1790100001.985436593,Uninterrupted_Baseline,39
1790100002.070842600,Uninterrupted_Baseline,43
1790100002.159928458,Uninterrupted_Baseline,47
1790100002.243731480,Uninterrupted_Baseline,50
1790100002.313105874,Uninterrupted_Baseline,53
1790100002.394364127,Uninterrupted_Baseline,39
1790100002.480935204,Uninterrupted_Baseline,44
1790100002.560772239,Uninterrupted_Baseline,47
1790100002.641468771,Uninterrupted_Baseline,50
1790100002.721506928,Uninterrupted_Baseline,53
1790100002.804881110,Uninterrupted_Baseline,38
1790100002.881296890,Uninterrupted_Baseline,42
1790100002.955857995,Uninterrupted_Baseline,46
1790100003.042751545,Uninterrupted_Baseline,49
1790100003.125043018,Uninterrupted_Baseline,53
1790100003.207251679,Uninterrupted_Baseline,39
1790100003.297316651,Uninterrupted_Baseline,44
1790100003.375982184,Uninterrupted_Baseline,48
1790100003.466112632,Uninterrupted_Baseline,51
1790100003.526768073,Uninterrupted_Baseline,54
1790100003.604304711,Uninterrupted_Baseline,39
1790100003.687416045,Uninterrupted_Baseline,43
1790100003.764864296,Uninterrupted_Baseline,47
1790100003.848287769,Uninterrupted_Baseline,50
1790100003.928259530,Uninterrupted_Baseline,52
1790100003.999491482,Uninterrupted_Baseline,38
1790100004.080759085,Uninterrupted_Baseline,41
1790100004.164525037,Uninterrupted_Baseline,45
1790100004.243342073,Uninterrupted_Baseline,34
1790100004.312211915,Uninterrupted_Baseline,35
1790100004.387837445,Uninterrupted_Baseline,40
1790100004.468977827,Uninterrupted_Baseline,45
1790100004.550556149,Uninterrupted_Baseline,48
1790100004.627598515,Uninterrupted_Baseline,50
1790100004.708966978,Uninterrupted_Baseline,37
1790100004.795191097,Uninterrupted_Baseline,41
1790100004.867173160,Uninterrupted_Baseline,44
1790100004.919790317,Uninterrupted_Baseline,46
1790100004.984208561,Uninterrupted_Baseline,49
1790100005.070910623,Uninterrupted_Baseline,52
1790100005.156675386,Uninterrupted_Baseline,38
1790100005.225636396,Uninterrupted_Baseline,42
1790100005.306726670,Uninterrupted_Baseline,46
1790100005.386812258,Uninterrupted_Baseline,49
1790100005.470280997,Uninterrupted_Baseline,52
1790100005.555458925,Uninterrupted_Baseline,38
1790100005.635933936,Uninterrupted_Baseline,42
1790100005.714321817,Uninterrupted_Baseline,47
1790100005.799213379,Uninterrupted_Baseline,49
1790100005.877548638,Uninterrupted_Baseline,52
1790100005.960777509,Uninterrupted_Baseline,39
1790100006.042949336,Uninterrupted_Baseline,43
1790100006.128274932,Uninterrupted_Baseline,47
1790100006.213335956,Uninterrupted_Baseline,34
1790100006.288524369,Uninterrupted_Baseline,36
1790100006.349628237,Uninterrupted_Baseline,41
1790100006.430478271,Uninterrupted_Baseline,45
1790100006.513379159,Uninterrupted_Baseline,49
1790100006.593171413,Uninterrupted_Baseline,52
1790100006.674820804,Uninterrupted_Baseline,38
1790100006.758288942,Uninterrupted_Baseline,41
1790100006.838362274,Uninterrupted_Baseline,45
1790100006.929165278,Uninterrupted_Baseline,33
1790100007.011108111,Uninterrupted_Baseline,37
1790100007.079387725,Uninterrupted_Baseline,41
1790100007.150511627,Uninterrupted_Baseline,44
1790100007.218091700,Uninterrupted_Baseline,47
1790100007.287347739,Uninterrupted_Baseline,50
1790100007.375191914,Uninterrupted_Baseline,54
1790100007.462597424,Uninterrupted_Baseline,39
1790100007.542493399,Uninterrupted_Baseline,44
1790100007.628823135,Uninterrupted_Baseline,48
1790100007.713616921,Uninterrupted_Baseline,51
1790100007.796972313,Uninterrupted_Baseline,54
1790100007.880387191,Uninterrupted_Baseline,39
1790100007.963176475,Uninterrupted_Baseline,43
1790100008.048766620,Uninterrupted_Baseline,46
1790100008.115359042,Uninterrupted_Baseline,34
1790100008.194797417,Uninterrupted_Baseline,38
1790100008.259686674,Uninterrupted_Baseline,41
1790100008.340309980,Uninterrupted_Baseline,46
1790100008.417332089,Uninterrupted_Baseline,34
1790100008.471807209,Uninterrupted_Baseline,37
1790100008.533169552,Uninterrupted_Baseline,41
1790100008.593142294,Uninterrupted_Baseline,44
1790100008.648242287,Uninterrupted_Baseline,47
1790100008.706377814,Uninterrupted_Baseline,34
1790100008.783924573,Uninterrupted_Baseline,38
1790100008.866627924,Uninterrupted_Baseline,42
1790100008.939516586,Uninterrupted_Baseline,46
1790100009.008272303,Uninterrupted_Baseline,48
1790100009.078309469,Uninterrupted_Baseline,50
1790100009.152999770,Uninterrupted_Baseline,37
1790100009.212955598,Uninterrupted_Baseline,39
1790100009.294296097,Uninterrupted_Baseline,44
1790100009.378176996,Uninterrupted_Baseline,48
1790100009.462901339,Uninterrupted_Baseline,51
1790100009.551089293,Uninterrupted_Baseline,38
1790100009.636327227,Uninterrupted_Baseline,41
1790100009.721224881,Uninterrupted_Baseline,45
1790100009.808963052,Uninterrupted_Baseline,49
1790100009.890979555,Uninterrupted_Baseline,52
1790100009.972970625,Uninterrupted_Baseline,38
1790100010.048168294,Uninterrupted_Baseline,42
1790100010.125139970,Uninterrupted_Baseline,46
1790100010.193860405,Uninterrupted_Baseline,49
1790100010.281148916,Uninterrupted_Baseline,52
1790100010.363881511,Uninterrupted_Baseline,38
1790100010.450194668,Uninterrupted_Baseline,42
1790100010.534236501,Uninterrupted_Baseline,46
1790100010.615392439,Uninterrupted_Baseline,49
1790100010.703131497,Uninterrupted_Baseline,53
1790100010.786435424,Uninterrupted_Baseline,39
1790100010.857283508,Uninterrupted_Baseline,42
1790100010.939596391,Uninterrupted_Baseline,47
1790100011.017056522,Uninterrupted_Baseline,50
1790100011.100020022,Uninterrupted_Baseline,53
1790100011.180342020,Uninterrupted_Baseline,39
1790100011.258745895,Uninterrupted_Baseline,44
1790100011.343313269,Uninterrupted_Baseline,48
1790100011.429994800,Uninterrupted_Baseline,50
1790100011.504197865,Uninterrupted_Baseline,37
1790100011.583551435,Uninterrupted_Baseline,40
1790100011.671052115,Uninterrupted_Baseline,45
1790100011.740160124,Uninterrupted_Baseline,48
1790100011.817196861,Uninterrupted_Baseline,51
1790100011.897738092,Uninterrupted_Baseline,37
1790100011.978360656,Uninterrupted_Baseline,39
1790100012.061294122,Uninterrupted_Baseline,44
1790100012.144232796,Uninterrupted_Baseline,48
1790100012.221486766,Uninterrupted_Baseline,51
1790100012.299252455,Uninterrupted_Baseline,38
1790100012.378348871,Uninterrupted_Baseline,40
1790100012.446853194,Uninterrupted_Baseline,45
1790100012.522554269,Uninterrupted_Baseline,48
1790100012.605708113,Uninterrupted_Baseline,51
1790100021.020741410,Phase1_Baseline,40
1790100021.105046898,Phase1_Baseline,58
1790100021.188287562,Phase1_Baseline,42
1790100021.280335767,Phase1_Baseline,47
1790100021.370199352,Phase1_Baseline,33
1790100021.440016796,Phase1_Baseline,38
1790100021.511622138,Phase1_Baseline,42
1790100021.595293190,Phase1_Baseline,46
1790100021.675620783,Phase1_Baseline,33
1790100021.746070618,Phase1_Baseline,37
1790100021.827348972,Phase1_Baseline,43
1790100021.909937577,Phase1_Baseline,47
1790100021.988385796,Phase1_Baseline,35
1790100022.070569818,Phase1_Baseline,37
1790100022.158351238,Phase1_Baseline,42
1790100022.243927402,Phase1_Baseline,47
1790100022.326932441,Phase1_Baseline,51
1790100022.406636310,Phase1_Baseline,37
1790100022.495371157,Phase1_Baseline,39
1790100022.570375753,Phase1_Baseline,45
1790100022.658355220,Phase1_Baseline,48
1790100022.733618930,Phase1_Baseline,51
1790100022.812017010,Phase1_Baseline,37
1790100022.893391985,Phase1_Baseline,40
1790100022.962620958,Phase1_Baseline,44
1790100023.029563954,Phase1_Baseline,47
1790100023.113810171,Phase1_Baseline,51
1790100023.192471282,Phase1_Baseline,53
1790100023.272338434,Phase1_Baseline,39
1790100023.352557557,Phase1_Baseline,44
1790100023.434568337,Phase1_Baseline,48
1790100023.495352875,Phase1_Baseline,51
1790100023.574548518,Phase1_Baseline,53
1790100023.661856498,Phase1_Baseline,39
1790100023.743465110,Phase1_Baseline,44
1790100023.830381396,Phase1_Baseline,48
1790100023.913819050,Phase1_Baseline,52
1790100023.996344565,Phase1_Baseline,38
1790100024.077546488,Phase1_Baseline,43
1790100024.163788712,Phase1_Baseline,46
1790100024.245807808,Phase1_Baseline,36
1790100024.326011854,Phase1_Baseline,38
1790100024.414603123,Phase1_Baseline,43
1790100024.493881474,Phase1_Baseline,47
1790100024.568139053,Phase1_Baseline,49
1790100024.633749928,Phase1_Baseline,52
1790100024.719543679,Phase1_Baseline,38
1790100024.777333762,Phase1_Baseline,41
1790100024.844805894,Phase1_Baseline,44
1790100024.910010873,Phase1_Baseline,47
1790100024.991834214,Phase1_Baseline,50
1790100025.063125091,Phase1_Baseline,52
1790100025.131295985,Phase1_Baseline,38
1790100025.216902613,Phase1_Baseline,42
1790100025.294934941,Phase1_Baseline,46
1790100025.379350923,Phase1_Baseline,50
1790100025.462686852,Phase1_Baseline,53
1790100025.544886393,Phase1_Baseline,38
1790100025.630178934,Phase1_Baseline,43
1790100025.712462137,Phase1_Baseline,46
1790100025.785713089,Phase1_Baseline,49
1790100025.863562293,Phase1_Baseline,51
1790100025.940199523,Phase1_Baseline,38
1790100026.028066619,Phase1_Baseline,42
1790100026.110881637,Phase1_Baseline,46
1790100026.197381848,Phase1_Baseline,50
1790100026.275188748,Phase1_Baseline,52
1790100026.339307029,Phase1_Baseline,39
1790100026.414968769,Phase1_Baseline,41
1790100026.492475112,Phase1_Baseline,45
1790100026.575210168,Phase1_Baseline,34
1790100026.647545215,Phase1_Baseline,38
1790100026.731746322,Phase1_Baseline,42
1790100026.810111206,Phase1_Baseline,46
1790100026.886354918,Phase1_Baseline,49
1790100026.959494897,Phase1_Baseline,52
1790100027.026516715,Phase1_Baseline,38
1790100027.096497986,Phase1_Baseline,42
1790100027.187698739,Phase1_Baseline,45
1790100027.263526384,Phase1_Baseline,49
1790100027.341166349,Phase1_Baseline,51
1790100027.412618367,Phase1_Baseline,38
1790100027.490515166,Phase1_Baseline,42
1790100027.575563948,Phase1_Baseline,45
1790100027.657933804,Phase1_Baseline,49
1790100027.739071111,Phase1_Baseline,52
1790100027.810217540,Phase1_Baseline,54
1790100027.879857357,Phase1_Baseline,39
1790100027.956597272,Phase1_Baseline,43
1790100028.029558797,Phase1_Baseline,46
1790100028.092237887,Phase1_Baseline,50
1790100028.169230686,Phase1_Baseline,53
1790100028.252352305,Phase1_Baseline,38
1790100028.311586691,Phase1_Baseline,42
1790100028.390247447,Phase1_Baseline,44
1790100028.442119797,Phase1_Baseline,48
1790100028.495259604,Phase1_Baseline,49
1790100028.556875935,Phase1_Baseline,52
1790100028.615828007,Phase1_Baseline,37
1790100028.676600586,Phase1_Baseline,39
1790100028.744870516,Phase1_Baseline,43
1790100028.830451144,Phase1_Baseline,48
1790100028.914768251,Phase1_Baseline,51
1790100028.991176690,Phase1_Baseline,37
1790100029.056876060,Phase1_Baseline,39
1790100029.120584106,Phase1_Baseline,42
1790100029.187023898,Phase1_Baseline,47
1790100029.258165038,Phase1_Baseline,49
1790100029.316467358,Phase1_Baseline,51
1790100029.387795583,Phase1_Baseline,36
1790100029.476773827,Phase1_Baseline,39
1790100029.546510108,Phase1_Baseline,43
1790100029.629213182,Phase1_Baseline,48
1790100029.704634605,Phase1_Baseline,50
1790100029.844847922,Phase2_Migrated,35
1790100029.932259439,Phase2_Migrated,52
1790100030.036474055,Phase2_Migrated,42
1790100030.131974304,Phase2_Migrated,46
1790100030.232954559,Phase2_Migrated,50
1790100030.331945020,Phase2_Migrated,53
1790100030.428233267,Phase2_Migrated,40
1790100030.523003179,Phase2_Migrated,45
1790100030.594710125,Phase2_Migrated,49
1790100030.677052385,Phase2_Migrated,52
1790100030.760263138,Phase2_Migrated,38
1790100030.847512925,Phase2_Migrated,42
1790100030.943763256,Phase2_Migrated,46
1790100031.048825608,Phase2_Migrated,50
1790100031.110588707,Phase2_Migrated,52
1790100031.191670194,Phase2_Migrated,38
1790100031.264811818,Phase2_Migrated,42
1790100031.361863502,Phase2_Migrated,46
1790100031.457509042,Phase2_Migrated,50
1790100031.549495660,Phase2_Migrated,37
1790100031.636252617,Phase2_Migrated,40
1790100031.732809056,Phase2_Migrated,45
1790100031.828911819,Phase2_Migrated,17
1790100031.921011252,Phase2_Migrated,38
1790100032.019160590,Phase2_Migrated,42
1790100032.109147045,Phase2_Migrated,47
1790100032.201293743,Phase2_Migrated,34
1790100032.295204326,Phase2_Migrated,40
1790100032.392459276,Phase2_Migrated,45
1790100032.483259639,Phase2_Migrated,49
1790100032.577763538,Phase2_Migrated,37
1790100032.675880632,Phase2_Migrated,40
1790100032.773033076,Phase2_Migrated,45
1790100032.866167887,Phase2_Migrated,49
1790100032.964011787,Phase2_Migrated,53
1790100033.053234776,Phase2_Migrated,40
1790100033.146219605,Phase2_Migrated,44
1790100033.223351419,Phase2_Migrated,48
1790100033.320312786,Phase2_Migrated,35
1790100033.410190626,Phase2_Migrated,41
1790100033.503442095,Phase2_Migrated,46
1790100033.592172960,Phase2_Migrated,49
1790100033.673171052,Phase2_Migrated,52
1790100033.760981451,Phase2_Migrated,38
1790100033.849475275,Phase2_Migrated,43
1790100033.939035143,Phase2_Migrated,46
1790100034.035536920,Phase2_Migrated,50
1790100034.130542527,Phase2_Migrated,53
1790100034.206531112,Phase2_Migrated,39
1790100034.301189303,Phase2_Migrated,44
1790100034.391296194,Phase2_Migrated,49
1790100034.475093727,Phase2_Migrated,51
1790100034.557024337,Phase2_Migrated,38
1790100034.634914391,Phase2_Migrated,40
1790100034.692900407,Phase2_Migrated,43
1790100034.764142055,Phase2_Migrated,33
1790100034.821803519,Phase2_Migrated,35
1790100034.911821673,Phase2_Migrated,40
1790100034.986849695,Phase2_Migrated,43
1790100035.059345139,Phase2_Migrated,48
1790100035.158050411,Phase2_Migrated,51
1790100035.256356824,Phase2_Migrated,38
1790100035.352044959,Phase2_Migrated,42
1790100035.445327527,Phase2_Migrated,47
1790100035.527450312,Phase2_Migrated,50
1790100035.624351990,Phase2_Migrated,54
1790100035.720951383,Phase2_Migrated,40
1790100035.809607836,Phase2_Migrated,45
1790100035.905591110,Phase2_Migrated,49
1790100036.006219037,Phase2_Migrated,53
1790100036.088760741,Phase2_Migrated,39
1790100036.171845708,Phase2_Migrated,43
1790100036.255885542,Phase2_Migrated,47
1790100036.329547623,Phase2_Migrated,51
1790100036.428065155,Phase2_Migrated,38
1790100036.522907251,Phase2_Migrated,42
1790100036.610913735,Phase2_Migrated,46
1790100036.694792027,Phase2_Migrated,50
1790100036.780046149,Phase2_Migrated,53
1790100036.864389055,Phase2_Migrated,39
1790100036.961745053,Phase2_Migrated,44
1790100037.060916166,Phase2_Migrated,49
1790100037.156241517,Phase2_Migrated,52
1790100037.252034139,Phase2_Migrated,39
1790100037.348753889,Phase2_Migrated,41
1790100037.439608796,Phase2_Migrated,47
1790100037.533099068,Phase2_Migrated,50
1790100037.620008085,Phase2_Migrated,54
1790100037.716566909,Phase2_Migrated,39
1790100037.809905305,Phase2_Migrated,45
1790100037.903773608,Phase2_Migrated,35
1790100037.997707147,Phase2_Migrated,40
1790100038.077352904,Phase2_Migrated,43
1790100038.159452526,Phase2_Migrated,47
1790100038.238154301,Phase2_Migrated,50
1790100038.309672523,Phase2_Migrated,52
1790100038.381799313,Phase2_Migrated,39
1790100038.456254164,Phase2_Migrated,42
1790100039.128974820,Uninterrupted_Baseline,29
1790100039.208875379,Uninterrupted_Baseline,44
1790100039.274053419,Uninterrupted_Baseline,54
1790100039.356963940,Uninterrupted_Baseline,44
1790100039.444086801,Uninterrupted_Baseline,46
1790100039.509977399,Uninterrupted_Baseline,49
1790100039.583617874,Uninterrupted_Baseline,52
1790100039.664992864,Uninterrupted_Baseline,38
1790100039.740616342,Uninterrupted_Baseline,42
1790100039.815157546,Uninterrupted_Baseline,45
1790100039.898872279,Uninterrupted_Baseline,49
1790100039.975780314,Uninterrupted_Baseline,52
1790100040.061051456,Uninterrupted_Baseline,38
1790100040.134079522,Uninterrupted_Baseline,41
1790100040.212851111,Uninterrupted_Baseline,44
1790100040.296999681,Uninterrupted_Baseline,33
1790100040.379839978,Uninterrupted_Baseline,37
1790100040.456517033,Uninterrupted_Baseline,41
1790100040.538116675,Uninterrupted_Baseline,45
1790100040.609930414,Uninterrupted_Baseline,33
1790100040.677978390,Uninterrupted_Baseline,37
1790100040.768614188,Uninterrupted_Baseline,43
1790100040.852612137,Uninterrupted_Baseline,32
1790100040.932962261,Uninterrupted_Baseline,36
1790100041.012155584,Uninterrupted_Baseline,39
1790100041.098168478,Uninterrupted_Baseline,45
1790100041.179144898,Uninterrupted_Baseline,32
1790100041.259247745,Uninterrupted_Baseline,37
1790100041.331068199,Uninterrupted_Baseline,41
1790100041.416579062,Uninterrupted_Baseline,46
1790100041.497566723,Uninterrupted_Baseline,35
1790100041.584067951,Uninterrupted_Baseline,40
1790100041.664537830,Uninterrupted_Baseline,43
1790100041.749920833,Uninterrupted_Baseline,48
1790100041.835960451,Uninterrupted_Baseline,50
1790100041.922158222,Uninterrupted_Baseline,53
1790100042.002872695,Uninterrupted_Baseline,39
1790100042.087263404,Uninterrupted_Baseline,43
1790100042.171483919,Uninterrupted_Baseline,47
1790100042.251907616,Uninterrupted_Baseline,36
1790100042.333314683,Uninterrupted_Baseline,41
1790100042.413895886,Uninterrupted_Baseline,45
1790100042.500960044,Uninterrupted_Baseline,49
1790100042.583532799,Uninterrupted_Baseline,52
1790100042.668971087,Uninterrupted_Baseline,39
1790100042.750029574,Uninterrupted_Baseline,43
1790100042.829309631,Uninterrupted_Baseline,46
1790100042.904303166,Uninterrupted_Baseline,49
1790100042.985186367,Uninterrupted_Baseline,52
1790100043.070939957,Uninterrupted_Baseline,38
1790100043.156580110,Uninterrupted_Baseline,42
1790100043.240309353,Uninterrupted_Baseline,47
1790100043.327384631,Uninterrupted_Baseline,50
1790100043.416172131,Uninterrupted_Baseline,37
1790100043.502521003,Uninterrupted_Baseline,39
1790100043.591008074,Uninterrupted_Baseline,45
1790100043.676894222,Uninterrupted_Baseline,48
1790100043.760901131,Uninterrupted_Baseline,51
1790100043.843480146,Uninterrupted_Baseline,38
1790100043.927096567,Uninterrupted_Baseline,42
1790100044.013078219,Uninterrupted_Baseline,47
1790100044.095008875,Uninterrupted_Baseline,49
1790100044.182720523,Uninterrupted_Baseline,52
1790100044.267382289,Uninterrupted_Baseline,38
1790100044.347964951,Uninterrupted_Baseline,42
1790100044.430971846,Uninterrupted_Baseline,46
1790100044.514253123,Uninterrupted_Baseline,34
1790100044.600977754,Uninterrupted_Baseline,39
1790100044.685434961,Uninterrupted_Baseline,31
1790100044.763510379,Uninterrupted_Baseline,36
1790100044.847258778,Uninterrupted_Baseline,40
1790100044.918343680,Uninterrupted_Baseline,44
1790100044.979854473,Uninterrupted_Baseline,47
1790100045.048569017,Uninterrupted_Baseline,50
1790100045.125903372,Uninterrupted_Baseline,53
1790100045.200624895,Uninterrupted_Baseline,38
1790100045.263105771,Uninterrupted_Baseline,40
1790100045.341088656,Uninterrupted_Baseline,45
1790100045.418423539,Uninterrupted_Baseline,34
1790100045.497640334,Uninterrupted_Baseline,39
1790100045.584977265,Uninterrupted_Baseline,43
1790100045.666910723,Uninterrupted_Baseline,32
1790100045.754707965,Uninterrupted_Baseline,35
1790100045.807176060,Uninterrupted_Baseline,38
1790100045.876316282,Uninterrupted_Baseline,42
1790100045.958036989,Uninterrupted_Baseline,46
1790100046.046044971,Uninterrupted_Baseline,49
1790100046.134817067,Uninterrupted_Baseline,53
1790100046.218995512,Uninterrupted_Baseline,39
1790100046.300209520,Uninterrupted_Baseline,42
1790100046.387996554,Uninterrupted_Baseline,47
1790100046.459623609,Uninterrupted_Baseline,49
1790100046.541448259,Uninterrupted_Baseline,37
1790100046.625499548,Uninterrupted_Baseline,40
1790100046.703577740,Uninterrupted_Baseline,45
1790100046.772709844,Uninterrupted_Baseline,48
1790100046.852041329,Uninterrupted_Baseline,50
1790100046.932965186,Uninterrupted_Baseline,37
1790100047.019913648,Uninterrupted_Baseline,41
1790100047.097814684,Uninterrupted_Baseline,45
1790100047.178121328,Uninterrupted_Baseline,49
1790100047.256832751,Uninterrupted_Baseline,52
1790100047.333680304,Uninterrupted_Baseline,37
1790100047.407931788,Uninterrupted_Baseline,41
1790100047.497962911,Uninterrupted_Baseline,44
1790100047.585176805,Uninterrupted_Baseline,48
1790100047.676321132,Uninterrupted_Baseline,52
1790100047.754961735,Uninterrupted_Baseline,39
1790100047.843262657,Uninterrupted_Baseline,43
1790100047.928765630,Uninterrupted_Baseline,48
1790100048.011028713,Uninterrupted_Baseline,49
1790100048.065528027,Uninterrupted_Baseline,52
1790100048.145675023,Uninterrupted_Baseline,37
1790100048.219255229,Uninterrupted_Baseline,39
1790100048.284681596,Uninterrupted_Baseline,42
1790100048.351898150,Uninterrupted_Baseline,46
1790100048.433080120,Uninterrupted_Baseline,50
1790100048.482715762,Uninterrupted_Baseline,51
1790100048.536613605,Uninterrupted_Baseline,37
1790100048.594888825,Uninterrupted_Baseline,39
1790100048.658970278,Uninterrupted_Baseline,42
1790100048.736799835,Uninterrupted_Baseline,46
1790100048.816610445,Uninterrupted_Baseline,50
1790100048.894543785,Uninterrupted_Baseline,53
1790100048.966940634,Uninterrupted_Baseline,38
1790100049.032280764,Uninterrupted_Baseline,40
1790100049.110879969,Uninterrupted_Baseline,45
1790100049.177302984,Uninterrupted_Baseline,47
1790100049.250353345,Uninterrupted_Baseline,36
1790100049.338755211,Uninterrupted_Baseline,26
1790100049.432150569,Uninterrupted_Baseline,33
1790100049.528295514,Uninterrupted_Baseline,39
1790100049.608896726,Uninterrupted_Baseline,44
1790100049.694988790,Uninterrupted_Baseline,47
1790100049.762703399,Uninterrupted_Baseline,35
1790100049.843503903,Uninterrupted_Baseline,40
1790100049.925938833,Uninterrupted_Baseline,43
1790100050.004503944,Uninterrupted_Baseline,33
1790100050.090444909,Uninterrupted_Baseline,37
1790100050.175290319,Uninterrupted_Baseline,42
1790100050.263822577,Uninterrupted_Baseline,46
1790100050.340297507,Uninterrupted_Baseline,50
1790100050.423547108,Uninterrupted_Baseline,37
1790100050.493938174,Uninterrupted_Baseline,41
1790100050.575044509,Uninterrupted_Baseline,45
1790100050.663175138,Uninterrupted_Baseline,34
1790100050.750129220,Uninterrupted_Baseline,41
1790100050.840576939,Uninterrupted_Baseline,45
1790100050.924937238,Uninterrupted_Baseline,48
1790100051.007757827,Uninterrupted_Baseline,51
1790100051.085820949,Uninterrupted_Baseline,39
1790100051.165100553,Uninterrupted_Baseline,42
1790100051.251147906,Uninterrupted_Baseline,47
1790100051.325892789,Uninterrupted_Baseline,35
1790100051.409260915,Uninterrupted_Baseline,40
1790100051.492773515,Uninterrupted_Baseline,45
1790100051.576794335,Uninterrupted_Baseline,49
1790100051.659879487,Uninterrupted_Baseline,52
1790100051.739722308,Uninterrupted_Baseline,55
1790100051.820268438,Uninterrupted_Baseline,40
1790100051.900363451,Uninterrupted_Baseline,44
1790100051.974500849,Uninterrupted_Baseline,47
1790100052.058070950,Uninterrupted_Baseline,35
1790100052.143578343,Uninterrupted_Baseline,40
1790100052.222361457,Uninterrupted_Baseline,44
1790100052.309077618,Uninterrupted_Baseline,48
1790100052.388863290,Uninterrupted_Baseline,51
1790100052.464864552,Uninterrupted_Baseline,53
1790100052.527924935,Uninterrupted_Baseline,39
1790100052.606755966,Uninterrupted_Baseline,42
1790100052.684562652,Uninterrupted_Baseline,47
1790100052.769054280,Uninterrupted_Baseline,34
1790100052.852364228,Uninterrupted_Baseline,37
1790100052.931851325,Uninterrupted_Baseline,41
1790100053.022557840,Uninterrupted_Baseline,45
1790100053.090117874,Uninterrupted_Baseline,34
1790100053.166126402,Uninterrupted_Baseline,38
1790100053.239400387,Uninterrupted_Baseline,42
1790100053.313277359,Uninterrupted_Baseline,45
1790100053.395177015,Uninterrupted_Baseline,33
1790100053.470767711,Uninterrupted_Baseline,37
1790100053.554992623,Uninterrupted_Baseline,40
1790100053.644636157,Uninterrupted_Baseline,45
1790100053.727994249,Uninterrupted_Baseline,35
1790100053.816271554,Uninterrupted_Baseline,39
1790100053.902627372,Uninterrupted_Baseline,43
1790100053.985891531,Uninterrupted_Baseline,48
1790100054.051909210,Uninterrupted_Baseline,36
1790100054.129620421,Uninterrupted_Baseline,39
1790100054.214533275,Uninterrupted_Baseline,44
1790100054.301345850,Uninterrupted_Baseline,48
1790100054.390762561,Uninterrupted_Baseline,51
1790100054.477044340,Uninterrupted_Baseline,38
1790100054.558160455,Uninterrupted_Baseline,42
1790100054.641329171,Uninterrupted_Baseline,46
1790100054.725334689,Uninterrupted_Baseline,50
1790100054.808313915,Uninterrupted_Baseline,53
1790100054.886159629,Uninterrupted_Baseline,38
1790100054.966010866,Uninterrupted_Baseline,42
1790100055.037920965,Uninterrupted_Baseline,47
1790100055.125032595,Uninterrupted_Baseline,48
1790100055.178797694,Uninterrupted_Baseline,50
1790100055.229491983,Uninterrupted_Baseline,53
1790100055.302177899,Uninterrupted_Baseline,38
1790100055.381014054,Uninterrupted_Baseline,41
1790100055.458694982,Uninterrupted_Baseline,44
1790100055.534942774,Uninterrupted_Baseline,48
1790100055.605467906,Uninterrupted_Baseline,51
1790100055.689149172,Uninterrupted_Baseline,54
1790100055.767690183,Uninterrupted_Baseline,38
1790100055.851346829,Uninterrupted_Baseline,42
1790100055.935006442,Uninterrupted_Baseline,47
1790100056.025548388,Uninterrupted_Baseline,50
1790100056.109228980,Uninterrupted_Baseline,52
1790100056.191075429,Uninterrupted_Baseline,38
1790100056.270616265,Uninterrupted_Baseline,41
1790100056.348188633,Uninterrupted_Baseline,46
1790100056.415322607,Uninterrupted_Baseline,48
1790100056.503759758,Uninterrupted_Baseline,51
1790100056.590627010,Uninterrupted_Baseline,36
1790100065.059498740,Phase1_Baseline,27
1790100065.126272965,Phase1_Baseline,36
1790100065.178910066,Phase1_Baseline,48
1790100065.246376828,Phase1_Baseline,60
1790100065.309742237,Phase1_Baseline,69
1790100065.390627746,Phase1_Baseline,86
1790100065.475110994,Phase1_Baseline,66
1790100065.550266092,Phase1_Baseline,68
1790100065.628223091,Phase1_Baseline,48
1790100065.719152806,Phase1_Baseline,50
1790100065.786759142,Phase1_Baseline,37
1790100065.856334168,Phase1_Baseline,39
1790100065.941230681,Phase1_Baseline,45
1790100066.016244763,Phase1_Baseline,47
1790100066.091074937,Phase1_Baseline,50
1790100066.156156295,Phase1_Baseline,53
1790100066.225531870,Phase1_Baseline,39
1790100066.308331501,Phase1_Baseline,42
1790100066.385821242,Phase1_Baseline,46
1790100066.468816586,Phase1_Baseline,50
1790100066.547958658,Phase1_Baseline,36
1790100066.629813378,Phase1_Baseline,40
1790100066.706752356,Phase1_Baseline,43
1790100066.788307706,Phase1_Baseline,48
1790100066.867076907,Phase1_Baseline,50
1790100066.951890674,Phase1_Baseline,37
1790100067.022757224,Phase1_Baseline,39
1790100067.089949672,Phase1_Baseline,43
1790100067.177090822,Phase1_Baseline,47
1790100067.234345968,Phase1_Baseline,49
1790100067.311047238,Phase1_Baseline,51
1790100067.396743286,Phase1_Baseline,38
1790100067.475916289,Phase1_Baseline,42
1790100067.544048579,Phase1_Baseline,45
1790100067.624863938,Phase1_Baseline,49
1790100067.714233433,Phase1_Baseline,52
1790100067.792045801,Phase1_Baseline,38
1790100067.876500529,Phase1_Baseline,43
1790100067.962342885,Phase1_Baseline,47
1790100068.033851320,Phase1_Baseline,50
1790100068.088374250,Phase1_Baseline,51
1790100068.157508635,Phase1_Baseline,36
1790100068.232520160,Phase1_Baseline,39
1790100068.295791214,Phase1_Baseline,43
1790100068.380326825,Phase1_Baseline,46
1790100068.437899037,Phase1_Baseline,49
1790100068.489738920,Phase1_Baseline,51
1790100068.546582106,Phase1_Baseline,53
1790100068.607004514,Phase1_Baseline,38
1790100068.668239719,Phase1_Baseline,40
1790100068.739798012,Phase1_Baseline,45
1790100068.818019075,Phase1_Baseline,48
1790100068.903892522,Phase1_Baseline,50
1790100068.985530322,Phase1_Baseline,38
1790100069.064384614,Phase1_Baseline,41
1790100069.131056076,Phase1_Baseline,44
1790100069.213081820,Phase1_Baseline,48
1790100069.294843182,Phase1_Baseline,51
1790100069.376854414,Phase1_Baseline,37
1790100069.460232907,Phase1_Baseline,40
1790100069.543510839,Phase1_Baseline,44
1790100069.630680989,Phase1_Baseline,49
1790100069.714869540,Phase1_Baseline,52
1790100069.799869810,Phase1_Baseline,38
1790100069.879129324,Phase1_Baseline,41
1790100069.946169534,Phase1_Baseline,44
1790100070.024462997,Phase1_Baseline,48
1790100070.107755835,Phase1_Baseline,51
1790100070.169119084,Phase1_Baseline,53
1790100070.245360960,Phase1_Baseline,38
1790100070.320566342,Phase1_Baseline,41
1790100070.410258383,Phase1_Baseline,46
1790100070.491911921,Phase1_Baseline,49
1790100070.557558241,Phase1_Baseline,51
1790100070.637365381,Phase1_Baseline,54
1790100070.725510190,Phase1_Baseline,39
1790100070.804178422,Phase1_Baseline,44
1790100070.888858344,Phase1_Baseline,48
1790100070.964597890,Phase1_Baseline,50
1790100071.041904771,Phase1_Baseline,53
1790100071.116642276,Phase1_Baseline,39
1790100071.196725924,Phase1_Baseline,43
1790100071.278774344,Phase1_Baseline,46
1790100071.340458893,Phase1_Baseline,35
1790100071.411764847,Phase1_Baseline,38
1790100071.491260213,Phase1_Baseline,42
1790100071.568533848,Phase1_Baseline,46
1790100071.652604423,Phase1_Baseline,50
1790100071.739952064,Phase1_Baseline,53
1790100071.832969705,Phase1_Baseline,39
1790100071.922105783,Phase1_Baseline,44
1790100072.013775857,Phase1_Baseline,48
1790100072.104576361,Phase1_Baseline,50
1790100072.172070558,Phase1_Baseline,53
1790100072.251916743,Phase1_Baseline,39
1790100072.332919978,Phase1_Baseline,42
1790100072.404474979,Phase1_Baseline,46
1790100072.492076928,Phase1_Baseline,49
1790100072.576079563,Phase1_Baseline,53
1790100072.659777784,Phase1_Baseline,39
1790100072.738818496,Phase1_Baseline,43
1790100072.824244415,Phase1_Baseline,48
1790100072.901056810,Phase1_Baseline,51
1790100072.982746534,Phase1_Baseline,53
1790100073.061114651,Phase1_Baseline,39
1790100073.141486885,Phase1_Baseline,44
1790100073.220750064,Phase1_Baseline,47
1790100073.286265807,Phase1_Baseline,50
1790100073.363554683,Phase1_Baseline,53
1790100073.445846051,Phase1_Baseline,39
1790100073.522115027,Phase1_Baseline,43
1790100073.603225273,Phase1_Baseline,46
1790100073.689218378,Phase1_Baseline,51
1790100073.773333924,Phase1_Baseline,37
1790100073.854622572,Phase1_Baseline,40
1790100074.033190226,Phase2_Migrated,41
1790100074.127431877,Phase2_Migrated,58
1790100074.219103895,Phase2_Migrated,42
1790100074.312774933,Phase2_Migrated,46
1790100074.410363054,Phase2_Migrated,50
1790100074.506075567,Phase2_Migrated,53
1790100074.599984867,Phase2_Migrated,40
1790100074.692835075,Phase2_Migrated,45
1790100074.788232746,Phase2_Migrated,33
1790100074.858951619,Phase2_Migrated,37
1790100074.925528594,Phase2_Migrated,40
1790100075.015923220,Phase2_Migrated,45
1790100075.110518444,Phase2_Migrated,49
1790100075.206296048,Phase2_Migrated,36
1790100075.298340789,Phase2_Migrated,41
1790100075.390541422,Phase2_Migrated,46
1790100075.481436128,Phase2_Migrated,49
1790100075.560184535,Phase2_Migrated,52
1790100075.653053186,Phase2_Migrated,39
1790100075.734555520,Phase2_Migrated,43
1790100075.829509575,Phase2_Migrated,47
1790100075.923253353,Phase2_Migrated,51
1790100076.019390833,Phase2_Migrated,39
1790100076.105191824,Phase2_Migrated,43
1790100076.199061058,Phase2_Migrated,49
1790100076.299329057,Phase2_Migrated,51
1790100076.368458285,Phase2_Migrated,55
1790100076.451360175,Phase2_Migrated,40
1790100076.539106753,Phase2_Migrated,45
1790100076.637892579,Phase2_Migrated,33
1790100076.721837910,Phase2_Migrated,38
1790100076.802535907,Phase2_Migrated,42
1790100076.903916533,Phase2_Migrated,47
1790100076.978900253,Phase2_Migrated,50
1790100077.063950689,Phase2_Migrated,37
1790100077.161301820,Phase2_Migrated,39
1790100077.244153055,Phase2_Migrated,45
1790100077.332298370,Phase2_Migrated,48
1790100077.418888394,Phase2_Migrated,51
1790100077.512034401,Phase2_Migrated,36
1790100077.601550261,Phase2_Migrated,41
1790100077.690767345,Phase2_Migrated,45
1790100077.784008662,Phase2_Migrated,49
1790100077.874194853,Phase2_Migrated,37
1790100077.968011239,Phase2_Migrated,41
1790100078.060061763,Phase2_Migrated,45
1790100078.156855545,Phase2_Migrated,49
1790100078.258006436,Phase2_Migrated,53
1790100078.350218920,Phase2_Migrated,39
1790100078.426553795,Phase2_Migrated,42
1790100078.488183717,Phase2_Migrated,45
1790100078.565396505,Phase2_Migrated,12
1790100078.646386053,Phase2_Migrated,37
1790100078.735400540,Phase2_Migrated,42
1790100078.831582526,Phase2_Migrated,47
1790100078.924357843,Phase2_Migrated,50
1790100079.020229730,Phase2_Migrated,37
1790100079.091226907,Phase2_Migrated,39
1790100079.172703875,Phase2_Migrated,44
1790100079.246735006,Phase2_Migrated,47
1790100079.334610680,Phase2_Migrated,51
1790100079.413846954,Phase2_Migrated,55
1790100079.499332119,Phase2_Migrated,40
1790100079.586588157,Phase2_Migrated,45
1790100079.678283385,Phase2_Migrated,35
1790100079.767741301,Phase2_Migrated,40
1790100079.858442895,Phase2_Migrated,45
1790100079.954993004,Phase2_Migrated,49
1790100080.058233142,Phase2_Migrated,53
1790100080.156033347,Phase2_Migrated,39
1790100080.246179887,Phase2_Migrated,44
1790100080.345212303,Phase2_Migrated,49
1790100080.439388305,Phase2_Migrated,52
1790100080.533245859,Phase2_Migrated,39
1790100080.628546905,Phase2_Migrated,44
1790100080.726497163,Phase2_Migrated,48
1790100080.827007054,Phase2_Migrated,50
1790100080.924696511,Phase2_Migrated,38
1790100081.025255668,Phase2_Migrated,42
1790100081.124309359,Phase2_Migrated,48
1790100081.220819044,Phase2_Migrated,52
1790100081.310877177,Phase2_Migrated,38
1790100081.378333957,Phase2_Migrated,41
1790100081.473092200,Phase2_Migrated,46
1790100081.565038035,Phase2_Migrated,49
1790100081.655591092,Phase2_Migrated,37
1790100081.749455611,Phase2_Migrated,41
1790100081.849993022,Phase2_Migrated,46
1790100081.950958994,Phase2_Migrated,50
1790100082.041844270,Phase2_Migrated,37
1790100082.132939846,Phase2_Migrated,40
1790100082.218830854,Phase2_Migrated,45
1790100082.312460821,Phase2_Migrated,49
1790100082.411724091,Phase2_Migrated,53
1790100082.512117791,Phase2_Migrated,39
1790100083.263285646,Uninterrupted_Baseline,27
1790100083.344588294,Uninterrupted_Baseline,42
1790100083.416268616,Uninterrupted_Baseline,56
1790100083.499967670,Uninterrupted_Baseline,42
1790100083.582623747,Uninterrupted_Baseline,46
1790100083.667938001,Uninterrupted_Baseline,34
1790100083.751375398,Uninterrupted_Baseline,39
1790100083.839091433,Uninterrupted_Baseline,42
1790100083.919983824,Uninterrupted_Baseline,46
1790100084.002085628,Uninterrupted_Baseline,48
1790100084.087003388,Uninterrupted_Baseline,51
1790100084.177558105,Uninterrupted_Baseline,38
1790100084.241765422,Uninterrupted_Baseline,41
1790100084.312914086,Uninterrupted_Baseline,44
1790100084.386236552,Uninterrupted_Baseline,48
1790100084.453726940,Uninterrupted_Baseline,52
1790100084.529462623,Uninterrupted_Baseline,53
1790100084.600529802,Uninterrupted_Baseline,39
1790100084.693552072,Uninterrupted_Baseline,44
1790100084.780402215,Uninterrupted_Baseline,47
1790100084.866260377,Uninterrupted_Baseline,51
1790100084.964102922,Uninterrupted_Baseline,37
1790100085.022551195,Uninterrupted_Baseline,39
1790100085.091969120,Uninterrupted_Baseline,42
1790100085.178745727,Uninterrupted_Baseline,46
1790100085.245935322,Uninterrupted_Baseline,49
1790100085.327745115,Uninterrupted_Baseline,52
1790100085.411148278,Uninterrupted_Baseline,38
1790100085.503481948,Uninterrupted_Baseline,42
1790100085.591621938,Uninterrupted_Baseline,47
1790100085.672829181,Uninterrupted_Baseline,50
1790100085.758147868,Uninterrupted_Baseline,53
1790100085.838225275,Uninterrupted_Baseline,39
1790100085.911146794,Uninterrupted_Baseline,43
1790100085.983970438,Uninterrupted_Baseline,47
1790100086.053748652,Uninterrupted_Baseline,50
1790100086.143371569,Uninterrupted_Baseline,53
1790100086.230281967,Uninterrupted_Baseline,39
1790100086.296537610,Uninterrupted_Baseline,42
1790100086.369101549,Uninterrupted_Baseline,45
1790100086.433764822,Uninterrupted_Baseline,48
1790100086.513845163,Uninterrupted_Baseline,51
1790100086.592703772,Uninterrupted_Baseline,38
1790100086.673731138,Uninterrupted_Baseline,40
1790100086.750135210,Uninterrupted_Baseline,45
1790100086.834123551,Uninterrupted_Baseline,49
1790100086.914039171,Uninterrupted_Baseline,51
1790100086.999962649,Uninterrupted_Baseline,38
1790100087.080488635,Uninterrupted_Baseline,41
1790100087.156572100,Uninterrupted_Baseline,45
1790100087.244187499,Uninterrupted_Baseline,48
1790100087.321905709,Uninterrupted_Baseline,50
1790100087.397101626,Uninterrupted_Baseline,54
1790100087.479460764,Uninterrupted_Baseline,39
1790100087.566908197,Uninterrupted_Baseline,44
1790100087.656685077,Uninterrupted_Baseline,48
1790100087.742130455,Uninterrupted_Baseline,50
1790100087.826854546,Uninterrupted_Baseline,36
1790100087.912373126,Uninterrupted_Baseline,39
1790100087.977811442,Uninterrupted_Baseline,43
1790100088.041580082,Uninterrupted_Baseline,46
1790100088.118732136,Uninterrupted_Baseline,50
1790100088.188863656,Uninterrupted_Baseline,52
1790100088.249356059,Uninterrupted_Baseline,36
1790100088.303194877,Uninterrupted_Baseline,39
1790100088.371879677,Uninterrupted_Baseline,42
1790100088.430747843,Uninterrupted_Baseline,44
1790100088.489783686,Uninterrupted_Baseline,48
1790100088.548101741,Uninterrupted_Baseline,50
1790100088.609925762,Uninterrupted_Baseline,52
1790100088.678807678,Uninterrupted_Baseline,38
1790100088.757276014,Uninterrupted_Baseline,41
1790100088.838823427,Uninterrupted_Baseline,46
1790100088.916746653,Uninterrupted_Baseline,48
1790100088.992613476,Uninterrupted_Baseline,51
1790100089.075976824,Uninterrupted_Baseline,54
1790100089.153568318,Uninterrupted_Baseline,39
1790100089.211746711,Uninterrupted_Baseline,41
1790100089.277998937,Uninterrupted_Baseline,45
1790100089.339373876,Uninterrupted_Baseline,33
1790100089.422094745,Uninterrupted_Baseline,37
1790100089.504570591,Uninterrupted_Baseline,41
1790100089.584068827,Uninterrupted_Baseline,45
1790100089.653216906,Uninterrupted_Baseline,33
1790100089.726817461,Uninterrupted_Baseline,36
1790100089.816248575,Uninterrupted_Baseline,41
1790100089.900802750,Uninterrupted_Baseline,45
1790100089.988510133,Uninterrupted_Baseline,33
1790100090.052234635,Uninterrupted_Baseline,36
1790100090.116934821,Uninterrupted_Baseline,39
1790100090.187968261,Uninterrupted_Baseline,44
1790100090.255157946,Uninterrupted_Baseline,46
1790100090.333192478,Uninterrupted_Baseline,49
1790100090.411296678,Uninterrupted_Baseline,52
1790100090.494102522,Uninterrupted_Baseline,38
1790100090.575625802,Uninterrupted_Baseline,42
1790100090.645252071,Uninterrupted_Baseline,46
1790100090.725315133,Uninterrupted_Baseline,49
1790100090.809939308,Uninterrupted_Baseline,52
1790100090.895379512,Uninterrupted_Baseline,38
1790100090.975343874,Uninterrupted_Baseline,42
1790100091.056818428,Uninterrupted_Baseline,46
1790100091.137633116,Uninterrupted_Baseline,50
1790100091.222127437,Uninterrupted_Baseline,53
1790100091.287710102,Uninterrupted_Baseline,38
1790100091.369402433,Uninterrupted_Baseline,42
1790100091.451819425,Uninterrupted_Baseline,46
1790100091.535635892,Uninterrupted_Baseline,49
1790100091.616139208,Uninterrupted_Baseline,53
1790100091.697256260,Uninterrupted_Baseline,40
1790100091.777133197,Uninterrupted_Baseline,43
1790100091.853604878,Uninterrupted_Baseline,46
1790100091.926967627,Uninterrupted_Baseline,49
1790100092.014868779,Uninterrupted_Baseline,52
1790100092.087235539,Uninterrupted_Baseline,38
1790100092.155799447,Uninterrupted_Baseline,41
1790100092.229714016,Uninterrupted_Baseline,44
1790100092.313174838,Uninterrupted_Baseline,48
1790100092.371577570,Uninterrupted_Baseline,51
1790100092.453281479,Uninterrupted_Baseline,36
1790100092.526250994,Uninterrupted_Baseline,40
1790100092.587797057,Uninterrupted_Baseline,43
1790100092.662788999,Uninterrupted_Baseline,48
1790100092.735920864,Uninterrupted_Baseline,49
1790100092.805224865,Uninterrupted_Baseline,52
1790100092.885265080,Uninterrupted_Baseline,38
1790100092.952089563,Uninterrupted_Baseline,42
1790100093.037056961,Uninterrupted_Baseline,46
1790100093.127441968,Uninterrupted_Baseline,51
1790100093.202092389,Uninterrupted_Baseline,54
1790100093.283366692,Uninterrupted_Baseline,39
1790100093.363405490,Uninterrupted_Baseline,44
1790100093.447175548,Uninterrupted_Baseline,47
1790100093.532276331,Uninterrupted_Baseline,50
1790100093.618890442,Uninterrupted_Baseline,53
1790100093.702735354,Uninterrupted_Baseline,39
1790100093.786059234,Uninterrupted_Baseline,44
1790100093.856949128,Uninterrupted_Baseline,48
1790100093.946104668,Uninterrupted_Baseline,51
1790100094.025370017,Uninterrupted_Baseline,37
1790100094.108946082,Uninterrupted_Baseline,40
1790100094.184927455,Uninterrupted_Baseline,45
1790100094.266716059,Uninterrupted_Baseline,48
1790100094.354396539,Uninterrupted_Baseline,51
1790100094.442265402,Uninterrupted_Baseline,38
1790100094.527333220,Uninterrupted_Baseline,42
1790100094.613026802,Uninterrupted_Baseline,46
1790100094.696018567,Uninterrupted_Baseline,50
1790100094.781347187,Uninterrupted_Baseline,53
1790100094.858771327,Uninterrupted_Baseline,39
1790100094.919534178,Uninterrupted_Baseline,41
1790100094.974004625,Uninterrupted_Baseline,44
1790100095.026114701,Uninterrupted_Baseline,46
1790100095.084406694,Uninterrupted_Baseline,49
1790100095.149787898,Uninterrupted_Baseline,36
1790100095.220906089,Uninterrupted_Baseline,40
1790100095.299119020,Uninterrupted_Baseline,45
1790100095.385409314,Uninterrupted_Baseline,48
1790100095.474826943,Uninterrupted_Baseline,51
1790100095.566324224,Uninterrupted_Baseline,37
1790100095.651214527,Uninterrupted_Baseline,41
1790100095.726698667,Uninterrupted_Baseline,43
1790100095.800846252,Uninterrupted_Baseline,48
1790100095.885824755,Uninterrupted_Baseline,51
1790100095.970909326,Uninterrupted_Baseline,38
1790100096.052970160,Uninterrupted_Baseline,42
1790100096.140033672,Uninterrupted_Baseline,47
1790100096.220523033,Uninterrupted_Baseline,49
1790100096.297476261,Uninterrupted_Baseline,52
1790100096.382144341,Uninterrupted_Baseline,39
1790100096.463706333,Uninterrupted_Baseline,42
1790100096.544519484,Uninterrupted_Baseline,47
1790100096.625999881,Uninterrupted_Baseline,51
1790100096.681698942,Uninterrupted_Baseline,52
1790100096.756531626,Uninterrupted_Baseline,38
1790100096.838672939,Uninterrupted_Baseline,42
1790100096.923783498,Uninterrupted_Baseline,46
1790100096.996256894,Uninterrupted_Baseline,49
1790100097.077618874,Uninterrupted_Baseline,53
1790100097.165076691,Uninterrupted_Baseline,39
1790100097.250056234,Uninterrupted_Baseline,42
1790100097.319254790,Uninterrupted_Baseline,45
1790100097.402378957,Uninterrupted_Baseline,33
1790100097.492682315,Uninterrupted_Baseline,38
1790100097.578474223,Uninterrupted_Baseline,44
1790100097.668747942,Uninterrupted_Baseline,47
1790100097.755933912,Uninterrupted_Baseline,36
1790100097.848085030,Uninterrupted_Baseline,41
1790100097.928704207,Uninterrupted_Baseline,46
1790100098.018132819,Uninterrupted_Baseline,34
1790100098.105506271,Uninterrupted_Baseline,37
1790100098.173312284,Uninterrupted_Baseline,41
1790100098.243541559,Uninterrupted_Baseline,44
1790100098.300015564,Uninterrupted_Baseline,48
1790100098.363782895,Uninterrupted_Baseline,50
1790100098.432574446,Uninterrupted_Baseline,37
1790100098.489714257,Uninterrupted_Baseline,39
1790100098.555714164,Uninterrupted_Baseline,42
1790100098.614129359,Uninterrupted_Baseline,44
1790100098.679120177,Uninterrupted_Baseline,49
1790100098.753159602,Uninterrupted_Baseline,52
1790100098.828530719,Uninterrupted_Baseline,38
1790100098.922162177,Uninterrupted_Baseline,42
1790100099.006708618,Uninterrupted_Baseline,45
1790100099.075721848,Uninterrupted_Baseline,49
1790100099.159715143,Uninterrupted_Baseline,52
1790100099.233492333,Uninterrupted_Baseline,38
1790100099.320604355,Uninterrupted_Baseline,42
1790100099.401988470,Uninterrupted_Baseline,47
1790100099.486006215,Uninterrupted_Baseline,35
1790100099.568158493,Uninterrupted_Baseline,39
1790100099.647249865,Uninterrupted_Baseline,44
1790100099.728597936,Uninterrupted_Baseline,32
1790100099.811836349,Uninterrupted_Baseline,36
1790100099.895098765,Uninterrupted_Baseline,40
1790100099.964631494,Uninterrupted_Baseline,44
1790100100.032443700,Uninterrupted_Baseline,33
1790100100.101808534,Uninterrupted_Baseline,34
1790100100.171108146,Uninterrupted_Baseline,40
1790100100.257968644,Uninterrupted_Baseline,43
1790100100.327052655,Uninterrupted_Baseline,32
1790100100.403910875,Uninterrupted_Baseline,36
1790100100.485871886,Uninterrupted_Baseline,40
1790100100.554136321,Uninterrupted_Baseline,43
1790100100.631227744,Uninterrupted_Baseline,33
1790100100.714076969,Uninterrupted_Baseline,37
1790100109.024513763,Phase1_Baseline,20
1790100109.100946435,Phase1_Baseline,40
1790100109.160905812,Phase1_Baseline,50
1790100109.215031094,Phase1_Baseline,59
1790100109.283960042,Phase1_Baseline,46
1790100109.363765688,Phase1_Baseline,48
1790100109.445898240,Phase1_Baseline,50
1790100109.533497139,Phase1_Baseline,37
1790100109.618747967,Phase1_Baseline,40
1790100109.698411856,Phase1_Baseline,45
1790100109.756722511,Phase1_Baseline,48
1790100109.833623669,Phase1_Baseline,50
1790100109.920515784,Phase1_Baseline,53
1790100110.003109502,Phase1_Baseline,39
1790100110.080644357,Phase1_Baseline,44
1790100110.156888649,Phase1_Baseline,47
1790100110.244700673,Phase1_Baseline,51
1790100110.315212785,Phase1_Baseline,53
1790100110.377106523,Phase1_Baseline,39
1790100110.434737765,Phase1_Baseline,42
1790100110.515365816,Phase1_Baseline,45
1790100110.592236253,Phase1_Baseline,49
1790100110.675022777,Phase1_Baseline,52
1790100110.758170888,Phase1_Baseline,38
1790100110.829561877,Phase1_Baseline,40
1790100110.884146022,Phase1_Baseline,44
1790100110.961754427,Phase1_Baseline,48
1790100111.032120577,Phase1_Baseline,50
1790100111.120774445,Phase1_Baseline,53
1790100111.191311493,Phase1_Baseline,39
1790100111.271560540,Phase1_Baseline,43
1790100111.331350810,Phase1_Baseline,47
1790100111.407685149,Phase1_Baseline,49
1790100111.492227790,Phase1_Baseline,52
1790100111.563034117,Phase1_Baseline,38
1790100111.645899337,Phase1_Baseline,42
1790100111.728561634,Phase1_Baseline,46
1790100111.812945088,Phase1_Baseline,49
1790100111.875817702,Phase1_Baseline,52
1790100111.962850165,Phase1_Baseline,38
1790100112.048369868,Phase1_Baseline,42
1790100112.123263549,Phase1_Baseline,46
1790100112.210591176,Phase1_Baseline,50
1790100112.285710259,Phase1_Baseline,52
1790100112.352249069,Phase1_Baseline,39
1790100112.425829080,Phase1_Baseline,42
1790100112.507924877,Phase1_Baseline,46
1790100112.571523478,Phase1_Baseline,49
1790100112.640163918,Phase1_Baseline,52
1790100112.717687464,Phase1_Baseline,37
1790100112.797803282,Phase1_Baseline,40
1790100112.880379198,Phase1_Baseline,44
1790100112.967982321,Phase1_Baseline,48
1790100113.048839331,Phase1_Baseline,50
1790100113.124446563,Phase1_Baseline,37
1790100113.197968790,Phase1_Baseline,40
1790100113.281224443,Phase1_Baseline,44
1790100113.348967692,Phase1_Baseline,48
1790100113.433916720,Phase1_Baseline,51
1790100113.517183895,Phase1_Baseline,37
1790100113.592009047,Phase1_Baseline,40
1790100113.672949282,Phase1_Baseline,44
1790100113.762533501,Phase1_Baseline,48
1790100113.851061122,Phase1_Baseline,50
1790100113.934224881,Phase1_Baseline,37
1790100114.016552120,Phase1_Baseline,41
1790100114.104100951,Phase1_Baseline,45
1790100114.195211497,Phase1_Baseline,49
1790100114.281624543,Phase1_Baseline,53
1790100114.369985461,Phase1_Baseline,39
1790100114.456976864,Phase1_Baseline,44
1790100114.543345761,Phase1_Baseline,48
1790100114.621207123,Phase1_Baseline,50
1790100114.684962579,Phase1_Baseline,53
1790100114.745974583,Phase1_Baseline,39
1790100114.815069261,Phase1_Baseline,41
1790100114.878058094,Phase1_Baseline,45
1790100114.948928649,Phase1_Baseline,34
1790100115.017757083,Phase1_Baseline,35
1790100115.082057705,Phase1_Baseline,41
1790100115.166352486,Phase1_Baseline,44
1790100115.246029125,Phase1_Baseline,48
1790100115.331260756,Phase1_Baseline,51
1790100115.423966552,Phase1_Baseline,38
1790100115.506956975,Phase1_Baseline,41
1790100115.571551131,Phase1_Baseline,44
1790100115.650125768,Phase1_Baseline,48
1790100115.732091308,Phase1_Baseline,51
1790100115.800636202,Phase1_Baseline,53
1790100115.886371715,Phase1_Baseline,39
1790100115.963221036,Phase1_Baseline,43
1790100116.054248477,Phase1_Baseline,47
1790100116.148546005,Phase1_Baseline,51
1790100116.235050364,Phase1_Baseline,38
1790100116.311407844,Phase1_Baseline,40
1790100116.381468569,Phase1_Baseline,44
1790100116.442386803,Phase1_Baseline,48
1790100116.527016953,Phase1_Baseline,35
1790100116.615563094,Phase1_Baseline,39
1790100116.690570712,Phase1_Baseline,44
1790100116.769818568,Phase1_Baseline,48
1790100116.859577222,Phase1_Baseline,52
1790100116.945503702,Phase1_Baseline,38
1790100117.026965686,Phase1_Baseline,42
1790100117.116347653,Phase1_Baseline,47
1790100117.202626709,Phase1_Baseline,51
1790100117.283177032,Phase1_Baseline,37
1790100117.367893934,Phase1_Baseline,40
1790100117.454014570,Phase1_Baseline,45
1790100117.537153920,Phase1_Baseline,34
1790100117.623056904,Phase1_Baseline,39
1790100117.695213527,Phase1_Baseline,43
1790100117.780746812,Phase1_Baseline,47
1790100117.854611844,Phase1_Baseline,34
1790100117.943571407,Phase2_Migrated,28
1790100118.030076256,Phase2_Migrated,44
1790100118.115486392,Phase2_Migrated,61
1790100118.189905997,Phase2_Migrated,77
1790100118.276387733,Phase2_Migrated,58
1790100118.351863902,Phase2_Migrated,41
1790100118.424978600,Phase2_Migrated,43
1790100118.488847366,Phase2_Migrated,47
1790100118.560578445,Phase2_Migrated,49
1790100118.630572342,Phase2_Migrated,52
1790100118.713219069,Phase2_Migrated,38
1790100118.805548224,Phase2_Migrated,42
1790100118.895012560,Phase2_Migrated,47
1790100118.994393085,Phase2_Migrated,51
1790100119.089148098,Phase2_Migrated,37
1790100119.174579233,Phase2_Migrated,41
1790100119.270136225,Phase2_Migrated,45
1790100119.348985392,Phase2_Migrated,48
1790100119.441709586,Phase2_Migrated,52
1790100119.534740983,Phase2_Migrated,38
1790100119.614889322,Phase2_Migrated,42
1790100119.711547942,Phase2_Migrated,47
1790100119.800922413,Phase2_Migrated,34
1790100119.896907014,Phase2_Migrated,39
1790100119.990953777,Phase2_Migrated,44
1790100120.086247393,Phase2_Migrated,18
1790100120.162586802,Phase2_Migrated,35
1790100120.258940666,Phase2_Migrated,39
1790100120.354313204,Phase2_Migrated,45
1790100120.451233553,Phase2_Migrated,34
1790100120.547103119,Phase2_Migrated,39
1790100120.623578061,Phase2_Migrated,42
1790100120.719904277,Phase2_Migrated,32
1790100120.797771504,Phase2_Migrated,35
1790100120.878144143,Phase2_Migrated,40
1790100120.948179220,Phase2_Migrated,44
1790100121.031184986,Phase2_Migrated,48
1790100121.108876164,Phase2_Migrated,51
1790100121.206603233,Phase2_Migrated,38
1790100121.283460772,Phase2_Migrated,41
1790100121.360626303,Phase2_Migrated,45
1790100121.451203875,Phase2_Migrated,49
1790100121.540620303,Phase2_Migrated,51
1790100121.638403300,Phase2_Migrated,39
1790100121.719451499,Phase2_Migrated,41
1790100121.798298538,Phase2_Migrated,32
1790100121.879549688,Phase2_Migrated,37
1790100121.985617601,Phase2_Migrated,41
1790100122.051482959,Phase2_Migrated,45
1790100122.136493299,Phase2_Migrated,49
1790100122.232897459,Phase2_Migrated,52
1790100122.327174574,Phase2_Migrated,38
1790100122.408312925,Phase2_Migrated,42
1790100122.506351207,Phase2_Migrated,47
1790100122.600114294,Phase2_Migrated,50
1790100122.691140206,Phase2_Migrated,36
1790100122.782380701,Phase2_Migrated,41
1790100122.878923372,Phase2_Migrated,46
1790100122.969475753,Phase2_Migrated,49
1790100123.037265389,Phase2_Migrated,52
1790100123.130977837,Phase2_Migrated,39
1790100123.212517014,Phase2_Migrated,41
1790100123.275759033,Phase2_Migrated,46
1790100123.360960482,Phase2_Migrated,49
1790100123.456045097,Phase2_Migrated,53
1790100123.554642223,Phase2_Migrated,40
1790100123.660384599,Phase2_Migrated,45
1790100123.758156345,Phase2_Migrated,35
1790100123.840361673,Phase2_Migrated,40
1790100123.936639590,Phase2_Migrated,45
1790100124.033189961,Phase2_Migrated,34
1790100124.126474777,Phase2_Migrated,40
1790100124.207259763,Phase2_Migrated,45
1790100124.295615715,Phase2_Migrated,49
1790100124.392399332,Phase2_Migrated,51
1790100124.488504502,Phase2_Migrated,38
1790100124.594827775,Phase2_Migrated,42
1790100124.691833829,Phase2_Migrated,47
1790100124.794980686,Phase2_Migrated,36
1790100124.895527183,Phase2_Migrated,42
1790100124.967598820,Phase2_Migrated,46
1790100125.049332749,Phase2_Migrated,34
1790100125.144630021,Phase2_Migrated,38
1790100125.242531634,Phase2_Migrated,44
1790100125.336390139,Phase2_Migrated,33
1790100125.417771600,Phase2_Migrated,38
1790100125.515065201,Phase2_Migrated,42
1790100125.611979113,Phase2_Migrated,48
1790100125.707163670,Phase2_Migrated,36
1790100125.813971803,Phase2_Migrated,39
1790100125.904637447,Phase2_Migrated,45
1790100125.993006103,Phase2_Migrated,48
1790100126.067023529,Phase2_Migrated,52
1790100126.160978453,Phase2_Migrated,38
1790100126.233247206,Phase2_Migrated,41
1790100126.338855973,Phase2_Migrated,45
1790100126.434049703,Phase2_Migrated,34
1790100126.532155284,Phase2_Migrated,39
1790100127.283944151,Uninterrupted_Baseline,15
1790100127.368794802,Uninterrupted_Baseline,42
1790100127.448156989,Uninterrupted_Baseline,58
1790100127.532734660,Uninterrupted_Baseline,42
1790100127.614163145,Uninterrupted_Baseline,31
1790100127.698113836,Uninterrupted_Baseline,35
1790100127.782015650,Uninterrupted_Baseline,39
1790100127.866379008,Uninterrupted_Baseline,44
1790100127.949418674,Uninterrupted_Baseline,49
1790100128.026205677,Uninterrupted_Baseline,36
1790100128.090931150,Uninterrupted_Baseline,41
1790100128.165623385,Uninterrupted_Baseline,44
1790100128.250052874,Uninterrupted_Baseline,49
1790100128.321584780,Uninterrupted_Baseline,51
1790100128.395718409,Uninterrupted_Baseline,54
1790100128.445082247,Uninterrupted_Baseline,38
1790100128.495523871,Uninterrupted_Baseline,39
1790100128.560691224,Uninterrupted_Baseline,43
1790100128.621025958,Uninterrupted_Baseline,46
1790100128.696861890,Uninterrupted_Baseline,49
1790100128.776246356,Uninterrupted_Baseline,52
1790100128.862676179,Uninterrupted_Baseline,37
1790100128.935963358,Uninterrupted_Baseline,39
1790100129.028929238,Uninterrupted_Baseline,45
1790100129.122213951,Uninterrupted_Baseline,33
1790100129.185223851,Uninterrupted_Baseline,37
1790100129.259112915,Uninterrupted_Baseline,40
1790100129.341110471,Uninterrupted_Baseline,46
1790100129.424688898,Uninterrupted_Baseline,49
1790100129.501754785,Uninterrupted_Baseline,51
1790100129.578021247,Uninterrupted_Baseline,38
1790100129.656026152,Uninterrupted_Baseline,41
1790100129.739414910,Uninterrupted_Baseline,45
1790100129.807703542,Uninterrupted_Baseline,49
1790100129.892055025,Uninterrupted_Baseline,52
1790100129.975628701,Uninterrupted_Baseline,38
1790100130.063918782,Uninterrupted_Baseline,41
1790100130.149557063,Uninterrupted_Baseline,45
1790100130.232956718,Uninterrupted_Baseline,49
1790100130.312364813,Uninterrupted_Baseline,51
1790100130.402132914,Uninterrupted_Baseline,39
1790100130.472995484,Uninterrupted_Baseline,41
1790100130.556144206,Uninterrupted_Baseline,45
1790100130.642527933,Uninterrupted_Baseline,34
1790100130.722101901,Uninterrupted_Baseline,39
1790100130.807906744,Uninterrupted_Baseline,44
1790100130.889066648,Uninterrupted_Baseline,33
1790100130.969816966,Uninterrupted_Baseline,37
1790100131.055028864,Uninterrupted_Baseline,43
1790100131.141132303,Uninterrupted_Baseline,46
1790100131.225964768,Uninterrupted_Baseline,34
1790100131.298314846,Uninterrupted_Baseline,37
1790100131.364252820,Uninterrupted_Baseline,42
1790100131.449966452,Uninterrupted_Baseline,45
1790100131.533388675,Uninterrupted_Baseline,34
1790100131.609308314,Uninterrupted_Baseline,37
1790100131.692789950,Uninterrupted_Baseline,41
1790100131.776977056,Uninterrupted_Baseline,46
1790100131.859368380,Uninterrupted_Baseline,50
1790100131.943964111,Uninterrupted_Baseline,37
1790100132.025478088,Uninterrupted_Baseline,39
1790100132.106971489,Uninterrupted_Baseline,44
1790100132.188213744,Uninterrupted_Baseline,33
1790100132.272227243,Uninterrupted_Baseline,37
1790100132.357291195,Uninterrupted_Baseline,42
1790100132.442744159,Uninterrupted_Baseline,45
1790100132.524416982,Uninterrupted_Baseline,49
1790100132.609981646,Uninterrupted_Baseline,53
1790100132.695224663,Uninterrupted_Baseline,39
1790100132.776081214,Uninterrupted_Baseline,42
1790100132.857292787,Uninterrupted_Baseline,47
1790100132.942010665,Uninterrupted_Baseline,50
1790100133.027466058,Uninterrupted_Baseline,37
1790100133.107248349,Uninterrupted_Baseline,39
1790100133.188404387,Uninterrupted_Baseline,44
1790100133.275756715,Uninterrupted_Baseline,48
1790100133.359944666,Uninterrupted_Baseline,51
1790100133.439036020,Uninterrupted_Baseline,38
1790100133.522047175,Uninterrupted_Baseline,41
1790100133.600291795,Uninterrupted_Baseline,45
1790100133.681019114,Uninterrupted_Baseline,49
1790100133.763370726,Uninterrupted_Baseline,51
1790100133.839723073,Uninterrupted_Baseline,38
1790100133.924381783,Uninterrupted_Baseline,42
1790100134.007418204,Uninterrupted_Baseline,45
1790100134.088806726,Uninterrupted_Baseline,48
1790100134.173630604,Uninterrupted_Baseline,52
1790100134.259054297,Uninterrupted_Baseline,39
1790100134.338125656,Uninterrupted_Baseline,42
1790100134.420871034,Uninterrupted_Baseline,47
1790100134.494487645,Uninterrupted_Baseline,50
1790100134.568517070,Uninterrupted_Baseline,52
1790100134.649990927,Uninterrupted_Baseline,38
1790100134.722945065,Uninterrupted_Baseline,41
1790100134.801685346,Uninterrupted_Baseline,45
1790100134.880632266,Uninterrupted_Baseline,48
1790100134.934846763,Uninterrupted_Baseline,50
1790100135.016161494,Uninterrupted_Baseline,53
1790100135.097282256,Uninterrupted_Baseline,39
1790100135.183905947,Uninterrupted_Baseline,43
1790100135.270379952,Uninterrupted_Baseline,47
1790100135.352613035,Uninterrupted_Baseline,50
1790100135.424577270,Uninterrupted_Baseline,53
1790100135.518022485,Uninterrupted_Baseline,40
1790100135.601240879,Uninterrupted_Baseline,44
1790100135.688076041,Uninterrupted_Baseline,48
1790100135.768637897,Uninterrupted_Baseline,51
1790100135.851411812,Uninterrupted_Baseline,37
1790100135.919733802,Uninterrupted_Baseline,39
1790100136.002760517,Uninterrupted_Baseline,44
1790100136.079743667,Uninterrupted_Baseline,48
1790100136.163038091,Uninterrupted_Baseline,52
1790100136.244041907,Uninterrupted_Baseline,35
1790100136.320183803,Uninterrupted_Baseline,40
1790100136.403463033,Uninterrupted_Baseline,45
1790100136.478550761,Uninterrupted_Baseline,33
1790100136.548136267,Uninterrupted_Baseline,37
1790100136.627384685,Uninterrupted_Baseline,41
1790100136.700970464,Uninterrupted_Baseline,45
1790100136.774248514,Uninterrupted_Baseline,48
1790100136.852247562,Uninterrupted_Baseline,51
1790100136.938374561,Uninterrupted_Baseline,38
1790100137.025250795,Uninterrupted_Baseline,43
1790100137.114493190,Uninterrupted_Baseline,46
1790100137.199230126,Uninterrupted_Baseline,49
1790100137.263567805,Uninterrupted_Baseline,52
1790100137.347452424,Uninterrupted_Baseline,39
1790100137.436553143,Uninterrupted_Baseline,43
1790100137.517750391,Uninterrupted_Baseline,46
1790100137.605283030,Uninterrupted_Baseline,34
1790100137.679051509,Uninterrupted_Baseline,37
1790100137.758200674,Uninterrupted_Baseline,42
1790100137.841745869,Uninterrupted_Baseline,46
1790100137.925557047,Uninterrupted_Baseline,35
1790100138.009097043,Uninterrupted_Baseline,40
1790100138.083314608,Uninterrupted_Baseline,43
1790100138.152004959,Uninterrupted_Baseline,46
1790100138.232153118,Uninterrupted_Baseline,50
1790100138.311592521,Uninterrupted_Baseline,37
1790100138.395460200,Uninterrupted_Baseline,39
1790100138.447569383,Uninterrupted_Baseline,42
1790100138.497761801,Uninterrupted_Baseline,45
1790100138.552376823,Uninterrupted_Baseline,32
1790100138.611574344,Uninterrupted_Baseline,34
1790100138.687159504,Uninterrupted_Baseline,39
1790100138.771246520,Uninterrupted_Baseline,43
1790100138.843366582,Uninterrupted_Baseline,32
1790100138.928774299,Uninterrupted_Baseline,37
1790100139.015840984,Uninterrupted_Baseline,42
1790100139.100027998,Uninterrupted_Baseline,47
1790100139.164384798,Uninterrupted_Baseline,49
1790100139.225787547,Uninterrupted_Baseline,51
1790100139.311561882,Uninterrupted_Baseline,55
1790100139.399046820,Uninterrupted_Baseline,40
1790100139.492907285,Uninterrupted_Baseline,45
1790100139.580144197,Uninterrupted_Baseline,49
1790100139.665120025,Uninterrupted_Baseline,51
1790100139.755893690,Uninterrupted_Baseline,38
1790100139.843610597,Uninterrupted_Baseline,41
1790100139.921685020,Uninterrupted_Baseline,46
1790100139.995127309,Uninterrupted_Baseline,48
1790100140.075179068,Uninterrupted_Baseline,52
1790100140.158265385,Uninterrupted_Baseline,38
1790100140.251327460,Uninterrupted_Baseline,42
1790100140.333957902,Uninterrupted_Baseline,46
1790100140.402498815,Uninterrupted_Baseline,51
1790100140.481706867,Uninterrupted_Baseline,53
1790100140.550793274,Uninterrupted_Baseline,39
1790100140.619701600,Uninterrupted_Baseline,42
1790100140.704548129,Uninterrupted_Baseline,46
1790100140.781075618,Uninterrupted_Baseline,49
1790100140.869354014,Uninterrupted_Baseline,52
1790100140.955694562,Uninterrupted_Baseline,38
1790100141.042681195,Uninterrupted_Baseline,42
1790100141.128833696,Uninterrupted_Baseline,46
1790100141.218770578,Uninterrupted_Baseline,50
1790100141.286923387,Uninterrupted_Baseline,52
1790100141.350251503,Uninterrupted_Baseline,38
1790100141.417718433,Uninterrupted_Baseline,40
1790100141.495866127,Uninterrupted_Baseline,44
1790100141.583195950,Uninterrupted_Baseline,49
1790100141.666982318,Uninterrupted_Baseline,52
1790100141.751298568,Uninterrupted_Baseline,38
1790100141.837009423,Uninterrupted_Baseline,42
1790100141.927637228,Uninterrupted_Baseline,45
1790100142.015520210,Uninterrupted_Baseline,49
1790100142.101857051,Uninterrupted_Baseline,53
1790100142.184725576,Uninterrupted_Baseline,39
1790100142.270104044,Uninterrupted_Baseline,44
1790100142.354925183,Uninterrupted_Baseline,48
1790100142.442494027,Uninterrupted_Baseline,51
1790100142.530293848,Uninterrupted_Baseline,38
1790100142.616602185,Uninterrupted_Baseline,41
1790100142.702090811,Uninterrupted_Baseline,45
1790100142.769192635,Uninterrupted_Baseline,48
1790100142.854870596,Uninterrupted_Baseline,52
1790100142.939095354,Uninterrupted_Baseline,56
1790100143.025978205,Uninterrupted_Baseline,41
1790100143.087224734,Uninterrupted_Baseline,45
1790100143.170297847,Uninterrupted_Baseline,48
1790100143.260633398,Uninterrupted_Baseline,53
1790100143.340338595,Uninterrupted_Baseline,39
1790100143.417525252,Uninterrupted_Baseline,42
1790100143.493348835,Uninterrupted_Baseline,46
1790100143.576100743,Uninterrupted_Baseline,50
1790100143.664997671,Uninterrupted_Baseline,53
1790100143.749515440,Uninterrupted_Baseline,39
1790100143.833254478,Uninterrupted_Baseline,45
1790100143.921191632,Uninterrupted_Baseline,48
1790100144.007056430,Uninterrupted_Baseline,52
1790100144.092042043,Uninterrupted_Baseline,38
1790100144.186535315,Uninterrupted_Baseline,41
1790100144.260824663,Uninterrupted_Baseline,44
1790100144.343737627,Uninterrupted_Baseline,49
1790100144.427217722,Uninterrupted_Baseline,51
1790100144.506691550,Uninterrupted_Baseline,54
1790100144.593795365,Uninterrupted_Baseline,39
1790100144.675051855,Uninterrupted_Baseline,44
1790100144.761987788,Uninterrupted_Baseline,48
1790100153.117635453,Phase1_Baseline,30
1790100153.203111591,Phase1_Baseline,44
1790100153.283485776,Phase1_Baseline,60
1790100153.381761378,Phase1_Baseline,79
1790100153.464780877,Phase1_Baseline,63
1790100153.536038143,Phase1_Baseline,65
1790100153.602081592,Phase1_Baseline,47
1790100153.669374395,Phase1_Baseline,48
1790100153.743048759,Phase1_Baseline,50
1790100153.805683216,Phase1_Baseline,37
1790100153.891567751,Phase1_Baseline,40
1790100153.973311294,Phase1_Baseline,44
1790100154.048401506,Phase1_Baseline,48
1790100154.134954945,Phase1_Baseline,51
1790100154.215289625,Phase1_Baseline,36
1790100154.300022602,Phase1_Baseline,39
1790100154.365158478,Phase1_Baseline,44
1790100154.449619507,Phase1_Baseline,47
1790100154.516863893,Phase1_Baseline,51
1790100154.605829006,Phase1_Baseline,37
1790100154.691927958,Phase1_Baseline,39
1790100154.763500035,Phase1_Baseline,44
1790100154.839055946,Phase1_Baseline,46
1790100154.904939161,Phase1_Baseline,49
1790100154.986471204,Phase1_Baseline,53
1790100155.062497958,Phase1_Baseline,39
1790100155.144358039,Phase1_Baseline,43
1790100155.227078952,Phase1_Baseline,47
1790100155.307804733,Phase1_Baseline,49
1790100155.358513088,Phase1_Baseline,52
1790100155.420908886,Phase1_Baseline,37
1790100155.494620605,Phase1_Baseline,39
1790100155.561139426,Phase1_Baseline,43
1790100155.627956282,Phase1_Baseline,47
1790100155.706772104,Phase1_Baseline,34
1790100155.795128043,Phase1_Baseline,40
1790100155.884815325,Phase1_Baseline,45
1790100155.963302142,Phase1_Baseline,48
1790100156.050773176,Phase1_Baseline,51
1790100156.136326478,Phase1_Baseline,37
1790100156.198201720,Phase1_Baseline,39
1790100156.277176474,Phase1_Baseline,44
1790100156.357369183,Phase1_Baseline,48
1790100156.439908800,Phase1_Baseline,50
1790100156.525542470,Phase1_Baseline,53
1790100156.597698664,Phase1_Baseline,39
1790100156.690157293,Phase1_Baseline,45
1790100156.777142238,Phase1_Baseline,48
1790100156.865240701,Phase1_Baseline,51
1790100156.953032459,Phase1_Baseline,38
1790100157.039121024,Phase1_Baseline,42
1790100157.126540237,Phase1_Baseline,47
1790100157.203184651,Phase1_Baseline,49
1790100157.289364063,Phase1_Baseline,53
1790100157.368402318,Phase1_Baseline,39
1790100157.449783123,Phase1_Baseline,42
1790100157.523486016,Phase1_Baseline,47
1790100157.605743554,Phase1_Baseline,50
1790100157.690044828,Phase1_Baseline,53
1790100157.778385978,Phase1_Baseline,38
1790100157.850980681,Phase1_Baseline,42
1790100157.937356169,Phase1_Baseline,46
1790100158.023271974,Phase1_Baseline,51
1790100158.089161756,Phase1_Baseline,52
1790100158.160115832,Phase1_Baseline,38
1790100158.232567661,Phase1_Baseline,39
1790100158.297703830,Phase1_Baseline,44
1790100158.376964259,Phase1_Baseline,48
1790100158.445745120,Phase1_Baseline,49
1790100158.497600554,Phase1_Baseline,52
1790100158.563823400,Phase1_Baseline,37
1790100158.638677837,Phase1_Baseline,39
1790100158.714362394,Phase1_Baseline,44
1790100158.799267435,Phase1_Baseline,48
1790100158.887708440,Phase1_Baseline,51
1790100158.975216156,Phase1_Baseline,54
1790100159.055347224,Phase1_Baseline,39
1790100159.137890918,Phase1_Baseline,43
1790100159.217161165,Phase1_Baseline,46
1790100159.279480166,Phase1_Baseline,50
1790100159.354093931,Phase1_Baseline,51
1790100159.430036429,Phase1_Baseline,38
1790100159.522393775,Phase1_Baseline,42
1790100159.603701833,Phase1_Baseline,47
1790100159.667552709,Phase1_Baseline,48
1790100159.737735980,Phase1_Baseline,50
1790100159.802215184,Phase1_Baseline,37
1790100159.878065972,Phase1_Baseline,39
1790100159.975201229,Phase1_Baseline,45
1790100160.064689157,Phase1_Baseline,49
1790100160.154577963,Phase1_Baseline,53
1790100160.239278478,Phase1_Baseline,39
1790100160.322476777,Phase1_Baseline,42
1790100160.414165489,Phase1_Baseline,48
1790100160.501187983,Phase1_Baseline,51
1790100160.583313935,Phase1_Baseline,37
1790100160.668587909,Phase1_Baseline,40
1790100160.757560885,Phase1_Baseline,45
1790100160.848393322,Phase1_Baseline,49
1790100160.930103632,Phase1_Baseline,36
1790100161.005217730,Phase1_Baseline,41
1790100161.094712023,Phase1_Baseline,45
1790100161.179032912,Phase1_Baseline,49
1790100161.263961196,Phase1_Baseline,53
1790100161.345590742,Phase1_Baseline,38
1790100161.426409560,Phase1_Baseline,41
1790100161.510274183,Phase1_Baseline,45
1790100161.591780870,Phase1_Baseline,35
1790100161.682877565,Phase1_Baseline,39
1790100161.765048305,Phase1_Baseline,43
1790100161.831642642,Phase1_Baseline,48
1790100161.913060377,Phase1_Baseline,49
1790100161.996329181,Phase2_Migrated,31
1790100162.091817036,Phase2_Migrated,49
1790100162.188918500,Phase2_Migrated,41
1790100162.281398254,Phase2_Migrated,44
1790100162.368989388,Phase2_Migrated,48
1790100162.456062973,Phase2_Migrated,52
1790100162.556493419,Phase2_Migrated,39
1790100162.658419941,Phase2_Migrated,44
1790100162.763233143,Phase2_Migrated,49
1790100162.846223166,Phase2_Migrated,52
1790100162.939379979,Phase2_Migrated,38
1790100163.030216434,Phase2_Migrated,42
1790100163.131563140,Phase2_Migrated,48
1790100163.226813502,Phase2_Migrated,51
1790100163.321835875,Phase2_Migrated,38
1790100163.422997687,Phase2_Migrated,42
1790100163.526076810,Phase2_Migrated,47
1790100163.623783025,Phase2_Migrated,52
1790100163.721800521,Phase2_Migrated,37
1790100163.817370694,Phase2_Migrated,42
1790100163.907880364,Phase2_Migrated,46
1790100163.984419990,Phase2_Migrated,48
1790100164.063563898,Phase2_Migrated,51
1790100164.161703622,Phase2_Migrated,38
1790100164.264929031,Phase2_Migrated,42
1790100164.360541193,Phase2_Migrated,47
1790100164.457912435,Phase2_Migrated,51
1790100164.552298025,Phase2_Migrated,38
1790100164.648179669,Phase2_Migrated,42
1790100164.730238048,Phase2_Migrated,46
1790100164.817862396,Phase2_Migrated,50
1790100164.903174154,Phase2_Migrated,53
1790100164.995285733,Phase2_Migrated,39
1790100165.095989948,Phase2_Migrated,45
1790100165.185982009,Phase2_Migrated,49
1790100165.273627216,Phase2_Migrated,52
1790100165.373935155,Phase2_Migrated,40
1790100165.467682424,Phase2_Migrated,43
1790100165.547916792,Phase2_Migrated,48
1790100165.644166982,Phase2_Migrated,51
1790100165.717885318,Phase2_Migrated,38
1790100165.803920084,Phase2_Migrated,42
1790100165.893942206,Phase2_Migrated,47
1790100165.987469108,Phase2_Migrated,51
1790100166.069762861,Phase2_Migrated,54
1790100166.149751987,Phase2_Migrated,39
1790100166.232352502,Phase2_Migrated,42
1790100166.304352152,Phase2_Migrated,46
1790100166.375621127,Phase2_Migrated,34
1790100166.445845778,Phase2_Migrated,38
1790100166.534620523,Phase2_Migrated,43
1790100166.631297983,Phase2_Migrated,48
1790100166.727144793,Phase2_Migrated,38
1790100166.814154457,Phase2_Migrated,42
1790100166.897827817,Phase2_Migrated,46
1790100166.994572682,Phase2_Migrated,49
1790100167.090174591,Phase2_Migrated,53
1790100167.182996850,Phase2_Migrated,40
1790100167.280696607,Phase2_Migrated,45
1790100167.378336044,Phase2_Migrated,49
1790100167.483341110,Phase2_Migrated,53
1790100167.579491022,Phase2_Migrated,40
1790100167.674791462,Phase2_Migrated,45
1790100167.787377697,Phase2_Migrated,50
1790100167.889816759,Phase2_Migrated,37
1790100167.982217215,Phase2_Migrated,41
1790100168.064992769,Phase2_Migrated,45
1790100168.139764131,Phase2_Migrated,49
1790100168.236852555,Phase2_Migrated,51
1790100168.322703510,Phase2_Migrated,39
1790100168.423292195,Phase2_Migrated,42
1790100168.488296532,Phase2_Migrated,46
1790100168.565723017,Phase2_Migrated,33
1790100168.640569302,Phase2_Migrated,36
1790100168.720375515,Phase2_Migrated,42
1790100168.811558540,Phase2_Migrated,45
1790100168.886605090,Phase2_Migrated,49
1790100168.967622794,Phase2_Migrated,36
1790100169.061343344,Phase2_Migrated,40
1790100169.133258191,Phase2_Migrated,43
1790100169.210412012,Phase2_Migrated,48
1790100169.289363287,Phase2_Migrated,50
1790100169.384223076,Phase2_Migrated,37
1790100169.478763874,Phase2_Migrated,41
1790100169.551904050,Phase2_Migrated,45
1790100169.643627224,Phase2_Migrated,49
1790100169.737881373,Phase2_Migrated,53
1790100169.821642206,Phase2_Migrated,38
1790100169.898227886,Phase2_Migrated,42
1790100169.982813038,Phase2_Migrated,46
1790100170.075080261,Phase2_Migrated,50
1790100170.170559180,Phase2_Migrated,37
1790100170.247275688,Phase2_Migrated,39
1790100170.331033522,Phase2_Migrated,45
1790100170.429729611,Phase2_Migrated,49
1790100170.522001962,Phase2_Migrated,53
1790100170.620160271,Phase2_Migrated,39
1790100171.342498790,Uninterrupted_Baseline,28
1790100171.420789992,Uninterrupted_Baseline,44
1790100171.512723509,Uninterrupted_Baseline,63
1790100171.598030107,Uninterrupted_Baseline,80
1790100171.683069467,Uninterrupted_Baseline,58
1790100171.758683324,Uninterrupted_Baseline,42
1790100171.841939411,Uninterrupted_Baseline,45
1790100171.930045508,Uninterrupted_Baseline,48
1790100172.019689741,Uninterrupted_Baseline,51
1790100172.089614677,Uninterrupted_Baseline,38
1790100172.170962124,Uninterrupted_Baseline,42
1790100172.255926742,Uninterrupted_Baseline,45
1790100172.343611404,Uninterrupted_Baseline,49
1790100172.428969862,Uninterrupted_Baseline,53
1790100172.516096551,Uninterrupted_Baseline,39
1790100172.597833383,Uninterrupted_Baseline,42
1790100172.669720052,Uninterrupted_Baseline,45
1790100172.756781617,Uninterrupted_Baseline,49
1790100172.843153360,Uninterrupted_Baseline,53
1790100172.927339671,Uninterrupted_Baseline,39
1790100172.992624634,Uninterrupted_Baseline,42
1790100173.078221580,Uninterrupted_Baseline,46
1790100173.166021356,Uninterrupted_Baseline,34
1790100173.259695304,Uninterrupted_Baseline,39
1790100173.338216978,Uninterrupted_Baseline,44
1790100173.423079212,Uninterrupted_Baseline,48
1790100173.500828786,Uninterrupted_Baseline,50
1790100173.580247784,Uninterrupted_Baseline,37
1790100173.666614857,Uninterrupted_Baseline,41
1790100173.738569246,Uninterrupted_Baseline,44
1790100173.825361237,Uninterrupted_Baseline,34
1790100173.913111546,Uninterrupted_Baseline,39
1790100173.982179831,Uninterrupted_Baseline,42
1790100174.065689996,Uninterrupted_Baseline,47
1790100174.130770161,Uninterrupted_Baseline,49
1790100174.198238160,Uninterrupted_Baseline,52
1790100174.260876542,Uninterrupted_Baseline,54
1790100174.331521777,Uninterrupted_Baseline,39
1790100174.421727135,Uninterrupted_Baseline,44
1790100174.483861631,Uninterrupted_Baseline,47
1790100174.550573270,Uninterrupted_Baseline,34
1790100174.616558079,Uninterrupted_Baseline,36
1790100174.677122215,Uninterrupted_Baseline,41
1790100174.759982040,Uninterrupted_Baseline,45
1790100174.822414278,Uninterrupted_Baseline,48
1790100174.895334630,Uninterrupted_Baseline,51
1790100174.953890104,Uninterrupted_Baseline,37
1790100175.018577103,Uninterrupted_Baseline,38
1790100175.090682440,Uninterrupted_Baseline,44
1790100175.168362483,Uninterrupted_Baseline,47
1790100175.245966361,Uninterrupted_Baseline,35
1790100175.317761391,Uninterrupted_Baseline,38
1790100175.387151242,Uninterrupted_Baseline,42
1790100175.457999560,Uninterrupted_Baseline,32
1790100175.549260007,Uninterrupted_Baseline,37
1790100175.632604695,Uninterrupted_Baseline,40
1790100175.710335168,Uninterrupted_Baseline,45
1790100175.791383870,Uninterrupted_Baseline,33
1790100175.871186537,Uninterrupted_Baseline,37
1790100175.952977014,Uninterrupted_Baseline,43
1790100176.032472428,Uninterrupted_Baseline,46
1790100176.104855862,Uninterrupted_Baseline,47
1790100176.187603502,Uninterrupted_Baseline,50
1790100176.270704484,Uninterrupted_Baseline,53
1790100176.335037261,Uninterrupted_Baseline,39
1790100176.414913793,Uninterrupted_Baseline,42
1790100176.486772172,Uninterrupted_Baseline,46
1790100176.566765539,Uninterrupted_Baseline,50
1790100176.653218078,Uninterrupted_Baseline,53
1790100176.721600160,Uninterrupted_Baseline,39
1790100176.803801163,Uninterrupted_Baseline,42
1790100176.894390462,Uninterrupted_Baseline,47
1790100176.980475652,Uninterrupted_Baseline,34
1790100177.063634179,Uninterrupted_Baseline,39
1790100177.153155657,Uninterrupted_Baseline,43
1790100177.236367062,Uninterrupted_Baseline,48
1790100177.321039984,Uninterrupted_Baseline,50
1790100177.397831394,Uninterrupted_Baseline,53
1790100177.483567999,Uninterrupted_Baseline,39
1790100177.566418682,Uninterrupted_Baseline,45
1790100177.642958206,Uninterrupted_Baseline,48
1790100177.724055743,Uninterrupted_Baseline,51
1790100177.802900621,Uninterrupted_Baseline,37
1790100177.885072593,Uninterrupted_Baseline,40
1790100177.971471782,Uninterrupted_Baseline,44
1790100178.053130549,Uninterrupted_Baseline,48
1790100178.137927533,Uninterrupted_Baseline,52
1790100178.221995191,Uninterrupted_Baseline,38
1790100178.291456433,Uninterrupted_Baseline,42
1790100178.384345072,Uninterrupted_Baseline,45
1790100178.437112224,Uninterrupted_Baseline,48
1790100178.488726785,Uninterrupted_Baseline,49
1790100178.548598495,Uninterrupted_Baseline,52
1790100178.614841087,Uninterrupted_Baseline,38
1790100178.689544746,Uninterrupted_Baseline,41
1790100178.754580762,Uninterrupted_Baseline,44
1790100178.826175690,Uninterrupted_Baseline,49
1790100178.909082945,Uninterrupted_Baseline,36
1790100178.999213440,Uninterrupted_Baseline,41
1790100179.084084879,Uninterrupted_Baseline,46
1790100179.159252023,Uninterrupted_Baseline,49
1790100179.218998078,Uninterrupted_Baseline,52
1790100179.294587184,Uninterrupted_Baseline,38
1790100179.376856323,Uninterrupted_Baseline,42
1790100179.460357085,Uninterrupted_Baseline,45
1790100179.541839242,Uninterrupted_Baseline,48
1790100179.623262182,Uninterrupted_Baseline,52
1790100179.706914879,Uninterrupted_Baseline,38
1790100179.791638778,Uninterrupted_Baseline,42
1790100179.874826681,Uninterrupted_Baseline,47
1790100179.959137968,Uninterrupted_Baseline,50
1790100180.045805781,Uninterrupted_Baseline,53
1790100180.129100005,Uninterrupted_Baseline,39
1790100180.210157887,Uninterrupted_Baseline,44
1790100180.295430035,Uninterrupted_Baseline,48
1790100180.383755162,Uninterrupted_Baseline,50
1790100180.468245527,Uninterrupted_Baseline,38
1790100180.551863984,Uninterrupted_Baseline,41
1790100180.626983691,Uninterrupted_Baseline,45
1790100180.704935419,Uninterrupted_Baseline,49
1790100180.789956764,Uninterrupted_Baseline,52
1790100180.875890048,Uninterrupted_Baseline,38
1790100180.961633409,Uninterrupted_Baseline,42
1790100181.030314809,Uninterrupted_Baseline,45
1790100181.115421136,Uninterrupted_Baseline,50
1790100181.202130367,Uninterrupted_Baseline,53
1790100181.274803565,Uninterrupted_Baseline,39
1790100181.343997524,Uninterrupted_Baseline,42
1790100181.416165718,Uninterrupted_Baseline,46
1790100181.494570225,Uninterrupted_Baseline,49
1790100181.578569251,Uninterrupted_Baseline,52
1790100181.661350875,Uninterrupted_Baseline,38
1790100181.745847101,Uninterrupted_Baseline,42
1790100181.828284346,Uninterrupted_Baseline,47
1790100181.908463185,Uninterrupted_Baseline,49
1790100181.991873436,Uninterrupted_Baseline,53
1790100182.076255510,Uninterrupted_Baseline,39
1790100182.157896914,Uninterrupted_Baseline,44
1790100182.238493722,Uninterrupted_Baseline,47
1790100182.315953669,Uninterrupted_Baseline,50
1790100182.397924217,Uninterrupted_Baseline,53
1790100182.483061387,Uninterrupted_Baseline,40
1790100182.570511586,Uninterrupted_Baseline,44
1790100182.655318959,Uninterrupted_Baseline,33
1790100182.738855785,Uninterrupted_Baseline,36
1790100182.820073351,Uninterrupted_Baseline,41
1790100182.903766627,Uninterrupted_Baseline,45
1790100182.985863351,Uninterrupted_Baseline,48
1790100183.073101752,Uninterrupted_Baseline,52
1790100183.152186670,Uninterrupted_Baseline,37
1790100183.238265192,Uninterrupted_Baseline,41
1790100183.311239577,Uninterrupted_Baseline,46
1790100183.390521459,Uninterrupted_Baseline,34
1790100183.456316455,Uninterrupted_Baseline,37
1790100183.534185188,Uninterrupted_Baseline,43
1790100183.617535211,Uninterrupted_Baseline,46
1790100183.697488113,Uninterrupted_Baseline,49
1790100183.780782178,Uninterrupted_Baseline,52
1790100183.853816524,Uninterrupted_Baseline,38
1790100183.935938042,Uninterrupted_Baseline,42
1790100184.021974077,Uninterrupted_Baseline,46
1790100184.102751714,Uninterrupted_Baseline,34
1790100184.189205847,Uninterrupted_Baseline,39
1790100184.272324954,Uninterrupted_Baseline,31
1790100184.354696483,Uninterrupted_Baseline,37
1790100184.440515161,Uninterrupted_Baseline,41
1790100184.532358278,Uninterrupted_Baseline,7
1790100184.617703685,Uninterrupted_Baseline,34
1790100184.704563834,Uninterrupted_Baseline,40
1790100184.784278598,Uninterrupted_Baseline,44
1790100184.865387865,Uninterrupted_Baseline,48
1790100184.917482873,Uninterrupted_Baseline,34
1790100184.971674511,Uninterrupted_Baseline,36
1790100185.034479108,Uninterrupted_Baseline,39
1790100185.116039857,Uninterrupted_Baseline,45
1790100185.195170301,Uninterrupted_Baseline,34
1790100185.278547730,Uninterrupted_Baseline,37
1790100185.363027491,Uninterrupted_Baseline,42
1790100185.443402471,Uninterrupted_Baseline,46
1790100185.526558414,Uninterrupted_Baseline,49
1790100185.593552608,Uninterrupted_Baseline,52
1790100185.671263840,Uninterrupted_Baseline,38
1790100185.746102305,Uninterrupted_Baseline,42
1790100185.827567449,Uninterrupted_Baseline,46
1790100185.900678538,Uninterrupted_Baseline,50
1790100185.982545130,Uninterrupted_Baseline,52
1790100186.048275302,Uninterrupted_Baseline,39
1790100186.131221794,Uninterrupted_Baseline,43
1790100186.218741968,Uninterrupted_Baseline,47
1790100186.295975400,Uninterrupted_Baseline,35
1790100186.366379197,Uninterrupted_Baseline,38
1790100186.452563777,Uninterrupted_Baseline,44
1790100186.533178723,Uninterrupted_Baseline,47
1790100186.613764618,Uninterrupted_Baseline,51
1790100186.698007842,Uninterrupted_Baseline,37
1790100186.782673850,Uninterrupted_Baseline,39
1790100186.863998399,Uninterrupted_Baseline,44
1790100186.944766775,Uninterrupted_Baseline,47
1790100187.010596490,Uninterrupted_Baseline,50
1790100187.094154199,Uninterrupted_Baseline,54
1790100187.175830807,Uninterrupted_Baseline,39
1790100187.251786987,Uninterrupted_Baseline,44
1790100187.336767881,Uninterrupted_Baseline,48
1790100187.422377533,Uninterrupted_Baseline,51
1790100187.511026073,Uninterrupted_Baseline,37
1790100187.591134456,Uninterrupted_Baseline,40
1790100187.670981343,Uninterrupted_Baseline,44
1790100187.757899002,Uninterrupted_Baseline,49
1790100187.844381896,Uninterrupted_Baseline,53
1790100187.939921051,Uninterrupted_Baseline,38
1790100188.011170756,Uninterrupted_Baseline,40
1790100188.091399370,Uninterrupted_Baseline,45
1790100188.174635588,Uninterrupted_Baseline,33
1790100188.259751974,Uninterrupted_Baseline,36
1790100188.328038912,Uninterrupted_Baseline,41
1790100188.406528940,Uninterrupted_Baseline,44
1790100188.460214430,Uninterrupted_Baseline,47
1790100188.512321604,Uninterrupted_Baseline,48
1790100188.577806108,Uninterrupted_Baseline,51
1790100188.643676354,Uninterrupted_Baseline,53
1790100188.712735248,Uninterrupted_Baseline,39
1790100188.797271699,Uninterrupted_Baseline,44
1790100197.329185157,Phase1_Baseline,10
1790100197.411533128,Phase1_Baseline,42
1790100197.497921159,Phase1_Baseline,56
1790100197.579196468,Phase1_Baseline,65
1790100197.647422150,Phase1_Baseline,79
1790100197.712591535,Phase1_Baseline,65
1790100197.794791736,Phase1_Baseline,66
1790100197.875585262,Phase1_Baseline,48
1790100197.963344924,Phase1_Baseline,50
1790100198.040183877,Phase1_Baseline,53
1790100198.109189804,Phase1_Baseline,39
1790100198.189559284,Phase1_Baseline,42
1790100198.257814871,Phase1_Baseline,45
1790100198.322465426,Phase1_Baseline,49
1790100198.395611340,Phase1_Baseline,51
1790100198.455167919,Phase1_Baseline,37
1790100198.508904433,Phase1_Baseline,39
1790100198.567355584,Phase1_Baseline,42
1790100198.630874832,Phase1_Baseline,44
1790100198.704853824,Phase1_Baseline,48
1790100198.790146942,Phase1_Baseline,51
1790100198.870978505,Phase1_Baseline,38
1790100198.958196561,Phase1_Baseline,42
1790100199.027384734,Phase1_Baseline,44
1790100199.110082998,Phase1_Baseline,48
1790100199.188871729,Phase1_Baseline,51
1790100199.255401984,Phase1_Baseline,54
1790100199.314065345,Phase1_Baseline,39
1790100199.399169414,Phase1_Baseline,42
1790100199.485691464,Phase1_Baseline,47
1790100199.572533549,Phase1_Baseline,49
1790100199.654971648,Phase1_Baseline,53
1790100199.722078009,Phase1_Baseline,38
1790100199.788695129,Phase1_Baseline,42
1790100199.862141089,Phase1_Baseline,46
1790100199.930163273,Phase1_Baseline,48
1790100200.018728866,Phase1_Baseline,51
1790100200.086430053,Phase1_Baseline,37
1790100200.152369670,Phase1_Baseline,39
1790100200.238726719,Phase1_Baseline,44
1790100200.309701830,Phase1_Baseline,47
1790100200.399916390,Phase1_Baseline,51
1790100200.484112291,Phase1_Baseline,38
1790100200.562778059,Phase1_Baseline,41
1790100200.627317798,Phase1_Baseline,44
1790100200.696528629,Phase1_Baseline,48
1790100200.778901940,Phase1_Baseline,50
1790100200.865233302,Phase1_Baseline,37
1790100200.944838554,Phase1_Baseline,40
1790100201.025252739,Phase1_Baseline,45
1790100201.105280102,Phase1_Baseline,49
1790100201.184093590,Phase1_Baseline,36
1790100201.262319133,Phase1_Baseline,40
1790100201.337126717,Phase1_Baseline,44
1790100201.414007312,Phase1_Baseline,48
1790100201.499701247,Phase1_Baseline,51
1790100201.583908454,Phase1_Baseline,37
1790100201.668023837,Phase1_Baseline,39
1790100201.746233646,Phase1_Baseline,44
1790100201.824082244,Phase1_Baseline,47
1790100201.906503505,Phase1_Baseline,37
1790100201.986048168,Phase1_Baseline,41
1790100202.067498182,Phase1_Baseline,46
1790100202.143300233,Phase1_Baseline,49
1790100202.210142256,Phase1_Baseline,50
1790100202.296960967,Phase1_Baseline,38
1790100202.381643786,Phase1_Baseline,42
1790100202.465772274,Phase1_Baseline,45
1790100202.541738094,Phase1_Baseline,49
1790100202.620946627,Phase1_Baseline,51
1790100202.708529537,Phase1_Baseline,38
1790100202.798257019,Phase1_Baseline,42
1790100202.879779021,Phase1_Baseline,45
1790100202.962006234,Phase1_Baseline,48
1790100203.045409144,Phase1_Baseline,51
1790100203.134882093,Phase1_Baseline,38
1790100203.220786521,Phase1_Baseline,42
1790100203.283073560,Phase1_Baseline,46
1790100203.370971814,Phase1_Baseline,49
1790100203.451396486,Phase1_Baseline,51
1790100203.515280827,Phase1_Baseline,38
1790100203.580937496,Phase1_Baseline,40
1790100203.668959310,Phase1_Baseline,44
1790100203.740061813,Phase1_Baseline,48
1790100203.811641085,Phase1_Baseline,35
1790100203.882173778,Phase1_Baseline,39
1790100203.961359998,Phase1_Baseline,44
1790100204.049322577,Phase1_Baseline,48
1790100204.131931534,Phase1_Baseline,50
1790100204.195143375,Phase1_Baseline,53
1790100204.273892577,Phase1_Baseline,39
1790100204.352536943,Phase1_Baseline,44
1790100204.437263186,Phase1_Baseline,47
1790100204.526222409,Phase1_Baseline,52
1790100204.602618532,Phase1_Baseline,54
1790100204.679306478,Phase1_Baseline,40
1790100204.753245345,Phase1_Baseline,42
1790100204.813859787,Phase1_Baseline,45
1790100204.869709170,Phase1_Baseline,48
1790100204.934955887,Phase1_Baseline,51
1790100205.013993265,Phase1_Baseline,37
1790100205.089183631,Phase1_Baseline,39
1790100205.171219509,Phase1_Baseline,44
1790100205.260990415,Phase1_Baseline,48
1790100205.340827764,Phase1_Baseline,51
1790100205.407295299,Phase1_Baseline,54
1790100205.487716262,Phase1_Baseline,39
1790100205.570915104,Phase1_Baseline,44
1790100205.652486622,Phase1_Baseline,48
1790100205.736118700,Phase1_Baseline,50
1790100205.807939884,Phase1_Baseline,53
1790100205.898075010,Phase1_Baseline,39
1790100205.970614364,Phase1_Baseline,42
1790100206.030172027,Phase1_Baseline,45
1790100206.109569736,Phase1_Baseline,49
1790100206.172876900,Phase2_Migrated,27
1790100206.256019702,Phase2_Migrated,43
1790100206.340228322,Phase2_Migrated,57
1790100206.418335510,Phase2_Migrated,45
1790100206.510617426,Phase2_Migrated,48
1790100206.611635209,Phase2_Migrated,50
1790100206.702751077,Phase2_Migrated,38
1790100206.787501301,Phase2_Migrated,42
1790100206.880324555,Phase2_Migrated,46
1790100206.968059722,Phase2_Migrated,50
1790100207.046157377,Phase2_Migrated,53
1790100207.146290231,Phase2_Migrated,39
1790100207.232971549,Phase2_Migrated,45
1790100207.322848620,Phase2_Migrated,49
1790100207.419913696,Phase2_Migrated,52
1790100207.518685801,Phase2_Migrated,39
1790100207.618090940,Phase2_Migrated,44
1790100207.710416041,Phase2_Migrated,48
1790100207.801992959,Phase2_Migrated,51
1790100207.891770335,Phase2_Migrated,38
1790100207.982346092,Phase2_Migrated,42
1790100208.065238861,Phase2_Migrated,47
1790100208.139179314,Phase2_Migrated,50
1790100208.222133744,Phase2_Migrated,53
1790100208.310586644,Phase2_Migrated,39
1790100208.392517387,Phase2_Migrated,43
1790100208.458101811,Phase2_Migrated,45
1790100208.515191255,Phase2_Migrated,34
1790100208.599091414,Phase2_Migrated,37
1790100208.669075253,Phase2_Migrated,41
1790100208.730031139,Phase2_Migrated,44
1790100208.797224175,Phase2_Migrated,48
1790100208.884137063,Phase2_Migrated,51
1790100208.973353058,Phase2_Migrated,38
1790100209.039085436,Phase2_Migrated,41
1790100209.124156679,Phase2_Migrated,46
1790100209.203634394,Phase2_Migrated,49
1790100209.284065261,Phase2_Migrated,52
1790100209.380994902,Phase2_Migrated,38
1790100209.449147943,Phase2_Migrated,42
1790100209.543717787,Phase2_Migrated,46
1790100209.639023925,Phase2_Migrated,35
1790100209.737245067,Phase2_Migrated,40
1790100209.832793374,Phase2_Migrated,44
1790100209.928217833,Phase2_Migrated,49
1790100210.022813815,Phase2_Migrated,53
1790100210.113259758,Phase2_Migrated,38
1790100210.201857827,Phase2_Migrated,41
1790100210.296938843,Phase2_Migrated,46
1790100210.376102768,Phase2_Migrated,50
1790100210.459836975,Phase2_Migrated,52
1790100210.535830567,Phase2_Migrated,39
1790100210.622684230,Phase2_Migrated,43
1790100210.719854231,Phase2_Migrated,47
1790100210.815987423,Phase2_Migrated,51
1790100210.904422286,Phase2_Migrated,37
1790100210.982909805,Phase2_Migrated,40
1790100211.079573453,Phase2_Migrated,45
1790100211.172039444,Phase2_Migrated,51
1790100211.258252087,Phase2_Migrated,54
1790100211.349287074,Phase2_Migrated,39
1790100211.441404542,Phase2_Migrated,44
1790100211.532161804,Phase2_Migrated,48
1790100211.625321431,Phase2_Migrated,51
1790100211.721871746,Phase2_Migrated,38
1790100211.813622982,Phase2_Migrated,42
1790100211.909427036,Phase2_Migrated,46
1790100212.006185559,Phase2_Migrated,51
1790100212.101703893,Phase2_Migrated,54
1790100212.203834368,Phase2_Migrated,39
1790100212.294296886,Phase2_Migrated,45
1790100212.384100867,Phase2_Migrated,33
1790100212.485493888,Phase2_Migrated,38
1790100212.568138993,Phase2_Migrated,43
1790100212.663907905,Phase2_Migrated,47
1790100212.759728509,Phase2_Migrated,50
1790100212.857843795,Phase2_Migrated,38
1790100212.950420127,Phase2_Migrated,42
1790100213.046422467,Phase2_Migrated,47
1790100213.142156500,Phase2_Migrated,51
1790100213.238858247,Phase2_Migrated,38
1790100213.335311112,Phase2_Migrated,43
1790100213.428801336,Phase2_Migrated,48
1790100213.511908351,Phase2_Migrated,50
1790100213.591928094,Phase2_Migrated,37
1790100213.673134223,Phase2_Migrated,40
1790100213.762505883,Phase2_Migrated,46
1790100213.850491413,Phase2_Migrated,35
1790100213.938596930,Phase2_Migrated,40
1790100214.034368248,Phase2_Migrated,45
1790100214.133785228,Phase2_Migrated,35
1790100214.227370968,Phase2_Migrated,38
1790100214.318961028,Phase2_Migrated,43
1790100214.410406100,Phase2_Migrated,49
1790100214.506102383,Phase2_Migrated,52
1790100214.601512036,Phase2_Migrated,38
1790100214.701910583,Phase2_Migrated,43
1790100214.808530827,Phase2_Migrated,48
1790100215.606793545,Uninterrupted_Baseline,41
1790100215.680075367,Uninterrupted_Baseline,50
1790100215.739997989,Uninterrupted_Baseline,58
1790100215.811481839,Uninterrupted_Baseline,40
1790100215.875276730,Uninterrupted_Baseline,42
1790100215.938634023,Uninterrupted_Baseline,45
1790100216.020357223,Uninterrupted_Baseline,48
1790100216.100960244,Uninterrupted_Baseline,52
1790100216.183705285,Uninterrupted_Baseline,37
1790100216.267347643,Uninterrupted_Baseline,41
1790100216.349978876,Uninterrupted_Baseline,46
1790100216.434771324,Uninterrupted_Baseline,50
1790100216.525794245,Uninterrupted_Baseline,53
1790100216.592634565,Uninterrupted_Baseline,39
1790100216.664329978,Uninterrupted_Baseline,42
1790100216.735725839,Uninterrupted_Baseline,45
1790100216.817838882,Uninterrupted_Baseline,34
1790100216.897023672,Uninterrupted_Baseline,39
1790100216.972249966,Uninterrupted_Baseline,43
1790100217.046730585,Uninterrupted_Baseline,46
1790100217.109257718,Uninterrupted_Baseline,49
1790100217.174808800,Uninterrupted_Baseline,52
1790100217.246575232,Uninterrupted_Baseline,37
1790100217.326139956,Uninterrupted_Baseline,40
1790100217.412038220,Uninterrupted_Baseline,44
1790100217.493998961,Uninterrupted_Baseline,49
1790100217.575355774,Uninterrupted_Baseline,51
1790100217.651274621,Uninterrupted_Baseline,38
1790100217.734083605,Uninterrupted_Baseline,42
1790100217.810326042,Uninterrupted_Baseline,45
1790100217.894026834,Uninterrupted_Baseline,49
1790100217.977846325,Uninterrupted_Baseline,52
1790100218.057071872,Uninterrupted_Baseline,38
1790100218.139288290,Uninterrupted_Baseline,42
1790100218.221104428,Uninterrupted_Baseline,45
1790100218.281170788,Uninterrupted_Baseline,49
1790100218.337808878,Uninterrupted_Baseline,50
1790100218.413359499,Uninterrupted_Baseline,53
1790100218.468207697,Uninterrupted_Baseline,38
1790100218.521960145,Uninterrupted_Baseline,40
1790100218.579636643,Uninterrupted_Baseline,42
1790100218.637684064,Uninterrupted_Baseline,45
1790100218.696247336,Uninterrupted_Baseline,49
1790100218.762775825,Uninterrupted_Baseline,50
1790100218.839611113,Uninterrupted_Baseline,37
1790100218.924355640,Uninterrupted_Baseline,39
1790100218.996937078,Uninterrupted_Baseline,44
1790100219.062125354,Uninterrupted_Baseline,47
1790100219.146774467,Uninterrupted_Baseline,51
1790100219.202387993,Uninterrupted_Baseline,53
1790100219.285934860,Uninterrupted_Baseline,39
1790100219.369849220,Uninterrupted_Baseline,44
1790100219.452377806,Uninterrupted_Baseline,32
1790100219.535352488,Uninterrupted_Baseline,37
1790100219.622921393,Uninterrupted_Baseline,41
1790100219.704706353,Uninterrupted_Baseline,45
1790100219.759826791,Uninterrupted_Baseline,47
1790100219.846117202,Uninterrupted_Baseline,52
1790100219.932558920,Uninterrupted_Baseline,55
1790100220.018616361,Uninterrupted_Baseline,40
1790100220.102017538,Uninterrupted_Baseline,44
1790100220.191892292,Uninterrupted_Baseline,28
1790100220.275719717,Uninterrupted_Baseline,37
1790100220.359604344,Uninterrupted_Baseline,43
1790100220.438570501,Uninterrupted_Baseline,46
1790100220.521638273,Uninterrupted_Baseline,50
1790100220.604403178,Uninterrupted_Baseline,52
1790100220.689578965,Uninterrupted_Baseline,38
1790100220.773232009,Uninterrupted_Baseline,42
1790100220.849944679,Uninterrupted_Baseline,46
1790100220.937819358,Uninterrupted_Baseline,50
1790100221.029922016,Uninterrupted_Baseline,53
1790100221.115740342,Uninterrupted_Baseline,39
1790100221.201982137,Uninterrupted_Baseline,42
1790100221.286420392,Uninterrupted_Baseline,47
1790100221.372566291,Uninterrupted_Baseline,35
1790100221.438186776,Uninterrupted_Baseline,38
1790100221.512594477,Uninterrupted_Baseline,43
1790100221.595072681,Uninterrupted_Baseline,46
1790100221.680217378,Uninterrupted_Baseline,49
1790100221.764436061,Uninterrupted_Baseline,53
1790100221.844926709,Uninterrupted_Baseline,38
1790100221.919044320,Uninterrupted_Baseline,42
1790100221.993775914,Uninterrupted_Baseline,46
1790100222.080172143,Uninterrupted_Baseline,49
1790100222.173930776,Uninterrupted_Baseline,53
1790100222.263019616,Uninterrupted_Baseline,39
1790100222.349228065,Uninterrupted_Baseline,44
1790100222.422347990,Uninterrupted_Baseline,47
1790100222.504080860,Uninterrupted_Baseline,51
1790100222.600874857,Uninterrupted_Baseline,38
1790100222.678899000,Uninterrupted_Baseline,42
1790100222.755618464,Uninterrupted_Baseline,45
1790100222.836434320,Uninterrupted_Baseline,49
1790100222.920959116,Uninterrupted_Baseline,52
1790100223.013699637,Uninterrupted_Baseline,39
1790100223.085287107,Uninterrupted_Baseline,42
1790100223.179247023,Uninterrupted_Baseline,47
1790100223.258111192,Uninterrupted_Baseline,51
1790100223.341973701,Uninterrupted_Baseline,54
1790100223.422414254,Uninterrupted_Baseline,39
1790100223.489327372,Uninterrupted_Baseline,42
1790100223.576714074,Uninterrupted_Baseline,47
1790100223.658394810,Uninterrupted_Baseline,34
1790100223.746870153,Uninterrupted_Baseline,39
1790100223.831913359,Uninterrupted_Baseline,44
1790100223.920408999,Uninterrupted_Baseline,48
1790100223.996845490,Uninterrupted_Baseline,50
1790100224.061297907,Uninterrupted_Baseline,53
1790100224.141743711,Uninterrupted_Baseline,39
1790100224.209924334,Uninterrupted_Baseline,42
1790100224.293584177,Uninterrupted_Baseline,47
1790100224.356379748,Uninterrupted_Baseline,50
1790100224.437553164,Uninterrupted_Baseline,52
1790100224.522705771,Uninterrupted_Baseline,39
1790100224.611767770,Uninterrupted_Baseline,42
1790100224.687846257,Uninterrupted_Baseline,47
1790100224.779126998,Uninterrupted_Baseline,34
1790100224.859933644,Uninterrupted_Baseline,38
1790100224.944770462,Uninterrupted_Baseline,43
1790100225.019575161,Uninterrupted_Baseline,47
1790100225.102408976,Uninterrupted_Baseline,51
1790100225.187868020,Uninterrupted_Baseline,37
1790100225.276816754,Uninterrupted_Baseline,41
1790100225.362166013,Uninterrupted_Baseline,44
1790100225.446399301,Uninterrupted_Baseline,49
1790100225.532961182,Uninterrupted_Baseline,52
1790100225.619694239,Uninterrupted_Baseline,38
1790100225.689699242,Uninterrupted_Baseline,42
1790100225.778718511,Uninterrupted_Baseline,46
1790100225.861332323,Uninterrupted_Baseline,50
1790100225.944847206,Uninterrupted_Baseline,53
1790100226.020491767,Uninterrupted_Baseline,39
1790100226.106794570,Uninterrupted_Baseline,43
1790100226.190246066,Uninterrupted_Baseline,47
1790100226.275942943,Uninterrupted_Baseline,35
1790100226.360571960,Uninterrupted_Baseline,39
1790100226.445988849,Uninterrupted_Baseline,44
1790100226.531819363,Uninterrupted_Baseline,48
1790100226.607371534,Uninterrupted_Baseline,52
1790100226.673776492,Uninterrupted_Baseline,38
1790100226.746888075,Uninterrupted_Baseline,41
1790100226.830552723,Uninterrupted_Baseline,46
1790100226.911562181,Uninterrupted_Baseline,48
1790100226.996373588,Uninterrupted_Baseline,51
1790100227.094768143,Uninterrupted_Baseline,36
1790100227.153242376,Uninterrupted_Baseline,39
1790100227.221495166,Uninterrupted_Baseline,42
1790100227.286514836,Uninterrupted_Baseline,46
1790100227.373109598,Uninterrupted_Baseline,50
1790100227.454864862,Uninterrupted_Baseline,52
1790100227.538270367,Uninterrupted_Baseline,39
1790100227.630593688,Uninterrupted_Baseline,44
1790100227.718515006,Uninterrupted_Baseline,48
1790100227.806034175,Uninterrupted_Baseline,50
1790100227.893327948,Uninterrupted_Baseline,38
1790100227.979615301,Uninterrupted_Baseline,42
1790100228.069524214,Uninterrupted_Baseline,46
1790100228.157437345,Uninterrupted_Baseline,49
1790100228.242988575,Uninterrupted_Baseline,53
1790100228.304924523,Uninterrupted_Baseline,38
1790100228.395130649,Uninterrupted_Baseline,42
1790100228.453351801,Uninterrupted_Baseline,45
1790100228.511154303,Uninterrupted_Baseline,48
1790100228.575006950,Uninterrupted_Baseline,50
1790100228.640059756,Uninterrupted_Baseline,54
1790100228.707176396,Uninterrupted_Baseline,38
1790100228.786539313,Uninterrupted_Baseline,42
1790100228.862273201,Uninterrupted_Baseline,45
1790100228.932639001,Uninterrupted_Baseline,33
1790100229.020198016,Uninterrupted_Baseline,38
1790100229.094561775,Uninterrupted_Baseline,41
1790100229.176114961,Uninterrupted_Baseline,47
1790100229.236288994,Uninterrupted_Baseline,48
1790100229.309349393,Uninterrupted_Baseline,51
1790100229.392277641,Uninterrupted_Baseline,37
1790100229.464746416,Uninterrupted_Baseline,39
1790100229.545152953,Uninterrupted_Baseline,44
1790100229.622105412,Uninterrupted_Baseline,47
1790100229.704375091,Uninterrupted_Baseline,50
1790100229.782518230,Uninterrupted_Baseline,53
1790100229.863841143,Uninterrupted_Baseline,39
1790100229.952349802,Uninterrupted_Baseline,44
1790100230.044834770,Uninterrupted_Baseline,48
1790100230.134268936,Uninterrupted_Baseline,51
1790100230.221608610,Uninterrupted_Baseline,38
1790100230.305930409,Uninterrupted_Baseline,42
1790100230.393902494,Uninterrupted_Baseline,45
1790100230.453000306,Uninterrupted_Baseline,48
1790100230.538063443,Uninterrupted_Baseline,51
1790100230.599596796,Uninterrupted_Baseline,38
1790100230.680684017,Uninterrupted_Baseline,41
1790100230.761802909,Uninterrupted_Baseline,44
1790100230.842840519,Uninterrupted_Baseline,49
1790100230.925475344,Uninterrupted_Baseline,51
1790100231.016356205,Uninterrupted_Baseline,38
1790100231.087530220,Uninterrupted_Baseline,42
1790100231.165003447,Uninterrupted_Baseline,45
1790100231.235299517,Uninterrupted_Baseline,49
1790100231.316423498,Uninterrupted_Baseline,52
1790100231.398391024,Uninterrupted_Baseline,38
1790100231.483395815,Uninterrupted_Baseline,42
1790100231.564152031,Uninterrupted_Baseline,44
1790100231.641943872,Uninterrupted_Baseline,49
1790100231.724270348,Uninterrupted_Baseline,51
1790100231.808509216,Uninterrupted_Baseline,37
1790100231.892112809,Uninterrupted_Baseline,41
1790100231.975569028,Uninterrupted_Baseline,44
1790100232.063720755,Uninterrupted_Baseline,49
1790100232.145841707,Uninterrupted_Baseline,52
1790100232.229061029,Uninterrupted_Baseline,38
1790100232.309966344,Uninterrupted_Baseline,41
1790100232.391197319,Uninterrupted_Baseline,45
1790100232.478060731,Uninterrupted_Baseline,48
1790100232.557917388,Uninterrupted_Baseline,51
1790100232.643305888,Uninterrupted_Baseline,38
1790100232.701685949,Uninterrupted_Baseline,40
1790100232.767203895,Uninterrupted_Baseline,44
1790100232.847149014,Uninterrupted_Baseline,48
1790100232.928045560,Uninterrupted_Baseline,51
1790100233.007694713,Uninterrupted_Baseline,37
