timestamp,session_type,cwnd_segments
1790266233.000947591,Phase1_Baseline,10
1790266233.074114638,Phase1_Baseline,18
1790266233.154144682,Phase1_Baseline,36
1790266233.231571624,Phase1_Baseline,70
1790266233.304560161,Phase1_Baseline,84
1790266233.372789664,Phase1_Baseline,168
1790266233.454202911,Phase1_Baseline,371
1790266233.543986277,Phase1_Baseline,419
1790266233.626294323,Phase1_Baseline,441
1790266233.707712234,Phase1_Baseline,441
1790266233.789090412,Phase1_Baseline,364
1790266233.868137576,Phase1_Baseline,308
1790266233.948641060,Phase1_Baseline,308
1790266234.019859555,Phase1_Baseline,215
1790266234.103265627,Phase1_Baseline,215
1790266234.182312175,Phase1_Baseline,151
1790266234.257220997,Phase1_Baseline,151
1790266234.335832467,Phase1_Baseline,151
1790266234.401713519,Phase1_Baseline,153
1790266234.478185108,Phase1_Baseline,154
1790266234.548949357,Phase1_Baseline,155
1790266234.624295035,Phase1_Baseline,157
1790266234.703896922,Phase1_Baseline,158
1790266234.785125970,Phase1_Baseline,160
1790266234.868161198,Phase1_Baseline,161
1790266234.925902356,Phase1_Baseline,162
1790266235.004464185,Phase1_Baseline,164
1790266235.064932140,Phase1_Baseline,164
1790266235.120963821,Phase1_Baseline,166
1790266235.200614889,Phase1_Baseline,167
1790266235.282710838,Phase1_Baseline,168
1790266235.357789744,Phase1_Baseline,169
1790266235.419121056,Phase1_Baseline,170
1790266235.495223051,Phase1_Baseline,171
1790266235.565774449,Phase1_Baseline,172
1790266235.646788357,Phase1_Baseline,173
1790266235.725180514,Phase1_Baseline,174
1790266235.808999420,Phase1_Baseline,175
1790266235.892985695,Phase1_Baseline,175
1790266235.968733929,Phase1_Baseline,176
1790266236.034754082,Phase1_Baseline,177
1790266236.115392593,Phase1_Baseline,177
1790266236.186599726,Phase1_Baseline,178
1790266236.266702801,Phase1_Baseline,178
1790266236.329007372,Phase1_Baseline,179
1790266236.408887944,Phase1_Baseline,179
1790266236.491891400,Phase1_Baseline,180
1790266236.560549140,Phase1_Baseline,180
1790266236.640102902,Phase1_Baseline,180
1790266236.722913426,Phase1_Baseline,181
1790266236.806477041,Phase1_Baseline,181
1790266236.888439384,Phase1_Baseline,181
1790266236.971308820,Phase1_Baseline,182
1790266237.045434895,Phase1_Baseline,182
1790266237.127525009,Phase1_Baseline,182
1790266237.209684517,Phase1_Baseline,182
1790266237.282177671,Phase1_Baseline,183
1790266237.353979442,Phase1_Baseline,183
1790266237.425576282,Phase1_Baseline,183
1790266237.507616704,Phase1_Baseline,183
1790266237.585266602,Phase1_Baseline,183
1790266237.658581250,Phase1_Baseline,183
1790266237.744286441,Phase1_Baseline,183
1790266237.817486660,Phase1_Baseline,183
1790266237.909494988,Phase1_Baseline,183
1790266237.995863873,Phase1_Baseline,183
1790266238.070308567,Phase1_Baseline,183
1790266238.131502979,Phase1_Baseline,183
1790266238.197337933,Phase1_Baseline,183
1790266238.273811852,Phase1_Baseline,183
1790266238.345482558,Phase1_Baseline,183
1790266238.408216195,Phase1_Baseline,183
1790266238.460582254,Phase1_Baseline,183
1790266238.514828035,Phase1_Baseline,183
1790266238.572724018,Phase1_Baseline,183
1790266238.630468592,Phase1_Baseline,183
1790266238.684445925,Phase1_Baseline,183
1790266238.739113521,Phase1_Baseline,183
1790266238.804873729,Phase1_Baseline,183
1790266238.876101005,Phase1_Baseline,183
1790266238.945139998,Phase1_Baseline,184
1790266239.023459635,Phase1_Baseline,185
1790266239.104994518,Phase1_Baseline,185
1790266239.188819935,Phase1_Baseline,186
1790266239.258248936,Phase1_Baseline,186
1790266239.339511953,Phase1_Baseline,187
1790266239.418052481,Phase1_Baseline,188
1790266239.495398051,Phase1_Baseline,188
1790266239.579410909,Phase1_Baseline,189
1790266239.657789306,Phase1_Baseline,189
1790266239.735244315,Phase1_Baseline,190
1790266239.811603325,Phase1_Baseline,191
1790266239.895221279,Phase1_Baseline,191
1790266239.975682758,Phase1_Baseline,192
1790266240.056639040,Phase1_Baseline,192
1790266240.129465744,Phase1_Baseline,193
1790266240.210323158,Phase1_Baseline,194
1790266240.295316961,Phase1_Baseline,194
1790266240.372591386,Phase1_Baseline,195
1790266240.458465462,Phase1_Baseline,195
1790266240.539373343,Phase1_Baseline,196
1790266240.621281519,Phase1_Baseline,196
1790266240.705804769,Phase1_Baseline,197
1790266240.781132801,Phase1_Baseline,198
1790266240.859934403,Phase1_Baseline,198
1790266240.948798423,Phase1_Baseline,199
1790266241.031288262,Phase1_Baseline,199
1790266241.099879335,Phase1_Baseline,200
1790266241.186721707,Phase1_Baseline,201
1790266241.264571338,Phase1_Baseline,201
1790266241.327598852,Phase1_Baseline,202
1790266241.405993549,Phase1_Baseline,202
1790266241.487311965,Phase1_Baseline,203
1790266241.571763967,Phase1_Baseline,203
1790266241.652509927,Phase1_Baseline,204
1790266241.732215349,Phase1_Baseline,205
1790266241.816903482,Phase1_Baseline,205
1790266241.902555288,Phase1_Baseline,206
1790266241.994998850,Phase1_Baseline,206
1790266242.079129461,Phase1_Baseline,207
1790266242.150734863,Phase1_Baseline,208
1790266242.234413722,Phase1_Baseline,208
1790266242.315191027,Phase1_Baseline,209
1790266242.375546248,Phase1_Baseline,209
1790266242.448822403,Phase1_Baseline,210
1790266242.517872693,Phase1_Baseline,210
1790266242.597864279,Phase1_Baseline,211
1790266242.662820720,Phase1_Baseline,211
1790266242.745394902,Phase1_Baseline,212
1790266242.825543648,Phase1_Baseline,212
1790266242.895933305,Phase1_Baseline,213
1790266242.957825461,Phase1_Baseline,214
1790266243.024268829,Phase1_Baseline,215
1790266243.088081058,Phase1_Baseline,217
1790266243.154343770,Phase1_Baseline,219
1790266243.234455613,Phase1_Baseline,221
1790266243.320516294,Phase1_Baseline,223
1790266243.394910835,Phase1_Baseline,224
1790266243.445104990,Phase1_Baseline,226
1790266243.542585667,Phase1_Baseline,229
1790266243.625287768,Phase1_Baseline,231
1790266243.704141352,Phase1_Baseline,234
1790266243.781636618,Phase1_Baseline,236
1790266243.865170530,Phase1_Baseline,238
1790266243.934191800,Phase1_Baseline,240
1790266244.017845112,Phase1_Baseline,243
1790266244.097986656,Phase1_Baseline,246
1790266244.176440154,Phase1_Baseline,249
1790266244.255069698,Phase1_Baseline,252
1790266244.327831564,Phase1_Baseline,254
1790266244.410962983,Phase1_Baseline,258
1790266244.495362574,Phase1_Baseline,261
1790266244.562455238,Phase1_Baseline,264
1790266244.634460086,Phase1_Baseline,267
1790266244.720743246,Phase1_Baseline,271
1790266244.797076503,Phase1_Baseline,274
1790266244.867268575,Phase1_Baseline,277
1790266244.937995553,Phase1_Baseline,280
1790266245.017417765,Phase1_Baseline,285
1790266245.106612059,Phase1_Baseline,289
1790266245.180424181,Phase1_Baseline,292
1790266245.247937422,Phase1_Baseline,295
1790266245.327407249,Phase1_Baseline,299
1790266245.388505890,Phase1_Baseline,303
1790266245.468137235,Phase1_Baseline,308
1790266245.552760484,Phase1_Baseline,313
1790266245.628806752,Phase1_Baseline,316
1790266245.706906768,Phase1_Baseline,321
1790266245.787815976,Phase1_Baseline,326
1790266245.871710818,Phase1_Baseline,332
1790266245.948062970,Phase1_Baseline,335
1790266246.031066018,Phase1_Baseline,341
1790266246.113526470,Phase1_Baseline,346
1790266246.191306722,Phase1_Baseline,242
1790266246.274787247,Phase1_Baseline,242
1790266246.354439095,Phase1_Baseline,242
1790266246.433771031,Phase1_Baseline,169
1790266246.525966138,Phase1_Baseline,169
1790266246.582352461,Phase1_Baseline,169
1790266246.640959063,Phase1_Baseline,169
1790266246.713038713,Phase1_Baseline,172
1790266246.796351303,Phase1_Baseline,173
1790266246.858123093,Phase1_Baseline,175
1790266246.925391591,Phase1_Baseline,176
1790266246.997446266,Phase1_Baseline,178
1790266247.076893286,Phase1_Baseline,179
1790266247.165399206,Phase1_Baseline,181
1790266247.230087512,Phase1_Baseline,182
1790266247.316379257,Phase1_Baseline,184
1790266247.393013541,Phase1_Baseline,185
1790266247.484109568,Phase1_Baseline,186
1790266247.566605780,Phase1_Baseline,188
1790266247.629828564,Phase1_Baseline,189
1790266247.714863209,Phase1_Baseline,190
1790266247.791630379,Phase1_Baseline,191
1790266247.879852219,Phase1_Baseline,192
1790266247.952728917,Phase1_Baseline,193
1790266248.029921857,Phase1_Baseline,194
1790266248.087308743,Phase1_Baseline,195
1790266248.153501012,Phase1_Baseline,195
1790266248.217170290,Phase1_Baseline,196
1790266248.288277890,Phase1_Baseline,197
1790266248.366613887,Phase1_Baseline,198
1790266248.435639984,Phase1_Baseline,198
1790266248.493223288,Phase1_Baseline,199
1790266248.553457270,Phase1_Baseline,199
1790266248.625617189,Phase1_Baseline,200
1790266248.701289494,Phase1_Baseline,200
1790266248.782065453,Phase1_Baseline,201
1790266248.859954071,Phase1_Baseline,201
1790266248.936580302,Phase1_Baseline,202
1790266249.014872850,Phase1_Baseline,202
1790266249.096407094,Phase1_Baseline,202
1790266249.157283876,Phase1_Baseline,203
1790266249.224987903,Phase1_Baseline,203
1790266249.304052992,Phase1_Baseline,203
1790266249.387971115,Phase1_Baseline,204
1790266249.472726910,Phase1_Baseline,204
1790266249.550764427,Phase1_Baseline,204
1790266249.625442560,Phase1_Baseline,204
1790266249.712365399,Phase1_Baseline,204
1790266249.799504118,Phase1_Baseline,205
1790266249.882445888,Phase1_Baseline,205
1790266249.965218999,Phase1_Baseline,205
1790266250.040557883,Phase1_Baseline,205
1790266250.117475767,Phase1_Baseline,205
1790266250.202259988,Phase1_Baseline,205
1790266250.287423710,Phase1_Baseline,205
1790266250.369840463,Phase1_Baseline,205
1790266250.446388816,Phase1_Baseline,205
1790266250.524309307,Phase1_Baseline,205
1790266250.591126918,Phase1_Baseline,205
1790266250.663725268,Phase1_Baseline,205
1790266250.734951493,Phase1_Baseline,205
1790266250.816520221,Phase1_Baseline,205
1790266250.886724627,Phase1_Baseline,205
1790266250.971413505,Phase1_Baseline,205
1790266251.053268081,Phase1_Baseline,205
1790266251.126211610,Phase1_Baseline,205
1790266251.198093440,Phase1_Baseline,205
1790266251.277250096,Phase1_Baseline,205
1790266251.349916413,Phase1_Baseline,205
1790266251.420066476,Phase1_Baseline,205
1790266251.502841700,Phase1_Baseline,205
1790266251.569737234,Phase1_Baseline,205
1790266251.646915470,Phase1_Baseline,205
1790266251.720516511,Phase1_Baseline,206
1790266251.803577677,Phase1_Baseline,206
1790266251.892870670,Phase1_Baseline,207
1790266251.979899353,Phase1_Baseline,207
1790266252.068384379,Phase1_Baseline,208
1790266252.155624274,Phase1_Baseline,209
1790266252.235995126,Phase1_Baseline,209
1790266252.321471124,Phase1_Baseline,210
1790266252.408378314,Phase1_Baseline,211
1790266252.495773971,Phase1_Baseline,211
1790266252.584755222,Phase1_Baseline,212
1790266252.666468801,Phase1_Baseline,212
1790266252.745582631,Phase1_Baseline,213
1790266252.829522854,Phase1_Baseline,214
1790266252.908902457,Phase1_Baseline,214
1790266252.993614298,Phase1_Baseline,215
1790266253.080153006,Phase1_Baseline,215
1790266253.168859796,Phase1_Baseline,216
1790266253.249596653,Phase1_Baseline,217
1790266253.340635552,Phase1_Baseline,217
1790266253.432618718,Phase1_Baseline,218
1790266253.500838803,Phase1_Baseline,218
1790266253.576687535,Phase1_Baseline,219
1790266253.650078855,Phase1_Baseline,220
1790266253.735521620,Phase1_Baseline,220
1790266253.816693712,Phase1_Baseline,221
1790266253.899593728,Phase1_Baseline,221
1790266253.985870726,Phase1_Baseline,222
1790266254.081120897,Phase1_Baseline,223
1790266254.167442277,Phase1_Baseline,223
1790266254.233839608,Phase1_Baseline,224
1790266254.317083193,Phase1_Baseline,224
1790266254.398842398,Phase1_Baseline,225
1790266254.483051567,Phase1_Baseline,226
1790266254.566274247,Phase1_Baseline,226
1790266254.656334680,Phase1_Baseline,227
1790266254.743493210,Phase1_Baseline,228
1790266254.816880850,Phase1_Baseline,228
1790266254.884394118,Phase1_Baseline,228
1790266254.968508792,Phase1_Baseline,229
1790266255.022732167,Phase1_Baseline,230
1790266255.077309744,Phase1_Baseline,230
1790266255.140361214,Phase1_Baseline,231
1790266255.223317401,Phase1_Baseline,232
1790266255.284172152,Phase1_Baseline,234
1790266255.367515302,Phase1_Baseline,235
1790266255.442429268,Phase1_Baseline,237
1790266255.526136244,Phase1_Baseline,239
1790266255.605897473,Phase1_Baseline,241
1790266255.686438376,Phase1_Baseline,243
1790266255.762381063,Phase1_Baseline,245
1790266255.844499552,Phase1_Baseline,247
1790266255.925171740,Phase1_Baseline,249
1790266256.004448826,Phase1_Baseline,251
1790266256.084047468,Phase1_Baseline,254
1790266256.162461115,Phase1_Baseline,256
1790266256.236314047,Phase1_Baseline,258
1790266256.296868380,Phase1_Baseline,260
1790266256.362814317,Phase1_Baseline,262
1790266256.432578245,Phase1_Baseline,265
1790266256.502883053,Phase1_Baseline,266
1790266256.587803596,Phase1_Baseline,269
1790266256.671746215,Phase1_Baseline,273
1790266256.751304473,Phase1_Baseline,276
1790266256.827381576,Phase1_Baseline,279
1790266256.918201681,Phase1_Baseline,283
1790266256.997479946,Phase1_Baseline,286
1790266257.078424438,Phase1_Baseline,289
1790266257.159913764,Phase1_Baseline,292
1790266257.236562594,Phase1_Baseline,296
1790266257.310116106,Phase1_Baseline,300
1790266257.395880783,Phase1_Baseline,303
1790266257.472807442,Phase1_Baseline,307
1790266257.564997187,Phase1_Baseline,312
1790266257.649442308,Phase1_Baseline,316
1790266257.725420941,Phase1_Baseline,319
1790266257.811591177,Phase1_Baseline,324
1790266257.878810174,Phase1_Baseline,328
1790266257.958598724,Phase1_Baseline,332
1790266258.031485521,Phase1_Baseline,336
1790266259.357099763,Phase2_Migrated,10
1790266259.446352204,Phase2_Migrated,10
1790266259.526235264,Phase2_Migrated,18
1790266259.619311036,Phase2_Migrated,38
1790266259.706477185,Phase2_Migrated,104
1790266259.784860332,Phase2_Migrated,210
1790266259.875792736,Phase2_Migrated,490
1790266259.966446905,Phase2_Migrated,833
1790266260.060591047,Phase2_Migrated,777
1790266260.151623580,Phase2_Migrated,583
1790266260.237639477,Phase2_Migrated,583
1790266260.335980592,Phase2_Migrated,575
1790266260.430369092,Phase2_Migrated,446
1790266260.525397669,Phase2_Migrated,408
1790266260.620594128,Phase2_Migrated,336
1790266260.715794096,Phase2_Migrated,285
1790266260.810246383,Phase2_Migrated,199
1790266260.899297020,Phase2_Migrated,199
1790266260.998013228,Phase2_Migrated,174
1790266261.084760212,Phase2_Migrated,139
1790266261.150525267,Phase2_Migrated,139
1790266261.237930360,Phase2_Migrated,141
1790266261.305213964,Phase2_Migrated,142
1790266261.381468638,Phase2_Migrated,144
1790266261.482485914,Phase2_Migrated,145
1790266261.573219809,Phase2_Migrated,147
1790266261.680640373,Phase2_Migrated,149
1790266261.741162592,Phase2_Migrated,150
1790266261.818947577,Phase2_Migrated,151
1790266261.902893103,Phase2_Migrated,152
1790266261.998895788,Phase2_Migrated,154
1790266262.084882526,Phase2_Migrated,155
1790266262.181382942,Phase2_Migrated,156
1790266262.278975049,Phase2_Migrated,158
1790266262.376984741,Phase2_Migrated,159
1790266262.467872005,Phase2_Migrated,160
1790266262.545237521,Phase2_Migrated,161
1790266262.633102797,Phase2_Migrated,162
1790266262.729331069,Phase2_Migrated,162
1790266262.796188280,Phase2_Migrated,163
1790266262.876645694,Phase2_Migrated,164
1790266262.962715437,Phase2_Migrated,164
1790266263.062240662,Phase2_Migrated,165
1790266263.161325730,Phase2_Migrated,165
1790266263.257492915,Phase2_Migrated,166
1790266263.342488851,Phase2_Migrated,166
1790266263.433833350,Phase2_Migrated,167
1790266263.532240049,Phase2_Migrated,167
1790266263.626578130,Phase2_Migrated,167
1790266263.723890184,Phase2_Migrated,168
1790266263.819562857,Phase2_Migrated,168
1790266263.925358482,Phase2_Migrated,168
1790266264.010050590,Phase2_Migrated,169
1790266264.098806750,Phase2_Migrated,169
1790266264.177389941,Phase2_Migrated,169
1790266264.264957454,Phase2_Migrated,169
1790266264.366098592,Phase2_Migrated,169
1790266264.462784374,Phase2_Migrated,169
1790266264.556609294,Phase2_Migrated,169
1790266264.647685115,Phase2_Migrated,169
1790266264.732326645,Phase2_Migrated,169
1790266264.824020339,Phase2_Migrated,169
1790266264.902112591,Phase2_Migrated,169
1790266264.963472834,Phase2_Migrated,169
1790266265.051907588,Phase2_Migrated,169
1790266265.147106971,Phase2_Migrated,169
1790266265.237869346,Phase2_Migrated,169
1790266265.330698971,Phase2_Migrated,169
1790266265.426021965,Phase2_Migrated,169
1790266265.514872060,Phase2_Migrated,170
1790266265.607772364,Phase2_Migrated,171
1790266265.703715675,Phase2_Migrated,172
1790266265.790555770,Phase2_Migrated,172
1790266265.879954041,Phase2_Migrated,173
1790266265.970536207,Phase2_Migrated,174
1790266266.067234822,Phase2_Migrated,174
1790266266.164682032,Phase2_Migrated,175
1790266266.257862314,Phase2_Migrated,176
1790266266.345183301,Phase2_Migrated,176
1790266266.438322387,Phase2_Migrated,177
1790266266.528711463,Phase2_Migrated,178
1790266266.620088959,Phase2_Migrated,178
1790266266.712435693,Phase2_Migrated,179
1790266266.806939934,Phase2_Migrated,180
1790266266.900702353,Phase2_Migrated,180
1790266267.005378990,Phase2_Migrated,181
1790266267.104927738,Phase2_Migrated,182
1790266267.204109855,Phase2_Migrated,183
1790266267.272812730,Phase2_Migrated,183
1790266267.365280171,Phase2_Migrated,184
1790266267.466009089,Phase2_Migrated,185
1790266267.566454760,Phase2_Migrated,185
1790266267.665725288,Phase2_Migrated,186
1790266267.768183448,Phase2_Migrated,187
1790266267.864994713,Phase2_Migrated,188
1790266267.968949531,Phase2_Migrated,188
1790266268.038040250,Phase2_Migrated,189
1790266268.106018512,Phase2_Migrated,189
1790266268.185595001,Phase2_Migrated,190
1790266268.267224822,Phase2_Migrated,190
1790266268.340721137,Phase2_Migrated,191
1790266268.418773445,Phase2_Migrated,191
1790266268.472957760,Phase2_Migrated,192
1790266268.540108266,Phase2_Migrated,192
1790266268.616325106,Phase2_Migrated,193
1790266268.693458924,Phase2_Migrated,194
1790266268.776387725,Phase2_Migrated,194
1790266268.875582213,Phase2_Migrated,195
1790266268.969287671,Phase2_Migrated,196
1790266269.066896527,Phase2_Migrated,197
1790266269.131283885,Phase2_Migrated,197
1790266269.199903677,Phase2_Migrated,197
1790266269.299140701,Phase2_Migrated,198
1790266269.392297884,Phase2_Migrated,199
1790266269.483707784,Phase2_Migrated,200
1790266269.584380657,Phase2_Migrated,200
1790266269.671777842,Phase2_Migrated,201
1790266269.751810009,Phase2_Migrated,202
1790266269.826463743,Phase2_Migrated,203
1790266269.919858104,Phase2_Migrated,206
1790266270.015283358,Phase2_Migrated,208
1790266270.112291499,Phase2_Migrated,211
1790266270.207825071,Phase2_Migrated,213
1790266270.297499642,Phase2_Migrated,216
1790266270.386527244,Phase2_Migrated,218
1790266270.474182319,Phase2_Migrated,221
1790266270.561011203,Phase2_Migrated,223
1790266270.648803489,Phase2_Migrated,226
1790266270.737412288,Phase2_Migrated,229
1790266270.832739389,Phase2_Migrated,232
1790266270.921980041,Phase2_Migrated,236
1790266271.014951244,Phase2_Migrated,239
1790266271.107156936,Phase2_Migrated,242
1790266271.212491616,Phase2_Migrated,246
1790266271.325304788,Phase2_Migrated,251
1790266271.381720471,Phase2_Migrated,253
1790266271.455753188,Phase2_Migrated,257
1790266271.550135184,Phase2_Migrated,261
1790266271.630505922,Phase2_Migrated,265
1790266271.699482537,Phase2_Migrated,268
1790266271.764154922,Phase2_Migrated,271
1790266271.844976934,Phase2_Migrated,276
1790266271.937584468,Phase2_Migrated,280
1790266272.028274744,Phase2_Migrated,285
1790266272.118318360,Phase2_Migrated,289
1790266272.212641045,Phase2_Migrated,294
1790266272.299572720,Phase2_Migrated,299
1790266272.387591366,Phase2_Migrated,305
1790266272.486495271,Phase2_Migrated,311
1790266272.579915947,Phase2_Migrated,317
1790266272.671695223,Phase2_Migrated,322
1790266272.755411083,Phase2_Migrated,327
1790266272.851191768,Phase2_Migrated,333
1790266272.942684464,Phase2_Migrated,275
1790266273.023645134,Phase2_Migrated,235
1790266273.111915125,Phase2_Migrated,235
1790266273.204365554,Phase2_Migrated,165
1790266273.299905610,Phase2_Migrated,166
1790266273.392466742,Phase2_Migrated,168
1790266273.490331338,Phase2_Migrated,170
1790266273.588677822,Phase2_Migrated,172
1790266273.683471345,Phase2_Migrated,174
1790266273.782485037,Phase2_Migrated,176
1790266273.874751305,Phase2_Migrated,178
1790266273.970911717,Phase2_Migrated,179
1790266274.068596960,Phase2_Migrated,181
1790266274.171559434,Phase2_Migrated,182
1790266274.267990860,Phase2_Migrated,184
1790266274.357150297,Phase2_Migrated,185
1790266274.456306225,Phase2_Migrated,186
1790266274.542962878,Phase2_Migrated,187
1790266274.638417223,Phase2_Migrated,189
1790266274.729753303,Phase2_Migrated,190
1790266274.824979345,Phase2_Migrated,191
1790266274.932107516,Phase2_Migrated,192
1790266274.997707912,Phase2_Migrated,193
1790266275.065567755,Phase2_Migrated,193
1790266275.150269599,Phase2_Migrated,194
1790266275.228760256,Phase2_Migrated,195
1790266275.322118279,Phase2_Migrated,195
1790266275.418896289,Phase2_Migrated,196
1790266275.513354608,Phase2_Migrated,196
1790266275.612191997,Phase2_Migrated,197
1790266275.700386861,Phase2_Migrated,197
1790266275.786331402,Phase2_Migrated,198
1790266275.878194721,Phase2_Migrated,198
1790266275.978469754,Phase2_Migrated,198
1790266276.070830699,Phase2_Migrated,199
1790266276.169488375,Phase2_Migrated,199
1790266276.270266845,Phase2_Migrated,199
1790266276.366805000,Phase2_Migrated,200
1790266276.465353122,Phase2_Migrated,200
1790266276.562775647,Phase2_Migrated,200
1790266276.662978214,Phase2_Migrated,200
1790266276.756291937,Phase2_Migrated,200
1790266276.845824370,Phase2_Migrated,200
1790266276.936837451,Phase2_Migrated,200
1790266277.037150874,Phase2_Migrated,200
1790266277.129227950,Phase2_Migrated,200
1790266277.217512104,Phase2_Migrated,200
1790266277.295914385,Phase2_Migrated,200
1790266277.390883936,Phase2_Migrated,200
1790266277.482886858,Phase2_Migrated,200
1790266277.580078214,Phase2_Migrated,200
1790266277.664596449,Phase2_Migrated,200
1790266277.757239373,Phase2_Migrated,200
1790266277.846818903,Phase2_Migrated,200
1790266277.939243754,Phase2_Migrated,200
1790266278.022760354,Phase2_Migrated,200
1790266278.104009988,Phase2_Migrated,200
1790266278.184582676,Phase2_Migrated,200
1790266278.262320544,Phase2_Migrated,201
1790266278.325082581,Phase2_Migrated,201
1790266278.410922181,Phase2_Migrated,202
1790266278.466322718,Phase2_Migrated,202
1790266278.527824016,Phase2_Migrated,203
1790266278.591392847,Phase2_Migrated,203
1790266278.662322938,Phase2_Migrated,203
1790266278.749231157,Phase2_Migrated,204
1790266278.841491450,Phase2_Migrated,205
1790266278.935509511,Phase2_Migrated,205
1790266279.022305168,Phase2_Migrated,206
1790266279.096581278,Phase2_Migrated,206
1790266279.165534336,Phase2_Migrated,207
1790266279.258767395,Phase2_Migrated,208
1790266279.351960667,Phase2_Migrated,208
1790266279.442306853,Phase2_Migrated,209
1790266279.526857702,Phase2_Migrated,210
1790266279.604512786,Phase2_Migrated,210
1790266279.691549656,Phase2_Migrated,211
1790266279.778064454,Phase2_Migrated,212
1790266279.860463379,Phase2_Migrated,212
1790266279.956223595,Phase2_Migrated,213
1790266280.049155383,Phase2_Migrated,214
1790266280.125063237,Phase2_Migrated,214
1790266280.200619065,Phase2_Migrated,215
1790266280.291447785,Phase2_Migrated,215
1790266280.371396442,Phase2_Migrated,216
1790266280.453096464,Phase2_Migrated,216
1790266280.545594628,Phase2_Migrated,217
1790266280.626945380,Phase2_Migrated,218
1790266280.697975997,Phase2_Migrated,218
1790266280.776232934,Phase2_Migrated,219
1790266280.858225456,Phase2_Migrated,220
1790266280.943813648,Phase2_Migrated,220
1790266281.034826147,Phase2_Migrated,221
1790266281.132578706,Phase2_Migrated,222
1790266281.219064217,Phase2_Migrated,222
1790266281.301257053,Phase2_Migrated,223
1790266281.394911541,Phase2_Migrated,224
1790266281.492350846,Phase2_Migrated,224
1790266281.590324977,Phase2_Migrated,225
1790266281.680374478,Phase2_Migrated,225
1790266281.769869375,Phase2_Migrated,227
1790266281.863403671,Phase2_Migrated,228
1790266281.930449736,Phase2_Migrated,229
1790266282.016307462,Phase2_Migrated,231
1790266282.116583196,Phase2_Migrated,234
1790266282.206992689,Phase2_Migrated,236
1790266282.298975436,Phase2_Migrated,238
1790266282.398421420,Phase2_Migrated,240
1790266282.494155082,Phase2_Migrated,243
1790266282.585149559,Phase2_Migrated,245
1790266282.676331866,Phase2_Migrated,248
1790266282.764232760,Phase2_Migrated,250
1790266282.858135165,Phase2_Migrated,253
1790266282.953679175,Phase2_Migrated,256
1790266283.046685971,Phase2_Migrated,259
1790266283.138832074,Phase2_Migrated,262
1790266283.231075192,Phase2_Migrated,266
1790266283.319545087,Phase2_Migrated,269
1790266283.413165047,Phase2_Migrated,272
1790266283.504171174,Phase2_Migrated,276
1790266283.595928043,Phase2_Migrated,280
1790266283.692279867,Phase2_Migrated,284
1790266283.788532925,Phase2_Migrated,288
1790266283.885732403,Phase2_Migrated,292
1790266283.977752432,Phase2_Migrated,297
1790266284.071333580,Phase2_Migrated,301
1790266284.154413981,Phase2_Migrated,305
1790266284.228994259,Phase2_Migrated,309
1790266284.316232481,Phase2_Migrated,313
1790266284.408499574,Phase2_Migrated,318
1790266284.505177566,Phase2_Migrated,323
1790266285.925270829,Uninterrupted_Baseline,1
1790266285.998986702,Uninterrupted_Baseline,1
1790266286.083400257,Uninterrupted_Baseline,1
1790266286.147088845,Uninterrupted_Baseline,1
1790266286.236748856,Uninterrupted_Baseline,1
1790266286.323128497,Uninterrupted_Baseline,1
1790266286.407116887,Uninterrupted_Baseline,1
1790266286.493373321,Uninterrupted_Baseline,1
1790266286.577072873,Uninterrupted_Baseline,1
1790266286.661732731,Uninterrupted_Baseline,1
1790266286.747073360,Uninterrupted_Baseline,1
1790266286.830991849,Uninterrupted_Baseline,1
1790266286.911495717,Uninterrupted_Baseline,1
1790266286.993309270,Uninterrupted_Baseline,1
1790266287.079224050,Uninterrupted_Baseline,1
1790266287.164018934,Uninterrupted_Baseline,1
1790266287.222932387,Uninterrupted_Baseline,1
1790266287.222932387,Uninterrupted_Baseline,10
1790266287.288757776,Uninterrupted_Baseline,1
1790266287.288757776,Uninterrupted_Baseline,18
1790266287.374006443,Uninterrupted_Baseline,1
1790266287.374006443,Uninterrupted_Baseline,42
1790266287.455598604,Uninterrupted_Baseline,1
1790266287.455598604,Uninterrupted_Baseline,85
1790266287.537758658,Uninterrupted_Baseline,1
1790266287.537758658,Uninterrupted_Baseline,95
1790266287.621415795,Uninterrupted_Baseline,1
1790266287.621415795,Uninterrupted_Baseline,289
1790266287.706383846,Uninterrupted_Baseline,1
1790266287.706383846,Uninterrupted_Baseline,541
1790266287.792866722,Uninterrupted_Baseline,1
1790266287.792866722,Uninterrupted_Baseline,852
1790266287.873531574,Uninterrupted_Baseline,1
1790266287.873531574,Uninterrupted_Baseline,596
1790266287.950162035,Uninterrupted_Baseline,1
1790266287.950162035,Uninterrupted_Baseline,596
1790266288.028302597,Uninterrupted_Baseline,1
1790266288.028302597,Uninterrupted_Baseline,596
1790266288.089465380,Uninterrupted_Baseline,1
1790266288.089465380,Uninterrupted_Baseline,596
1790266288.158600821,Uninterrupted_Baseline,1
1790266288.158600821,Uninterrupted_Baseline,598
1790266288.242626125,Uninterrupted_Baseline,1
1790266288.242626125,Uninterrupted_Baseline,513
1790266288.295128418,Uninterrupted_Baseline,1
1790266288.295128418,Uninterrupted_Baseline,420
1790266288.377362027,Uninterrupted_Baseline,1
1790266288.377362027,Uninterrupted_Baseline,420
1790266288.431672373,Uninterrupted_Baseline,1
1790266288.431672373,Uninterrupted_Baseline,377
1790266288.481424306,Uninterrupted_Baseline,1
1790266288.481424306,Uninterrupted_Baseline,294
1790266288.534353846,Uninterrupted_Baseline,1
1790266288.534353846,Uninterrupted_Baseline,294
1790266288.594739732,Uninterrupted_Baseline,1
1790266288.594739732,Uninterrupted_Baseline,294
1790266288.661442393,Uninterrupted_Baseline,1
1790266288.661442393,Uninterrupted_Baseline,248
1790266288.731430635,Uninterrupted_Baseline,1
1790266288.731430635,Uninterrupted_Baseline,205
1790266288.815480276,Uninterrupted_Baseline,1
1790266288.815480276,Uninterrupted_Baseline,205
1790266288.893469902,Uninterrupted_Baseline,1
1790266288.893469902,Uninterrupted_Baseline,144
1790266288.976071414,Uninterrupted_Baseline,1
1790266288.976071414,Uninterrupted_Baseline,144
1790266289.068401038,Uninterrupted_Baseline,1
1790266289.068401038,Uninterrupted_Baseline,144
1790266289.139893320,Uninterrupted_Baseline,1
1790266289.139893320,Uninterrupted_Baseline,146
1790266289.196448362,Uninterrupted_Baseline,1
1790266289.196448362,Uninterrupted_Baseline,147
1790266289.279378964,Uninterrupted_Baseline,1
1790266289.279378964,Uninterrupted_Baseline,148
1790266289.365260292,Uninterrupted_Baseline,1
1790266289.365260292,Uninterrupted_Baseline,150
1790266289.445681951,Uninterrupted_Baseline,1
1790266289.445681951,Uninterrupted_Baseline,152
1790266289.531521090,Uninterrupted_Baseline,1
1790266289.531521090,Uninterrupted_Baseline,153
1790266289.614731933,Uninterrupted_Baseline,1
1790266289.614731933,Uninterrupted_Baseline,155
1790266289.681198429,Uninterrupted_Baseline,1
1790266289.681198429,Uninterrupted_Baseline,156
1790266289.760879006,Uninterrupted_Baseline,1
1790266289.760879006,Uninterrupted_Baseline,157
1790266289.840117840,Uninterrupted_Baseline,1
1790266289.840117840,Uninterrupted_Baseline,158
1790266289.910026300,Uninterrupted_Baseline,1
1790266289.910026300,Uninterrupted_Baseline,159
1790266289.995928046,Uninterrupted_Baseline,1
1790266289.995928046,Uninterrupted_Baseline,161
1790266290.081996356,Uninterrupted_Baseline,1
1790266290.081996356,Uninterrupted_Baseline,162
1790266290.162285785,Uninterrupted_Baseline,1
1790266290.162285785,Uninterrupted_Baseline,163
1790266290.241433472,Uninterrupted_Baseline,1
1790266290.241433472,Uninterrupted_Baseline,164
1790266290.326618492,Uninterrupted_Baseline,1
1790266290.326618492,Uninterrupted_Baseline,165
1790266290.410300689,Uninterrupted_Baseline,1
1790266290.410300689,Uninterrupted_Baseline,166
1790266290.496435809,Uninterrupted_Baseline,1
1790266290.496435809,Uninterrupted_Baseline,166
1790266290.561490047,Uninterrupted_Baseline,1
1790266290.561490047,Uninterrupted_Baseline,167
1790266290.642955518,Uninterrupted_Baseline,1
1790266290.642955518,Uninterrupted_Baseline,168
1790266290.723689990,Uninterrupted_Baseline,1
1790266290.723689990,Uninterrupted_Baseline,169
1790266290.816338568,Uninterrupted_Baseline,1
1790266290.816338568,Uninterrupted_Baseline,170
1790266290.897120221,Uninterrupted_Baseline,1
1790266290.897120221,Uninterrupted_Baseline,170
1790266290.978292568,Uninterrupted_Baseline,1
1790266290.978292568,Uninterrupted_Baseline,171
1790266291.060321875,Uninterrupted_Baseline,1
1790266291.060321875,Uninterrupted_Baseline,171
1790266291.142700800,Uninterrupted_Baseline,1
1790266291.142700800,Uninterrupted_Baseline,172
1790266291.224858091,Uninterrupted_Baseline,1
1790266291.224858091,Uninterrupted_Baseline,172
1790266291.299943392,Uninterrupted_Baseline,1
1790266291.299943392,Uninterrupted_Baseline,172
1790266291.382472983,Uninterrupted_Baseline,1
1790266291.382472983,Uninterrupted_Baseline,173
1790266291.467100372,Uninterrupted_Baseline,1
1790266291.467100372,Uninterrupted_Baseline,173
1790266291.553103202,Uninterrupted_Baseline,1
1790266291.553103202,Uninterrupted_Baseline,173
1790266291.632427146,Uninterrupted_Baseline,1
1790266291.632427146,Uninterrupted_Baseline,174
1790266291.718566512,Uninterrupted_Baseline,1
1790266291.718566512,Uninterrupted_Baseline,174
1790266291.802093243,Uninterrupted_Baseline,1
1790266291.802093243,Uninterrupted_Baseline,174
1790266291.893503568,Uninterrupted_Baseline,1
1790266291.893503568,Uninterrupted_Baseline,174
1790266291.970535835,Uninterrupted_Baseline,1
1790266291.970535835,Uninterrupted_Baseline,175
1790266292.050596600,Uninterrupted_Baseline,1
1790266292.050596600,Uninterrupted_Baseline,175
1790266292.132170992,Uninterrupted_Baseline,1
1790266292.132170992,Uninterrupted_Baseline,175
1790266292.224272214,Uninterrupted_Baseline,1
1790266292.224272214,Uninterrupted_Baseline,175
1790266292.311515652,Uninterrupted_Baseline,1
1790266292.311515652,Uninterrupted_Baseline,175
1790266292.381383711,Uninterrupted_Baseline,1
1790266292.381383711,Uninterrupted_Baseline,175
1790266292.461580099,Uninterrupted_Baseline,1
1790266292.461580099,Uninterrupted_Baseline,175
1790266292.544767662,Uninterrupted_Baseline,1
1790266292.544767662,Uninterrupted_Baseline,175
1790266292.627436539,Uninterrupted_Baseline,1
1790266292.627436539,Uninterrupted_Baseline,175
1790266292.709743933,Uninterrupted_Baseline,1
1790266292.709743933,Uninterrupted_Baseline,175
1790266292.793443845,Uninterrupted_Baseline,1
1790266292.793443845,Uninterrupted_Baseline,175
1790266292.877499541,Uninterrupted_Baseline,1
1790266292.877499541,Uninterrupted_Baseline,175
1790266292.963893521,Uninterrupted_Baseline,1
1790266292.963893521,Uninterrupted_Baseline,175
1790266293.046248626,Uninterrupted_Baseline,1
1790266293.046248626,Uninterrupted_Baseline,175
1790266293.129593474,Uninterrupted_Baseline,1
1790266293.129593474,Uninterrupted_Baseline,175
1790266293.215355167,Uninterrupted_Baseline,1
1790266293.215355167,Uninterrupted_Baseline,175
1790266293.297846198,Uninterrupted_Baseline,1
1790266293.297846198,Uninterrupted_Baseline,175
1790266293.381962639,Uninterrupted_Baseline,1
1790266293.381962639,Uninterrupted_Baseline,175
1790266293.459424621,Uninterrupted_Baseline,1
1790266293.459424621,Uninterrupted_Baseline,176
1790266293.542975162,Uninterrupted_Baseline,1
1790266293.542975162,Uninterrupted_Baseline,176
1790266293.630401506,Uninterrupted_Baseline,1
1790266293.630401506,Uninterrupted_Baseline,177
1790266293.721979968,Uninterrupted_Baseline,1
1790266293.721979968,Uninterrupted_Baseline,178
1790266293.808197084,Uninterrupted_Baseline,1
1790266293.808197084,Uninterrupted_Baseline,178
1790266293.889515979,Uninterrupted_Baseline,1
1790266293.889515979,Uninterrupted_Baseline,179
1790266293.970598871,Uninterrupted_Baseline,1
1790266293.970598871,Uninterrupted_Baseline,179
1790266294.051321613,Uninterrupted_Baseline,1
1790266294.051321613,Uninterrupted_Baseline,180
1790266294.137461941,Uninterrupted_Baseline,1
1790266294.137461941,Uninterrupted_Baseline,180
1790266294.222431644,Uninterrupted_Baseline,1
1790266294.222431644,Uninterrupted_Baseline,181
1790266294.305589438,Uninterrupted_Baseline,1
1790266294.305589438,Uninterrupted_Baseline,182
1790266294.388374296,Uninterrupted_Baseline,1
1790266294.388374296,Uninterrupted_Baseline,182
1790266294.464409995,Uninterrupted_Baseline,1
1790266294.464409995,Uninterrupted_Baseline,183
1790266294.531246238,Uninterrupted_Baseline,1
1790266294.531246238,Uninterrupted_Baseline,183
1790266294.603307067,Uninterrupted_Baseline,1
1790266294.603307067,Uninterrupted_Baseline,184
1790266294.671253449,Uninterrupted_Baseline,1
1790266294.671253449,Uninterrupted_Baseline,184
1790266294.752989447,Uninterrupted_Baseline,1
1790266294.752989447,Uninterrupted_Baseline,185
1790266294.834729469,Uninterrupted_Baseline,1
1790266294.834729469,Uninterrupted_Baseline,186
1790266294.917803140,Uninterrupted_Baseline,1
1790266294.917803140,Uninterrupted_Baseline,186
1790266294.971553262,Uninterrupted_Baseline,1
1790266294.971553262,Uninterrupted_Baseline,186
1790266295.024795179,Uninterrupted_Baseline,1
1790266295.024795179,Uninterrupted_Baseline,187
1790266295.081534507,Uninterrupted_Baseline,1
1790266295.081534507,Uninterrupted_Baseline,187
1790266295.154456685,Uninterrupted_Baseline,1
1790266295.154456685,Uninterrupted_Baseline,188
1790266295.240583507,Uninterrupted_Baseline,1
1790266295.240583507,Uninterrupted_Baseline,189
1790266295.318089583,Uninterrupted_Baseline,1
1790266295.318089583,Uninterrupted_Baseline,189
1790266295.402423313,Uninterrupted_Baseline,1
1790266295.402423313,Uninterrupted_Baseline,190
1790266295.481135040,Uninterrupted_Baseline,1
1790266295.481135040,Uninterrupted_Baseline,190
1790266295.543499705,Uninterrupted_Baseline,1
1790266295.543499705,Uninterrupted_Baseline,191
1790266295.608722888,Uninterrupted_Baseline,1
1790266295.608722888,Uninterrupted_Baseline,191
1790266295.687592558,Uninterrupted_Baseline,1
1790266295.687592558,Uninterrupted_Baseline,192
1790266295.773199160,Uninterrupted_Baseline,1
1790266295.773199160,Uninterrupted_Baseline,193
1790266295.849236476,Uninterrupted_Baseline,1
1790266295.849236476,Uninterrupted_Baseline,193
1790266295.913891624,Uninterrupted_Baseline,1
1790266295.913891624,Uninterrupted_Baseline,193
1790266295.976249184,Uninterrupted_Baseline,1
1790266295.976249184,Uninterrupted_Baseline,194
1790266296.064768946,Uninterrupted_Baseline,1
1790266296.064768946,Uninterrupted_Baseline,195
1790266296.151751915,Uninterrupted_Baseline,1
1790266296.151751915,Uninterrupted_Baseline,195
1790266296.211076552,Uninterrupted_Baseline,1
1790266296.211076552,Uninterrupted_Baseline,196
1790266296.297022825,Uninterrupted_Baseline,1
1790266296.297022825,Uninterrupted_Baseline,196
1790266296.378741563,Uninterrupted_Baseline,1
1790266296.378741563,Uninterrupted_Baseline,197
1790266296.461208182,Uninterrupted_Baseline,197
1790266296.545815230,Uninterrupted_Baseline,198
1790266296.631525341,Uninterrupted_Baseline,199
1790266296.718306555,Uninterrupted_Baseline,199
1790266296.802890606,Uninterrupted_Baseline,200
1790266296.892378080,Uninterrupted_Baseline,201
1790266296.974767027,Uninterrupted_Baseline,201
1790266297.060302826,Uninterrupted_Baseline,202
1790266297.142214515,Uninterrupted_Baseline,202
1790266297.221467811,Uninterrupted_Baseline,203
1790266297.293964235,Uninterrupted_Baseline,203
1790266297.379288778,Uninterrupted_Baseline,204
1790266297.459582003,Uninterrupted_Baseline,205
1790266297.546000221,Uninterrupted_Baseline,206
1790266297.627441096,Uninterrupted_Baseline,207
1790266297.711791631,Uninterrupted_Baseline,208
1790266297.794229611,Uninterrupted_Baseline,210
1790266297.874149831,Uninterrupted_Baseline,212
1790266297.960208481,Uninterrupted_Baseline,214
1790266298.049586626,Uninterrupted_Baseline,217
1790266298.139931388,Uninterrupted_Baseline,219
1790266298.221326498,Uninterrupted_Baseline,221
1790266298.281185065,Uninterrupted_Baseline,223
1790266298.365836712,Uninterrupted_Baseline,225
1790266298.434168020,Uninterrupted_Baseline,227
1790266298.488672453,Uninterrupted_Baseline,229
1790266298.566317099,Uninterrupted_Baseline,231
1790266298.628679854,Uninterrupted_Baseline,234
1790266298.715928819,Uninterrupted_Baseline,236
1790266298.798928211,Uninterrupted_Baseline,239
1790266298.875145209,Uninterrupted_Baseline,242
1790266298.960256276,Uninterrupted_Baseline,245
1790266299.039311838,Uninterrupted_Baseline,248
1790266299.129010156,Uninterrupted_Baseline,251
1790266299.190642088,Uninterrupted_Baseline,255
1790266299.275703922,Uninterrupted_Baseline,258
1790266299.358428366,Uninterrupted_Baseline,261
1790266299.441994306,Uninterrupted_Baseline,264
1790266299.527815716,Uninterrupted_Baseline,269
1790266299.608256029,Uninterrupted_Baseline,272
1790266299.686964639,Uninterrupted_Baseline,276
1790266299.768273869,Uninterrupted_Baseline,280
1790266299.847146870,Uninterrupted_Baseline,285
1790266299.914233687,Uninterrupted_Baseline,288
1790266299.988497092,Uninterrupted_Baseline,292
1790266300.070741706,Uninterrupted_Baseline,296
1790266300.155933241,Uninterrupted_Baseline,301
1790266300.235934383,Uninterrupted_Baseline,305
1790266300.322006589,Uninterrupted_Baseline,310
1790266300.401308798,Uninterrupted_Baseline,315
1790266300.481985119,Uninterrupted_Baseline,319
1790266300.543783039,Uninterrupted_Baseline,323
1790266300.613762082,Uninterrupted_Baseline,328
1790266300.693384287,Uninterrupted_Baseline,333
1790266300.777228086,Uninterrupted_Baseline,339
1790266300.856631121,Uninterrupted_Baseline,344
1790266300.934363878,Uninterrupted_Baseline,348
1790266301.017487514,Uninterrupted_Baseline,354
1790266301.096839300,Uninterrupted_Baseline,360
1790266301.167887519,Uninterrupted_Baseline,365
1790266301.257625298,Uninterrupted_Baseline,256
1790266301.339979607,Uninterrupted_Baseline,258
1790266301.422829385,Uninterrupted_Baseline,263
1790266301.503546234,Uninterrupted_Baseline,267
1790266301.582254535,Uninterrupted_Baseline,270
1790266301.671357015,Uninterrupted_Baseline,274
1790266301.759723689,Uninterrupted_Baseline,278
1790266301.848797849,Uninterrupted_Baseline,282
1790266301.924354271,Uninterrupted_Baseline,285
1790266302.007120435,Uninterrupted_Baseline,288
1790266302.092990619,Uninterrupted_Baseline,292
1790266302.162362214,Uninterrupted_Baseline,294
1790266302.226072136,Uninterrupted_Baseline,297
1790266302.308093342,Uninterrupted_Baseline,300
1790266302.391783674,Uninterrupted_Baseline,303
1790266302.475895076,Uninterrupted_Baseline,306
1790266302.562164028,Uninterrupted_Baseline,309
1790266302.647886521,Uninterrupted_Baseline,311
1790266302.729624264,Uninterrupted_Baseline,314
1790266302.814238419,Uninterrupted_Baseline,317
1790266302.896119959,Uninterrupted_Baseline,319
1790266302.978111428,Uninterrupted_Baseline,322
1790266303.062360781,Uninterrupted_Baseline,324
1790266303.144747576,Uninterrupted_Baseline,326
1790266303.226203650,Uninterrupted_Baseline,328
1790266303.311078115,Uninterrupted_Baseline,284
1790266303.397007169,Uninterrupted_Baseline,231
1790266303.482225771,Uninterrupted_Baseline,231
1790266303.562204637,Uninterrupted_Baseline,201
1790266303.646008240,Uninterrupted_Baseline,162
1790266303.729951295,Uninterrupted_Baseline,142
1790266303.811303883,Uninterrupted_Baseline,139
1790266303.903796725,Uninterrupted_Baseline,113
1790266303.957013049,Uninterrupted_Baseline,114
1790266304.010006075,Uninterrupted_Baseline,115
1790266304.076941704,Uninterrupted_Baseline,116
1790266304.151283298,Uninterrupted_Baseline,117
1790266304.231275567,Uninterrupted_Baseline,119
1790266304.301927741,Uninterrupted_Baseline,120
1790266304.386392595,Uninterrupted_Baseline,121
1790266304.469517324,Uninterrupted_Baseline,122
1790266304.538586893,Uninterrupted_Baseline,123
1790266304.618900617,Uninterrupted_Baseline,124
1790266304.701901036,Uninterrupted_Baseline,126
1790266304.785230871,Uninterrupted_Baseline,127
1790266304.885373170,Uninterrupted_Baseline,128
1790266304.940739208,Uninterrupted_Baseline,128
1790266305.009907945,Uninterrupted_Baseline,129
1790266305.076519102,Uninterrupted_Baseline,130
1790266305.159256601,Uninterrupted_Baseline,130
1790266305.241339106,Uninterrupted_Baseline,131
1790266305.324174994,Uninterrupted_Baseline,132
1790266305.410610219,Uninterrupted_Baseline,132
1790266305.494937767,Uninterrupted_Baseline,133
1790266305.580374010,Uninterrupted_Baseline,133
1790266305.662768001,Uninterrupted_Baseline,134
1790266305.745303540,Uninterrupted_Baseline,134
1790266305.825997162,Uninterrupted_Baseline,135
1790266305.914923713,Uninterrupted_Baseline,135
1790266305.994713880,Uninterrupted_Baseline,135
1790266306.076560023,Uninterrupted_Baseline,136
1790266306.152741446,Uninterrupted_Baseline,136
1790266306.232536720,Uninterrupted_Baseline,136
1790266306.311452719,Uninterrupted_Baseline,136
1790266306.392596575,Uninterrupted_Baseline,136
1790266306.463926264,Uninterrupted_Baseline,137
1790266306.543727443,Uninterrupted_Baseline,137
1790266306.612097712,Uninterrupted_Baseline,137
1790266306.680977458,Uninterrupted_Baseline,137
1790266306.763628404,Uninterrupted_Baseline,137
1790266306.848440438,Uninterrupted_Baseline,137
1790266306.933813282,Uninterrupted_Baseline,137
1790266307.006633620,Uninterrupted_Baseline,137
1790266307.089868254,Uninterrupted_Baseline,137
1790266307.173956409,Uninterrupted_Baseline,137
1790266307.230973305,Uninterrupted_Baseline,137
1790266307.308356295,Uninterrupted_Baseline,138
1790266307.384186994,Uninterrupted_Baseline,138
1790266307.466549007,Uninterrupted_Baseline,139
1790266307.550634617,Uninterrupted_Baseline,139
1790266307.637886890,Uninterrupted_Baseline,140
1790266307.727919169,Uninterrupted_Baseline,141
1790266307.808592381,Uninterrupted_Baseline,141
1790266307.888315805,Uninterrupted_Baseline,142
1790266307.970129393,Uninterrupted_Baseline,143
1790266308.046442617,Uninterrupted_Baseline,143
1790266308.116953843,Uninterrupted_Baseline,144
1790266308.182478658,Uninterrupted_Baseline,144
1790266308.267150695,Uninterrupted_Baseline,145
1790266308.340101915,Uninterrupted_Baseline,145
1790266308.416853858,Uninterrupted_Baseline,146
1790266308.470128905,Uninterrupted_Baseline,146
1790266308.522245892,Uninterrupted_Baseline,147
1790266308.589073063,Uninterrupted_Baseline,147
1790266308.662534700,Uninterrupted_Baseline,148
1790266308.727885944,Uninterrupted_Baseline,148
1790266308.803369916,Uninterrupted_Baseline,149
1790266308.879625646,Uninterrupted_Baseline,149
1790266308.950345296,Uninterrupted_Baseline,150
1790266309.035001949,Uninterrupted_Baseline,151
1790266309.118069472,Uninterrupted_Baseline,151
1790266309.183692060,Uninterrupted_Baseline,152
1790266309.269375052,Uninterrupted_Baseline,152
1790266309.351147200,Uninterrupted_Baseline,153
1790266309.435321603,Uninterrupted_Baseline,154
1790266309.520105240,Uninterrupted_Baseline,154
1790266309.607764702,Uninterrupted_Baseline,155
1790266309.687534525,Uninterrupted_Baseline,155
1790266309.770708605,Uninterrupted_Baseline,156
1790266309.855086114,Uninterrupted_Baseline,157
1790266309.940562383,Uninterrupted_Baseline,157
1790266310.022707602,Uninterrupted_Baseline,158
1790266310.102566864,Uninterrupted_Baseline,158
1790266310.186581090,Uninterrupted_Baseline,159
1790266310.268596804,Uninterrupted_Baseline,159
1790266310.356326727,Uninterrupted_Baseline,160
1790266310.437614003,Uninterrupted_Baseline,161
1790266310.520873717,Uninterrupted_Baseline,161
1790266310.579021425,Uninterrupted_Baseline,162
1790266310.647696436,Uninterrupted_Baseline,162
1790266310.730448271,Uninterrupted_Baseline,163
1790266310.814096750,Uninterrupted_Baseline,164
1790266310.895406574,Uninterrupted_Baseline,164
1790266310.977630862,Uninterrupted_Baseline,165
1790266311.056714673,Uninterrupted_Baseline,166
1790266311.141846858,Uninterrupted_Baseline,166
1790266311.226053684,Uninterrupted_Baseline,167
1790266311.303887659,Uninterrupted_Baseline,167
1790266311.380958831,Uninterrupted_Baseline,168
1790266311.464276933,Uninterrupted_Baseline,168
1790266311.548373228,Uninterrupted_Baseline,169
1790266311.627022403,Uninterrupted_Baseline,169
1790266311.705454672,Uninterrupted_Baseline,170
1790266311.773304305,Uninterrupted_Baseline,171
1790266311.855137519,Uninterrupted_Baseline,171
1790266311.939830374,Uninterrupted_Baseline,172
1790266312.022150287,Uninterrupted_Baseline,172
1790266312.106201078,Uninterrupted_Baseline,173
1790266312.180767663,Uninterrupted_Baseline,174
1790266312.268550057,Uninterrupted_Baseline,174
1790266312.351288934,Uninterrupted_Baseline,175
1790266312.421802743,Uninterrupted_Baseline,176
1790266312.484215232,Uninterrupted_Baseline,178
1790266312.577142221,Uninterrupted_Baseline,180
1790266312.657828715,Uninterrupted_Baseline,182
1790266312.722013174,Uninterrupted_Baseline,184
1790266312.803148254,Uninterrupted_Baseline,186
1790266312.883187239,Uninterrupted_Baseline,188
1790266312.962234759,Uninterrupted_Baseline,190
1790266313.036831228,Uninterrupted_Baseline,193
1790266313.099359436,Uninterrupted_Baseline,194
1790266313.163710803,Uninterrupted_Baseline,196
1790266313.224104129,Uninterrupted_Baseline,199
1790266313.293411542,Uninterrupted_Baseline,201
1790266313.366335648,Uninterrupted_Baseline,204
1790266313.442403538,Uninterrupted_Baseline,207
1790266313.521923085,Uninterrupted_Baseline,209
1790266313.581285651,Uninterrupted_Baseline,212
1790266313.646244805,Uninterrupted_Baseline,215
1790266313.727598338,Uninterrupted_Baseline,218
1790266313.804415083,Uninterrupted_Baseline,221
1790266313.885588756,Uninterrupted_Baseline,225
1790266313.961273129,Uninterrupted_Baseline,228
1790266314.045078422,Uninterrupted_Baseline,232
1790266314.129590636,Uninterrupted_Baseline,236
1790266314.208916356,Uninterrupted_Baseline,240
1790266314.290063127,Uninterrupted_Baseline,243
1790266314.372509000,Uninterrupted_Baseline,248
1790266314.455942029,Uninterrupted_Baseline,253
1790266314.536522296,Uninterrupted_Baseline,257
1790266314.620694612,Uninterrupted_Baseline,261
1790266314.708708757,Uninterrupted_Baseline,266
1790266314.792232607,Uninterrupted_Baseline,271
1790266314.870366756,Uninterrupted_Baseline,276
1790266314.933493599,Uninterrupted_Baseline,278
1790266314.984330226,Uninterrupted_Baseline,283
1790266315.061524163,Uninterrupted_Baseline,287
1790266315.140711330,Uninterrupted_Baseline,292
1790266315.223977283,Uninterrupted_Baseline,298
1790266315.309489988,Uninterrupted_Baseline,303
1790266315.385937217,Uninterrupted_Baseline,309
1790266315.469973162,Uninterrupted_Baseline,315
1790266315.551552458,Uninterrupted_Baseline,320
1790266315.635518062,Uninterrupted_Baseline,326
1790266315.716403905,Uninterrupted_Baseline,332
1790266315.797252073,Uninterrupted_Baseline,338
1790266315.879384859,Uninterrupted_Baseline,344
1790266315.956964011,Uninterrupted_Baseline,264
1790266316.033698453,Uninterrupted_Baseline,242
1790266316.115447241,Uninterrupted_Baseline,242
1790266316.205001496,Uninterrupted_Baseline,187
1790266316.295886148,Uninterrupted_Baseline,169
1790266316.375980023,Uninterrupted_Baseline,170
1790266316.457623460,Uninterrupted_Baseline,172
1790266316.536039010,Uninterrupted_Baseline,174
1790266316.620790828,Uninterrupted_Baseline,176
1790266316.707360172,Uninterrupted_Baseline,178
1790266316.795917740,Uninterrupted_Baseline,179
1790266316.873182325,Uninterrupted_Baseline,181
1790266316.953638730,Uninterrupted_Baseline,182
1790266317.035291101,Uninterrupted_Baseline,184
1790266317.125115859,Uninterrupted_Baseline,185
1790266317.207789277,Uninterrupted_Baseline,186
1790266317.275112438,Uninterrupted_Baseline,187
1790266317.362129793,Uninterrupted_Baseline,189
1790266317.440355524,Uninterrupted_Baseline,190
1790266317.521171743,Uninterrupted_Baseline,191
1790266317.600033927,Uninterrupted_Baseline,192
1790266317.686000671,Uninterrupted_Baseline,193
1790266317.776189896,Uninterrupted_Baseline,195
1790266317.858945732,Uninterrupted_Baseline,196
1790266317.942582711,Uninterrupted_Baseline,196
1790266318.029175736,Uninterrupted_Baseline,197
1790266318.090260843,Uninterrupted_Baseline,198
1790266318.163436816,Uninterrupted_Baseline,198
1790266318.226719029,Uninterrupted_Baseline,199
1790266318.282483638,Uninterrupted_Baseline,199
1790266318.345785902,Uninterrupted_Baseline,200
1790266318.426010527,Uninterrupted_Baseline,200
1790266318.474844911,Uninterrupted_Baseline,201
1790266318.528427768,Uninterrupted_Baseline,201
1790266318.595818204,Uninterrupted_Baseline,201
1790266318.663234335,Uninterrupted_Baseline,202
1790266318.727745052,Uninterrupted_Baseline,202
1790266318.785145586,Uninterrupted_Baseline,202
1790266318.869284438,Uninterrupted_Baseline,203
1790266318.952192732,Uninterrupted_Baseline,203
1790266319.018243239,Uninterrupted_Baseline,203
1790266319.098884466,Uninterrupted_Baseline,204
1790266319.159814989,Uninterrupted_Baseline,204
1790266319.225596842,Uninterrupted_Baseline,204
1790266319.307779025,Uninterrupted_Baseline,204
1790266319.389886674,Uninterrupted_Baseline,204
1790266319.470941170,Uninterrupted_Baseline,205
1790266319.547563187,Uninterrupted_Baseline,205
1790266319.615956800,Uninterrupted_Baseline,205
1790266319.696462807,Uninterrupted_Baseline,205
1790266319.765385396,Uninterrupted_Baseline,205
1790266319.821020333,Uninterrupted_Baseline,205
1790266319.900485073,Uninterrupted_Baseline,205
1790266319.961281380,Uninterrupted_Baseline,205
1790266320.035778806,Uninterrupted_Baseline,205
1790266320.115068982,Uninterrupted_Baseline,205
1790266320.195486929,Uninterrupted_Baseline,205
1790266320.280751161,Uninterrupted_Baseline,205
1790266320.365562134,Uninterrupted_Baseline,205
1790266320.438937880,Uninterrupted_Baseline,205
1790266320.524456666,Uninterrupted_Baseline,205
1790266320.597579214,Uninterrupted_Baseline,205
1790266320.680549562,Uninterrupted_Baseline,205
1790266320.762588598,Uninterrupted_Baseline,205
1790266320.841237248,Uninterrupted_Baseline,205
1790266320.915299091,Uninterrupted_Baseline,205
1790266320.988583317,Uninterrupted_Baseline,205
1790266321.049609046,Uninterrupted_Baseline,205
1790266321.125004518,Uninterrupted_Baseline,205
1790266321.211334001,Uninterrupted_Baseline,205
1790266321.294480997,Uninterrupted_Baseline,205
1790266321.378577948,Uninterrupted_Baseline,206
1790266321.464444380,Uninterrupted_Baseline,206
1790266321.529296419,Uninterrupted_Baseline,207
1790266321.612845453,Uninterrupted_Baseline,207
1790266321.702869364,Uninterrupted_Baseline,208
1790266321.791167376,Uninterrupted_Baseline,208
1790266321.867032335,Uninterrupted_Baseline,209
1790266321.944683659,Uninterrupted_Baseline,210
1790266322.025526568,Uninterrupted_Baseline,210
1790266322.109412550,Uninterrupted_Baseline,211
1790266322.188889146,Uninterrupted_Baseline,211
1790266322.250756481,Uninterrupted_Baseline,212
1790266322.328728683,Uninterrupted_Baseline,213
1790266322.390927128,Uninterrupted_Baseline,213
1790266322.474249621,Uninterrupted_Baseline,214
1790266322.559544274,Uninterrupted_Baseline,214
1790266322.639862956,Uninterrupted_Baseline,215
1790266322.705248185,Uninterrupted_Baseline,215
1790266322.787628570,Uninterrupted_Baseline,216
1790266322.871208715,Uninterrupted_Baseline,217
1790266322.945801660,Uninterrupted_Baseline,217
1790266323.011554714,Uninterrupted_Baseline,218
1790266323.090867612,Uninterrupted_Baseline,218
1790266323.159425220,Uninterrupted_Baseline,219
1790266323.227069061,Uninterrupted_Baseline,219
1790266323.305571520,Uninterrupted_Baseline,220
1790266323.387766882,Uninterrupted_Baseline,220
1790266323.471382911,Uninterrupted_Baseline,221
1790266323.548264506,Uninterrupted_Baseline,221
1790266323.627412966,Uninterrupted_Baseline,222
1790266323.693946158,Uninterrupted_Baseline,222
1790266323.769297307,Uninterrupted_Baseline,223
1790266323.845149974,Uninterrupted_Baseline,224
1790266323.926195625,Uninterrupted_Baseline,224
1790266324.008185494,Uninterrupted_Baseline,225
1790266324.089015661,Uninterrupted_Baseline,225
1790266324.167952796,Uninterrupted_Baseline,226
1790266324.246251288,Uninterrupted_Baseline,227
1790266324.329718058,Uninterrupted_Baseline,227
1790266324.415400404,Uninterrupted_Baseline,228
1790266324.495347878,Uninterrupted_Baseline,228
1790266324.577840211,Uninterrupted_Baseline,229
1790266324.666825601,Uninterrupted_Baseline,230
1790266324.760025262,Uninterrupted_Baseline,230
1790266324.830284997,Uninterrupted_Baseline,231
1790266324.880876597,Uninterrupted_Baseline,232
1790266324.939468071,Uninterrupted_Baseline,233
1790266325.008700983,Uninterrupted_Baseline,234
1790266325.090733516,Uninterrupted_Baseline,236
1790266325.179629424,Uninterrupted_Baseline,238
1790266325.254781472,Uninterrupted_Baseline,240
1790266325.318412783,Uninterrupted_Baseline,241
1790266325.403494852,Uninterrupted_Baseline,243
1790266325.487936187,Uninterrupted_Baseline,246
1790266325.579215764,Uninterrupted_Baseline,248
1790266325.667692958,Uninterrupted_Baseline,251
1790266325.755037591,Uninterrupted_Baseline,253
1790266325.840034164,Uninterrupted_Baseline,255
1790266325.922909058,Uninterrupted_Baseline,258
1790266326.009225600,Uninterrupted_Baseline,260
1790266326.098357729,Uninterrupted_Baseline,263
1790266326.169776910,Uninterrupted_Baseline,266
1790266326.245542436,Uninterrupted_Baseline,268
1790266326.326181436,Uninterrupted_Baseline,271
1790266326.406309094,Uninterrupted_Baseline,274
1790266326.487612041,Uninterrupted_Baseline,277
1790266326.565965099,Uninterrupted_Baseline,280
1790266326.648605055,Uninterrupted_Baseline,284
1790266326.736207504,Uninterrupted_Baseline,287
1790266326.823720985,Uninterrupted_Baseline,291
1790266326.908971060,Uninterrupted_Baseline,295
1790266326.995589936,Uninterrupted_Baseline,298
1790266327.067947634,Uninterrupted_Baseline,302
1790266327.147508700,Uninterrupted_Baseline,305
1790266327.227500774,Uninterrupted_Baseline,309
1790266327.292476565,Uninterrupted_Baseline,313
1790266327.374996933,Uninterrupted_Baseline,317
1790266327.443542029,Uninterrupted_Baseline,321
1790266327.526226876,Uninterrupted_Baseline,325
1790266327.609789695,Uninterrupted_Baseline,329
1790266327.691272710,Uninterrupted_Baseline,334
1790266327.774913986,Uninterrupted_Baseline,338
1790266327.858685697,Uninterrupted_Baseline,344
1790266327.942140862,Uninterrupted_Baseline,348
1790266328.015529718,Uninterrupted_Baseline,352
1790266328.086698812,Uninterrupted_Baseline,357
1790266328.173258452,Uninterrupted_Baseline,249
1790266328.249425220,Uninterrupted_Baseline,249
1790266328.306782599,Uninterrupted_Baseline,249
1790266328.377210800,Uninterrupted_Baseline,252
1790266328.445876892,Uninterrupted_Baseline,254
1790266328.496482907,Uninterrupted_Baseline,257
1790266328.554921363,Uninterrupted_Baseline,260
1790266328.608771840,Uninterrupted_Baseline,262
1790266328.667069601,Uninterrupted_Baseline,265
1790266328.726141101,Uninterrupted_Baseline,267
1790266328.790991303,Uninterrupted_Baseline,271
1790266328.874437056,Uninterrupted_Baseline,274
1790266328.956330284,Uninterrupted_Baseline,277
1790266329.040139152,Uninterrupted_Baseline,280
1790266329.099492505,Uninterrupted_Baseline,283
1790266329.177945179,Uninterrupted_Baseline,286
1790266329.251784728,Uninterrupted_Baseline,289
1790266329.336711545,Uninterrupted_Baseline,292
1790266329.415805425,Uninterrupted_Baseline,295
1790266329.496803515,Uninterrupted_Baseline,297
1790266329.576442086,Uninterrupted_Baseline,300
1790266329.660185658,Uninterrupted_Baseline,303
1790266329.735889890,Uninterrupted_Baseline,305
1790266329.822249244,Uninterrupted_Baseline,308
1790266329.905608327,Uninterrupted_Baseline,310
1790266329.982388009,Uninterrupted_Baseline,312
1790266330.064938252,Uninterrupted_Baseline,315
1790266330.151960064,Uninterrupted_Baseline,317
1790266330.235360904,Uninterrupted_Baseline,319
1790266330.303365921,Uninterrupted_Baseline,321
1790266330.388510226,Uninterrupted_Baseline,323
1790266330.457794498,Uninterrupted_Baseline,325
1790266330.524762222,Uninterrupted_Baseline,326
1790266330.583266860,Uninterrupted_Baseline,328
1790266330.660984956,Uninterrupted_Baseline,330
1790266330.731403760,Uninterrupted_Baseline,330
1790266330.806759153,Uninterrupted_Baseline,332
1790266330.876941567,Uninterrupted_Baseline,334
1790266330.958328024,Uninterrupted_Baseline,335
1790266331.038095755,Uninterrupted_Baseline,336
1790266331.108812989,Uninterrupted_Baseline,337
1790266331.172738396,Uninterrupted_Baseline,235
1790266331.238488286,Uninterrupted_Baseline,235
1790266331.304495372,Uninterrupted_Baseline,235
1790266331.385936996,Uninterrupted_Baseline,164
1790266331.467504770,Uninterrupted_Baseline,164
1790266331.554361897,Uninterrupted_Baseline,167
1790266331.646015082,Uninterrupted_Baseline,169
1790266331.728524180,Uninterrupted_Baseline,170
1790266331.812285704,Uninterrupted_Baseline,172
1790266331.894449004,Uninterrupted_Baseline,174
1790266331.977375748,Uninterrupted_Baseline,175
1790266332.044314008,Uninterrupted_Baseline,177
1790266332.122127741,Uninterrupted_Baseline,178
1790266332.208165985,Uninterrupted_Baseline,179
1790266332.293349762,Uninterrupted_Baseline,181
1790266332.373540313,Uninterrupted_Baseline,182
1790266332.458991281,Uninterrupted_Baseline,183
1790266332.543835879,Uninterrupted_Baseline,184
1790266332.611029541,Uninterrupted_Baseline,185
1790266332.675216478,Uninterrupted_Baseline,186
1790266332.750040071,Uninterrupted_Baseline,187
1790266332.830427054,Uninterrupted_Baseline,188
1790266332.921116374,Uninterrupted_Baseline,189
1790266332.992294056,Uninterrupted_Baseline,190
1790266333.069340316,Uninterrupted_Baseline,191
1790266333.149724788,Uninterrupted_Baseline,192
1790266333.233523346,Uninterrupted_Baseline,192
1790266333.306369434,Uninterrupted_Baseline,193
1790266333.388957779,Uninterrupted_Baseline,194
1790266333.470361308,Uninterrupted_Baseline,194
1790266333.554003062,Uninterrupted_Baseline,195
1790266333.638595894,Uninterrupted_Baseline,195
1790266333.724326480,Uninterrupted_Baseline,196
1790266333.805147206,Uninterrupted_Baseline,196
1790266333.888811932,Uninterrupted_Baseline,196
1790266333.973751086,Uninterrupted_Baseline,197
1790266334.058424505,Uninterrupted_Baseline,197
1790266334.143197129,Uninterrupted_Baseline,197
1790266334.222120465,Uninterrupted_Baseline,198
1790266334.303816897,Uninterrupted_Baseline,198
1790266334.386970109,Uninterrupted_Baseline,198
1790266334.471908032,Uninterrupted_Baseline,198
1790266334.550690498,Uninterrupted_Baseline,199
1790266334.639326895,Uninterrupted_Baseline,199
1790266334.734630062,Uninterrupted_Baseline,199
1790266334.788490551,Uninterrupted_Baseline,199
1790266334.853111476,Uninterrupted_Baseline,199
1790266334.932166826,Uninterrupted_Baseline,199
1790266335.012776702,Uninterrupted_Baseline,199
1790266335.096152434,Uninterrupted_Baseline,199
1790266335.174686473,Uninterrupted_Baseline,199
1790266335.264806759,Uninterrupted_Baseline,199
1790266335.345737713,Uninterrupted_Baseline,199
1790266335.429887823,Uninterrupted_Baseline,199
1790266335.503875728,Uninterrupted_Baseline,199
1790266335.569559318,Uninterrupted_Baseline,199
1790266335.640430582,Uninterrupted_Baseline,199
1790266335.724432067,Uninterrupted_Baseline,199
1790266335.802637759,Uninterrupted_Baseline,199
1790266335.890484976,Uninterrupted_Baseline,199
1790266335.985353986,Uninterrupted_Baseline,199
1790266336.071907912,Uninterrupted_Baseline,199
1790266336.156553963,Uninterrupted_Baseline,199
1790266336.244859164,Uninterrupted_Baseline,199
1790266336.315098423,Uninterrupted_Baseline,199
1790266336.378609672,Uninterrupted_Baseline,199
1790266336.460472200,Uninterrupted_Baseline,200
1790266336.543710215,Uninterrupted_Baseline,200
1790266336.609729625,Uninterrupted_Baseline,201
1790266336.692561268,Uninterrupted_Baseline,202
1790266336.778335604,Uninterrupted_Baseline,202
1790266336.866536855,Uninterrupted_Baseline,203
1790266336.955719411,Uninterrupted_Baseline,203
1790266337.042808076,Uninterrupted_Baseline,204
1790266337.124504066,Uninterrupted_Baseline,204
1790266337.205239395,Uninterrupted_Baseline,205
1790266337.279623701,Uninterrupted_Baseline,206
1790266337.364932143,Uninterrupted_Baseline,206
1790266337.431197177,Uninterrupted_Baseline,207
1790266337.516929383,Uninterrupted_Baseline,207
1790266337.582777501,Uninterrupted_Baseline,208
1790266337.652592238,Uninterrupted_Baseline,208
1790266337.730314926,Uninterrupted_Baseline,209
1790266348.927941426,Phase1_Baseline,10
1790266349.004286857,Phase1_Baseline,12
1790266349.074951254,Phase1_Baseline,19
1790266349.155671013,Phase1_Baseline,37
1790266349.222784116,Phase1_Baseline,86
1790266349.291124969,Phase1_Baseline,187
1790266349.370399680,Phase1_Baseline,388
1790266349.451282063,Phase1_Baseline,707
1790266349.534041720,Phase1_Baseline,836
1790266349.613341221,Phase1_Baseline,727
1790266349.680385280,Phase1_Baseline,655
1790266349.733700457,Phase1_Baseline,604
1790266349.805673562,Phase1_Baseline,604
1790266349.882642987,Phase1_Baseline,604
1790266349.963733198,Phase1_Baseline,604
1790266350.047955853,Phase1_Baseline,593
1790266350.125746977,Phase1_Baseline,440
1790266350.210556737,Phase1_Baseline,422
1790266350.294600631,Phase1_Baseline,422
1790266350.368788864,Phase1_Baseline,422
1790266350.441857935,Phase1_Baseline,295
1790266350.525429266,Phase1_Baseline,256
1790266350.608734504,Phase1_Baseline,251
1790266350.669673952,Phase1_Baseline,206
1790266350.754873257,Phase1_Baseline,205
1790266350.841635476,Phase1_Baseline,206
1790266350.911003721,Phase1_Baseline,208
1790266350.993635151,Phase1_Baseline,211
1790266351.079803068,Phase1_Baseline,213
1790266351.164130238,Phase1_Baseline,215
1790266351.236734784,Phase1_Baseline,217
1790266351.314768488,Phase1_Baseline,219
1790266351.386762451,Phase1_Baseline,220
1790266351.468733167,Phase1_Baseline,222
1790266351.554297588,Phase1_Baseline,223
1790266351.637212865,Phase1_Baseline,225
1790266351.719580239,Phase1_Baseline,227
1790266351.787795279,Phase1_Baseline,228
1790266351.865298844,Phase1_Baseline,229
1790266351.946318198,Phase1_Baseline,230
1790266352.017024593,Phase1_Baseline,231
1790266352.095407219,Phase1_Baseline,233
1790266352.177743428,Phase1_Baseline,234
1790266352.261193226,Phase1_Baseline,235
1790266352.346162516,Phase1_Baseline,236
1790266352.428418571,Phase1_Baseline,237
1790266352.504295403,Phase1_Baseline,239
1790266352.586833592,Phase1_Baseline,240
1790266352.660444436,Phase1_Baseline,241
1790266352.744864525,Phase1_Baseline,241
1790266352.827031615,Phase1_Baseline,242
1790266352.907618758,Phase1_Baseline,243
1790266352.988713199,Phase1_Baseline,244
1790266353.066902339,Phase1_Baseline,244
1790266353.150202276,Phase1_Baseline,245
1790266353.232559218,Phase1_Baseline,245
1790266353.318257698,Phase1_Baseline,246
1790266353.388259758,Phase1_Baseline,246
1790266353.460876723,Phase1_Baseline,247
1790266353.542254965,Phase1_Baseline,247
1790266353.623385400,Phase1_Baseline,248
1790266353.703437188,Phase1_Baseline,248
1790266353.768950230,Phase1_Baseline,248
1790266353.849898982,Phase1_Baseline,248
1790266353.927389050,Phase1_Baseline,249
1790266354.007174357,Phase1_Baseline,249
1790266354.088240951,Phase1_Baseline,249
1790266354.169336776,Phase1_Baseline,249
1790266354.244864411,Phase1_Baseline,250
1790266354.331812718,Phase1_Baseline,250
1790266354.409642400,Phase1_Baseline,250
1790266354.480687355,Phase1_Baseline,250
1790266354.556000262,Phase1_Baseline,250
1790266354.640944645,Phase1_Baseline,250
1790266354.726112344,Phase1_Baseline,250
1790266354.797694165,Phase1_Baseline,250
1790266354.870500067,Phase1_Baseline,250
1790266354.953759853,Phase1_Baseline,250
1790266355.032962052,Phase1_Baseline,250
1790266355.130447610,Phase1_Baseline,250
1790266355.182372147,Phase1_Baseline,250
1790266355.253704830,Phase1_Baseline,250
1790266355.315963640,Phase1_Baseline,250
1790266355.382630312,Phase1_Baseline,250
1790266355.451504036,Phase1_Baseline,250
1790266355.529548441,Phase1_Baseline,250
1790266355.606113991,Phase1_Baseline,250
1790266355.685037416,Phase1_Baseline,250
1790266355.769987795,Phase1_Baseline,250
1790266355.842220895,Phase1_Baseline,250
1790266355.925134971,Phase1_Baseline,250
1790266355.992401676,Phase1_Baseline,250
1790266356.070045410,Phase1_Baseline,250
1790266356.148846406,Phase1_Baseline,250
1790266356.230767600,Phase1_Baseline,250
1790266356.311864669,Phase1_Baseline,250
1790266356.394157905,Phase1_Baseline,250
1790266356.473858917,Phase1_Baseline,250
1790266356.555440995,Phase1_Baseline,250
1790266356.629025514,Phase1_Baseline,250
1790266356.708894923,Phase1_Baseline,250
1790266356.791776054,Phase1_Baseline,250
1790266356.878706338,Phase1_Baseline,250
1790266356.943716865,Phase1_Baseline,251
1790266357.010014909,Phase1_Baseline,251
1790266357.089893732,Phase1_Baseline,251
1790266357.173413415,Phase1_Baseline,251
1790266357.257866987,Phase1_Baseline,252
1790266357.336983033,Phase1_Baseline,252
1790266357.413594501,Phase1_Baseline,253
1790266357.494997380,Phase1_Baseline,254
1790266357.581443351,Phase1_Baseline,254
1790266357.656987601,Phase1_Baseline,255
1790266357.736344702,Phase1_Baseline,255
1790266357.801037119,Phase1_Baseline,256
1790266357.883338737,Phase1_Baseline,256
1790266357.949426456,Phase1_Baseline,257
1790266358.035265527,Phase1_Baseline,257
1790266358.099280687,Phase1_Baseline,258
1790266358.179570943,Phase1_Baseline,259
1790266358.254548393,Phase1_Baseline,259
1790266358.307487127,Phase1_Baseline,260
1790266358.386733738,Phase1_Baseline,260
1790266358.456167082,Phase1_Baseline,261
1790266358.505352005,Phase1_Baseline,261
1790266358.559335686,Phase1_Baseline,261
1790266358.614156551,Phase1_Baseline,262
1790266358.676601399,Phase1_Baseline,262
1790266358.738052535,Phase1_Baseline,263
1790266358.816221184,Phase1_Baseline,263
1790266358.902131741,Phase1_Baseline,264
1790266358.965216891,Phase1_Baseline,265
1790266359.048507928,Phase1_Baseline,266
1790266359.127379099,Phase1_Baseline,267
1790266359.207050640,Phase1_Baseline,269
1790266359.290884976,Phase1_Baseline,269
1790266359.360295013,Phase1_Baseline,270
1790266359.419013382,Phase1_Baseline,271
1790266359.484239339,Phase1_Baseline,273
1790266359.562936016,Phase1_Baseline,274
1790266359.631051800,Phase1_Baseline,275
1790266359.698318072,Phase1_Baseline,277
1790266359.772358900,Phase1_Baseline,278
1790266359.839265659,Phase1_Baseline,280
1790266359.917245568,Phase1_Baseline,281
1790266360.001301181,Phase1_Baseline,283
1790266360.075683185,Phase1_Baseline,285
1790266360.157382625,Phase1_Baseline,287
1790266360.236248325,Phase1_Baseline,289
1790266360.305334118,Phase1_Baseline,291
1790266360.385203600,Phase1_Baseline,293
1790266360.454984136,Phase1_Baseline,294
1790266360.525827549,Phase1_Baseline,297
1790266360.598149965,Phase1_Baseline,298
1790266360.678444992,Phase1_Baseline,301
1790266360.743026173,Phase1_Baseline,303
1790266360.830271358,Phase1_Baseline,305
1790266360.902156185,Phase1_Baseline,308
1790266360.982727005,Phase1_Baseline,311
1790266361.066033987,Phase1_Baseline,314
1790266361.138497200,Phase1_Baseline,316
1790266361.220098049,Phase1_Baseline,319
1790266361.300006827,Phase1_Baseline,322
1790266361.375846389,Phase1_Baseline,325
1790266361.461502595,Phase1_Baseline,328
1790266361.532902506,Phase1_Baseline,332
1790266361.612269568,Phase1_Baseline,335
1790266361.679967420,Phase1_Baseline,338
1790266361.763317730,Phase1_Baseline,342
1790266361.847592887,Phase1_Baseline,345
1790266361.914747123,Phase1_Baseline,277
1790266362.003515455,Phase1_Baseline,243
1790266362.079082992,Phase1_Baseline,246
1790266362.166127015,Phase1_Baseline,251
1790266362.248803486,Phase1_Baseline,255
1790266362.332293787,Phase1_Baseline,258
1790266362.408089746,Phase1_Baseline,261
1790266362.479266531,Phase1_Baseline,264
1790266362.563576696,Phase1_Baseline,268
1790266362.642797367,Phase1_Baseline,271
1790266362.724914402,Phase1_Baseline,274
1790266362.806188933,Phase1_Baseline,277
1790266362.875536263,Phase1_Baseline,280
1790266362.954002843,Phase1_Baseline,282
1790266363.027334840,Phase1_Baseline,285
1790266363.106924970,Phase1_Baseline,287
1790266363.179411729,Phase1_Baseline,290
1790266363.260237254,Phase1_Baseline,292
1790266363.346796967,Phase1_Baseline,295
1790266363.430117185,Phase1_Baseline,297
1790266363.512461956,Phase1_Baseline,300
1790266363.596537204,Phase1_Baseline,302
1790266363.674454809,Phase1_Baseline,304
1790266363.756193357,Phase1_Baseline,307
1790266363.838382008,Phase1_Baseline,309
1790266363.907741987,Phase1_Baseline,311
1790266363.977890352,Phase1_Baseline,312
1790266364.062194548,Phase1_Baseline,314
1790266364.135354943,Phase1_Baseline,316
1790266364.218178804,Phase1_Baseline,318
1790266364.305347213,Phase1_Baseline,320
1790266364.388628730,Phase1_Baseline,321
1790266364.466370030,Phase1_Baseline,322
1790266364.547908078,Phase1_Baseline,324
1790266364.623552088,Phase1_Baseline,325
1790266364.708286394,Phase1_Baseline,326
1790266364.786196996,Phase1_Baseline,328
1790266364.865305744,Phase1_Baseline,329
1790266364.937481041,Phase1_Baseline,330
1790266365.010991036,Phase1_Baseline,331
1790266365.080694127,Phase1_Baseline,332
1790266365.162838763,Phase1_Baseline,333
1790266365.256006385,Phase1_Baseline,334
1790266365.343611629,Phase1_Baseline,233
1790266365.419990310,Phase1_Baseline,233
1790266365.505280302,Phase1_Baseline,233
1790266365.588927340,Phase1_Baseline,236
1790266365.670988494,Phase1_Baseline,238
1790266365.732250561,Phase1_Baseline,240
1790266365.809932842,Phase1_Baseline,242
1790266365.891217189,Phase1_Baseline,244
1790266365.973337698,Phase1_Baseline,246
1790266366.055570642,Phase1_Baseline,248
1790266366.137898919,Phase1_Baseline,250
1790266366.219532054,Phase1_Baseline,252
1790266366.300963125,Phase1_Baseline,253
1790266366.378714864,Phase1_Baseline,255
1790266366.459500793,Phase1_Baseline,257
1790266366.539169807,Phase1_Baseline,258
1790266366.621992668,Phase1_Baseline,260
1790266366.706534122,Phase1_Baseline,262
1790266366.793242291,Phase1_Baseline,263
1790266366.879527382,Phase1_Baseline,264
1790266366.967180506,Phase1_Baseline,265
1790266367.054092178,Phase1_Baseline,267
1790266367.146974094,Phase1_Baseline,268
1790266367.228014199,Phase1_Baseline,269
1790266367.309840099,Phase1_Baseline,270
1790266367.394398671,Phase1_Baseline,271
1790266367.478235508,Phase1_Baseline,272
1790266367.559980143,Phase1_Baseline,274
1790266367.647437311,Phase1_Baseline,275
1790266367.726101990,Phase1_Baseline,275
1790266367.806041154,Phase1_Baseline,276
1790266367.890106730,Phase1_Baseline,277
1790266367.959016930,Phase1_Baseline,277
1790266368.032666896,Phase1_Baseline,278
1790266368.086929228,Phase1_Baseline,278
1790266368.158896629,Phase1_Baseline,279
1790266368.213103214,Phase1_Baseline,279
1790266368.263986388,Phase1_Baseline,279
1790266368.319325521,Phase1_Baseline,280
1790266368.394179959,Phase1_Baseline,280
1790266368.449930622,Phase1_Baseline,280
1790266368.502508138,Phase1_Baseline,280
1790266368.562368116,Phase1_Baseline,281
1790266368.622425500,Phase1_Baseline,281
1790266368.698857725,Phase1_Baseline,281
1790266368.780534509,Phase1_Baseline,282
1790266368.865552767,Phase1_Baseline,282
1790266368.950544510,Phase1_Baseline,282
1790266369.035495866,Phase1_Baseline,282
1790266369.106035889,Phase1_Baseline,282
1790266369.163757249,Phase1_Baseline,283
1790266369.219980423,Phase1_Baseline,283
1790266369.288902119,Phase1_Baseline,283
1790266369.361221108,Phase1_Baseline,283
1790266369.438400496,Phase1_Baseline,283
1790266369.511511780,Phase1_Baseline,283
1790266369.601874946,Phase1_Baseline,283
1790266371.134196816,Phase2_Migrated,10
1790266371.225478327,Phase2_Migrated,10
1790266371.314175046,Phase2_Migrated,16
1790266371.407707942,Phase2_Migrated,32
1790266371.505997412,Phase2_Migrated,90
1790266371.599181116,Phase2_Migrated,190
1790266371.695513822,Phase2_Migrated,190
1790266371.788721160,Phase2_Migrated,191
1790266371.877381723,Phase2_Migrated,191
1790266371.965926196,Phase2_Migrated,192
1790266372.063160095,Phase2_Migrated,192
1790266372.154236158,Phase2_Migrated,193
1790266372.247965588,Phase2_Migrated,194
1790266372.339420279,Phase2_Migrated,194
1790266372.436521347,Phase2_Migrated,194
1790266372.530465528,Phase2_Migrated,195
1790266372.618918619,Phase2_Migrated,195
1790266372.721726868,Phase2_Migrated,196
1790266372.817519408,Phase2_Migrated,196
1790266372.903532544,Phase2_Migrated,197
1790266372.997115848,Phase2_Migrated,198
1790266373.089172256,Phase2_Migrated,198
1790266373.183622911,Phase2_Migrated,199
1790266373.273009327,Phase2_Migrated,200
1790266373.363278182,Phase2_Migrated,200
1790266373.460809160,Phase2_Migrated,201
1790266373.556252191,Phase2_Migrated,202
1790266373.651470233,Phase2_Migrated,202
1790266373.741396376,Phase2_Migrated,203
1790266373.834872136,Phase2_Migrated,204
1790266373.929418158,Phase2_Migrated,204
1790266374.014249299,Phase2_Migrated,205
1790266374.116498317,Phase2_Migrated,206
1790266374.207850344,Phase2_Migrated,207
1790266374.301371576,Phase2_Migrated,207
1790266374.393261186,Phase2_Migrated,208
1790266374.484422830,Phase2_Migrated,209
1790266374.579255655,Phase2_Migrated,209
1790266374.669033319,Phase2_Migrated,210
1790266374.767335310,Phase2_Migrated,211
1790266374.848971900,Phase2_Migrated,211
1790266374.938688403,Phase2_Migrated,212
1790266375.007198125,Phase2_Migrated,212
1790266375.079286692,Phase2_Migrated,213
1790266375.146111819,Phase2_Migrated,213
1790266375.209725385,Phase2_Migrated,214
1790266375.283243747,Phase2_Migrated,214
1790266375.375107778,Phase2_Migrated,215
1790266375.471000133,Phase2_Migrated,216
1790266375.564326004,Phase2_Migrated,216
1790266375.659479340,Phase2_Migrated,217
1790266375.748437196,Phase2_Migrated,218
1790266375.834680600,Phase2_Migrated,218
1790266375.929861891,Phase2_Migrated,219
1790266376.031615726,Phase2_Migrated,220
1790266376.120530946,Phase2_Migrated,221
1790266376.205219703,Phase2_Migrated,221
1790266376.287778409,Phase2_Migrated,222
1790266376.371802681,Phase2_Migrated,222
1790266376.467463690,Phase2_Migrated,223
1790266376.564750404,Phase2_Migrated,224
1790266376.643487549,Phase2_Migrated,224
1790266376.741869543,Phase2_Migrated,225
1790266376.817722220,Phase2_Migrated,226
1790266376.912564591,Phase2_Migrated,227
1790266377.008911820,Phase2_Migrated,229
1790266377.113549067,Phase2_Migrated,231
1790266377.203965072,Phase2_Migrated,233
1790266377.300047515,Phase2_Migrated,236
1790266377.394881960,Phase2_Migrated,238
1790266377.482935457,Phase2_Migrated,241
1790266377.577626211,Phase2_Migrated,244
1790266377.676589126,Phase2_Migrated,247
1790266377.769957908,Phase2_Migrated,249
1790266377.863693336,Phase2_Migrated,252
1790266377.956803088,Phase2_Migrated,255
1790266378.052577434,Phase2_Migrated,258
1790266378.131361433,Phase2_Migrated,262
1790266378.213327031,Phase2_Migrated,264
1790266378.281098831,Phase2_Migrated,268
1790266378.366478706,Phase2_Migrated,270
1790266378.440690711,Phase2_Migrated,273
1790266378.494439293,Phase2_Migrated,276
1790266378.556444585,Phase2_Migrated,278
1790266378.633831416,Phase2_Migrated,281
1790266378.726151384,Phase2_Migrated,285
1790266378.815227871,Phase2_Migrated,289
1790266378.912004100,Phase2_Migrated,294
1790266379.003002311,Phase2_Migrated,298
1790266379.097354612,Phase2_Migrated,303
1790266379.175624784,Phase2_Migrated,307
1790266379.241853749,Phase2_Migrated,311
1790266379.306636670,Phase2_Migrated,314
1790266379.395141338,Phase2_Migrated,319
1790266379.486615759,Phase2_Migrated,324
1790266379.579229893,Phase2_Migrated,329
1790266379.676212783,Phase2_Migrated,334
1790266379.768227164,Phase2_Migrated,340
1790266379.845486694,Phase2_Migrated,238
1790266379.939970512,Phase2_Migrated,241
1790266380.023985099,Phase2_Migrated,245
1790266380.103521647,Phase2_Migrated,248
1790266380.189514974,Phase2_Migrated,252
1790266380.269622749,Phase2_Migrated,256
1790266380.361584949,Phase2_Migrated,259
1790266380.444246683,Phase2_Migrated,263
1790266380.504269637,Phase2_Migrated,265
1790266380.568138939,Phase2_Migrated,268
1790266380.660629647,Phase2_Migrated,271
1790266380.751628360,Phase2_Migrated,275
1790266380.849015106,Phase2_Migrated,278
1790266380.920037550,Phase2_Migrated,280
1790266381.011610101,Phase2_Migrated,283
1790266381.101104972,Phase2_Migrated,286
1790266381.181830008,Phase2_Migrated,288
1790266381.257881202,Phase2_Migrated,291
1790266381.344641191,Phase2_Migrated,293
1790266381.440980925,Phase2_Migrated,296
1790266381.533899592,Phase2_Migrated,299
1790266381.628989503,Phase2_Migrated,301
1790266381.725185796,Phase2_Migrated,303
1790266381.817589107,Phase2_Migrated,306
1790266381.912414726,Phase2_Migrated,308
1790266381.989812200,Phase2_Migrated,310
1790266382.076013933,Phase2_Migrated,312
1790266382.169125766,Phase2_Migrated,314
1790266382.263124322,Phase2_Migrated,315
1790266382.355713569,Phase2_Migrated,317
1790266382.435722447,Phase2_Migrated,319
1790266382.523498246,Phase2_Migrated,320
1790266382.612762356,Phase2_Migrated,322
1790266382.707796367,Phase2_Migrated,323
1790266382.803631692,Phase2_Migrated,324
1790266382.901390961,Phase2_Migrated,326
1790266382.995480554,Phase2_Migrated,327
1790266383.090053350,Phase2_Migrated,328
1790266383.178094769,Phase2_Migrated,329
1790266383.267521283,Phase2_Migrated,330
1790266383.353291091,Phase2_Migrated,331
1790266383.452788778,Phase2_Migrated,333
1790266383.542503313,Phase2_Migrated,333
1790266383.627363575,Phase2_Migrated,334
1790266383.729610283,Phase2_Migrated,335
1790266383.831440207,Phase2_Migrated,257
1790266383.926598254,Phase2_Migrated,234
1790266384.021713006,Phase2_Migrated,235
1790266384.110183987,Phase2_Migrated,237
1790266384.198730969,Phase2_Migrated,240
1790266384.297390021,Phase2_Migrated,243
1790266384.382312634,Phase2_Migrated,245
1790266384.474999207,Phase2_Migrated,247
1790266384.564292637,Phase2_Migrated,249
1790266384.659731257,Phase2_Migrated,252
1790266384.754141448,Phase2_Migrated,254
1790266384.848728724,Phase2_Migrated,256
1790266384.944989013,Phase2_Migrated,258
1790266385.038746207,Phase2_Migrated,260
1790266385.137635547,Phase2_Migrated,261
1790266385.231961835,Phase2_Migrated,263
1790266385.331202925,Phase2_Migrated,264
1790266385.425787800,Phase2_Migrated,266
1790266385.520806091,Phase2_Migrated,268
1790266385.592761626,Phase2_Migrated,269
1790266385.678183659,Phase2_Migrated,270
1790266385.772946292,Phase2_Migrated,271
1790266385.861799341,Phase2_Migrated,272
1790266385.946554635,Phase2_Migrated,273
1790266386.036589293,Phase2_Migrated,275
1790266386.133564859,Phase2_Migrated,276
1790266386.229195761,Phase2_Migrated,277
1790266386.322169850,Phase2_Migrated,277
1790266386.416775718,Phase2_Migrated,278
1790266386.507291336,Phase2_Migrated,279
1790266386.597420544,Phase2_Migrated,279
1790266386.686187459,Phase2_Migrated,280
1790266386.783490233,Phase2_Migrated,280
1790266386.882205177,Phase2_Migrated,281
1790266386.973823974,Phase2_Migrated,281
1790266387.067386275,Phase2_Migrated,282
1790266387.166483937,Phase2_Migrated,282
1790266387.257258150,Phase2_Migrated,283
1790266387.332319040,Phase2_Migrated,283
1790266387.414947438,Phase2_Migrated,283
1790266387.478119259,Phase2_Migrated,283
1790266387.551779257,Phase2_Migrated,283
1790266387.648113517,Phase2_Migrated,284
1790266387.744899827,Phase2_Migrated,284
1790266387.826239373,Phase2_Migrated,284
1790266387.917944966,Phase2_Migrated,284
1790266387.996958304,Phase2_Migrated,284
1790266388.077860112,Phase2_Migrated,284
1790266388.162777172,Phase2_Migrated,284
1790266388.240260265,Phase2_Migrated,284
1790266388.312859684,Phase2_Migrated,284
1790266388.390266466,Phase2_Migrated,284
1790266388.449813336,Phase2_Migrated,284
1790266388.507867914,Phase2_Migrated,284
1790266388.572370192,Phase2_Migrated,284
1790266388.637886213,Phase2_Migrated,284
1790266388.730456098,Phase2_Migrated,284
1790266388.824608951,Phase2_Migrated,284
1790266388.918244149,Phase2_Migrated,284
1790266388.992812002,Phase2_Migrated,284
1790266389.075697474,Phase2_Migrated,284
1790266389.170424613,Phase2_Migrated,284
1790266389.243952907,Phase2_Migrated,284
1790266389.319010729,Phase2_Migrated,284
1790266389.408450519,Phase2_Migrated,284
1790266389.500162523,Phase2_Migrated,284
1790266389.598291371,Phase2_Migrated,284
1790266389.695804267,Phase2_Migrated,284
1790266389.782396275,Phase2_Migrated,284
1790266389.873280319,Phase2_Migrated,284
1790266389.972755514,Phase2_Migrated,284
1790266390.061571375,Phase2_Migrated,284
1790266390.153879120,Phase2_Migrated,284
1790266390.237437397,Phase2_Migrated,284
1790266390.315441828,Phase2_Migrated,285
1790266390.408414635,Phase2_Migrated,285
1790266390.487719010,Phase2_Migrated,285
1790266390.577576174,Phase2_Migrated,285
1790266390.659037666,Phase2_Migrated,285
1790266390.751707741,Phase2_Migrated,286
1790266390.836891799,Phase2_Migrated,286
1790266390.931415010,Phase2_Migrated,287
1790266391.030564293,Phase2_Migrated,287
1790266391.124338181,Phase2_Migrated,288
1790266391.218136031,Phase2_Migrated,288
1790266391.302830608,Phase2_Migrated,289
1790266391.389268566,Phase2_Migrated,289
1790266391.478634991,Phase2_Migrated,290
1790266391.569381764,Phase2_Migrated,291
1790266391.667214273,Phase2_Migrated,292
1790266391.755716999,Phase2_Migrated,292
1790266392.802684008,Uninterrupted_Baseline,1
1790266392.884309260,Uninterrupted_Baseline,1
1790266392.965963113,Uninterrupted_Baseline,1
1790266393.048873702,Uninterrupted_Baseline,1
1790266393.131142787,Uninterrupted_Baseline,1
1790266393.207944030,Uninterrupted_Baseline,1
1790266393.277461547,Uninterrupted_Baseline,1
1790266393.355181746,Uninterrupted_Baseline,1
1790266393.431399022,Uninterrupted_Baseline,1
1790266393.507008689,Uninterrupted_Baseline,1
1790266393.590772906,Uninterrupted_Baseline,1
1790266393.669868038,Uninterrupted_Baseline,1
1790266393.750599643,Uninterrupted_Baseline,1
1790266393.829998773,Uninterrupted_Baseline,1
1790266393.908804494,Uninterrupted_Baseline,1
1790266393.987503810,Uninterrupted_Baseline,1
1790266394.069270878,Uninterrupted_Baseline,1
1790266394.069270878,Uninterrupted_Baseline,10
1790266394.139178649,Uninterrupted_Baseline,1
1790266394.139178649,Uninterrupted_Baseline,14
1790266394.212389756,Uninterrupted_Baseline,1
1790266394.212389756,Uninterrupted_Baseline,25
1790266394.296374752,Uninterrupted_Baseline,1
1790266394.296374752,Uninterrupted_Baseline,48
1790266394.378596716,Uninterrupted_Baseline,1
1790266394.378596716,Uninterrupted_Baseline,122
1790266394.460269914,Uninterrupted_Baseline,1
1790266394.460269914,Uninterrupted_Baseline,214
1790266394.522207555,Uninterrupted_Baseline,1
1790266394.522207555,Uninterrupted_Baseline,359
1790266394.600678822,Uninterrupted_Baseline,1
1790266394.600678822,Uninterrupted_Baseline,633
1790266394.677771820,Uninterrupted_Baseline,1
1790266394.677771820,Uninterrupted_Baseline,723
1790266394.763825692,Uninterrupted_Baseline,1
1790266394.763825692,Uninterrupted_Baseline,608
1790266394.842710919,Uninterrupted_Baseline,1
1790266394.842710919,Uninterrupted_Baseline,539
1790266394.928745285,Uninterrupted_Baseline,1
1790266394.928745285,Uninterrupted_Baseline,539
1790266395.013298368,Uninterrupted_Baseline,1
1790266395.013298368,Uninterrupted_Baseline,493
1790266395.091334447,Uninterrupted_Baseline,1
1790266395.091334447,Uninterrupted_Baseline,377
1790266395.177537313,Uninterrupted_Baseline,1
1790266395.177537313,Uninterrupted_Baseline,377
1790266395.257532838,Uninterrupted_Baseline,1
1790266395.257532838,Uninterrupted_Baseline,377
1790266395.338508941,Uninterrupted_Baseline,1
1790266395.338508941,Uninterrupted_Baseline,340
1790266395.418573816,Uninterrupted_Baseline,1
1790266395.418573816,Uninterrupted_Baseline,263
1790266395.498224085,Uninterrupted_Baseline,1
1790266395.498224085,Uninterrupted_Baseline,241
1790266395.585717032,Uninterrupted_Baseline,1
1790266395.585717032,Uninterrupted_Baseline,184
1790266395.653347586,Uninterrupted_Baseline,1
1790266395.653347586,Uninterrupted_Baseline,184
1790266395.739589780,Uninterrupted_Baseline,1
1790266395.739589780,Uninterrupted_Baseline,164
1790266395.826825484,Uninterrupted_Baseline,1
1790266395.826825484,Uninterrupted_Baseline,128
1790266395.911519858,Uninterrupted_Baseline,1
1790266395.911519858,Uninterrupted_Baseline,128
1790266395.981990142,Uninterrupted_Baseline,1
1790266395.981990142,Uninterrupted_Baseline,90
1790266396.061559384,Uninterrupted_Baseline,1
1790266396.061559384,Uninterrupted_Baseline,90
1790266396.126931584,Uninterrupted_Baseline,1
1790266396.126931584,Uninterrupted_Baseline,79
1790266396.210518295,Uninterrupted_Baseline,1
1790266396.210518295,Uninterrupted_Baseline,58
1790266396.294606925,Uninterrupted_Baseline,1
1790266396.294606925,Uninterrupted_Baseline,58
1790266396.381183360,Uninterrupted_Baseline,1
1790266396.381183360,Uninterrupted_Baseline,58
1790266396.436474956,Uninterrupted_Baseline,1
1790266396.436474956,Uninterrupted_Baseline,51
1790266396.506637809,Uninterrupted_Baseline,1
1790266396.506637809,Uninterrupted_Baseline,40
1790266396.575206511,Uninterrupted_Baseline,1
1790266396.575206511,Uninterrupted_Baseline,40
1790266396.642137178,Uninterrupted_Baseline,1
1790266396.642137178,Uninterrupted_Baseline,40
1790266396.726524780,Uninterrupted_Baseline,1
1790266396.726524780,Uninterrupted_Baseline,28
1790266396.798142633,Uninterrupted_Baseline,1
1790266396.798142633,Uninterrupted_Baseline,28
1790266396.862451429,Uninterrupted_Baseline,1
1790266396.862451429,Uninterrupted_Baseline,28
1790266396.938470580,Uninterrupted_Baseline,1
1790266396.938470580,Uninterrupted_Baseline,29
1790266397.002108973,Uninterrupted_Baseline,1
1790266397.002108973,Uninterrupted_Baseline,30
1790266397.082861969,Uninterrupted_Baseline,1
1790266397.082861969,Uninterrupted_Baseline,30
1790266397.167169859,Uninterrupted_Baseline,1
1790266397.167169859,Uninterrupted_Baseline,31
1790266397.243049544,Uninterrupted_Baseline,1
1790266397.243049544,Uninterrupted_Baseline,31
1790266397.325505420,Uninterrupted_Baseline,1
1790266397.325505420,Uninterrupted_Baseline,32
1790266397.406871027,Uninterrupted_Baseline,1
1790266397.406871027,Uninterrupted_Baseline,32
1790266397.492803972,Uninterrupted_Baseline,1
1790266397.492803972,Uninterrupted_Baseline,32
1790266397.579028087,Uninterrupted_Baseline,1
1790266397.579028087,Uninterrupted_Baseline,33
1790266397.663800676,Uninterrupted_Baseline,1
1790266397.663800676,Uninterrupted_Baseline,34
1790266397.747818243,Uninterrupted_Baseline,1
1790266397.747818243,Uninterrupted_Baseline,34
1790266397.830186649,Uninterrupted_Baseline,1
1790266397.830186649,Uninterrupted_Baseline,35
1790266397.913501054,Uninterrupted_Baseline,1
1790266397.913501054,Uninterrupted_Baseline,35
1790266397.999196926,Uninterrupted_Baseline,1
1790266397.999196926,Uninterrupted_Baseline,36
1790266398.073895562,Uninterrupted_Baseline,1
1790266398.073895562,Uninterrupted_Baseline,37
1790266398.160242352,Uninterrupted_Baseline,1
1790266398.160242352,Uninterrupted_Baseline,37
1790266398.241557647,Uninterrupted_Baseline,1
1790266398.241557647,Uninterrupted_Baseline,38
1790266398.322202521,Uninterrupted_Baseline,1
1790266398.322202521,Uninterrupted_Baseline,39
1790266398.394580215,Uninterrupted_Baseline,1
1790266398.394580215,Uninterrupted_Baseline,39
1790266398.443530559,Uninterrupted_Baseline,1
1790266398.443530559,Uninterrupted_Baseline,39
1790266398.493892385,Uninterrupted_Baseline,1
1790266398.493892385,Uninterrupted_Baseline,40
1790266398.561469377,Uninterrupted_Baseline,1
1790266398.561469377,Uninterrupted_Baseline,40
1790266398.616176367,Uninterrupted_Baseline,1
1790266398.616176367,Uninterrupted_Baseline,41
1790266398.697392623,Uninterrupted_Baseline,1
1790266398.697392623,Uninterrupted_Baseline,41
1790266398.771908879,Uninterrupted_Baseline,1
1790266398.771908879,Uninterrupted_Baseline,42
1790266398.871397104,Uninterrupted_Baseline,1
1790266398.871397104,Uninterrupted_Baseline,43
1790266398.938611244,Uninterrupted_Baseline,1
1790266398.938611244,Uninterrupted_Baseline,43
1790266399.022003770,Uninterrupted_Baseline,1
1790266399.022003770,Uninterrupted_Baseline,44
1790266399.110926724,Uninterrupted_Baseline,1
1790266399.110926724,Uninterrupted_Baseline,44
1790266399.169139256,Uninterrupted_Baseline,1
1790266399.169139256,Uninterrupted_Baseline,45
1790266399.241211613,Uninterrupted_Baseline,1
1790266399.241211613,Uninterrupted_Baseline,46
1790266399.319306388,Uninterrupted_Baseline,1
1790266399.319306388,Uninterrupted_Baseline,46
1790266399.404627498,Uninterrupted_Baseline,1
1790266399.404627498,Uninterrupted_Baseline,47
1790266399.490590831,Uninterrupted_Baseline,1
1790266399.490590831,Uninterrupted_Baseline,47
1790266399.567520447,Uninterrupted_Baseline,1
1790266399.567520447,Uninterrupted_Baseline,48
1790266399.657878300,Uninterrupted_Baseline,1
1790266399.657878300,Uninterrupted_Baseline,49
1790266399.740577366,Uninterrupted_Baseline,1
1790266399.740577366,Uninterrupted_Baseline,49
1790266399.819031868,Uninterrupted_Baseline,1
1790266399.819031868,Uninterrupted_Baseline,50
1790266399.902752881,Uninterrupted_Baseline,1
1790266399.902752881,Uninterrupted_Baseline,51
1790266399.988096572,Uninterrupted_Baseline,1
1790266399.988096572,Uninterrupted_Baseline,51
1790266400.053118059,Uninterrupted_Baseline,1
1790266400.053118059,Uninterrupted_Baseline,52
1790266400.122973542,Uninterrupted_Baseline,1
1790266400.122973542,Uninterrupted_Baseline,52
1790266400.205358738,Uninterrupted_Baseline,1
1790266400.205358738,Uninterrupted_Baseline,53
1790266400.289106851,Uninterrupted_Baseline,1
1790266400.289106851,Uninterrupted_Baseline,54
1790266400.371385921,Uninterrupted_Baseline,1
1790266400.371385921,Uninterrupted_Baseline,54
1790266400.454186085,Uninterrupted_Baseline,1
1790266400.454186085,Uninterrupted_Baseline,55
1790266400.536908825,Uninterrupted_Baseline,1
1790266400.536908825,Uninterrupted_Baseline,55
1790266400.597222338,Uninterrupted_Baseline,1
1790266400.597222338,Uninterrupted_Baseline,56
1790266400.680165258,Uninterrupted_Baseline,1
1790266400.680165258,Uninterrupted_Baseline,57
1790266400.765052909,Uninterrupted_Baseline,1
1790266400.765052909,Uninterrupted_Baseline,57
1790266400.855022914,Uninterrupted_Baseline,1
1790266400.855022914,Uninterrupted_Baseline,58
1790266400.943702438,Uninterrupted_Baseline,1
1790266400.943702438,Uninterrupted_Baseline,59
1790266401.028189594,Uninterrupted_Baseline,1
1790266401.028189594,Uninterrupted_Baseline,59
1790266401.110199723,Uninterrupted_Baseline,1
1790266401.110199723,Uninterrupted_Baseline,60
1790266401.194707208,Uninterrupted_Baseline,1
1790266401.194707208,Uninterrupted_Baseline,60
1790266401.268247189,Uninterrupted_Baseline,1
1790266401.268247189,Uninterrupted_Baseline,61
1790266401.323384073,Uninterrupted_Baseline,1
1790266401.323384073,Uninterrupted_Baseline,61
1790266401.390744148,Uninterrupted_Baseline,1
1790266401.390744148,Uninterrupted_Baseline,62
1790266401.452969029,Uninterrupted_Baseline,1
1790266401.452969029,Uninterrupted_Baseline,62
1790266401.533786819,Uninterrupted_Baseline,1
1790266401.533786819,Uninterrupted_Baseline,63
1790266401.617097804,Uninterrupted_Baseline,1
1790266401.617097804,Uninterrupted_Baseline,64
1790266401.698388659,Uninterrupted_Baseline,1
1790266401.698388659,Uninterrupted_Baseline,64
1790266401.781107459,Uninterrupted_Baseline,1
1790266401.781107459,Uninterrupted_Baseline,65
1790266401.863213817,Uninterrupted_Baseline,1
1790266401.863213817,Uninterrupted_Baseline,65
1790266401.947493556,Uninterrupted_Baseline,1
1790266401.947493556,Uninterrupted_Baseline,66
1790266402.026896988,Uninterrupted_Baseline,1
1790266402.026896988,Uninterrupted_Baseline,67
1790266402.111873277,Uninterrupted_Baseline,1
1790266402.111873277,Uninterrupted_Baseline,67
1790266402.191386545,Uninterrupted_Baseline,1
1790266402.191386545,Uninterrupted_Baseline,68
1790266402.279180269,Uninterrupted_Baseline,1
1790266402.279180269,Uninterrupted_Baseline,68
1790266402.346120497,Uninterrupted_Baseline,1
1790266402.346120497,Uninterrupted_Baseline,69
1790266402.424916945,Uninterrupted_Baseline,1
1790266402.424916945,Uninterrupted_Baseline,70
1790266402.501017566,Uninterrupted_Baseline,1
1790266402.501017566,Uninterrupted_Baseline,70
1790266402.581674884,Uninterrupted_Baseline,1
1790266402.581674884,Uninterrupted_Baseline,71
1790266402.664575159,Uninterrupted_Baseline,1
1790266402.664575159,Uninterrupted_Baseline,71
1790266402.752300759,Uninterrupted_Baseline,1
1790266402.752300759,Uninterrupted_Baseline,72
1790266402.836729580,Uninterrupted_Baseline,1
1790266402.836729580,Uninterrupted_Baseline,72
1790266402.919206492,Uninterrupted_Baseline,1
1790266402.919206492,Uninterrupted_Baseline,73
1790266403.007239228,Uninterrupted_Baseline,1
1790266403.007239228,Uninterrupted_Baseline,74
1790266403.090321694,Uninterrupted_Baseline,1
1790266403.090321694,Uninterrupted_Baseline,75
1790266403.173034720,Uninterrupted_Baseline,1
1790266403.173034720,Uninterrupted_Baseline,75
1790266403.258889454,Uninterrupted_Baseline,1
1790266403.258889454,Uninterrupted_Baseline,76
1790266403.341013201,Uninterrupted_Baseline,1
1790266403.341013201,Uninterrupted_Baseline,76
1790266403.429827117,Uninterrupted_Baseline,1
1790266403.429827117,Uninterrupted_Baseline,77
1790266403.512287367,Uninterrupted_Baseline,1
1790266403.512287367,Uninterrupted_Baseline,78
1790266403.600753699,Uninterrupted_Baseline,1
1790266403.600753699,Uninterrupted_Baseline,78
1790266403.683248099,Uninterrupted_Baseline,1
1790266403.683248099,Uninterrupted_Baseline,79
1790266403.767346303,Uninterrupted_Baseline,1
1790266403.767346303,Uninterrupted_Baseline,80
1790266403.847598098,Uninterrupted_Baseline,1
1790266403.847598098,Uninterrupted_Baseline,80
1790266403.930895117,Uninterrupted_Baseline,1
1790266403.930895117,Uninterrupted_Baseline,81
1790266404.012153782,Uninterrupted_Baseline,1
1790266404.012153782,Uninterrupted_Baseline,81
1790266404.095994837,Uninterrupted_Baseline,1
1790266404.095994837,Uninterrupted_Baseline,82
1790266404.176614950,Uninterrupted_Baseline,1
1790266404.176614950,Uninterrupted_Baseline,83
1790266404.254945089,Uninterrupted_Baseline,1
1790266404.254945089,Uninterrupted_Baseline,84
1790266404.328575865,Uninterrupted_Baseline,1
1790266404.328575865,Uninterrupted_Baseline,85
1790266404.400325714,Uninterrupted_Baseline,1
1790266404.400325714,Uninterrupted_Baseline,87
1790266404.476967862,Uninterrupted_Baseline,1
1790266404.476967862,Uninterrupted_Baseline,89
1790266404.552795434,Uninterrupted_Baseline,1
1790266404.552795434,Uninterrupted_Baseline,91
1790266404.616473141,Uninterrupted_Baseline,1
1790266404.616473141,Uninterrupted_Baseline,93
1790266404.695791023,Uninterrupted_Baseline,1
1790266404.695791023,Uninterrupted_Baseline,96
1790266404.763750067,Uninterrupted_Baseline,1
1790266404.763750067,Uninterrupted_Baseline,98
1790266404.838218457,Uninterrupted_Baseline,1
1790266404.838218457,Uninterrupted_Baseline,101
1790266404.894012041,Uninterrupted_Baseline,1
1790266404.894012041,Uninterrupted_Baseline,103
1790266404.972847084,Uninterrupted_Baseline,1
1790266404.972847084,Uninterrupted_Baseline,106
1790266405.038211006,Uninterrupted_Baseline,1
1790266405.038211006,Uninterrupted_Baseline,109
1790266405.096831749,Uninterrupted_Baseline,1
1790266405.096831749,Uninterrupted_Baseline,111
1790266405.162576819,Uninterrupted_Baseline,1
1790266405.162576819,Uninterrupted_Baseline,114
1790266405.233854271,Uninterrupted_Baseline,1
1790266405.233854271,Uninterrupted_Baseline,117
1790266405.311783651,Uninterrupted_Baseline,1
1790266405.311783651,Uninterrupted_Baseline,120
1790266405.396603683,Uninterrupted_Baseline,1
1790266405.396603683,Uninterrupted_Baseline,124
1790266405.479798301,Uninterrupted_Baseline,1
1790266405.479798301,Uninterrupted_Baseline,128
1790266405.569596470,Uninterrupted_Baseline,1
1790266405.569596470,Uninterrupted_Baseline,132
1790266405.659792044,Uninterrupted_Baseline,1
1790266405.659792044,Uninterrupted_Baseline,136
1790266405.740943836,Uninterrupted_Baseline,1
1790266405.740943836,Uninterrupted_Baseline,140
1790266405.827692564,Uninterrupted_Baseline,1
1790266405.827692564,Uninterrupted_Baseline,145
1790266405.901682947,Uninterrupted_Baseline,1
1790266405.901682947,Uninterrupted_Baseline,148
1790266405.976263234,Uninterrupted_Baseline,153
1790266406.058980745,Uninterrupted_Baseline,157
1790266406.137426405,Uninterrupted_Baseline,161
1790266406.216609293,Uninterrupted_Baseline,165
1790266406.295793956,Uninterrupted_Baseline,170
1790266406.366804264,Uninterrupted_Baseline,175
1790266406.443462601,Uninterrupted_Baseline,179
1790266406.526235835,Uninterrupted_Baseline,183
1790266406.595277103,Uninterrupted_Baseline,188
1790266406.665630320,Uninterrupted_Baseline,193
1790266406.734755219,Uninterrupted_Baseline,198
1790266406.813995282,Uninterrupted_Baseline,203
1790266406.887694972,Uninterrupted_Baseline,208
1790266406.968107273,Uninterrupted_Baseline,214
1790266407.051580959,Uninterrupted_Baseline,220
1790266407.132272464,Uninterrupted_Baseline,226
1790266407.213314381,Uninterrupted_Baseline,232
1790266407.297622572,Uninterrupted_Baseline,239
1790266407.379635316,Uninterrupted_Baseline,244
1790266407.466317466,Uninterrupted_Baseline,251
1790266407.545705461,Uninterrupted_Baseline,258
1790266407.627724588,Uninterrupted_Baseline,264
1790266407.713280269,Uninterrupted_Baseline,272
1790266407.794846223,Uninterrupted_Baseline,278
1790266407.877352249,Uninterrupted_Baseline,285
1790266407.957860716,Uninterrupted_Baseline,293
1790266408.026480233,Uninterrupted_Baseline,300
1790266408.106220999,Uninterrupted_Baseline,306
1790266408.188315606,Uninterrupted_Baseline,314
1790266408.273499244,Uninterrupted_Baseline,321
1790266408.336851803,Uninterrupted_Baseline,328
1790266408.417011277,Uninterrupted_Baseline,336
1790266408.468208222,Uninterrupted_Baseline,340
1790266408.520731782,Uninterrupted_Baseline,345
1790266408.578006201,Uninterrupted_Baseline,351
1790266408.637622521,Uninterrupted_Baseline,334
1790266408.715277238,Uninterrupted_Baseline,249
1790266408.800890921,Uninterrupted_Baseline,249
1790266408.883102079,Uninterrupted_Baseline,240
1790266408.966464771,Uninterrupted_Baseline,175
1790266409.036961867,Uninterrupted_Baseline,175
1790266409.104905440,Uninterrupted_Baseline,135
1790266409.170812756,Uninterrupted_Baseline,123
1790266409.239452792,Uninterrupted_Baseline,123
1790266409.332773819,Uninterrupted_Baseline,124
1790266409.411528857,Uninterrupted_Baseline,86
1790266409.495501250,Uninterrupted_Baseline,86
1790266409.584022682,Uninterrupted_Baseline,86
1790266409.671395871,Uninterrupted_Baseline,60
1790266409.760046349,Uninterrupted_Baseline,60
1790266409.847407992,Uninterrupted_Baseline,61
1790266409.928977941,Uninterrupted_Baseline,63
1790266410.019633173,Uninterrupted_Baseline,64
1790266410.107896212,Uninterrupted_Baseline,65
1790266410.191142796,Uninterrupted_Baseline,66
1790266410.272538496,Uninterrupted_Baseline,66
1790266410.353614458,Uninterrupted_Baseline,67
1790266410.430994720,Uninterrupted_Baseline,68
1790266410.512341825,Uninterrupted_Baseline,68
1790266410.590986473,Uninterrupted_Baseline,69
1790266410.670208527,Uninterrupted_Baseline,69
1790266410.752516687,Uninterrupted_Baseline,70
1790266410.837146870,Uninterrupted_Baseline,70
1790266410.922843413,Uninterrupted_Baseline,70
1790266411.003971287,Uninterrupted_Baseline,71
1790266411.086406261,Uninterrupted_Baseline,71
1790266411.164224101,Uninterrupted_Baseline,71
1790266411.251929240,Uninterrupted_Baseline,72
1790266411.329155414,Uninterrupted_Baseline,72
1790266411.398043351,Uninterrupted_Baseline,72
1790266411.487216229,Uninterrupted_Baseline,72
1790266411.573789074,Uninterrupted_Baseline,73
1790266411.653888378,Uninterrupted_Baseline,74
1790266411.736956350,Uninterrupted_Baseline,75
1790266411.817329001,Uninterrupted_Baseline,75
1790266411.903199124,Uninterrupted_Baseline,76
1790266411.986993801,Uninterrupted_Baseline,76
1790266412.067181609,Uninterrupted_Baseline,77
1790266412.154207475,Uninterrupted_Baseline,77
1790266412.238530203,Uninterrupted_Baseline,78
1790266412.320148312,Uninterrupted_Baseline,79
1790266412.405466937,Uninterrupted_Baseline,79
1790266412.491963790,Uninterrupted_Baseline,80
1790266412.575494850,Uninterrupted_Baseline,81
1790266412.627587478,Uninterrupted_Baseline,81
1790266412.683195889,Uninterrupted_Baseline,81
1790266412.763934928,Uninterrupted_Baseline,82
1790266412.853201472,Uninterrupted_Baseline,83
1790266412.934251519,Uninterrupted_Baseline,83
1790266413.016693495,Uninterrupted_Baseline,84
1790266413.087540635,Uninterrupted_Baseline,85
1790266413.176202783,Uninterrupted_Baseline,85
1790266413.258585030,Uninterrupted_Baseline,86
1790266413.343432811,Uninterrupted_Baseline,87
1790266413.426914885,Uninterrupted_Baseline,87
1790266413.512781540,Uninterrupted_Baseline,88
1790266413.597886376,Uninterrupted_Baseline,88
1790266413.682872132,Uninterrupted_Baseline,89
1790266413.768299613,Uninterrupted_Baseline,90
1790266413.857838334,Uninterrupted_Baseline,90
1790266413.940002523,Uninterrupted_Baseline,91
1790266414.024352062,Uninterrupted_Baseline,91
1790266414.085920336,Uninterrupted_Baseline,92
1790266414.171504444,Uninterrupted_Baseline,93
1790266414.250952945,Uninterrupted_Baseline,93
1790266414.334337712,Uninterrupted_Baseline,94
1790266414.420400532,Uninterrupted_Baseline,95
1790266414.502339586,Uninterrupted_Baseline,95
1790266414.587879919,Uninterrupted_Baseline,96
1790266414.671588308,Uninterrupted_Baseline,96
1790266414.758350876,Uninterrupted_Baseline,97
1790266414.839953833,Uninterrupted_Baseline,97
1790266414.909407350,Uninterrupted_Baseline,98
1790266414.996883686,Uninterrupted_Baseline,99
1790266415.078273701,Uninterrupted_Baseline,99
1790266415.153886329,Uninterrupted_Baseline,100
1790266415.239232224,Uninterrupted_Baseline,100
1790266415.328964166,Uninterrupted_Baseline,101
1790266415.412523329,Uninterrupted_Baseline,102
1790266415.503744435,Uninterrupted_Baseline,102
1790266415.555152380,Uninterrupted_Baseline,103
1790266415.627168558,Uninterrupted_Baseline,103
1790266415.710961087,Uninterrupted_Baseline,104
1790266415.791196291,Uninterrupted_Baseline,105
1790266415.871833251,Uninterrupted_Baseline,105
1790266415.952962887,Uninterrupted_Baseline,106
1790266416.037415508,Uninterrupted_Baseline,107
1790266416.122628123,Uninterrupted_Baseline,107
1790266416.198784384,Uninterrupted_Baseline,108
1790266416.278789773,Uninterrupted_Baseline,108
1790266416.340636659,Uninterrupted_Baseline,109
1790266416.422607129,Uninterrupted_Baseline,110
1790266416.500150019,Uninterrupted_Baseline,110
1790266416.583220059,Uninterrupted_Baseline,111
1790266416.652407729,Uninterrupted_Baseline,111
1790266416.723778689,Uninterrupted_Baseline,112
1790266416.790322749,Uninterrupted_Baseline,112
1790266416.875847663,Uninterrupted_Baseline,113
1790266416.943729211,Uninterrupted_Baseline,113
1790266417.029794392,Uninterrupted_Baseline,114
1790266417.120440826,Uninterrupted_Baseline,115
1790266417.189787587,Uninterrupted_Baseline,115
1790266417.265416647,Uninterrupted_Baseline,116
1790266417.342779469,Uninterrupted_Baseline,116
1790266417.423157432,Uninterrupted_Baseline,117
1790266417.507556904,Uninterrupted_Baseline,118
1790266417.585916400,Uninterrupted_Baseline,118
1790266417.672213095,Uninterrupted_Baseline,119
1790266417.754787306,Uninterrupted_Baseline,119
1790266417.837579566,Uninterrupted_Baseline,121
1790266417.928910219,Uninterrupted_Baseline,123
1790266418.010549276,Uninterrupted_Baseline,125
1790266418.064138082,Uninterrupted_Baseline,126
1790266418.124382653,Uninterrupted_Baseline,129
1790266418.200969196,Uninterrupted_Baseline,131
1790266418.276135985,Uninterrupted_Baseline,134
1790266418.359812184,Uninterrupted_Baseline,137
1790266418.431787613,Uninterrupted_Baseline,138
1790266418.480219903,Uninterrupted_Baseline,140
1790266418.549034533,Uninterrupted_Baseline,143
1790266418.607585118,Uninterrupted_Baseline,145
1790266418.665989669,Uninterrupted_Baseline,148
1790266418.733366223,Uninterrupted_Baseline,151
1790266418.820557617,Uninterrupted_Baseline,154
1790266418.904181270,Uninterrupted_Baseline,157
1790266418.988891222,Uninterrupted_Baseline,161
1790266419.072514635,Uninterrupted_Baseline,165
1790266419.155214704,Uninterrupted_Baseline,168
1790266419.221678642,Uninterrupted_Baseline,171
1790266419.291447690,Uninterrupted_Baseline,175
1790266419.372778166,Uninterrupted_Baseline,179
1790266419.455615054,Uninterrupted_Baseline,183
1790266419.532986600,Uninterrupted_Baseline,187
1790266419.611893092,Uninterrupted_Baseline,191
1790266419.700593755,Uninterrupted_Baseline,196
1790266419.779716777,Uninterrupted_Baseline,201
1790266419.859996376,Uninterrupted_Baseline,205
1790266419.952107868,Uninterrupted_Baseline,211
1790266420.032565057,Uninterrupted_Baseline,215
1790266420.111218243,Uninterrupted_Baseline,220
1790266420.173447768,Uninterrupted_Baseline,224
1790266420.251483440,Uninterrupted_Baseline,229
1790266420.331021161,Uninterrupted_Baseline,234
1790266420.416844810,Uninterrupted_Baseline,240
1790266420.502022699,Uninterrupted_Baseline,246
1790266420.572976554,Uninterrupted_Baseline,251
1790266420.658130377,Uninterrupted_Baseline,257
1790266420.750962665,Uninterrupted_Baseline,262
1790266420.824581161,Uninterrupted_Baseline,268
1790266420.888372685,Uninterrupted_Baseline,274
1790266420.973561328,Uninterrupted_Baseline,280
1790266421.056945198,Uninterrupted_Baseline,288
1790266421.135803093,Uninterrupted_Baseline,293
1790266421.218356661,Uninterrupted_Baseline,300
1790266421.297417042,Uninterrupted_Baseline,306
1790266421.378097815,Uninterrupted_Baseline,312
1790266421.453464316,Uninterrupted_Baseline,320
1790266421.541857016,Uninterrupted_Baseline,327
1790266421.628797790,Uninterrupted_Baseline,335
1790266421.712016590,Uninterrupted_Baseline,342
1790266421.800725506,Uninterrupted_Baseline,260
1790266421.877313685,Uninterrupted_Baseline,242
1790266421.958141569,Uninterrupted_Baseline,242
1790266422.035318637,Uninterrupted_Baseline,245
1790266422.115936665,Uninterrupted_Baseline,248
1790266422.197631743,Uninterrupted_Baseline,252
1790266422.282140850,Uninterrupted_Baseline,255
1790266422.364602446,Uninterrupted_Baseline,259
1790266422.444014291,Uninterrupted_Baseline,262
1790266422.525184750,Uninterrupted_Baseline,266
1790266422.609335792,Uninterrupted_Baseline,270
1790266422.692449764,Uninterrupted_Baseline,273
1790266422.776068570,Uninterrupted_Baseline,276
1790266422.865688793,Uninterrupted_Baseline,279
1790266422.951110188,Uninterrupted_Baseline,282
1790266423.032799676,Uninterrupted_Baseline,285
1790266423.118593528,Uninterrupted_Baseline,288
1790266423.198047065,Uninterrupted_Baseline,291
1790266423.285302603,Uninterrupted_Baseline,293
1790266423.365943277,Uninterrupted_Baseline,296
1790266423.448543809,Uninterrupted_Baseline,298
1790266423.533762946,Uninterrupted_Baseline,301
1790266423.610859684,Uninterrupted_Baseline,303
1790266423.687830745,Uninterrupted_Baseline,305
1790266423.769710650,Uninterrupted_Baseline,307
1790266423.854193436,Uninterrupted_Baseline,309
1790266423.939442225,Uninterrupted_Baseline,312
1790266424.023924970,Uninterrupted_Baseline,314
1790266424.101549906,Uninterrupted_Baseline,316
1790266424.177955325,Uninterrupted_Baseline,317
1790266424.237603983,Uninterrupted_Baseline,319
1790266424.313562346,Uninterrupted_Baseline,320
1790266424.377276601,Uninterrupted_Baseline,321
1790266424.451956865,Uninterrupted_Baseline,322
1790266424.532051007,Uninterrupted_Baseline,323
1790266424.597014574,Uninterrupted_Baseline,325
1790266424.660227565,Uninterrupted_Baseline,326
1790266424.736579775,Uninterrupted_Baseline,327
1790266424.822907335,Uninterrupted_Baseline,281
1790266424.901374506,Uninterrupted_Baseline,229
1790266424.977054342,Uninterrupted_Baseline,229
1790266425.061208331,Uninterrupted_Baseline,211
1790266425.121279834,Uninterrupted_Baseline,160
1790266425.192439369,Uninterrupted_Baseline,160
1790266425.278549362,Uninterrupted_Baseline,145
1790266425.368953940,Uninterrupted_Baseline,112
1790266425.458121162,Uninterrupted_Baseline,91
1790266425.544302442,Uninterrupted_Baseline,78
1790266425.621842025,Uninterrupted_Baseline,79
1790266425.689994231,Uninterrupted_Baseline,80
1790266425.767492608,Uninterrupted_Baseline,81
1790266425.846709347,Uninterrupted_Baseline,82
1790266425.920745901,Uninterrupted_Baseline,83
1790266425.987812207,Uninterrupted_Baseline,85
1790266426.073383774,Uninterrupted_Baseline,86
1790266426.162130635,Uninterrupted_Baseline,87
1790266426.249156623,Uninterrupted_Baseline,87
1790266426.311380283,Uninterrupted_Baseline,88
1790266426.403119440,Uninterrupted_Baseline,88
1790266426.488136556,Uninterrupted_Baseline,89
1790266426.566737446,Uninterrupted_Baseline,90
1790266426.642572866,Uninterrupted_Baseline,90
1790266426.711763214,Uninterrupted_Baseline,91
1790266426.795424829,Uninterrupted_Baseline,91
1790266426.870045904,Uninterrupted_Baseline,92
1790266426.957783151,Uninterrupted_Baseline,92
1790266427.041902904,Uninterrupted_Baseline,92
1790266427.120272475,Uninterrupted_Baseline,93
1790266427.191243644,Uninterrupted_Baseline,93
1790266427.248594695,Uninterrupted_Baseline,93
1790266427.308605912,Uninterrupted_Baseline,94
1790266427.373799336,Uninterrupted_Baseline,94
1790266427.455764427,Uninterrupted_Baseline,94
1790266427.540760252,Uninterrupted_Baseline,94
1790266427.634167513,Uninterrupted_Baseline,94
1790266427.721061125,Uninterrupted_Baseline,95
1790266427.794780560,Uninterrupted_Baseline,95
1790266427.879452952,Uninterrupted_Baseline,95
1790266427.966755192,Uninterrupted_Baseline,95
1790266428.057477527,Uninterrupted_Baseline,96
1790266428.129347692,Uninterrupted_Baseline,97
1790266428.206787976,Uninterrupted_Baseline,98
1790266428.284625192,Uninterrupted_Baseline,98
1790266428.350199556,Uninterrupted_Baseline,98
1790266428.418328906,Uninterrupted_Baseline,99
1790266428.480213440,Uninterrupted_Baseline,99
1790266428.542239984,Uninterrupted_Baseline,100
1790266428.616752559,Uninterrupted_Baseline,100
1790266428.694822056,Uninterrupted_Baseline,101
1790266428.766949543,Uninterrupted_Baseline,102
1790266428.856353990,Uninterrupted_Baseline,102
1790266428.935945233,Uninterrupted_Baseline,103
1790266429.017534109,Uninterrupted_Baseline,103
1790266429.096320258,Uninterrupted_Baseline,104
1790266429.160609935,Uninterrupted_Baseline,105
1790266429.223148943,Uninterrupted_Baseline,105
1790266429.303069743,Uninterrupted_Baseline,106
1790266429.390424457,Uninterrupted_Baseline,106
1790266429.477840983,Uninterrupted_Baseline,107
1790266429.557449859,Uninterrupted_Baseline,108
1790266429.646014411,Uninterrupted_Baseline,108
1790266429.711368726,Uninterrupted_Baseline,109
1790266429.783132906,Uninterrupted_Baseline,109
1790266429.850613719,Uninterrupted_Baseline,110
1790266429.928766516,Uninterrupted_Baseline,110
1790266430.013835644,Uninterrupted_Baseline,111
1790266430.102356574,Uninterrupted_Baseline,112
1790266430.187536265,Uninterrupted_Baseline,112
1790266430.273605717,Uninterrupted_Baseline,113
1790266430.361000257,Uninterrupted_Baseline,113
1790266430.436623055,Uninterrupted_Baseline,114
1790266430.524549174,Uninterrupted_Baseline,115
1790266430.609898352,Uninterrupted_Baseline,115
1790266430.694743568,Uninterrupted_Baseline,116
1790266430.780034405,Uninterrupted_Baseline,116
1790266430.865934734,Uninterrupted_Baseline,117
1790266430.946245935,Uninterrupted_Baseline,118
1790266431.025066767,Uninterrupted_Baseline,118
1790266431.108766097,Uninterrupted_Baseline,119
1790266431.200009059,Uninterrupted_Baseline,120
1790266431.275012729,Uninterrupted_Baseline,120
1790266431.339318658,Uninterrupted_Baseline,121
1790266431.420195305,Uninterrupted_Baseline,121
1790266431.509639451,Uninterrupted_Baseline,122
1790266431.581731160,Uninterrupted_Baseline,123
1790266431.663256109,Uninterrupted_Baseline,123
1790266431.736411664,Uninterrupted_Baseline,124
1790266431.821631872,Uninterrupted_Baseline,124
1790266431.901382874,Uninterrupted_Baseline,125
1790266431.980776541,Uninterrupted_Baseline,125
1790266432.059500189,Uninterrupted_Baseline,126
1790266432.140325970,Uninterrupted_Baseline,127
1790266432.229997435,Uninterrupted_Baseline,127
1790266432.321227558,Uninterrupted_Baseline,128
1790266432.408011846,Uninterrupted_Baseline,129
1790266432.492987500,Uninterrupted_Baseline,129
1790266432.575572373,Uninterrupted_Baseline,130
1790266432.662572948,Uninterrupted_Baseline,131
1790266432.745455813,Uninterrupted_Baseline,131
1790266432.823152185,Uninterrupted_Baseline,132
1790266432.906111907,Uninterrupted_Baseline,132
1790266432.985272464,Uninterrupted_Baseline,133
1790266433.066121475,Uninterrupted_Baseline,134
1790266433.141186029,Uninterrupted_Baseline,134
1790266433.217353439,Uninterrupted_Baseline,135
1790266433.294772645,Uninterrupted_Baseline,135
1790266433.358830100,Uninterrupted_Baseline,136
1790266433.437215318,Uninterrupted_Baseline,136
1790266433.521564408,Uninterrupted_Baseline,137
1790266433.601357637,Uninterrupted_Baseline,138
1790266433.683250901,Uninterrupted_Baseline,138
1790266433.769931133,Uninterrupted_Baseline,139
1790266433.845833770,Uninterrupted_Baseline,139
1790266433.917970372,Uninterrupted_Baseline,141
1790266433.980260465,Uninterrupted_Baseline,143
1790266434.047884227,Uninterrupted_Baseline,145
1790266434.111914336,Uninterrupted_Baseline,147
1790266434.193407832,Uninterrupted_Baseline,149
1790266434.269920539,Uninterrupted_Baseline,151
1790266434.352913649,Uninterrupted_Baseline,154
1790266434.433112997,Uninterrupted_Baseline,156
1790266434.519199804,Uninterrupted_Baseline,160
1790266434.606877470,Uninterrupted_Baseline,163
1790266434.689455605,Uninterrupted_Baseline,166
1790266434.765061232,Uninterrupted_Baseline,169
1790266434.848262820,Uninterrupted_Baseline,172
1790266434.909760595,Uninterrupted_Baseline,175
1790266434.997697201,Uninterrupted_Baseline,178
1790266435.057791927,Uninterrupted_Baseline,180
1790266435.120613781,Uninterrupted_Baseline,183
1790266435.204960482,Uninterrupted_Baseline,187
1790266435.284030605,Uninterrupted_Baseline,190
1790266435.356037384,Uninterrupted_Baseline,194
1790266435.440381732,Uninterrupted_Baseline,198
1790266435.527608604,Uninterrupted_Baseline,203
1790266435.607620435,Uninterrupted_Baseline,207
1790266435.696696884,Uninterrupted_Baseline,212
1790266435.769110673,Uninterrupted_Baseline,214
1790266435.838347512,Uninterrupted_Baseline,219
1790266435.922015966,Uninterrupted_Baseline,224
1790266436.009281438,Uninterrupted_Baseline,229
1790266436.094732541,Uninterrupted_Baseline,234
1790266436.155625985,Uninterrupted_Baseline,237
1790266436.230067130,Uninterrupted_Baseline,243
1790266436.310501252,Uninterrupted_Baseline,246
1790266436.380912142,Uninterrupted_Baseline,252
1790266436.461249947,Uninterrupted_Baseline,258
1790266436.545825312,Uninterrupted_Baseline,262
1790266436.630224447,Uninterrupted_Baseline,268
1790266436.701194560,Uninterrupted_Baseline,273
1790266436.787464638,Uninterrupted_Baseline,280
1790266436.867131361,Uninterrupted_Baseline,286
1790266436.946273303,Uninterrupted_Baseline,291
1790266437.018699584,Uninterrupted_Baseline,297
1790266437.100956848,Uninterrupted_Baseline,303
1790266437.180223926,Uninterrupted_Baseline,309
1790266437.260732456,Uninterrupted_Baseline,315
1790266437.339688077,Uninterrupted_Baseline,320
1790266437.406695615,Uninterrupted_Baseline,327
1790266437.491460258,Uninterrupted_Baseline,335
1790266437.575454038,Uninterrupted_Baseline,341
1790266437.661527404,Uninterrupted_Baseline,269
1790266437.749636147,Uninterrupted_Baseline,241
1790266437.837695747,Uninterrupted_Baseline,241
1790266437.919844909,Uninterrupted_Baseline,243
1790266438.003172102,Uninterrupted_Baseline,247
1790266438.080722285,Uninterrupted_Baseline,250
1790266438.146632652,Uninterrupted_Baseline,253
1790266438.227268554,Uninterrupted_Baseline,257
1790266438.290433543,Uninterrupted_Baseline,260
1790266438.378643360,Uninterrupted_Baseline,263
1790266438.433016811,Uninterrupted_Baseline,266
1790266438.487885114,Uninterrupted_Baseline,268
1790266438.544951290,Uninterrupted_Baseline,270
1790266438.604999887,Uninterrupted_Baseline,273
1790266438.674591949,Uninterrupted_Baseline,276
1790266438.749960632,Uninterrupted_Baseline,279
1790266438.825461653,Uninterrupted_Baseline,281
1790266438.898141057,Uninterrupted_Baseline,283
1790266438.963255059,Uninterrupted_Baseline,286
1790266439.032707718,Uninterrupted_Baseline,288
1790266439.100675405,Uninterrupted_Baseline,290
1790266439.161101233,Uninterrupted_Baseline,292
1790266439.236428102,Uninterrupted_Baseline,294
1790266439.316808005,Uninterrupted_Baseline,297
1790266439.383281912,Uninterrupted_Baseline,299
1790266439.458440922,Uninterrupted_Baseline,301
1790266439.525821461,Uninterrupted_Baseline,303
1790266439.606163471,Uninterrupted_Baseline,305
1790266439.671601983,Uninterrupted_Baseline,307
1790266439.750052929,Uninterrupted_Baseline,309
1790266439.837572675,Uninterrupted_Baseline,311
1790266439.921170842,Uninterrupted_Baseline,313
1790266440.005287662,Uninterrupted_Baseline,315
1790266440.086542666,Uninterrupted_Baseline,317
1790266440.167776629,Uninterrupted_Baseline,318
1790266440.253301354,Uninterrupted_Baseline,320
1790266440.334580343,Uninterrupted_Baseline,321
1790266440.414022474,Uninterrupted_Baseline,322
1790266440.496800711,Uninterrupted_Baseline,324
1790266440.578278193,Uninterrupted_Baseline,325
1790266440.661236648,Uninterrupted_Baseline,289
1790266440.747144631,Uninterrupted_Baseline,228
1790266440.827113343,Uninterrupted_Baseline,231
1790266440.909961206,Uninterrupted_Baseline,233
1790266440.989862032,Uninterrupted_Baseline,235
1790266441.073727468,Uninterrupted_Baseline,237
1790266441.161390326,Uninterrupted_Baseline,240
1790266441.254522741,Uninterrupted_Baseline,242
1790266441.319485511,Uninterrupted_Baseline,243
1790266441.372818443,Uninterrupted_Baseline,245
1790266441.449447025,Uninterrupted_Baseline,247
1790266441.523367396,Uninterrupted_Baseline,248
1790266441.606147282,Uninterrupted_Baseline,250
1790266441.685957613,Uninterrupted_Baseline,252
1790266441.761454145,Uninterrupted_Baseline,253
1790266441.839073729,Uninterrupted_Baseline,254
1790266441.891503818,Uninterrupted_Baseline,255
1790266441.954771131,Uninterrupted_Baseline,256
1790266442.010857356,Uninterrupted_Baseline,257
1790266442.088233836,Uninterrupted_Baseline,258
1790266442.167976398,Uninterrupted_Baseline,259
1790266442.247488844,Uninterrupted_Baseline,261
1790266442.331062465,Uninterrupted_Baseline,262
1790266442.413016272,Uninterrupted_Baseline,263
1790266442.495788064,Uninterrupted_Baseline,264
1790266442.577974156,Uninterrupted_Baseline,265
1790266442.665378660,Uninterrupted_Baseline,266
1790266442.748285315,Uninterrupted_Baseline,267
1790266442.833701525,Uninterrupted_Baseline,269
1790266442.919123419,Uninterrupted_Baseline,269
1790266442.997482404,Uninterrupted_Baseline,270
1790266443.074632856,Uninterrupted_Baseline,271
1790266443.139167885,Uninterrupted_Baseline,271
1790266443.206167326,Uninterrupted_Baseline,272
1790266443.286779299,Uninterrupted_Baseline,272
1790266443.366723633,Uninterrupted_Baseline,273
1790266443.442252466,Uninterrupted_Baseline,273
1790266443.530557569,Uninterrupted_Baseline,274
1790266443.625466697,Uninterrupted_Baseline,274
1790266443.709551305,Uninterrupted_Baseline,274
1790266443.775315048,Uninterrupted_Baseline,275
1790266443.858619696,Uninterrupted_Baseline,275
1790266443.928981386,Uninterrupted_Baseline,275
1790266444.014199491,Uninterrupted_Baseline,276
1790266444.105360430,Uninterrupted_Baseline,276
1790266444.181673795,Uninterrupted_Baseline,276
1790266444.253372579,Uninterrupted_Baseline,276
1790266444.332749368,Uninterrupted_Baseline,277
1790266444.415416325,Uninterrupted_Baseline,277
1790266444.501142597,Uninterrupted_Baseline,277
1790266444.584567842,Uninterrupted_Baseline,277
1790266444.661030663,Uninterrupted_Baseline,277
1790266444.742123191,Uninterrupted_Baseline,277
1790266444.823036555,Uninterrupted_Baseline,277
1790266444.884393821,Uninterrupted_Baseline,277
1790266444.948731718,Uninterrupted_Baseline,277
1790266445.039260015,Uninterrupted_Baseline,277
1790266445.089524258,Uninterrupted_Baseline,277
1790266445.155745617,Uninterrupted_Baseline,277
1790266445.227943592,Uninterrupted_Baseline,277
1790266445.299933729,Uninterrupted_Baseline,277
1790266445.384134710,Uninterrupted_Baseline,277
1790266445.462116651,Uninterrupted_Baseline,277
1790266445.538304709,Uninterrupted_Baseline,277
1790266445.612272018,Uninterrupted_Baseline,277
1790266445.697679896,Uninterrupted_Baseline,277
1790266445.778368743,Uninterrupted_Baseline,277
1790266445.849171003,Uninterrupted_Baseline,277
1790266445.925028394,Uninterrupted_Baseline,277
1790266446.006278725,Uninterrupted_Baseline,277
1790266446.087181641,Uninterrupted_Baseline,277
1790266446.167013479,Uninterrupted_Baseline,277
1790266446.249593256,Uninterrupted_Baseline,277
1790266446.328874689,Uninterrupted_Baseline,277
1790266446.412638427,Uninterrupted_Baseline,277
1790266446.490933266,Uninterrupted_Baseline,277
1790266446.573312985,Uninterrupted_Baseline,277
1790266446.645330856,Uninterrupted_Baseline,277
1790266446.724397624,Uninterrupted_Baseline,277
1790266446.812248010,Uninterrupted_Baseline,277
1790266446.895234892,Uninterrupted_Baseline,277
1790266446.978536966,Uninterrupted_Baseline,277
1790266447.061816359,Uninterrupted_Baseline,278
1790266447.139384936,Uninterrupted_Baseline,278
1790266447.218612730,Uninterrupted_Baseline,278
1790266447.302631040,Uninterrupted_Baseline,278
1790266447.383712914,Uninterrupted_Baseline,278
1790266447.462932689,Uninterrupted_Baseline,279
1790266447.547785882,Uninterrupted_Baseline,279
1790266447.633515000,Uninterrupted_Baseline,280
1790266447.711518708,Uninterrupted_Baseline,280
1790266447.798945580,Uninterrupted_Baseline,280
1790266447.881636382,Uninterrupted_Baseline,281
1790266447.957213624,Uninterrupted_Baseline,281
1790266448.037017746,Uninterrupted_Baseline,282
1790266448.090347360,Uninterrupted_Baseline,282
1790266448.167706008,Uninterrupted_Baseline,283
1790266448.245270146,Uninterrupted_Baseline,283
1790266448.294886651,Uninterrupted_Baseline,284
1790266448.380020047,Uninterrupted_Baseline,285
1790266448.439416792,Uninterrupted_Baseline,285
1790266448.490007851,Uninterrupted_Baseline,286
1790266448.548579589,Uninterrupted_Baseline,286
1790266448.617149900,Uninterrupted_Baseline,287
1790266448.680817511,Uninterrupted_Baseline,288
1790266448.757354398,Uninterrupted_Baseline,288
1790266448.839851024,Uninterrupted_Baseline,289
1790266448.928400508,Uninterrupted_Baseline,290
1790266449.009910061,Uninterrupted_Baseline,291
1790266449.087794975,Uninterrupted_Baseline,292
1790266449.145216070,Uninterrupted_Baseline,293
1790266449.210454946,Uninterrupted_Baseline,294
1790266449.289931146,Uninterrupted_Baseline,295
1790266449.350453619,Uninterrupted_Baseline,296
1790266449.409057913,Uninterrupted_Baseline,297
1790266449.483694032,Uninterrupted_Baseline,298
1790266449.569362857,Uninterrupted_Baseline,299
1790266449.648610661,Uninterrupted_Baseline,301
1790266449.731214834,Uninterrupted_Baseline,303
1790266449.807282889,Uninterrupted_Baseline,304
1790266449.872894986,Uninterrupted_Baseline,305
1790266449.953143695,Uninterrupted_Baseline,307
1790266450.034445358,Uninterrupted_Baseline,309
1790266450.102190878,Uninterrupted_Baseline,311
1790266450.188954576,Uninterrupted_Baseline,313
1790266450.272244709,Uninterrupted_Baseline,315
1790266450.342638355,Uninterrupted_Baseline,316
1790266450.424278402,Uninterrupted_Baseline,318
1790266450.495265442,Uninterrupted_Baseline,320
1790266450.567694829,Uninterrupted_Baseline,322
1790266450.653753910,Uninterrupted_Baseline,325
1790266450.743237269,Uninterrupted_Baseline,327
1790266450.825594008,Uninterrupted_Baseline,329
1790266450.894713848,Uninterrupted_Baseline,331
1790266450.970126135,Uninterrupted_Baseline,334
1790266451.050579372,Uninterrupted_Baseline,314
1790266451.135631273,Uninterrupted_Baseline,236
1790266451.210433413,Uninterrupted_Baseline,239
1790266451.279329682,Uninterrupted_Baseline,240
1790266451.335429301,Uninterrupted_Baseline,243
1790266451.415310271,Uninterrupted_Baseline,247
1790266451.497248870,Uninterrupted_Baseline,251
1790266451.579738651,Uninterrupted_Baseline,255
1790266451.659385418,Uninterrupted_Baseline,258
1790266451.738624655,Uninterrupted_Baseline,261
1790266451.819530466,Uninterrupted_Baseline,264
1790266451.903609996,Uninterrupted_Baseline,267
1790266451.985607942,Uninterrupted_Baseline,270
1790266452.067712453,Uninterrupted_Baseline,273
1790266452.145412673,Uninterrupted_Baseline,276
1790266452.222899475,Uninterrupted_Baseline,279
1790266452.304582179,Uninterrupted_Baseline,281
1790266452.387872901,Uninterrupted_Baseline,283
1790266452.470850382,Uninterrupted_Baseline,286
1790266452.552767871,Uninterrupted_Baseline,288
1790266452.615709008,Uninterrupted_Baseline,290
1790266452.697765013,Uninterrupted_Baseline,292
1790266452.779635583,Uninterrupted_Baseline,295
1790266452.860484011,Uninterrupted_Baseline,297
1790266452.943556161,Uninterrupted_Baseline,299
1790266453.026465087,Uninterrupted_Baseline,301
1790266453.115501056,Uninterrupted_Baseline,304
1790266453.204339464,Uninterrupted_Baseline,306
1790266453.290241324,Uninterrupted_Baseline,308
1790266453.377609555,Uninterrupted_Baseline,309
1790266453.463135111,Uninterrupted_Baseline,311
1790266453.548919934,Uninterrupted_Baseline,312
1790266453.633170601,Uninterrupted_Baseline,314
1790266453.716774703,Uninterrupted_Baseline,316
1790266453.801695986,Uninterrupted_Baseline,317
1790266464.620814544,Phase1_Baseline,10
1790266464.701702888,Phase1_Baseline,20
1790266464.778473582,Phase1_Baseline,32
1790266464.851946631,Phase1_Baseline,82
1790266464.916448700,Phase1_Baseline,164
1790266464.996925451,Phase1_Baseline,276
1790266465.060904195,Phase1_Baseline,459
1790266465.130178703,Phase1_Baseline,691
1790266465.213462193,Phase1_Baseline,691
1790266465.292122315,Phase1_Baseline,592
1790266465.375989038,Phase1_Baseline,483
1790266465.457797655,Phase1_Baseline,483
1790266465.523879837,Phase1_Baseline,483
1790266465.596208161,Phase1_Baseline,483
1790266465.675234349,Phase1_Baseline,437
1790266465.738602577,Phase1_Baseline,338
1790266465.821260392,Phase1_Baseline,338
1790266465.891018792,Phase1_Baseline,312
1790266465.969338945,Phase1_Baseline,236
1790266466.049116262,Phase1_Baseline,165
1790266466.128480405,Phase1_Baseline,165
1790266466.210571322,Phase1_Baseline,134
1790266466.289457431,Phase1_Baseline,115
1790266466.359412903,Phase1_Baseline,115
1790266466.436009020,Phase1_Baseline,116
1790266466.498632292,Phase1_Baseline,118
1790266466.580853319,Phase1_Baseline,119
1790266466.657153822,Phase1_Baseline,120
1790266466.736348477,Phase1_Baseline,122
1790266466.806722020,Phase1_Baseline,123
1790266466.891849612,Phase1_Baseline,124
1790266466.970047338,Phase1_Baseline,125
1790266467.049742021,Phase1_Baseline,126
1790266467.133432155,Phase1_Baseline,127
1790266467.213751920,Phase1_Baseline,128
1790266467.282019006,Phase1_Baseline,129
1790266467.360557531,Phase1_Baseline,130
1790266467.435345380,Phase1_Baseline,131
1790266467.517025020,Phase1_Baseline,132
1790266467.599746487,Phase1_Baseline,132
1790266467.682705263,Phase1_Baseline,133
1790266467.763230486,Phase1_Baseline,134
1790266467.848083121,Phase1_Baseline,134
1790266467.931260953,Phase1_Baseline,135
1790266468.010261456,Phase1_Baseline,136
1790266468.073908514,Phase1_Baseline,136
1790266468.149554738,Phase1_Baseline,137
1790266468.225370027,Phase1_Baseline,137
1790266468.287324398,Phase1_Baseline,137
1790266468.368287908,Phase1_Baseline,138
1790266468.428389185,Phase1_Baseline,138
1790266468.482026335,Phase1_Baseline,138
1790266468.537284668,Phase1_Baseline,138
1790266468.594443913,Phase1_Baseline,138
1790266468.663687886,Phase1_Baseline,139
1790266468.744319468,Phase1_Baseline,139
1790266468.818251432,Phase1_Baseline,139
1790266468.902823627,Phase1_Baseline,139
1790266468.989792807,Phase1_Baseline,140
1790266469.061796149,Phase1_Baseline,140
1790266469.137190484,Phase1_Baseline,140
1790266469.206357356,Phase1_Baseline,140
1790266469.284456348,Phase1_Baseline,140
1790266469.366154294,Phase1_Baseline,140
1790266469.445068583,Phase1_Baseline,140
1790266469.527239480,Phase1_Baseline,140
1790266469.595792828,Phase1_Baseline,140
1790266469.676449375,Phase1_Baseline,140
1790266469.747292939,Phase1_Baseline,140
1790266469.818550682,Phase1_Baseline,140
1790266469.883930939,Phase1_Baseline,140
1790266469.961597404,Phase1_Baseline,141
1790266470.041875903,Phase1_Baseline,142
1790266470.122571524,Phase1_Baseline,142
1790266470.198512285,Phase1_Baseline,143
1790266470.278797208,Phase1_Baseline,144
1790266470.366189907,Phase1_Baseline,144
1790266470.442887609,Phase1_Baseline,145
1790266470.524564425,Phase1_Baseline,145
1790266470.596243903,Phase1_Baseline,146
1790266470.680267774,Phase1_Baseline,147
1790266470.744957192,Phase1_Baseline,147
1790266470.821623254,Phase1_Baseline,148
1790266470.892757887,Phase1_Baseline,148
1790266470.973217452,Phase1_Baseline,148
1790266471.061404816,Phase1_Baseline,149
1790266471.145903790,Phase1_Baseline,150
1790266471.227791475,Phase1_Baseline,150
1790266471.306541293,Phase1_Baseline,151
1790266471.392882026,Phase1_Baseline,152
1790266471.476607631,Phase1_Baseline,152
1790266471.548614153,Phase1_Baseline,153
1790266471.621583304,Phase1_Baseline,153
1790266471.709857811,Phase1_Baseline,154
1790266471.791766825,Phase1_Baseline,155
1790266471.879988120,Phase1_Baseline,155
1790266471.967051307,Phase1_Baseline,156
1790266472.052382813,Phase1_Baseline,156
1790266472.122370379,Phase1_Baseline,157
1790266472.207621961,Phase1_Baseline,158
1790266472.285402347,Phase1_Baseline,158
1790266472.352125080,Phase1_Baseline,159
1790266472.416036564,Phase1_Baseline,159
1790266472.502488813,Phase1_Baseline,160
1790266472.582802177,Phase1_Baseline,160
1790266472.667958442,Phase1_Baseline,161
1790266472.752966030,Phase1_Baseline,162
1790266472.825418042,Phase1_Baseline,162
1790266472.910827730,Phase1_Baseline,163
1790266472.994153155,Phase1_Baseline,163
1790266473.076231048,Phase1_Baseline,164
1790266473.146699212,Phase1_Baseline,164
1790266473.208597313,Phase1_Baseline,165
1790266473.274024625,Phase1_Baseline,165
1790266473.346141283,Phase1_Baseline,166
1790266473.412306468,Phase1_Baseline,167
1790266473.493109889,Phase1_Baseline,167
1790266473.561758088,Phase1_Baseline,168
1790266473.647323424,Phase1_Baseline,168
1790266473.730350278,Phase1_Baseline,169
1790266473.817329067,Phase1_Baseline,169
1790266473.898244136,Phase1_Baseline,170
1790266473.977223772,Phase1_Baseline,170
1790266474.059881033,Phase1_Baseline,171
1790266474.140259766,Phase1_Baseline,172
1790266474.226495728,Phase1_Baseline,172
1790266474.312427731,Phase1_Baseline,173
1790266474.401420555,Phase1_Baseline,174
1790266474.485733267,Phase1_Baseline,174
1790266474.569143783,Phase1_Baseline,175
1790266474.635523257,Phase1_Baseline,175
1790266474.714690998,Phase1_Baseline,176
1790266474.801631492,Phase1_Baseline,177
1790266474.887379395,Phase1_Baseline,178
1790266474.955034873,Phase1_Baseline,179
1790266475.028928018,Phase1_Baseline,181
1790266475.081730387,Phase1_Baseline,182
1790266475.136310256,Phase1_Baseline,183
1790266475.217345452,Phase1_Baseline,185
1790266475.280976901,Phase1_Baseline,187
1790266475.360540597,Phase1_Baseline,190
1790266475.428817871,Phase1_Baseline,192
1790266475.495488584,Phase1_Baseline,194
1790266475.586408112,Phase1_Baseline,196
1790266475.667152263,Phase1_Baseline,199
1790266475.755582167,Phase1_Baseline,202
1790266475.838372469,Phase1_Baseline,205
1790266475.923015465,Phase1_Baseline,208
1790266475.995590742,Phase1_Baseline,211
1790266476.083573991,Phase1_Baseline,214
1790266476.176291958,Phase1_Baseline,218
1790266476.257549964,Phase1_Baseline,221
1790266476.338383927,Phase1_Baseline,225
1790266476.418756496,Phase1_Baseline,228
1790266476.501873811,Phase1_Baseline,232
1790266476.581238600,Phase1_Baseline,235
1790266476.649527124,Phase1_Baseline,239
1790266476.725447093,Phase1_Baseline,242
1790266476.801612740,Phase1_Baseline,245
1790266476.874453804,Phase1_Baseline,250
1790266476.957195190,Phase1_Baseline,253
1790266477.038544945,Phase1_Baseline,258
1790266477.114733692,Phase1_Baseline,262
1790266477.197989049,Phase1_Baseline,268
1790266477.271286840,Phase1_Baseline,271
1790266477.356393369,Phase1_Baseline,275
1790266477.435922029,Phase1_Baseline,280
1790266477.515763361,Phase1_Baseline,286
1790266477.578270455,Phase1_Baseline,289
1790266477.653485332,Phase1_Baseline,294
1790266477.742221398,Phase1_Baseline,299
1790266477.826043176,Phase1_Baseline,306
1790266477.911815058,Phase1_Baseline,312
1790266477.991976139,Phase1_Baseline,316
1790266478.057321670,Phase1_Baseline,321
1790266478.111407248,Phase1_Baseline,325
1790266478.187342728,Phase1_Baseline,331
1790266478.268254357,Phase1_Baseline,336
1790266478.329432085,Phase1_Baseline,342
1790266478.401031385,Phase1_Baseline,346
1790266478.450266416,Phase1_Baseline,330
1790266478.498459047,Phase1_Baseline,244
1790266478.556380558,Phase1_Baseline,244
1790266478.611818327,Phase1_Baseline,244
1790266478.665725940,Phase1_Baseline,244
1790266478.716855940,Phase1_Baseline,170
1790266478.783621854,Phase1_Baseline,141
1790266478.860474694,Phase1_Baseline,171
1790266478.953336386,Phase1_Baseline,174
1790266479.023734420,Phase1_Baseline,175
1790266479.098164715,Phase1_Baseline,177
1790266479.161996118,Phase1_Baseline,178
1790266479.215929353,Phase1_Baseline,179
1790266479.292041945,Phase1_Baseline,181
1790266479.374004918,Phase1_Baseline,183
1790266479.456263906,Phase1_Baseline,184
1790266479.538380332,Phase1_Baseline,185
1790266479.617954157,Phase1_Baseline,187
1790266479.698875887,Phase1_Baseline,188
1790266479.762371780,Phase1_Baseline,189
1790266479.828803590,Phase1_Baseline,190
1790266479.902264270,Phase1_Baseline,191
1790266479.976605303,Phase1_Baseline,192
1790266480.062270461,Phase1_Baseline,193
1790266480.138050960,Phase1_Baseline,194
1790266480.209476618,Phase1_Baseline,195
1790266480.272236404,Phase1_Baseline,196
1790266480.334282039,Phase1_Baseline,197
1790266480.412400606,Phase1_Baseline,198
1790266480.492984135,Phase1_Baseline,199
1790266480.549806988,Phase1_Baseline,199
1790266480.612173532,Phase1_Baseline,200
1790266480.688867909,Phase1_Baseline,200
1790266480.760181460,Phase1_Baseline,201
1790266480.839577588,Phase1_Baseline,202
1790266480.910730306,Phase1_Baseline,202
1790266480.980159837,Phase1_Baseline,203
1790266481.047306864,Phase1_Baseline,203
1790266481.127448575,Phase1_Baseline,203
1790266481.198608958,Phase1_Baseline,204
1790266481.267976010,Phase1_Baseline,204
1790266481.345751711,Phase1_Baseline,205
1790266481.428025886,Phase1_Baseline,205
1790266481.511551647,Phase1_Baseline,205
1790266481.595217728,Phase1_Baseline,206
1790266481.678373505,Phase1_Baseline,206
1790266481.761706152,Phase1_Baseline,206
1790266481.839395669,Phase1_Baseline,206
1790266481.914033370,Phase1_Baseline,206
1790266481.994513906,Phase1_Baseline,207
1790266482.076513888,Phase1_Baseline,207
1790266482.155752862,Phase1_Baseline,207
1790266482.239849472,Phase1_Baseline,207
1790266482.322180100,Phase1_Baseline,207
1790266482.407560503,Phase1_Baseline,207
1790266482.494271898,Phase1_Baseline,207
1790266482.579328089,Phase1_Baseline,207
1790266482.656448214,Phase1_Baseline,207
1790266482.738804829,Phase1_Baseline,207
1790266482.814378054,Phase1_Baseline,207
1790266482.893769466,Phase1_Baseline,207
1790266482.972168952,Phase1_Baseline,207
1790266483.059389498,Phase1_Baseline,207
1790266483.137799360,Phase1_Baseline,207
1790266483.217342052,Phase1_Baseline,207
1790266483.295502778,Phase1_Baseline,207
1790266483.370742163,Phase1_Baseline,207
1790266483.437443210,Phase1_Baseline,207
1790266483.519272599,Phase1_Baseline,207
1790266483.599823022,Phase1_Baseline,207
1790266483.684174501,Phase1_Baseline,207
1790266483.766366692,Phase1_Baseline,207
1790266483.848913618,Phase1_Baseline,207
1790266483.932563573,Phase1_Baseline,207
1790266484.018299129,Phase1_Baseline,207
1790266484.099751361,Phase1_Baseline,208
1790266484.183442198,Phase1_Baseline,209
1790266484.266061123,Phase1_Baseline,209
1790266484.335935580,Phase1_Baseline,210
1790266484.420523810,Phase1_Baseline,210
1790266484.487827460,Phase1_Baseline,211
1790266484.568643026,Phase1_Baseline,211
1790266484.647427883,Phase1_Baseline,212
1790266484.725257708,Phase1_Baseline,213
1790266484.807048234,Phase1_Baseline,213
1790266484.884894364,Phase1_Baseline,214
1790266484.962301048,Phase1_Baseline,214
1790266485.045412178,Phase1_Baseline,215
1790266485.113190246,Phase1_Baseline,215
1790266485.192481562,Phase1_Baseline,216
1790266485.278573980,Phase1_Baseline,217
1790266485.356619080,Phase1_Baseline,217
1790266485.439682815,Phase1_Baseline,218
1790266485.525459187,Phase1_Baseline,218
1790266485.604893420,Phase1_Baseline,219
1790266485.675401757,Phase1_Baseline,220
1790266485.758690849,Phase1_Baseline,220
1790266485.843313319,Phase1_Baseline,221
1790266485.919953072,Phase1_Baseline,221
1790266486.017044963,Phase1_Baseline,222
1790266486.072161030,Phase1_Baseline,222
1790266486.133214623,Phase1_Baseline,223
1790266486.199611426,Phase1_Baseline,223
1790266486.280743937,Phase1_Baseline,224
1790266486.347626331,Phase1_Baseline,224
1790266486.403671631,Phase1_Baseline,225
1790266486.464401249,Phase1_Baseline,225
1790266486.530575672,Phase1_Baseline,225
1790266486.601453173,Phase1_Baseline,226
1790266486.685981636,Phase1_Baseline,227
1790266486.773075656,Phase1_Baseline,227
1790266486.850170470,Phase1_Baseline,228
1790266486.927549071,Phase1_Baseline,229
1790266487.009218461,Phase1_Baseline,229
1790266487.098580200,Phase1_Baseline,230
1790266487.180275148,Phase1_Baseline,230
1790266487.258998487,Phase1_Baseline,231
1790266487.340742055,Phase1_Baseline,232
1790266487.403854016,Phase1_Baseline,233
1790266487.480617785,Phase1_Baseline,235
1790266487.561499753,Phase1_Baseline,236
1790266487.642297022,Phase1_Baseline,238
1790266487.722829696,Phase1_Baseline,240
1790266487.810009838,Phase1_Baseline,243
1790266487.889543571,Phase1_Baseline,245
1790266487.970515246,Phase1_Baseline,247
1790266488.047017556,Phase1_Baseline,249
1790266488.105974558,Phase1_Baseline,250
1790266488.180440873,Phase1_Baseline,252
1790266488.246481630,Phase1_Baseline,254
1790266488.308565686,Phase1_Baseline,255
1790266488.374291765,Phase1_Baseline,258
1790266488.433456058,Phase1_Baseline,259
1790266488.490548952,Phase1_Baseline,261
1790266488.553957365,Phase1_Baseline,263
1790266488.609376234,Phase1_Baseline,264
1790266488.681314116,Phase1_Baseline,267
1790266488.762685584,Phase1_Baseline,270
1790266488.842249235,Phase1_Baseline,272
1790266488.907853592,Phase1_Baseline,275
1790266488.986554263,Phase1_Baseline,278
1790266489.066026704,Phase1_Baseline,282
1790266489.144332612,Phase1_Baseline,284
1790266489.203281644,Phase1_Baseline,286
1790266489.281074304,Phase1_Baseline,290
1790266489.346920761,Phase1_Baseline,293
1790266489.426045148,Phase1_Baseline,296
1790266489.506820344,Phase1_Baseline,300
1790266489.581017761,Phase1_Baseline,303
1790266489.661478720,Phase1_Baseline,307
1790266489.736481223,Phase1_Baseline,311
1790266489.812133633,Phase1_Baseline,314
1790266489.892944484,Phase1_Baseline,319
1790266489.976179016,Phase1_Baseline,324
1790266490.046918980,Phase1_Baseline,327
1790266490.127853013,Phase1_Baseline,331
1790266490.211516759,Phase1_Baseline,336
1790266490.296954727,Phase1_Baseline,341
1790266490.375770960,Phase1_Baseline,345
1790266490.437266291,Phase1_Baseline,275
1790266490.502512047,Phase1_Baseline,242
1790266490.560144065,Phase1_Baseline,242
1790266490.637016383,Phase1_Baseline,242
1790266490.724863430,Phase1_Baseline,169
1790266490.804446269,Phase1_Baseline,169
1790266490.889620207,Phase1_Baseline,170
1790266490.976426883,Phase1_Baseline,172
1790266491.054978990,Phase1_Baseline,174
1790266491.118304009,Phase1_Baseline,175
1790266491.201168166,Phase1_Baseline,177
1790266491.280084224,Phase1_Baseline,178
1790266491.342769139,Phase1_Baseline,180
1790266491.427641301,Phase1_Baseline,181
1790266492.843935378,Phase2_Migrated,10
1790266492.946344579,Phase2_Migrated,10
1790266493.026833116,Phase2_Migrated,12
1790266493.095617564,Phase2_Migrated,24
1790266493.177468320,Phase2_Migrated,50
1790266493.265526234,Phase2_Migrated,134
1790266493.362028726,Phase2_Migrated,246
1790266493.456111223,Phase2_Migrated,483
1790266493.551346360,Phase2_Migrated,483
1790266493.652317026,Phase2_Migrated,373
1790266493.743691522,Phase2_Migrated,338
1790266493.843580078,Phase2_Migrated,249
1790266493.932518640,Phase2_Migrated,236
1790266494.025720685,Phase2_Migrated,195
1790266494.118738173,Phase2_Migrated,165
1790266494.185693339,Phase2_Migrated,166
1790266494.279724147,Phase2_Migrated,169
1790266494.374631358,Phase2_Migrated,170
1790266494.463923606,Phase2_Migrated,173
1790266494.553498502,Phase2_Migrated,174
1790266494.619379699,Phase2_Migrated,176
1790266494.714900746,Phase2_Migrated,177
1790266494.809071286,Phase2_Migrated,179
1790266494.889345532,Phase2_Migrated,180
1790266494.962420214,Phase2_Migrated,181
1790266495.051979299,Phase2_Migrated,182
1790266495.140433666,Phase2_Migrated,184
1790266495.234831998,Phase2_Migrated,185
1790266495.332391725,Phase2_Migrated,186
1790266495.425410933,Phase2_Migrated,188
1790266495.524449531,Phase2_Migrated,189
1790266495.614133285,Phase2_Migrated,190
1790266495.688598735,Phase2_Migrated,191
1790266495.782210854,Phase2_Migrated,192
1790266495.875061034,Phase2_Migrated,193
1790266495.969681748,Phase2_Migrated,194
1790266496.065955728,Phase2_Migrated,194
1790266496.155379586,Phase2_Migrated,195
1790266496.243529450,Phase2_Migrated,196
1790266496.335867401,Phase2_Migrated,196
1790266496.429774419,Phase2_Migrated,197
1790266496.520385594,Phase2_Migrated,197
1790266496.602977704,Phase2_Migrated,198
1790266496.695562831,Phase2_Migrated,198
1790266496.772693869,Phase2_Migrated,198
1790266496.850051144,Phase2_Migrated,199
1790266496.940179889,Phase2_Migrated,199
1790266497.036273564,Phase2_Migrated,199
1790266497.121824288,Phase2_Migrated,199
1790266497.215829826,Phase2_Migrated,200
1790266497.307868889,Phase2_Migrated,200
1790266497.399249181,Phase2_Migrated,200
1790266497.495590841,Phase2_Migrated,200
1790266497.588276375,Phase2_Migrated,200
1790266497.659774450,Phase2_Migrated,200
1790266497.764211411,Phase2_Migrated,200
1790266497.854304771,Phase2_Migrated,200
1790266497.947157506,Phase2_Migrated,200
1790266498.031864957,Phase2_Migrated,200
1790266498.110062595,Phase2_Migrated,200
1790266498.186843726,Phase2_Migrated,200
1790266498.281297539,Phase2_Migrated,200
1790266498.363031962,Phase2_Migrated,200
1790266498.428251720,Phase2_Migrated,200
1790266498.497327544,Phase2_Migrated,200
1790266498.582168963,Phase2_Migrated,200
1790266498.642199447,Phase2_Migrated,200
1790266498.706306351,Phase2_Migrated,200
1790266498.796336605,Phase2_Migrated,200
1790266498.892583174,Phase2_Migrated,200
1790266498.982069433,Phase2_Migrated,200
1790266499.078051648,Phase2_Migrated,200
1790266499.170386651,Phase2_Migrated,201
1790266499.255164458,Phase2_Migrated,202
1790266499.341900473,Phase2_Migrated,202
1790266499.435899391,Phase2_Migrated,203
1790266499.528336037,Phase2_Migrated,204
1790266499.624417830,Phase2_Migrated,204
1790266499.719643801,Phase2_Migrated,205
1790266499.806885752,Phase2_Migrated,206
1790266499.899402494,Phase2_Migrated,206
1790266499.989345751,Phase2_Migrated,207
1790266500.085575601,Phase2_Migrated,208
1790266500.179451097,Phase2_Migrated,208
1790266500.269975809,Phase2_Migrated,209
1790266500.361541534,Phase2_Migrated,210
1790266500.457521861,Phase2_Migrated,210
1790266500.543799572,Phase2_Migrated,211
1790266500.636273668,Phase2_Migrated,212
1790266500.730387210,Phase2_Migrated,212
1790266500.828458569,Phase2_Migrated,213
1790266500.891898111,Phase2_Migrated,214
1790266500.985879703,Phase2_Migrated,214
1790266501.076238515,Phase2_Migrated,215
1790266501.166071721,Phase2_Migrated,216
1790266501.257809297,Phase2_Migrated,216
1790266501.324034760,Phase2_Migrated,217
1790266501.420523866,Phase2_Migrated,217
1790266501.522902976,Phase2_Migrated,218
1790266501.612846913,Phase2_Migrated,219
1790266501.710779324,Phase2_Migrated,220
1790266501.798222460,Phase2_Migrated,220
1790266501.879564070,Phase2_Migrated,221
1790266501.968451912,Phase2_Migrated,222
1790266502.057271828,Phase2_Migrated,222
1790266502.139780794,Phase2_Migrated,223
1790266502.211889724,Phase2_Migrated,223
1790266502.302548343,Phase2_Migrated,224
1790266502.381148159,Phase2_Migrated,224
1790266502.448340316,Phase2_Migrated,225
1790266502.520554979,Phase2_Migrated,225
1790266502.614885074,Phase2_Migrated,226
1790266502.704130664,Phase2_Migrated,228
1790266502.800341318,Phase2_Migrated,229
1790266502.898042613,Phase2_Migrated,232
1790266502.996158166,Phase2_Migrated,234
1790266503.092063117,Phase2_Migrated,236
1790266503.185908457,Phase2_Migrated,239
1790266503.276023947,Phase2_Migrated,241
1790266503.354058331,Phase2_Migrated,243
1790266503.427552407,Phase2_Migrated,245
1790266503.518331657,Phase2_Migrated,247
1790266503.594190020,Phase2_Migrated,249
1790266503.660997696,Phase2_Migrated,251
1790266503.737336778,Phase2_Migrated,254
1790266503.837867840,Phase2_Migrated,257
1790266503.929603640,Phase2_Migrated,260
1790266504.027356188,Phase2_Migrated,264
1790266504.127878807,Phase2_Migrated,267
1790266504.224014146,Phase2_Migrated,271
1790266504.321760518,Phase2_Migrated,275
1790266504.415766665,Phase2_Migrated,279
1790266504.511501210,Phase2_Migrated,282
1790266504.605156489,Phase2_Migrated,286
1790266504.710034248,Phase2_Migrated,291
1790266504.806843194,Phase2_Migrated,295
1790266504.898869269,Phase2_Migrated,300
1790266504.973881213,Phase2_Migrated,303
1790266505.036263751,Phase2_Migrated,306
1790266505.130069401,Phase2_Migrated,311
1790266505.227703645,Phase2_Migrated,316
1790266505.314942236,Phase2_Migrated,320
1790266505.407123056,Phase2_Migrated,326
1790266505.497690754,Phase2_Migrated,330
1790266505.590698736,Phase2_Migrated,336
1790266505.686392925,Phase2_Migrated,235
1790266505.778820346,Phase2_Migrated,237
1790266505.877747347,Phase2_Migrated,241
1790266505.972291435,Phase2_Migrated,246
1790266506.072633785,Phase2_Migrated,250
1790266506.168536851,Phase2_Migrated,255
1790266506.264872135,Phase2_Migrated,258
1790266506.360916649,Phase2_Migrated,262
1790266506.460643928,Phase2_Migrated,266
1790266506.553578014,Phase2_Migrated,269
1790266506.652322239,Phase2_Migrated,273
1790266506.746067713,Phase2_Migrated,276
1790266506.853260809,Phase2_Migrated,280
1790266506.955255516,Phase2_Migrated,283
1790266507.056170287,Phase2_Migrated,286
1790266507.160860490,Phase2_Migrated,289
1790266507.245282712,Phase2_Migrated,292
1790266507.339870460,Phase2_Migrated,294
1790266507.436324167,Phase2_Migrated,297
1790266507.534591710,Phase2_Migrated,299
1790266507.631520526,Phase2_Migrated,302
1790266507.717397354,Phase2_Migrated,304
1790266507.821824698,Phase2_Migrated,307
1790266507.922146308,Phase2_Migrated,308
1790266508.008012731,Phase2_Migrated,310
1790266508.105756135,Phase2_Migrated,312
1790266508.206818682,Phase2_Migrated,314
1790266508.293890243,Phase2_Migrated,315
1790266508.370197058,Phase2_Migrated,317
1790266508.437369613,Phase2_Migrated,318
1790266508.500634577,Phase2_Migrated,319
1790266508.571061660,Phase2_Migrated,320
1790266508.652622617,Phase2_Migrated,321
1790266508.729376137,Phase2_Migrated,322
1790266508.815858929,Phase2_Migrated,323
1790266508.910947666,Phase2_Migrated,324
1790266508.998469895,Phase2_Migrated,326
1790266509.094396499,Phase2_Migrated,281
1790266509.168168869,Phase2_Migrated,228
1790266509.246783385,Phase2_Migrated,228
1790266509.323315114,Phase2_Migrated,228
1790266509.409727607,Phase2_Migrated,160
1790266509.499719984,Phase2_Migrated,160
1790266509.575499832,Phase2_Migrated,163
1790266509.659504095,Phase2_Migrated,165
1790266509.752727120,Phase2_Migrated,166
1790266509.846991965,Phase2_Migrated,169
1790266509.934488728,Phase2_Migrated,170
1790266510.018291525,Phase2_Migrated,172
1790266510.108991349,Phase2_Migrated,173
1790266510.191444546,Phase2_Migrated,175
1790266510.289139790,Phase2_Migrated,176
1790266510.380093372,Phase2_Migrated,177
1790266510.479132489,Phase2_Migrated,179
1790266510.573036687,Phase2_Migrated,180
1790266510.670553518,Phase2_Migrated,182
1790266510.762495515,Phase2_Migrated,183
1790266510.854746935,Phase2_Migrated,184
1790266510.952240146,Phase2_Migrated,185
1790266511.045573775,Phase2_Migrated,186
1790266511.139861501,Phase2_Migrated,187
1790266511.228590685,Phase2_Migrated,188
1790266511.314788371,Phase2_Migrated,188
1790266511.404751383,Phase2_Migrated,189
1790266511.497473334,Phase2_Migrated,189
1790266511.594838417,Phase2_Migrated,190
1790266511.688484737,Phase2_Migrated,191
1790266511.782860167,Phase2_Migrated,191
1790266511.873950432,Phase2_Migrated,192
1790266511.966578140,Phase2_Migrated,192
1790266512.056775424,Phase2_Migrated,192
1790266512.147804367,Phase2_Migrated,193
1790266512.238333934,Phase2_Migrated,193
1790266512.312919880,Phase2_Migrated,193
1790266512.399902118,Phase2_Migrated,193
1790266512.491772049,Phase2_Migrated,194
1790266512.587953528,Phase2_Migrated,194
1790266512.681516335,Phase2_Migrated,194
1790266512.773415737,Phase2_Migrated,194
1790266512.868438515,Phase2_Migrated,194
1790266512.950620349,Phase2_Migrated,194
1790266513.033683614,Phase2_Migrated,194
1790266513.124911368,Phase2_Migrated,194
1790266513.221321014,Phase2_Migrated,194
1790266513.304820003,Phase2_Migrated,194
1790266513.395306126,Phase2_Migrated,194
1790266513.485915444,Phase2_Migrated,194
1790266513.578444936,Phase2_Migrated,194
1790266513.651524783,Phase2_Migrated,194
1790266513.740924534,Phase2_Migrated,194
1790266513.830812190,Phase2_Migrated,194
1790266513.912901225,Phase2_Migrated,194
1790266514.006524132,Phase2_Migrated,194
1790266514.096670566,Phase2_Migrated,194
1790266514.182553944,Phase2_Migrated,194
1790266514.268911902,Phase2_Migrated,195
1790266514.351498155,Phase2_Migrated,195
1790266514.450308444,Phase2_Migrated,196
1790266514.541015760,Phase2_Migrated,197
1790266514.644866684,Phase2_Migrated,197
1790266514.739487475,Phase2_Migrated,198
1790266514.834500100,Phase2_Migrated,199
1790266514.907305103,Phase2_Migrated,199
1790266515.003589592,Phase2_Migrated,200
1790266515.096548508,Phase2_Migrated,201
1790266515.188399534,Phase2_Migrated,201
1790266515.284829005,Phase2_Migrated,202
1790266515.377070469,Phase2_Migrated,203
1790266515.469380244,Phase2_Migrated,203
1790266515.563079414,Phase2_Migrated,204
1790266515.654072422,Phase2_Migrated,205
1790266515.747574772,Phase2_Migrated,205
1790266515.837553281,Phase2_Migrated,206
1790266515.936234035,Phase2_Migrated,207
1790266516.024302043,Phase2_Migrated,207
1790266516.114314916,Phase2_Migrated,208
1790266516.206175757,Phase2_Migrated,209
1790266516.286767683,Phase2_Migrated,209
1790266516.355305332,Phase2_Migrated,210
1790266516.448135187,Phase2_Migrated,211
1790266516.534217905,Phase2_Migrated,211
1790266516.625427005,Phase2_Migrated,212
1790266516.718160086,Phase2_Migrated,212
1790266516.782224059,Phase2_Migrated,213
1790266518.087216841,Uninterrupted_Baseline,1
1790266518.168320854,Uninterrupted_Baseline,1
1790266518.251237322,Uninterrupted_Baseline,1
1790266518.313350515,Uninterrupted_Baseline,1
1790266518.385749151,Uninterrupted_Baseline,1
1790266518.435024340,Uninterrupted_Baseline,1
1790266518.487170579,Uninterrupted_Baseline,1
1790266518.544220179,Uninterrupted_Baseline,1
1790266518.608414675,Uninterrupted_Baseline,1
1790266518.683827582,Uninterrupted_Baseline,1
1790266518.767385062,Uninterrupted_Baseline,1
1790266518.843279109,Uninterrupted_Baseline,1
1790266518.924747304,Uninterrupted_Baseline,1
1790266519.005604386,Uninterrupted_Baseline,1
1790266519.072938562,Uninterrupted_Baseline,1
1790266519.137179698,Uninterrupted_Baseline,1
1790266519.201718780,Uninterrupted_Baseline,1
1790266519.269346184,Uninterrupted_Baseline,1
1790266519.336502809,Uninterrupted_Baseline,1
1790266519.404802763,Uninterrupted_Baseline,1
1790266519.485520827,Uninterrupted_Baseline,10
1790266519.485520827,Uninterrupted_Baseline,1
1790266519.565737594,Uninterrupted_Baseline,16
1790266519.565737594,Uninterrupted_Baseline,1
1790266519.632352296,Uninterrupted_Baseline,13
1790266519.632352296,Uninterrupted_Baseline,1
1790266519.700420229,Uninterrupted_Baseline,30
1790266519.700420229,Uninterrupted_Baseline,1
1790266519.779069183,Uninterrupted_Baseline,54
1790266519.779069183,Uninterrupted_Baseline,1
1790266519.846562177,Uninterrupted_Baseline,97
1790266519.846562177,Uninterrupted_Baseline,1
1790266519.929234499,Uninterrupted_Baseline,102
1790266519.929234499,Uninterrupted_Baseline,1
1790266520.015974203,Uninterrupted_Baseline,102
1790266520.015974203,Uninterrupted_Baseline,1
1790266520.093045643,Uninterrupted_Baseline,103
1790266520.093045643,Uninterrupted_Baseline,1
1790266520.167936527,Uninterrupted_Baseline,103
1790266520.167936527,Uninterrupted_Baseline,1
1790266520.231888562,Uninterrupted_Baseline,103
1790266520.231888562,Uninterrupted_Baseline,1
1790266520.311003919,Uninterrupted_Baseline,104
1790266520.311003919,Uninterrupted_Baseline,1
1790266520.374836761,Uninterrupted_Baseline,104
1790266520.374836761,Uninterrupted_Baseline,1
1790266520.457982627,Uninterrupted_Baseline,105
1790266520.457982627,Uninterrupted_Baseline,1
1790266520.534997307,Uninterrupted_Baseline,105
1790266520.534997307,Uninterrupted_Baseline,1
1790266520.595067758,Uninterrupted_Baseline,106
1790266520.595067758,Uninterrupted_Baseline,1
1790266520.680094712,Uninterrupted_Baseline,106
1790266520.680094712,Uninterrupted_Baseline,1
1790266520.761070419,Uninterrupted_Baseline,107
1790266520.761070419,Uninterrupted_Baseline,1
1790266520.846044447,Uninterrupted_Baseline,108
1790266520.846044447,Uninterrupted_Baseline,1
1790266520.930398395,Uninterrupted_Baseline,108
1790266520.930398395,Uninterrupted_Baseline,1
1790266521.012944068,Uninterrupted_Baseline,109
1790266521.012944068,Uninterrupted_Baseline,1
1790266521.098957162,Uninterrupted_Baseline,109
1790266521.098957162,Uninterrupted_Baseline,1
1790266521.175178052,Uninterrupted_Baseline,110
1790266521.175178052,Uninterrupted_Baseline,1
1790266521.253775379,Uninterrupted_Baseline,111
1790266521.253775379,Uninterrupted_Baseline,1
1790266521.337008184,Uninterrupted_Baseline,111
1790266521.337008184,Uninterrupted_Baseline,1
1790266521.417328439,Uninterrupted_Baseline,112
1790266521.417328439,Uninterrupted_Baseline,1
1790266521.499644257,Uninterrupted_Baseline,112
1790266521.499644257,Uninterrupted_Baseline,1
1790266521.585164705,Uninterrupted_Baseline,113
1790266521.585164705,Uninterrupted_Baseline,1
1790266521.664555484,Uninterrupted_Baseline,114
1790266521.664555484,Uninterrupted_Baseline,1
1790266521.746022260,Uninterrupted_Baseline,114
1790266521.746022260,Uninterrupted_Baseline,1
1790266521.829712801,Uninterrupted_Baseline,115
1790266521.829712801,Uninterrupted_Baseline,1
1790266521.916006705,Uninterrupted_Baseline,115
1790266521.916006705,Uninterrupted_Baseline,1
1790266521.970856087,Uninterrupted_Baseline,116
1790266521.970856087,Uninterrupted_Baseline,1
1790266522.024959524,Uninterrupted_Baseline,116
1790266522.024959524,Uninterrupted_Baseline,1
1790266522.086613389,Uninterrupted_Baseline,117
1790266522.086613389,Uninterrupted_Baseline,1
1790266522.154196430,Uninterrupted_Baseline,117
1790266522.154196430,Uninterrupted_Baseline,1
1790266522.234351141,Uninterrupted_Baseline,118
1790266522.234351141,Uninterrupted_Baseline,1
1790266522.315847604,Uninterrupted_Baseline,118
1790266522.315847604,Uninterrupted_Baseline,1
1790266522.395694890,Uninterrupted_Baseline,119
1790266522.395694890,Uninterrupted_Baseline,1
1790266522.478480842,Uninterrupted_Baseline,119
1790266522.478480842,Uninterrupted_Baseline,1
1790266522.564352389,Uninterrupted_Baseline,120
1790266522.564352389,Uninterrupted_Baseline,1
1790266522.644896954,Uninterrupted_Baseline,120
1790266522.644896954,Uninterrupted_Baseline,1
1790266522.726560084,Uninterrupted_Baseline,121
1790266522.726560084,Uninterrupted_Baseline,1
1790266522.811684288,Uninterrupted_Baseline,122
1790266522.811684288,Uninterrupted_Baseline,1
1790266522.894871998,Uninterrupted_Baseline,122
1790266522.894871998,Uninterrupted_Baseline,1
1790266522.975816851,Uninterrupted_Baseline,123
1790266522.975816851,Uninterrupted_Baseline,1
1790266523.058286508,Uninterrupted_Baseline,123
1790266523.058286508,Uninterrupted_Baseline,1
1790266523.140524660,Uninterrupted_Baseline,124
1790266523.140524660,Uninterrupted_Baseline,1
1790266523.230999351,Uninterrupted_Baseline,125
1790266523.230999351,Uninterrupted_Baseline,1
1790266523.317600876,Uninterrupted_Baseline,125
1790266523.317600876,Uninterrupted_Baseline,1
1790266523.400184524,Uninterrupted_Baseline,126
1790266523.400184524,Uninterrupted_Baseline,1
1790266523.481946074,Uninterrupted_Baseline,126
1790266523.481946074,Uninterrupted_Baseline,1
1790266523.566041751,Uninterrupted_Baseline,127
1790266523.566041751,Uninterrupted_Baseline,1
1790266523.648502688,Uninterrupted_Baseline,128
1790266523.648502688,Uninterrupted_Baseline,1
1790266523.732876489,Uninterrupted_Baseline,128
1790266523.732876489,Uninterrupted_Baseline,1
1790266523.823432093,Uninterrupted_Baseline,129
1790266523.823432093,Uninterrupted_Baseline,1
1790266523.898919347,Uninterrupted_Baseline,130
1790266523.898919347,Uninterrupted_Baseline,1
1790266523.974719631,Uninterrupted_Baseline,130
1790266523.974719631,Uninterrupted_Baseline,1
1790266524.045952677,Uninterrupted_Baseline,131
1790266524.045952677,Uninterrupted_Baseline,1
1790266524.121910060,Uninterrupted_Baseline,131
1790266524.121910060,Uninterrupted_Baseline,1
1790266524.204414927,Uninterrupted_Baseline,132
1790266524.204414927,Uninterrupted_Baseline,1
1790266524.281085914,Uninterrupted_Baseline,132
1790266524.281085914,Uninterrupted_Baseline,1
1790266524.351373373,Uninterrupted_Baseline,133
1790266524.351373373,Uninterrupted_Baseline,1
1790266524.424883298,Uninterrupted_Baseline,133
1790266524.424883298,Uninterrupted_Baseline,1
1790266524.507488386,Uninterrupted_Baseline,134
1790266524.507488386,Uninterrupted_Baseline,1
1790266524.589771123,Uninterrupted_Baseline,134
1790266524.589771123,Uninterrupted_Baseline,1
1790266524.677639879,Uninterrupted_Baseline,135
1790266524.677639879,Uninterrupted_Baseline,1
1790266524.761920559,Uninterrupted_Baseline,136
1790266524.761920559,Uninterrupted_Baseline,1
1790266524.840409416,Uninterrupted_Baseline,137
1790266524.840409416,Uninterrupted_Baseline,1
1790266524.922920331,Uninterrupted_Baseline,137
1790266524.922920331,Uninterrupted_Baseline,1
1790266524.992254051,Uninterrupted_Baseline,138
1790266524.992254051,Uninterrupted_Baseline,1
1790266525.051958579,Uninterrupted_Baseline,138
1790266525.051958579,Uninterrupted_Baseline,1
1790266525.130077410,Uninterrupted_Baseline,139
1790266525.130077410,Uninterrupted_Baseline,1
1790266525.215025913,Uninterrupted_Baseline,139
1790266525.215025913,Uninterrupted_Baseline,1
1790266525.298342544,Uninterrupted_Baseline,140
1790266525.298342544,Uninterrupted_Baseline,1
1790266525.378310001,Uninterrupted_Baseline,140
1790266525.378310001,Uninterrupted_Baseline,1
1790266525.463972856,Uninterrupted_Baseline,141
1790266525.463972856,Uninterrupted_Baseline,1
1790266525.549956310,Uninterrupted_Baseline,142
1790266525.549956310,Uninterrupted_Baseline,1
1790266525.637991823,Uninterrupted_Baseline,142
1790266525.637991823,Uninterrupted_Baseline,1
1790266525.718122503,Uninterrupted_Baseline,143
1790266525.718122503,Uninterrupted_Baseline,1
1790266525.802724646,Uninterrupted_Baseline,144
1790266525.802724646,Uninterrupted_Baseline,1
1790266525.872564899,Uninterrupted_Baseline,144
1790266525.872564899,Uninterrupted_Baseline,1
1790266525.950164343,Uninterrupted_Baseline,145
1790266525.950164343,Uninterrupted_Baseline,1
1790266526.019407712,Uninterrupted_Baseline,145
1790266526.019407712,Uninterrupted_Baseline,1
1790266526.088039470,Uninterrupted_Baseline,146
1790266526.088039470,Uninterrupted_Baseline,1
1790266526.160214440,Uninterrupted_Baseline,146
1790266526.160214440,Uninterrupted_Baseline,1
1790266526.242508787,Uninterrupted_Baseline,147
1790266526.242508787,Uninterrupted_Baseline,1
1790266526.297310772,Uninterrupted_Baseline,147
1790266526.297310772,Uninterrupted_Baseline,1
1790266526.374851828,Uninterrupted_Baseline,148
1790266526.374851828,Uninterrupted_Baseline,1
1790266526.434190447,Uninterrupted_Baseline,148
1790266526.434190447,Uninterrupted_Baseline,1
1790266526.500289350,Uninterrupted_Baseline,149
1790266526.500289350,Uninterrupted_Baseline,1
1790266526.567776864,Uninterrupted_Baseline,149
1790266526.567776864,Uninterrupted_Baseline,1
1790266526.650919312,Uninterrupted_Baseline,150
1790266526.650919312,Uninterrupted_Baseline,1
1790266526.735607984,Uninterrupted_Baseline,151
1790266526.735607984,Uninterrupted_Baseline,1
1790266526.820561048,Uninterrupted_Baseline,153
1790266526.820561048,Uninterrupted_Baseline,1
1790266526.905222045,Uninterrupted_Baseline,155
1790266526.905222045,Uninterrupted_Baseline,1
1790266526.987170878,Uninterrupted_Baseline,156
1790266526.987170878,Uninterrupted_Baseline,1
1790266527.071685001,Uninterrupted_Baseline,159
1790266527.071685001,Uninterrupted_Baseline,1
1790266527.153516377,Uninterrupted_Baseline,161
1790266527.153516377,Uninterrupted_Baseline,1
1790266527.236139758,Uninterrupted_Baseline,164
1790266527.236139758,Uninterrupted_Baseline,1
1790266527.320706926,Uninterrupted_Baseline,166
1790266527.320706926,Uninterrupted_Baseline,1
1790266527.409290894,Uninterrupted_Baseline,169
1790266527.409290894,Uninterrupted_Baseline,1
1790266527.491515864,Uninterrupted_Baseline,171
1790266527.491515864,Uninterrupted_Baseline,1
1790266527.572404653,Uninterrupted_Baseline,173
1790266527.572404653,Uninterrupted_Baseline,1
1790266527.657792329,Uninterrupted_Baseline,176
1790266527.657792329,Uninterrupted_Baseline,1
1790266527.741792237,Uninterrupted_Baseline,179
1790266527.741792237,Uninterrupted_Baseline,1
1790266527.811356057,Uninterrupted_Baseline,181
1790266527.811356057,Uninterrupted_Baseline,1
1790266527.890321405,Uninterrupted_Baseline,184
1790266527.890321405,Uninterrupted_Baseline,1
1790266527.971516102,Uninterrupted_Baseline,187
1790266527.971516102,Uninterrupted_Baseline,1
1790266528.050504004,Uninterrupted_Baseline,190
1790266528.050504004,Uninterrupted_Baseline,1
1790266528.118295482,Uninterrupted_Baseline,193
1790266528.118295482,Uninterrupted_Baseline,1
1790266528.203979634,Uninterrupted_Baseline,196
1790266528.203979634,Uninterrupted_Baseline,1
1790266528.285024281,Uninterrupted_Baseline,199
1790266528.285024281,Uninterrupted_Baseline,1
1790266528.366758088,Uninterrupted_Baseline,202
1790266528.421735267,Uninterrupted_Baseline,205
1790266528.482314395,Uninterrupted_Baseline,207
1790266528.544332985,Uninterrupted_Baseline,210
1790266528.601701965,Uninterrupted_Baseline,213
1790266528.676178402,Uninterrupted_Baseline,216
1790266528.754248698,Uninterrupted_Baseline,220
1790266528.837464698,Uninterrupted_Baseline,224
1790266528.926137722,Uninterrupted_Baseline,228
1790266529.009874873,Uninterrupted_Baseline,233
1790266529.087993748,Uninterrupted_Baseline,237
1790266529.152396131,Uninterrupted_Baseline,240
1790266529.228253066,Uninterrupted_Baseline,245
1790266529.311023020,Uninterrupted_Baseline,250
1790266529.388789553,Uninterrupted_Baseline,254
1790266529.473324800,Uninterrupted_Baseline,259
1790266529.557743268,Uninterrupted_Baseline,264
1790266529.638853193,Uninterrupted_Baseline,269
1790266529.721807626,Uninterrupted_Baseline,274
1790266529.804396749,Uninterrupted_Baseline,280
1790266529.891626738,Uninterrupted_Baseline,285
1790266529.962726715,Uninterrupted_Baseline,290
1790266530.042547997,Uninterrupted_Baseline,295
1790266530.117764962,Uninterrupted_Baseline,301
1790266530.197277737,Uninterrupted_Baseline,307
1790266530.278641885,Uninterrupted_Baseline,312
1790266530.359564471,Uninterrupted_Baseline,319
1790266530.440331119,Uninterrupted_Baseline,325
1790266530.524249981,Uninterrupted_Baseline,332
1790266530.586269623,Uninterrupted_Baseline,336
1790266530.663488188,Uninterrupted_Baseline,236
1790266530.747309793,Uninterrupted_Baseline,237
1790266530.825726627,Uninterrupted_Baseline,241
1790266530.902421266,Uninterrupted_Baseline,244
1790266530.989336879,Uninterrupted_Baseline,248
1790266531.068805499,Uninterrupted_Baseline,251
1790266531.127479900,Uninterrupted_Baseline,254
1790266531.204762525,Uninterrupted_Baseline,257
1790266531.270618231,Uninterrupted_Baseline,260
1790266531.333493470,Uninterrupted_Baseline,263
1790266531.405759931,Uninterrupted_Baseline,266
1790266531.491865523,Uninterrupted_Baseline,269
1790266531.576916561,Uninterrupted_Baseline,272
1790266531.645411873,Uninterrupted_Baseline,275
1790266531.714364705,Uninterrupted_Baseline,277
1790266531.796621696,Uninterrupted_Baseline,279
1790266531.880595334,Uninterrupted_Baseline,282
1790266531.954242881,Uninterrupted_Baseline,284
1790266532.026538113,Uninterrupted_Baseline,287
1790266532.107334335,Uninterrupted_Baseline,289
1790266532.193440922,Uninterrupted_Baseline,292
1790266532.272788034,Uninterrupted_Baseline,294
1790266532.339059357,Uninterrupted_Baseline,296
1790266532.419428405,Uninterrupted_Baseline,298
1790266532.503043009,Uninterrupted_Baseline,300
1790266532.574082557,Uninterrupted_Baseline,302
1790266532.658275020,Uninterrupted_Baseline,304
1790266532.743175725,Uninterrupted_Baseline,306
1790266532.826251046,Uninterrupted_Baseline,308
1790266532.911477779,Uninterrupted_Baseline,310
1790266532.993001553,Uninterrupted_Baseline,312
1790266533.078681792,Uninterrupted_Baseline,313
1790266533.160425318,Uninterrupted_Baseline,315
1790266533.244067108,Uninterrupted_Baseline,316
1790266533.332038220,Uninterrupted_Baseline,318
1790266533.417159454,Uninterrupted_Baseline,319
1790266533.503580686,Uninterrupted_Baseline,320
1790266533.589963152,Uninterrupted_Baseline,322
1790266533.666159618,Uninterrupted_Baseline,322
1790266533.749691286,Uninterrupted_Baseline,323
1790266533.826900645,Uninterrupted_Baseline,325
1790266533.912082997,Uninterrupted_Baseline,326
1790266533.994754363,Uninterrupted_Baseline,327
1790266534.075854570,Uninterrupted_Baseline,328
1790266534.161342568,Uninterrupted_Baseline,329
1790266534.242505062,Uninterrupted_Baseline,330
1790266534.320540554,Uninterrupted_Baseline,331
1790266534.400711673,Uninterrupted_Baseline,331
1790266534.484616040,Uninterrupted_Baseline,283
1790266534.565601538,Uninterrupted_Baseline,232
1790266534.638504811,Uninterrupted_Baseline,232
1790266534.724015545,Uninterrupted_Baseline,163
1790266534.800129015,Uninterrupted_Baseline,163
1790266534.875355952,Uninterrupted_Baseline,165
1790266534.955393905,Uninterrupted_Baseline,167
1790266535.049182641,Uninterrupted_Baseline,169
1790266535.121672400,Uninterrupted_Baseline,171
1790266535.178187810,Uninterrupted_Baseline,171
1790266535.239074459,Uninterrupted_Baseline,172
1790266535.309724461,Uninterrupted_Baseline,174
1790266535.386249085,Uninterrupted_Baseline,175
1790266535.453137338,Uninterrupted_Baseline,176
1790266535.519271872,Uninterrupted_Baseline,178
1790266535.587543430,Uninterrupted_Baseline,179
1790266535.653241366,Uninterrupted_Baseline,180
1790266535.727999546,Uninterrupted_Baseline,181
1790266535.800375798,Uninterrupted_Baseline,182
1790266535.885181892,Uninterrupted_Baseline,183
1790266535.965698357,Uninterrupted_Baseline,184
1790266536.046900701,Uninterrupted_Baseline,185
1790266536.135160116,Uninterrupted_Baseline,187
1790266536.215033454,Uninterrupted_Baseline,188
1790266536.284697850,Uninterrupted_Baseline,189
1790266536.359882431,Uninterrupted_Baseline,189
1790266536.444362765,Uninterrupted_Baseline,190
1790266536.528309215,Uninterrupted_Baseline,191
1790266536.611083263,Uninterrupted_Baseline,192
1790266536.721794406,Uninterrupted_Baseline,192
1790266536.770495688,Uninterrupted_Baseline,193
1790266536.828601292,Uninterrupted_Baseline,193
1790266536.906852933,Uninterrupted_Baseline,194
1790266536.987714679,Uninterrupted_Baseline,194
1790266537.070997070,Uninterrupted_Baseline,195
1790266537.154308396,Uninterrupted_Baseline,195
1790266537.236609582,Uninterrupted_Baseline,196
1790266537.317632096,Uninterrupted_Baseline,196
1790266537.400899231,Uninterrupted_Baseline,196
1790266537.480305944,Uninterrupted_Baseline,197
1790266537.560759176,Uninterrupted_Baseline,197
1790266537.643298020,Uninterrupted_Baseline,197
1790266537.728744022,Uninterrupted_Baseline,197
1790266537.813456481,Uninterrupted_Baseline,197
1790266537.897214551,Uninterrupted_Baseline,198
1790266537.984071598,Uninterrupted_Baseline,198
1790266538.057937815,Uninterrupted_Baseline,198
1790266538.118751795,Uninterrupted_Baseline,198
1790266538.198358525,Uninterrupted_Baseline,198
1790266538.274546860,Uninterrupted_Baseline,198
1790266538.357967292,Uninterrupted_Baseline,198
1790266538.438001124,Uninterrupted_Baseline,198
1790266538.487934731,Uninterrupted_Baseline,198
1790266538.543973631,Uninterrupted_Baseline,198
1790266538.604447390,Uninterrupted_Baseline,198
1790266538.656724910,Uninterrupted_Baseline,198
1790266538.715403560,Uninterrupted_Baseline,198
1790266538.790181237,Uninterrupted_Baseline,198
1790266538.870780937,Uninterrupted_Baseline,198
1790266538.953631562,Uninterrupted_Baseline,198
1790266539.038527020,Uninterrupted_Baseline,198
1790266539.118572729,Uninterrupted_Baseline,198
1790266539.192957261,Uninterrupted_Baseline,198
1790266539.245719178,Uninterrupted_Baseline,198
1790266539.317035561,Uninterrupted_Baseline,198
1790266539.400528085,Uninterrupted_Baseline,198
1790266539.479367134,Uninterrupted_Baseline,198
1790266539.563438976,Uninterrupted_Baseline,198
1790266539.645393060,Uninterrupted_Baseline,198
1790266539.705037522,Uninterrupted_Baseline,198
1790266539.779023817,Uninterrupted_Baseline,199
1790266539.863840562,Uninterrupted_Baseline,199
1790266539.952009114,Uninterrupted_Baseline,200
1790266540.021461186,Uninterrupted_Baseline,200
1790266540.105502058,Uninterrupted_Baseline,201
1790266540.172478768,Uninterrupted_Baseline,201
1790266540.243071385,Uninterrupted_Baseline,202
1790266540.324395159,Uninterrupted_Baseline,203
1790266540.404441713,Uninterrupted_Baseline,203
1790266540.481826866,Uninterrupted_Baseline,204
1790266540.543563304,Uninterrupted_Baseline,204
1790266540.606264072,Uninterrupted_Baseline,205
1790266540.681291117,Uninterrupted_Baseline,205
1790266540.756704546,Uninterrupted_Baseline,206
1790266540.825469103,Uninterrupted_Baseline,206
1790266540.908260584,Uninterrupted_Baseline,207
1790266540.997876386,Uninterrupted_Baseline,208
1790266541.075053552,Uninterrupted_Baseline,208
1790266541.150442961,Uninterrupted_Baseline,209
1790266541.224553710,Uninterrupted_Baseline,209
1790266541.304977573,Uninterrupted_Baseline,210
1790266541.386028907,Uninterrupted_Baseline,210
1790266541.467241826,Uninterrupted_Baseline,211
1790266541.540590894,Uninterrupted_Baseline,211
1790266541.611323551,Uninterrupted_Baseline,212
1790266541.694940971,Uninterrupted_Baseline,213
1790266541.772426274,Uninterrupted_Baseline,213
1790266541.838520206,Uninterrupted_Baseline,214
1790266541.899251309,Uninterrupted_Baseline,214
1790266541.982395883,Uninterrupted_Baseline,215
1790266542.062371402,Uninterrupted_Baseline,215
1790266542.135825303,Uninterrupted_Baseline,216
1790266542.202224052,Uninterrupted_Baseline,216
1790266542.287090601,Uninterrupted_Baseline,217
1790266542.370199164,Uninterrupted_Baseline,218
1790266542.454825318,Uninterrupted_Baseline,218
1790266542.542612888,Uninterrupted_Baseline,219
1790266542.626557475,Uninterrupted_Baseline,220
1790266542.707405112,Uninterrupted_Baseline,220
1790266542.790755193,Uninterrupted_Baseline,221
1790266542.875076949,Uninterrupted_Baseline,221
1790266542.950760549,Uninterrupted_Baseline,222
1790266543.020746023,Uninterrupted_Baseline,222
1790266543.103277791,Uninterrupted_Baseline,223
1790266543.157352820,Uninterrupted_Baseline,223
1790266543.225435307,Uninterrupted_Baseline,224
1790266543.303840098,Uninterrupted_Baseline,225
1790266543.390077134,Uninterrupted_Baseline,226
1790266543.478530730,Uninterrupted_Baseline,228
1790266543.568945465,Uninterrupted_Baseline,230
1790266543.638227756,Uninterrupted_Baseline,232
1790266543.698478081,Uninterrupted_Baseline,233
1790266543.781339623,Uninterrupted_Baseline,235
1790266543.862313247,Uninterrupted_Baseline,237
1790266543.946306875,Uninterrupted_Baseline,240
1790266544.029753622,Uninterrupted_Baseline,242
1790266544.115400260,Uninterrupted_Baseline,244
1790266544.192931664,Uninterrupted_Baseline,246
1790266544.276813310,Uninterrupted_Baseline,248
1790266544.365220787,Uninterrupted_Baseline,251
1790266544.447594653,Uninterrupted_Baseline,253
1790266544.526523594,Uninterrupted_Baseline,256
1790266544.606888857,Uninterrupted_Baseline,259
1790266544.694515636,Uninterrupted_Baseline,262
1790266544.776926508,Uninterrupted_Baseline,265
1790266544.856740425,Uninterrupted_Baseline,268
1790266544.936344655,Uninterrupted_Baseline,271
1790266545.023990997,Uninterrupted_Baseline,274
1790266545.108049765,Uninterrupted_Baseline,278
1790266545.186877197,Uninterrupted_Baseline,281
1790266545.266052545,Uninterrupted_Baseline,284
1790266545.325573293,Uninterrupted_Baseline,287
1790266545.398294630,Uninterrupted_Baseline,290
1790266545.476492369,Uninterrupted_Baseline,294
1790266545.556627459,Uninterrupted_Baseline,297
1790266545.620599934,Uninterrupted_Baseline,300
1790266545.704447531,Uninterrupted_Baseline,306
1790266545.791488714,Uninterrupted_Baseline,308
1790266545.850975937,Uninterrupted_Baseline,312
1790266545.924403196,Uninterrupted_Baseline,316
1790266545.998566444,Uninterrupted_Baseline,321
1790266546.075219198,Uninterrupted_Baseline,324
1790266546.148791085,Uninterrupted_Baseline,329
1790266546.228503669,Uninterrupted_Baseline,334
1790266546.308785947,Uninterrupted_Baseline,338
1790266546.377041378,Uninterrupted_Baseline,342
1790266546.454176258,Uninterrupted_Baseline,347
1790266546.519769175,Uninterrupted_Baseline,351
1790266546.601083470,Uninterrupted_Baseline,356
1790266546.676435099,Uninterrupted_Baseline,360
1790266546.739278284,Uninterrupted_Baseline,365
1790266546.815155133,Uninterrupted_Baseline,255
1790266546.886077031,Uninterrupted_Baseline,257
1790266546.948531019,Uninterrupted_Baseline,260
1790266547.029453130,Uninterrupted_Baseline,263
1790266547.098721924,Uninterrupted_Baseline,267
1790266547.166846975,Uninterrupted_Baseline,270
1790266547.242772572,Uninterrupted_Baseline,273
1790266547.313755952,Uninterrupted_Baseline,277
1790266547.400620522,Uninterrupted_Baseline,280
1790266547.488213072,Uninterrupted_Baseline,284
1790266547.570209028,Uninterrupted_Baseline,287
1790266547.646551296,Uninterrupted_Baseline,290
1790266547.729345196,Uninterrupted_Baseline,293
1790266547.818516149,Uninterrupted_Baseline,297
1790266547.899381421,Uninterrupted_Baseline,300
1790266547.966838523,Uninterrupted_Baseline,303
1790266548.043994366,Uninterrupted_Baseline,305
1790266548.138284160,Uninterrupted_Baseline,308
1790266548.220343084,Uninterrupted_Baseline,311
1790266548.296066934,Uninterrupted_Baseline,313
1790266548.371761696,Uninterrupted_Baseline,315
1790266548.442915515,Uninterrupted_Baseline,317
1790266548.502054768,Uninterrupted_Baseline,319
1790266548.559865319,Uninterrupted_Baseline,320
1790266548.617399116,Uninterrupted_Baseline,322
1790266548.691694456,Uninterrupted_Baseline,325
1790266548.776852791,Uninterrupted_Baseline,327
1790266548.868978063,Uninterrupted_Baseline,329
1790266548.955922001,Uninterrupted_Baseline,331
1790266549.041418592,Uninterrupted_Baseline,333
1790266549.123931686,Uninterrupted_Baseline,335
1790266549.193211737,Uninterrupted_Baseline,337
1790266549.275181609,Uninterrupted_Baseline,309
1790266549.356583638,Uninterrupted_Baseline,236
1790266549.437886699,Uninterrupted_Baseline,238
1790266549.519322320,Uninterrupted_Baseline,241
1790266549.599501310,Uninterrupted_Baseline,243
1790266549.686641929,Uninterrupted_Baseline,245
1790266549.773421614,Uninterrupted_Baseline,248
1790266549.857260183,Uninterrupted_Baseline,250
1790266549.938574491,Uninterrupted_Baseline,252
1790266550.018605654,Uninterrupted_Baseline,254
1790266550.100790954,Uninterrupted_Baseline,255
1790266550.175969180,Uninterrupted_Baseline,257
1790266550.242050800,Uninterrupted_Baseline,258
1790266550.322683379,Uninterrupted_Baseline,260
1790266550.402765168,Uninterrupted_Baseline,262
1790266550.485870001,Uninterrupted_Baseline,264
1790266550.560726865,Uninterrupted_Baseline,265
1790266550.625812245,Uninterrupted_Baseline,266
1790266550.706049580,Uninterrupted_Baseline,267
1790266550.784500519,Uninterrupted_Baseline,269
1790266550.870841299,Uninterrupted_Baseline,270
1790266550.956315106,Uninterrupted_Baseline,271
1790266551.047207598,Uninterrupted_Baseline,272
1790266551.133275519,Uninterrupted_Baseline,273
1790266551.220146220,Uninterrupted_Baseline,275
1790266551.298440377,Uninterrupted_Baseline,276
1790266551.371613853,Uninterrupted_Baseline,277
1790266551.438986277,Uninterrupted_Baseline,277
1790266551.496867046,Uninterrupted_Baseline,278
1790266551.580563326,Uninterrupted_Baseline,279
1790266551.664739269,Uninterrupted_Baseline,280
1790266551.758539108,Uninterrupted_Baseline,280
1790266551.844569677,Uninterrupted_Baseline,281
1790266551.929034784,Uninterrupted_Baseline,282
1790266552.011947241,Uninterrupted_Baseline,282
1790266552.092566584,Uninterrupted_Baseline,283
1790266552.173699152,Uninterrupted_Baseline,283
1790266552.238313119,Uninterrupted_Baseline,284
1790266552.298701534,Uninterrupted_Baseline,284
1790266552.355165970,Uninterrupted_Baseline,284
1790266552.427624720,Uninterrupted_Baseline,285
1790266552.510128533,Uninterrupted_Baseline,285
1790266552.574497611,Uninterrupted_Baseline,285
1790266552.648249559,Uninterrupted_Baseline,285
1790266552.725270792,Uninterrupted_Baseline,286
1790266552.806173305,Uninterrupted_Baseline,286
1790266552.891322768,Uninterrupted_Baseline,286
1790266552.959896075,Uninterrupted_Baseline,286
1790266553.043024808,Uninterrupted_Baseline,287
1790266553.124707492,Uninterrupted_Baseline,287
1790266553.206930521,Uninterrupted_Baseline,287
1790266553.291516465,Uninterrupted_Baseline,287
1790266553.373389501,Uninterrupted_Baseline,287
1790266553.455310738,Uninterrupted_Baseline,287
1790266553.542775435,Uninterrupted_Baseline,287
1790266553.632977279,Uninterrupted_Baseline,287
1790266553.717880269,Uninterrupted_Baseline,287
1790266553.803545907,Uninterrupted_Baseline,287
1790266553.887220703,Uninterrupted_Baseline,287
1790266553.968980514,Uninterrupted_Baseline,287
1790266554.054155917,Uninterrupted_Baseline,287
1790266554.132427988,Uninterrupted_Baseline,287
1790266554.218306479,Uninterrupted_Baseline,287
1790266554.301708665,Uninterrupted_Baseline,287
1790266554.389156757,Uninterrupted_Baseline,287
1790266554.472397576,Uninterrupted_Baseline,287
1790266554.549145228,Uninterrupted_Baseline,287
1790266554.630451486,Uninterrupted_Baseline,287
1790266554.715523907,Uninterrupted_Baseline,287
1790266554.794859238,Uninterrupted_Baseline,287
1790266554.880500899,Uninterrupted_Baseline,287
1790266554.966263177,Uninterrupted_Baseline,287
1790266555.022952591,Uninterrupted_Baseline,287
1790266555.107998093,Uninterrupted_Baseline,287
1790266555.191178974,Uninterrupted_Baseline,287
1790266555.242551508,Uninterrupted_Baseline,287
1790266555.302013553,Uninterrupted_Baseline,287
1790266555.376561467,Uninterrupted_Baseline,287
1790266555.455733312,Uninterrupted_Baseline,287
1790266555.536038028,Uninterrupted_Baseline,287
1790266555.623907683,Uninterrupted_Baseline,287
1790266555.705474182,Uninterrupted_Baseline,287
1790266555.790295227,Uninterrupted_Baseline,288
1790266555.873983163,Uninterrupted_Baseline,288
1790266555.954189283,Uninterrupted_Baseline,288
1790266556.043251589,Uninterrupted_Baseline,288
1790266556.126939749,Uninterrupted_Baseline,289
1790266556.207992777,Uninterrupted_Baseline,289
1790266556.286935474,Uninterrupted_Baseline,289
1790266556.364991879,Uninterrupted_Baseline,290
1790266556.439964466,Uninterrupted_Baseline,290
1790266556.524993331,Uninterrupted_Baseline,291
1790266556.593724980,Uninterrupted_Baseline,291
1790266556.670962417,Uninterrupted_Baseline,291
1790266556.746950961,Uninterrupted_Baseline,292
1790266556.827942536,Uninterrupted_Baseline,293
1790266556.911504506,Uninterrupted_Baseline,293
1790266556.997275256,Uninterrupted_Baseline,294
1790266557.083093635,Uninterrupted_Baseline,295
1790266557.171136995,Uninterrupted_Baseline,295
1790266557.229326205,Uninterrupted_Baseline,296
1790266557.318026804,Uninterrupted_Baseline,297
1790266557.398999727,Uninterrupted_Baseline,298
1790266557.486010429,Uninterrupted_Baseline,299
1790266557.565752355,Uninterrupted_Baseline,300
1790266557.651607956,Uninterrupted_Baseline,301
1790266557.731486762,Uninterrupted_Baseline,302
1790266557.812771171,Uninterrupted_Baseline,303
1790266557.897942562,Uninterrupted_Baseline,304
1790266557.976352113,Uninterrupted_Baseline,305
1790266558.060587997,Uninterrupted_Baseline,306
1790266558.144800267,Uninterrupted_Baseline,307
1790266558.225705053,Uninterrupted_Baseline,308
1790266558.282428763,Uninterrupted_Baseline,310
1790266558.361816775,Uninterrupted_Baseline,311
1790266558.431863877,Uninterrupted_Baseline,313
1790266558.481794444,Uninterrupted_Baseline,313
1790266558.538054081,Uninterrupted_Baseline,315
1790266558.606308726,Uninterrupted_Baseline,316
1790266558.684396141,Uninterrupted_Baseline,318
1790266558.765357738,Uninterrupted_Baseline,320
1790266558.848798845,Uninterrupted_Baseline,322
1790266558.929751728,Uninterrupted_Baseline,324
1790266559.003679675,Uninterrupted_Baseline,326
1790266559.083249825,Uninterrupted_Baseline,327
1790266559.140387331,Uninterrupted_Baseline,329
1790266559.200351724,Uninterrupted_Baseline,331
1790266559.281608605,Uninterrupted_Baseline,231
1790266559.351837287,Uninterrupted_Baseline,231
1790266559.428091642,Uninterrupted_Baseline,231
1790266559.507684501,Uninterrupted_Baseline,234
1790266559.589450166,Uninterrupted_Baseline,238
1790266559.676376127,Uninterrupted_Baseline,242
1790266559.750305824,Uninterrupted_Baseline,244
1790266559.826545226,Uninterrupted_Baseline,247
1790266559.910355805,Uninterrupted_Baseline,251
1790266559.984778788,Uninterrupted_Baseline,254
1790266560.067728376,Uninterrupted_Baseline,257
1790266560.152553642,Uninterrupted_Baseline,261
1790266560.234277712,Uninterrupted_Baseline,264
1790266560.316066667,Uninterrupted_Baseline,267
1790266560.398576525,Uninterrupted_Baseline,270
1790266560.477372709,Uninterrupted_Baseline,272
1790266560.552423181,Uninterrupted_Baseline,275
1790266560.614499892,Uninterrupted_Baseline,277
1790266560.694201814,Uninterrupted_Baseline,279
1790266560.762339712,Uninterrupted_Baseline,282
1790266560.839168889,Uninterrupted_Baseline,284
1790266560.911008882,Uninterrupted_Baseline,286
1790266560.993762348,Uninterrupted_Baseline,288
1790266561.077152602,Uninterrupted_Baseline,290
1790266561.159279056,Uninterrupted_Baseline,293
1790266561.241782790,Uninterrupted_Baseline,295
1790266561.301452166,Uninterrupted_Baseline,296
1790266561.383834334,Uninterrupted_Baseline,298
1790266561.466216065,Uninterrupted_Baseline,300
1790266561.541080171,Uninterrupted_Baseline,302
1790266561.623519393,Uninterrupted_Baseline,303
1790266561.703946861,Uninterrupted_Baseline,305
1790266561.784644390,Uninterrupted_Baseline,306
1790266561.865310175,Uninterrupted_Baseline,308
1790266561.950868194,Uninterrupted_Baseline,310
1790266562.033448756,Uninterrupted_Baseline,311
1790266562.106593707,Uninterrupted_Baseline,312
1790266562.192009563,Uninterrupted_Baseline,313
1790266562.272162742,Uninterrupted_Baseline,314
1790266562.357876685,Uninterrupted_Baseline,316
1790266562.442553656,Uninterrupted_Baseline,317
1790266562.525954857,Uninterrupted_Baseline,318
1790266562.605864008,Uninterrupted_Baseline,319
1790266562.689555432,Uninterrupted_Baseline,320
1790266562.772019155,Uninterrupted_Baseline,321
1790266562.848627799,Uninterrupted_Baseline,322
1790266562.929389560,Uninterrupted_Baseline,323
1790266563.008245791,Uninterrupted_Baseline,324
1790266563.090552837,Uninterrupted_Baseline,324
1790266563.171010959,Uninterrupted_Baseline,325
1790266563.251482076,Uninterrupted_Baseline,326
1790266563.316045642,Uninterrupted_Baseline,326
1790266563.399296758,Uninterrupted_Baseline,300
1790266563.476161288,Uninterrupted_Baseline,228
1790266563.535079089,Uninterrupted_Baseline,228
1790266563.610086918,Uninterrupted_Baseline,199
1790266563.694564330,Uninterrupted_Baseline,159
1790266563.775010927,Uninterrupted_Baseline,146
1790266563.857880883,Uninterrupted_Baseline,159
1790266563.944288934,Uninterrupted_Baseline,111
1790266564.031421622,Uninterrupted_Baseline,111
1790266564.117931090,Uninterrupted_Baseline,111
1790266564.207632381,Uninterrupted_Baseline,77
1790266564.285189276,Uninterrupted_Baseline,78
1790266564.366986898,Uninterrupted_Baseline,79
1790266564.452148614,Uninterrupted_Baseline,80
1790266564.537755132,Uninterrupted_Baseline,81
1790266564.611632415,Uninterrupted_Baseline,82
1790266564.692251590,Uninterrupted_Baseline,84
1790266564.778330668,Uninterrupted_Baseline,85
1790266564.858144372,Uninterrupted_Baseline,85
1790266564.922482113,Uninterrupted_Baseline,86
1790266564.994566139,Uninterrupted_Baseline,87
1790266565.077186164,Uninterrupted_Baseline,87
1790266565.162711013,Uninterrupted_Baseline,88
1790266565.250173508,Uninterrupted_Baseline,89
1790266565.337209138,Uninterrupted_Baseline,89
1790266565.422943574,Uninterrupted_Baseline,90
1790266565.481527902,Uninterrupted_Baseline,90
1790266565.554078025,Uninterrupted_Baseline,91
1790266565.632845627,Uninterrupted_Baseline,91
1790266565.698449748,Uninterrupted_Baseline,91
1790266565.775450606,Uninterrupted_Baseline,92
1790266565.856203712,Uninterrupted_Baseline,92
1790266565.943883025,Uninterrupted_Baseline,92
1790266566.036032232,Uninterrupted_Baseline,93
1790266566.095627260,Uninterrupted_Baseline,93
1790266566.165568134,Uninterrupted_Baseline,93
1790266566.244359754,Uninterrupted_Baseline,93
1790266566.319981965,Uninterrupted_Baseline,93
1790266566.383072364,Uninterrupted_Baseline,94
1790266566.466264113,Uninterrupted_Baseline,94
1790266566.546205695,Uninterrupted_Baseline,94
1790266566.629742354,Uninterrupted_Baseline,94
1790266566.714991192,Uninterrupted_Baseline,95
1790266566.800938799,Uninterrupted_Baseline,96
1790266566.880445277,Uninterrupted_Baseline,96
1790266566.959230832,Uninterrupted_Baseline,97
1790266567.040838497,Uninterrupted_Baseline,97
1790266567.121585065,Uninterrupted_Baseline,98
1790266578.076426903,Phase1_Baseline,10
1790266578.160829413,Phase1_Baseline,14
1790266578.240076234,Phase1_Baseline,26
1790266578.291547234,Phase1_Baseline,24
1790266578.372205134,Phase1_Baseline,21
1790266578.440850416,Phase1_Baseline,21
1790266578.490468414,Phase1_Baseline,21
1790266578.544380824,Phase1_Baseline,21
1790266578.624753755,Phase1_Baseline,21
1790266578.704080158,Phase1_Baseline,21
1790266578.789599500,Phase1_Baseline,22
1790266578.871428305,Phase1_Baseline,22
1790266578.954856395,Phase1_Baseline,23
1790266579.033805640,Phase1_Baseline,24
1790266579.116866806,Phase1_Baseline,24
1790266579.185239026,Phase1_Baseline,25
1790266579.264766200,Phase1_Baseline,25
1790266579.346157485,Phase1_Baseline,26
1790266579.420894941,Phase1_Baseline,26
1790266579.496954275,Phase1_Baseline,27
1790266579.576039473,Phase1_Baseline,27
1790266579.667272242,Phase1_Baseline,27
1790266579.754081750,Phase1_Baseline,28
1790266579.834055022,Phase1_Baseline,29
1790266579.917615056,Phase1_Baseline,29
1790266579.999084273,Phase1_Baseline,30
1790266580.074189402,Phase1_Baseline,30
1790266580.153532308,Phase1_Baseline,31
1790266580.233236843,Phase1_Baseline,31
1790266580.304031904,Phase1_Baseline,32
1790266580.390555535,Phase1_Baseline,33
1790266580.462455768,Phase1_Baseline,33
1790266580.541910547,Phase1_Baseline,34
1790266580.624708005,Phase1_Baseline,34
1790266580.703596526,Phase1_Baseline,35
1790266580.783775742,Phase1_Baseline,35
1790266580.862071556,Phase1_Baseline,36
1790266580.945736206,Phase1_Baseline,37
1790266581.013275241,Phase1_Baseline,37
1790266581.088950787,Phase1_Baseline,38
1790266581.164444237,Phase1_Baseline,38
1790266581.236073708,Phase1_Baseline,39
1790266581.315871128,Phase1_Baseline,40
1790266581.382069309,Phase1_Baseline,40
1790266581.456846796,Phase1_Baseline,40
1790266581.520522418,Phase1_Baseline,41
1790266581.598742998,Phase1_Baseline,42
1790266581.672426663,Phase1_Baseline,42
1790266581.735377057,Phase1_Baseline,43
1790266581.812258835,Phase1_Baseline,43
1790266581.889778809,Phase1_Baseline,44
1790266581.952477807,Phase1_Baseline,44
1790266582.021187092,Phase1_Baseline,44
1790266582.102207351,Phase1_Baseline,45
1790266582.187358201,Phase1_Baseline,46
1790266582.265988950,Phase1_Baseline,46
1790266582.318783126,Phase1_Baseline,47
1790266582.371083941,Phase1_Baseline,47
1790266582.431614580,Phase1_Baseline,47
1790266582.489594901,Phase1_Baseline,48
1790266582.544847885,Phase1_Baseline,49
1790266582.618442697,Phase1_Baseline,49
1790266582.715389455,Phase1_Baseline,50
1790266582.772948511,Phase1_Baseline,50
1790266582.835611932,Phase1_Baseline,51
1790266582.915597777,Phase1_Baseline,51
1790266582.992788283,Phase1_Baseline,52
1790266583.067872653,Phase1_Baseline,52
1790266583.151053890,Phase1_Baseline,53
1790266583.227044303,Phase1_Baseline,53
1790266583.296186133,Phase1_Baseline,54
1790266583.359592623,Phase1_Baseline,55
1790266583.444641220,Phase1_Baseline,55
1790266583.523828681,Phase1_Baseline,56
1790266583.609081493,Phase1_Baseline,56
1790266583.692527478,Phase1_Baseline,57
1790266583.774703632,Phase1_Baseline,57
1790266583.857293750,Phase1_Baseline,59
1790266583.934519243,Phase1_Baseline,60
1790266584.014617842,Phase1_Baseline,61
1790266584.103640844,Phase1_Baseline,63
1790266584.188246009,Phase1_Baseline,66
1790266584.272378921,Phase1_Baseline,68
1790266584.340192228,Phase1_Baseline,70
1790266584.418425644,Phase1_Baseline,72
1790266584.497937770,Phase1_Baseline,74
1790266584.562220479,Phase1_Baseline,76
1790266584.636700122,Phase1_Baseline,79
1790266584.712796070,Phase1_Baseline,81
1790266584.789794573,Phase1_Baseline,83
1790266584.861070579,Phase1_Baseline,85
1790266584.914962014,Phase1_Baseline,87
1790266584.990285730,Phase1_Baseline,90
1790266585.051375747,Phase1_Baseline,92
1790266585.110223015,Phase1_Baseline,94
1790266585.180742051,Phase1_Baseline,97
1790266585.261018641,Phase1_Baseline,100
1790266585.343597193,Phase1_Baseline,103
1790266585.435455458,Phase1_Baseline,107
1790266585.518882824,Phase1_Baseline,110
1790266585.603370073,Phase1_Baseline,114
1790266585.680357841,Phase1_Baseline,117
1790266585.760018687,Phase1_Baseline,121
1790266585.838281731,Phase1_Baseline,125
1790266585.899509700,Phase1_Baseline,127
1790266585.979274945,Phase1_Baseline,132
1790266586.057831868,Phase1_Baseline,135
1790266586.140259484,Phase1_Baseline,139
1790266586.226944086,Phase1_Baseline,144
1790266586.302563182,Phase1_Baseline,147
1790266586.373883003,Phase1_Baseline,151
1790266586.459944209,Phase1_Baseline,156
1790266586.531033409,Phase1_Baseline,160
1790266586.602305636,Phase1_Baseline,165
1790266586.683421758,Phase1_Baseline,170
1790266586.765327749,Phase1_Baseline,175
1790266586.841198460,Phase1_Baseline,179
1790266586.924552021,Phase1_Baseline,185
1790266586.988429475,Phase1_Baseline,189
1790266587.061899488,Phase1_Baseline,193
1790266587.143253754,Phase1_Baseline,199
1790266587.225966109,Phase1_Baseline,205
1790266587.302411700,Phase1_Baseline,210
1790266587.387535545,Phase1_Baseline,217
1790266587.473592209,Phase1_Baseline,223
1790266587.557084062,Phase1_Baseline,229
1790266587.635869047,Phase1_Baseline,236
1790266587.723764437,Phase1_Baseline,243
1790266587.802247560,Phase1_Baseline,248
1790266587.884498379,Phase1_Baseline,256
1790266587.969808122,Phase1_Baseline,262
1790266588.035535198,Phase1_Baseline,268
1790266588.092577357,Phase1_Baseline,273
1790266588.171391082,Phase1_Baseline,280
1790266588.242091766,Phase1_Baseline,286
1790266588.299481223,Phase1_Baseline,291
1790266588.379618931,Phase1_Baseline,298
1790266588.429176991,Phase1_Baseline,303
1790266588.477720135,Phase1_Baseline,308
1790266588.530815102,Phase1_Baseline,313
1790266588.585078887,Phase1_Baseline,318
1790266588.654800411,Phase1_Baseline,325
1790266588.741307693,Phase1_Baseline,333
1790266588.813290325,Phase1_Baseline,340
1790266588.890546438,Phase1_Baseline,349
1790266588.962540581,Phase1_Baseline,356
1790266589.046804296,Phase1_Baseline,354
1790266589.128363429,Phase1_Baseline,254
1790266589.199525154,Phase1_Baseline,254
1790266589.278472700,Phase1_Baseline,255
1790266589.341505468,Phase1_Baseline,258
1790266589.419903063,Phase1_Baseline,261
1790266589.503567825,Phase1_Baseline,265
1790266589.589339915,Phase1_Baseline,269
1790266589.674271500,Phase1_Baseline,273
1790266589.758694418,Phase1_Baseline,277
1790266589.833630942,Phase1_Baseline,280
1790266589.915214471,Phase1_Baseline,283
1790266589.997239739,Phase1_Baseline,287
1790266590.075466033,Phase1_Baseline,290
1790266590.162639222,Phase1_Baseline,293
1790266590.244953821,Phase1_Baseline,297
1790266590.328228750,Phase1_Baseline,300
1790266590.413765886,Phase1_Baseline,303
1790266590.481085945,Phase1_Baseline,305
1790266590.559806126,Phase1_Baseline,307
1790266590.619960226,Phase1_Baseline,309
1790266590.699703056,Phase1_Baseline,312
1790266590.783572526,Phase1_Baseline,314
1790266590.863499315,Phase1_Baseline,317
1790266590.944980644,Phase1_Baseline,319
1790266591.016050767,Phase1_Baseline,321
1790266591.095590474,Phase1_Baseline,323
1790266591.149388682,Phase1_Baseline,324
1790266591.210388732,Phase1_Baseline,326
1790266591.274204481,Phase1_Baseline,327
1790266591.330543049,Phase1_Baseline,329
1790266591.411723182,Phase1_Baseline,331
1790266591.486106709,Phase1_Baseline,333
1790266591.573040915,Phase1_Baseline,335
1790266591.654706298,Phase1_Baseline,337
1790266591.738229525,Phase1_Baseline,338
1790266591.817717237,Phase1_Baseline,246
1790266591.900054176,Phase1_Baseline,238
1790266591.982148695,Phase1_Baseline,240
1790266592.062642976,Phase1_Baseline,243
1790266592.135091682,Phase1_Baseline,245
1790266592.211474697,Phase1_Baseline,247
1790266592.301345869,Phase1_Baseline,249
1790266592.365032518,Phase1_Baseline,251
1790266592.443833067,Phase1_Baseline,253
1790266592.521088287,Phase1_Baseline,255
1790266592.605086388,Phase1_Baseline,256
1790266592.684327948,Phase1_Baseline,258
1790266592.763757394,Phase1_Baseline,260
1790266592.843376833,Phase1_Baseline,261
1790266592.916076803,Phase1_Baseline,263
1790266592.998029206,Phase1_Baseline,265
1790266593.083162319,Phase1_Baseline,266
1790266593.146083452,Phase1_Baseline,267
1790266593.227797126,Phase1_Baseline,268
1790266593.310198493,Phase1_Baseline,269
1790266593.392546843,Phase1_Baseline,271
1790266593.474855502,Phase1_Baseline,272
1790266593.560697542,Phase1_Baseline,273
1790266593.640058237,Phase1_Baseline,274
1790266593.722621899,Phase1_Baseline,275
1790266593.806858039,Phase1_Baseline,276
1790266593.872347762,Phase1_Baseline,277
1790266593.963045630,Phase1_Baseline,278
1790266594.045246255,Phase1_Baseline,280
1790266594.129448578,Phase1_Baseline,280
1790266594.210217942,Phase1_Baseline,281
1790266594.298913518,Phase1_Baseline,282
1790266594.363899700,Phase1_Baseline,282
1790266594.436220666,Phase1_Baseline,283
1790266594.495783818,Phase1_Baseline,283
1790266594.577187874,Phase1_Baseline,284
1790266594.662567308,Phase1_Baseline,284
1790266594.748388478,Phase1_Baseline,285
1790266594.833361931,Phase1_Baseline,285
1790266594.907818382,Phase1_Baseline,286
1790266595.000147388,Phase1_Baseline,286
1790266595.054301373,Phase1_Baseline,286
1790266595.119835739,Phase1_Baseline,286
1790266595.191806808,Phase1_Baseline,287
1790266595.268306201,Phase1_Baseline,287
1790266595.348478121,Phase1_Baseline,287
1790266595.427965955,Phase1_Baseline,287
1790266595.508345479,Phase1_Baseline,287
1790266595.575980650,Phase1_Baseline,288
1790266595.654744900,Phase1_Baseline,288
1790266595.724973947,Phase1_Baseline,288
1790266595.788351593,Phase1_Baseline,288
1790266595.870617675,Phase1_Baseline,288
1790266595.952398800,Phase1_Baseline,288
1790266596.028512438,Phase1_Baseline,288
1790266596.105414789,Phase1_Baseline,288
1790266596.191444331,Phase1_Baseline,288
1790266596.270762097,Phase1_Baseline,288
1790266596.331096951,Phase1_Baseline,288
1790266596.391030194,Phase1_Baseline,288
1790266596.473321899,Phase1_Baseline,288
1790266596.550841187,Phase1_Baseline,288
1790266596.631028483,Phase1_Baseline,288
1790266596.712007326,Phase1_Baseline,288
1790266596.796934142,Phase1_Baseline,288
1790266596.882317992,Phase1_Baseline,288
1790266596.965585802,Phase1_Baseline,288
1790266597.047063349,Phase1_Baseline,288
1790266597.131005015,Phase1_Baseline,288
1790266597.218766798,Phase1_Baseline,288
1790266597.301455837,Phase1_Baseline,288
1790266597.387530973,Phase1_Baseline,288
1790266597.467633597,Phase1_Baseline,288
1790266597.548792296,Phase1_Baseline,288
1790266597.620067644,Phase1_Baseline,288
1790266597.702568022,Phase1_Baseline,288
1790266597.777209242,Phase1_Baseline,288
1790266597.859840847,Phase1_Baseline,288
1790266597.940223390,Phase1_Baseline,288
1790266598.011280824,Phase1_Baseline,288
1790266598.073522427,Phase1_Baseline,288
1790266598.135833315,Phase1_Baseline,288
1790266598.210884439,Phase1_Baseline,288
1790266598.281718925,Phase1_Baseline,289
1790266598.334268183,Phase1_Baseline,289
1790266598.407055645,Phase1_Baseline,289
1790266598.458471017,Phase1_Baseline,289
1790266598.513586958,Phase1_Baseline,289
1790266598.572326241,Phase1_Baseline,289
1790266598.621789435,Phase1_Baseline,290
1790266598.695063413,Phase1_Baseline,290
1790266598.757557146,Phase1_Baseline,290
1790266598.813146540,Phase1_Baseline,290
1790266598.894822276,Phase1_Baseline,291
1790266598.972426771,Phase1_Baseline,291
1790266599.044932617,Phase1_Baseline,292
1790266599.115761681,Phase1_Baseline,292
1790266599.183210458,Phase1_Baseline,293
1790266599.263874478,Phase1_Baseline,293
1790266599.342761537,Phase1_Baseline,294
1790266599.410910669,Phase1_Baseline,294
1790266599.494385600,Phase1_Baseline,295
1790266599.578547617,Phase1_Baseline,296
1790266599.658012964,Phase1_Baseline,296
1790266599.724399688,Phase1_Baseline,297
1790266599.802508326,Phase1_Baseline,298
1790266599.881528243,Phase1_Baseline,298
1790266599.962299874,Phase1_Baseline,300
1790266600.045796229,Phase1_Baseline,300
1790266600.129810487,Phase1_Baseline,301
1790266600.194833141,Phase1_Baseline,302
1790266600.276197546,Phase1_Baseline,303
1790266600.344323642,Phase1_Baseline,304
1790266600.417719334,Phase1_Baseline,305
1790266600.497806837,Phase1_Baseline,306
1790266600.559769576,Phase1_Baseline,307
1790266600.641946469,Phase1_Baseline,308
1790266600.721138427,Phase1_Baseline,309
1790266600.779951490,Phase1_Baseline,311
1790266600.854051666,Phase1_Baseline,312
1790266600.921442958,Phase1_Baseline,313
1790266600.994906871,Phase1_Baseline,315
1790266601.069033448,Phase1_Baseline,316
1790266601.145279586,Phase1_Baseline,318
1790266601.214434976,Phase1_Baseline,320
1790266601.276428825,Phase1_Baseline,321
1790266601.334844448,Phase1_Baseline,323
1790266601.397943811,Phase1_Baseline,312
1790266601.479056073,Phase1_Baseline,226
1790266601.562850334,Phase1_Baseline,226
1790266601.642924176,Phase1_Baseline,227
1790266601.722108712,Phase1_Baseline,231
1790266601.800224854,Phase1_Baseline,234
1790266601.875285781,Phase1_Baseline,237
1790266601.957056336,Phase1_Baseline,241
1790266602.044727599,Phase1_Baseline,244
1790266602.127700250,Phase1_Baseline,248
1790266602.212860463,Phase1_Baseline,251
1790266602.288575162,Phase1_Baseline,254
1790266602.364027429,Phase1_Baseline,257
1790266602.439291491,Phase1_Baseline,260
1790266602.520464808,Phase1_Baseline,263
1790266602.600421674,Phase1_Baseline,265
1790266602.684222018,Phase1_Baseline,267
1790266602.750475311,Phase1_Baseline,270
1790266602.832621092,Phase1_Baseline,273
1790266602.914041200,Phase1_Baseline,275
1790266602.991722279,Phase1_Baseline,277
1790266603.060572006,Phase1_Baseline,279
1790266603.128073371,Phase1_Baseline,281
1790266603.215239654,Phase1_Baseline,284
1790266603.296334181,Phase1_Baseline,286
1790266603.379493982,Phase1_Baseline,288
1790266603.458631233,Phase1_Baseline,290
1790266603.534202065,Phase1_Baseline,292
1790266603.610802056,Phase1_Baseline,293
1790266603.665994672,Phase1_Baseline,295
1790266603.733276582,Phase1_Baseline,296
1790266603.805580241,Phase1_Baseline,297
1790266603.903412681,Phase1_Baseline,300
1790266603.989839143,Phase1_Baseline,301
1790266604.070495941,Phase1_Baseline,303
1790266604.141180027,Phase1_Baseline,304
1790266604.222631003,Phase1_Baseline,305
1790266604.303513072,Phase1_Baseline,306
1790266605.780712992,Phase2_Migrated,10
1790266605.874330884,Phase2_Migrated,10
1790266605.958966162,Phase2_Migrated,18
1790266606.049493293,Phase2_Migrated,36
1790266606.141878051,Phase2_Migrated,60
1790266606.234471767,Phase2_Migrated,182
1790266606.305222022,Phase2_Migrated,311
1790266606.368190877,Phase2_Migrated,596
1790266606.457415315,Phase2_Migrated,849
1790266606.554203601,Phase2_Migrated,594
1790266606.649424573,Phase2_Migrated,594
1790266606.741325527,Phase2_Migrated,594
1790266606.824944750,Phase2_Migrated,594
1790266606.918162187,Phase2_Migrated,600
1790266607.013752462,Phase2_Migrated,420
1790266607.103858714,Phase2_Migrated,420
1790266607.194389560,Phase2_Migrated,409
1790266607.267043638,Phase2_Migrated,294
1790266607.362913405,Phase2_Migrated,294
1790266607.457091182,Phase2_Migrated,205
1790266607.547990996,Phase2_Migrated,187
1790266607.640769184,Phase2_Migrated,143
1790266607.734296040,Phase2_Migrated,143
1790266607.828102510,Phase2_Migrated,145
1790266607.922495397,Phase2_Migrated,146
1790266608.004283058,Phase2_Migrated,148
1790266608.070246732,Phase2_Migrated,150
1790266608.148785816,Phase2_Migrated,151
1790266608.232869074,Phase2_Migrated,152
1790266608.308059614,Phase2_Migrated,153
1790266608.394441349,Phase2_Migrated,155
1790266608.450493227,Phase2_Migrated,156
1790266608.504626179,Phase2_Migrated,157
1790266608.572817898,Phase2_Migrated,158
1790266608.642957447,Phase2_Migrated,159
1790266608.749334858,Phase2_Migrated,160
1790266608.843369222,Phase2_Migrated,162
1790266608.926410628,Phase2_Migrated,163
1790266608.999184109,Phase2_Migrated,164
1790266609.070698808,Phase2_Migrated,165
1790266609.147209619,Phase2_Migrated,165
1790266609.207161679,Phase2_Migrated,166
1790266609.288113882,Phase2_Migrated,167
1790266609.382370919,Phase2_Migrated,167
1790266609.475325021,Phase2_Migrated,168
1790266609.540851581,Phase2_Migrated,169
1790266609.638260550,Phase2_Migrated,169
1790266609.725225104,Phase2_Migrated,170
1790266609.816841457,Phase2_Migrated,170
1790266609.907372116,Phase2_Migrated,171
1790266610.003370496,Phase2_Migrated,171
1790266610.100480681,Phase2_Migrated,172
1790266610.198394660,Phase2_Migrated,172
1790266610.270500171,Phase2_Migrated,172
1790266610.362402833,Phase2_Migrated,173
1790266610.457791295,Phase2_Migrated,173
1790266610.531974073,Phase2_Migrated,173
1790266610.628915843,Phase2_Migrated,173
1790266610.710750897,Phase2_Migrated,174
1790266610.795288965,Phase2_Migrated,174
1790266610.876077419,Phase2_Migrated,174
1790266610.955333148,Phase2_Migrated,174
1790266611.062843871,Phase2_Migrated,174
1790266611.147408922,Phase2_Migrated,174
1790266611.237567523,Phase2_Migrated,174
1790266611.321905768,Phase2_Migrated,174
1790266611.408431614,Phase2_Migrated,174
1790266611.498754143,Phase2_Migrated,174
1790266611.592003474,Phase2_Migrated,174
1790266611.687399924,Phase2_Migrated,174
1790266611.777815642,Phase2_Migrated,174
1790266611.871424099,Phase2_Migrated,174
1790266611.967480083,Phase2_Migrated,174
1790266612.058600284,Phase2_Migrated,174
1790266612.155389735,Phase2_Migrated,174
1790266612.247203922,Phase2_Migrated,175
1790266612.334719064,Phase2_Migrated,176
1790266612.429016851,Phase2_Migrated,177
1790266612.525209317,Phase2_Migrated,177
1790266612.611031746,Phase2_Migrated,178
1790266612.708115957,Phase2_Migrated,179
1790266612.799006095,Phase2_Migrated,179
1790266612.889613865,Phase2_Migrated,180
1790266612.973860399,Phase2_Migrated,181
1790266613.060939016,Phase2_Migrated,181
1790266613.155005391,Phase2_Migrated,182
1790266613.250113575,Phase2_Migrated,182
1790266613.339758783,Phase2_Migrated,183
1790266613.430458144,Phase2_Migrated,184
1790266613.520595147,Phase2_Migrated,184
1790266613.614785427,Phase2_Migrated,185
1790266613.706022950,Phase2_Migrated,186
1790266613.793931776,Phase2_Migrated,186
1790266613.870281164,Phase2_Migrated,187
1790266613.964158724,Phase2_Migrated,188
1790266614.036928964,Phase2_Migrated,188
1790266614.122355565,Phase2_Migrated,189
1790266614.215354981,Phase2_Migrated,190
1790266614.300479416,Phase2_Migrated,190
1790266614.391356565,Phase2_Migrated,191
1790266614.480925094,Phase2_Migrated,192
1790266614.563585247,Phase2_Migrated,192
1790266614.656057258,Phase2_Migrated,193
1790266614.751821191,Phase2_Migrated,193
1790266614.841313066,Phase2_Migrated,194
1790266614.911280993,Phase2_Migrated,195
1790266615.003746326,Phase2_Migrated,195
1790266615.101469373,Phase2_Migrated,196
1790266615.196272459,Phase2_Migrated,197
1790266615.283638664,Phase2_Migrated,197
1790266615.376050273,Phase2_Migrated,198
1790266615.469602827,Phase2_Migrated,199
1790266615.546219281,Phase2_Migrated,199
1790266615.636111774,Phase2_Migrated,200
1790266615.721796172,Phase2_Migrated,200
1790266615.801964227,Phase2_Migrated,201
1790266615.889429545,Phase2_Migrated,202
1790266615.981543162,Phase2_Migrated,202
1790266616.079083275,Phase2_Migrated,203
1790266616.173685131,Phase2_Migrated,204
1790266616.261496197,Phase2_Migrated,205
1790266616.334207443,Phase2_Migrated,206
1790266616.405953445,Phase2_Migrated,207
1790266616.487085880,Phase2_Migrated,209
1790266616.551640647,Phase2_Migrated,210
1790266616.623792481,Phase2_Migrated,212
1790266616.706465400,Phase2_Migrated,214
1790266616.794181697,Phase2_Migrated,217
1790266616.882404809,Phase2_Migrated,219
1790266616.971328984,Phase2_Migrated,222
1790266617.073766626,Phase2_Migrated,225
1790266617.163794782,Phase2_Migrated,227
1790266617.258306591,Phase2_Migrated,230
1790266617.354010997,Phase2_Migrated,233
1790266617.433875792,Phase2_Migrated,236
1790266617.530007823,Phase2_Migrated,240
1790266617.624461262,Phase2_Migrated,243
1790266617.695882526,Phase2_Migrated,245
1790266617.761680092,Phase2_Migrated,248
1790266617.853397984,Phase2_Migrated,252
1790266617.945927242,Phase2_Migrated,256
1790266618.037053624,Phase2_Migrated,259
1790266618.106609967,Phase2_Migrated,263
1790266618.197214824,Phase2_Migrated,267
1790266618.282510971,Phase2_Migrated,270
1790266618.372859404,Phase2_Migrated,274
1790266618.431193510,Phase2_Migrated,277
1790266618.484257689,Phase2_Migrated,280
1790266618.537753164,Phase2_Migrated,283
1790266618.608188309,Phase2_Migrated,287
1790266618.687969714,Phase2_Migrated,291
1790266618.781886132,Phase2_Migrated,296
1790266618.861107497,Phase2_Migrated,300
1790266618.950832813,Phase2_Migrated,305
1790266619.036369302,Phase2_Migrated,310
1790266619.101972869,Phase2_Migrated,314
1790266619.190330473,Phase2_Migrated,319
1790266619.270587816,Phase2_Migrated,324
1790266619.366602782,Phase2_Migrated,330
1790266619.459848464,Phase2_Migrated,336
1790266619.544973395,Phase2_Migrated,342
1790266619.630519947,Phase2_Migrated,348
1790266619.726892167,Phase2_Migrated,353
1790266619.803953806,Phase2_Migrated,247
1790266619.883889852,Phase2_Migrated,249
1790266619.961452791,Phase2_Migrated,252
1790266620.055115012,Phase2_Migrated,256
1790266620.149145872,Phase2_Migrated,261
1790266620.244418678,Phase2_Migrated,265
1790266620.332872763,Phase2_Migrated,269
1790266620.418074975,Phase2_Migrated,273
1790266620.509474915,Phase2_Migrated,277
1790266620.606051674,Phase2_Migrated,280
1790266620.704561286,Phase2_Migrated,284
1790266620.797460710,Phase2_Migrated,287
1790266620.897429286,Phase2_Migrated,291
1790266620.967478241,Phase2_Migrated,293
1790266621.038852250,Phase2_Migrated,296
1790266621.097701226,Phase2_Migrated,298
1790266621.163069070,Phase2_Migrated,299
1790266621.242683745,Phase2_Migrated,302
1790266621.310001141,Phase2_Migrated,304
1790266621.395497901,Phase2_Migrated,307
1790266621.457228550,Phase2_Migrated,308
1790266621.522242609,Phase2_Migrated,310
1790266621.591773075,Phase2_Migrated,312
1790266621.663410805,Phase2_Migrated,314
1790266621.752255092,Phase2_Migrated,317
1790266621.842515362,Phase2_Migrated,319
1790266621.917945417,Phase2_Migrated,321
1790266622.016720073,Phase2_Migrated,323
1790266622.109801609,Phase2_Migrated,325
1790266622.199895349,Phase2_Migrated,327
1790266622.294285738,Phase2_Migrated,329
1790266622.394826471,Phase2_Migrated,331
1790266622.475489694,Phase2_Migrated,332
1790266622.540539865,Phase2_Migrated,333
1790266622.607741229,Phase2_Migrated,334
1790266622.685510925,Phase2_Migrated,335
1790266622.775793932,Phase2_Migrated,337
1790266622.868533604,Phase2_Migrated,235
1790266622.955994179,Phase2_Migrated,235
1790266623.052890986,Phase2_Migrated,236
1790266623.154409674,Phase2_Migrated,238
1790266623.240967980,Phase2_Migrated,241
1790266623.335039617,Phase2_Migrated,243
1790266623.435440228,Phase2_Migrated,246
1790266623.527364848,Phase2_Migrated,249
1790266623.617168874,Phase2_Migrated,251
1790266623.684498197,Phase2_Migrated,253
1790266623.769575083,Phase2_Migrated,254
1790266623.849773537,Phase2_Migrated,256
1790266623.936152025,Phase2_Migrated,258
1790266624.026058638,Phase2_Migrated,260
1790266624.125296394,Phase2_Migrated,262
1790266624.216533056,Phase2_Migrated,263
1790266624.298283170,Phase2_Migrated,264
1790266624.377774042,Phase2_Migrated,266
1790266624.450814973,Phase2_Migrated,267
1790266624.528994198,Phase2_Migrated,268
1790266624.606371740,Phase2_Migrated,269
1790266624.692936370,Phase2_Migrated,271
1790266624.800082988,Phase2_Migrated,272
1790266624.870204677,Phase2_Migrated,273
1790266624.975832091,Phase2_Migrated,274
1790266625.043167289,Phase2_Migrated,275
1790266625.119555944,Phase2_Migrated,276
1790266625.190094713,Phase2_Migrated,277
1790266625.258384374,Phase2_Migrated,278
1790266625.337756643,Phase2_Migrated,279
1790266625.422116738,Phase2_Migrated,279
1790266625.515908646,Phase2_Migrated,280
1790266625.613711097,Phase2_Migrated,281
1790266625.701927325,Phase2_Migrated,282
1790266625.785910115,Phase2_Migrated,282
1790266625.874337104,Phase2_Migrated,282
1790266625.972339677,Phase2_Migrated,283
1790266626.067503023,Phase2_Migrated,284
1790266626.169531376,Phase2_Migrated,284
1790266626.265272131,Phase2_Migrated,284
1790266626.333710263,Phase2_Migrated,284
1790266626.397872392,Phase2_Migrated,285
1790266626.496603957,Phase2_Migrated,285
1790266626.589043374,Phase2_Migrated,285
1790266626.689904410,Phase2_Migrated,286
1790266626.779937822,Phase2_Migrated,286
1790266626.873364230,Phase2_Migrated,286
1790266626.960966468,Phase2_Migrated,286
1790266627.049073252,Phase2_Migrated,286
1790266627.143394815,Phase2_Migrated,286
1790266627.218038864,Phase2_Migrated,286
1790266627.303090040,Phase2_Migrated,286
1790266627.389475299,Phase2_Migrated,286
1790266627.482192672,Phase2_Migrated,286
1790266627.577825830,Phase2_Migrated,286
1790266627.670035326,Phase2_Migrated,286
1790266627.762250219,Phase2_Migrated,286
1790266627.855979919,Phase2_Migrated,286
1790266627.944170902,Phase2_Migrated,286
1790266628.037950853,Phase2_Migrated,286
1790266628.114363140,Phase2_Migrated,286
1790266628.204519470,Phase2_Migrated,286
1790266628.289374556,Phase2_Migrated,286
1790266628.382031003,Phase2_Migrated,286
1790266629.512507539,Uninterrupted_Baseline,1
1790266629.589545546,Uninterrupted_Baseline,1
1790266629.679472080,Uninterrupted_Baseline,1
1790266629.753761081,Uninterrupted_Baseline,1
1790266629.823755633,Uninterrupted_Baseline,1
1790266629.901874186,Uninterrupted_Baseline,1
1790266629.985088830,Uninterrupted_Baseline,1
1790266630.068451939,Uninterrupted_Baseline,1
1790266630.151367548,Uninterrupted_Baseline,1
1790266630.236412309,Uninterrupted_Baseline,1
1790266630.320622343,Uninterrupted_Baseline,1
1790266630.396015621,Uninterrupted_Baseline,1
1790266630.478511895,Uninterrupted_Baseline,1
1790266630.559286489,Uninterrupted_Baseline,1
1790266630.644447882,Uninterrupted_Baseline,1
1790266630.732552124,Uninterrupted_Baseline,10
1790266630.732552124,Uninterrupted_Baseline,1
1790266630.819282089,Uninterrupted_Baseline,20
1790266630.819282089,Uninterrupted_Baseline,1
1790266630.907044637,Uninterrupted_Baseline,50
1790266630.907044637,Uninterrupted_Baseline,1
1790266630.982249731,Uninterrupted_Baseline,102
1790266630.982249731,Uninterrupted_Baseline,1
1790266631.066967725,Uninterrupted_Baseline,237
1790266631.066967725,Uninterrupted_Baseline,1
1790266631.155177929,Uninterrupted_Baseline,492
1790266631.155177929,Uninterrupted_Baseline,1
1790266631.236714682,Uninterrupted_Baseline,796
1790266631.236714682,Uninterrupted_Baseline,1
1790266631.292391949,Uninterrupted_Baseline,925
1790266631.292391949,Uninterrupted_Baseline,1
1790266631.370089714,Uninterrupted_Baseline,846
1790266631.370089714,Uninterrupted_Baseline,1
1790266631.450334078,Uninterrupted_Baseline,718
1790266631.450334078,Uninterrupted_Baseline,1
1790266631.531835144,Uninterrupted_Baseline,647
1790266631.531835144,Uninterrupted_Baseline,1
1790266631.614885619,Uninterrupted_Baseline,647
1790266631.614885619,Uninterrupted_Baseline,1
1790266631.699058567,Uninterrupted_Baseline,627
1790266631.699058567,Uninterrupted_Baseline,1
1790266631.784836765,Uninterrupted_Baseline,527
1790266631.784836765,Uninterrupted_Baseline,1
1790266631.865427463,Uninterrupted_Baseline,453
1790266631.865427463,Uninterrupted_Baseline,1
1790266631.949917979,Uninterrupted_Baseline,453
1790266631.949917979,Uninterrupted_Baseline,1
1790266632.032515841,Uninterrupted_Baseline,317
1790266632.032515841,Uninterrupted_Baseline,1
1790266632.109899871,Uninterrupted_Baseline,317
1790266632.109899871,Uninterrupted_Baseline,1
1790266632.192633807,Uninterrupted_Baseline,317
1790266632.192633807,Uninterrupted_Baseline,1
1790266632.270371917,Uninterrupted_Baseline,317
1790266632.270371917,Uninterrupted_Baseline,1
1790266632.351743558,Uninterrupted_Baseline,319
1790266632.351743558,Uninterrupted_Baseline,1
1790266632.437476292,Uninterrupted_Baseline,322
1790266632.437476292,Uninterrupted_Baseline,1
1790266632.515917511,Uninterrupted_Baseline,238
1790266632.515917511,Uninterrupted_Baseline,1
1790266632.597715667,Uninterrupted_Baseline,226
1790266632.597715667,Uninterrupted_Baseline,1
1790266632.679697491,Uninterrupted_Baseline,226
1790266632.679697491,Uninterrupted_Baseline,1
1790266632.758173368,Uninterrupted_Baseline,158
1790266632.758173368,Uninterrupted_Baseline,1
1790266632.841915902,Uninterrupted_Baseline,159
1790266632.841915902,Uninterrupted_Baseline,1
1790266632.898687708,Uninterrupted_Baseline,161
1790266632.898687708,Uninterrupted_Baseline,1
1790266632.961971207,Uninterrupted_Baseline,162
1790266632.961971207,Uninterrupted_Baseline,1
1790266633.040441753,Uninterrupted_Baseline,164
1790266633.040441753,Uninterrupted_Baseline,1
1790266633.123842157,Uninterrupted_Baseline,165
1790266633.123842157,Uninterrupted_Baseline,1
1790266633.208093755,Uninterrupted_Baseline,167
1790266633.208093755,Uninterrupted_Baseline,1
1790266633.294205693,Uninterrupted_Baseline,168
1790266633.294205693,Uninterrupted_Baseline,1
1790266633.376384184,Uninterrupted_Baseline,170
1790266633.376384184,Uninterrupted_Baseline,1
1790266633.445993137,Uninterrupted_Baseline,171
1790266633.445993137,Uninterrupted_Baseline,1
1790266633.521953981,Uninterrupted_Baseline,173
1790266633.521953981,Uninterrupted_Baseline,1
1790266633.605872100,Uninterrupted_Baseline,174
1790266633.605872100,Uninterrupted_Baseline,1
1790266633.691873341,Uninterrupted_Baseline,175
1790266633.691873341,Uninterrupted_Baseline,1
1790266633.766177450,Uninterrupted_Baseline,176
1790266633.766177450,Uninterrupted_Baseline,1
1790266633.844947599,Uninterrupted_Baseline,177
1790266633.844947599,Uninterrupted_Baseline,1
1790266633.923479798,Uninterrupted_Baseline,178
1790266633.923479798,Uninterrupted_Baseline,1
1790266633.990079561,Uninterrupted_Baseline,179
1790266633.990079561,Uninterrupted_Baseline,1
1790266634.068513111,Uninterrupted_Baseline,180
1790266634.068513111,Uninterrupted_Baseline,1
1790266634.149191696,Uninterrupted_Baseline,181
1790266634.149191696,Uninterrupted_Baseline,1
1790266634.232285966,Uninterrupted_Baseline,182
1790266634.232285966,Uninterrupted_Baseline,1
1790266634.313019940,Uninterrupted_Baseline,183
1790266634.313019940,Uninterrupted_Baseline,1
1790266634.395608475,Uninterrupted_Baseline,184
1790266634.395608475,Uninterrupted_Baseline,1
1790266634.480346545,Uninterrupted_Baseline,185
1790266634.480346545,Uninterrupted_Baseline,1
1790266634.565270395,Uninterrupted_Baseline,186
1790266634.565270395,Uninterrupted_Baseline,1
1790266634.647273956,Uninterrupted_Baseline,186
1790266634.647273956,Uninterrupted_Baseline,1
1790266634.728401898,Uninterrupted_Baseline,187
1790266634.728401898,Uninterrupted_Baseline,1
1790266634.811113486,Uninterrupted_Baseline,187
1790266634.811113486,Uninterrupted_Baseline,1
1790266634.896526630,Uninterrupted_Baseline,188
1790266634.896526630,Uninterrupted_Baseline,1
1790266634.985733985,Uninterrupted_Baseline,188
1790266634.985733985,Uninterrupted_Baseline,1
1790266635.044361722,Uninterrupted_Baseline,189
1790266635.044361722,Uninterrupted_Baseline,1
1790266635.110326269,Uninterrupted_Baseline,189
1790266635.110326269,Uninterrupted_Baseline,1
1790266635.189116557,Uninterrupted_Baseline,189
1790266635.189116557,Uninterrupted_Baseline,1
1790266635.272902554,Uninterrupted_Baseline,190
1790266635.272902554,Uninterrupted_Baseline,1
1790266635.356384770,Uninterrupted_Baseline,190
1790266635.356384770,Uninterrupted_Baseline,1
1790266635.438564999,Uninterrupted_Baseline,191
1790266635.438564999,Uninterrupted_Baseline,1
1790266635.524816476,Uninterrupted_Baseline,191
1790266635.524816476,Uninterrupted_Baseline,1
1790266635.608157520,Uninterrupted_Baseline,191
1790266635.608157520,Uninterrupted_Baseline,1
1790266635.688849459,Uninterrupted_Baseline,191
1790266635.688849459,Uninterrupted_Baseline,1
1790266635.771115726,Uninterrupted_Baseline,191
1790266635.771115726,Uninterrupted_Baseline,1
1790266635.849353831,Uninterrupted_Baseline,192
1790266635.849353831,Uninterrupted_Baseline,1
1790266635.933724957,Uninterrupted_Baseline,192
1790266635.933724957,Uninterrupted_Baseline,1
1790266636.012031694,Uninterrupted_Baseline,192
1790266636.012031694,Uninterrupted_Baseline,1
1790266636.099848077,Uninterrupted_Baseline,192
1790266636.099848077,Uninterrupted_Baseline,1
1790266636.179764932,Uninterrupted_Baseline,192
1790266636.179764932,Uninterrupted_Baseline,1
1790266636.254556273,Uninterrupted_Baseline,192
1790266636.254556273,Uninterrupted_Baseline,1
1790266636.337041653,Uninterrupted_Baseline,192
1790266636.337041653,Uninterrupted_Baseline,1
1790266636.419494589,Uninterrupted_Baseline,192
1790266636.419494589,Uninterrupted_Baseline,1
1790266636.501189123,Uninterrupted_Baseline,192
1790266636.501189123,Uninterrupted_Baseline,1
1790266636.587110046,Uninterrupted_Baseline,192
1790266636.587110046,Uninterrupted_Baseline,1
1790266636.666710609,Uninterrupted_Baseline,192
1790266636.666710609,Uninterrupted_Baseline,1
1790266636.750022867,Uninterrupted_Baseline,192
1790266636.750022867,Uninterrupted_Baseline,1
1790266636.831809060,Uninterrupted_Baseline,192
1790266636.831809060,Uninterrupted_Baseline,1
1790266636.913990964,Uninterrupted_Baseline,192
1790266636.913990964,Uninterrupted_Baseline,1
1790266636.996444914,Uninterrupted_Baseline,192
1790266636.996444914,Uninterrupted_Baseline,1
1790266637.072861887,Uninterrupted_Baseline,192
1790266637.072861887,Uninterrupted_Baseline,1
1790266637.165600193,Uninterrupted_Baseline,192
1790266637.165600193,Uninterrupted_Baseline,1
1790266637.240102680,Uninterrupted_Baseline,192
1790266637.240102680,Uninterrupted_Baseline,1
1790266637.322421533,Uninterrupted_Baseline,192
1790266637.322421533,Uninterrupted_Baseline,1
1790266637.399109772,Uninterrupted_Baseline,192
1790266637.399109772,Uninterrupted_Baseline,1
1790266637.484732824,Uninterrupted_Baseline,192
1790266637.484732824,Uninterrupted_Baseline,1
1790266637.565866417,Uninterrupted_Baseline,192
1790266637.565866417,Uninterrupted_Baseline,1
1790266637.650273271,Uninterrupted_Baseline,193
1790266637.650273271,Uninterrupted_Baseline,1
1790266637.732319417,Uninterrupted_Baseline,193
1790266637.732319417,Uninterrupted_Baseline,1
1790266637.808511405,Uninterrupted_Baseline,194
1790266637.808511405,Uninterrupted_Baseline,1
1790266637.888400280,Uninterrupted_Baseline,195
1790266637.888400280,Uninterrupted_Baseline,1
1790266637.963756072,Uninterrupted_Baseline,195
1790266637.963756072,Uninterrupted_Baseline,1
1790266638.044308688,Uninterrupted_Baseline,196
1790266638.044308688,Uninterrupted_Baseline,1
1790266638.119473979,Uninterrupted_Baseline,196
1790266638.119473979,Uninterrupted_Baseline,1
1790266638.179366910,Uninterrupted_Baseline,197
1790266638.179366910,Uninterrupted_Baseline,1
1790266638.263564337,Uninterrupted_Baseline,197
1790266638.263564337,Uninterrupted_Baseline,1
1790266638.318771011,Uninterrupted_Baseline,198
1790266638.318771011,Uninterrupted_Baseline,1
1790266638.393935088,Uninterrupted_Baseline,198
1790266638.393935088,Uninterrupted_Baseline,1
1790266638.444679993,Uninterrupted_Baseline,199
1790266638.444679993,Uninterrupted_Baseline,1
1790266638.498250163,Uninterrupted_Baseline,199
1790266638.498250163,Uninterrupted_Baseline,1
1790266638.564574424,Uninterrupted_Baseline,200
1790266638.564574424,Uninterrupted_Baseline,1
1790266638.632870612,Uninterrupted_Baseline,200
1790266638.632870612,Uninterrupted_Baseline,1
1790266638.705381515,Uninterrupted_Baseline,201
1790266638.705381515,Uninterrupted_Baseline,1
1790266638.786098489,Uninterrupted_Baseline,201
1790266638.786098489,Uninterrupted_Baseline,1
1790266638.869216595,Uninterrupted_Baseline,202
1790266638.869216595,Uninterrupted_Baseline,1
1790266638.955628494,Uninterrupted_Baseline,203
1790266638.955628494,Uninterrupted_Baseline,1
1790266639.037365108,Uninterrupted_Baseline,203
1790266639.037365108,Uninterrupted_Baseline,1
1790266639.119693081,Uninterrupted_Baseline,204
1790266639.119693081,Uninterrupted_Baseline,1
1790266639.179019130,Uninterrupted_Baseline,204
1790266639.179019130,Uninterrupted_Baseline,1
1790266639.258050447,Uninterrupted_Baseline,205
1790266639.258050447,Uninterrupted_Baseline,1
1790266639.336434868,Uninterrupted_Baseline,205
1790266639.336434868,Uninterrupted_Baseline,1
1790266639.420732160,Uninterrupted_Baseline,206
1790266639.420732160,Uninterrupted_Baseline,1
1790266639.501471383,Uninterrupted_Baseline,206
1790266639.501471383,Uninterrupted_Baseline,1
1790266639.581922710,Uninterrupted_Baseline,207
1790266639.581922710,Uninterrupted_Baseline,1
1790266639.664371930,Uninterrupted_Baseline,208
1790266639.664371930,Uninterrupted_Baseline,1
1790266639.736605372,Uninterrupted_Baseline,208
1790266639.736605372,Uninterrupted_Baseline,1
1790266639.799591948,Uninterrupted_Baseline,209
1790266639.799591948,Uninterrupted_Baseline,1
1790266639.882749656,Uninterrupted_Baseline,209
1790266639.882749656,Uninterrupted_Baseline,1
1790266639.966325477,Uninterrupted_Baseline,210
1790266639.966325477,Uninterrupted_Baseline,1
1790266640.051753317,Uninterrupted_Baseline,210
1790266640.051753317,Uninterrupted_Baseline,1
1790266640.115389100,Uninterrupted_Baseline,211
1790266640.115389100,Uninterrupted_Baseline,1
1790266640.180114699,Uninterrupted_Baseline,211
1790266640.180114699,Uninterrupted_Baseline,1
1790266640.259291256,Uninterrupted_Baseline,212
1790266640.259291256,Uninterrupted_Baseline,1
1790266640.339194296,Uninterrupted_Baseline,212
1790266640.339194296,Uninterrupted_Baseline,1
1790266640.419906854,Uninterrupted_Baseline,213
1790266640.419906854,Uninterrupted_Baseline,1
1790266640.504955901,Uninterrupted_Baseline,214
1790266640.504955901,Uninterrupted_Baseline,1
1790266640.590970456,Uninterrupted_Baseline,214
1790266640.590970456,Uninterrupted_Baseline,1
1790266640.678379594,Uninterrupted_Baseline,215
1790266640.678379594,Uninterrupted_Baseline,1
1790266640.765270104,Uninterrupted_Baseline,216
1790266640.765270104,Uninterrupted_Baseline,1
1790266640.857281703,Uninterrupted_Baseline,216
1790266640.857281703,Uninterrupted_Baseline,1
1790266640.953892978,Uninterrupted_Baseline,217
1790266640.953892978,Uninterrupted_Baseline,1
1790266641.038332283,Uninterrupted_Baseline,218
1790266641.128805237,Uninterrupted_Baseline,218
1790266641.220719799,Uninterrupted_Baseline,219
1790266641.304902272,Uninterrupted_Baseline,220
1790266641.392687775,Uninterrupted_Baseline,221
1790266641.480010004,Uninterrupted_Baseline,223
1790266641.571646017,Uninterrupted_Baseline,225
1790266641.657570662,Uninterrupted_Baseline,227
1790266641.738271736,Uninterrupted_Baseline,229
1790266641.822039049,Uninterrupted_Baseline,231
1790266641.896456555,Uninterrupted_Baseline,233
1790266641.981105337,Uninterrupted_Baseline,235
1790266642.064158442,Uninterrupted_Baseline,238
1790266642.145547843,Uninterrupted_Baseline,240
1790266642.230709094,Uninterrupted_Baseline,243
1790266642.313329472,Uninterrupted_Baseline,245
1790266642.394232872,Uninterrupted_Baseline,247
1790266642.474955686,Uninterrupted_Baseline,250
1790266642.552579697,Uninterrupted_Baseline,252
1790266642.629091755,Uninterrupted_Baseline,255
1790266642.695283000,Uninterrupted_Baseline,257
1790266642.754072462,Uninterrupted_Baseline,260
1790266642.815841581,Uninterrupted_Baseline,262
1790266642.880351791,Uninterrupted_Baseline,264
1790266642.951402492,Uninterrupted_Baseline,267
1790266643.036980663,Uninterrupted_Baseline,270
1790266643.118253772,Uninterrupted_Baseline,274
1790266643.202269721,Uninterrupted_Baseline,278
1790266643.283971664,Uninterrupted_Baseline,281
1790266643.370247392,Uninterrupted_Baseline,285
1790266643.457110770,Uninterrupted_Baseline,289
1790266643.537373716,Uninterrupted_Baseline,293
1790266643.605878044,Uninterrupted_Baseline,296
1790266643.687044881,Uninterrupted_Baseline,300
1790266643.771474125,Uninterrupted_Baseline,305
1790266643.850997527,Uninterrupted_Baseline,308
1790266643.931315571,Uninterrupted_Baseline,313
1790266644.011259837,Uninterrupted_Baseline,317
1790266644.090848869,Uninterrupted_Baseline,322
1790266644.174597642,Uninterrupted_Baseline,326
1790266644.241417933,Uninterrupted_Baseline,330
1790266644.321714772,Uninterrupted_Baseline,335
1790266644.405060267,Uninterrupted_Baseline,341
1790266644.488472762,Uninterrupted_Baseline,345
1790266644.566480697,Uninterrupted_Baseline,351
1790266644.643232497,Uninterrupted_Baseline,355
1790266644.726029974,Uninterrupted_Baseline,248
1790266644.808839373,Uninterrupted_Baseline,248
1790266644.873536322,Uninterrupted_Baseline,248
1790266644.929016495,Uninterrupted_Baseline,250
1790266644.997068470,Uninterrupted_Baseline,254
1790266645.055386621,Uninterrupted_Baseline,256
1790266645.108382209,Uninterrupted_Baseline,259
1790266645.179841804,Uninterrupted_Baseline,262
1790266645.264533472,Uninterrupted_Baseline,266
1790266645.344750851,Uninterrupted_Baseline,269
1790266645.427909177,Uninterrupted_Baseline,273
1790266645.511519339,Uninterrupted_Baseline,276
1790266645.595840885,Uninterrupted_Baseline,279
1790266645.692753534,Uninterrupted_Baseline,283
1790266645.767748082,Uninterrupted_Baseline,286
1790266645.849412124,Uninterrupted_Baseline,289
1790266645.931577042,Uninterrupted_Baseline,292
1790266645.999183567,Uninterrupted_Baseline,294
1790266646.084577159,Uninterrupted_Baseline,297
1790266646.166853778,Uninterrupted_Baseline,300
1790266646.250570036,Uninterrupted_Baseline,302
1790266646.328064973,Uninterrupted_Baseline,305
1790266646.410439241,Uninterrupted_Baseline,308
1790266646.496480476,Uninterrupted_Baseline,310
1790266646.580918196,Uninterrupted_Baseline,312
1790266646.655377818,Uninterrupted_Baseline,314
1790266646.730571783,Uninterrupted_Baseline,316
1790266646.792473816,Uninterrupted_Baseline,318
1790266646.873049743,Uninterrupted_Baseline,320
1790266646.949221920,Uninterrupted_Baseline,322
1790266647.033280721,Uninterrupted_Baseline,324
1790266647.115914916,Uninterrupted_Baseline,326
1790266647.197873197,Uninterrupted_Baseline,295
1790266647.273750118,Uninterrupted_Baseline,228
1790266647.352086955,Uninterrupted_Baseline,230
1790266647.433561830,Uninterrupted_Baseline,232
1790266647.523298137,Uninterrupted_Baseline,235
1790266647.610952728,Uninterrupted_Baseline,237
1790266647.691162104,Uninterrupted_Baseline,239
1790266647.773609740,Uninterrupted_Baseline,241
1790266647.856942994,Uninterrupted_Baseline,243
1790266647.940248443,Uninterrupted_Baseline,245
1790266648.004754228,Uninterrupted_Baseline,247
1790266648.087456707,Uninterrupted_Baseline,248
1790266648.153948507,Uninterrupted_Baseline,250
1790266648.222010379,Uninterrupted_Baseline,250
1790266648.271986063,Uninterrupted_Baseline,252
1790266648.347446708,Uninterrupted_Baseline,253
1790266648.418074915,Uninterrupted_Baseline,255
1790266648.467059040,Uninterrupted_Baseline,255
1790266648.520615410,Uninterrupted_Baseline,256
1790266648.585177638,Uninterrupted_Baseline,257
1790266648.645845782,Uninterrupted_Baseline,258
1790266648.720003042,Uninterrupted_Baseline,259
1790266648.806368297,Uninterrupted_Baseline,261
1790266648.891947909,Uninterrupted_Baseline,262
1790266648.977741352,Uninterrupted_Baseline,263
1790266649.046822151,Uninterrupted_Baseline,264
1790266649.110309485,Uninterrupted_Baseline,265
1790266649.187210009,Uninterrupted_Baseline,266
1790266649.262193809,Uninterrupted_Baseline,267
1790266649.324223042,Uninterrupted_Baseline,268
1790266649.402047041,Uninterrupted_Baseline,268
1790266649.482253924,Uninterrupted_Baseline,269
1790266649.559565963,Uninterrupted_Baseline,270
1790266649.643920903,Uninterrupted_Baseline,271
1790266649.722891914,Uninterrupted_Baseline,271
1790266649.790428008,Uninterrupted_Baseline,272
1790266649.864981744,Uninterrupted_Baseline,272
1790266649.936503978,Uninterrupted_Baseline,273
1790266650.013939591,Uninterrupted_Baseline,273
1790266650.094253208,Uninterrupted_Baseline,274
1790266650.177696892,Uninterrupted_Baseline,274
1790266650.260318239,Uninterrupted_Baseline,274
1790266650.333294376,Uninterrupted_Baseline,275
1790266650.411702105,Uninterrupted_Baseline,275
1790266650.481702184,Uninterrupted_Baseline,275
1790266650.557975537,Uninterrupted_Baseline,276
1790266650.641748940,Uninterrupted_Baseline,276
1790266650.724864782,Uninterrupted_Baseline,276
1790266650.808370030,Uninterrupted_Baseline,276
1790266650.883524232,Uninterrupted_Baseline,277
1790266650.965601443,Uninterrupted_Baseline,277
1790266651.050477741,Uninterrupted_Baseline,277
1790266651.133471453,Uninterrupted_Baseline,277
1790266651.214797389,Uninterrupted_Baseline,277
1790266651.291384009,Uninterrupted_Baseline,277
1790266651.374724723,Uninterrupted_Baseline,277
1790266651.460778393,Uninterrupted_Baseline,277
1790266651.539933196,Uninterrupted_Baseline,277
1790266651.626401494,Uninterrupted_Baseline,277
1790266651.712849995,Uninterrupted_Baseline,277
1790266651.797548792,Uninterrupted_Baseline,277
1790266651.876360375,Uninterrupted_Baseline,277
1790266651.960405102,Uninterrupted_Baseline,277
1790266652.043372272,Uninterrupted_Baseline,277
1790266652.125871912,Uninterrupted_Baseline,277
1790266652.203233131,Uninterrupted_Baseline,277
1790266652.282261889,Uninterrupted_Baseline,277
1790266652.366502796,Uninterrupted_Baseline,277
1790266652.443951943,Uninterrupted_Baseline,277
1790266652.535977381,Uninterrupted_Baseline,277
1790266652.597183098,Uninterrupted_Baseline,277
1790266652.680166579,Uninterrupted_Baseline,277
1790266652.759187855,Uninterrupted_Baseline,277
1790266652.837467305,Uninterrupted_Baseline,277
1790266652.907414236,Uninterrupted_Baseline,277
1790266652.989722854,Uninterrupted_Baseline,277
1790266653.071799425,Uninterrupted_Baseline,277
1790266653.157781684,Uninterrupted_Baseline,277
1790266653.245089292,Uninterrupted_Baseline,277
1790266653.333398731,Uninterrupted_Baseline,277
1790266653.421166503,Uninterrupted_Baseline,277
1790266653.508190922,Uninterrupted_Baseline,277
1790266653.594177268,Uninterrupted_Baseline,278
1790266653.679096776,Uninterrupted_Baseline,278
1790266653.750267486,Uninterrupted_Baseline,278
1790266653.828540408,Uninterrupted_Baseline,278
1790266653.912443603,Uninterrupted_Baseline,278
1790266653.991010466,Uninterrupted_Baseline,279
1790266654.072726078,Uninterrupted_Baseline,279
1790266654.155317895,Uninterrupted_Baseline,279
1790266654.239062854,Uninterrupted_Baseline,280
1790266654.322327310,Uninterrupted_Baseline,280
1790266654.404822241,Uninterrupted_Baseline,281
1790266654.489570449,Uninterrupted_Baseline,281
1790266654.570616684,Uninterrupted_Baseline,282
1790266654.654021909,Uninterrupted_Baseline,282
1790266654.737227412,Uninterrupted_Baseline,283
1790266654.817200877,Uninterrupted_Baseline,283
1790266654.878174639,Uninterrupted_Baseline,284
1790266654.963767230,Uninterrupted_Baseline,285
1790266655.024692781,Uninterrupted_Baseline,285
1790266655.094062756,Uninterrupted_Baseline,286
1790266655.180381034,Uninterrupted_Baseline,287
1790266655.278186232,Uninterrupted_Baseline,288
1790266655.368090150,Uninterrupted_Baseline,289
1790266655.446408145,Uninterrupted_Baseline,290
1790266655.529529086,Uninterrupted_Baseline,291
1790266655.618771397,Uninterrupted_Baseline,292
1790266655.705875007,Uninterrupted_Baseline,293
1790266655.784160568,Uninterrupted_Baseline,294
1790266655.866533016,Uninterrupted_Baseline,295
1790266655.950049027,Uninterrupted_Baseline,296
1790266656.031325065,Uninterrupted_Baseline,298
1790266656.110556104,Uninterrupted_Baseline,299
1790266656.194378382,Uninterrupted_Baseline,301
1790266656.274166745,Uninterrupted_Baseline,302
1790266656.354732184,Uninterrupted_Baseline,303
1790266656.420506621,Uninterrupted_Baseline,305
1790266656.503576044,Uninterrupted_Baseline,307
1790266656.570039707,Uninterrupted_Baseline,308
1790266656.649080007,Uninterrupted_Baseline,310
1790266656.728558854,Uninterrupted_Baseline,312
1790266656.808761124,Uninterrupted_Baseline,314
1790266656.888565066,Uninterrupted_Baseline,316
1790266656.960933262,Uninterrupted_Baseline,318
1790266657.040846152,Uninterrupted_Baseline,320
1790266657.122430604,Uninterrupted_Baseline,322
1790266657.206998990,Uninterrupted_Baseline,324
1790266657.289424250,Uninterrupted_Baseline,327
1790266657.373484504,Uninterrupted_Baseline,329
1790266657.462891053,Uninterrupted_Baseline,332
1790266657.544852825,Uninterrupted_Baseline,335
1790266657.629633301,Uninterrupted_Baseline,338
1790266657.711926664,Uninterrupted_Baseline,341
1790266657.791166746,Uninterrupted_Baseline,343
1790266657.872386026,Uninterrupted_Baseline,346
1790266657.960924274,Uninterrupted_Baseline,242
1790266658.038526530,Uninterrupted_Baseline,244
1790266658.098422616,Uninterrupted_Baseline,246
1790266658.183558022,Uninterrupted_Baseline,251
1790266658.281234858,Uninterrupted_Baseline,255
1790266658.367841368,Uninterrupted_Baseline,258
1790266658.436388953,Uninterrupted_Baseline,262
1790266658.491387401,Uninterrupted_Baseline,264
1790266658.547082315,Uninterrupted_Baseline,266
1790266658.615273907,Uninterrupted_Baseline,270
1790266658.685148945,Uninterrupted_Baseline,272
1790266658.766915893,Uninterrupted_Baseline,275
1790266658.835115948,Uninterrupted_Baseline,278
1790266658.915042793,Uninterrupted_Baseline,281
1790266659.001386541,Uninterrupted_Baseline,284
1790266659.077276381,Uninterrupted_Baseline,286
1790266659.163513707,Uninterrupted_Baseline,289
1790266659.225235548,Uninterrupted_Baseline,291
1790266659.281984709,Uninterrupted_Baseline,293
1790266659.361406083,Uninterrupted_Baseline,295
1790266659.449609423,Uninterrupted_Baseline,298
1790266659.524542138,Uninterrupted_Baseline,300
1790266659.606510632,Uninterrupted_Baseline,303
1790266659.692609695,Uninterrupted_Baseline,305
1790266659.765374636,Uninterrupted_Baseline,307
1790266659.849303000,Uninterrupted_Baseline,309
1790266659.936832536,Uninterrupted_Baseline,311
1790266660.024216933,Uninterrupted_Baseline,313
1790266660.111504703,Uninterrupted_Baseline,316
1790266660.196491610,Uninterrupted_Baseline,317
1790266660.253176627,Uninterrupted_Baseline,318
1790266660.325721414,Uninterrupted_Baseline,320
1790266660.404634329,Uninterrupted_Baseline,321
1790266660.491006218,Uninterrupted_Baseline,323
1790266660.546730418,Uninterrupted_Baseline,324
1790266660.614283154,Uninterrupted_Baseline,312
1790266660.692302086,Uninterrupted_Baseline,227
1790266660.767076850,Uninterrupted_Baseline,227
1790266660.849531795,Uninterrupted_Baseline,158
1790266660.929718565,Uninterrupted_Baseline,158
1790266661.016500170,Uninterrupted_Baseline,153
1790266661.104512685,Uninterrupted_Baseline,110
1790266661.187199591,Uninterrupted_Baseline,110
1790266661.270157581,Uninterrupted_Baseline,111
1790266661.346817579,Uninterrupted_Baseline,112
1790266661.431900989,Uninterrupted_Baseline,114
1790266661.517689138,Uninterrupted_Baseline,115
1790266661.606193978,Uninterrupted_Baseline,117
1790266661.691996589,Uninterrupted_Baseline,118
1790266661.783198965,Uninterrupted_Baseline,119
1790266661.858768621,Uninterrupted_Baseline,120
1790266661.939783910,Uninterrupted_Baseline,121
1790266661.991614018,Uninterrupted_Baseline,122
1790266662.054399519,Uninterrupted_Baseline,123
1790266662.132359890,Uninterrupted_Baseline,124
1790266662.218761739,Uninterrupted_Baseline,125
1790266662.295229400,Uninterrupted_Baseline,126
1790266662.358109506,Uninterrupted_Baseline,126
1790266662.441878925,Uninterrupted_Baseline,127
1790266662.517122479,Uninterrupted_Baseline,128
1790266662.599348656,Uninterrupted_Baseline,128
1790266662.686415731,Uninterrupted_Baseline,129
1790266662.760168381,Uninterrupted_Baseline,129
1790266662.845971200,Uninterrupted_Baseline,130
1790266662.929586830,Uninterrupted_Baseline,130
1790266663.013767453,Uninterrupted_Baseline,131
1790266663.096514624,Uninterrupted_Baseline,131
1790266663.165103424,Uninterrupted_Baseline,132
1790266663.234204438,Uninterrupted_Baseline,132
1790266663.302927722,Uninterrupted_Baseline,132
1790266663.375612587,Uninterrupted_Baseline,132
1790266663.456856888,Uninterrupted_Baseline,133
1790266663.540726418,Uninterrupted_Baseline,133
1790266663.624461801,Uninterrupted_Baseline,133
1790266663.700958828,Uninterrupted_Baseline,133
1790266663.764476158,Uninterrupted_Baseline,134
1790266663.835473860,Uninterrupted_Baseline,134
1790266663.901180788,Uninterrupted_Baseline,134
1790266663.985580892,Uninterrupted_Baseline,134
1790266664.055729596,Uninterrupted_Baseline,134
1790266664.139288071,Uninterrupted_Baseline,134
1790266664.224792397,Uninterrupted_Baseline,134
1790266664.307506749,Uninterrupted_Baseline,134
1790266664.394416718,Uninterrupted_Baseline,134
1790266664.483957221,Uninterrupted_Baseline,134
1790266664.562553910,Uninterrupted_Baseline,134
1790266664.649298201,Uninterrupted_Baseline,135
1790266664.731426444,Uninterrupted_Baseline,136
1790266664.807056545,Uninterrupted_Baseline,136
1790266664.888684258,Uninterrupted_Baseline,137
1790266664.959938072,Uninterrupted_Baseline,137
1790266665.042531424,Uninterrupted_Baseline,138
1790266665.133333199,Uninterrupted_Baseline,139
1790266665.216891835,Uninterrupted_Baseline,139
1790266665.301496952,Uninterrupted_Baseline,140
1790266665.381504702,Uninterrupted_Baseline,141
1790266665.465755145,Uninterrupted_Baseline,141
1790266665.547612614,Uninterrupted_Baseline,142
1790266665.632298036,Uninterrupted_Baseline,142
1790266665.713695055,Uninterrupted_Baseline,143
1790266665.793032451,Uninterrupted_Baseline,143
1790266665.879772642,Uninterrupted_Baseline,144
1790266665.958205884,Uninterrupted_Baseline,145
1790266666.046301947,Uninterrupted_Baseline,145
1790266666.130643936,Uninterrupted_Baseline,146
1790266666.211679566,Uninterrupted_Baseline,147
1790266666.282003997,Uninterrupted_Baseline,147
1790266666.341754151,Uninterrupted_Baseline,147
1790266666.421289320,Uninterrupted_Baseline,148
1790266666.507623663,Uninterrupted_Baseline,149
1790266666.590017288,Uninterrupted_Baseline,149
1790266666.676169524,Uninterrupted_Baseline,150
1790266666.760393537,Uninterrupted_Baseline,151
1790266666.832315977,Uninterrupted_Baseline,151
1790266666.915739041,Uninterrupted_Baseline,152
1790266666.999363423,Uninterrupted_Baseline,152
1790266667.078988216,Uninterrupted_Baseline,153
1790266667.154528199,Uninterrupted_Baseline,154
1790266667.225048299,Uninterrupted_Baseline,154
1790266667.300965721,Uninterrupted_Baseline,155
1790266667.389075566,Uninterrupted_Baseline,155
1790266667.475990304,Uninterrupted_Baseline,156
1790266667.560525289,Uninterrupted_Baseline,157
1790266667.647375408,Uninterrupted_Baseline,157
1790266667.716906195,Uninterrupted_Baseline,157
1790266667.778340419,Uninterrupted_Baseline,158
1790266667.841692092,Uninterrupted_Baseline,159
1790266667.917731422,Uninterrupted_Baseline,159
1790266667.988885463,Uninterrupted_Baseline,160
1790266668.046915770,Uninterrupted_Baseline,160
1790266668.105500032,Uninterrupted_Baseline,160
1790266668.159273141,Uninterrupted_Baseline,161
1790266668.233552675,Uninterrupted_Baseline,162
1790266668.286123032,Uninterrupted_Baseline,162
1790266668.367541951,Uninterrupted_Baseline,162
1790266668.432315153,Uninterrupted_Baseline,163
1790266668.482172410,Uninterrupted_Baseline,163
1790266668.538157357,Uninterrupted_Baseline,164
1790266668.597807375,Uninterrupted_Baseline,164
1790266668.673932485,Uninterrupted_Baseline,165
1790266668.760922830,Uninterrupted_Baseline,165
1790266668.841587063,Uninterrupted_Baseline,166
1790266668.928211342,Uninterrupted_Baseline,166
1790266669.010580346,Uninterrupted_Baseline,167
1790266669.098027550,Uninterrupted_Baseline,168
1790266669.169957376,Uninterrupted_Baseline,168
1790266669.244348642,Uninterrupted_Baseline,169
1790266669.315345998,Uninterrupted_Baseline,169
1790266669.401830403,Uninterrupted_Baseline,170
1790266669.487230281,Uninterrupted_Baseline,171
1790266669.571467574,Uninterrupted_Baseline,171
1790266669.655585890,Uninterrupted_Baseline,172
1790266669.746004361,Uninterrupted_Baseline,173
1790266669.834521543,Uninterrupted_Baseline,175
1790266669.921263784,Uninterrupted_Baseline,177
1790266670.011838354,Uninterrupted_Baseline,180
1790266670.101643296,Uninterrupted_Baseline,182
1790266670.186948685,Uninterrupted_Baseline,185
1790266670.272056480,Uninterrupted_Baseline,187
1790266670.346505851,Uninterrupted_Baseline,189
1790266670.413041389,Uninterrupted_Baseline,192
1790266670.490938300,Uninterrupted_Baseline,194
1790266670.558062967,Uninterrupted_Baseline,197
1790266670.645032268,Uninterrupted_Baseline,200
1790266670.730415291,Uninterrupted_Baseline,203
1790266670.810110818,Uninterrupted_Baseline,206
1790266670.891607800,Uninterrupted_Baseline,210
1790266670.975916011,Uninterrupted_Baseline,213
1790266671.055226686,Uninterrupted_Baseline,216
1790266671.139197421,Uninterrupted_Baseline,219
1790266671.221212056,Uninterrupted_Baseline,222
1790266671.295358704,Uninterrupted_Baseline,226
1790266671.382826192,Uninterrupted_Baseline,231
1790266671.466360733,Uninterrupted_Baseline,235
1790266671.551046230,Uninterrupted_Baseline,238
1790266671.620562337,Uninterrupted_Baseline,241
1790266671.699949433,Uninterrupted_Baseline,245
1790266671.787128789,Uninterrupted_Baseline,249
1790266671.875897881,Uninterrupted_Baseline,255
1790266671.935768289,Uninterrupted_Baseline,258
1790266672.007787131,Uninterrupted_Baseline,262
1790266672.082437182,Uninterrupted_Baseline,267
1790266672.150226655,Uninterrupted_Baseline,270
1790266672.207767700,Uninterrupted_Baseline,274
1790266672.277399332,Uninterrupted_Baseline,278
1790266672.358635056,Uninterrupted_Baseline,283
1790266672.434104029,Uninterrupted_Baseline,289
1790266672.518507896,Uninterrupted_Baseline,294
1790266672.596109113,Uninterrupted_Baseline,298
1790266672.677944307,Uninterrupted_Baseline,304
1790266672.741324389,Uninterrupted_Baseline,308
1790266672.823475696,Uninterrupted_Baseline,314
1790266672.906480352,Uninterrupted_Baseline,320
1790266672.975111630,Uninterrupted_Baseline,325
1790266673.046494021,Uninterrupted_Baseline,330
1790266673.130453905,Uninterrupted_Baseline,336
1790266673.215214653,Uninterrupted_Baseline,343
1790266673.301882114,Uninterrupted_Baseline,350
1790266673.385274803,Uninterrupted_Baseline,357
1790266673.470341582,Uninterrupted_Baseline,364
1790266673.553801550,Uninterrupted_Baseline,369
1790266673.618233790,Uninterrupted_Baseline,375
1790266673.708904311,Uninterrupted_Baseline,263
1790266673.774881191,Uninterrupted_Baseline,263
1790266673.856207642,Uninterrupted_Baseline,263
1790266673.926609602,Uninterrupted_Baseline,184
1790266674.009203784,Uninterrupted_Baseline,184
1790266674.087884063,Uninterrupted_Baseline,159
1790266674.165413548,Uninterrupted_Baseline,129
1790266674.247295983,Uninterrupted_Baseline,131
1790266674.324927305,Uninterrupted_Baseline,132
1790266674.409794558,Uninterrupted_Baseline,133
1790266674.490535740,Uninterrupted_Baseline,135
1790266674.567387231,Uninterrupted_Baseline,136
1790266674.639984353,Uninterrupted_Baseline,137
1790266674.715420030,Uninterrupted_Baseline,138
1790266674.783999448,Uninterrupted_Baseline,139
1790266674.854496620,Uninterrupted_Baseline,140
1790266674.950460067,Uninterrupted_Baseline,142
1790266675.009631367,Uninterrupted_Baseline,142
1790266675.063106923,Uninterrupted_Baseline,143
1790266675.118859495,Uninterrupted_Baseline,144
1790266675.183982546,Uninterrupted_Baseline,145
1790266675.266434150,Uninterrupted_Baseline,146
1790266675.340506392,Uninterrupted_Baseline,147
1790266675.424621043,Uninterrupted_Baseline,148
1790266675.507800080,Uninterrupted_Baseline,148
1790266675.598348744,Uninterrupted_Baseline,149
1790266675.687043905,Uninterrupted_Baseline,150
1790266675.763356096,Uninterrupted_Baseline,151
1790266675.847577377,Uninterrupted_Baseline,151
1790266675.923839685,Uninterrupted_Baseline,152
1790266676.010165369,Uninterrupted_Baseline,152
1790266676.096946295,Uninterrupted_Baseline,153
1790266676.161125664,Uninterrupted_Baseline,153
1790266676.225567109,Uninterrupted_Baseline,153
1790266676.304080213,Uninterrupted_Baseline,154
1790266676.370237587,Uninterrupted_Baseline,154
1790266676.450531983,Uninterrupted_Baseline,154
1790266676.513292451,Uninterrupted_Baseline,155
1790266676.591946610,Uninterrupted_Baseline,155
1790266676.672520822,Uninterrupted_Baseline,155
1790266676.751061874,Uninterrupted_Baseline,155
1790266676.837567672,Uninterrupted_Baseline,155
1790266676.919103095,Uninterrupted_Baseline,156
1790266677.005985620,Uninterrupted_Baseline,156
1790266677.090793764,Uninterrupted_Baseline,156
1790266677.175760784,Uninterrupted_Baseline,156
1790266677.265822798,Uninterrupted_Baseline,156
1790266677.339406795,Uninterrupted_Baseline,156
1790266677.419700584,Uninterrupted_Baseline,156
1790266677.498249679,Uninterrupted_Baseline,156
1790266677.585963622,Uninterrupted_Baseline,156
1790266677.669482661,Uninterrupted_Baseline,156
1790266677.754494681,Uninterrupted_Baseline,156
1790266677.847771021,Uninterrupted_Baseline,156
1790266677.914450252,Uninterrupted_Baseline,156
1790266677.995444486,Uninterrupted_Baseline,156
1790266678.071224465,Uninterrupted_Baseline,156
1790266678.151101905,Uninterrupted_Baseline,157
1790266678.229421227,Uninterrupted_Baseline,158
1790266678.278194502,Uninterrupted_Baseline,158
1790266678.332615352,Uninterrupted_Baseline,158
1790266678.407437017,Uninterrupted_Baseline,159
1790266678.460317298,Uninterrupted_Baseline,159
1790266678.531304693,Uninterrupted_Baseline,160
1790266678.600915817,Uninterrupted_Baseline,160
1790266678.684937777,Uninterrupted_Baseline,161
1790266678.760284837,Uninterrupted_Baseline,161
1790266689.664083604,Phase1_Baseline,10
1790266689.739828420,Phase1_Baseline,16
1790266689.812263660,Phase1_Baseline,30
1790266689.888782419,Phase1_Baseline,59
1790266689.948471161,Phase1_Baseline,112
1790266690.022102152,Phase1_Baseline,266
1790266690.098703295,Phase1_Baseline,476
1790266690.162965821,Phase1_Baseline,566
1790266690.246784499,Phase1_Baseline,566
1790266690.317707814,Phase1_Baseline,479
1790266690.387233078,Phase1_Baseline,396
1790266690.467112122,Phase1_Baseline,396
1790266690.545486136,Phase1_Baseline,305
1790266690.609833243,Phase1_Baseline,277
1790266690.692167435,Phase1_Baseline,222
1790266690.773435754,Phase1_Baseline,193
1790266690.855586055,Phase1_Baseline,135
1790266690.931056303,Phase1_Baseline,135
1790266691.002030028,Phase1_Baseline,135
1790266691.083480387,Phase1_Baseline,111
1790266691.167448991,Phase1_Baseline,94
1790266691.249815829,Phase1_Baseline,96
1790266691.330211068,Phase1_Baseline,97
1790266691.413331404,Phase1_Baseline,98
1790266691.496926760,Phase1_Baseline,99
1790266691.568766729,Phase1_Baseline,100
1790266691.650076448,Phase1_Baseline,102
1790266691.730283183,Phase1_Baseline,103
1790266691.807605450,Phase1_Baseline,104
1790266691.867441903,Phase1_Baseline,104
1790266691.951818076,Phase1_Baseline,105
1790266692.016310533,Phase1_Baseline,106
1790266692.100208402,Phase1_Baseline,107
1790266692.180772148,Phase1_Baseline,107
1790266692.259725072,Phase1_Baseline,108
1790266692.340425364,Phase1_Baseline,109
1790266692.421679242,Phase1_Baseline,109
1790266692.504386289,Phase1_Baseline,110
1790266692.583989731,Phase1_Baseline,110
1790266692.667940010,Phase1_Baseline,111
1790266692.752334612,Phase1_Baseline,111
1790266692.840342882,Phase1_Baseline,112
1790266692.920762332,Phase1_Baseline,112
1790266692.992689897,Phase1_Baseline,112
1790266693.073271073,Phase1_Baseline,113
1790266693.135481149,Phase1_Baseline,113
1790266693.216317473,Phase1_Baseline,113
1790266693.300455478,Phase1_Baseline,113
1790266693.385916296,Phase1_Baseline,113
1790266693.466871817,Phase1_Baseline,114
1790266693.549375755,Phase1_Baseline,114
1790266693.627521327,Phase1_Baseline,114
1790266693.708617970,Phase1_Baseline,114
1790266693.781672617,Phase1_Baseline,114
1790266693.864372595,Phase1_Baseline,114
1790266693.944599115,Phase1_Baseline,114
1790266694.024203921,Phase1_Baseline,115
1790266694.102393793,Phase1_Baseline,115
1790266694.185058356,Phase1_Baseline,116
1790266694.268265256,Phase1_Baseline,117
1790266694.338539192,Phase1_Baseline,117
1790266694.406051675,Phase1_Baseline,118
1790266694.468755065,Phase1_Baseline,118
1790266694.543394223,Phase1_Baseline,119
1790266694.624866372,Phase1_Baseline,119
1790266694.705925732,Phase1_Baseline,120
1790266694.788337989,Phase1_Baseline,121
1790266694.863832582,Phase1_Baseline,121
1790266694.923021616,Phase1_Baseline,122
1790266695.002565278,Phase1_Baseline,122
1790266695.081768427,Phase1_Baseline,123
1790266695.165951867,Phase1_Baseline,123
1790266695.245405353,Phase1_Baseline,124
1790266695.325165165,Phase1_Baseline,125
1790266695.407191621,Phase1_Baseline,125
1790266695.485535823,Phase1_Baseline,126
1790266695.567690655,Phase1_Baseline,126
1790266695.649472878,Phase1_Baseline,127
1790266695.728392724,Phase1_Baseline,128
1790266695.810909277,Phase1_Baseline,128
1790266695.890567085,Phase1_Baseline,129
1790266695.962363034,Phase1_Baseline,129
1790266696.044789883,Phase1_Baseline,130
1790266696.126941999,Phase1_Baseline,131
1790266696.205095546,Phase1_Baseline,131
1790266696.282301712,Phase1_Baseline,132
1790266696.347236956,Phase1_Baseline,132
1790266696.416763844,Phase1_Baseline,133
1790266696.489230740,Phase1_Baseline,133
1790266696.573481623,Phase1_Baseline,134
1790266696.650290106,Phase1_Baseline,134
1790266696.732559777,Phase1_Baseline,135
1790266696.805225504,Phase1_Baseline,136
1790266696.873832923,Phase1_Baseline,136
1790266696.951926357,Phase1_Baseline,137
1790266697.030377432,Phase1_Baseline,137
1790266697.115472892,Phase1_Baseline,138
1790266697.199085542,Phase1_Baseline,139
1790266697.287997031,Phase1_Baseline,139
1790266697.341287220,Phase1_Baseline,140
1790266697.401421318,Phase1_Baseline,140
1790266697.480369183,Phase1_Baseline,141
1790266697.559864143,Phase1_Baseline,141
1790266697.639571945,Phase1_Baseline,142
1790266697.715639128,Phase1_Baseline,142
1790266697.800794819,Phase1_Baseline,143
1790266697.884981409,Phase1_Baseline,143
1790266697.948104350,Phase1_Baseline,144
1790266698.015457943,Phase1_Baseline,145
1790266698.091333564,Phase1_Baseline,145
1790266698.170694373,Phase1_Baseline,146
1790266698.245633010,Phase1_Baseline,146
1790266698.330039525,Phase1_Baseline,147
1790266698.390018502,Phase1_Baseline,147
1790266698.442005375,Phase1_Baseline,148
1790266698.493986399,Phase1_Baseline,148
1790266698.548831981,Phase1_Baseline,149
1790266698.629938459,Phase1_Baseline,149
1790266698.716038945,Phase1_Baseline,150
1790266698.803110359,Phase1_Baseline,150
1790266698.879986433,Phase1_Baseline,151
1790266698.953633311,Phase1_Baseline,151
1790266699.030727252,Phase1_Baseline,152
1790266699.111829207,Phase1_Baseline,153
1790266699.169085596,Phase1_Baseline,153
1790266699.228786472,Phase1_Baseline,153
1790266699.309874563,Phase1_Baseline,154
1790266699.380829260,Phase1_Baseline,154
1790266699.466626502,Phase1_Baseline,155
1790266699.547118801,Phase1_Baseline,156
1790266699.626386884,Phase1_Baseline,158
1790266699.706107960,Phase1_Baseline,160
1790266699.776629453,Phase1_Baseline,162
1790266699.854379566,Phase1_Baseline,164
1790266699.927224786,Phase1_Baseline,166
1790266700.007809293,Phase1_Baseline,169
1790266700.088179487,Phase1_Baseline,171
1790266700.176992833,Phase1_Baseline,174
1790266700.254910023,Phase1_Baseline,176
1790266700.320991061,Phase1_Baseline,179
1790266700.389550658,Phase1_Baseline,181
1790266700.473751201,Phase1_Baseline,184
1790266700.554929257,Phase1_Baseline,188
1790266700.640378701,Phase1_Baseline,191
1790266700.705403378,Phase1_Baseline,194
1790266700.771677105,Phase1_Baseline,196
1790266700.848940914,Phase1_Baseline,199
1790266700.924874598,Phase1_Baseline,203
1790266700.996756273,Phase1_Baseline,206
1790266701.065925397,Phase1_Baseline,210
1790266701.135022784,Phase1_Baseline,213
1790266701.220791357,Phase1_Baseline,217
1790266701.288477611,Phase1_Baseline,220
1790266701.359381185,Phase1_Baseline,224
1790266701.441505272,Phase1_Baseline,228
1790266701.509281258,Phase1_Baseline,231
1790266701.590577926,Phase1_Baseline,236
1790266701.672050577,Phase1_Baseline,240
1790266701.754638966,Phase1_Baseline,245
1790266701.834251319,Phase1_Baseline,250
1790266701.902547626,Phase1_Baseline,254
1790266701.978176657,Phase1_Baseline,259
1790266702.060314200,Phase1_Baseline,264
1790266702.142185181,Phase1_Baseline,268
1790266702.223623947,Phase1_Baseline,274
1790266702.286338640,Phase1_Baseline,278
1790266702.349413267,Phase1_Baseline,282
1790266702.416962170,Phase1_Baseline,287
1790266702.495863869,Phase1_Baseline,292
1790266702.571545207,Phase1_Baseline,297
1790266702.649529000,Phase1_Baseline,304
1790266702.725576764,Phase1_Baseline,309
1790266702.806103448,Phase1_Baseline,315
1790266702.884000600,Phase1_Baseline,321
1790266702.964879615,Phase1_Baseline,327
1790266703.027360590,Phase1_Baseline,332
1790266703.077450729,Phase1_Baseline,336
1790266703.132618937,Phase1_Baseline,340
1790266703.192706652,Phase1_Baseline,345
1790266703.249542030,Phase1_Baseline,350
1790266703.328388788,Phase1_Baseline,304
1790266703.399846581,Phase1_Baseline,247
1790266703.482627226,Phase1_Baseline,247
1790266703.560920335,Phase1_Baseline,248
1790266703.644122322,Phase1_Baseline,173
1790266703.713460827,Phase1_Baseline,173
1790266703.789069724,Phase1_Baseline,173
1790266703.869852962,Phase1_Baseline,137
1790266703.951222025,Phase1_Baseline,121
1790266704.039583458,Phase1_Baseline,111
1790266704.110370427,Phase1_Baseline,122
1790266704.197804815,Phase1_Baseline,124
1790266704.263734513,Phase1_Baseline,125
1790266704.341218122,Phase1_Baseline,126
1790266704.418082837,Phase1_Baseline,127
1790266704.493078315,Phase1_Baseline,129
1790266704.561760973,Phase1_Baseline,130
1790266704.614269117,Phase1_Baseline,130
1790266704.690166674,Phase1_Baseline,131
1790266704.768282607,Phase1_Baseline,133
1790266704.851963756,Phase1_Baseline,134
1790266704.913202595,Phase1_Baseline,135
1790266704.996113275,Phase1_Baseline,136
1790266705.058615642,Phase1_Baseline,137
1790266705.115807631,Phase1_Baseline,137
1790266705.185060090,Phase1_Baseline,138
1790266705.264836631,Phase1_Baseline,139
1790266705.339508178,Phase1_Baseline,139
1790266705.423207690,Phase1_Baseline,140
1790266705.502695710,Phase1_Baseline,141
1790266705.571789177,Phase1_Baseline,141
1790266705.655852998,Phase1_Baseline,142
1790266705.730937955,Phase1_Baseline,142
1790266705.813540730,Phase1_Baseline,143
1790266705.891642546,Phase1_Baseline,144
1790266705.977374354,Phase1_Baseline,144
1790266706.064120653,Phase1_Baseline,144
1790266706.145739126,Phase1_Baseline,145
1790266706.219081175,Phase1_Baseline,145
1790266706.290962841,Phase1_Baseline,145
1790266706.352809717,Phase1_Baseline,146
1790266706.427178502,Phase1_Baseline,146
1790266706.509213775,Phase1_Baseline,146
1790266706.587255686,Phase1_Baseline,146
1790266706.670897183,Phase1_Baseline,146
1790266706.754057532,Phase1_Baseline,147
1790266706.838348751,Phase1_Baseline,147
1790266706.903692373,Phase1_Baseline,147
1790266706.965435080,Phase1_Baseline,147
1790266707.046408592,Phase1_Baseline,147
1790266707.124020685,Phase1_Baseline,147
1790266707.205029283,Phase1_Baseline,147
1790266707.284409658,Phase1_Baseline,147
1790266707.367567144,Phase1_Baseline,147
1790266707.447993528,Phase1_Baseline,147
1790266707.531236554,Phase1_Baseline,147
1790266707.599019439,Phase1_Baseline,147
1790266707.667815106,Phase1_Baseline,147
1790266707.747112283,Phase1_Baseline,147
1790266707.835631042,Phase1_Baseline,148
1790266707.925320519,Phase1_Baseline,149
1790266708.008116523,Phase1_Baseline,149
1790266708.081784632,Phase1_Baseline,150
1790266708.149013568,Phase1_Baseline,151
1790266708.233587337,Phase1_Baseline,151
1790266708.305187905,Phase1_Baseline,152
1790266708.378103645,Phase1_Baseline,152
1790266708.439242347,Phase1_Baseline,153
1790266708.491360172,Phase1_Baseline,153
1790266708.551384845,Phase1_Baseline,154
1790266708.610620284,Phase1_Baseline,154
1790266708.670115719,Phase1_Baseline,154
1790266708.752724610,Phase1_Baseline,155
1790266708.825213966,Phase1_Baseline,155
1790266708.907295877,Phase1_Baseline,156
1790266708.986322039,Phase1_Baseline,157
1790266709.047824939,Phase1_Baseline,157
1790266709.127035468,Phase1_Baseline,158
1790266709.197024025,Phase1_Baseline,158
1790266709.255210865,Phase1_Baseline,159
1790266709.322338899,Phase1_Baseline,159
1790266709.399952096,Phase1_Baseline,160
1790266709.481178942,Phase1_Baseline,160
1790266709.564617836,Phase1_Baseline,161
1790266709.647133106,Phase1_Baseline,162
1790266709.731104465,Phase1_Baseline,162
1790266709.808718521,Phase1_Baseline,163
1790266709.888918638,Phase1_Baseline,164
1790266709.971536534,Phase1_Baseline,164
1790266710.046303767,Phase1_Baseline,165
1790266710.134231921,Phase1_Baseline,165
1790266710.211494398,Phase1_Baseline,166
1790266710.295927791,Phase1_Baseline,167
1790266710.381401422,Phase1_Baseline,167
1790266710.454757535,Phase1_Baseline,168
1790266710.522221347,Phase1_Baseline,168
1790266710.607165061,Phase1_Baseline,169
1790266710.690442753,Phase1_Baseline,169
1790266710.775314311,Phase1_Baseline,170
1790266710.851535159,Phase1_Baseline,171
1790266710.914424039,Phase1_Baseline,171
1790266711.000906533,Phase1_Baseline,172
1790266711.076638626,Phase1_Baseline,172
1790266711.162776127,Phase1_Baseline,173
1790266711.242542083,Phase1_Baseline,173
1790266711.293572929,Phase1_Baseline,174
1790266711.366833944,Phase1_Baseline,174
1790266711.447618507,Phase1_Baseline,175
1790266711.531274393,Phase1_Baseline,175
1790266711.612324717,Phase1_Baseline,176
1790266711.694558483,Phase1_Baseline,177
1790266711.775487795,Phase1_Baseline,177
1790266711.841543192,Phase1_Baseline,178
1790266711.933865368,Phase1_Baseline,179
1790266712.018434361,Phase1_Baseline,179
1790266712.097018603,Phase1_Baseline,180
1790266712.175905321,Phase1_Baseline,180
1790266712.244215627,Phase1_Baseline,181
1790266712.323837210,Phase1_Baseline,181
1790266712.402241307,Phase1_Baseline,182
1790266712.490372163,Phase1_Baseline,182
1790266712.570637714,Phase1_Baseline,183
1790266712.654545408,Phase1_Baseline,185
1790266712.741234619,Phase1_Baseline,186
1790266712.813792540,Phase1_Baseline,188
1790266712.898581987,Phase1_Baseline,191
1790266712.979504561,Phase1_Baseline,193
1790266713.051439122,Phase1_Baseline,195
1790266713.140890614,Phase1_Baseline,197
1790266713.226739246,Phase1_Baseline,200
1790266713.311403433,Phase1_Baseline,203
1790266713.388202530,Phase1_Baseline,206
1790266713.464341067,Phase1_Baseline,208
1790266713.541344869,Phase1_Baseline,211
1790266713.603040089,Phase1_Baseline,213
1790266713.683800505,Phase1_Baseline,216
1790266713.768008442,Phase1_Baseline,219
1790266713.846050738,Phase1_Baseline,221
1790266713.928830710,Phase1_Baseline,225
1790266713.994839193,Phase1_Baseline,228
1790266714.077017649,Phase1_Baseline,232
1790266714.161193930,Phase1_Baseline,235
1790266714.239415247,Phase1_Baseline,238
1790266714.316532604,Phase1_Baseline,242
1790266714.402755449,Phase1_Baseline,246
1790266714.479545673,Phase1_Baseline,250
1790266714.562799688,Phase1_Baseline,254
1790266714.631541305,Phase1_Baseline,258
1790266714.715000917,Phase1_Baseline,262
1790266714.800778049,Phase1_Baseline,266
1790266714.872204632,Phase1_Baseline,270
1790266714.934056701,Phase1_Baseline,274
1790266714.994739661,Phase1_Baseline,276
1790266715.076100251,Phase1_Baseline,281
1790266715.153873837,Phase1_Baseline,286
1790266715.236485808,Phase1_Baseline,290
1790266715.290250252,Phase1_Baseline,294
1790266715.361228883,Phase1_Baseline,299
1790266715.437583712,Phase1_Baseline,304
1790266715.497100476,Phase1_Baseline,308
1790266715.574295741,Phase1_Baseline,313
1790266715.655926555,Phase1_Baseline,318
1790266715.740922568,Phase1_Baseline,324
1790266715.809461110,Phase1_Baseline,329
1790266715.887202627,Phase1_Baseline,334
1790266715.953758263,Phase1_Baseline,339
1790266716.042494261,Phase1_Baseline,346
1790266716.124396031,Phase1_Baseline,352
1790266716.206725449,Phase1_Baseline,298
1790266716.277482116,Phase1_Baseline,248
1790266716.363939500,Phase1_Baseline,248
1790266716.451325617,Phase1_Baseline,174
1790266716.537165560,Phase1_Baseline,174
1790266716.613047963,Phase1_Baseline,174
1790266716.698584722,Phase1_Baseline,121
1790266716.771526479,Phase1_Baseline,121
1790266716.834367275,Phase1_Baseline,121
1790266716.906048913,Phase1_Baseline,110
1790266716.981353531,Phase1_Baseline,84
1790266717.050837358,Phase1_Baseline,84
1790266717.122376180,Phase1_Baseline,59
1790266717.207233145,Phase1_Baseline,59
1790266717.274389797,Phase1_Baseline,59
1790266717.350819696,Phase1_Baseline,59
1790266717.431292164,Phase1_Baseline,61
1790266717.515702610,Phase1_Baseline,62
1790266717.582617560,Phase1_Baseline,63
1790266717.662486639,Phase1_Baseline,64
1790266717.745730723,Phase1_Baseline,64
1790266717.825182734,Phase1_Baseline,65
1790266717.903601040,Phase1_Baseline,66
1790266717.989256728,Phase1_Baseline,67
1790266718.060539826,Phase1_Baseline,67
1790266718.127527696,Phase1_Baseline,67
1790266718.207024310,Phase1_Baseline,68
1790266718.287081113,Phase1_Baseline,68
1790266718.350368301,Phase1_Baseline,69
1790266718.414843112,Phase1_Baseline,69
1790266718.467808235,Phase1_Baseline,69
1790266718.525296300,Phase1_Baseline,70
1790266718.582618226,Phase1_Baseline,70
1790266718.648122364,Phase1_Baseline,70
1790266718.724125593,Phase1_Baseline,70
1790266718.809421229,Phase1_Baseline,71
1790266718.891306648,Phase1_Baseline,71
1790266718.966217757,Phase1_Baseline,71
1790266719.054494354,Phase1_Baseline,72
1790266719.133395433,Phase1_Baseline,72
1790266719.209069603,Phase1_Baseline,73
1790266719.269998177,Phase1_Baseline,73
1790266719.353710274,Phase1_Baseline,74
1790266719.442962286,Phase1_Baseline,75
1790266719.527118351,Phase1_Baseline,75
1790266719.611493209,Phase1_Baseline,76
1790266719.693763700,Phase1_Baseline,77
1790266719.769110990,Phase1_Baseline,77
1790266719.849013158,Phase1_Baseline,78
1790266719.910732193,Phase1_Baseline,78
1790266719.985868955,Phase1_Baseline,79
1790266720.047449963,Phase1_Baseline,79
1790266720.113381593,Phase1_Baseline,80
1790266720.186929483,Phase1_Baseline,80
1790266720.264002800,Phase1_Baseline,81
1790266720.341487905,Phase1_Baseline,81
1790266720.417818143,Phase1_Baseline,82
1790266720.503046138,Phase1_Baseline,83
1790266720.577958981,Phase1_Baseline,83
1790266720.639943542,Phase1_Baseline,84
1790266720.717218355,Phase1_Baseline,84
1790266720.799399910,Phase1_Baseline,85
1790266720.867952034,Phase1_Baseline,85
1790266720.950048420,Phase1_Baseline,86
1790266721.030938707,Phase1_Baseline,87
1790266721.112240721,Phase1_Baseline,87
1790266721.195372590,Phase1_Baseline,88
1790266721.272408223,Phase1_Baseline,88
1790266721.325990808,Phase1_Baseline,89
1790266721.394611027,Phase1_Baseline,89
1790266721.478640419,Phase1_Baseline,90
1790266721.555177185,Phase1_Baseline,90
1790266721.633055764,Phase1_Baseline,91
1790266721.717815630,Phase1_Baseline,92
1790266721.802467756,Phase1_Baseline,92
1790266721.885557681,Phase1_Baseline,93
1790266721.957074083,Phase1_Baseline,93
1790266722.039735753,Phase1_Baseline,94
1790266722.123174566,Phase1_Baseline,95
1790266722.199217992,Phase1_Baseline,95
1790266722.276409540,Phase1_Baseline,96
1790266722.336109067,Phase1_Baseline,96
1790266722.409013670,Phase1_Baseline,97
1790266722.469104684,Phase1_Baseline,97
1790266722.544945434,Phase1_Baseline,98
1790266722.625257371,Phase1_Baseline,99
1790266722.697559677,Phase1_Baseline,99
1790266722.770203947,Phase1_Baseline,100
1790266722.856928843,Phase1_Baseline,100
1790266722.941738416,Phase1_Baseline,101
1790266723.026635953,Phase1_Baseline,102
1790266723.110571106,Phase1_Baseline,102
1790266723.183053413,Phase1_Baseline,103
1790266723.266028792,Phase1_Baseline,103
1790266723.347180177,Phase1_Baseline,104
1790266723.430471089,Phase1_Baseline,105
1790266723.509781032,Phase1_Baseline,105
1790266723.588716356,Phase1_Baseline,106
1790266723.672707596,Phase1_Baseline,106
1790266723.758822746,Phase1_Baseline,107
1790266723.829680536,Phase1_Baseline,108
1790266723.907587334,Phase1_Baseline,108
1790266723.986875758,Phase1_Baseline,109
1790266724.062852861,Phase1_Baseline,109
1790266724.125436067,Phase1_Baseline,110
1790266725.552101370,Phase2_Migrated,10
1790266725.627988535,Phase2_Migrated,7
1790266725.719061213,Phase2_Migrated,8
1790266725.808726736,Phase2_Migrated,8
1790266725.902509567,Phase2_Migrated,9
1790266725.993022040,Phase2_Migrated,9
1790266726.090731428,Phase2_Migrated,9
1790266726.186493573,Phase2_Migrated,10
1790266726.280354480,Phase2_Migrated,11
1790266726.346310965,Phase2_Migrated,11
1790266726.428440479,Phase2_Migrated,12
1790266726.516379008,Phase2_Migrated,12
1790266726.609121118,Phase2_Migrated,13
1790266726.694133851,Phase2_Migrated,14
1790266726.788759334,Phase2_Migrated,14
1790266726.888533204,Phase2_Migrated,14
1790266726.982690496,Phase2_Migrated,15
1790266727.078826520,Phase2_Migrated,15
1790266727.173475712,Phase2_Migrated,16
1790266727.266328748,Phase2_Migrated,17
1790266727.353920678,Phase2_Migrated,17
1790266727.443216029,Phase2_Migrated,18
1790266727.539279301,Phase2_Migrated,18
1790266727.633041548,Phase2_Migrated,19
1790266727.710358114,Phase2_Migrated,20
1790266727.800741215,Phase2_Migrated,20
1790266727.892114530,Phase2_Migrated,21
1790266727.979914650,Phase2_Migrated,21
1790266728.055914164,Phase2_Migrated,22
1790266728.116505521,Phase2_Migrated,22
1790266728.212998894,Phase2_Migrated,23
1790266728.278342989,Phase2_Migrated,23
1790266728.374033082,Phase2_Migrated,24
1790266728.438212165,Phase2_Migrated,25
1790266728.499484708,Phase2_Migrated,25
1790266728.578456443,Phase2_Migrated,26
1790266728.656025984,Phase2_Migrated,26
1790266728.745737045,Phase2_Migrated,27
1790266728.818037303,Phase2_Migrated,27
1790266728.892524079,Phase2_Migrated,28
1790266728.975437901,Phase2_Migrated,29
1790266729.056533665,Phase2_Migrated,29
1790266729.118891585,Phase2_Migrated,30
1790266729.195781187,Phase2_Migrated,30
1790266729.280487819,Phase2_Migrated,31
1790266729.360867587,Phase2_Migrated,32
1790266729.445037057,Phase2_Migrated,32
1790266729.538214470,Phase2_Migrated,33
1790266729.617334028,Phase2_Migrated,33
1790266729.715028119,Phase2_Migrated,34
1790266729.808485841,Phase2_Migrated,35
1790266729.905302486,Phase2_Migrated,36
1790266730.003195617,Phase2_Migrated,36
1790266730.096057798,Phase2_Migrated,37
1790266730.192393287,Phase2_Migrated,38
1790266730.289847382,Phase2_Migrated,39
1790266730.383057037,Phase2_Migrated,39
1790266730.480529863,Phase2_Migrated,40
1790266730.570418579,Phase2_Migrated,41
1790266730.638830776,Phase2_Migrated,41
1790266730.731479129,Phase2_Migrated,42
1790266730.827736033,Phase2_Migrated,43
1790266730.921562814,Phase2_Migrated,43
1790266731.017095965,Phase2_Migrated,44
1790266731.097797112,Phase2_Migrated,45
1790266731.188735073,Phase2_Migrated,45
1790266731.276278501,Phase2_Migrated,47
1790266731.356274056,Phase2_Migrated,48
1790266731.439282207,Phase2_Migrated,50
1790266731.530259253,Phase2_Migrated,53
1790266731.623308400,Phase2_Migrated,55
1790266731.716523605,Phase2_Migrated,57
1790266731.810733318,Phase2_Migrated,60
1790266731.903191835,Phase2_Migrated,62
1790266731.998787053,Phase2_Migrated,65
1790266732.090176830,Phase2_Migrated,68
1790266732.183569980,Phase2_Migrated,70
1790266732.274023337,Phase2_Migrated,73
1790266732.365851717,Phase2_Migrated,76
1790266732.459345375,Phase2_Migrated,79
1790266732.550578820,Phase2_Migrated,84
1790266732.645967030,Phase2_Migrated,87
1790266732.711982143,Phase2_Migrated,90
1790266732.776690212,Phase2_Migrated,92
1790266732.869242899,Phase2_Migrated,96
1790266732.961454141,Phase2_Migrated,100
1790266733.042280142,Phase2_Migrated,103
1790266733.133597231,Phase2_Migrated,107
1790266733.225572003,Phase2_Migrated,111
1790266733.311787419,Phase2_Migrated,115
1790266733.404127525,Phase2_Migrated,120
1790266733.489050999,Phase2_Migrated,124
1790266733.587032143,Phase2_Migrated,130
1790266733.674912941,Phase2_Migrated,134
1790266733.766935864,Phase2_Migrated,139
1790266733.862320617,Phase2_Migrated,145
1790266733.955856636,Phase2_Migrated,150
1790266734.051335712,Phase2_Migrated,155
1790266734.138194954,Phase2_Migrated,160
1790266734.231558224,Phase2_Migrated,166
1790266734.325542941,Phase2_Migrated,173
1790266734.418458591,Phase2_Migrated,178
1790266734.514088885,Phase2_Migrated,185
1790266734.609228823,Phase2_Migrated,191
1790266734.685396262,Phase2_Migrated,197
1790266734.756743856,Phase2_Migrated,202
1790266734.844629491,Phase2_Migrated,208
1790266734.933213164,Phase2_Migrated,215
1790266735.042578259,Phase2_Migrated,222
1790266735.107349510,Phase2_Migrated,229
1790266735.192919876,Phase2_Migrated,236
1790266735.292496063,Phase2_Migrated,243
1790266735.390950229,Phase2_Migrated,252
1790266735.497047400,Phase2_Migrated,261
1790266735.601413558,Phase2_Migrated,271
1790266735.697821464,Phase2_Migrated,279
1790266735.783293256,Phase2_Migrated,287
1790266735.876034256,Phase2_Migrated,295
1790266735.964029429,Phase2_Migrated,304
1790266736.054499417,Phase2_Migrated,312
1790266736.130423216,Phase2_Migrated,320
1790266736.226885471,Phase2_Migrated,329
1790266736.315402798,Phase2_Migrated,338
1790266736.392869012,Phase2_Migrated,346
1790266736.478635368,Phase2_Migrated,355
1790266736.567106898,Phase2_Migrated,321
1790266736.655319908,Phase2_Migrated,252
1790266736.746435606,Phase2_Migrated,200
1790266736.843184860,Phase2_Migrated,176
1790266736.940351308,Phase2_Migrated,178
1790266737.042766616,Phase2_Migrated,180
1790266737.148629804,Phase2_Migrated,183
1790266737.246624463,Phase2_Migrated,185
1790266737.330974028,Phase2_Migrated,187
1790266737.428687373,Phase2_Migrated,189
1790266737.516618988,Phase2_Migrated,190
1790266737.607258824,Phase2_Migrated,192
1790266737.703630273,Phase2_Migrated,193
1790266737.809209958,Phase2_Migrated,195
1790266737.903600244,Phase2_Migrated,196
1790266738.000323227,Phase2_Migrated,198
1790266738.078168734,Phase2_Migrated,199
1790266738.159521524,Phase2_Migrated,200
1790266738.251357902,Phase2_Migrated,201
1790266738.330060435,Phase2_Migrated,202
1790266738.395347315,Phase2_Migrated,203
1790266738.451498956,Phase2_Migrated,204
1790266738.523857523,Phase2_Migrated,205
1790266738.600480222,Phase2_Migrated,206
1790266738.693877092,Phase2_Migrated,206
1790266738.763117856,Phase2_Migrated,207
1790266738.859904696,Phase2_Migrated,208
1790266738.948472717,Phase2_Migrated,209
1790266739.034271309,Phase2_Migrated,209
1790266739.119582473,Phase2_Migrated,210
1790266739.182506808,Phase2_Migrated,210
1790266739.254520013,Phase2_Migrated,211
1790266739.334184341,Phase2_Migrated,211
1790266739.418584674,Phase2_Migrated,211
1790266739.510031060,Phase2_Migrated,212
1790266739.602755965,Phase2_Migrated,212
1790266739.693677397,Phase2_Migrated,213
1790266739.775459239,Phase2_Migrated,213
1790266739.867961726,Phase2_Migrated,213
1790266739.965135213,Phase2_Migrated,213
1790266740.035421887,Phase2_Migrated,213
1790266740.126206732,Phase2_Migrated,214
1790266740.220242829,Phase2_Migrated,214
1790266740.308732752,Phase2_Migrated,214
1790266740.400748144,Phase2_Migrated,214
1790266740.485105168,Phase2_Migrated,214
1790266740.578578053,Phase2_Migrated,214
1790266740.675347770,Phase2_Migrated,214
1790266740.752411850,Phase2_Migrated,214
1790266740.827589066,Phase2_Migrated,214
1790266740.909330370,Phase2_Migrated,214
1790266741.008113626,Phase2_Migrated,214
1790266741.106475254,Phase2_Migrated,214
1790266741.193452357,Phase2_Migrated,214
1790266741.285726672,Phase2_Migrated,214
1790266741.381769269,Phase2_Migrated,214
1790266741.478565701,Phase2_Migrated,214
1790266741.568578216,Phase2_Migrated,214
1790266741.661825639,Phase2_Migrated,214
1790266741.750326782,Phase2_Migrated,214
1790266741.832243189,Phase2_Migrated,214
1790266741.919980966,Phase2_Migrated,214
1790266742.014796157,Phase2_Migrated,214
1790266742.104936040,Phase2_Migrated,214
1790266742.197493193,Phase2_Migrated,214
1790266742.293704336,Phase2_Migrated,215
1790266742.381247784,Phase2_Migrated,216
1790266742.476622217,Phase2_Migrated,216
1790266742.557126140,Phase2_Migrated,217
1790266742.648173733,Phase2_Migrated,218
1790266742.716879611,Phase2_Migrated,218
1790266742.806275992,Phase2_Migrated,219
1790266742.892117747,Phase2_Migrated,219
1790266742.985009109,Phase2_Migrated,220
1790266743.071567427,Phase2_Migrated,221
1790266743.165725745,Phase2_Migrated,222
1790266743.250918221,Phase2_Migrated,222
1790266743.341255751,Phase2_Migrated,223
1790266743.436916549,Phase2_Migrated,224
1790266743.527360531,Phase2_Migrated,224
1790266743.621626582,Phase2_Migrated,225
1790266743.715738748,Phase2_Migrated,226
1790266743.814905830,Phase2_Migrated,226
1790266743.910066466,Phase2_Migrated,227
1790266744.015352691,Phase2_Migrated,228
1790266744.110850233,Phase2_Migrated,229
1790266744.199538561,Phase2_Migrated,229
1790266744.294919028,Phase2_Migrated,230
1790266744.393394307,Phase2_Migrated,231
1790266744.485293358,Phase2_Migrated,231
1790266744.580333896,Phase2_Migrated,232
1790266744.677948337,Phase2_Migrated,233
1790266744.766699289,Phase2_Migrated,233
1790266744.839831042,Phase2_Migrated,234
1790266744.919609467,Phase2_Migrated,234
1790266745.009484668,Phase2_Migrated,235
1790266745.112335516,Phase2_Migrated,236
1790266745.206046875,Phase2_Migrated,236
1790266745.300636983,Phase2_Migrated,238
1790266745.394570164,Phase2_Migrated,239
1790266745.486615400,Phase2_Migrated,240
1790266745.587630642,Phase2_Migrated,242
1790266745.682120037,Phase2_Migrated,244
1790266745.776024803,Phase2_Migrated,246
1790266745.881602607,Phase2_Migrated,249
1790266745.943601244,Phase2_Migrated,250
1790266746.005963784,Phase2_Migrated,251
1790266746.092236789,Phase2_Migrated,254
1790266746.173631623,Phase2_Migrated,256
1790266746.257879236,Phase2_Migrated,258
1790266746.331238186,Phase2_Migrated,260
1790266746.414561630,Phase2_Migrated,263
1790266746.512121105,Phase2_Migrated,265
1790266746.605830760,Phase2_Migrated,268
1790266746.697953508,Phase2_Migrated,271
1790266746.790859834,Phase2_Migrated,274
1790266746.874231382,Phase2_Migrated,277
1790266746.967433605,Phase2_Migrated,281
1790266747.060330306,Phase2_Migrated,285
1790266747.149378244,Phase2_Migrated,288
1790266747.236244161,Phase2_Migrated,291
1790266747.327515205,Phase2_Migrated,295
1790266747.417471167,Phase2_Migrated,298
1790266747.506773687,Phase2_Migrated,302
1790266747.597312859,Phase2_Migrated,306
1790266747.690040423,Phase2_Migrated,310
1790266747.787562785,Phase2_Migrated,315
1790266747.879237950,Phase2_Migrated,319
1790266747.977756834,Phase2_Migrated,324
1790266748.054994133,Phase2_Migrated,328
1790266748.138527727,Phase2_Migrated,332
1790266748.224898112,Phase2_Migrated,336
1790266748.288767609,Phase2_Migrated,261
1790266748.384534097,Phase2_Migrated,236
1790266748.464316874,Phase2_Migrated,236
1790266748.526232987,Phase2_Migrated,238
1790266748.600462340,Phase2_Migrated,241
1790266748.682810076,Phase2_Migrated,245
1790266748.767474012,Phase2_Migrated,248
1790266748.843842336,Phase2_Migrated,252
1790266748.935682307,Phase2_Migrated,256
1790266749.015037381,Phase2_Migrated,259
1790266749.100922080,Phase2_Migrated,263
1790266749.204411150,Phase2_Migrated,266
1790266749.284023677,Phase2_Migrated,269
1790266749.375806421,Phase2_Migrated,273
1790266749.463767691,Phase2_Migrated,276
1790266749.550455359,Phase2_Migrated,279
1790266749.645704362,Phase2_Migrated,282
1790266749.728341440,Phase2_Migrated,285
1790266749.808396078,Phase2_Migrated,287
1790266749.895640492,Phase2_Migrated,289
1790266749.985979013,Phase2_Migrated,292
1790266750.079420348,Phase2_Migrated,295
1790266750.169291061,Phase2_Migrated,298
1790266750.245376495,Phase2_Migrated,300
1790266750.338023433,Phase2_Migrated,302
1790266750.431899014,Phase2_Migrated,304
1790266750.514502668,Phase2_Migrated,306
1790266750.584942485,Phase2_Migrated,308
1790266750.658559313,Phase2_Migrated,310
1790266750.752012153,Phase2_Migrated,311
1790266750.843138326,Phase2_Migrated,313
1790266750.941268514,Phase2_Migrated,315
1790266751.031464687,Phase2_Migrated,316
1790266751.110339966,Phase2_Migrated,318
1790266751.204889098,Phase2_Migrated,319
1790266751.294955240,Phase2_Migrated,321
1790266751.385447926,Phase2_Migrated,322
1790266751.469201693,Phase2_Migrated,323
1790266751.544890286,Phase2_Migrated,324
1790266751.633239430,Phase2_Migrated,325
1790266751.718851045,Phase2_Migrated,326
1790266751.803179643,Phase2_Migrated,327
1790266751.900984236,Phase2_Migrated,328
1790266751.991278306,Phase2_Migrated,330
1790266752.085766914,Phase2_Migrated,331
1790266752.166869608,Phase2_Migrated,331
1790266752.260546197,Phase2_Migrated,332
1790266752.350099384,Phase2_Migrated,333
1790266752.441254798,Phase2_Migrated,333
1790266752.537201658,Phase2_Migrated,334
1790266752.612325791,Phase2_Migrated,305
1790266752.699529889,Phase2_Migrated,233
1790266752.791945340,Phase2_Migrated,233
1790266752.890617749,Phase2_Migrated,201
1790266752.980474009,Phase2_Migrated,163
1790266753.064523754,Phase2_Migrated,163
1790266753.153617265,Phase2_Migrated,114
1790266753.237244042,Phase2_Migrated,114
1790266753.331217467,Phase2_Migrated,114
1790266753.414898127,Phase2_Migrated,115
1790266753.509805308,Phase2_Migrated,117
1790266753.605011107,Phase2_Migrated,118
1790266753.697341207,Phase2_Migrated,119
1790266753.769128261,Phase2_Migrated,121
1790266753.859721628,Phase2_Migrated,122
1790266753.947772211,Phase2_Migrated,124
1790266754.041894214,Phase2_Migrated,125
1790266754.131426576,Phase2_Migrated,126
1790266754.222573915,Phase2_Migrated,128
1790266754.315245863,Phase2_Migrated,129
1790266754.408875716,Phase2_Migrated,130
1790266754.505882875,Phase2_Migrated,131
1790266754.590604752,Phase2_Migrated,132
1790266754.681242585,Phase2_Migrated,132
1790266754.779327579,Phase2_Migrated,133
1790266754.857930789,Phase2_Migrated,134
1790266756.257617564,Uninterrupted_Baseline,1
1790266756.314937610,Uninterrupted_Baseline,1
1790266756.374551957,Uninterrupted_Baseline,1
1790266756.449803764,Uninterrupted_Baseline,1
1790266756.544389735,Uninterrupted_Baseline,1
1790266756.600607772,Uninterrupted_Baseline,1
1790266756.666243148,Uninterrupted_Baseline,1
1790266756.747862900,Uninterrupted_Baseline,1
1790266756.829861747,Uninterrupted_Baseline,1
1790266756.909440049,Uninterrupted_Baseline,1
1790266756.989047922,Uninterrupted_Baseline,1
1790266757.072423021,Uninterrupted_Baseline,1
1790266757.155397875,Uninterrupted_Baseline,1
1790266757.235217506,Uninterrupted_Baseline,1
1790266757.308328792,Uninterrupted_Baseline,1
1790266757.390038049,Uninterrupted_Baseline,1
1790266757.473900997,Uninterrupted_Baseline,1
1790266757.558000296,Uninterrupted_Baseline,1
1790266757.640944868,Uninterrupted_Baseline,1
1790266757.640944868,Uninterrupted_Baseline,10
1790266757.726238849,Uninterrupted_Baseline,1
1790266757.726238849,Uninterrupted_Baseline,12
1790266757.809686212,Uninterrupted_Baseline,1
1790266757.809686212,Uninterrupted_Baseline,28
1790266757.891193156,Uninterrupted_Baseline,1
1790266757.891193156,Uninterrupted_Baseline,56
1790266757.977332540,Uninterrupted_Baseline,1
1790266757.977332540,Uninterrupted_Baseline,95
1790266758.062124016,Uninterrupted_Baseline,1
1790266758.062124016,Uninterrupted_Baseline,180
1790266758.135889032,Uninterrupted_Baseline,1
1790266758.135889032,Uninterrupted_Baseline,331
1790266758.211256554,Uninterrupted_Baseline,1
1790266758.211256554,Uninterrupted_Baseline,457
1790266758.281873694,Uninterrupted_Baseline,1
1790266758.281873694,Uninterrupted_Baseline,457
1790266758.347557454,Uninterrupted_Baseline,1
1790266758.347557454,Uninterrupted_Baseline,457
1790266758.424338171,Uninterrupted_Baseline,1
1790266758.424338171,Uninterrupted_Baseline,395
1790266758.474590605,Uninterrupted_Baseline,1
1790266758.474590605,Uninterrupted_Baseline,319
1790266758.528252315,Uninterrupted_Baseline,1
1790266758.528252315,Uninterrupted_Baseline,319
1790266758.592456460,Uninterrupted_Baseline,1
1790266758.592456460,Uninterrupted_Baseline,319
1790266758.654469153,Uninterrupted_Baseline,1
1790266758.654469153,Uninterrupted_Baseline,223
1790266758.735429821,Uninterrupted_Baseline,1
1790266758.735429821,Uninterrupted_Baseline,223
1790266758.810413680,Uninterrupted_Baseline,1
1790266758.810413680,Uninterrupted_Baseline,156
1790266758.900031380,Uninterrupted_Baseline,1
1790266758.900031380,Uninterrupted_Baseline,157
1790266758.981863711,Uninterrupted_Baseline,1
1790266758.981863711,Uninterrupted_Baseline,158
1790266759.062051442,Uninterrupted_Baseline,1
1790266759.062051442,Uninterrupted_Baseline,161
1790266759.145037569,Uninterrupted_Baseline,1
1790266759.145037569,Uninterrupted_Baseline,162
1790266759.203416845,Uninterrupted_Baseline,1
1790266759.203416845,Uninterrupted_Baseline,163
1790266759.272852769,Uninterrupted_Baseline,1
1790266759.272852769,Uninterrupted_Baseline,164
1790266759.352110591,Uninterrupted_Baseline,1
1790266759.352110591,Uninterrupted_Baseline,166
1790266759.431254233,Uninterrupted_Baseline,1
1790266759.431254233,Uninterrupted_Baseline,167
1790266759.509086940,Uninterrupted_Baseline,1
1790266759.509086940,Uninterrupted_Baseline,168
1790266759.578396143,Uninterrupted_Baseline,1
1790266759.578396143,Uninterrupted_Baseline,170
1790266759.659220566,Uninterrupted_Baseline,1
1790266759.659220566,Uninterrupted_Baseline,171
1790266759.740366445,Uninterrupted_Baseline,1
1790266759.740366445,Uninterrupted_Baseline,172
1790266759.817278941,Uninterrupted_Baseline,1
1790266759.817278941,Uninterrupted_Baseline,173
1790266759.892968587,Uninterrupted_Baseline,1
1790266759.892968587,Uninterrupted_Baseline,175
1790266759.982424099,Uninterrupted_Baseline,1
1790266759.982424099,Uninterrupted_Baseline,176
1790266760.070001088,Uninterrupted_Baseline,1
1790266760.070001088,Uninterrupted_Baseline,177
1790266760.152745598,Uninterrupted_Baseline,1
1790266760.152745598,Uninterrupted_Baseline,178
1790266760.234398348,Uninterrupted_Baseline,1
1790266760.234398348,Uninterrupted_Baseline,179
1790266760.318399719,Uninterrupted_Baseline,1
1790266760.318399719,Uninterrupted_Baseline,180
1790266760.392622952,Uninterrupted_Baseline,1
1790266760.392622952,Uninterrupted_Baseline,181
1790266760.477364836,Uninterrupted_Baseline,1
1790266760.477364836,Uninterrupted_Baseline,181
1790266760.552260709,Uninterrupted_Baseline,1
1790266760.552260709,Uninterrupted_Baseline,182
1790266760.627933811,Uninterrupted_Baseline,1
1790266760.627933811,Uninterrupted_Baseline,183
1790266760.709604043,Uninterrupted_Baseline,1
1790266760.709604043,Uninterrupted_Baseline,183
1790266760.797939063,Uninterrupted_Baseline,184
1790266760.883463146,Uninterrupted_Baseline,185
1790266760.954532768,Uninterrupted_Baseline,185
1790266761.037636451,Uninterrupted_Baseline,185
1790266761.122940643,Uninterrupted_Baseline,186
1790266761.202929517,Uninterrupted_Baseline,186
1790266761.279763528,Uninterrupted_Baseline,187
1790266761.339911575,Uninterrupted_Baseline,187
1790266761.421300458,Uninterrupted_Baseline,187
1790266761.512178223,Uninterrupted_Baseline,188
1790266761.600901758,Uninterrupted_Baseline,188
1790266761.687890039,Uninterrupted_Baseline,188
1790266761.775564795,Uninterrupted_Baseline,188
1790266761.858353096,Uninterrupted_Baseline,189
1790266761.946139421,Uninterrupted_Baseline,189
1790266762.021904679,Uninterrupted_Baseline,189
1790266762.103945642,Uninterrupted_Baseline,189
1790266762.203391548,Uninterrupted_Baseline,189
1790266762.277200826,Uninterrupted_Baseline,189
1790266762.351502560,Uninterrupted_Baseline,189
1790266762.428056094,Uninterrupted_Baseline,189
1790266762.510983529,Uninterrupted_Baseline,189
1790266762.590123994,Uninterrupted_Baseline,189
1790266762.675269923,Uninterrupted_Baseline,189
1790266762.762583262,Uninterrupted_Baseline,189
1790266762.844679829,Uninterrupted_Baseline,189
1790266762.923818764,Uninterrupted_Baseline,189
1790266763.006473773,Uninterrupted_Baseline,189
1790266763.076309919,Uninterrupted_Baseline,189
1790266763.165821652,Uninterrupted_Baseline,189
1790266763.255975080,Uninterrupted_Baseline,189
1790266763.344408077,Uninterrupted_Baseline,189
1790266763.395578271,Uninterrupted_Baseline,189
1790266763.450120518,Uninterrupted_Baseline,189
1790266763.516099344,Uninterrupted_Baseline,189
1790266763.575565072,Uninterrupted_Baseline,190
1790266763.651409994,Uninterrupted_Baseline,190
1790266763.733554159,Uninterrupted_Baseline,191
1790266763.818086243,Uninterrupted_Baseline,192
1790266763.905804579,Uninterrupted_Baseline,192
1790266763.993595409,Uninterrupted_Baseline,193
1790266764.056861078,Uninterrupted_Baseline,193
1790266764.128354220,Uninterrupted_Baseline,194
1790266764.206805768,Uninterrupted_Baseline,194
1790266764.284259388,Uninterrupted_Baseline,195
1790266764.365588110,Uninterrupted_Baseline,196
1790266764.450926222,Uninterrupted_Baseline,196
1790266764.533745852,Uninterrupted_Baseline,197
1790266764.615848212,Uninterrupted_Baseline,197
1790266764.694393778,Uninterrupted_Baseline,198
1790266764.778988706,Uninterrupted_Baseline,199
1790266764.859603697,Uninterrupted_Baseline,199
1790266764.918575800,Uninterrupted_Baseline,200
1790266765.014230837,Uninterrupted_Baseline,200
1790266765.072263490,Uninterrupted_Baseline,201
1790266765.135844760,Uninterrupted_Baseline,201
1790266765.197707429,Uninterrupted_Baseline,202
1790266765.278244265,Uninterrupted_Baseline,202
1790266765.362019461,Uninterrupted_Baseline,203
1790266765.441372044,Uninterrupted_Baseline,203
1790266765.524646179,Uninterrupted_Baseline,204
1790266765.611729328,Uninterrupted_Baseline,205
1790266765.694978859,Uninterrupted_Baseline,205
1790266765.778000698,Uninterrupted_Baseline,206
1790266765.859513827,Uninterrupted_Baseline,207
1790266765.943230268,Uninterrupted_Baseline,207
1790266766.019608825,Uninterrupted_Baseline,208
1790266766.104551788,Uninterrupted_Baseline,208
1790266766.169799002,Uninterrupted_Baseline,209
1790266766.253769286,Uninterrupted_Baseline,209
1790266766.321080548,Uninterrupted_Baseline,210
1790266766.403803550,Uninterrupted_Baseline,210
1790266766.483776970,Uninterrupted_Baseline,211
1790266766.563637007,Uninterrupted_Baseline,211
1790266766.641327794,Uninterrupted_Baseline,212
1790266766.718185321,Uninterrupted_Baseline,213
1790266766.789321559,Uninterrupted_Baseline,213
1790266766.869337138,Uninterrupted_Baseline,214
1790266766.952689855,Uninterrupted_Baseline,214
1790266767.043863662,Uninterrupted_Baseline,215
1790266767.124584035,Uninterrupted_Baseline,216
1790266767.205930292,Uninterrupted_Baseline,216
1790266767.275075090,Uninterrupted_Baseline,217
1790266767.359530012,Uninterrupted_Baseline,217
1790266767.436984432,Uninterrupted_Baseline,218
1790266767.505386936,Uninterrupted_Baseline,219
1790266767.593245558,Uninterrupted_Baseline,222
1790266767.673396582,Uninterrupted_Baseline,224
1790266767.757470662,Uninterrupted_Baseline,225
1790266767.839254728,Uninterrupted_Baseline,228
1790266767.923925698,Uninterrupted_Baseline,230
1790266768.002468407,Uninterrupted_Baseline,232
1790266768.070757581,Uninterrupted_Baseline,233
1790266768.132545820,Uninterrupted_Baseline,235
1790266768.206637069,Uninterrupted_Baseline,237
1790266768.283374256,Uninterrupted_Baseline,240
1790266768.358907406,Uninterrupted_Baseline,242
1790266768.426676342,Uninterrupted_Baseline,244
1790266768.478320640,Uninterrupted_Baseline,246
1790266768.531755117,Uninterrupted_Baseline,247
1790266768.587748664,Uninterrupted_Baseline,249
1790266768.654807850,Uninterrupted_Baseline,252
1790266768.739140862,Uninterrupted_Baseline,255
1790266768.823136534,Uninterrupted_Baseline,258
1790266768.905852437,Uninterrupted_Baseline,261
1790266768.989114001,Uninterrupted_Baseline,264
1790266769.074241097,Uninterrupted_Baseline,268
1790266769.148982228,Uninterrupted_Baseline,270
1790266769.208310226,Uninterrupted_Baseline,273
1790266769.289933315,Uninterrupted_Baseline,276
1790266769.373678176,Uninterrupted_Baseline,280
1790266769.454378496,Uninterrupted_Baseline,284
1790266769.537917781,Uninterrupted_Baseline,287
1790266769.615998506,Uninterrupted_Baseline,292
1790266769.698668760,Uninterrupted_Baseline,295
1790266769.759939281,Uninterrupted_Baseline,299
1790266769.840066676,Uninterrupted_Baseline,303
1790266769.916208724,Uninterrupted_Baseline,307
1790266769.981297271,Uninterrupted_Baseline,310
1790266770.062391260,Uninterrupted_Baseline,315
1790266770.132012096,Uninterrupted_Baseline,319
1790266770.215012445,Uninterrupted_Baseline,324
1790266770.293971763,Uninterrupted_Baseline,328
1790266770.372426241,Uninterrupted_Baseline,332
1790266770.448542539,Uninterrupted_Baseline,338
1790266770.530974437,Uninterrupted_Baseline,342
1790266770.601877061,Uninterrupted_Baseline,240
1790266770.688030485,Uninterrupted_Baseline,240
1790266770.772591161,Uninterrupted_Baseline,240
1790266770.853870266,Uninterrupted_Baseline,168
1790266770.938002461,Uninterrupted_Baseline,170
1790266771.034227614,Uninterrupted_Baseline,172
1790266771.111360230,Uninterrupted_Baseline,173
1790266771.191600751,Uninterrupted_Baseline,175
1790266771.271540540,Uninterrupted_Baseline,177
1790266771.342949310,Uninterrupted_Baseline,178
1790266771.427581664,Uninterrupted_Baseline,180
1790266771.512738297,Uninterrupted_Baseline,181
1790266771.593081185,Uninterrupted_Baseline,183
1790266771.674582108,Uninterrupted_Baseline,184
1790266771.763729810,Uninterrupted_Baseline,185
1790266771.836206553,Uninterrupted_Baseline,187
1790266771.918121268,Uninterrupted_Baseline,188
1790266772.007971746,Uninterrupted_Baseline,189
1790266772.095393777,Uninterrupted_Baseline,190
1790266772.182484916,Uninterrupted_Baseline,191
1790266772.267812732,Uninterrupted_Baseline,193
1790266772.352079668,Uninterrupted_Baseline,194
1790266772.434261608,Uninterrupted_Baseline,195
1790266772.520136280,Uninterrupted_Baseline,196
1790266772.605759806,Uninterrupted_Baseline,196
1790266772.690503789,Uninterrupted_Baseline,197
1790266772.774896472,Uninterrupted_Baseline,198
1790266772.851978081,Uninterrupted_Baseline,198
1790266772.929624158,Uninterrupted_Baseline,199
1790266773.014751232,Uninterrupted_Baseline,199
1790266773.092243602,Uninterrupted_Baseline,200
1790266773.158894975,Uninterrupted_Baseline,200
1790266773.239738581,Uninterrupted_Baseline,201
1790266773.319892277,Uninterrupted_Baseline,201
1790266773.401859040,Uninterrupted_Baseline,202
1790266773.485719401,Uninterrupted_Baseline,202
1790266773.568861391,Uninterrupted_Baseline,202
1790266773.651485801,Uninterrupted_Baseline,203
1790266773.736887454,Uninterrupted_Baseline,203
1790266773.821118989,Uninterrupted_Baseline,203
1790266773.906113196,Uninterrupted_Baseline,203
1790266773.987889348,Uninterrupted_Baseline,204
1790266774.071917961,Uninterrupted_Baseline,204
1790266774.153784584,Uninterrupted_Baseline,204
1790266774.234832492,Uninterrupted_Baseline,204
1790266774.318320146,Uninterrupted_Baseline,204
1790266774.397104268,Uninterrupted_Baseline,204
1790266774.476260683,Uninterrupted_Baseline,204
1790266774.541552728,Uninterrupted_Baseline,204
1790266774.617382377,Uninterrupted_Baseline,204
1790266774.693582543,Uninterrupted_Baseline,204
1790266774.778716821,Uninterrupted_Baseline,204
1790266774.855812848,Uninterrupted_Baseline,204
1790266774.924891553,Uninterrupted_Baseline,204
1790266775.013427678,Uninterrupted_Baseline,204
1790266775.071255693,Uninterrupted_Baseline,204
1790266775.130678546,Uninterrupted_Baseline,204
1790266775.209385473,Uninterrupted_Baseline,204
1790266775.293451120,Uninterrupted_Baseline,204
1790266775.375545765,Uninterrupted_Baseline,204
1790266775.461118674,Uninterrupted_Baseline,204
1790266775.546373608,Uninterrupted_Baseline,204
1790266775.628698086,Uninterrupted_Baseline,204
1790266775.712796770,Uninterrupted_Baseline,204
1790266775.800442564,Uninterrupted_Baseline,204
1790266775.886509312,Uninterrupted_Baseline,204
1790266775.973101370,Uninterrupted_Baseline,205
1790266776.058502448,Uninterrupted_Baseline,206
1790266776.129827321,Uninterrupted_Baseline,206
1790266776.197192145,Uninterrupted_Baseline,207
1790266776.275692608,Uninterrupted_Baseline,207
1790266776.349369251,Uninterrupted_Baseline,208
1790266776.426475717,Uninterrupted_Baseline,208
1790266776.521997844,Uninterrupted_Baseline,209
1790266776.604518031,Uninterrupted_Baseline,209
1790266776.688241057,Uninterrupted_Baseline,210
1790266776.773718465,Uninterrupted_Baseline,211
1790266776.860872604,Uninterrupted_Baseline,211
1790266776.940137766,Uninterrupted_Baseline,212
1790266777.025374797,Uninterrupted_Baseline,213
1790266777.109347122,Uninterrupted_Baseline,213
1790266777.199266406,Uninterrupted_Baseline,214
1790266777.292444987,Uninterrupted_Baseline,215
1790266777.385680336,Uninterrupted_Baseline,215
1790266777.464796457,Uninterrupted_Baseline,216
1790266777.551004615,Uninterrupted_Baseline,217
1790266777.640035849,Uninterrupted_Baseline,217
1790266777.721710529,Uninterrupted_Baseline,218
1790266777.811099250,Uninterrupted_Baseline,218
1790266777.895452700,Uninterrupted_Baseline,219
1790266777.977057406,Uninterrupted_Baseline,220
1790266778.060693771,Uninterrupted_Baseline,220
1790266778.137803826,Uninterrupted_Baseline,221
1790266778.221705607,Uninterrupted_Baseline,221
1790266778.287465877,Uninterrupted_Baseline,222
1790266778.349288347,Uninterrupted_Baseline,222
1790266778.424512873,Uninterrupted_Baseline,223
1790266778.474332151,Uninterrupted_Baseline,223
1790266778.526492653,Uninterrupted_Baseline,223
1790266778.584874969,Uninterrupted_Baseline,224
1790266778.654980084,Uninterrupted_Baseline,225
1790266778.741754143,Uninterrupted_Baseline,225
1790266778.823054869,Uninterrupted_Baseline,226
1790266778.911181589,Uninterrupted_Baseline,226
1790266778.997355480,Uninterrupted_Baseline,227
1790266779.068385590,Uninterrupted_Baseline,228
1790266779.151532154,Uninterrupted_Baseline,228
1790266779.210397855,Uninterrupted_Baseline,229
1790266779.291087371,Uninterrupted_Baseline,229
1790266779.374938332,Uninterrupted_Baseline,230
1790266779.459834349,Uninterrupted_Baseline,231
1790266779.549078781,Uninterrupted_Baseline,233
1790266779.632244595,Uninterrupted_Baseline,234
1790266779.716538098,Uninterrupted_Baseline,236
1790266779.790727426,Uninterrupted_Baseline,238
1790266779.871077188,Uninterrupted_Baseline,240
1790266779.954283194,Uninterrupted_Baseline,242
1790266780.023273745,Uninterrupted_Baseline,244
1790266780.104317835,Uninterrupted_Baseline,246
1790266780.173916001,Uninterrupted_Baseline,248
1790266780.261684951,Uninterrupted_Baseline,250
1790266780.343782583,Uninterrupted_Baseline,252
1790266780.422046960,Uninterrupted_Baseline,254
1790266780.474901011,Uninterrupted_Baseline,256
1790266780.531535701,Uninterrupted_Baseline,257
1790266780.589106206,Uninterrupted_Baseline,259
1790266780.673199862,Uninterrupted_Baseline,262
1790266780.760957266,Uninterrupted_Baseline,265
1790266780.844690312,Uninterrupted_Baseline,269
1790266780.930633190,Uninterrupted_Baseline,272
1790266781.015566026,Uninterrupted_Baseline,275
1790266781.103626240,Uninterrupted_Baseline,278
1790266781.177923730,Uninterrupted_Baseline,280
1790266781.238529129,Uninterrupted_Baseline,284
1790266781.316677043,Uninterrupted_Baseline,288
1790266781.403537133,Uninterrupted_Baseline,290
1790266781.480823011,Uninterrupted_Baseline,293
1790266781.544622569,Uninterrupted_Baseline,296
1790266781.625237445,Uninterrupted_Baseline,301
1790266781.714746223,Uninterrupted_Baseline,304
1790266781.797908770,Uninterrupted_Baseline,308
1790266781.865367000,Uninterrupted_Baseline,312
1790266781.945072234,Uninterrupted_Baseline,316
1790266782.027585647,Uninterrupted_Baseline,320
1790266782.098282170,Uninterrupted_Baseline,324
1790266782.163710298,Uninterrupted_Baseline,327
1790266782.238185960,Uninterrupted_Baseline,331
1790266782.325493335,Uninterrupted_Baseline,337
1790266782.404099486,Uninterrupted_Baseline,341
1790266782.465678529,Uninterrupted_Baseline,344
1790266782.540742167,Uninterrupted_Baseline,266
1790266782.619381043,Uninterrupted_Baseline,242
1790266782.698361709,Uninterrupted_Baseline,242
1790266782.786056552,Uninterrupted_Baseline,169
1790266782.873312038,Uninterrupted_Baseline,169
1790266782.952363573,Uninterrupted_Baseline,148
1790266783.033055773,Uninterrupted_Baseline,170
1790266783.103697056,Uninterrupted_Baseline,171
1790266783.179857996,Uninterrupted_Baseline,173
1790266783.241821490,Uninterrupted_Baseline,175
1790266783.310717049,Uninterrupted_Baseline,176
1790266783.396106375,Uninterrupted_Baseline,178
1790266783.475755391,Uninterrupted_Baseline,180
1790266783.559130162,Uninterrupted_Baseline,181
1790266783.643291091,Uninterrupted_Baseline,183
1790266783.724742074,Uninterrupted_Baseline,184
1790266783.806044391,Uninterrupted_Baseline,185
1790266783.889259087,Uninterrupted_Baseline,187
1790266783.968287000,Uninterrupted_Baseline,188
1790266784.059503459,Uninterrupted_Baseline,189
1790266784.142063134,Uninterrupted_Baseline,190
1790266784.225199568,Uninterrupted_Baseline,191
1790266784.314740155,Uninterrupted_Baseline,192
1790266784.399467879,Uninterrupted_Baseline,194
1790266784.484278126,Uninterrupted_Baseline,195
1790266784.567672762,Uninterrupted_Baseline,196
1790266784.636488967,Uninterrupted_Baseline,197
1790266784.721537046,Uninterrupted_Baseline,198
1790266784.811688626,Uninterrupted_Baseline,198
1790266784.879447009,Uninterrupted_Baseline,199
1790266784.950830958,Uninterrupted_Baseline,199
1790266785.032707695,Uninterrupted_Baseline,200
1790266785.122112909,Uninterrupted_Baseline,201
1790266785.218705831,Uninterrupted_Baseline,201
1790266785.294285932,Uninterrupted_Baseline,201
1790266785.377770431,Uninterrupted_Baseline,202
1790266785.462079656,Uninterrupted_Baseline,202
1790266785.546617543,Uninterrupted_Baseline,203
1790266785.630453625,Uninterrupted_Baseline,203
1790266785.707119401,Uninterrupted_Baseline,203
1790266785.785796697,Uninterrupted_Baseline,204
1790266785.864107364,Uninterrupted_Baseline,204
1790266785.949864170,Uninterrupted_Baseline,204
1790266786.032918807,Uninterrupted_Baseline,204
1790266786.104642311,Uninterrupted_Baseline,205
1790266786.189940832,Uninterrupted_Baseline,205
1790266786.272955750,Uninterrupted_Baseline,205
1790266786.352417983,Uninterrupted_Baseline,205
1790266786.432870356,Uninterrupted_Baseline,205
1790266786.514405750,Uninterrupted_Baseline,205
1790266786.595693517,Uninterrupted_Baseline,205
1790266786.677832052,Uninterrupted_Baseline,205
1790266786.763044340,Uninterrupted_Baseline,205
1790266786.842210247,Uninterrupted_Baseline,205
1790266786.929288549,Uninterrupted_Baseline,205
1790266787.013638434,Uninterrupted_Baseline,205
1790266787.076714979,Uninterrupted_Baseline,205
1790266787.131878393,Uninterrupted_Baseline,205
1790266787.193090613,Uninterrupted_Baseline,205
1790266787.271477581,Uninterrupted_Baseline,205
1790266787.355442439,Uninterrupted_Baseline,205
1790266787.439758330,Uninterrupted_Baseline,205
1790266787.502444606,Uninterrupted_Baseline,205
1790266787.585058998,Uninterrupted_Baseline,205
1790266787.667973245,Uninterrupted_Baseline,205
1790266787.749627460,Uninterrupted_Baseline,205
1790266787.828565495,Uninterrupted_Baseline,205
1790266787.912549533,Uninterrupted_Baseline,205
1790266787.992949464,Uninterrupted_Baseline,205
1790266788.060933556,Uninterrupted_Baseline,205
1790266788.116993195,Uninterrupted_Baseline,206
1790266788.189953515,Uninterrupted_Baseline,206
1790266788.264106924,Uninterrupted_Baseline,207
1790266788.321825452,Uninterrupted_Baseline,207
1790266788.399260421,Uninterrupted_Baseline,208
1790266788.448045936,Uninterrupted_Baseline,208
1790266788.500935518,Uninterrupted_Baseline,209
1790266788.559494783,Uninterrupted_Baseline,209
1790266788.624111729,Uninterrupted_Baseline,209
1790266788.693492407,Uninterrupted_Baseline,210
1790266788.755967658,Uninterrupted_Baseline,210
1790266788.812718659,Uninterrupted_Baseline,211
1790266788.871843919,Uninterrupted_Baseline,211
1790266788.953508124,Uninterrupted_Baseline,212
1790266789.019888895,Uninterrupted_Baseline,212
1790266789.097000415,Uninterrupted_Baseline,213
1790266789.162635413,Uninterrupted_Baseline,213
1790266789.222776793,Uninterrupted_Baseline,214
1790266789.298088348,Uninterrupted_Baseline,214
1790266789.378285251,Uninterrupted_Baseline,215
1790266789.455826486,Uninterrupted_Baseline,215
1790266789.539221347,Uninterrupted_Baseline,216
1790266789.603579639,Uninterrupted_Baseline,217
1790266789.679951027,Uninterrupted_Baseline,217
1790266789.755726943,Uninterrupted_Baseline,218
1790266789.831328437,Uninterrupted_Baseline,218
1790266789.914681676,Uninterrupted_Baseline,219
1790266789.995195934,Uninterrupted_Baseline,219
1790266790.082384724,Uninterrupted_Baseline,220
1790266790.153831894,Uninterrupted_Baseline,220
1790266790.218036876,Uninterrupted_Baseline,221
1790266790.295822445,Uninterrupted_Baseline,222
1790266790.368017086,Uninterrupted_Baseline,222
1790266790.450040652,Uninterrupted_Baseline,223
1790266790.529141984,Uninterrupted_Baseline,223
1790266790.580976659,Uninterrupted_Baseline,223
1790266790.655543393,Uninterrupted_Baseline,224
1790266790.737969575,Uninterrupted_Baseline,225
1790266790.818080870,Uninterrupted_Baseline,225
1790266790.895462014,Uninterrupted_Baseline,226
1790266790.973504733,Uninterrupted_Baseline,227
1790266791.058503209,Uninterrupted_Baseline,227
1790266791.138246206,Uninterrupted_Baseline,228
1790266791.215732624,Uninterrupted_Baseline,228
1790266791.275519577,Uninterrupted_Baseline,229
1790266791.351685527,Uninterrupted_Baseline,229
1790266791.437517753,Uninterrupted_Baseline,230
1790266791.525114796,Uninterrupted_Baseline,231
1790266791.601990751,Uninterrupted_Baseline,232
1790266791.681824106,Uninterrupted_Baseline,234
1790266791.759133103,Uninterrupted_Baseline,236
1790266791.847904688,Uninterrupted_Baseline,237
1790266791.929286944,Uninterrupted_Baseline,240
1790266792.000823716,Uninterrupted_Baseline,241
1790266792.095504404,Uninterrupted_Baseline,244
1790266792.175499758,Uninterrupted_Baseline,245
1790266792.252988451,Uninterrupted_Baseline,248
1790266792.331307577,Uninterrupted_Baseline,250
1790266792.417009663,Uninterrupted_Baseline,252
1790266792.495640023,Uninterrupted_Baseline,255
1790266792.577064021,Uninterrupted_Baseline,257
1790266792.660614845,Uninterrupted_Baseline,259
1790266792.739081677,Uninterrupted_Baseline,262
1790266792.822356924,Uninterrupted_Baseline,265
1790266792.905718610,Uninterrupted_Baseline,268
1790266792.962781204,Uninterrupted_Baseline,270
1790266793.037366175,Uninterrupted_Baseline,273
1790266793.120103224,Uninterrupted_Baseline,276
1790266793.204704244,Uninterrupted_Baseline,279
1790266793.288953229,Uninterrupted_Baseline,282
1790266793.367215575,Uninterrupted_Baseline,285
1790266793.448277458,Uninterrupted_Baseline,288
1790266793.530958170,Uninterrupted_Baseline,292
1790266793.607932529,Uninterrupted_Baseline,296
1790266793.681598454,Uninterrupted_Baseline,299
1790266793.754618403,Uninterrupted_Baseline,302
1790266793.838566873,Uninterrupted_Baseline,306
1790266793.920862478,Uninterrupted_Baseline,310
1790266794.004543538,Uninterrupted_Baseline,315
1790266794.083044295,Uninterrupted_Baseline,319
1790266794.163362014,Uninterrupted_Baseline,323
1790266794.244886978,Uninterrupted_Baseline,327
1790266794.325307155,Uninterrupted_Baseline,331
1790266794.409232482,Uninterrupted_Baseline,336
1790266794.493256361,Uninterrupted_Baseline,341
1790266794.578988544,Uninterrupted_Baseline,346
1790266794.661710231,Uninterrupted_Baseline,351
1790266794.750725448,Uninterrupted_Baseline,356
1790266794.831971799,Uninterrupted_Baseline,295
1790266794.892944061,Uninterrupted_Baseline,251
1790266794.988324036,Uninterrupted_Baseline,252
1790266795.040612538,Uninterrupted_Baseline,255
1790266795.113722878,Uninterrupted_Baseline,258
1790266795.194100485,Uninterrupted_Baseline,262
1790266795.273844057,Uninterrupted_Baseline,265
1790266795.352355356,Uninterrupted_Baseline,269
1790266795.434391014,Uninterrupted_Baseline,273
1790266795.521254054,Uninterrupted_Baseline,276
1790266795.605611181,Uninterrupted_Baseline,280
1790266795.689037499,Uninterrupted_Baseline,283
1790266795.766505643,Uninterrupted_Baseline,286
1790266795.851333757,Uninterrupted_Baseline,290
1790266795.936382227,Uninterrupted_Baseline,292
1790266796.007996229,Uninterrupted_Baseline,295
1790266796.093699981,Uninterrupted_Baseline,298
1790266796.185405189,Uninterrupted_Baseline,301
1790266796.262208028,Uninterrupted_Baseline,304
1790266796.346877057,Uninterrupted_Baseline,306
1790266796.429760116,Uninterrupted_Baseline,309
1790266796.506735129,Uninterrupted_Baseline,311
1790266796.573918256,Uninterrupted_Baseline,313
1790266796.640041823,Uninterrupted_Baseline,315
1790266796.723357274,Uninterrupted_Baseline,317
1790266796.810831452,Uninterrupted_Baseline,320
1790266796.892560132,Uninterrupted_Baseline,322
1790266796.975346648,Uninterrupted_Baseline,324
1790266797.052735656,Uninterrupted_Baseline,325
1790266797.131540453,Uninterrupted_Baseline,328
1790266797.215259357,Uninterrupted_Baseline,329
1790266797.286010060,Uninterrupted_Baseline,331
1790266797.366330857,Uninterrupted_Baseline,332
1790266797.450096798,Uninterrupted_Baseline,334
1790266797.535593381,Uninterrupted_Baseline,336
1790266797.617902666,Uninterrupted_Baseline,337
1790266797.699981911,Uninterrupted_Baseline,339
1790266797.783133582,Uninterrupted_Baseline,283
1790266797.866436155,Uninterrupted_Baseline,237
1790266797.947106966,Uninterrupted_Baseline,237
1790266798.010832159,Uninterrupted_Baseline,222
1790266798.078780136,Uninterrupted_Baseline,166
1790266798.159038341,Uninterrupted_Baseline,167
1790266798.241402014,Uninterrupted_Baseline,169
1790266798.322634414,Uninterrupted_Baseline,171
1790266798.404241418,Uninterrupted_Baseline,173
1790266798.460315783,Uninterrupted_Baseline,174
1790266798.520267946,Uninterrupted_Baseline,175
1790266798.585119204,Uninterrupted_Baseline,177
1790266798.643093632,Uninterrupted_Baseline,178
1790266798.722109764,Uninterrupted_Baseline,179
1790266798.804607194,Uninterrupted_Baseline,180
1790266798.887889769,Uninterrupted_Baseline,182
1790266798.974096180,Uninterrupted_Baseline,183
1790266799.062222087,Uninterrupted_Baseline,185
1790266799.146106119,Uninterrupted_Baseline,186
1790266799.225709980,Uninterrupted_Baseline,187
1790266799.294440712,Uninterrupted_Baseline,188
1790266799.374536622,Uninterrupted_Baseline,189
1790266799.456598105,Uninterrupted_Baseline,190
1790266799.532723517,Uninterrupted_Baseline,191
1790266799.610765226,Uninterrupted_Baseline,192
1790266799.703200215,Uninterrupted_Baseline,193
1790266799.787184083,Uninterrupted_Baseline,194
1790266799.874719110,Uninterrupted_Baseline,195
1790266799.951904781,Uninterrupted_Baseline,195
1790266800.016445034,Uninterrupted_Baseline,196
1790266800.097001572,Uninterrupted_Baseline,197
1790266800.177287174,Uninterrupted_Baseline,197
1790266800.259030830,Uninterrupted_Baseline,198
1790266800.340589338,Uninterrupted_Baseline,198
1790266800.419551908,Uninterrupted_Baseline,199
1790266800.484941272,Uninterrupted_Baseline,199
1790266800.569475735,Uninterrupted_Baseline,199
1790266800.647337082,Uninterrupted_Baseline,200
1790266800.721485499,Uninterrupted_Baseline,200
1790266800.804117988,Uninterrupted_Baseline,200
1790266800.872493758,Uninterrupted_Baseline,201
1790266800.955237989,Uninterrupted_Baseline,201
1790266801.024353681,Uninterrupted_Baseline,201
1790266801.086699076,Uninterrupted_Baseline,201
1790266801.154452312,Uninterrupted_Baseline,201
1790266801.213370110,Uninterrupted_Baseline,201
1790266801.270743871,Uninterrupted_Baseline,202
1790266801.326037093,Uninterrupted_Baseline,202
1790266801.387399582,Uninterrupted_Baseline,202
1790266801.466082008,Uninterrupted_Baseline,202
1790266801.552484978,Uninterrupted_Baseline,202
1790266801.627704255,Uninterrupted_Baseline,202
1790266801.679873023,Uninterrupted_Baseline,202
1790266801.738877271,Uninterrupted_Baseline,202
1790266801.816525010,Uninterrupted_Baseline,202
1790266801.889076586,Uninterrupted_Baseline,202
1790266801.959911513,Uninterrupted_Baseline,202
1790266802.043458837,Uninterrupted_Baseline,202
1790266802.117201219,Uninterrupted_Baseline,202
1790266802.197720042,Uninterrupted_Baseline,202
1790266802.266868730,Uninterrupted_Baseline,202
1790266802.320720400,Uninterrupted_Baseline,202
1790266802.382981287,Uninterrupted_Baseline,202
1790266802.468027944,Uninterrupted_Baseline,202
1790266802.548351056,Uninterrupted_Baseline,202
1790266802.636919250,Uninterrupted_Baseline,202
1790266802.721920251,Uninterrupted_Baseline,202
1790266802.806754402,Uninterrupted_Baseline,202
1790266802.892092558,Uninterrupted_Baseline,202
1790266802.978468783,Uninterrupted_Baseline,202
1790266803.062913875,Uninterrupted_Baseline,202
1790266803.150473193,Uninterrupted_Baseline,202
1790266803.234520731,Uninterrupted_Baseline,203
1790266803.313392855,Uninterrupted_Baseline,203
1790266803.398339441,Uninterrupted_Baseline,204
1790266803.471066095,Uninterrupted_Baseline,204
1790266803.528199828,Uninterrupted_Baseline,205
1790266803.583275227,Uninterrupted_Baseline,205
1790266803.663297740,Uninterrupted_Baseline,206
1790266803.749828173,Uninterrupted_Baseline,207
1790266803.833234190,Uninterrupted_Baseline,207
1790266803.920399528,Uninterrupted_Baseline,208
1790266804.001383556,Uninterrupted_Baseline,208
1790266804.074867851,Uninterrupted_Baseline,209
1790266804.152817970,Uninterrupted_Baseline,210
1790266804.236758581,Uninterrupted_Baseline,210
1790266804.326228579,Uninterrupted_Baseline,211
1790266804.413734679,Uninterrupted_Baseline,211
1790266804.497921024,Uninterrupted_Baseline,212
1790266804.578315058,Uninterrupted_Baseline,213
1790266804.652986104,Uninterrupted_Baseline,213
1790266804.737252618,Uninterrupted_Baseline,214
1790266804.822394183,Uninterrupted_Baseline,215
1790266804.907626022,Uninterrupted_Baseline,215
1790266804.999691151,Uninterrupted_Baseline,215
1790266805.054927246,Uninterrupted_Baseline,216
1790266805.123428448,Uninterrupted_Baseline,217
1790266805.196699944,Uninterrupted_Baseline,217
1790266805.269328373,Uninterrupted_Baseline,218
1790266805.338590048,Uninterrupted_Baseline,218
1790266805.413740269,Uninterrupted_Baseline,219
1790266805.506017473,Uninterrupted_Baseline,219
1790266805.587629336,Uninterrupted_Baseline,220
1790266816.457766341,Phase1_Baseline,12
1790266816.537643713,Phase1_Baseline,26
1790266816.607987027,Phase1_Baseline,44
1790266816.688728512,Phase1_Baseline,97
1790266816.770703845,Phase1_Baseline,199
1790266816.855426426,Phase1_Baseline,408
1790266816.940966107,Phase1_Baseline,408
1790266817.021783644,Phase1_Baseline,341
1790266817.107733143,Phase1_Baseline,285
1790266817.190927858,Phase1_Baseline,285
1790266817.269756867,Phase1_Baseline,228
1790266817.352617082,Phase1_Baseline,199
1790266817.429899109,Phase1_Baseline,176
1790266817.504458614,Phase1_Baseline,139
1790266817.587908117,Phase1_Baseline,112
1790266817.677187155,Phase1_Baseline,97
1790266817.760571117,Phase1_Baseline,94
1790266817.845037123,Phase1_Baseline,97
1790266817.928436996,Phase1_Baseline,68
1790266818.010017250,Phase1_Baseline,68
1790266818.088524633,Phase1_Baseline,68
1790266818.177489048,Phase1_Baseline,59
1790266818.260044833,Phase1_Baseline,48
1790266818.322939708,Phase1_Baseline,48
1790266818.401688550,Phase1_Baseline,48
1790266818.456145974,Phase1_Baseline,49
1790266818.513289974,Phase1_Baseline,50
1790266818.584007484,Phase1_Baseline,51
1790266818.655584675,Phase1_Baseline,52
1790266818.735268537,Phase1_Baseline,52
1790266818.802613791,Phase1_Baseline,52
1790266818.874138744,Phase1_Baseline,53
1790266818.955767219,Phase1_Baseline,54
1790266819.042572501,Phase1_Baseline,54
1790266819.127597783,Phase1_Baseline,55
1790266819.194509319,Phase1_Baseline,55
1790266819.269437706,Phase1_Baseline,55
1790266819.356750735,Phase1_Baseline,56
1790266819.436093971,Phase1_Baseline,56
1790266819.512879779,Phase1_Baseline,56
1790266819.590721142,Phase1_Baseline,57
1790266819.665567008,Phase1_Baseline,57
1790266819.745589736,Phase1_Baseline,58
1790266819.826224826,Phase1_Baseline,58
1790266819.908947031,Phase1_Baseline,59
1790266819.977639706,Phase1_Baseline,59
1790266820.063545658,Phase1_Baseline,60
1790266820.145268341,Phase1_Baseline,61
1790266820.234724595,Phase1_Baseline,61
1790266820.315521503,Phase1_Baseline,62
1790266820.380296811,Phase1_Baseline,62
1790266820.445996249,Phase1_Baseline,63
1790266820.513198197,Phase1_Baseline,64
1790266820.598284630,Phase1_Baseline,64
1790266820.688558451,Phase1_Baseline,65
1790266820.770542427,Phase1_Baseline,65
1790266820.852969574,Phase1_Baseline,66
1790266820.937379065,Phase1_Baseline,67
1790266821.021721436,Phase1_Baseline,67
1790266821.109299299,Phase1_Baseline,68
1790266821.193640039,Phase1_Baseline,69
1790266821.271968458,Phase1_Baseline,69
1790266821.350095427,Phase1_Baseline,70
1790266821.426250693,Phase1_Baseline,70
1790266821.508247541,Phase1_Baseline,71
1790266821.593996298,Phase1_Baseline,71
1790266821.668845949,Phase1_Baseline,72
1790266821.737968434,Phase1_Baseline,73
1790266821.820971686,Phase1_Baseline,73
1790266821.902403405,Phase1_Baseline,74
1790266821.985553729,Phase1_Baseline,74
1790266822.071749082,Phase1_Baseline,75
1790266822.154523523,Phase1_Baseline,76
1790266822.241460089,Phase1_Baseline,76
1790266822.321604598,Phase1_Baseline,77
1790266822.407013055,Phase1_Baseline,78
1790266822.496217363,Phase1_Baseline,78
1790266822.577497077,Phase1_Baseline,79
1790266822.664611866,Phase1_Baseline,79
1790266822.748961058,Phase1_Baseline,80
1790266822.823790119,Phase1_Baseline,81
1790266822.909328297,Phase1_Baseline,81
1790266822.992261579,Phase1_Baseline,82
1790266823.078522844,Phase1_Baseline,83
1790266823.169810973,Phase1_Baseline,83
1790266823.237591044,Phase1_Baseline,84
1790266823.319878841,Phase1_Baseline,85
1790266823.394907838,Phase1_Baseline,85
1790266823.471577912,Phase1_Baseline,86
1790266823.555947138,Phase1_Baseline,86
1790266823.636617952,Phase1_Baseline,87
1790266823.711336318,Phase1_Baseline,88
1790266823.769069928,Phase1_Baseline,88
1790266823.822741243,Phase1_Baseline,89
1790266823.892982229,Phase1_Baseline,89
1790266823.948550743,Phase1_Baseline,89
1790266824.024457542,Phase1_Baseline,90
1790266824.078801774,Phase1_Baseline,90
1790266824.150432363,Phase1_Baseline,91
1790266824.229593118,Phase1_Baseline,91
1790266824.313828426,Phase1_Baseline,92
1790266824.391110309,Phase1_Baseline,93
1790266824.470782779,Phase1_Baseline,93
1790266824.549714847,Phase1_Baseline,94
1790266824.623343114,Phase1_Baseline,95
1790266824.702922450,Phase1_Baseline,95
1790266824.777922715,Phase1_Baseline,96
1790266824.853776028,Phase1_Baseline,96
1790266824.917729075,Phase1_Baseline,97
1790266824.990289702,Phase1_Baseline,97
1790266825.064578295,Phase1_Baseline,98
1790266825.130295636,Phase1_Baseline,98
1790266825.198980447,Phase1_Baseline,99
1790266825.271603823,Phase1_Baseline,99
1790266825.338234392,Phase1_Baseline,100
1790266825.416025318,Phase1_Baseline,101
1790266825.497080463,Phase1_Baseline,101
1790266825.578281495,Phase1_Baseline,102
1790266825.652064177,Phase1_Baseline,102
1790266825.719935668,Phase1_Baseline,103
1790266825.784001586,Phase1_Baseline,103
1790266825.861408784,Phase1_Baseline,104
1790266825.929636721,Phase1_Baseline,104
1790266825.994428750,Phase1_Baseline,105
1790266826.075351831,Phase1_Baseline,105
1790266826.152477067,Phase1_Baseline,106
1790266826.229485217,Phase1_Baseline,106
1790266826.308362459,Phase1_Baseline,108
1790266826.382754895,Phase1_Baseline,110
1790266826.446975079,Phase1_Baseline,112
1790266826.510769061,Phase1_Baseline,114
1790266826.579940863,Phase1_Baseline,116
1790266826.660041895,Phase1_Baseline,118
1790266826.739113978,Phase1_Baseline,121
1790266826.822232899,Phase1_Baseline,125
1790266826.902807288,Phase1_Baseline,128
1790266826.981104217,Phase1_Baseline,131
1790266827.057463435,Phase1_Baseline,133
1790266827.127857381,Phase1_Baseline,136
1790266827.191222453,Phase1_Baseline,139
1790266827.256800425,Phase1_Baseline,142
1790266827.341064993,Phase1_Baseline,145
1790266827.426943224,Phase1_Baseline,149
1790266827.513115079,Phase1_Baseline,153
1790266827.592039635,Phase1_Baseline,156
1790266827.673302205,Phase1_Baseline,161
1790266827.751053003,Phase1_Baseline,164
1790266827.833989194,Phase1_Baseline,168
1790266827.915819662,Phase1_Baseline,173
1790266828.002257473,Phase1_Baseline,178
1790266828.079328810,Phase1_Baseline,182
1790266828.162735758,Phase1_Baseline,186
1790266828.231318169,Phase1_Baseline,190
1790266828.308224712,Phase1_Baseline,194
1790266828.378750561,Phase1_Baseline,198
1790266828.439373534,Phase1_Baseline,202
1790266828.517763202,Phase1_Baseline,207
1790266828.569733649,Phase1_Baseline,210
1790266828.626778887,Phase1_Baseline,214
1790266828.689028309,Phase1_Baseline,218
1790266828.762383856,Phase1_Baseline,223
1790266828.838614274,Phase1_Baseline,229
1790266828.927063564,Phase1_Baseline,234
1790266829.002254510,Phase1_Baseline,240
1790266829.086131781,Phase1_Baseline,246
1790266829.166764181,Phase1_Baseline,252
1790266829.229705638,Phase1_Baseline,256
1790266829.298419535,Phase1_Baseline,262
1790266829.373136930,Phase1_Baseline,267
1790266829.444787794,Phase1_Baseline,273
1790266829.525320221,Phase1_Baseline,280
1790266829.606288184,Phase1_Baseline,286
1790266829.688252567,Phase1_Baseline,293
1790266829.771044602,Phase1_Baseline,299
1790266829.835267515,Phase1_Baseline,304
1790266829.913899514,Phase1_Baseline,311
1790266829.997245540,Phase1_Baseline,320
1790266830.078508735,Phase1_Baseline,327
1790266830.164967583,Phase1_Baseline,335
1790266830.244924822,Phase1_Baseline,342
1790266830.323454679,Phase1_Baseline,290
1790266830.405792775,Phase1_Baseline,242
1790266830.492456803,Phase1_Baseline,242
1790266830.558922556,Phase1_Baseline,202
1790266830.636205765,Phase1_Baseline,169
1790266830.723380803,Phase1_Baseline,169
1790266830.803000864,Phase1_Baseline,142
1790266830.875348658,Phase1_Baseline,118
1790266830.950928632,Phase1_Baseline,94
1790266831.033266918,Phase1_Baseline,118
1790266831.115260426,Phase1_Baseline,82
1790266831.199046730,Phase1_Baseline,83
1790266831.279580359,Phase1_Baseline,84
1790266831.342248547,Phase1_Baseline,85
1790266831.426994946,Phase1_Baseline,86
1790266831.507982149,Phase1_Baseline,87
1790266831.576784383,Phase1_Baseline,88
1790266831.660023723,Phase1_Baseline,89
1790266831.743067019,Phase1_Baseline,90
1790266831.820568809,Phase1_Baseline,91
1790266831.900059467,Phase1_Baseline,92
1790266831.982491180,Phase1_Baseline,93
1790266832.060423005,Phase1_Baseline,93
1790266832.140084898,Phase1_Baseline,94
1790266832.222303071,Phase1_Baseline,95
1790266832.303579402,Phase1_Baseline,95
1790266832.362477788,Phase1_Baseline,95
1790266832.440337656,Phase1_Baseline,96
1790266832.524877494,Phase1_Baseline,96
1790266832.603759459,Phase1_Baseline,97
1790266832.685630056,Phase1_Baseline,97
1790266832.772267746,Phase1_Baseline,98
1790266832.852873195,Phase1_Baseline,98
1790266832.928372144,Phase1_Baseline,98
1790266833.008478258,Phase1_Baseline,99
1790266833.088195523,Phase1_Baseline,99
1790266833.164873919,Phase1_Baseline,99
1790266833.244965877,Phase1_Baseline,99
1790266833.326783209,Phase1_Baseline,100
1790266833.408815246,Phase1_Baseline,100
1790266833.491549636,Phase1_Baseline,100
1790266833.568634570,Phase1_Baseline,100
1790266833.645915492,Phase1_Baseline,100
1790266833.734834338,Phase1_Baseline,101
1790266833.809150095,Phase1_Baseline,101
1790266833.872702445,Phase1_Baseline,102
1790266833.952107004,Phase1_Baseline,102
1790266834.032934326,Phase1_Baseline,103
1790266834.110756796,Phase1_Baseline,104
1790266834.191150062,Phase1_Baseline,104
1790266834.268117912,Phase1_Baseline,105
1790266834.348092239,Phase1_Baseline,105
1790266834.430758478,Phase1_Baseline,106
1790266834.509484711,Phase1_Baseline,107
1790266834.582810987,Phase1_Baseline,107
1790266834.662068128,Phase1_Baseline,108
1790266834.732320373,Phase1_Baseline,108
1790266834.794829388,Phase1_Baseline,109
1790266834.877877615,Phase1_Baseline,109
1790266834.965252692,Phase1_Baseline,110
1790266835.018749802,Phase1_Baseline,110
1790266835.076331727,Phase1_Baseline,111
1790266835.148729087,Phase1_Baseline,111
1790266835.226623049,Phase1_Baseline,112
1790266835.283769924,Phase1_Baseline,112
1790266835.357406734,Phase1_Baseline,113
1790266835.418692725,Phase1_Baseline,113
1790266835.493565837,Phase1_Baseline,114
1790266835.568426021,Phase1_Baseline,114
1790266835.637993157,Phase1_Baseline,115
1790266835.699062607,Phase1_Baseline,116
1790266835.782784174,Phase1_Baseline,116
1790266835.855828023,Phase1_Baseline,116
1790266835.928374219,Phase1_Baseline,117
1790266835.995690212,Phase1_Baseline,117
1790266836.056891392,Phase1_Baseline,118
1790266836.131644267,Phase1_Baseline,119
1790266836.213499368,Phase1_Baseline,119
1790266836.290361451,Phase1_Baseline,120
1790266836.365331971,Phase1_Baseline,120
1790266836.446213397,Phase1_Baseline,121
1790266836.516990170,Phase1_Baseline,121
1790266836.597292580,Phase1_Baseline,122
1790266836.674283724,Phase1_Baseline,122
1790266836.753415664,Phase1_Baseline,123
1790266836.825290642,Phase1_Baseline,124
1790266836.909942741,Phase1_Baseline,124
1790266836.995208451,Phase1_Baseline,125
1790266837.078065537,Phase1_Baseline,126
1790266837.158723830,Phase1_Baseline,126
1790266837.229983104,Phase1_Baseline,127
1790266837.306002767,Phase1_Baseline,127
1790266837.386979408,Phase1_Baseline,128
1790266837.477415280,Phase1_Baseline,128
1790266837.560536528,Phase1_Baseline,129
1790266837.644859708,Phase1_Baseline,130
1790266837.727113303,Phase1_Baseline,130
1790266837.809446142,Phase1_Baseline,131
1790266837.891952342,Phase1_Baseline,132
1790266837.968529088,Phase1_Baseline,132
1790266838.049832067,Phase1_Baseline,133
1790266838.103377151,Phase1_Baseline,133
1790266838.173261846,Phase1_Baseline,133
1790266838.243878348,Phase1_Baseline,134
1790266838.298687798,Phase1_Baseline,135
1790266838.377343786,Phase1_Baseline,135
1790266838.444115120,Phase1_Baseline,136
1790266838.494683605,Phase1_Baseline,136
1790266838.547356443,Phase1_Baseline,136
1790266838.605479036,Phase1_Baseline,137
1790266838.675668481,Phase1_Baseline,137
1790266838.728685373,Phase1_Baseline,138
1790266838.788616461,Phase1_Baseline,138
1790266838.865519488,Phase1_Baseline,139
1790266838.928293721,Phase1_Baseline,139
1790266839.012317128,Phase1_Baseline,140
1790266839.093969577,Phase1_Baseline,140
1790266839.172748742,Phase1_Baseline,141
1790266839.239085396,Phase1_Baseline,142
1790266839.319555010,Phase1_Baseline,142
1790266839.396805338,Phase1_Baseline,143
1790266839.483382370,Phase1_Baseline,144
1790266839.558842914,Phase1_Baseline,145
1790266839.622481541,Phase1_Baseline,147
1790266839.708849062,Phase1_Baseline,149
1790266839.768872783,Phase1_Baseline,151
1790266839.849493003,Phase1_Baseline,153
1790266839.928878674,Phase1_Baseline,156
1790266840.001536776,Phase1_Baseline,158
1790266840.082496033,Phase1_Baseline,160
1790266840.159979707,Phase1_Baseline,163
1790266840.237996010,Phase1_Baseline,166
1790266840.328351213,Phase1_Baseline,169
1790266840.403538735,Phase1_Baseline,172
1790266840.469617058,Phase1_Baseline,175
1790266840.549732686,Phase1_Baseline,177
1790266840.614592590,Phase1_Baseline,180
1790266840.689089855,Phase1_Baseline,184
1790266840.772890795,Phase1_Baseline,188
1790266840.854846723,Phase1_Baseline,191
1790266840.932584599,Phase1_Baseline,194
1790266841.016128087,Phase1_Baseline,199
1790266841.099015692,Phase1_Baseline,203
1790266841.175138342,Phase1_Baseline,206
1790266841.257068686,Phase1_Baseline,210
1790266841.329455168,Phase1_Baseline,214
1790266841.393466888,Phase1_Baseline,218
1790266841.468360686,Phase1_Baseline,221
1790266841.549496100,Phase1_Baseline,226
1790266841.614080368,Phase1_Baseline,229
1790266841.689961481,Phase1_Baseline,234
1790266841.771331668,Phase1_Baseline,239
1790266841.838690396,Phase1_Baseline,243
1790266841.917190460,Phase1_Baseline,248
1790266841.999968919,Phase1_Baseline,253
1790266842.083910699,Phase1_Baseline,258
1790266842.146277772,Phase1_Baseline,262
1790266842.228255514,Phase1_Baseline,268
1790266842.306446880,Phase1_Baseline,273
1790266842.383281242,Phase1_Baseline,278
1790266842.451217567,Phase1_Baseline,283
1790266842.508522452,Phase1_Baseline,287
1790266842.584355429,Phase1_Baseline,293
1790266842.663479854,Phase1_Baseline,299
1790266842.747804235,Phase1_Baseline,306
1790266842.833054896,Phase1_Baseline,312
1790266842.906455766,Phase1_Baseline,318
1790266842.988158778,Phase1_Baseline,324
1790266843.074322765,Phase1_Baseline,332
1790266843.160403678,Phase1_Baseline,338
1790266843.245848666,Phase1_Baseline,345
1790266843.321929334,Phase1_Baseline,353
1790266843.404025247,Phase1_Baseline,330
1790266843.486450554,Phase1_Baseline,251
1790266843.569090472,Phase1_Baseline,254
1790266843.650552854,Phase1_Baseline,257
1790266843.727858091,Phase1_Baseline,260
1790266843.791851477,Phase1_Baseline,264
1790266843.877685117,Phase1_Baseline,268
1790266843.961478422,Phase1_Baseline,272
1790266844.041607977,Phase1_Baseline,275
1790266844.117434519,Phase1_Baseline,278
1790266844.196433777,Phase1_Baseline,281
1790266844.271446601,Phase1_Baseline,284
1790266844.341252069,Phase1_Baseline,287
1790266844.411555617,Phase1_Baseline,289
1790266844.491459974,Phase1_Baseline,293
1790266844.549212663,Phase1_Baseline,295
1790266844.615574650,Phase1_Baseline,297
1790266844.699467379,Phase1_Baseline,300
1790266844.763640588,Phase1_Baseline,302
1790266844.843190388,Phase1_Baseline,305
1790266844.896023656,Phase1_Baseline,306
1790266844.985464353,Phase1_Baseline,309
1790266845.068736050,Phase1_Baseline,312
1790266845.152000804,Phase1_Baseline,314
1790266845.236885639,Phase1_Baseline,316
1790266845.317075540,Phase1_Baseline,318
1790266845.384956475,Phase1_Baseline,320
1790266845.442065505,Phase1_Baseline,321
1790266845.518761427,Phase1_Baseline,225
1790266845.603270415,Phase1_Baseline,225
1790266845.683064509,Phase1_Baseline,225
1790266845.756497118,Phase1_Baseline,157
1790266845.837740294,Phase1_Baseline,158
1790266845.919612316,Phase1_Baseline,160
1790266846.002877345,Phase1_Baseline,162
1790266846.079829918,Phase1_Baseline,163
1790266846.163596024,Phase1_Baseline,165
1790266846.244628042,Phase1_Baseline,167
1790266846.325357120,Phase1_Baseline,168
1790266846.410839267,Phase1_Baseline,169
1790266846.496360836,Phase1_Baseline,171
1790266846.581521147,Phase1_Baseline,172
1790266846.669888249,Phase1_Baseline,173
1790266846.743084475,Phase1_Baseline,174
1790266846.826448471,Phase1_Baseline,176
1790266846.900890143,Phase1_Baseline,177
1790266846.979974034,Phase1_Baseline,178
1790266847.065952881,Phase1_Baseline,179
1790266847.148384002,Phase1_Baseline,180
1790266847.225572682,Phase1_Baseline,181
1790266847.293692087,Phase1_Baseline,182
1790266847.375599379,Phase1_Baseline,183
1790266847.456115272,Phase1_Baseline,184
1790266847.541694990,Phase1_Baseline,184
1790266847.627698512,Phase1_Baseline,185
1790266847.714815455,Phase1_Baseline,186
1790266847.790978981,Phase1_Baseline,186
1790266847.868342961,Phase1_Baseline,187
1790266847.945414013,Phase1_Baseline,187
1790266848.012947062,Phase1_Baseline,188
1790266848.082956179,Phase1_Baseline,188
1790266848.156792210,Phase1_Baseline,188
1790266848.228458980,Phase1_Baseline,189
1790266848.288838258,Phase1_Baseline,189
1790266848.364081169,Phase1_Baseline,189
1790266848.432746577,Phase1_Baseline,189
1790266848.486143258,Phase1_Baseline,190
1790266848.542830239,Phase1_Baseline,190
1790266848.602202374,Phase1_Baseline,190
1790266848.657579045,Phase1_Baseline,190
1790266848.730084564,Phase1_Baseline,190
1790266848.813798007,Phase1_Baseline,191
1790266848.892609171,Phase1_Baseline,191
1790266848.976131681,Phase1_Baseline,191
1790266849.060719793,Phase1_Baseline,191
1790266849.131234506,Phase1_Baseline,191
1790266849.209540921,Phase1_Baseline,191
1790266849.270595843,Phase1_Baseline,191
1790266849.335956316,Phase1_Baseline,191
1790266849.412531283,Phase1_Baseline,191
1790266849.491800929,Phase1_Baseline,191
1790266849.576816215,Phase1_Baseline,191
1790266849.658001578,Phase1_Baseline,191
1790266849.733591064,Phase1_Baseline,191
1790266849.815332340,Phase1_Baseline,191
1790266849.889993390,Phase1_Baseline,191
1790266849.966368067,Phase1_Baseline,191
1790266850.044342451,Phase1_Baseline,191
1790266850.120541231,Phase1_Baseline,191
1790266850.201543262,Phase1_Baseline,191
1790266850.282931635,Phase1_Baseline,191
1790266850.358598461,Phase1_Baseline,191
1790266850.435478667,Phase1_Baseline,191
1790266850.497785369,Phase1_Baseline,191
1790266850.556907745,Phase1_Baseline,191
1790266850.621481984,Phase1_Baseline,192
1790266850.709131776,Phase1_Baseline,192
1790266850.779351879,Phase1_Baseline,193
1790266850.852148540,Phase1_Baseline,193
1790266850.935073278,Phase1_Baseline,194
1790266851.011604886,Phase1_Baseline,195
1790266851.093935441,Phase1_Baseline,195
1790266851.175585140,Phase1_Baseline,196
1790266851.260290670,Phase1_Baseline,196
1790266851.321852357,Phase1_Baseline,197
1790266852.769581793,Phase2_Migrated,10
1790266852.866812601,Phase2_Migrated,10
1790266852.959461544,Phase2_Migrated,20
1790266853.037575357,Phase2_Migrated,40
1790266853.141594430,Phase2_Migrated,60
1790266853.236492884,Phase2_Migrated,60
1790266853.319964040,Phase2_Migrated,61
1790266853.413642481,Phase2_Migrated,62
1790266853.493250421,Phase2_Migrated,62
1790266853.572915909,Phase2_Migrated,63
1790266853.662914241,Phase2_Migrated,64
1790266853.754344711,Phase2_Migrated,64
1790266853.845218061,Phase2_Migrated,65
1790266853.942327745,Phase2_Migrated,66
1790266854.029413987,Phase2_Migrated,66
1790266854.122765725,Phase2_Migrated,67
1790266854.214627390,Phase2_Migrated,68
1790266854.301119071,Phase2_Migrated,68
1790266854.390578646,Phase2_Migrated,69
1790266854.489612386,Phase2_Migrated,70
1790266854.586032564,Phase2_Migrated,70
1790266854.674705272,Phase2_Migrated,71
1790266854.769593921,Phase2_Migrated,72
1790266854.861991357,Phase2_Migrated,72
1790266854.944454496,Phase2_Migrated,72
1790266855.034132393,Phase2_Migrated,73
1790266855.129882598,Phase2_Migrated,73
1790266855.222839734,Phase2_Migrated,74
1790266855.316632637,Phase2_Migrated,75
1790266855.412023296,Phase2_Migrated,75
1790266855.504594996,Phase2_Migrated,76
1790266855.597903465,Phase2_Migrated,77
1790266855.696397050,Phase2_Migrated,78
1790266855.771749891,Phase2_Migrated,78
1790266855.832964026,Phase2_Migrated,78
1790266855.906208784,Phase2_Migrated,79
1790266855.991697782,Phase2_Migrated,79
1790266856.065902473,Phase2_Migrated,80
1790266856.140806530,Phase2_Migrated,81
1790266856.230119121,Phase2_Migrated,81
1790266856.322458209,Phase2_Migrated,82
1790266856.419914178,Phase2_Migrated,83
1790266856.496150239,Phase2_Migrated,83
1790266856.595639818,Phase2_Migrated,84
1790266856.686228357,Phase2_Migrated,85
1790266856.786274718,Phase2_Migrated,86
1790266856.875293480,Phase2_Migrated,86
1790266856.967099212,Phase2_Migrated,87
1790266857.058917706,Phase2_Migrated,88
1790266857.147379427,Phase2_Migrated,88
1790266857.227713339,Phase2_Migrated,89
1790266857.314537892,Phase2_Migrated,90
1790266857.403469208,Phase2_Migrated,90
1790266857.493717261,Phase2_Migrated,91
1790266857.589725099,Phase2_Migrated,92
1790266857.683695009,Phase2_Migrated,92
1790266857.775837126,Phase2_Migrated,93
1790266857.852898312,Phase2_Migrated,93
1790266857.919797145,Phase2_Migrated,94
1790266858.007885312,Phase2_Migrated,95
1790266858.099707428,Phase2_Migrated,95
1790266858.171398576,Phase2_Migrated,96
1790266858.257879193,Phase2_Migrated,96
1790266858.328868713,Phase2_Migrated,97
1790266858.399626715,Phase2_Migrated,98
1790266858.454758456,Phase2_Migrated,98
1790266858.515984588,Phase2_Migrated,98
1790266858.584120650,Phase2_Migrated,99
1790266858.655331421,Phase2_Migrated,100
1790266858.752673157,Phase2_Migrated,100
1790266858.835364783,Phase2_Migrated,101
1790266858.936013072,Phase2_Migrated,102
1790266859.019621005,Phase2_Migrated,102
1790266859.087535625,Phase2_Migrated,103
1790266859.172348506,Phase2_Migrated,103
1790266859.243210618,Phase2_Migrated,104
1790266859.330206144,Phase2_Migrated,106
1790266859.414258847,Phase2_Migrated,108
1790266859.499972070,Phase2_Migrated,110
1790266859.592456420,Phase2_Migrated,112
1790266859.678822396,Phase2_Migrated,114
1790266859.770518887,Phase2_Migrated,117
1790266859.849973477,Phase2_Migrated,119
1790266859.932716021,Phase2_Migrated,122
1790266860.014596321,Phase2_Migrated,124
1790266860.111740732,Phase2_Migrated,127
1790266860.203719221,Phase2_Migrated,130
1790266860.291267443,Phase2_Migrated,133
1790266860.378509546,Phase2_Migrated,136
1790266860.470971186,Phase2_Migrated,140
1790266860.562275618,Phase2_Migrated,143
1790266860.653896716,Phase2_Migrated,146
1790266860.750078592,Phase2_Migrated,150
1790266860.837244166,Phase2_Migrated,153
1790266860.923200355,Phase2_Migrated,157
1790266861.018462532,Phase2_Migrated,162
1790266861.113070524,Phase2_Migrated,166
1790266861.206616894,Phase2_Migrated,171
1790266861.285832975,Phase2_Migrated,173
1790266861.356334029,Phase2_Migrated,178
1790266861.446250463,Phase2_Migrated,183
1790266861.540532346,Phase2_Migrated,187
1790266861.629521632,Phase2_Migrated,192
1790266861.726518561,Phase2_Migrated,197
1790266861.818508616,Phase2_Migrated,202
1790266861.915795742,Phase2_Migrated,208
1790266862.000961647,Phase2_Migrated,213
1790266862.074990260,Phase2_Migrated,218
1790266862.164507660,Phase2_Migrated,223
1790266862.259264877,Phase2_Migrated,229
1790266862.354062145,Phase2_Migrated,236
1790266862.444826313,Phase2_Migrated,241
1790266862.539337543,Phase2_Migrated,248
1790266862.631789968,Phase2_Migrated,255
1790266862.727431354,Phase2_Migrated,261
1790266862.820228310,Phase2_Migrated,268
1790266862.908510915,Phase2_Migrated,276
1790266863.008124499,Phase2_Migrated,283
1790266863.106990877,Phase2_Migrated,290
1790266863.198051843,Phase2_Migrated,298
1790266863.289936671,Phase2_Migrated,306
1790266863.377789771,Phase2_Migrated,313
1790266863.473283144,Phase2_Migrated,321
1790266863.565509823,Phase2_Migrated,329
1790266863.660455891,Phase2_Migrated,336
1790266863.753219539,Phase2_Migrated,332
1790266863.851624042,Phase2_Migrated,241
1790266863.945087246,Phase2_Migrated,196
1790266864.043090259,Phase2_Migrated,168
1790266864.139625749,Phase2_Migrated,168
1790266864.233459178,Phase2_Migrated,170
1790266864.322335479,Phase2_Migrated,173
1790266864.404611339,Phase2_Migrated,174
1790266864.499334708,Phase2_Migrated,176
1790266864.586576508,Phase2_Migrated,178
1790266864.685464445,Phase2_Migrated,180
1790266864.780995984,Phase2_Migrated,181
1790266864.867403780,Phase2_Migrated,183
1790266864.947539609,Phase2_Migrated,184
1790266865.038840078,Phase2_Migrated,185
1790266865.132854922,Phase2_Migrated,187
1790266865.229253280,Phase2_Migrated,189
1790266865.319839211,Phase2_Migrated,190
1790266865.406476214,Phase2_Migrated,191
1790266865.500605464,Phase2_Migrated,192
1790266865.595271336,Phase2_Migrated,194
1790266865.688232346,Phase2_Migrated,195
1790266865.780037558,Phase2_Migrated,196
1790266865.872384646,Phase2_Migrated,196
1790266865.965486283,Phase2_Migrated,197
1790266866.058292455,Phase2_Migrated,198
1790266866.131249596,Phase2_Migrated,199
1790266866.221057999,Phase2_Migrated,199
1790266866.306334046,Phase2_Migrated,200
1790266866.408222939,Phase2_Migrated,200
1790266866.501729970,Phase2_Migrated,201
1790266866.592989451,Phase2_Migrated,201
1790266866.689432285,Phase2_Migrated,202
1790266866.776404441,Phase2_Migrated,202
1790266866.870945471,Phase2_Migrated,202
1790266866.954478204,Phase2_Migrated,203
1790266867.051943617,Phase2_Migrated,203
1790266867.147964100,Phase2_Migrated,203
1790266867.248960800,Phase2_Migrated,204
1790266867.313336891,Phase2_Migrated,204
1790266867.393525784,Phase2_Migrated,204
1790266867.478917319,Phase2_Migrated,204
1790266867.571344018,Phase2_Migrated,204
1790266867.671771820,Phase2_Migrated,204
1790266867.768412671,Phase2_Migrated,204
1790266867.854324326,Phase2_Migrated,204
1790266867.943253199,Phase2_Migrated,204
1790266868.030627136,Phase2_Migrated,204
1790266868.094896821,Phase2_Migrated,204
1790266868.188802764,Phase2_Migrated,204
1790266868.269365448,Phase2_Migrated,204
1790266868.361524507,Phase2_Migrated,204
1790266868.435444514,Phase2_Migrated,204
1790266868.492229491,Phase2_Migrated,204
1790266868.556481636,Phase2_Migrated,204
1790266868.625038466,Phase2_Migrated,204
1790266868.708678130,Phase2_Migrated,204
1790266868.802493264,Phase2_Migrated,204
1790266868.894578219,Phase2_Migrated,204
1790266868.990692128,Phase2_Migrated,204
1790266869.080892546,Phase2_Migrated,204
1790266869.165553752,Phase2_Migrated,204
1790266869.241109333,Phase2_Migrated,205
1790266869.317428219,Phase2_Migrated,205
1790266869.390740377,Phase2_Migrated,206
1790266869.480689623,Phase2_Migrated,207
1790266869.550875680,Phase2_Migrated,207
1790266869.624473620,Phase2_Migrated,208
1790266869.719123125,Phase2_Migrated,208
1790266869.802042521,Phase2_Migrated,209
1790266869.884850796,Phase2_Migrated,210
1790266869.972298648,Phase2_Migrated,210
1790266870.059256906,Phase2_Migrated,211
1790266870.150512956,Phase2_Migrated,211
1790266870.249612240,Phase2_Migrated,212
1790266870.343022854,Phase2_Migrated,213
1790266870.437590519,Phase2_Migrated,214
1790266870.532606938,Phase2_Migrated,214
1790266870.630641672,Phase2_Migrated,215
1790266870.723917770,Phase2_Migrated,216
1790266870.805421456,Phase2_Migrated,216
1790266870.876525401,Phase2_Migrated,217
1790266870.968685223,Phase2_Migrated,218
1790266871.068542840,Phase2_Migrated,218
1790266871.159725538,Phase2_Migrated,219
1790266871.254754377,Phase2_Migrated,220
1790266871.348891513,Phase2_Migrated,220
1790266871.438958563,Phase2_Migrated,221
1790266871.531842003,Phase2_Migrated,222
1790266871.624709367,Phase2_Migrated,222
1790266871.714159077,Phase2_Migrated,223
1790266871.804709222,Phase2_Migrated,224
1790266871.898692567,Phase2_Migrated,224
1790266871.990761497,Phase2_Migrated,225
1790266872.076706707,Phase2_Migrated,226
1790266872.175401738,Phase2_Migrated,227
1790266872.270386998,Phase2_Migrated,227
1790266872.366012889,Phase2_Migrated,228
1790266872.459592404,Phase2_Migrated,228
1790266872.553489926,Phase2_Migrated,229
1790266872.645680798,Phase2_Migrated,230
1790266872.744748399,Phase2_Migrated,231
1790266872.841993909,Phase2_Migrated,234
1790266872.932798589,Phase2_Migrated,235
1790266873.001891919,Phase2_Migrated,237
1790266873.086417795,Phase2_Migrated,239
1790266873.176817226,Phase2_Migrated,241
1790266873.272937836,Phase2_Migrated,243
1790266873.367098767,Phase2_Migrated,246
1790266873.462927534,Phase2_Migrated,248
1790266873.555597526,Phase2_Migrated,251
1790266873.636756216,Phase2_Migrated,253
1790266873.723679526,Phase2_Migrated,256
1790266873.785108415,Phase2_Migrated,258
1790266873.871227949,Phase2_Migrated,260
1790266873.961815129,Phase2_Migrated,264
1790266874.049151039,Phase2_Migrated,266
1790266874.142010697,Phase2_Migrated,270
1790266874.232720274,Phase2_Migrated,273
1790266874.317979160,Phase2_Migrated,276
1790266874.386708585,Phase2_Migrated,279
1790266874.448688642,Phase2_Migrated,281
1790266874.529843025,Phase2_Migrated,285
1790266874.623612027,Phase2_Migrated,289
1790266874.717192203,Phase2_Migrated,293
1790266874.813970630,Phase2_Migrated,297
1790266874.884334510,Phase2_Migrated,300
1790266874.966057720,Phase2_Migrated,304
1790266875.029753170,Phase2_Migrated,307
1790266875.098735855,Phase2_Migrated,311
1790266875.191011508,Phase2_Migrated,316
1790266875.284763045,Phase2_Migrated,321
1790266875.382414121,Phase2_Migrated,326
1790266875.477789842,Phase2_Migrated,331
1790266875.573932239,Phase2_Migrated,336
1790266875.664354724,Phase2_Migrated,341
1790266875.757754386,Phase2_Migrated,348
1790266875.840678889,Phase2_Migrated,352
1790266875.927147304,Phase2_Migrated,338
1790266876.016689704,Phase2_Migrated,249
1790266876.110096593,Phase2_Migrated,249
1790266876.199722649,Phase2_Migrated,174
1790266876.292545299,Phase2_Migrated,174
1790266876.384604798,Phase2_Migrated,121
1790266876.477494602,Phase2_Migrated,121
1790266876.572558571,Phase2_Migrated,123
1790266876.659690815,Phase2_Migrated,125
1790266876.754610163,Phase2_Migrated,127
1790266876.824451390,Phase2_Migrated,127
1790266876.918021991,Phase2_Migrated,129
1790266876.982816086,Phase2_Migrated,130
1790266877.077892991,Phase2_Migrated,131
1790266877.167011802,Phase2_Migrated,133
1790266877.262307054,Phase2_Migrated,134
1790266877.356489301,Phase2_Migrated,135
1790266877.448321084,Phase2_Migrated,137
1790266877.536843164,Phase2_Migrated,138
1790266877.625430187,Phase2_Migrated,139
1790266877.720047292,Phase2_Migrated,140
1790266877.816590526,Phase2_Migrated,140
1790266877.909389379,Phase2_Migrated,141
1790266878.000256092,Phase2_Migrated,142
1790266878.080374730,Phase2_Migrated,142
1790266878.173826646,Phase2_Migrated,143
1790266878.265433801,Phase2_Migrated,143
1790266878.334927021,Phase2_Migrated,144
1790266878.413120555,Phase2_Migrated,144
1790266878.467292919,Phase2_Migrated,144
1790266878.525292373,Phase2_Migrated,145
1790266878.590051743,Phase2_Migrated,145
1790266878.669351184,Phase2_Migrated,145
1790266878.748855475,Phase2_Migrated,146
1790266878.831534603,Phase2_Migrated,146
1790266878.909440707,Phase2_Migrated,146
1790266878.987556378,Phase2_Migrated,146
1790266879.068112441,Phase2_Migrated,146
1790266879.130606821,Phase2_Migrated,147
1790266879.188258221,Phase2_Migrated,147
1790266879.276035441,Phase2_Migrated,147
1790266879.348607791,Phase2_Migrated,147
1790266879.440606730,Phase2_Migrated,147
1790266879.538878942,Phase2_Migrated,147
1790266879.633621188,Phase2_Migrated,147
1790266879.723514055,Phase2_Migrated,147
1790266879.788492582,Phase2_Migrated,147
1790266879.866601217,Phase2_Migrated,147
1790266879.955061864,Phase2_Migrated,147
1790266880.056918419,Phase2_Migrated,147
1790266880.148785762,Phase2_Migrated,148
1790266880.237603367,Phase2_Migrated,148
1790266880.330420936,Phase2_Migrated,149
1790266880.418261209,Phase2_Migrated,150
1790266880.506752498,Phase2_Migrated,150
1790266880.596681860,Phase2_Migrated,151
1790266880.692575932,Phase2_Migrated,152
1790266880.786537841,Phase2_Migrated,152
1790266880.876593687,Phase2_Migrated,153
1790266880.967738334,Phase2_Migrated,154
1790266881.066493573,Phase2_Migrated,154
1790266881.155816852,Phase2_Migrated,155
1790266881.240093667,Phase2_Migrated,156
1790266881.329232938,Phase2_Migrated,157
1790266881.410567310,Phase2_Migrated,157
1790266881.497678336,Phase2_Migrated,158
1790266881.592433398,Phase2_Migrated,158
1790266881.664291171,Phase2_Migrated,159
1790266881.753938087,Phase2_Migrated,160
1790266881.846056598,Phase2_Migrated,160
1790266881.937329206,Phase2_Migrated,161
1790266882.030802320,Phase2_Migrated,162
1790266882.122011918,Phase2_Migrated,162
1790266882.218481596,Phase2_Migrated,163
1790266882.315140831,Phase2_Migrated,164
1790266882.397013078,Phase2_Migrated,164
1790266882.478068169,Phase2_Migrated,165
1790266882.573823572,Phase2_Migrated,165
1790266882.669044052,Phase2_Migrated,166
1790266882.764254664,Phase2_Migrated,167
1790266882.860473659,Phase2_Migrated,167
1790266884.203323920,Uninterrupted_Baseline,1
1790266884.263763649,Uninterrupted_Baseline,1
1790266884.339099352,Uninterrupted_Baseline,1
1790266884.418430495,Uninterrupted_Baseline,1
1790266884.485054635,Uninterrupted_Baseline,1
1790266884.553163520,Uninterrupted_Baseline,1
1790266884.635100017,Uninterrupted_Baseline,1
1790266884.723758318,Uninterrupted_Baseline,1
1790266884.809867704,Uninterrupted_Baseline,1
1790266884.880828815,Uninterrupted_Baseline,1
1790266884.959615891,Uninterrupted_Baseline,1
1790266885.042500406,Uninterrupted_Baseline,1
1790266885.119208892,Uninterrupted_Baseline,1
1790266885.203922515,Uninterrupted_Baseline,1
1790266885.292156602,Uninterrupted_Baseline,1
1790266885.376521526,Uninterrupted_Baseline,1
1790266885.454397899,Uninterrupted_Baseline,1
1790266885.454397899,Uninterrupted_Baseline,10
1790266885.518794506,Uninterrupted_Baseline,1
1790266885.518794506,Uninterrupted_Baseline,6
1790266885.603997905,Uninterrupted_Baseline,1
1790266885.603997905,Uninterrupted_Baseline,12
1790266885.655427436,Uninterrupted_Baseline,1
1790266885.655427436,Uninterrupted_Baseline,20
1790266885.715405771,Uninterrupted_Baseline,1
1790266885.715405771,Uninterrupted_Baseline,34
1790266885.790633912,Uninterrupted_Baseline,1
1790266885.790633912,Uninterrupted_Baseline,66
1790266885.870933228,Uninterrupted_Baseline,1
1790266885.870933228,Uninterrupted_Baseline,136
1790266885.955349148,Uninterrupted_Baseline,1
1790266885.955349148,Uninterrupted_Baseline,291
1790266886.039465376,Uninterrupted_Baseline,1
1790266886.039465376,Uninterrupted_Baseline,440
1790266886.120718121,Uninterrupted_Baseline,1
1790266886.120718121,Uninterrupted_Baseline,440
1790266886.200404385,Uninterrupted_Baseline,1
1790266886.200404385,Uninterrupted_Baseline,360
1790266886.282561834,Uninterrupted_Baseline,1
1790266886.282561834,Uninterrupted_Baseline,308
1790266886.342188836,Uninterrupted_Baseline,1
1790266886.342188836,Uninterrupted_Baseline,249
1790266886.424752495,Uninterrupted_Baseline,1
1790266886.424752495,Uninterrupted_Baseline,216
1790266886.510523719,Uninterrupted_Baseline,1
1790266886.510523719,Uninterrupted_Baseline,218
1790266886.599466192,Uninterrupted_Baseline,1
1790266886.599466192,Uninterrupted_Baseline,220
1790266886.680521725,Uninterrupted_Baseline,1
1790266886.680521725,Uninterrupted_Baseline,223
1790266886.762577983,Uninterrupted_Baseline,1
1790266886.762577983,Uninterrupted_Baseline,225
1790266886.847725946,Uninterrupted_Baseline,1
1790266886.847725946,Uninterrupted_Baseline,227
1790266886.926895261,Uninterrupted_Baseline,1
1790266886.926895261,Uninterrupted_Baseline,229
1790266886.999398535,Uninterrupted_Baseline,1
1790266886.999398535,Uninterrupted_Baseline,231
1790266887.084300136,Uninterrupted_Baseline,1
1790266887.084300136,Uninterrupted_Baseline,232
1790266887.167136760,Uninterrupted_Baseline,1
1790266887.167136760,Uninterrupted_Baseline,234
1790266887.247383888,Uninterrupted_Baseline,1
1790266887.247383888,Uninterrupted_Baseline,235
1790266887.326753886,Uninterrupted_Baseline,1
1790266887.326753886,Uninterrupted_Baseline,237
1790266887.406378000,Uninterrupted_Baseline,1
1790266887.406378000,Uninterrupted_Baseline,239
1790266887.488543494,Uninterrupted_Baseline,1
1790266887.488543494,Uninterrupted_Baseline,240
1790266887.573677070,Uninterrupted_Baseline,1
1790266887.573677070,Uninterrupted_Baseline,241
1790266887.651267265,Uninterrupted_Baseline,1
1790266887.651267265,Uninterrupted_Baseline,242
1790266887.734809577,Uninterrupted_Baseline,244
1790266887.817804173,Uninterrupted_Baseline,245
1790266887.900835701,Uninterrupted_Baseline,246
1790266887.980462764,Uninterrupted_Baseline,247
1790266888.045576416,Uninterrupted_Baseline,248
1790266888.106100838,Uninterrupted_Baseline,249
1790266888.167795285,Uninterrupted_Baseline,250
1790266888.245687459,Uninterrupted_Baseline,251
1790266888.298212687,Uninterrupted_Baseline,251
1790266888.372926358,Uninterrupted_Baseline,252
1790266888.443377242,Uninterrupted_Baseline,253
1790266888.496759884,Uninterrupted_Baseline,254
1790266888.562114373,Uninterrupted_Baseline,254
1790266888.622581821,Uninterrupted_Baseline,254
1790266888.692925647,Uninterrupted_Baseline,255
1790266888.780571369,Uninterrupted_Baseline,256
1790266888.862224383,Uninterrupted_Baseline,256
1790266888.949568311,Uninterrupted_Baseline,257
1790266889.031508318,Uninterrupted_Baseline,257
1790266889.115279533,Uninterrupted_Baseline,258
1790266889.188548329,Uninterrupted_Baseline,258
1790266889.269882658,Uninterrupted_Baseline,258
1790266889.351451019,Uninterrupted_Baseline,259
1790266889.436640385,Uninterrupted_Baseline,259
1790266889.520013156,Uninterrupted_Baseline,259
1790266889.604371351,Uninterrupted_Baseline,260
1790266889.691113903,Uninterrupted_Baseline,260
1790266889.772528229,Uninterrupted_Baseline,260
1790266889.836486001,Uninterrupted_Baseline,260
1790266889.915196920,Uninterrupted_Baseline,261
1790266889.986893391,Uninterrupted_Baseline,261
1790266890.066381148,Uninterrupted_Baseline,261
1790266890.145520694,Uninterrupted_Baseline,261
1790266890.211930121,Uninterrupted_Baseline,261
1790266890.283715642,Uninterrupted_Baseline,261
1790266890.356374889,Uninterrupted_Baseline,261
1790266890.425954134,Uninterrupted_Baseline,261
1790266890.501440587,Uninterrupted_Baseline,261
1790266890.577201553,Uninterrupted_Baseline,261
1790266890.662198300,Uninterrupted_Baseline,261
1790266890.743773068,Uninterrupted_Baseline,261
1790266890.828776780,Uninterrupted_Baseline,261
1790266890.903632061,Uninterrupted_Baseline,261
1790266890.987163439,Uninterrupted_Baseline,261
1790266891.070042034,Uninterrupted_Baseline,261
1790266891.135740101,Uninterrupted_Baseline,261
1790266891.216054251,Uninterrupted_Baseline,261
1790266891.299409922,Uninterrupted_Baseline,261
1790266891.383691791,Uninterrupted_Baseline,261
1790266891.456502552,Uninterrupted_Baseline,261
1790266891.536559289,Uninterrupted_Baseline,261
1790266891.621425921,Uninterrupted_Baseline,261
1790266891.706549218,Uninterrupted_Baseline,261
1790266891.799367117,Uninterrupted_Baseline,261
1790266891.884480854,Uninterrupted_Baseline,261
1790266891.969687075,Uninterrupted_Baseline,261
1790266892.051258494,Uninterrupted_Baseline,261
1790266892.137717294,Uninterrupted_Baseline,261
1790266892.232920455,Uninterrupted_Baseline,261
1790266892.315923617,Uninterrupted_Baseline,261
1790266892.395558925,Uninterrupted_Baseline,261
1790266892.480075262,Uninterrupted_Baseline,261
1790266892.557554125,Uninterrupted_Baseline,261
1790266892.636782586,Uninterrupted_Baseline,262
1790266892.713429749,Uninterrupted_Baseline,262
1790266892.797274255,Uninterrupted_Baseline,262
1790266892.879762465,Uninterrupted_Baseline,262
1790266892.961793872,Uninterrupted_Baseline,263
1790266893.036563954,Uninterrupted_Baseline,263
1790266893.134231614,Uninterrupted_Baseline,263
1790266893.208599062,Uninterrupted_Baseline,264
1790266893.279571787,Uninterrupted_Baseline,264
1790266893.368124757,Uninterrupted_Baseline,264
1790266893.452907347,Uninterrupted_Baseline,265
1790266893.542379101,Uninterrupted_Baseline,266
1790266893.626412208,Uninterrupted_Baseline,266
1790266893.710029585,Uninterrupted_Baseline,267
1790266893.799700927,Uninterrupted_Baseline,268
1790266893.884380875,Uninterrupted_Baseline,268
1790266893.968514473,Uninterrupted_Baseline,269
1790266894.053872772,Uninterrupted_Baseline,269
1790266894.139892054,Uninterrupted_Baseline,271
1790266894.224008782,Uninterrupted_Baseline,271
1790266894.307205476,Uninterrupted_Baseline,272
1790266894.390943234,Uninterrupted_Baseline,273
1790266894.468983481,Uninterrupted_Baseline,274
1790266894.552909127,Uninterrupted_Baseline,275
1790266894.638062095,Uninterrupted_Baseline,276
1790266894.723983351,Uninterrupted_Baseline,278
1790266894.810960921,Uninterrupted_Baseline,279
1790266894.900770264,Uninterrupted_Baseline,280
1790266894.990513936,Uninterrupted_Baseline,281
1790266895.073400623,Uninterrupted_Baseline,282
1790266895.159765249,Uninterrupted_Baseline,284
1790266895.240354226,Uninterrupted_Baseline,285
1790266895.326439528,Uninterrupted_Baseline,287
1790266895.408525989,Uninterrupted_Baseline,289
1790266895.493494291,Uninterrupted_Baseline,291
1790266895.578267471,Uninterrupted_Baseline,292
1790266895.656402639,Uninterrupted_Baseline,294
1790266895.743524150,Uninterrupted_Baseline,297
1790266895.831383790,Uninterrupted_Baseline,299
1790266895.913061486,Uninterrupted_Baseline,300
1790266896.001112609,Uninterrupted_Baseline,303
1790266896.090775127,Uninterrupted_Baseline,305
1790266896.175823628,Uninterrupted_Baseline,308
1790266896.254087387,Uninterrupted_Baseline,310
1790266896.333374307,Uninterrupted_Baseline,312
1790266896.406131584,Uninterrupted_Baseline,314
1790266896.492478884,Uninterrupted_Baseline,317
1790266896.578760163,Uninterrupted_Baseline,320
1790266896.662044408,Uninterrupted_Baseline,323
1790266896.722023583,Uninterrupted_Baseline,325
1790266896.798613522,Uninterrupted_Baseline,327
1790266896.882561808,Uninterrupted_Baseline,331
1790266896.961906365,Uninterrupted_Baseline,334
1790266897.047766173,Uninterrupted_Baseline,337
1790266897.130988458,Uninterrupted_Baseline,340
1790266897.212489780,Uninterrupted_Baseline,343
1790266897.280874810,Uninterrupted_Baseline,276
1790266897.368830267,Uninterrupted_Baseline,241
1790266897.452767148,Uninterrupted_Baseline,241
1790266897.532167275,Uninterrupted_Baseline,168
1790266897.614980100,Uninterrupted_Baseline,168
1790266897.697495487,Uninterrupted_Baseline,171
1790266897.781565319,Uninterrupted_Baseline,172
1790266897.867738053,Uninterrupted_Baseline,175
1790266897.950389821,Uninterrupted_Baseline,176
1790266898.028568494,Uninterrupted_Baseline,178
1790266898.092450910,Uninterrupted_Baseline,179
1790266898.174420971,Uninterrupted_Baseline,180
1790266898.250459160,Uninterrupted_Baseline,182
1790266898.306760509,Uninterrupted_Baseline,183
1790266898.384600201,Uninterrupted_Baseline,184
1790266898.453948626,Uninterrupted_Baseline,185
1790266898.506220862,Uninterrupted_Baseline,186
1790266898.562949028,Uninterrupted_Baseline,187
1790266898.621064259,Uninterrupted_Baseline,188
1790266898.684721990,Uninterrupted_Baseline,189
1790266898.763640761,Uninterrupted_Baseline,190
1790266898.847761414,Uninterrupted_Baseline,191
1790266898.933740945,Uninterrupted_Baseline,192
1790266899.018428171,Uninterrupted_Baseline,193
1790266899.105880832,Uninterrupted_Baseline,194
1790266899.163632124,Uninterrupted_Baseline,195
1790266899.248697516,Uninterrupted_Baseline,196
1790266899.325944080,Uninterrupted_Baseline,196
1790266899.391297996,Uninterrupted_Baseline,197
1790266899.469572999,Uninterrupted_Baseline,197
1790266899.549031187,Uninterrupted_Baseline,198
1790266899.633612029,Uninterrupted_Baseline,199
1790266899.716434574,Uninterrupted_Baseline,199
1790266899.803259300,Uninterrupted_Baseline,200
1790266899.891756063,Uninterrupted_Baseline,200
1790266899.953702570,Uninterrupted_Baseline,201
1790266900.034328122,Uninterrupted_Baseline,201
1790266900.123051369,Uninterrupted_Baseline,202
1790266900.204295950,Uninterrupted_Baseline,202
1790266900.289909407,Uninterrupted_Baseline,202
1790266900.373564155,Uninterrupted_Baseline,203
1790266900.453971126,Uninterrupted_Baseline,203
1790266900.528990789,Uninterrupted_Baseline,203
1790266900.607520368,Uninterrupted_Baseline,203
1790266900.686056300,Uninterrupted_Baseline,203
1790266900.768615722,Uninterrupted_Baseline,204
1790266900.850900762,Uninterrupted_Baseline,204
1790266900.916733170,Uninterrupted_Baseline,204
1790266900.995227317,Uninterrupted_Baseline,204
1790266901.081913541,Uninterrupted_Baseline,204
1790266901.165288491,Uninterrupted_Baseline,204
1790266901.244240921,Uninterrupted_Baseline,204
1790266901.298060215,Uninterrupted_Baseline,204
1790266901.378803362,Uninterrupted_Baseline,204
1790266901.459508988,Uninterrupted_Baseline,204
1790266901.544354338,Uninterrupted_Baseline,204
1790266901.624681018,Uninterrupted_Baseline,204
1790266901.708771095,Uninterrupted_Baseline,204
1790266901.787605010,Uninterrupted_Baseline,204
1790266901.876480737,Uninterrupted_Baseline,204
1790266901.954737805,Uninterrupted_Baseline,204
1790266902.041771792,Uninterrupted_Baseline,204
1790266902.125693647,Uninterrupted_Baseline,204
1790266902.200512715,Uninterrupted_Baseline,204
1790266902.275244385,Uninterrupted_Baseline,204
1790266902.354537854,Uninterrupted_Baseline,204
1790266902.439152342,Uninterrupted_Baseline,204
1790266902.518387611,Uninterrupted_Baseline,204
1790266902.598989504,Uninterrupted_Baseline,204
1790266902.670452128,Uninterrupted_Baseline,205
1790266902.738055064,Uninterrupted_Baseline,205
1790266902.815877880,Uninterrupted_Baseline,206
1790266902.884299958,Uninterrupted_Baseline,206
1790266902.960121241,Uninterrupted_Baseline,207
1790266903.048441265,Uninterrupted_Baseline,207
1790266903.112996140,Uninterrupted_Baseline,208
1790266903.188744071,Uninterrupted_Baseline,208
1790266903.255927007,Uninterrupted_Baseline,209
1790266903.338383443,Uninterrupted_Baseline,210
1790266903.424768608,Uninterrupted_Baseline,210
1790266903.509319464,Uninterrupted_Baseline,211
1790266903.592222176,Uninterrupted_Baseline,212
1790266903.679338163,Uninterrupted_Baseline,212
1790266903.762420645,Uninterrupted_Baseline,213
1790266903.843550623,Uninterrupted_Baseline,213
1790266903.925204897,Uninterrupted_Baseline,214
1790266904.003610248,Uninterrupted_Baseline,214
1790266904.084553150,Uninterrupted_Baseline,215
1790266904.167321313,Uninterrupted_Baseline,216
1790266904.249814385,Uninterrupted_Baseline,216
1790266904.338484942,Uninterrupted_Baseline,217
1790266904.420270072,Uninterrupted_Baseline,218
1790266904.502328054,Uninterrupted_Baseline,218
1790266904.588808635,Uninterrupted_Baseline,219
1790266904.674801946,Uninterrupted_Baseline,219
1790266904.755825742,Uninterrupted_Baseline,220
1790266904.838892865,Uninterrupted_Baseline,220
1790266904.915953213,Uninterrupted_Baseline,221
1790266904.996932220,Uninterrupted_Baseline,222
1790266905.055372447,Uninterrupted_Baseline,222
1790266905.136194971,Uninterrupted_Baseline,223
1790266905.215684704,Uninterrupted_Baseline,223
1790266905.299304687,Uninterrupted_Baseline,224
1790266905.383385133,Uninterrupted_Baseline,225
1790266905.467522386,Uninterrupted_Baseline,225
1790266905.552961958,Uninterrupted_Baseline,226
1790266905.637914178,Uninterrupted_Baseline,226
1790266905.719122646,Uninterrupted_Baseline,227
1790266905.798922381,Uninterrupted_Baseline,227
1790266905.880959533,Uninterrupted_Baseline,228
1790266905.963941056,Uninterrupted_Baseline,229
1790266906.048745115,Uninterrupted_Baseline,229
1790266906.135744355,Uninterrupted_Baseline,231
1790266906.212679271,Uninterrupted_Baseline,232
1790266906.290505257,Uninterrupted_Baseline,233
1790266906.369006576,Uninterrupted_Baseline,235
1790266906.456537361,Uninterrupted_Baseline,237
1790266906.540854736,Uninterrupted_Baseline,239
1790266906.624128525,Uninterrupted_Baseline,240
1790266906.712728552,Uninterrupted_Baseline,243
1790266906.793221363,Uninterrupted_Baseline,245
1790266906.873578744,Uninterrupted_Baseline,247
1790266906.950249799,Uninterrupted_Baseline,249
1790266907.028349163,Uninterrupted_Baseline,252
1790266907.112064510,Uninterrupted_Baseline,254
1790266907.196001381,Uninterrupted_Baseline,256
1790266907.272250908,Uninterrupted_Baseline,259
1790266907.355387365,Uninterrupted_Baseline,261
1790266907.436381241,Uninterrupted_Baseline,264
1790266907.523994493,Uninterrupted_Baseline,267
1790266907.610047285,Uninterrupted_Baseline,270
1790266907.700451083,Uninterrupted_Baseline,273
1790266907.785978460,Uninterrupted_Baseline,277
1790266907.876272966,Uninterrupted_Baseline,280
1790266907.951534655,Uninterrupted_Baseline,283
1790266908.030991076,Uninterrupted_Baseline,287
1790266908.107346056,Uninterrupted_Baseline,290
1790266908.189790413,Uninterrupted_Baseline,294
1790266908.270493741,Uninterrupted_Baseline,297
1790266908.339259505,Uninterrupted_Baseline,300
1790266908.418901784,Uninterrupted_Baseline,304
1790266908.467865024,Uninterrupted_Baseline,306
1790266908.522000440,Uninterrupted_Baseline,309
1790266908.590956557,Uninterrupted_Baseline,312
1790266908.657904929,Uninterrupted_Baseline,316
1790266908.736954447,Uninterrupted_Baseline,320
1790266908.828296531,Uninterrupted_Baseline,325
1790266908.904228925,Uninterrupted_Baseline,329
1790266908.983288176,Uninterrupted_Baseline,333
1790266909.063952952,Uninterrupted_Baseline,233
1790266909.146261957,Uninterrupted_Baseline,235
1790266909.222275073,Uninterrupted_Baseline,238
1790266909.303391574,Uninterrupted_Baseline,242
1790266909.389696135,Uninterrupted_Baseline,246
1790266909.475497944,Uninterrupted_Baseline,250
1790266909.557018719,Uninterrupted_Baseline,253
1790266909.637754628,Uninterrupted_Baseline,256
1790266909.726561543,Uninterrupted_Baseline,259
1790266909.800574202,Uninterrupted_Baseline,263
1790266909.883676344,Uninterrupted_Baseline,266
1790266909.966229312,Uninterrupted_Baseline,269
1790266910.044566497,Uninterrupted_Baseline,271
1790266910.122225576,Uninterrupted_Baseline,274
1790266910.197789825,Uninterrupted_Baseline,276
1790266910.279451417,Uninterrupted_Baseline,279
1790266910.363748807,Uninterrupted_Baseline,281
1790266910.446780660,Uninterrupted_Baseline,284
1790266910.528325156,Uninterrupted_Baseline,286
1790266910.612242481,Uninterrupted_Baseline,289
1790266910.690769670,Uninterrupted_Baseline,292
1790266910.774056893,Uninterrupted_Baseline,294
1790266910.855301992,Uninterrupted_Baseline,296
1790266910.939247339,Uninterrupted_Baseline,298
1790266911.019380653,Uninterrupted_Baseline,300
1790266911.101939749,Uninterrupted_Baseline,302
1790266911.185002807,Uninterrupted_Baseline,304
1790266911.270754355,Uninterrupted_Baseline,306
1790266911.352489389,Uninterrupted_Baseline,307
1790266911.438863043,Uninterrupted_Baseline,309
1790266911.521836984,Uninterrupted_Baseline,311
1790266911.605773576,Uninterrupted_Baseline,312
1790266911.691154385,Uninterrupted_Baseline,313
1790266911.774510910,Uninterrupted_Baseline,315
1790266911.859254958,Uninterrupted_Baseline,316
1790266911.937142274,Uninterrupted_Baseline,317
1790266912.015717819,Uninterrupted_Baseline,318
1790266912.094712214,Uninterrupted_Baseline,319
1790266912.175140917,Uninterrupted_Baseline,320
1790266912.255965867,Uninterrupted_Baseline,321
1790266912.333557704,Uninterrupted_Baseline,322
1790266912.420267703,Uninterrupted_Baseline,324
1790266912.511920035,Uninterrupted_Baseline,325
1790266912.586604217,Uninterrupted_Baseline,326
1790266912.649592996,Uninterrupted_Baseline,326
1790266912.720306869,Uninterrupted_Baseline,327
1790266912.798041708,Uninterrupted_Baseline,327
1790266912.885615472,Uninterrupted_Baseline,328
1790266912.962131110,Uninterrupted_Baseline,249
1790266913.020940722,Uninterrupted_Baseline,230
1790266913.097298466,Uninterrupted_Baseline,230
1790266913.183030846,Uninterrupted_Baseline,161
1790266913.266883779,Uninterrupted_Baseline,161
1790266913.354366129,Uninterrupted_Baseline,164
1790266913.441919806,Uninterrupted_Baseline,166
1790266913.527131854,Uninterrupted_Baseline,167
1790266913.607129182,Uninterrupted_Baseline,169
1790266913.681777665,Uninterrupted_Baseline,170
1790266913.750359931,Uninterrupted_Baseline,172
1790266913.823822469,Uninterrupted_Baseline,173
1790266913.901285677,Uninterrupted_Baseline,174
1790266913.973220876,Uninterrupted_Baseline,175
1790266914.032145631,Uninterrupted_Baseline,176
1790266914.117118418,Uninterrupted_Baseline,177
1790266914.202710588,Uninterrupted_Baseline,179
1790266914.281826172,Uninterrupted_Baseline,180
1790266914.371359467,Uninterrupted_Baseline,181
1790266914.462142995,Uninterrupted_Baseline,182
1790266914.548009025,Uninterrupted_Baseline,184
1790266914.634101890,Uninterrupted_Baseline,185
1790266914.713521122,Uninterrupted_Baseline,186
1790266914.785772474,Uninterrupted_Baseline,186
1790266914.851899483,Uninterrupted_Baseline,187
1790266914.916358682,Uninterrupted_Baseline,188
1790266914.991458663,Uninterrupted_Baseline,188
1790266915.063806450,Uninterrupted_Baseline,189
1790266915.127798570,Uninterrupted_Baseline,189
1790266915.200513748,Uninterrupted_Baseline,190
1790266915.275446515,Uninterrupted_Baseline,190
1790266915.356626820,Uninterrupted_Baseline,191
1790266915.431838863,Uninterrupted_Baseline,191
1790266915.513250240,Uninterrupted_Baseline,192
1790266915.592471234,Uninterrupted_Baseline,192
1790266915.670937084,Uninterrupted_Baseline,193
1790266915.747619152,Uninterrupted_Baseline,193
1790266915.814459588,Uninterrupted_Baseline,193
1790266915.891507599,Uninterrupted_Baseline,193
1790266915.956684031,Uninterrupted_Baseline,194
1790266916.037489221,Uninterrupted_Baseline,194
1790266916.120863518,Uninterrupted_Baseline,194
1790266916.184887484,Uninterrupted_Baseline,194
1790266916.267141835,Uninterrupted_Baseline,195
1790266916.350936480,Uninterrupted_Baseline,195
1790266916.432433192,Uninterrupted_Baseline,195
1790266916.498440940,Uninterrupted_Baseline,195
1790266916.581763045,Uninterrupted_Baseline,195
1790266916.664148751,Uninterrupted_Baseline,195
1790266916.748409930,Uninterrupted_Baseline,195
1790266916.834206823,Uninterrupted_Baseline,195
1790266916.917634590,Uninterrupted_Baseline,195
1790266916.999862174,Uninterrupted_Baseline,195
1790266917.085001580,Uninterrupted_Baseline,195
1790266917.169534807,Uninterrupted_Baseline,195
1790266917.240830089,Uninterrupted_Baseline,195
1790266917.326887885,Uninterrupted_Baseline,195
1790266917.408239416,Uninterrupted_Baseline,195
1790266917.489019144,Uninterrupted_Baseline,195
1790266917.575072915,Uninterrupted_Baseline,195
1790266917.663514206,Uninterrupted_Baseline,195
1790266917.745462597,Uninterrupted_Baseline,195
1790266917.831403377,Uninterrupted_Baseline,195
1790266917.918694811,Uninterrupted_Baseline,195
1790266918.004918930,Uninterrupted_Baseline,195
1790266918.073441847,Uninterrupted_Baseline,196
1790266918.157287796,Uninterrupted_Baseline,196
1790266918.238721859,Uninterrupted_Baseline,197
1790266918.293862053,Uninterrupted_Baseline,197
1790266918.372373860,Uninterrupted_Baseline,198
1790266918.426163955,Uninterrupted_Baseline,198
1790266918.478762657,Uninterrupted_Baseline,199
1790266918.531189504,Uninterrupted_Baseline,199
1790266918.582575546,Uninterrupted_Baseline,199
1790266918.640006686,Uninterrupted_Baseline,200
1790266918.723227804,Uninterrupted_Baseline,201
1790266918.805873158,Uninterrupted_Baseline,201
1790266918.894257176,Uninterrupted_Baseline,202
1790266918.979080688,Uninterrupted_Baseline,202
1790266919.058131914,Uninterrupted_Baseline,203
1790266919.139364324,Uninterrupted_Baseline,204
1790266919.218733295,Uninterrupted_Baseline,204
1790266919.271459555,Uninterrupted_Baseline,204
1790266919.352910301,Uninterrupted_Baseline,205
1790266919.437744185,Uninterrupted_Baseline,206
1790266919.523310957,Uninterrupted_Baseline,206
1790266919.603919839,Uninterrupted_Baseline,207
1790266919.686080032,Uninterrupted_Baseline,208
1790266919.763591190,Uninterrupted_Baseline,208
1790266919.849429254,Uninterrupted_Baseline,209
1790266919.931964481,Uninterrupted_Baseline,209
1790266920.021562842,Uninterrupted_Baseline,210
1790266920.103590430,Uninterrupted_Baseline,211
1790266920.183359737,Uninterrupted_Baseline,211
1790266920.265360076,Uninterrupted_Baseline,212
1790266920.348971964,Uninterrupted_Baseline,212
1790266920.427394855,Uninterrupted_Baseline,213
1790266920.505243248,Uninterrupted_Baseline,213
1790266920.574516008,Uninterrupted_Baseline,214
1790266920.649644783,Uninterrupted_Baseline,215
1790266920.731797086,Uninterrupted_Baseline,215
1790266920.809606116,Uninterrupted_Baseline,216
1790266920.885612228,Uninterrupted_Baseline,216
1790266920.966880123,Uninterrupted_Baseline,217
1790266921.041495264,Uninterrupted_Baseline,217
1790266921.108296106,Uninterrupted_Baseline,218
1790266921.187436338,Uninterrupted_Baseline,218
1790266921.268157319,Uninterrupted_Baseline,219
1790266921.331717129,Uninterrupted_Baseline,219
1790266921.394957947,Uninterrupted_Baseline,220
1790266921.471259333,Uninterrupted_Baseline,221
1790266921.548601839,Uninterrupted_Baseline,221
1790266921.622101053,Uninterrupted_Baseline,222
1790266921.697735166,Uninterrupted_Baseline,222
1790266921.781970641,Uninterrupted_Baseline,223
1790266921.849664210,Uninterrupted_Baseline,224
1790266921.921027790,Uninterrupted_Baseline,226
1790266922.004749933,Uninterrupted_Baseline,228
1790266922.087861380,Uninterrupted_Baseline,230
1790266922.169600460,Uninterrupted_Baseline,231
1790266922.252939985,Uninterrupted_Baseline,233
1790266922.330563038,Uninterrupted_Baseline,235
1790266922.398269334,Uninterrupted_Baseline,237
1790266922.481644310,Uninterrupted_Baseline,239
1790266922.564971184,Uninterrupted_Baseline,242
1790266922.651478170,Uninterrupted_Baseline,244
1790266922.737593522,Uninterrupted_Baseline,247
1790266922.821875411,Uninterrupted_Baseline,250
1790266922.902393882,Uninterrupted_Baseline,252
1790266922.987530586,Uninterrupted_Baseline,255
1790266923.071000996,Uninterrupted_Baseline,257
1790266923.155379777,Uninterrupted_Baseline,261
1790266923.238297772,Uninterrupted_Baseline,264
1790266923.317573451,Uninterrupted_Baseline,267
1790266923.399705330,Uninterrupted_Baseline,270
1790266923.476517565,Uninterrupted_Baseline,273
1790266923.556556557,Uninterrupted_Baseline,276
1790266923.644567593,Uninterrupted_Baseline,280
1790266923.730559827,Uninterrupted_Baseline,284
1790266923.814200986,Uninterrupted_Baseline,287
1790266923.895809055,Uninterrupted_Baseline,291
1790266923.959466880,Uninterrupted_Baseline,294
1790266924.037238877,Uninterrupted_Baseline,298
1790266924.112733679,Uninterrupted_Baseline,302
1790266924.184306686,Uninterrupted_Baseline,305
1790266924.263380706,Uninterrupted_Baseline,309
1790266924.353594673,Uninterrupted_Baseline,315
1790266924.438109638,Uninterrupted_Baseline,319
1790266924.525426878,Uninterrupted_Baseline,323
1790266924.614033973,Uninterrupted_Baseline,328
1790266924.698993190,Uninterrupted_Baseline,334
1790266924.781686498,Uninterrupted_Baseline,283
1790266924.856211996,Uninterrupted_Baseline,235
1790266924.922626175,Uninterrupted_Baseline,239
1790266925.007701827,Uninterrupted_Baseline,242
1790266925.092276358,Uninterrupted_Baseline,246
1790266925.175020023,Uninterrupted_Baseline,250
1790266925.259623300,Uninterrupted_Baseline,253
1790266925.345834777,Uninterrupted_Baseline,257
1790266925.434566883,Uninterrupted_Baseline,261
1790266925.516992275,Uninterrupted_Baseline,263
1790266925.585108857,Uninterrupted_Baseline,267
1790266925.685951250,Uninterrupted_Baseline,270
1790266925.735885616,Uninterrupted_Baseline,272
1790266925.788159245,Uninterrupted_Baseline,274
1790266925.852090721,Uninterrupted_Baseline,276
1790266925.932078932,Uninterrupted_Baseline,278
1790266926.014354582,Uninterrupted_Baseline,281
1790266926.099230176,Uninterrupted_Baseline,284
1790266926.183469685,Uninterrupted_Baseline,287
1790266926.267455738,Uninterrupted_Baseline,289
1790266926.325354076,Uninterrupted_Baseline,290
1790266926.389360337,Uninterrupted_Baseline,292
1790266926.472259188,Uninterrupted_Baseline,294
1790266926.551332984,Uninterrupted_Baseline,297
1790266926.632512808,Uninterrupted_Baseline,299
1790266926.710332870,Uninterrupted_Baseline,301
1790266926.791796035,Uninterrupted_Baseline,303
1790266926.869425208,Uninterrupted_Baseline,305
1790266926.947935545,Uninterrupted_Baseline,307
1790266927.014164624,Uninterrupted_Baseline,308
1790266927.100330811,Uninterrupted_Baseline,310
1790266927.184582170,Uninterrupted_Baseline,311
1790266927.267818002,Uninterrupted_Baseline,312
1790266927.348729995,Uninterrupted_Baseline,314
1790266927.433854936,Uninterrupted_Baseline,315
1790266927.517447194,Uninterrupted_Baseline,317
1790266927.603594891,Uninterrupted_Baseline,318
1790266927.686798313,Uninterrupted_Baseline,319
1790266927.771161343,Uninterrupted_Baseline,320
1790266927.847107784,Uninterrupted_Baseline,322
1790266927.919969780,Uninterrupted_Baseline,323
1790266927.997464559,Uninterrupted_Baseline,324
1790266928.068065572,Uninterrupted_Baseline,324
1790266928.128777005,Uninterrupted_Baseline,325
1790266928.193190459,Uninterrupted_Baseline,326
1790266928.252980448,Uninterrupted_Baseline,327
1790266928.322032743,Uninterrupted_Baseline,328
1790266928.398870053,Uninterrupted_Baseline,328
1790266928.449674532,Uninterrupted_Baseline,329
1790266928.503280559,Uninterrupted_Baseline,256
1790266928.570472972,Uninterrupted_Baseline,230
1790266928.633869744,Uninterrupted_Baseline,230
1790266928.705230893,Uninterrupted_Baseline,231
1790266928.794436444,Uninterrupted_Baseline,171
1790266928.878415401,Uninterrupted_Baseline,161
1790266928.953939079,Uninterrupted_Baseline,161
1790266929.025007525,Uninterrupted_Baseline,142
1790266929.101556768,Uninterrupted_Baseline,113
1790266929.179195054,Uninterrupted_Baseline,115
1790266929.242165397,Uninterrupted_Baseline,116
1790266929.320385145,Uninterrupted_Baseline,117
1790266929.403757656,Uninterrupted_Baseline,119
1790266929.490914757,Uninterrupted_Baseline,120
1790266929.574243547,Uninterrupted_Baseline,121
1790266929.653035416,Uninterrupted_Baseline,122
1790266929.735718512,Uninterrupted_Baseline,123
1790266929.798862827,Uninterrupted_Baseline,124
1790266929.865993532,Uninterrupted_Baseline,125
1790266929.951780462,Uninterrupted_Baseline,126
1790266930.036205252,Uninterrupted_Baseline,127
1790266941.294559618,Phase1_Baseline,10
1790266941.364644898,Phase1_Baseline,16
1790266941.454882224,Phase1_Baseline,32
1790266941.540622858,Phase1_Baseline,72
1790266941.617071972,Phase1_Baseline,149
1790266941.693415756,Phase1_Baseline,275
1790266941.773265997,Phase1_Baseline,603
1790266941.859304811,Phase1_Baseline,626
1790266941.948230341,Phase1_Baseline,533
1790266942.022311686,Phase1_Baseline,438
1790266942.099945359,Phase1_Baseline,438
1790266942.174726850,Phase1_Baseline,438
1790266942.230827527,Phase1_Baseline,306
1790266942.301219080,Phase1_Baseline,306
1790266942.369364032,Phase1_Baseline,306
1790266942.444083862,Phase1_Baseline,214
1790266942.529532792,Phase1_Baseline,215
1790266942.616039412,Phase1_Baseline,218
1790266942.705511659,Phase1_Baseline,220
1790266942.793761213,Phase1_Baseline,222
1790266942.877721209,Phase1_Baseline,224
1790266942.959762402,Phase1_Baseline,226
1790266943.025761075,Phase1_Baseline,228
1790266943.111018115,Phase1_Baseline,230
1790266943.190483530,Phase1_Baseline,232
1790266943.278749303,Phase1_Baseline,233
1790266943.367467021,Phase1_Baseline,235
1790266943.436041251,Phase1_Baseline,236
1790266943.511407437,Phase1_Baseline,237
1790266943.585542550,Phase1_Baseline,239
1790266943.675369108,Phase1_Baseline,240
1790266943.756255054,Phase1_Baseline,242
1790266943.842042358,Phase1_Baseline,243
1790266943.928365778,Phase1_Baseline,244
1790266944.002710358,Phase1_Baseline,245
1790266944.087520382,Phase1_Baseline,246
1790266944.168412373,Phase1_Baseline,247
1790266944.254011492,Phase1_Baseline,249
1790266944.334244462,Phase1_Baseline,250
1790266944.408148485,Phase1_Baseline,251
1790266944.472948140,Phase1_Baseline,251
1790266944.547111300,Phase1_Baseline,252
1790266944.613825389,Phase1_Baseline,253
1790266944.702164002,Phase1_Baseline,253
1790266944.768263814,Phase1_Baseline,254
1790266944.851873091,Phase1_Baseline,254
1790266944.912755994,Phase1_Baseline,255
1790266944.986485737,Phase1_Baseline,255
1790266945.068933460,Phase1_Baseline,256
1790266945.143277629,Phase1_Baseline,256
1790266945.218936943,Phase1_Baseline,257
1790266945.298771697,Phase1_Baseline,257
1790266945.382351220,Phase1_Baseline,258
1790266945.462221210,Phase1_Baseline,258
1790266945.541391655,Phase1_Baseline,258
1790266945.618485556,Phase1_Baseline,258
1790266945.700112260,Phase1_Baseline,259
1790266945.777231559,Phase1_Baseline,259
1790266945.859433802,Phase1_Baseline,259
1790266945.939530830,Phase1_Baseline,259
1790266946.021890469,Phase1_Baseline,260
1790266946.101897601,Phase1_Baseline,260
1790266946.171491367,Phase1_Baseline,260
1790266946.253567263,Phase1_Baseline,260
1790266946.335204811,Phase1_Baseline,260
1790266946.412594322,Phase1_Baseline,260
1790266946.499583722,Phase1_Baseline,260
1790266946.580261476,Phase1_Baseline,260
1790266946.657359798,Phase1_Baseline,260
1790266946.740342690,Phase1_Baseline,260
1790266946.825484602,Phase1_Baseline,260
1790266946.906841401,Phase1_Baseline,260
1790266946.983391149,Phase1_Baseline,260
1790266947.071602551,Phase1_Baseline,260
1790266947.157174372,Phase1_Baseline,260
1790266947.228077825,Phase1_Baseline,260
1790266947.303513472,Phase1_Baseline,260
1790266947.387586796,Phase1_Baseline,260
1790266947.461882700,Phase1_Baseline,260
1790266947.536725198,Phase1_Baseline,260
1790266947.619141273,Phase1_Baseline,260
1790266947.701141734,Phase1_Baseline,260
1790266947.786701254,Phase1_Baseline,260
1790266947.875117293,Phase1_Baseline,260
1790266947.957849572,Phase1_Baseline,260
1790266948.033610450,Phase1_Baseline,260
1790266948.092535138,Phase1_Baseline,260
1790266948.162082348,Phase1_Baseline,260
1790266948.244730254,Phase1_Baseline,260
1790266948.304764587,Phase1_Baseline,260
1790266948.366515395,Phase1_Baseline,260
1790266948.432333702,Phase1_Baseline,260
1790266948.486801873,Phase1_Baseline,260
1790266948.543219004,Phase1_Baseline,260
1790266948.601098630,Phase1_Baseline,260
1790266948.671359689,Phase1_Baseline,261
1790266948.747263261,Phase1_Baseline,261
1790266948.824033350,Phase1_Baseline,261
1790266948.902371479,Phase1_Baseline,261
1790266948.975359909,Phase1_Baseline,261
1790266949.053948868,Phase1_Baseline,262
1790266949.135232829,Phase1_Baseline,262
1790266949.186010480,Phase1_Baseline,262
1790266949.264062911,Phase1_Baseline,263
1790266949.342287210,Phase1_Baseline,263
1790266949.412389474,Phase1_Baseline,263
1790266949.492414677,Phase1_Baseline,264
1790266949.580843367,Phase1_Baseline,264
1790266949.644752476,Phase1_Baseline,265
1790266949.728484539,Phase1_Baseline,265
1790266949.796679909,Phase1_Baseline,266
1790266949.874279834,Phase1_Baseline,266
1790266949.949019308,Phase1_Baseline,267
1790266950.024952881,Phase1_Baseline,267
1790266950.096746432,Phase1_Baseline,268
1790266950.168569620,Phase1_Baseline,269
1790266950.245540842,Phase1_Baseline,269
1790266950.308461646,Phase1_Baseline,270
1790266950.391805989,Phase1_Baseline,271
1790266950.471062055,Phase1_Baseline,272
1790266950.548575122,Phase1_Baseline,273
1790266950.631052203,Phase1_Baseline,274
1790266950.711749886,Phase1_Baseline,275
1790266950.786101704,Phase1_Baseline,276
1790266950.868374122,Phase1_Baseline,277
1790266950.954785311,Phase1_Baseline,278
1790266951.043439527,Phase1_Baseline,279
1790266951.126173676,Phase1_Baseline,281
1790266951.204956675,Phase1_Baseline,282
1790266951.283497684,Phase1_Baseline,283
1790266951.355621563,Phase1_Baseline,285
1790266951.433371412,Phase1_Baseline,286
1790266951.497885888,Phase1_Baseline,288
1790266951.579739480,Phase1_Baseline,289
1790266951.666121992,Phase1_Baseline,291
1790266951.747164917,Phase1_Baseline,293
1790266951.823902189,Phase1_Baseline,295
1790266951.911592141,Phase1_Baseline,297
1790266951.991469299,Phase1_Baseline,299
1790266952.066762171,Phase1_Baseline,301
1790266952.160002138,Phase1_Baseline,303
1790266952.239258416,Phase1_Baseline,305
1790266952.321358424,Phase1_Baseline,307
1790266952.387562906,Phase1_Baseline,310
1790266952.467363830,Phase1_Baseline,312
1790266952.546991973,Phase1_Baseline,315
1790266952.629284083,Phase1_Baseline,317
1790266952.704935152,Phase1_Baseline,319
1790266952.788463859,Phase1_Baseline,323
1790266952.876020693,Phase1_Baseline,326
1790266952.955957933,Phase1_Baseline,328
1790266953.025693055,Phase1_Baseline,332
1790266953.110422310,Phase1_Baseline,334
1790266953.181368922,Phase1_Baseline,337
1790266953.254755504,Phase1_Baseline,340
1790266953.344953101,Phase1_Baseline,344
1790266953.434353238,Phase1_Baseline,347
1790266953.514388835,Phase1_Baseline,292
1790266953.596049268,Phase1_Baseline,246
1790266953.677468579,Phase1_Baseline,249
1790266953.758324309,Phase1_Baseline,253
1790266953.839508773,Phase1_Baseline,257
1790266953.918323128,Phase1_Baseline,260
1790266954.002438454,Phase1_Baseline,264
1790266954.085017011,Phase1_Baseline,267
1790266954.164464667,Phase1_Baseline,270
1790266954.247287886,Phase1_Baseline,274
1790266954.330272585,Phase1_Baseline,277
1790266954.416993944,Phase1_Baseline,281
1790266954.501501050,Phase1_Baseline,283
1790266954.583363786,Phase1_Baseline,287
1790266954.661378298,Phase1_Baseline,290
1790266954.744088791,Phase1_Baseline,292
1790266954.823355829,Phase1_Baseline,295
1790266954.895095257,Phase1_Baseline,297
1790266954.961234471,Phase1_Baseline,299
1790266955.036378091,Phase1_Baseline,301
1790266955.138739632,Phase1_Baseline,304
1790266955.189544011,Phase1_Baseline,306
1790266955.254404328,Phase1_Baseline,307
1790266955.326817052,Phase1_Baseline,309
1790266955.386403027,Phase1_Baseline,311
1790266955.464729438,Phase1_Baseline,313
1790266955.543586979,Phase1_Baseline,315
1790266955.623419557,Phase1_Baseline,317
1790266955.700951526,Phase1_Baseline,319
1790266955.780569500,Phase1_Baseline,321
1790266955.844025407,Phase1_Baseline,322
1790266955.912139639,Phase1_Baseline,323
1790266955.992790947,Phase1_Baseline,325
1790266956.070724074,Phase1_Baseline,326
1790266956.149482103,Phase1_Baseline,328
1790266956.221469714,Phase1_Baseline,329
1790266956.298478720,Phase1_Baseline,330
1790266956.362126595,Phase1_Baseline,331
1790266956.442522690,Phase1_Baseline,332
1790266956.521399550,Phase1_Baseline,333
1790266956.604570778,Phase1_Baseline,335
1790266956.692366627,Phase1_Baseline,336
1790266956.776546379,Phase1_Baseline,337
1790266956.854232752,Phase1_Baseline,338
1790266956.939920606,Phase1_Baseline,339
1790266957.017633489,Phase1_Baseline,340
1790266957.090942060,Phase1_Baseline,238
1790266957.172642853,Phase1_Baseline,238
1790266957.247228173,Phase1_Baseline,238
1790266957.329132758,Phase1_Baseline,240
1790266957.412747444,Phase1_Baseline,243
1790266957.502248860,Phase1_Baseline,245
1790266957.596748738,Phase1_Baseline,248
1790266957.679426680,Phase1_Baseline,250
1790266957.740596819,Phase1_Baseline,252
1790266957.816873324,Phase1_Baseline,254
1790266957.897224243,Phase1_Baseline,256
1790266957.980721300,Phase1_Baseline,258
1790266958.069836126,Phase1_Baseline,260
1790266958.148359344,Phase1_Baseline,261
1790266958.220399546,Phase1_Baseline,262
1790266958.288697584,Phase1_Baseline,264
1790266958.366222127,Phase1_Baseline,265
1790266958.436259157,Phase1_Baseline,266
1790266958.488362662,Phase1_Baseline,267
1790266958.544948113,Phase1_Baseline,268
1790266958.607071460,Phase1_Baseline,269
1790266958.686691949,Phase1_Baseline,270
1790266958.768133758,Phase1_Baseline,272
1790266958.847094430,Phase1_Baseline,273
1790266958.927310147,Phase1_Baseline,274
1790266958.993984689,Phase1_Baseline,275
1790266959.074138833,Phase1_Baseline,276
1790266959.148617992,Phase1_Baseline,277
1790266959.211548314,Phase1_Baseline,278
1790266959.295400185,Phase1_Baseline,279
1790266959.372587635,Phase1_Baseline,280
1790266959.441545312,Phase1_Baseline,281
1790266959.521610540,Phase1_Baseline,282
1790266959.605690056,Phase1_Baseline,282
1790266959.692420378,Phase1_Baseline,283
1790266959.757531895,Phase1_Baseline,283
1790266959.819995237,Phase1_Baseline,284
1790266959.890994873,Phase1_Baseline,284
1790266959.973400943,Phase1_Baseline,285
1790266960.051424852,Phase1_Baseline,285
1790266960.113436805,Phase1_Baseline,286
1790266960.186663683,Phase1_Baseline,286
1790266960.269617423,Phase1_Baseline,286
1790266960.359838464,Phase1_Baseline,287
1790266960.441536900,Phase1_Baseline,287
1790266960.520575754,Phase1_Baseline,287
1790266960.584166873,Phase1_Baseline,288
1790266960.648787217,Phase1_Baseline,288
1790266960.727769139,Phase1_Baseline,288
1790266960.806339187,Phase1_Baseline,288
1790266960.886833337,Phase1_Baseline,289
1790266960.970173055,Phase1_Baseline,289
1790266961.048552868,Phase1_Baseline,289
1790266961.130117305,Phase1_Baseline,289
1790266961.201013908,Phase1_Baseline,289
1790266961.270750805,Phase1_Baseline,289
1790266961.343380362,Phase1_Baseline,289
1790266961.421678398,Phase1_Baseline,289
1790266961.502585208,Phase1_Baseline,289
1790266962.788583987,Phase2_Migrated,10
1790266962.880360234,Phase2_Migrated,10
1790266962.972403327,Phase2_Migrated,18
1790266963.062858452,Phase2_Migrated,44
1790266963.157282518,Phase2_Migrated,111
1790266963.251861219,Phase2_Migrated,217
1790266963.343689031,Phase2_Migrated,528
1790266963.436390337,Phase2_Migrated,528
1790266963.523719779,Phase2_Migrated,412
1790266963.614731242,Phase2_Migrated,369
1790266963.700440202,Phase2_Migrated,369
1790266963.758057807,Phase2_Migrated,327
1790266963.834376335,Phase2_Migrated,298
1790266963.927790871,Phase2_Migrated,258
1790266964.026265440,Phase2_Migrated,261
1790266964.116439855,Phase2_Migrated,263
1790266964.210225366,Phase2_Migrated,266
1790266964.301254306,Phase2_Migrated,269
1790266964.395978931,Phase2_Migrated,272
1790266964.489396088,Phase2_Migrated,274
1790266964.583242786,Phase2_Migrated,276
1790266964.679002955,Phase2_Migrated,279
1790266964.776237039,Phase2_Migrated,281
1790266964.870353655,Phase2_Migrated,283
1790266964.946071710,Phase2_Migrated,285
1790266965.029847238,Phase2_Migrated,286
1790266965.116497610,Phase2_Migrated,288
1790266965.209472459,Phase2_Migrated,289
1790266965.291502795,Phase2_Migrated,291
1790266965.379432593,Phase2_Migrated,293
1790266965.474289285,Phase2_Migrated,294
1790266965.570030735,Phase2_Migrated,296
1790266965.667018992,Phase2_Migrated,297
1790266965.766206146,Phase2_Migrated,298
1790266965.855806223,Phase2_Migrated,300
1790266965.946839786,Phase2_Migrated,301
1790266966.043791214,Phase2_Migrated,302
1790266966.140806227,Phase2_Migrated,303
1790266966.235088073,Phase2_Migrated,305
1790266966.326688893,Phase2_Migrated,305
1790266966.417351079,Phase2_Migrated,306
1790266966.478039732,Phase2_Migrated,307
1790266966.574092525,Phase2_Migrated,307
1790266966.677850024,Phase2_Migrated,308
1790266966.782995715,Phase2_Migrated,309
1790266966.878866177,Phase2_Migrated,309
1790266966.973876220,Phase2_Migrated,310
1790266967.057435596,Phase2_Migrated,310
1790266967.154021519,Phase2_Migrated,311
1790266967.237052331,Phase2_Migrated,311
1790266967.329065715,Phase2_Migrated,311
1790266967.424037207,Phase2_Migrated,312
1790266967.515922862,Phase2_Migrated,312
1790266967.610793948,Phase2_Migrated,312
1790266967.710707000,Phase2_Migrated,313
1790266967.800217296,Phase2_Migrated,313
1790266967.873768496,Phase2_Migrated,313
1790266967.980728632,Phase2_Migrated,313
1790266968.069677460,Phase2_Migrated,313
1790266968.161605542,Phase2_Migrated,313
1790266968.235855409,Phase2_Migrated,313
1790266968.293506471,Phase2_Migrated,313
1790266968.372150586,Phase2_Migrated,313
1790266968.446091003,Phase2_Migrated,313
1790266968.502611729,Phase2_Migrated,313
1790266968.563928619,Phase2_Migrated,313
1790266968.641952891,Phase2_Migrated,313
1790266968.737366852,Phase2_Migrated,313
1790266968.829057802,Phase2_Migrated,313
1790266968.928177351,Phase2_Migrated,313
1790266969.028773087,Phase2_Migrated,313
1790266969.122521850,Phase2_Migrated,313
1790266969.197807576,Phase2_Migrated,313
1790266969.272544945,Phase2_Migrated,313
1790266969.345529830,Phase2_Migrated,313
1790266969.431887577,Phase2_Migrated,313
1790266969.519297221,Phase2_Migrated,313
1790266969.608128858,Phase2_Migrated,313
1790266969.697875875,Phase2_Migrated,313
1790266969.774330658,Phase2_Migrated,313
1790266969.859808147,Phase2_Migrated,313
1790266969.956849856,Phase2_Migrated,313
1790266970.054094085,Phase2_Migrated,313
1790266970.147754139,Phase2_Migrated,313
1790266970.244524355,Phase2_Migrated,313
1790266970.333366832,Phase2_Migrated,313
1790266970.425251286,Phase2_Migrated,313
1790266970.492483546,Phase2_Migrated,314
1790266970.575429648,Phase2_Migrated,314
1790266970.673169048,Phase2_Migrated,314
1790266970.770238251,Phase2_Migrated,315
1790266970.871132861,Phase2_Migrated,315
1790266970.956605227,Phase2_Migrated,315
1790266971.057242225,Phase2_Migrated,316
1790266971.143289255,Phase2_Migrated,316
1790266971.232903855,Phase2_Migrated,317
1790266971.321724069,Phase2_Migrated,317
1790266971.407541727,Phase2_Migrated,318
1790266971.499905539,Phase2_Migrated,318
1790266971.595034047,Phase2_Migrated,319
1790266971.688607743,Phase2_Migrated,320
1790266971.787510073,Phase2_Migrated,321
1790266971.878761200,Phase2_Migrated,322
1790266971.977393633,Phase2_Migrated,323
1790266972.083081376,Phase2_Migrated,324
1790266972.177019727,Phase2_Migrated,325
1790266972.262491962,Phase2_Migrated,326
1790266972.341006319,Phase2_Migrated,327
1790266972.430444003,Phase2_Migrated,328
1790266972.517969144,Phase2_Migrated,329
1790266972.614236885,Phase2_Migrated,330
1790266972.708243953,Phase2_Migrated,331
1790266972.801910452,Phase2_Migrated,332
1790266972.892726669,Phase2_Migrated,293
1790266972.986986096,Phase2_Migrated,233
1790266973.086063183,Phase2_Migrated,233
1790266973.166394843,Phase2_Migrated,163
1790266973.243822330,Phase2_Migrated,163
1790266973.330171412,Phase2_Migrated,163
1790266973.422670630,Phase2_Migrated,114
1790266973.500624174,Phase2_Migrated,115
1790266973.593390893,Phase2_Migrated,117
1790266973.690818320,Phase2_Migrated,118
1790266973.773306081,Phase2_Migrated,120
1790266973.862565193,Phase2_Migrated,121
1790266973.955245358,Phase2_Migrated,122
1790266974.044897713,Phase2_Migrated,124
1790266974.135499195,Phase2_Migrated,125
1790266974.225318451,Phase2_Migrated,126
1790266974.308428833,Phase2_Migrated,127
1790266974.395894683,Phase2_Migrated,128
1790266974.489975912,Phase2_Migrated,129
1790266974.584309909,Phase2_Migrated,130
1790266974.673391324,Phase2_Migrated,131
1790266974.766041799,Phase2_Migrated,132
1790266974.856231214,Phase2_Migrated,133
1790266974.954591494,Phase2_Migrated,133
1790266975.013772922,Phase2_Migrated,133
1790266975.079858799,Phase2_Migrated,134
1790266975.160944400,Phase2_Migrated,135
1790266975.252914330,Phase2_Migrated,135
1790266975.349796666,Phase2_Migrated,135
1790266975.448879129,Phase2_Migrated,136
1790266975.551243091,Phase2_Migrated,136
1790266975.646784044,Phase2_Migrated,137
1790266975.747056688,Phase2_Migrated,137
1790266975.851818610,Phase2_Migrated,137
1790266975.945124591,Phase2_Migrated,137
1790266976.032619971,Phase2_Migrated,138
1790266976.115981640,Phase2_Migrated,138
1790266976.204701342,Phase2_Migrated,138
1790266976.292357162,Phase2_Migrated,138
1790266976.368852696,Phase2_Migrated,138
1790266976.467143045,Phase2_Migrated,138
1790266976.558761337,Phase2_Migrated,138
1790266976.655736613,Phase2_Migrated,138
1790266976.751913131,Phase2_Migrated,138
1790266976.838727525,Phase2_Migrated,139
1790266976.926731464,Phase2_Migrated,140
1790266977.016374531,Phase2_Migrated,140
1790266977.087371644,Phase2_Migrated,141
1790266977.175334913,Phase2_Migrated,141
1790266977.246413520,Phase2_Migrated,142
1790266977.328029693,Phase2_Migrated,142
1790266977.414548888,Phase2_Migrated,143
1790266977.510509016,Phase2_Migrated,144
1790266977.593237555,Phase2_Migrated,144
1790266977.676399136,Phase2_Migrated,145
1790266977.770933289,Phase2_Migrated,146
1790266977.865704561,Phase2_Migrated,146
1790266977.959806631,Phase2_Migrated,147
1790266978.048232483,Phase2_Migrated,148
1790266978.137123526,Phase2_Migrated,148
1790266978.226590248,Phase2_Migrated,149
1790266978.298470654,Phase2_Migrated,149
1790266978.370420020,Phase2_Migrated,150
1790266978.444956011,Phase2_Migrated,150
1790266978.504864595,Phase2_Migrated,151
1790266978.568357089,Phase2_Migrated,151
1790266978.651550221,Phase2_Migrated,152
1790266978.738223843,Phase2_Migrated,153
1790266978.842002131,Phase2_Migrated,154
1790266978.939881150,Phase2_Migrated,154
1790266979.036100012,Phase2_Migrated,155
1790266979.111236604,Phase2_Migrated,156
1790266979.200526150,Phase2_Migrated,156
1790266979.294167007,Phase2_Migrated,157
1790266979.380962302,Phase2_Migrated,157
1790266979.475972474,Phase2_Migrated,158
1790266979.571967132,Phase2_Migrated,159
1790266979.667014386,Phase2_Migrated,160
1790266979.761124455,Phase2_Migrated,160
1790266979.855022122,Phase2_Migrated,161
1790266979.941727888,Phase2_Migrated,161
1790266980.031294748,Phase2_Migrated,162
1790266980.112749827,Phase2_Migrated,163
1790266980.188993483,Phase2_Migrated,163
1790266980.278432702,Phase2_Migrated,164
1790266980.367466313,Phase2_Migrated,165
1790266980.454564447,Phase2_Migrated,165
1790266980.529019414,Phase2_Migrated,166
1790266980.609636542,Phase2_Migrated,166
1790266980.695803809,Phase2_Migrated,167
1790266980.790513693,Phase2_Migrated,168
1790266980.874227244,Phase2_Migrated,168
1790266980.959079926,Phase2_Migrated,169
1790266981.052831676,Phase2_Migrated,170
1790266981.154008927,Phase2_Migrated,170
1790266981.214896076,Phase2_Migrated,171
1790266981.285829566,Phase2_Migrated,171
1790266981.350868323,Phase2_Migrated,172
1790266981.442533573,Phase2_Migrated,172
1790266981.539724437,Phase2_Migrated,173
1790266981.638971609,Phase2_Migrated,174
1790266981.706409380,Phase2_Migrated,175
1790266981.773636096,Phase2_Migrated,175
1790266981.845474008,Phase2_Migrated,175
1790266981.938575327,Phase2_Migrated,177
1790266982.029843988,Phase2_Migrated,179
1790266982.139959264,Phase2_Migrated,181
1790266982.238723671,Phase2_Migrated,184
1790266982.321913726,Phase2_Migrated,186
1790266982.410377481,Phase2_Migrated,188
1790266982.503622951,Phase2_Migrated,192
1790266982.598116895,Phase2_Migrated,194
1790266982.691923426,Phase2_Migrated,198
1790266982.768416298,Phase2_Migrated,201
1790266982.861416931,Phase2_Migrated,203
1790266982.952787686,Phase2_Migrated,207
1790266983.052118682,Phase2_Migrated,210
1790266983.108023264,Phase2_Migrated,213
1790266983.177293028,Phase2_Migrated,216
1790266983.259165022,Phase2_Migrated,219
1790266983.352330816,Phase2_Migrated,223
1790266983.448610492,Phase2_Migrated,227
1790266983.539809957,Phase2_Migrated,231
1790266983.631959990,Phase2_Migrated,235
1790266983.721775330,Phase2_Migrated,239
1790266983.810640878,Phase2_Migrated,244
1790266983.901231862,Phase2_Migrated,249
1790266983.994614000,Phase2_Migrated,253
1790266984.089820079,Phase2_Migrated,258
1790266984.182523974,Phase2_Migrated,263
1790266984.272049953,Phase2_Migrated,268
1790266984.358152544,Phase2_Migrated,273
1790266984.449761425,Phase2_Migrated,278
1790266984.539030847,Phase2_Migrated,284
1790266984.640769150,Phase2_Migrated,290
1790266984.729347476,Phase2_Migrated,296
1790266984.823750072,Phase2_Migrated,302
1790266984.901245969,Phase2_Migrated,307
1790266984.974031282,Phase2_Migrated,312
1790266985.039543313,Phase2_Migrated,316
1790266985.116497067,Phase2_Migrated,323
1790266985.210904174,Phase2_Migrated,329
1790266985.301340593,Phase2_Migrated,335
1790266985.387771227,Phase2_Migrated,292
1790266985.467249243,Phase2_Migrated,238
1790266985.558797386,Phase2_Migrated,238
1790266985.647051127,Phase2_Migrated,151
1790266985.739892294,Phase2_Migrated,156
1790266985.822799657,Phase2_Migrated,136
1790266985.910303755,Phase2_Migrated,122
1790266985.996478046,Phase2_Migrated,116
1790266986.084972325,Phase2_Migrated,116
1790266986.175019630,Phase2_Migrated,118
1790266986.255259405,Phase2_Migrated,119
1790266986.331079943,Phase2_Migrated,120
1790266986.416720616,Phase2_Migrated,122
1790266986.506840616,Phase2_Migrated,123
1790266986.591922632,Phase2_Migrated,124
1790266986.685253088,Phase2_Migrated,126
1790266988.394162284,Uninterrupted_Baseline,1
1790266988.467440521,Uninterrupted_Baseline,1
1790266988.519437088,Uninterrupted_Baseline,1
1790266988.592415990,Uninterrupted_Baseline,1
1790266988.661569285,Uninterrupted_Baseline,1
1790266988.737847550,Uninterrupted_Baseline,1
1790266988.819915672,Uninterrupted_Baseline,1
1790266988.903743871,Uninterrupted_Baseline,1
1790266988.992111509,Uninterrupted_Baseline,1
1790266989.078526323,Uninterrupted_Baseline,1
1790266989.154612798,Uninterrupted_Baseline,1
1790266989.221965125,Uninterrupted_Baseline,1
1790266989.302818344,Uninterrupted_Baseline,1
1790266989.381817456,Uninterrupted_Baseline,1
1790266989.463789275,Uninterrupted_Baseline,1
1790266989.548153890,Uninterrupted_Baseline,1
1790266989.631049154,Uninterrupted_Baseline,1
1790266989.708402469,Uninterrupted_Baseline,10
1790266989.708402469,Uninterrupted_Baseline,1
1790266989.777767591,Uninterrupted_Baseline,20
1790266989.777767591,Uninterrupted_Baseline,1
1790266989.858616641,Uninterrupted_Baseline,46
1790266989.858616641,Uninterrupted_Baseline,1
1790266989.937828007,Uninterrupted_Baseline,55
1790266989.937828007,Uninterrupted_Baseline,1
1790266990.003933875,Uninterrupted_Baseline,140
1790266990.003933875,Uninterrupted_Baseline,1
1790266990.088138758,Uninterrupted_Baseline,169
1790266990.088138758,Uninterrupted_Baseline,1
1790266990.172057672,Uninterrupted_Baseline,502
1790266990.172057672,Uninterrupted_Baseline,1
1790266990.253775333,Uninterrupted_Baseline,723
1790266990.253775333,Uninterrupted_Baseline,1
1790266990.330065475,Uninterrupted_Baseline,723
1790266990.330065475,Uninterrupted_Baseline,1
1790266990.410102613,Uninterrupted_Baseline,648
1790266990.410102613,Uninterrupted_Baseline,1
1790266990.492150107,Uninterrupted_Baseline,506
1790266990.492150107,Uninterrupted_Baseline,1
1790266990.556487251,Uninterrupted_Baseline,506
1790266990.556487251,Uninterrupted_Baseline,1
1790266990.638120518,Uninterrupted_Baseline,506
1790266990.638120518,Uninterrupted_Baseline,1
1790266990.721610703,Uninterrupted_Baseline,400
1790266990.721610703,Uninterrupted_Baseline,1
1790266990.784542069,Uninterrupted_Baseline,354
1790266990.784542069,Uninterrupted_Baseline,1
1790266990.863059839,Uninterrupted_Baseline,335
1790266990.863059839,Uninterrupted_Baseline,1
1790266990.939795293,Uninterrupted_Baseline,247
1790266990.939795293,Uninterrupted_Baseline,1
1790266991.023512292,Uninterrupted_Baseline,225
1790266991.023512292,Uninterrupted_Baseline,1
1790266991.107604971,Uninterrupted_Baseline,172
1790266991.107604971,Uninterrupted_Baseline,1
1790266991.190577107,Uninterrupted_Baseline,148
1790266991.190577107,Uninterrupted_Baseline,1
1790266991.262981699,Uninterrupted_Baseline,121
1790266991.262981699,Uninterrupted_Baseline,1
1790266991.344364054,Uninterrupted_Baseline,123
1790266991.344364054,Uninterrupted_Baseline,1
1790266991.430335489,Uninterrupted_Baseline,124
1790266991.430335489,Uninterrupted_Baseline,1
1790266991.513118541,Uninterrupted_Baseline,126
1790266991.513118541,Uninterrupted_Baseline,1
1790266991.593073632,Uninterrupted_Baseline,127
1790266991.593073632,Uninterrupted_Baseline,1
1790266991.674037434,Uninterrupted_Baseline,128
1790266991.674037434,Uninterrupted_Baseline,1
1790266991.753237617,Uninterrupted_Baseline,129
1790266991.753237617,Uninterrupted_Baseline,1
1790266991.834529555,Uninterrupted_Baseline,130
1790266991.834529555,Uninterrupted_Baseline,1
1790266991.912786069,Uninterrupted_Baseline,132
1790266991.912786069,Uninterrupted_Baseline,1
1790266991.988132401,Uninterrupted_Baseline,133
1790266991.988132401,Uninterrupted_Baseline,1
1790266992.071442269,Uninterrupted_Baseline,134
1790266992.071442269,Uninterrupted_Baseline,1
1790266992.155626181,Uninterrupted_Baseline,135
1790266992.155626181,Uninterrupted_Baseline,1
1790266992.244116546,Uninterrupted_Baseline,136
1790266992.244116546,Uninterrupted_Baseline,1
1790266992.323888145,Uninterrupted_Baseline,137
1790266992.323888145,Uninterrupted_Baseline,1
1790266992.403180574,Uninterrupted_Baseline,138
1790266992.403180574,Uninterrupted_Baseline,1
1790266992.484959172,Uninterrupted_Baseline,139
1790266992.484959172,Uninterrupted_Baseline,1
1790266992.568616569,Uninterrupted_Baseline,140
1790266992.568616569,Uninterrupted_Baseline,1
1790266992.647533455,Uninterrupted_Baseline,140
1790266992.647533455,Uninterrupted_Baseline,1
1790266992.731597485,Uninterrupted_Baseline,141
1790266992.731597485,Uninterrupted_Baseline,1
1790266992.816102320,Uninterrupted_Baseline,142
1790266992.816102320,Uninterrupted_Baseline,1
1790266992.896899725,Uninterrupted_Baseline,142
1790266992.896899725,Uninterrupted_Baseline,1
1790266992.960705433,Uninterrupted_Baseline,143
1790266992.960705433,Uninterrupted_Baseline,1
1790266993.039587808,Uninterrupted_Baseline,143
1790266993.039587808,Uninterrupted_Baseline,1
1790266993.127360049,Uninterrupted_Baseline,144
1790266993.127360049,Uninterrupted_Baseline,1
1790266993.215939168,Uninterrupted_Baseline,144
1790266993.215939168,Uninterrupted_Baseline,1
1790266993.298441630,Uninterrupted_Baseline,145
1790266993.298441630,Uninterrupted_Baseline,1
1790266993.382591802,Uninterrupted_Baseline,145
1790266993.382591802,Uninterrupted_Baseline,1
1790266993.464789735,Uninterrupted_Baseline,145
1790266993.464789735,Uninterrupted_Baseline,1
1790266993.558793187,Uninterrupted_Baseline,146
1790266993.558793187,Uninterrupted_Baseline,1
1790266993.648619720,Uninterrupted_Baseline,146
1790266993.648619720,Uninterrupted_Baseline,1
1790266993.736167839,Uninterrupted_Baseline,146
1790266993.736167839,Uninterrupted_Baseline,1
1790266993.814544800,Uninterrupted_Baseline,146
1790266993.814544800,Uninterrupted_Baseline,1
1790266993.901359308,Uninterrupted_Baseline,146
1790266993.901359308,Uninterrupted_Baseline,1
1790266993.964163357,Uninterrupted_Baseline,147
1790266993.964163357,Uninterrupted_Baseline,1
1790266994.027241726,Uninterrupted_Baseline,147
1790266994.027241726,Uninterrupted_Baseline,1
1790266994.107415876,Uninterrupted_Baseline,147
1790266994.107415876,Uninterrupted_Baseline,1
1790266994.186800815,Uninterrupted_Baseline,147
1790266994.186800815,Uninterrupted_Baseline,1
1790266994.250223566,Uninterrupted_Baseline,147
1790266994.250223566,Uninterrupted_Baseline,1
1790266994.317560254,Uninterrupted_Baseline,147
1790266994.317560254,Uninterrupted_Baseline,1
1790266994.399873127,Uninterrupted_Baseline,147
1790266994.399873127,Uninterrupted_Baseline,1
1790266994.482636775,Uninterrupted_Baseline,147
1790266994.482636775,Uninterrupted_Baseline,1
1790266994.566927637,Uninterrupted_Baseline,147
1790266994.566927637,Uninterrupted_Baseline,1
1790266994.631991928,Uninterrupted_Baseline,147
1790266994.631991928,Uninterrupted_Baseline,1
1790266994.712124923,Uninterrupted_Baseline,147
1790266994.712124923,Uninterrupted_Baseline,1
1790266994.794953963,Uninterrupted_Baseline,147
1790266994.794953963,Uninterrupted_Baseline,1
1790266994.870699305,Uninterrupted_Baseline,147
1790266994.870699305,Uninterrupted_Baseline,1
1790266994.937637103,Uninterrupted_Baseline,147
1790266994.937637103,Uninterrupted_Baseline,1
1790266995.015001855,Uninterrupted_Baseline,148
1790266995.015001855,Uninterrupted_Baseline,1
1790266995.081444226,Uninterrupted_Baseline,149
1790266995.081444226,Uninterrupted_Baseline,1
1790266995.136914631,Uninterrupted_Baseline,149
1790266995.136914631,Uninterrupted_Baseline,1
1790266995.204241087,Uninterrupted_Baseline,150
1790266995.204241087,Uninterrupted_Baseline,1
1790266995.296544303,Uninterrupted_Baseline,150
1790266995.296544303,Uninterrupted_Baseline,1
1790266995.377892787,Uninterrupted_Baseline,151
1790266995.377892787,Uninterrupted_Baseline,1
1790266995.459163665,Uninterrupted_Baseline,151
1790266995.459163665,Uninterrupted_Baseline,1
1790266995.518250338,Uninterrupted_Baseline,152
1790266995.518250338,Uninterrupted_Baseline,1
1790266995.602043451,Uninterrupted_Baseline,153
1790266995.602043451,Uninterrupted_Baseline,1
1790266995.679678486,Uninterrupted_Baseline,153
1790266995.679678486,Uninterrupted_Baseline,1
1790266995.755348607,Uninterrupted_Baseline,154
1790266995.755348607,Uninterrupted_Baseline,1
1790266995.831255045,Uninterrupted_Baseline,154
1790266995.831255045,Uninterrupted_Baseline,1
1790266995.913257986,Uninterrupted_Baseline,155
1790266995.913257986,Uninterrupted_Baseline,1
1790266995.995156295,Uninterrupted_Baseline,155
1790266995.995156295,Uninterrupted_Baseline,1
1790266996.079575955,Uninterrupted_Baseline,156
1790266996.079575955,Uninterrupted_Baseline,1
1790266996.161219112,Uninterrupted_Baseline,157
1790266996.161219112,Uninterrupted_Baseline,1
1790266996.243504328,Uninterrupted_Baseline,157
1790266996.243504328,Uninterrupted_Baseline,1
1790266996.300170323,Uninterrupted_Baseline,158
1790266996.300170323,Uninterrupted_Baseline,1
1790266996.366804442,Uninterrupted_Baseline,158
1790266996.366804442,Uninterrupted_Baseline,1
1790266996.448375985,Uninterrupted_Baseline,159
1790266996.448375985,Uninterrupted_Baseline,1
1790266996.529156554,Uninterrupted_Baseline,159
1790266996.529156554,Uninterrupted_Baseline,1
1790266996.620853705,Uninterrupted_Baseline,160
1790266996.620853705,Uninterrupted_Baseline,1
1790266996.688754863,Uninterrupted_Baseline,160
1790266996.688754863,Uninterrupted_Baseline,1
1790266996.755381968,Uninterrupted_Baseline,161
1790266996.755381968,Uninterrupted_Baseline,1
1790266996.838599871,Uninterrupted_Baseline,162
1790266996.838599871,Uninterrupted_Baseline,1
1790266996.905112345,Uninterrupted_Baseline,162
1790266996.905112345,Uninterrupted_Baseline,1
1790266996.972959807,Uninterrupted_Baseline,162
1790266996.972959807,Uninterrupted_Baseline,1
1790266997.055960797,Uninterrupted_Baseline,163
1790266997.055960797,Uninterrupted_Baseline,1
1790266997.139520505,Uninterrupted_Baseline,164
1790266997.139520505,Uninterrupted_Baseline,1
1790266997.205518202,Uninterrupted_Baseline,164
1790266997.205518202,Uninterrupted_Baseline,1
1790266997.259774143,Uninterrupted_Baseline,165
1790266997.259774143,Uninterrupted_Baseline,1
1790266997.341578367,Uninterrupted_Baseline,165
1790266997.341578367,Uninterrupted_Baseline,1
1790266997.410636006,Uninterrupted_Baseline,166
1790266997.410636006,Uninterrupted_Baseline,1
1790266997.492370414,Uninterrupted_Baseline,166
1790266997.492370414,Uninterrupted_Baseline,1
1790266997.569974165,Uninterrupted_Baseline,167
1790266997.569974165,Uninterrupted_Baseline,1
1790266997.635943697,Uninterrupted_Baseline,167
1790266997.635943697,Uninterrupted_Baseline,1
1790266997.702732387,Uninterrupted_Baseline,168
1790266997.702732387,Uninterrupted_Baseline,1
1790266997.769437651,Uninterrupted_Baseline,168
1790266997.769437651,Uninterrupted_Baseline,1
1790266997.844032990,Uninterrupted_Baseline,169
1790266997.844032990,Uninterrupted_Baseline,1
1790266997.909016825,Uninterrupted_Baseline,169
1790266997.909016825,Uninterrupted_Baseline,1
1790266997.988147281,Uninterrupted_Baseline,170
1790266997.988147281,Uninterrupted_Baseline,1
1790266998.065576757,Uninterrupted_Baseline,171
1790266998.065576757,Uninterrupted_Baseline,1
1790266998.129314661,Uninterrupted_Baseline,171
1790266998.129314661,Uninterrupted_Baseline,1
1790266998.211775830,Uninterrupted_Baseline,172
1790266998.211775830,Uninterrupted_Baseline,1
1790266998.290027144,Uninterrupted_Baseline,172
1790266998.290027144,Uninterrupted_Baseline,1
1790266998.353954180,Uninterrupted_Baseline,173
1790266998.428141000,Uninterrupted_Baseline,173
1790266998.478903273,Uninterrupted_Baseline,174
1790266998.536482880,Uninterrupted_Baseline,174
1790266998.594308237,Uninterrupted_Baseline,174
1790266998.664489391,Uninterrupted_Baseline,175
1790266998.748760383,Uninterrupted_Baseline,176
1790266998.832896615,Uninterrupted_Baseline,176
1790266998.914377336,Uninterrupted_Baseline,177
1790266998.995224841,Uninterrupted_Baseline,177
1790266999.075395249,Uninterrupted_Baseline,178
1790266999.147078951,Uninterrupted_Baseline,178
1790266999.224504754,Uninterrupted_Baseline,179
1790266999.307704946,Uninterrupted_Baseline,180
1790266999.390441757,Uninterrupted_Baseline,180
1790266999.469326860,Uninterrupted_Baseline,181
1790266999.548982914,Uninterrupted_Baseline,181
1790266999.630051044,Uninterrupted_Baseline,182
1790266999.711505450,Uninterrupted_Baseline,182
1790266999.790121488,Uninterrupted_Baseline,184
1790266999.870301426,Uninterrupted_Baseline,185
1790266999.949254702,Uninterrupted_Baseline,187
1790267000.023140908,Uninterrupted_Baseline,189
1790267000.102801451,Uninterrupted_Baseline,191
1790267000.186131179,Uninterrupted_Baseline,193
1790267000.275934711,Uninterrupted_Baseline,196
1790267000.353540624,Uninterrupted_Baseline,198
1790267000.425627903,Uninterrupted_Baseline,200
1790267000.502827609,Uninterrupted_Baseline,202
1790267000.568234530,Uninterrupted_Baseline,204
1790267000.645386859,Uninterrupted_Baseline,207
1790267000.718554004,Uninterrupted_Baseline,209
1790267000.782419458,Uninterrupted_Baseline,212
1790267000.863701760,Uninterrupted_Baseline,215
1790267000.949124635,Uninterrupted_Baseline,218
1790267001.030549410,Uninterrupted_Baseline,222
1790267001.113104482,Uninterrupted_Baseline,225
1790267001.197608127,Uninterrupted_Baseline,228
1790267001.281289139,Uninterrupted_Baseline,232
1790267001.360573834,Uninterrupted_Baseline,235
1790267001.443615068,Uninterrupted_Baseline,238
1790267001.527005018,Uninterrupted_Baseline,242
1790267001.614907611,Uninterrupted_Baseline,247
1790267001.695364661,Uninterrupted_Baseline,251
1790267001.780228341,Uninterrupted_Baseline,255
1790267001.862309982,Uninterrupted_Baseline,259
1790267001.943548936,Uninterrupted_Baseline,263
1790267002.025576121,Uninterrupted_Baseline,267
1790267002.106482211,Uninterrupted_Baseline,271
1790267002.177389333,Uninterrupted_Baseline,276
1790267002.263984809,Uninterrupted_Baseline,280
1790267002.341806933,Uninterrupted_Baseline,285
1790267002.421742070,Uninterrupted_Baseline,290
1790267002.504699664,Uninterrupted_Baseline,295
1790267002.581341569,Uninterrupted_Baseline,299
1790267002.669015210,Uninterrupted_Baseline,305
1790267002.748328154,Uninterrupted_Baseline,311
1790267002.836516999,Uninterrupted_Baseline,316
1790267002.911301780,Uninterrupted_Baseline,322
1790267002.992561749,Uninterrupted_Baseline,327
1790267003.072270952,Uninterrupted_Baseline,332
1790267003.156407994,Uninterrupted_Baseline,339
1790267003.244240601,Uninterrupted_Baseline,345
1790267003.323943385,Uninterrupted_Baseline,351
1790267003.405834815,Uninterrupted_Baseline,297
1790267003.480945970,Uninterrupted_Baseline,249
1790267003.563636460,Uninterrupted_Baseline,249
1790267003.645341187,Uninterrupted_Baseline,208
1790267003.729802308,Uninterrupted_Baseline,175
1790267003.811784758,Uninterrupted_Baseline,178
1790267003.893773997,Uninterrupted_Baseline,180
1790267003.975778505,Uninterrupted_Baseline,182
1790267004.051071125,Uninterrupted_Baseline,183
1790267004.133576229,Uninterrupted_Baseline,185
1790267004.209039122,Uninterrupted_Baseline,186
1790267004.291278721,Uninterrupted_Baseline,188
1790267004.375765619,Uninterrupted_Baseline,189
1790267004.460161469,Uninterrupted_Baseline,190
1790267004.544290320,Uninterrupted_Baseline,192
1790267004.633897036,Uninterrupted_Baseline,193
1790267004.705636194,Uninterrupted_Baseline,195
1790267004.761167043,Uninterrupted_Baseline,195
1790267004.824502215,Uninterrupted_Baseline,196
1790267004.887660107,Uninterrupted_Baseline,197
1790267004.945353172,Uninterrupted_Baseline,198
1790267005.025532152,Uninterrupted_Baseline,199
1790267005.104374043,Uninterrupted_Baseline,200
1790267005.187151002,Uninterrupted_Baseline,201
1790267005.273679308,Uninterrupted_Baseline,203
1790267005.354981047,Uninterrupted_Baseline,203
1790267005.444811006,Uninterrupted_Baseline,204
1790267005.516786405,Uninterrupted_Baseline,205
1790267005.598975235,Uninterrupted_Baseline,206
1790267005.682284752,Uninterrupted_Baseline,206
1790267005.764879697,Uninterrupted_Baseline,207
1790267005.849515870,Uninterrupted_Baseline,207
1790267005.936084350,Uninterrupted_Baseline,208
1790267006.015239575,Uninterrupted_Baseline,208
1790267006.098323829,Uninterrupted_Baseline,209
1790267006.180157683,Uninterrupted_Baseline,209
1790267006.259157084,Uninterrupted_Baseline,210
1790267006.334181781,Uninterrupted_Baseline,210
1790267006.416345875,Uninterrupted_Baseline,210
1790267006.508975608,Uninterrupted_Baseline,211
1790267006.567927760,Uninterrupted_Baseline,211
1790267006.641795999,Uninterrupted_Baseline,211
1790267006.723345258,Uninterrupted_Baseline,211
1790267006.808083815,Uninterrupted_Baseline,211
1790267006.888088342,Uninterrupted_Baseline,212
1790267006.972577261,Uninterrupted_Baseline,212
1790267007.057925089,Uninterrupted_Baseline,212
1790267007.136869549,Uninterrupted_Baseline,212
1790267007.223241022,Uninterrupted_Baseline,212
1790267007.310025921,Uninterrupted_Baseline,212
1790267007.391500276,Uninterrupted_Baseline,212
1790267007.474687113,Uninterrupted_Baseline,212
1790267007.557050838,Uninterrupted_Baseline,212
1790267007.642614328,Uninterrupted_Baseline,212
1790267007.730028281,Uninterrupted_Baseline,212
1790267007.810990713,Uninterrupted_Baseline,212
1790267007.886061985,Uninterrupted_Baseline,212
1790267007.968356044,Uninterrupted_Baseline,212
1790267008.047724475,Uninterrupted_Baseline,212
1790267008.108845921,Uninterrupted_Baseline,212
1790267008.182549295,Uninterrupted_Baseline,212
1790267008.252685241,Uninterrupted_Baseline,212
1790267008.306382909,Uninterrupted_Baseline,212
1790267008.383970344,Uninterrupted_Baseline,212
1790267008.434854193,Uninterrupted_Baseline,212
1790267008.484146444,Uninterrupted_Baseline,212
1790267008.541563005,Uninterrupted_Baseline,212
1790267008.602813807,Uninterrupted_Baseline,212
1790267008.674163784,Uninterrupted_Baseline,212
1790267008.743420682,Uninterrupted_Baseline,212
1790267008.820289931,Uninterrupted_Baseline,212
1790267008.903037020,Uninterrupted_Baseline,212
1790267008.985449160,Uninterrupted_Baseline,213
1790267009.060695164,Uninterrupted_Baseline,213
1790267009.136981651,Uninterrupted_Baseline,214
1790267009.199674401,Uninterrupted_Baseline,214
1790267009.265591920,Uninterrupted_Baseline,215
1790267009.333150162,Uninterrupted_Baseline,215
1790267009.411459464,Uninterrupted_Baseline,216
1790267009.493177262,Uninterrupted_Baseline,217
1790267009.577060666,Uninterrupted_Baseline,217
1790267009.659221048,Uninterrupted_Baseline,218
1790267009.733023058,Uninterrupted_Baseline,218
1790267009.812614301,Uninterrupted_Baseline,219
1790267009.895465744,Uninterrupted_Baseline,220
1790267009.970993569,Uninterrupted_Baseline,220
1790267010.047577855,Uninterrupted_Baseline,221
1790267010.133554448,Uninterrupted_Baseline,221
1790267010.216554960,Uninterrupted_Baseline,222
1790267010.298960685,Uninterrupted_Baseline,223
1790267010.381361688,Uninterrupted_Baseline,223
1790267010.462878124,Uninterrupted_Baseline,224
1790267010.532686937,Uninterrupted_Baseline,224
1790267010.614426673,Uninterrupted_Baseline,225
1790267010.700915410,Uninterrupted_Baseline,225
1790267010.784479949,Uninterrupted_Baseline,226
1790267010.862504235,Uninterrupted_Baseline,227
1790267010.942566813,Uninterrupted_Baseline,227
1790267010.995741997,Uninterrupted_Baseline,228
1790267011.071163750,Uninterrupted_Baseline,228
1790267011.153804526,Uninterrupted_Baseline,229
1790267011.236910732,Uninterrupted_Baseline,229
1790267011.319164551,Uninterrupted_Baseline,230
1790267011.400879138,Uninterrupted_Baseline,231
1790267011.487911252,Uninterrupted_Baseline,231
1790267011.574573924,Uninterrupted_Baseline,232
1790267011.657557324,Uninterrupted_Baseline,232
1790267011.738768417,Uninterrupted_Baseline,233
1790267011.824038029,Uninterrupted_Baseline,234
1790267011.904924813,Uninterrupted_Baseline,234
1790267011.975522714,Uninterrupted_Baseline,235
1790267012.042704586,Uninterrupted_Baseline,235
1790267012.118060211,Uninterrupted_Baseline,236
1790267012.198046031,Uninterrupted_Baseline,237
1790267012.284168862,Uninterrupted_Baseline,238
1790267012.369612115,Uninterrupted_Baseline,240
1790267012.452878469,Uninterrupted_Baseline,242
1790267012.535487176,Uninterrupted_Baseline,243
1790267012.616558958,Uninterrupted_Baseline,245
1790267012.672881472,Uninterrupted_Baseline,247
1790267012.763126348,Uninterrupted_Baseline,249
1790267012.852699673,Uninterrupted_Baseline,251
1790267012.931900391,Uninterrupted_Baseline,253
1790267013.015820130,Uninterrupted_Baseline,255
1790267013.098710044,Uninterrupted_Baseline,258
1790267013.182551053,Uninterrupted_Baseline,260
1790267013.266533883,Uninterrupted_Baseline,262
1790267013.346404122,Uninterrupted_Baseline,265
1790267013.430878178,Uninterrupted_Baseline,267
1790267013.516585287,Uninterrupted_Baseline,270
1790267013.581341543,Uninterrupted_Baseline,272
1790267013.664950523,Uninterrupted_Baseline,275
1790267013.752509997,Uninterrupted_Baseline,278
1790267013.838115758,Uninterrupted_Baseline,281
1790267013.910356613,Uninterrupted_Baseline,284
1790267013.994086887,Uninterrupted_Baseline,287
1790267014.077294183,Uninterrupted_Baseline,290
1790267014.155921502,Uninterrupted_Baseline,294
1790267014.232613589,Uninterrupted_Baseline,297
1790267014.299467433,Uninterrupted_Baseline,300
1790267014.380696786,Uninterrupted_Baseline,304
1790267014.470272736,Uninterrupted_Baseline,307
1790267014.550161811,Uninterrupted_Baseline,312
1790267014.634495709,Uninterrupted_Baseline,316
1790267014.716382438,Uninterrupted_Baseline,319
1790267014.799358933,Uninterrupted_Baseline,324
1790267014.888415290,Uninterrupted_Baseline,328
1790267014.958021684,Uninterrupted_Baseline,331
1790267015.013270553,Uninterrupted_Baseline,334
1790267015.077109404,Uninterrupted_Baseline,338
1790267015.168153728,Uninterrupted_Baseline,237
1790267015.251723063,Uninterrupted_Baseline,239
1790267015.341006888,Uninterrupted_Baseline,242
1790267015.433585565,Uninterrupted_Baseline,247
1790267015.519958952,Uninterrupted_Baseline,251
1790267015.604464468,Uninterrupted_Baseline,255
1790267015.687100390,Uninterrupted_Baseline,258
1790267015.771765362,Uninterrupted_Baseline,261
1790267015.855249692,Uninterrupted_Baseline,265
1790267015.938118166,Uninterrupted_Baseline,268
1790267016.022812582,Uninterrupted_Baseline,271
1790267016.102683442,Uninterrupted_Baseline,274
1790267016.179460547,Uninterrupted_Baseline,277
1790267016.260528328,Uninterrupted_Baseline,279
1790267016.337989420,Uninterrupted_Baseline,282
1790267016.417391160,Uninterrupted_Baseline,285
1790267016.500746004,Uninterrupted_Baseline,287
1790267016.588103277,Uninterrupted_Baseline,290
1790267016.671268879,Uninterrupted_Baseline,292
1790267016.750427525,Uninterrupted_Baseline,295
1790267016.828501894,Uninterrupted_Baseline,297
1790267016.913074555,Uninterrupted_Baseline,299
1790267016.987319604,Uninterrupted_Baseline,301
1790267017.069109199,Uninterrupted_Baseline,303
1790267017.144869371,Uninterrupted_Baseline,305
1790267017.205909147,Uninterrupted_Baseline,307
1790267017.288211828,Uninterrupted_Baseline,309
1790267017.356064789,Uninterrupted_Baseline,310
1790267017.444837651,Uninterrupted_Baseline,312
1790267017.528011448,Uninterrupted_Baseline,313
1790267017.612111079,Uninterrupted_Baseline,315
1790267017.695706011,Uninterrupted_Baseline,316
1790267017.777778861,Uninterrupted_Baseline,318
1790267017.859152816,Uninterrupted_Baseline,319
1790267017.944354323,Uninterrupted_Baseline,321
1790267018.027275884,Uninterrupted_Baseline,322
1790267018.100622903,Uninterrupted_Baseline,323
1790267018.185032457,Uninterrupted_Baseline,324
1790267018.258853097,Uninterrupted_Baseline,325
1790267018.339297919,Uninterrupted_Baseline,326
1790267018.413442905,Uninterrupted_Baseline,327
1790267018.462589488,Uninterrupted_Baseline,328
1790267018.521455811,Uninterrupted_Baseline,277
1790267018.584679077,Uninterrupted_Baseline,229
1790267018.641224415,Uninterrupted_Baseline,229
1790267018.703679136,Uninterrupted_Baseline,229
1790267018.779579891,Uninterrupted_Baseline,230
1790267018.859327586,Uninterrupted_Baseline,233
1790267018.940068738,Uninterrupted_Baseline,235
1790267019.023383547,Uninterrupted_Baseline,237
1790267019.097221462,Uninterrupted_Baseline,239
1790267019.160081225,Uninterrupted_Baseline,241
1790267019.224053256,Uninterrupted_Baseline,242
1790267019.303989780,Uninterrupted_Baseline,244
1790267019.387643513,Uninterrupted_Baseline,246
1790267019.471913836,Uninterrupted_Baseline,248
1790267019.550874112,Uninterrupted_Baseline,250
1790267019.631154620,Uninterrupted_Baseline,252
1790267019.707274465,Uninterrupted_Baseline,253
1790267019.771857063,Uninterrupted_Baseline,254
1790267019.851285075,Uninterrupted_Baseline,255
1790267019.932849235,Uninterrupted_Baseline,257
1790267020.013689194,Uninterrupted_Baseline,258
1790267020.109230927,Uninterrupted_Baseline,260
1790267020.184515657,Uninterrupted_Baseline,261
1790267020.265147438,Uninterrupted_Baseline,262
1790267020.347748116,Uninterrupted_Baseline,263
1790267020.426907279,Uninterrupted_Baseline,264
1790267020.494081109,Uninterrupted_Baseline,265
1790267020.573055750,Uninterrupted_Baseline,266
1790267020.634798488,Uninterrupted_Baseline,267
1790267020.722369228,Uninterrupted_Baseline,268
1790267020.806501330,Uninterrupted_Baseline,269
1790267020.884451285,Uninterrupted_Baseline,270
1790267020.962399972,Uninterrupted_Baseline,271
1790267021.045573337,Uninterrupted_Baseline,271
1790267021.132497631,Uninterrupted_Baseline,272
1790267021.214527173,Uninterrupted_Baseline,273
1790267021.287205665,Uninterrupted_Baseline,273
1790267021.352879009,Uninterrupted_Baseline,274
1790267021.437630840,Uninterrupted_Baseline,274
1790267021.520829581,Uninterrupted_Baseline,275
1790267021.597563013,Uninterrupted_Baseline,275
1790267021.667769543,Uninterrupted_Baseline,275
1790267021.748827433,Uninterrupted_Baseline,276
1790267021.828346910,Uninterrupted_Baseline,276
1790267021.910268284,Uninterrupted_Baseline,276
1790267021.990560230,Uninterrupted_Baseline,277
1790267022.072577344,Uninterrupted_Baseline,277
1790267022.151499845,Uninterrupted_Baseline,277
1790267022.235289353,Uninterrupted_Baseline,277
1790267022.315624302,Uninterrupted_Baseline,278
1790267022.397835579,Uninterrupted_Baseline,278
1790267022.479873025,Uninterrupted_Baseline,278
1790267022.570047495,Uninterrupted_Baseline,278
1790267022.655308773,Uninterrupted_Baseline,278
1790267022.736687923,Uninterrupted_Baseline,278
1790267022.826049694,Uninterrupted_Baseline,278
1790267022.907438520,Uninterrupted_Baseline,278
1790267022.990870073,Uninterrupted_Baseline,278
1790267023.077881993,Uninterrupted_Baseline,278
1790267023.168931652,Uninterrupted_Baseline,278
1790267023.250241039,Uninterrupted_Baseline,278
1790267023.333512530,Uninterrupted_Baseline,278
1790267023.417619056,Uninterrupted_Baseline,278
1790267023.500329248,Uninterrupted_Baseline,278
1790267023.576825600,Uninterrupted_Baseline,278
1790267023.658851554,Uninterrupted_Baseline,278
1790267023.740568162,Uninterrupted_Baseline,278
1790267023.824441967,Uninterrupted_Baseline,278
1790267023.904116415,Uninterrupted_Baseline,278
1790267023.986067140,Uninterrupted_Baseline,278
1790267024.068858196,Uninterrupted_Baseline,278
1790267024.152436493,Uninterrupted_Baseline,278
1790267024.237034390,Uninterrupted_Baseline,278
1790267024.322232886,Uninterrupted_Baseline,278
1790267024.406882108,Uninterrupted_Baseline,278
1790267024.494443048,Uninterrupted_Baseline,278
1790267024.581857841,Uninterrupted_Baseline,278
1790267024.662120384,Uninterrupted_Baseline,278
1790267024.749392386,Uninterrupted_Baseline,278
1790267024.830983788,Uninterrupted_Baseline,278
1790267024.912403696,Uninterrupted_Baseline,278
1790267025.008832901,Uninterrupted_Baseline,278
1790267025.067607440,Uninterrupted_Baseline,279
1790267025.132818685,Uninterrupted_Baseline,279
1790267025.206042243,Uninterrupted_Baseline,279
1790267025.292068104,Uninterrupted_Baseline,279
1790267025.373221202,Uninterrupted_Baseline,279
1790267025.455101346,Uninterrupted_Baseline,280
1790267025.546139698,Uninterrupted_Baseline,280
1790267025.631022511,Uninterrupted_Baseline,281
1790267025.714854475,Uninterrupted_Baseline,281
1790267025.800879570,Uninterrupted_Baseline,281
1790267025.880336623,Uninterrupted_Baseline,282
1790267025.955437079,Uninterrupted_Baseline,282
1790267026.034701602,Uninterrupted_Baseline,283
1790267026.115543938,Uninterrupted_Baseline,283
1790267026.201632748,Uninterrupted_Baseline,284
1790267026.279226870,Uninterrupted_Baseline,285
1790267026.338622470,Uninterrupted_Baseline,285
1790267026.411557372,Uninterrupted_Baseline,286
1790267026.489794122,Uninterrupted_Baseline,287
1790267026.565803169,Uninterrupted_Baseline,287
1790267026.650472749,Uninterrupted_Baseline,288
1790267026.734159236,Uninterrupted_Baseline,289
1790267026.816587697,Uninterrupted_Baseline,290
1790267026.887348881,Uninterrupted_Baseline,291
1790267026.970516048,Uninterrupted_Baseline,292
1790267027.051810992,Uninterrupted_Baseline,293
1790267027.138624354,Uninterrupted_Baseline,294
1790267027.221852757,Uninterrupted_Baseline,295
1790267027.304782197,Uninterrupted_Baseline,297
1790267027.381782508,Uninterrupted_Baseline,298
1790267027.463846989,Uninterrupted_Baseline,298
1790267027.551544701,Uninterrupted_Baseline,300
1790267027.638605415,Uninterrupted_Baseline,302
1790267027.716784319,Uninterrupted_Baseline,304
1790267027.798758571,Uninterrupted_Baseline,305
1790267027.874994714,Uninterrupted_Baseline,307
1790267027.961225809,Uninterrupted_Baseline,308
1790267028.041110042,Uninterrupted_Baseline,310
1790267028.121597851,Uninterrupted_Baseline,312
1790267028.202538354,Uninterrupted_Baseline,314
1790267028.276434326,Uninterrupted_Baseline,316
1790267028.359330507,Uninterrupted_Baseline,318
1790267028.432004968,Uninterrupted_Baseline,320
1790267028.486296392,Uninterrupted_Baseline,321
1790267028.544997946,Uninterrupted_Baseline,323
1790267028.610592752,Uninterrupted_Baseline,324
1790267028.679994377,Uninterrupted_Baseline,326
1790267028.759233440,Uninterrupted_Baseline,329
1790267028.839478924,Uninterrupted_Baseline,331
1790267028.926854971,Uninterrupted_Baseline,334
1790267029.009553518,Uninterrupted_Baseline,337
1790267029.078613348,Uninterrupted_Baseline,339
1790267029.152976141,Uninterrupted_Baseline,341
1790267029.214925242,Uninterrupted_Baseline,344
1790267029.268176733,Uninterrupted_Baseline,345
1790267029.350602967,Uninterrupted_Baseline,294
1790267029.431817966,Uninterrupted_Baseline,243
1790267029.510763110,Uninterrupted_Baseline,243
1790267029.598810195,Uninterrupted_Baseline,245
1790267029.680512708,Uninterrupted_Baseline,248
1790267029.751410294,Uninterrupted_Baseline,251
1790267029.822477216,Uninterrupted_Baseline,255
1790267029.906731572,Uninterrupted_Baseline,258
1790267029.993016373,Uninterrupted_Baseline,262
1790267030.075417383,Uninterrupted_Baseline,265
1790267030.159173640,Uninterrupted_Baseline,269
1790267030.242044250,Uninterrupted_Baseline,273
1790267030.321785998,Uninterrupted_Baseline,276
1790267030.402819765,Uninterrupted_Baseline,279
1790267030.481722709,Uninterrupted_Baseline,282
1790267030.548280240,Uninterrupted_Baseline,284
1790267030.605970053,Uninterrupted_Baseline,286
1790267030.677688707,Uninterrupted_Baseline,289
1790267030.753450302,Uninterrupted_Baseline,291
1790267030.826982405,Uninterrupted_Baseline,293
1790267030.901913715,Uninterrupted_Baseline,295
1790267030.985275125,Uninterrupted_Baseline,298
1790267031.071241288,Uninterrupted_Baseline,301
1790267031.154157268,Uninterrupted_Baseline,303
1790267031.234900631,Uninterrupted_Baseline,306
1790267031.312104687,Uninterrupted_Baseline,308
1790267031.400353692,Uninterrupted_Baseline,310
1790267031.476085923,Uninterrupted_Baseline,312
1790267031.558874163,Uninterrupted_Baseline,314
1790267031.627977279,Uninterrupted_Baseline,316
1790267031.712729336,Uninterrupted_Baseline,318
1790267031.795979084,Uninterrupted_Baseline,319
1790267031.881154130,Uninterrupted_Baseline,321
1790267031.965637569,Uninterrupted_Baseline,323
1790267032.042734676,Uninterrupted_Baseline,324
1790267032.126539589,Uninterrupted_Baseline,326
1790267032.209533955,Uninterrupted_Baseline,327
1790267032.293922479,Uninterrupted_Baseline,328
1790267032.375177422,Uninterrupted_Baseline,329
1790267032.457599361,Uninterrupted_Baseline,257
1790267032.541912854,Uninterrupted_Baseline,231
1790267032.623857449,Uninterrupted_Baseline,231
1790267032.707435850,Uninterrupted_Baseline,233
1790267032.785076332,Uninterrupted_Baseline,235
1790267032.868180280,Uninterrupted_Baseline,237
1790267032.949713789,Uninterrupted_Baseline,239
1790267033.039112593,Uninterrupted_Baseline,242
1790267033.125797068,Uninterrupted_Baseline,244
1790267033.213469370,Uninterrupted_Baseline,246
1790267033.301544699,Uninterrupted_Baseline,248
1790267033.387221170,Uninterrupted_Baseline,250
1790267033.471432527,Uninterrupted_Baseline,252
1790267033.555363527,Uninterrupted_Baseline,253
1790267033.626522022,Uninterrupted_Baseline,255
1790267033.695005925,Uninterrupted_Baseline,256
1790267033.780056236,Uninterrupted_Baseline,258
1790267033.862974271,Uninterrupted_Baseline,259
1790267033.923855688,Uninterrupted_Baseline,260
1790267033.991593672,Uninterrupted_Baseline,261
1790267034.070038261,Uninterrupted_Baseline,262
1790267034.153417729,Uninterrupted_Baseline,264
1790267034.233440221,Uninterrupted_Baseline,265
1790267034.321633582,Uninterrupted_Baseline,266
1790267034.408640001,Uninterrupted_Baseline,267
1790267034.495428868,Uninterrupted_Baseline,268
1790267034.576626471,Uninterrupted_Baseline,269
1790267045.582222474,Phase1_Baseline,10
1790267045.665293861,Phase1_Baseline,12
1790267045.750353965,Phase1_Baseline,13
1790267045.830116299,Phase1_Baseline,28
1790267045.907483760,Phase1_Baseline,56
1790267045.973141580,Phase1_Baseline,122
1790267046.050179596,Phase1_Baseline,273
1790267046.113869780,Phase1_Baseline,381
1790267046.194723823,Phase1_Baseline,381
1790267046.273861712,Phase1_Baseline,357
1790267046.349100248,Phase1_Baseline,266
1790267046.430424544,Phase1_Baseline,266
1790267046.495875783,Phase1_Baseline,231
1790267046.578527338,Phase1_Baseline,186
1790267046.645581542,Phase1_Baseline,186
1790267046.721462664,Phase1_Baseline,186
1790267046.804445939,Phase1_Baseline,130
1790267046.889024709,Phase1_Baseline,130
1790267046.969780431,Phase1_Baseline,130
1790267047.052581680,Phase1_Baseline,105
1790267047.135756599,Phase1_Baseline,91
1790267047.210539002,Phase1_Baseline,87
1790267047.293552871,Phase1_Baseline,92
1790267047.379134273,Phase1_Baseline,93
1790267047.461525332,Phase1_Baseline,94
1790267047.540172833,Phase1_Baseline,96
1790267047.623095024,Phase1_Baseline,97
1790267047.710119685,Phase1_Baseline,98
1790267047.790462031,Phase1_Baseline,99
1790267047.877913312,Phase1_Baseline,100
1790267047.950807402,Phase1_Baseline,101
1790267048.034853208,Phase1_Baseline,102
1790267048.101601101,Phase1_Baseline,103
1790267048.171812781,Phase1_Baseline,103
1790267048.236414873,Phase1_Baseline,104
1790267048.306913247,Phase1_Baseline,105
1790267048.382950349,Phase1_Baseline,105
1790267048.438470148,Phase1_Baseline,105
1790267048.496165951,Phase1_Baseline,106
1790267048.556039652,Phase1_Baseline,106
1790267048.618334810,Phase1_Baseline,107
1790267048.693051458,Phase1_Baseline,107
1790267048.766112339,Phase1_Baseline,108
1790267048.850999044,Phase1_Baseline,108
1790267048.919479538,Phase1_Baseline,109
1790267049.010411383,Phase1_Baseline,109
1790267049.097212140,Phase1_Baseline,109
1790267049.173619644,Phase1_Baseline,109
1790267049.231963000,Phase1_Baseline,110
1790267049.315451894,Phase1_Baseline,110
1790267049.397437615,Phase1_Baseline,110
1790267049.483512704,Phase1_Baseline,110
1790267049.571086155,Phase1_Baseline,111
1790267049.648695746,Phase1_Baseline,111
1790267049.732069089,Phase1_Baseline,111
1790267049.796535020,Phase1_Baseline,111
1790267049.867095444,Phase1_Baseline,111
1790267049.930604304,Phase1_Baseline,111
1790267049.999314048,Phase1_Baseline,111
1790267050.064255708,Phase1_Baseline,111
1790267050.120422191,Phase1_Baseline,112
1790267050.178003647,Phase1_Baseline,112
1790267050.250421980,Phase1_Baseline,113
1790267050.332491965,Phase1_Baseline,113
1790267050.417763203,Phase1_Baseline,114
1790267050.502546385,Phase1_Baseline,115
1790267050.578725844,Phase1_Baseline,115
1790267050.637265459,Phase1_Baseline,116
1790267050.718877011,Phase1_Baseline,116
1790267050.792406720,Phase1_Baseline,117
1790267050.864796452,Phase1_Baseline,117
1790267050.941389892,Phase1_Baseline,118
1790267051.024033550,Phase1_Baseline,118
1790267051.105830173,Phase1_Baseline,119
1790267051.189025985,Phase1_Baseline,120
1790267051.253960798,Phase1_Baseline,120
1790267051.320574182,Phase1_Baseline,121
1790267051.384233910,Phase1_Baseline,121
1790267051.457356678,Phase1_Baseline,122
1790267051.536949540,Phase1_Baseline,122
1790267051.617699385,Phase1_Baseline,123
1790267051.692643950,Phase1_Baseline,123
1790267051.775020411,Phase1_Baseline,124
1790267051.856923973,Phase1_Baseline,125
1790267051.940554109,Phase1_Baseline,125
1790267052.015478714,Phase1_Baseline,126
1790267052.094031428,Phase1_Baseline,126
1790267052.173683379,Phase1_Baseline,127
1790267052.247015470,Phase1_Baseline,127
1790267052.311240272,Phase1_Baseline,128
1790267052.391634846,Phase1_Baseline,129
1790267052.469134337,Phase1_Baseline,129
1790267052.549286959,Phase1_Baseline,130
1790267052.625402442,Phase1_Baseline,130
1790267052.708437103,Phase1_Baseline,131
1790267052.775710949,Phase1_Baseline,131
1790267052.855825656,Phase1_Baseline,132
1790267052.935810372,Phase1_Baseline,133
1790267053.011871565,Phase1_Baseline,133
1790267053.096428926,Phase1_Baseline,134
1790267053.172359470,Phase1_Baseline,134
1790267053.260812608,Phase1_Baseline,135
1790267053.348000968,Phase1_Baseline,136
1790267053.424184567,Phase1_Baseline,136
1790267053.506219258,Phase1_Baseline,137
1790267053.588029286,Phase1_Baseline,138
1790267053.667615007,Phase1_Baseline,138
1790267053.736296768,Phase1_Baseline,139
1790267053.808443585,Phase1_Baseline,139
1790267053.879679234,Phase1_Baseline,140
1790267053.961575917,Phase1_Baseline,140
1790267054.038348941,Phase1_Baseline,141
1790267054.118256285,Phase1_Baseline,141
1790267054.201508948,Phase1_Baseline,142
1790267054.284247415,Phase1_Baseline,142
1790267054.361476699,Phase1_Baseline,143
1790267054.444003479,Phase1_Baseline,144
1790267054.530307308,Phase1_Baseline,144
1790267054.612979554,Phase1_Baseline,145
1790267054.691582047,Phase1_Baseline,145
1790267054.768793171,Phase1_Baseline,146
1790267054.849757695,Phase1_Baseline,147
1790267054.935093527,Phase1_Baseline,147
1790267055.013225025,Phase1_Baseline,148
1790267055.083238433,Phase1_Baseline,148
1790267055.164355865,Phase1_Baseline,149
1790267055.244371123,Phase1_Baseline,149
1790267055.310670213,Phase1_Baseline,150
1790267055.375417011,Phase1_Baseline,150
1790267055.457570995,Phase1_Baseline,151
1790267055.537960311,Phase1_Baseline,152
1790267055.621048776,Phase1_Baseline,153
1790267055.698705159,Phase1_Baseline,154
1790267055.782859016,Phase1_Baseline,156
1790267055.847553252,Phase1_Baseline,158
1790267055.927889191,Phase1_Baseline,160
1790267056.009717775,Phase1_Baseline,163
1790267056.086122475,Phase1_Baseline,165
1790267056.157141359,Phase1_Baseline,167
1790267056.231113513,Phase1_Baseline,169
1790267056.286719364,Phase1_Baseline,171
1790267056.347031315,Phase1_Baseline,173
1790267056.425156038,Phase1_Baseline,176
1790267056.506585662,Phase1_Baseline,179
1790267056.583958337,Phase1_Baseline,182
1790267056.669223681,Phase1_Baseline,185
1790267056.734412486,Phase1_Baseline,188
1790267056.794610180,Phase1_Baseline,190
1790267056.858260655,Phase1_Baseline,193
1790267056.934532625,Phase1_Baseline,197
1790267057.018446673,Phase1_Baseline,200
1790267057.101327332,Phase1_Baseline,204
1790267057.189227230,Phase1_Baseline,208
1790267057.258316074,Phase1_Baseline,211
1790267057.335696520,Phase1_Baseline,214
1790267057.399530662,Phase1_Baseline,217
1790267057.471461850,Phase1_Baseline,222
1790267057.551503131,Phase1_Baseline,226
1790267057.628060148,Phase1_Baseline,229
1790267057.709113023,Phase1_Baseline,234
1790267057.789626664,Phase1_Baseline,239
1790267057.871918308,Phase1_Baseline,243
1790267057.948729961,Phase1_Baseline,248
1790267058.029421683,Phase1_Baseline,252
1790267058.084132018,Phase1_Baseline,256
1790267058.159347542,Phase1_Baseline,260
1790267058.226340365,Phase1_Baseline,264
1790267058.301692281,Phase1_Baseline,270
1790267058.381321957,Phase1_Baseline,275
1790267058.446493736,Phase1_Baseline,278
1790267058.496427733,Phase1_Baseline,282
1790267058.557724993,Phase1_Baseline,286
1790267058.613777858,Phase1_Baseline,290
1790267058.674701751,Phase1_Baseline,295
1790267058.754472095,Phase1_Baseline,300
1790267058.834487721,Phase1_Baseline,307
1790267058.914029508,Phase1_Baseline,314
1790267058.995982066,Phase1_Baseline,319
1790267059.064225696,Phase1_Baseline,324
1790267059.127816996,Phase1_Baseline,328
1790267059.187291247,Phase1_Baseline,333
1790267059.257102659,Phase1_Baseline,311
1790267059.335115380,Phase1_Baseline,236
1790267059.413744703,Phase1_Baseline,236
1790267059.498521610,Phase1_Baseline,216
1790267059.579916558,Phase1_Baseline,165
1790267059.661164488,Phase1_Baseline,167
1790267059.739812081,Phase1_Baseline,169
1790267059.805478770,Phase1_Baseline,170
1790267059.876058039,Phase1_Baseline,172
1790267059.956863047,Phase1_Baseline,173
1790267060.034540660,Phase1_Baseline,175
1790267060.091389933,Phase1_Baseline,176
1790267060.166605680,Phase1_Baseline,177
1790267060.245130195,Phase1_Baseline,179
1790267060.330111305,Phase1_Baseline,180
1790267060.412352757,Phase1_Baseline,181
1790267060.495502348,Phase1_Baseline,183
1790267060.573777917,Phase1_Baseline,184
1790267060.650967100,Phase1_Baseline,185
1790267060.729581844,Phase1_Baseline,186
1790267060.805725905,Phase1_Baseline,187
1790267060.881719043,Phase1_Baseline,188
1790267060.959966267,Phase1_Baseline,189
1790267061.041543621,Phase1_Baseline,190
1790267061.132447974,Phase1_Baseline,191
1790267061.225977182,Phase1_Baseline,192
1790267061.298622057,Phase1_Baseline,193
1790267061.360951684,Phase1_Baseline,193
1790267061.440422705,Phase1_Baseline,194
1790267061.519905739,Phase1_Baseline,195
1790267061.600728175,Phase1_Baseline,195
1790267061.681379850,Phase1_Baseline,195
1790267061.756523910,Phase1_Baseline,196
1790267061.842466103,Phase1_Baseline,197
1790267061.920786778,Phase1_Baseline,197
1790267062.004624166,Phase1_Baseline,197
1790267062.085187334,Phase1_Baseline,198
1790267062.164264664,Phase1_Baseline,198
1790267062.240061112,Phase1_Baseline,198
1790267062.313928189,Phase1_Baseline,199
1790267062.378181507,Phase1_Baseline,199
1790267062.447124649,Phase1_Baseline,199
1790267062.531358535,Phase1_Baseline,199
1790267062.609385362,Phase1_Baseline,199
1790267062.687465468,Phase1_Baseline,200
1790267062.767380274,Phase1_Baseline,200
1790267062.849916728,Phase1_Baseline,200
1790267062.934745105,Phase1_Baseline,200
1790267063.011184902,Phase1_Baseline,200
1790267063.095254216,Phase1_Baseline,200
1790267063.178183903,Phase1_Baseline,200
1790267063.263167420,Phase1_Baseline,200
1790267063.344255773,Phase1_Baseline,200
1790267063.432237031,Phase1_Baseline,200
1790267063.509301902,Phase1_Baseline,200
1790267063.584308336,Phase1_Baseline,200
1790267063.661733760,Phase1_Baseline,200
1790267063.729766013,Phase1_Baseline,200
1790267063.801065095,Phase1_Baseline,200
1790267063.876942100,Phase1_Baseline,200
1790267063.964861843,Phase1_Baseline,200
1790267064.040980374,Phase1_Baseline,200
1790267064.113418895,Phase1_Baseline,200
1790267064.183869164,Phase1_Baseline,200
1790267064.248487351,Phase1_Baseline,200
1790267064.326158227,Phase1_Baseline,200
1790267064.410420417,Phase1_Baseline,200
1790267064.476535825,Phase1_Baseline,200
1790267064.540525686,Phase1_Baseline,201
1790267064.621380534,Phase1_Baseline,201
1790267064.702186492,Phase1_Baseline,202
1790267064.790444368,Phase1_Baseline,203
1790267064.868174032,Phase1_Baseline,203
1790267064.931606150,Phase1_Baseline,204
1790267065.006521344,Phase1_Baseline,204
1790267065.069364908,Phase1_Baseline,204
1790267065.122997578,Phase1_Baseline,205
1790267065.191061823,Phase1_Baseline,205
1790267065.263991669,Phase1_Baseline,206
1790267065.338783012,Phase1_Baseline,206
1790267065.413700381,Phase1_Baseline,207
1790267065.486780468,Phase1_Baseline,208
1790267065.567259259,Phase1_Baseline,208
1790267065.647496677,Phase1_Baseline,209
1790267065.726099809,Phase1_Baseline,209
1790267065.810596628,Phase1_Baseline,210
1790267065.897813029,Phase1_Baseline,211
1790267065.980075646,Phase1_Baseline,211
1790267066.066760758,Phase1_Baseline,212
1790267066.155759997,Phase1_Baseline,212
1790267066.225294068,Phase1_Baseline,213
1790267066.309793569,Phase1_Baseline,213
1790267066.382332807,Phase1_Baseline,214
1790267066.468308915,Phase1_Baseline,215
1790267066.558417895,Phase1_Baseline,215
1790267066.635623704,Phase1_Baseline,216
1790267066.704574145,Phase1_Baseline,216
1790267066.785994226,Phase1_Baseline,217
1790267066.868926081,Phase1_Baseline,218
1790267066.938965058,Phase1_Baseline,218
1790267067.018293882,Phase1_Baseline,219
1790267067.114399196,Phase1_Baseline,219
1790267067.164256670,Phase1_Baseline,220
1790267067.220296409,Phase1_Baseline,220
1790267067.288157639,Phase1_Baseline,221
1790267067.373377660,Phase1_Baseline,221
1790267067.458721364,Phase1_Baseline,222
1790267067.541949551,Phase1_Baseline,222
1790267067.626560283,Phase1_Baseline,223
1790267067.707926681,Phase1_Baseline,224
1790267067.784761566,Phase1_Baseline,224
1790267067.865775636,Phase1_Baseline,225
1790267067.948521339,Phase1_Baseline,225
1790267068.023763725,Phase1_Baseline,226
1790267068.085983394,Phase1_Baseline,227
1790267068.145783564,Phase1_Baseline,228
1790267068.206473936,Phase1_Baseline,229
1790267068.277417639,Phase1_Baseline,230
1790267068.354576221,Phase1_Baseline,231
1790267068.422788351,Phase1_Baseline,233
1790267068.475738296,Phase1_Baseline,234
1790267068.531310299,Phase1_Baseline,236
1790267068.587623459,Phase1_Baseline,237
1790267068.648146202,Phase1_Baseline,239
1790267068.709169820,Phase1_Baseline,240
1790267068.786810803,Phase1_Baseline,242
1790267068.861382047,Phase1_Baseline,244
1790267068.935504030,Phase1_Baseline,246
1790267069.004826351,Phase1_Baseline,248
1790267069.078883198,Phase1_Baseline,251
1790267069.153308949,Phase1_Baseline,253
1790267069.228918152,Phase1_Baseline,255
1790267069.300453409,Phase1_Baseline,257
1790267069.373415702,Phase1_Baseline,260
1790267069.458706204,Phase1_Baseline,263
1790267069.541990690,Phase1_Baseline,266
1790267069.624292321,Phase1_Baseline,269
1790267069.704252699,Phase1_Baseline,271
1790267069.766578979,Phase1_Baseline,274
1790267069.853457180,Phase1_Baseline,278
1790267069.935845985,Phase1_Baseline,281
1790267069.997995206,Phase1_Baseline,284
1790267070.078742964,Phase1_Baseline,287
1790267070.151633573,Phase1_Baseline,290
1790267070.235546644,Phase1_Baseline,294
1790267070.305529907,Phase1_Baseline,297
1790267070.390383926,Phase1_Baseline,301
1790267070.468353879,Phase1_Baseline,305
1790267070.536384440,Phase1_Baseline,308
1790267070.595388804,Phase1_Baseline,312
1790267070.667986971,Phase1_Baseline,315
1790267070.725037893,Phase1_Baseline,318
1790267070.793030154,Phase1_Baseline,322
1790267070.858859068,Phase1_Baseline,325
1790267070.933034505,Phase1_Baseline,329
1790267070.987843585,Phase1_Baseline,333
1790267071.063480208,Phase1_Baseline,337
1790267071.139405279,Phase1_Baseline,341
1790267071.221632510,Phase1_Baseline,346
1790267071.284979063,Phase1_Baseline,350
1790267071.351844504,Phase1_Baseline,245
1790267071.422971895,Phase1_Baseline,245
1790267071.500745049,Phase1_Baseline,245
1790267071.583327020,Phase1_Baseline,247
1790267071.665830105,Phase1_Baseline,251
1790267071.744539107,Phase1_Baseline,254
1790267071.809097154,Phase1_Baseline,258
1790267071.895589776,Phase1_Baseline,261
1790267071.958838942,Phase1_Baseline,264
1790267072.037048650,Phase1_Baseline,267
1790267072.099764679,Phase1_Baseline,270
1790267072.177809221,Phase1_Baseline,273
1790267072.255100439,Phase1_Baseline,276
1790267072.336284707,Phase1_Baseline,279
1790267072.402492611,Phase1_Baseline,282
1790267072.484622583,Phase1_Baseline,285
1790267072.566910236,Phase1_Baseline,288
1790267072.637836003,Phase1_Baseline,290
1790267072.712872832,Phase1_Baseline,292
1790267072.786826681,Phase1_Baseline,295
1790267072.850701721,Phase1_Baseline,297
1790267072.929240248,Phase1_Baseline,300
1790267073.012326086,Phase1_Baseline,302
1790267073.086035251,Phase1_Baseline,304
1790267073.167037151,Phase1_Baseline,306
1790267073.249679997,Phase1_Baseline,308
1790267073.331450551,Phase1_Baseline,311
1790267074.701782021,Phase2_Migrated,10
1790267074.777466233,Phase2_Migrated,10
1790267074.872418940,Phase2_Migrated,19
1790267074.937631582,Phase2_Migrated,35
1790267074.995852575,Phase2_Migrated,50
1790267075.064834987,Phase2_Migrated,76
1790267075.155411981,Phase2_Migrated,101
1790267075.251374273,Phase2_Migrated,102
1790267075.349008310,Phase2_Migrated,102
1790267075.442125585,Phase2_Migrated,103
1790267075.529107967,Phase2_Migrated,103
1790267075.615320174,Phase2_Migrated,104
1790267075.706274482,Phase2_Migrated,104
1790267075.802268738,Phase2_Migrated,105
1790267075.895754530,Phase2_Migrated,106
1790267075.985490101,Phase2_Migrated,107
1790267076.075744255,Phase2_Migrated,107
1790267076.168188713,Phase2_Migrated,108
1790267076.259727986,Phase2_Migrated,109
1790267076.350708629,Phase2_Migrated,109
1790267076.444244335,Phase2_Migrated,110
1790267076.532015073,Phase2_Migrated,111
1790267076.608477897,Phase2_Migrated,111
1790267076.684313684,Phase2_Migrated,112
1790267076.769643597,Phase2_Migrated,112
1790267076.858237835,Phase2_Migrated,113
1790267076.963900831,Phase2_Migrated,114
1790267077.060972123,Phase2_Migrated,115
1790267077.153550822,Phase2_Migrated,115
1790267077.247486139,Phase2_Migrated,116
1790267077.339481881,Phase2_Migrated,117
1790267077.433062198,Phase2_Migrated,117
1790267077.525945399,Phase2_Migrated,118
1790267077.623581313,Phase2_Migrated,119
1790267077.713182937,Phase2_Migrated,119
1790267077.808851095,Phase2_Migrated,120
1790267077.904823992,Phase2_Migrated,121
1790267077.997329334,Phase2_Migrated,121
1790267078.073124189,Phase2_Migrated,122
1790267078.165323413,Phase2_Migrated,123
1790267078.248240991,Phase2_Migrated,123
1790267078.314015924,Phase2_Migrated,124
1790267078.397903054,Phase2_Migrated,124
1790267078.454361776,Phase2_Migrated,125
1790267078.521162924,Phase2_Migrated,125
1790267078.582095788,Phase2_Migrated,126
1790267078.658841708,Phase2_Migrated,126
1790267078.747576379,Phase2_Migrated,127
1790267078.817277278,Phase2_Migrated,127
1790267078.914299400,Phase2_Migrated,128
1790267079.000041045,Phase2_Migrated,129
1790267079.066592946,Phase2_Migrated,129
1790267079.132677017,Phase2_Migrated,130
1790267079.213594224,Phase2_Migrated,130
1790267079.303906051,Phase2_Migrated,131
1790267079.378365822,Phase2_Migrated,132
1790267079.471391160,Phase2_Migrated,132
1790267079.563364847,Phase2_Migrated,133
1790267079.657607172,Phase2_Migrated,134
1790267079.739173689,Phase2_Migrated,135
1790267079.810564093,Phase2_Migrated,136
1790267079.894641159,Phase2_Migrated,138
1790267079.986092741,Phase2_Migrated,140
1790267080.082912535,Phase2_Migrated,143
1790267080.181446412,Phase2_Migrated,145
1790267080.285028717,Phase2_Migrated,148
1790267080.382314523,Phase2_Migrated,150
1790267080.474817789,Phase2_Migrated,153
1790267080.562878693,Phase2_Migrated,156
1790267080.654105324,Phase2_Migrated,158
1790267080.748245912,Phase2_Migrated,161
1790267080.841437588,Phase2_Migrated,164
1790267080.927062742,Phase2_Migrated,168
1790267081.021914938,Phase2_Migrated,171
1790267081.120089735,Phase2_Migrated,175
1790267081.209494888,Phase2_Migrated,179
1790267081.296812114,Phase2_Migrated,182
1790267081.392878757,Phase2_Migrated,185
1790267081.482580091,Phase2_Migrated,189
1790267081.576558203,Phase2_Migrated,194
1790267081.672489325,Phase2_Migrated,198
1790267081.771626082,Phase2_Migrated,203
1790267081.864106308,Phase2_Migrated,207
1790267081.960605281,Phase2_Migrated,212
1790267082.061145601,Phase2_Migrated,217
1790267082.153982890,Phase2_Migrated,223
1790267082.246966789,Phase2_Migrated,228
1790267082.340421765,Phase2_Migrated,233
1790267082.428715934,Phase2_Migrated,237
1790267082.506250304,Phase2_Migrated,242
1790267082.598918961,Phase2_Migrated,247
1790267082.688181183,Phase2_Migrated,253
1790267082.779423553,Phase2_Migrated,259
1790267082.872573322,Phase2_Migrated,264
1790267082.964761671,Phase2_Migrated,272
1790267083.055605784,Phase2_Migrated,277
1790267083.151628510,Phase2_Migrated,284
1790267083.245973821,Phase2_Migrated,291
1790267083.336148509,Phase2_Migrated,298
1790267083.429325519,Phase2_Migrated,304
1790267083.518896178,Phase2_Migrated,311
1790267083.615556100,Phase2_Migrated,319
1790267083.706248911,Phase2_Migrated,327
1790267083.796246978,Phase2_Migrated,333
1790267083.889454348,Phase2_Migrated,342
1790267083.981338615,Phase2_Migrated,307
1790267084.070596325,Phase2_Migrated,242
1790267084.164779375,Phase2_Migrated,187
1790267084.261038112,Phase2_Migrated,170
1790267084.350488950,Phase2_Migrated,173
1790267084.441467814,Phase2_Migrated,175
1790267084.533281228,Phase2_Migrated,177
1790267084.628255654,Phase2_Migrated,179
1790267084.722771918,Phase2_Migrated,181
1790267084.814464471,Phase2_Migrated,182
1790267084.908953879,Phase2_Migrated,184
1790267084.986072897,Phase2_Migrated,185
1790267085.059191252,Phase2_Migrated,187
1790267085.142045332,Phase2_Migrated,188
1790267085.231466961,Phase2_Migrated,189
1790267085.320351332,Phase2_Migrated,190
1790267085.416075180,Phase2_Migrated,192
1790267085.512058442,Phase2_Migrated,193
1790267085.607419809,Phase2_Migrated,194
1790267085.696544037,Phase2_Migrated,196
1790267085.794405007,Phase2_Migrated,197
1790267085.892605680,Phase2_Migrated,198
1790267085.985504487,Phase2_Migrated,199
1790267086.079266041,Phase2_Migrated,200
1790267086.168103723,Phase2_Migrated,200
1790267086.255962496,Phase2_Migrated,201
1790267086.343892587,Phase2_Migrated,201
1790267086.440060035,Phase2_Migrated,202
1790267086.531392456,Phase2_Migrated,203
1790267086.628250531,Phase2_Migrated,203
1790267086.719547621,Phase2_Migrated,203
1790267086.813128041,Phase2_Migrated,204
1790267086.909254177,Phase2_Migrated,204
1790267087.004385786,Phase2_Migrated,205
1790267087.104454618,Phase2_Migrated,205
1790267087.202490267,Phase2_Migrated,205
1790267087.290595913,Phase2_Migrated,205
1790267087.378674927,Phase2_Migrated,206
1790267087.445482830,Phase2_Migrated,206
1790267087.520389189,Phase2_Migrated,206
1790267087.610996384,Phase2_Migrated,206
1790267087.699748779,Phase2_Migrated,206
1790267087.784974747,Phase2_Migrated,206
1790267087.860836647,Phase2_Migrated,206
1790267087.947484072,Phase2_Migrated,206
1790267088.021365863,Phase2_Migrated,206
1790267088.105365016,Phase2_Migrated,206
1790267088.189130514,Phase2_Migrated,206
1790267088.281731336,Phase2_Migrated,206
1790267088.371973418,Phase2_Migrated,206
1790267088.444726434,Phase2_Migrated,206
1790267088.513632153,Phase2_Migrated,206
1790267088.574949759,Phase2_Migrated,206
1790267088.647414311,Phase2_Migrated,206
1790267088.732122405,Phase2_Migrated,206
1790267088.821546289,Phase2_Migrated,206
1790267088.912255534,Phase2_Migrated,206
1790267089.000145770,Phase2_Migrated,206
1790267089.090038861,Phase2_Migrated,206
1790267089.176189398,Phase2_Migrated,206
1790267089.244615185,Phase2_Migrated,206
1790267089.343261676,Phase2_Migrated,207
1790267089.442158548,Phase2_Migrated,207
1790267089.533364435,Phase2_Migrated,208
1790267089.618383004,Phase2_Migrated,208
1790267089.714480858,Phase2_Migrated,209
1790267089.785299560,Phase2_Migrated,210
1790267089.864151819,Phase2_Migrated,210
1790267089.945191180,Phase2_Migrated,211
1790267090.035481123,Phase2_Migrated,212
1790267090.125728766,Phase2_Migrated,212
1790267090.217185909,Phase2_Migrated,213
1790267090.314088833,Phase2_Migrated,214
1790267090.403102907,Phase2_Migrated,214
1790267090.493318197,Phase2_Migrated,215
1790267090.584492446,Phase2_Migrated,215
1790267090.679113995,Phase2_Migrated,216
1790267090.772113809,Phase2_Migrated,217
1790267090.867002753,Phase2_Migrated,218
1790267090.957172501,Phase2_Migrated,218
1790267091.043374472,Phase2_Migrated,219
1790267091.136243369,Phase2_Migrated,220
1790267091.226262632,Phase2_Migrated,220
1790267091.320219813,Phase2_Migrated,221
1790267091.412010278,Phase2_Migrated,221
1790267091.513004574,Phase2_Migrated,222
1790267091.608328043,Phase2_Migrated,223
1790267091.699984644,Phase2_Migrated,224
1790267091.793812669,Phase2_Migrated,224
1790267091.889552888,Phase2_Migrated,225
1790267091.981045355,Phase2_Migrated,226
1790267092.070931332,Phase2_Migrated,227
1790267092.168607045,Phase2_Migrated,227
1790267092.265258436,Phase2_Migrated,228
1790267092.352623975,Phase2_Migrated,228
1790267092.437280105,Phase2_Migrated,229
1790267092.529853542,Phase2_Migrated,230
1790267092.624939175,Phase2_Migrated,231
1790267092.717086243,Phase2_Migrated,232
1790267092.803322235,Phase2_Migrated,233
1790267092.892950491,Phase2_Migrated,234
1790267092.971607958,Phase2_Migrated,236
1790267093.063281312,Phase2_Migrated,238
1790267093.159979194,Phase2_Migrated,240
1790267093.254432821,Phase2_Migrated,243
1790267093.353816676,Phase2_Migrated,245
1790267093.450642216,Phase2_Migrated,248
1790267093.544255134,Phase2_Migrated,250
1790267093.636540158,Phase2_Migrated,253
1790267093.729494065,Phase2_Migrated,256
1790267093.814115900,Phase2_Migrated,258
1790267093.909764140,Phase2_Migrated,261
1790267094.001643903,Phase2_Migrated,263
1790267094.089156321,Phase2_Migrated,267
1790267094.181475140,Phase2_Migrated,270
1790267094.274525091,Phase2_Migrated,273
1790267094.365947035,Phase2_Migrated,277
1790267094.452864837,Phase2_Migrated,280
1790267094.544887525,Phase2_Migrated,284
1790267094.625379384,Phase2_Migrated,287
1790267094.716059169,Phase2_Migrated,291
1790267094.817453507,Phase2_Migrated,295
1790267094.892511417,Phase2_Migrated,298
1790267094.964184366,Phase2_Migrated,301
1790267095.027260290,Phase2_Migrated,305
1790267095.112809999,Phase2_Migrated,309
1790267095.203894148,Phase2_Migrated,314
1790267095.294519112,Phase2_Migrated,318
1790267095.385964119,Phase2_Migrated,323
1790267095.481134492,Phase2_Migrated,328
1790267095.567922088,Phase2_Migrated,333
1790267095.664100422,Phase2_Migrated,233
1790267095.765945736,Phase2_Migrated,233
1790267095.860087314,Phase2_Migrated,234
1790267095.958890689,Phase2_Migrated,239
1790267096.038236286,Phase2_Migrated,243
1790267096.124588040,Phase2_Migrated,245
1790267096.218458439,Phase2_Migrated,250
1790267096.308513073,Phase2_Migrated,254
1790267096.403705087,Phase2_Migrated,257
1790267096.502007486,Phase2_Migrated,262
1790267096.595524182,Phase2_Migrated,265
1790267096.693325517,Phase2_Migrated,269
1790267096.787543410,Phase2_Migrated,272
1790267096.883373356,Phase2_Migrated,275
1790267096.973182052,Phase2_Migrated,278
1790267097.068683468,Phase2_Migrated,281
1790267097.152226968,Phase2_Migrated,283
1790267097.218469293,Phase2_Migrated,286
1790267097.304716911,Phase2_Migrated,288
1790267097.399332547,Phase2_Migrated,291
1790267097.493572244,Phase2_Migrated,293
1790267097.588402317,Phase2_Migrated,296
1790267097.679153418,Phase2_Migrated,298
1790267097.771105884,Phase2_Migrated,301
1790267097.865778605,Phase2_Migrated,303
1790267097.959088013,Phase2_Migrated,305
1790267098.049691331,Phase2_Migrated,307
1790267098.124297255,Phase2_Migrated,308
1790267098.211913718,Phase2_Migrated,309
1790267098.276722293,Phase2_Migrated,311
1790267098.332709733,Phase2_Migrated,312
1790267098.420031726,Phase2_Migrated,313
1790267098.477325883,Phase2_Migrated,314
1790267098.535172020,Phase2_Migrated,315
1790267098.603681537,Phase2_Migrated,316
1790267098.669127874,Phase2_Migrated,317
1790267098.736823666,Phase2_Migrated,318
1790267098.825181879,Phase2_Migrated,320
1790267098.915487312,Phase2_Migrated,321
1790267098.997315025,Phase2_Migrated,322
1790267099.089501250,Phase2_Migrated,323
1790267099.160150863,Phase2_Migrated,324
1790267099.245425175,Phase2_Migrated,325
1790267099.338267759,Phase2_Migrated,227
1790267099.427688777,Phase2_Migrated,227
1790267099.520948622,Phase2_Migrated,228
1790267099.611628791,Phase2_Migrated,159
1790267099.702773114,Phase2_Migrated,144
1790267099.783796425,Phase2_Migrated,138
1790267099.869421020,Phase2_Migrated,111
1790267099.965786245,Phase2_Migrated,102
1790267100.057612160,Phase2_Migrated,112
1790267100.141727500,Phase2_Migrated,113
1790267100.234750783,Phase2_Migrated,115
1790267100.326038879,Phase2_Migrated,116
1790267100.417033686,Phase2_Migrated,118
1790267101.921740562,Uninterrupted_Baseline,1
1790267101.993399461,Uninterrupted_Baseline,1
1790267102.080733384,Uninterrupted_Baseline,1
1790267102.163887339,Uninterrupted_Baseline,1
1790267102.247753348,Uninterrupted_Baseline,1
1790267102.331263517,Uninterrupted_Baseline,1
1790267102.406193848,Uninterrupted_Baseline,1
1790267102.488284797,Uninterrupted_Baseline,1
1790267102.573892467,Uninterrupted_Baseline,1
1790267102.660013523,Uninterrupted_Baseline,1
1790267102.742241420,Uninterrupted_Baseline,1
1790267102.825492497,Uninterrupted_Baseline,1
1790267102.908072502,Uninterrupted_Baseline,1
1790267102.988464702,Uninterrupted_Baseline,1
1790267103.074754988,Uninterrupted_Baseline,1
1790267103.154115128,Uninterrupted_Baseline,1
1790267103.239984031,Uninterrupted_Baseline,10
1790267103.239984031,Uninterrupted_Baseline,1
1790267103.319508304,Uninterrupted_Baseline,18
1790267103.319508304,Uninterrupted_Baseline,1
1790267103.380606741,Uninterrupted_Baseline,26
1790267103.380606741,Uninterrupted_Baseline,1
1790267103.463102616,Uninterrupted_Baseline,73
1790267103.463102616,Uninterrupted_Baseline,1
1790267103.543065271,Uninterrupted_Baseline,100
1790267103.543065271,Uninterrupted_Baseline,1
1790267103.624787653,Uninterrupted_Baseline,277
1790267103.624787653,Uninterrupted_Baseline,1
1790267103.706859663,Uninterrupted_Baseline,551
1790267103.706859663,Uninterrupted_Baseline,1
1790267103.787546745,Uninterrupted_Baseline,601
1790267103.787546745,Uninterrupted_Baseline,1
1790267103.876522824,Uninterrupted_Baseline,576
1790267103.876522824,Uninterrupted_Baseline,1
1790267103.961641613,Uninterrupted_Baseline,483
1790267103.961641613,Uninterrupted_Baseline,1
1790267104.021785615,Uninterrupted_Baseline,420
1790267104.021785615,Uninterrupted_Baseline,1
1790267104.094994219,Uninterrupted_Baseline,420
1790267104.094994219,Uninterrupted_Baseline,1
1790267104.182859756,Uninterrupted_Baseline,410
1790267104.182859756,Uninterrupted_Baseline,1
1790267104.266629263,Uninterrupted_Baseline,389
1790267104.266629263,Uninterrupted_Baseline,1
1790267104.351248619,Uninterrupted_Baseline,294
1790267104.351248619,Uninterrupted_Baseline,1
1790267104.435599136,Uninterrupted_Baseline,294
1790267104.435599136,Uninterrupted_Baseline,1
1790267104.504996496,Uninterrupted_Baseline,295
1790267104.504996496,Uninterrupted_Baseline,1
1790267104.593156218,Uninterrupted_Baseline,206
1790267104.593156218,Uninterrupted_Baseline,1
1790267104.684070393,Uninterrupted_Baseline,203
1790267104.684070393,Uninterrupted_Baseline,1
1790267104.760861538,Uninterrupted_Baseline,206
1790267104.760861538,Uninterrupted_Baseline,1
1790267104.849751676,Uninterrupted_Baseline,208
1790267104.849751676,Uninterrupted_Baseline,1
1790267104.950689683,Uninterrupted_Baseline,211
1790267104.950689683,Uninterrupted_Baseline,1
1790267105.015448467,Uninterrupted_Baseline,213
1790267105.015448467,Uninterrupted_Baseline,1
1790267105.087835451,Uninterrupted_Baseline,215
1790267105.087835451,Uninterrupted_Baseline,1
1790267105.176441821,Uninterrupted_Baseline,217
1790267105.176441821,Uninterrupted_Baseline,1
1790267105.245168350,Uninterrupted_Baseline,218
1790267105.245168350,Uninterrupted_Baseline,1
1790267105.325000850,Uninterrupted_Baseline,220
1790267105.325000850,Uninterrupted_Baseline,1
1790267105.410990600,Uninterrupted_Baseline,222
1790267105.410990600,Uninterrupted_Baseline,1
1790267105.500068348,Uninterrupted_Baseline,224
1790267105.500068348,Uninterrupted_Baseline,1
1790267105.593134186,Uninterrupted_Baseline,226
1790267105.593134186,Uninterrupted_Baseline,1
1790267105.678369724,Uninterrupted_Baseline,227
1790267105.678369724,Uninterrupted_Baseline,1
1790267105.768695166,Uninterrupted_Baseline,229
1790267105.768695166,Uninterrupted_Baseline,1
1790267105.850834114,Uninterrupted_Baseline,230
1790267105.850834114,Uninterrupted_Baseline,1
1790267105.933344773,Uninterrupted_Baseline,231
1790267105.933344773,Uninterrupted_Baseline,1
1790267106.016055931,Uninterrupted_Baseline,232
1790267106.016055931,Uninterrupted_Baseline,1
1790267106.100041710,Uninterrupted_Baseline,234
1790267106.100041710,Uninterrupted_Baseline,1
1790267106.183356511,Uninterrupted_Baseline,235
1790267106.183356511,Uninterrupted_Baseline,1
1790267106.266682329,Uninterrupted_Baseline,236
1790267106.266682329,Uninterrupted_Baseline,1
1790267106.339247171,Uninterrupted_Baseline,237
1790267106.339247171,Uninterrupted_Baseline,1
1790267106.422058450,Uninterrupted_Baseline,238
1790267106.422058450,Uninterrupted_Baseline,1
1790267106.505040279,Uninterrupted_Baseline,239
1790267106.505040279,Uninterrupted_Baseline,1
1790267106.586925753,Uninterrupted_Baseline,240
1790267106.586925753,Uninterrupted_Baseline,1
1790267106.667480923,Uninterrupted_Baseline,241
1790267106.667480923,Uninterrupted_Baseline,1
1790267106.747398378,Uninterrupted_Baseline,242
1790267106.747398378,Uninterrupted_Baseline,1
1790267106.825448464,Uninterrupted_Baseline,243
1790267106.825448464,Uninterrupted_Baseline,1
1790267106.906242207,Uninterrupted_Baseline,243
1790267106.906242207,Uninterrupted_Baseline,1
1790267106.985713952,Uninterrupted_Baseline,244
1790267106.985713952,Uninterrupted_Baseline,1
1790267107.069173885,Uninterrupted_Baseline,245
1790267107.069173885,Uninterrupted_Baseline,1
1790267107.160887080,Uninterrupted_Baseline,245
1790267107.160887080,Uninterrupted_Baseline,1
1790267107.244577711,Uninterrupted_Baseline,246
1790267107.244577711,Uninterrupted_Baseline,1
1790267107.327419499,Uninterrupted_Baseline,246
1790267107.327419499,Uninterrupted_Baseline,1
1790267107.404324419,Uninterrupted_Baseline,247
1790267107.404324419,Uninterrupted_Baseline,1
1790267107.480592139,Uninterrupted_Baseline,247
1790267107.480592139,Uninterrupted_Baseline,1
1790267107.563494753,Uninterrupted_Baseline,248
1790267107.563494753,Uninterrupted_Baseline,1
1790267107.645751185,Uninterrupted_Baseline,248
1790267107.645751185,Uninterrupted_Baseline,1
1790267107.727320356,Uninterrupted_Baseline,248
1790267107.727320356,Uninterrupted_Baseline,1
1790267107.808901237,Uninterrupted_Baseline,249
1790267107.808901237,Uninterrupted_Baseline,1
1790267107.891090088,Uninterrupted_Baseline,249
1790267107.891090088,Uninterrupted_Baseline,1
1790267107.973802189,Uninterrupted_Baseline,249
1790267107.973802189,Uninterrupted_Baseline,1
1790267108.051240301,Uninterrupted_Baseline,249
1790267108.051240301,Uninterrupted_Baseline,1
1790267108.125465088,Uninterrupted_Baseline,249
1790267108.125465088,Uninterrupted_Baseline,1
1790267108.210841371,Uninterrupted_Baseline,250
1790267108.210841371,Uninterrupted_Baseline,1
1790267108.292361606,Uninterrupted_Baseline,250
1790267108.292361606,Uninterrupted_Baseline,1
1790267108.373270392,Uninterrupted_Baseline,250
1790267108.373270392,Uninterrupted_Baseline,1
1790267108.447262449,Uninterrupted_Baseline,250
1790267108.447262449,Uninterrupted_Baseline,1
1790267108.503694153,Uninterrupted_Baseline,250
1790267108.503694153,Uninterrupted_Baseline,1
1790267108.572066877,Uninterrupted_Baseline,250
1790267108.572066877,Uninterrupted_Baseline,1
1790267108.637502653,Uninterrupted_Baseline,250
1790267108.637502653,Uninterrupted_Baseline,1
1790267108.711287753,Uninterrupted_Baseline,250
1790267108.711287753,Uninterrupted_Baseline,1
1790267108.779821890,Uninterrupted_Baseline,250
1790267108.779821890,Uninterrupted_Baseline,1
1790267108.861195203,Uninterrupted_Baseline,250
1790267108.861195203,Uninterrupted_Baseline,1
1790267108.943098097,Uninterrupted_Baseline,250
1790267108.943098097,Uninterrupted_Baseline,1
1790267109.032430045,Uninterrupted_Baseline,250
1790267109.032430045,Uninterrupted_Baseline,1
1790267109.109278466,Uninterrupted_Baseline,250
1790267109.109278466,Uninterrupted_Baseline,1
1790267109.165842511,Uninterrupted_Baseline,250
1790267109.165842511,Uninterrupted_Baseline,1
1790267109.224827622,Uninterrupted_Baseline,250
1790267109.224827622,Uninterrupted_Baseline,1
1790267109.309036522,Uninterrupted_Baseline,250
1790267109.309036522,Uninterrupted_Baseline,1
1790267109.389506527,Uninterrupted_Baseline,250
1790267109.389506527,Uninterrupted_Baseline,1
1790267109.471923216,Uninterrupted_Baseline,250
1790267109.471923216,Uninterrupted_Baseline,1
1790267109.552525302,Uninterrupted_Baseline,250
1790267109.552525302,Uninterrupted_Baseline,1
1790267109.634561548,Uninterrupted_Baseline,250
1790267109.634561548,Uninterrupted_Baseline,1
1790267109.716990462,Uninterrupted_Baseline,250
1790267109.716990462,Uninterrupted_Baseline,1
1790267109.799563012,Uninterrupted_Baseline,250
1790267109.799563012,Uninterrupted_Baseline,1
1790267109.870692486,Uninterrupted_Baseline,250
1790267109.870692486,Uninterrupted_Baseline,1
1790267109.951456313,Uninterrupted_Baseline,250
1790267109.951456313,Uninterrupted_Baseline,1
1790267110.034414547,Uninterrupted_Baseline,250
1790267110.034414547,Uninterrupted_Baseline,1
1790267110.117125699,Uninterrupted_Baseline,250
1790267110.117125699,Uninterrupted_Baseline,1
1790267110.197932706,Uninterrupted_Baseline,250
1790267110.197932706,Uninterrupted_Baseline,1
1790267110.262626132,Uninterrupted_Baseline,250
1790267110.262626132,Uninterrupted_Baseline,1
1790267110.336551309,Uninterrupted_Baseline,250
1790267110.336551309,Uninterrupted_Baseline,1
1790267110.420467887,Uninterrupted_Baseline,250
1790267110.420467887,Uninterrupted_Baseline,1
1790267110.503392496,Uninterrupted_Baseline,250
1790267110.582608983,Uninterrupted_Baseline,250
1790267110.666060067,Uninterrupted_Baseline,250
1790267110.750163273,Uninterrupted_Baseline,250
1790267110.819415699,Uninterrupted_Baseline,250
1790267110.895435560,Uninterrupted_Baseline,251
1790267110.979143767,Uninterrupted_Baseline,251
1790267111.065943083,Uninterrupted_Baseline,251
1790267111.158538641,Uninterrupted_Baseline,252
1790267111.242475849,Uninterrupted_Baseline,252
1790267111.299516465,Uninterrupted_Baseline,253
1790267111.381008979,Uninterrupted_Baseline,253
1790267111.450194020,Uninterrupted_Baseline,254
1790267111.532868887,Uninterrupted_Baseline,254
1790267111.607468805,Uninterrupted_Baseline,255
1790267111.689369103,Uninterrupted_Baseline,255
1790267111.768010154,Uninterrupted_Baseline,256
1790267111.832823366,Uninterrupted_Baseline,256
1790267111.915731381,Uninterrupted_Baseline,257
1790267111.994872163,Uninterrupted_Baseline,258
1790267112.068858124,Uninterrupted_Baseline,258
1790267112.149699912,Uninterrupted_Baseline,259
1790267112.233917873,Uninterrupted_Baseline,259
1790267112.319944305,Uninterrupted_Baseline,260
1790267112.401404292,Uninterrupted_Baseline,261
1790267112.482718721,Uninterrupted_Baseline,261
1790267112.571862924,Uninterrupted_Baseline,262
1790267112.648034052,Uninterrupted_Baseline,262
1790267112.724477538,Uninterrupted_Baseline,263
1790267112.810062937,Uninterrupted_Baseline,264
1790267112.892236665,Uninterrupted_Baseline,265
1790267112.980550854,Uninterrupted_Baseline,266
1790267113.065715095,Uninterrupted_Baseline,267
1790267113.145385859,Uninterrupted_Baseline,268
1790267113.217878680,Uninterrupted_Baseline,269
1790267113.297472207,Uninterrupted_Baseline,270
1790267113.389919622,Uninterrupted_Baseline,272
1790267113.462942366,Uninterrupted_Baseline,273
1790267113.550174057,Uninterrupted_Baseline,275
1790267113.634524337,Uninterrupted_Baseline,277
1790267113.719060098,Uninterrupted_Baseline,279
1790267113.804077252,Uninterrupted_Baseline,280
1790267113.886686097,Uninterrupted_Baseline,282
1790267113.970114946,Uninterrupted_Baseline,284
1790267114.052762232,Uninterrupted_Baseline,286
1790267114.137689071,Uninterrupted_Baseline,288
1790267114.220878681,Uninterrupted_Baseline,290
1790267114.305981092,Uninterrupted_Baseline,292
1790267114.388728739,Uninterrupted_Baseline,294
1790267114.470705007,Uninterrupted_Baseline,297
1790267114.551094877,Uninterrupted_Baseline,299
1790267114.633366554,Uninterrupted_Baseline,301
1790267114.716378024,Uninterrupted_Baseline,304
1790267114.804488379,Uninterrupted_Baseline,307
1790267114.892946624,Uninterrupted_Baseline,310
1790267114.963404240,Uninterrupted_Baseline,312
1790267115.022163340,Uninterrupted_Baseline,314
1790267115.082009467,Uninterrupted_Baseline,316
1790267115.150259130,Uninterrupted_Baseline,319
1790267115.233023153,Uninterrupted_Baseline,322
1790267115.315152739,Uninterrupted_Baseline,325
1790267115.391760870,Uninterrupted_Baseline,328
1790267115.469261303,Uninterrupted_Baseline,331
1790267115.542731102,Uninterrupted_Baseline,334
1790267115.625772378,Uninterrupted_Baseline,290
1790267115.709134950,Uninterrupted_Baseline,235
1790267115.789949404,Uninterrupted_Baseline,235
1790267115.873532111,Uninterrupted_Baseline,237
1790267115.959029817,Uninterrupted_Baseline,240
1790267116.026569101,Uninterrupted_Baseline,244
1790267116.107786459,Uninterrupted_Baseline,247
1790267116.193192467,Uninterrupted_Baseline,251
1790267116.270688232,Uninterrupted_Baseline,254
1790267116.328720709,Uninterrupted_Baseline,256
1790267116.419072530,Uninterrupted_Baseline,260
1790267116.482486002,Uninterrupted_Baseline,262
1790267116.552497835,Uninterrupted_Baseline,265
1790267116.621870875,Uninterrupted_Baseline,268
1790267116.694608342,Uninterrupted_Baseline,270
1790267116.783990160,Uninterrupted_Baseline,274
1790267116.852553992,Uninterrupted_Baseline,276
1790267116.930775734,Uninterrupted_Baseline,278
1790267117.011990181,Uninterrupted_Baseline,281
1790267117.093904791,Uninterrupted_Baseline,284
1790267117.176539318,Uninterrupted_Baseline,286
1790267117.233442315,Uninterrupted_Baseline,288
1790267117.316268309,Uninterrupted_Baseline,291
1790267117.398099224,Uninterrupted_Baseline,293
1790267117.478502236,Uninterrupted_Baseline,295
1790267117.553847757,Uninterrupted_Baseline,297
1790267117.638917216,Uninterrupted_Baseline,299
1790267117.716387780,Uninterrupted_Baseline,301
1790267117.799470746,Uninterrupted_Baseline,303
1790267117.879415426,Uninterrupted_Baseline,305
1790267117.958560783,Uninterrupted_Baseline,306
1790267118.037914686,Uninterrupted_Baseline,308
1790267118.105679503,Uninterrupted_Baseline,310
1790267118.186582659,Uninterrupted_Baseline,311
1790267118.248982921,Uninterrupted_Baseline,312
1790267118.302119540,Uninterrupted_Baseline,313
1790267118.384028430,Uninterrupted_Baseline,315
1790267118.438746949,Uninterrupted_Baseline,316
1790267118.490622653,Uninterrupted_Baseline,316
1790267118.554019688,Uninterrupted_Baseline,317
1790267118.608563148,Uninterrupted_Baseline,318
1790267118.678400748,Uninterrupted_Baseline,319
1790267118.765267855,Uninterrupted_Baseline,321
1790267118.847285766,Uninterrupted_Baseline,322
1790267118.928773195,Uninterrupted_Baseline,323
1790267119.014309128,Uninterrupted_Baseline,267
1790267119.093555796,Uninterrupted_Baseline,226
1790267119.152048848,Uninterrupted_Baseline,226
1790267119.218180157,Uninterrupted_Baseline,226
1790267119.298686201,Uninterrupted_Baseline,172
1790267119.381391720,Uninterrupted_Baseline,158
1790267119.468145862,Uninterrupted_Baseline,161
1790267119.545793337,Uninterrupted_Baseline,162
1790267119.627584020,Uninterrupted_Baseline,164
1790267119.709361243,Uninterrupted_Baseline,166
1790267119.786630518,Uninterrupted_Baseline,167
1790267119.867498749,Uninterrupted_Baseline,169
1790267119.948567306,Uninterrupted_Baseline,170
1790267120.035410522,Uninterrupted_Baseline,171
1790267120.116910787,Uninterrupted_Baseline,173
1790267120.194594025,Uninterrupted_Baseline,174
1790267120.276905101,Uninterrupted_Baseline,175
1790267120.356618770,Uninterrupted_Baseline,176
1790267120.414830902,Uninterrupted_Baseline,177
1790267120.496097931,Uninterrupted_Baseline,178
1790267120.574848478,Uninterrupted_Baseline,179
1790267120.659775766,Uninterrupted_Baseline,181
1790267120.743087944,Uninterrupted_Baseline,182
1790267120.817772167,Uninterrupted_Baseline,183
1790267120.889789449,Uninterrupted_Baseline,183
1790267120.967584473,Uninterrupted_Baseline,184
1790267121.054626078,Uninterrupted_Baseline,185
1790267121.135860339,Uninterrupted_Baseline,186
1790267121.224910363,Uninterrupted_Baseline,186
1790267121.295580886,Uninterrupted_Baseline,187
1790267121.376847830,Uninterrupted_Baseline,187
1790267121.460193372,Uninterrupted_Baseline,188
1790267121.543450209,Uninterrupted_Baseline,188
1790267121.625422699,Uninterrupted_Baseline,189
1790267121.716560133,Uninterrupted_Baseline,189
1790267121.802308678,Uninterrupted_Baseline,190
1790267121.894420352,Uninterrupted_Baseline,190
1790267121.976641063,Uninterrupted_Baseline,190
1790267122.062041576,Uninterrupted_Baseline,191
1790267122.142946556,Uninterrupted_Baseline,191
1790267122.229257373,Uninterrupted_Baseline,191
1790267122.312827533,Uninterrupted_Baseline,191
1790267122.391453543,Uninterrupted_Baseline,192
1790267122.473230247,Uninterrupted_Baseline,192
1790267122.551128232,Uninterrupted_Baseline,192
1790267122.628761450,Uninterrupted_Baseline,192
1790267122.697327862,Uninterrupted_Baseline,192
1790267122.784386526,Uninterrupted_Baseline,192
1790267122.869952105,Uninterrupted_Baseline,192
1790267122.952989329,Uninterrupted_Baseline,192
1790267123.041530948,Uninterrupted_Baseline,192
1790267123.125501043,Uninterrupted_Baseline,192
1790267123.207152359,Uninterrupted_Baseline,192
1790267123.290798109,Uninterrupted_Baseline,192
1790267123.374012216,Uninterrupted_Baseline,192
1790267123.455627276,Uninterrupted_Baseline,192
1790267123.538540595,Uninterrupted_Baseline,192
1790267123.619469463,Uninterrupted_Baseline,192
1790267123.700877713,Uninterrupted_Baseline,192
1790267123.780507325,Uninterrupted_Baseline,192
1790267123.861500050,Uninterrupted_Baseline,192
1790267123.944644545,Uninterrupted_Baseline,192
1790267124.020637433,Uninterrupted_Baseline,192
1790267124.100328226,Uninterrupted_Baseline,192
1790267124.173245120,Uninterrupted_Baseline,193
1790267124.254680963,Uninterrupted_Baseline,193
1790267124.344951765,Uninterrupted_Baseline,194
1790267124.426945884,Uninterrupted_Baseline,194
1790267124.497343430,Uninterrupted_Baseline,195
1790267124.580950811,Uninterrupted_Baseline,196
1790267124.665633342,Uninterrupted_Baseline,196
1790267124.750862727,Uninterrupted_Baseline,197
1790267124.832408907,Uninterrupted_Baseline,197
1790267124.914128955,Uninterrupted_Baseline,198
1790267124.994190716,Uninterrupted_Baseline,198
1790267125.045770208,Uninterrupted_Baseline,199
1790267125.104403427,Uninterrupted_Baseline,199
1790267125.184964011,Uninterrupted_Baseline,200
1790267125.270196317,Uninterrupted_Baseline,201
1790267125.353582029,Uninterrupted_Baseline,201
1790267125.426638915,Uninterrupted_Baseline,202
1790267125.478933072,Uninterrupted_Baseline,202
1790267125.559039931,Uninterrupted_Baseline,203
1790267125.619826241,Uninterrupted_Baseline,203
1790267125.695880658,Uninterrupted_Baseline,204
1790267125.781344652,Uninterrupted_Baseline,204
1790267125.864885517,Uninterrupted_Baseline,205
1790267125.943345740,Uninterrupted_Baseline,206
1790267126.024146260,Uninterrupted_Baseline,206
1790267126.105788925,Uninterrupted_Baseline,207
1790267126.184945487,Uninterrupted_Baseline,207
1790267126.264958556,Uninterrupted_Baseline,208
1790267126.333142662,Uninterrupted_Baseline,208
1790267126.414414964,Uninterrupted_Baseline,209
1790267126.489747028,Uninterrupted_Baseline,210
1790267126.576580832,Uninterrupted_Baseline,210
1790267126.662425278,Uninterrupted_Baseline,211
1790267126.750798970,Uninterrupted_Baseline,211
1790267126.835915965,Uninterrupted_Baseline,212
1790267126.922753988,Uninterrupted_Baseline,213
1790267127.007578784,Uninterrupted_Baseline,213
1790267127.092908942,Uninterrupted_Baseline,214
1790267127.178746439,Uninterrupted_Baseline,215
1790267127.249841536,Uninterrupted_Baseline,215
1790267127.337397431,Uninterrupted_Baseline,216
1790267127.429256906,Uninterrupted_Baseline,217
1790267127.514154743,Uninterrupted_Baseline,217
1790267127.598908422,Uninterrupted_Baseline,218
1790267127.680689094,Uninterrupted_Baseline,218
1790267127.764768629,Uninterrupted_Baseline,219
1790267127.850013619,Uninterrupted_Baseline,220
1790267127.937520653,Uninterrupted_Baseline,221
1790267128.017835485,Uninterrupted_Baseline,222
1790267128.077970858,Uninterrupted_Baseline,223
1790267128.147382110,Uninterrupted_Baseline,225
1790267128.221510104,Uninterrupted_Baseline,227
1790267128.272906580,Uninterrupted_Baseline,228
1790267128.336001513,Uninterrupted_Baseline,230
1790267128.414861711,Uninterrupted_Baseline,231
1790267128.465949998,Uninterrupted_Baseline,233
1790267128.522326225,Uninterrupted_Baseline,235
1790267128.588963595,Uninterrupted_Baseline,237
1790267128.666637890,Uninterrupted_Baseline,239
1790267128.752301248,Uninterrupted_Baseline,241
1790267128.834394418,Uninterrupted_Baseline,243
1790267128.893129844,Uninterrupted_Baseline,245
1790267128.960598157,Uninterrupted_Baseline,247
1790267129.041888549,Uninterrupted_Baseline,249
1790267129.104117785,Uninterrupted_Baseline,252
1790267129.177044398,Uninterrupted_Baseline,254
1790267129.245774369,Uninterrupted_Baseline,256
1790267129.316477129,Uninterrupted_Baseline,259
1790267129.398082346,Uninterrupted_Baseline,262
1790267129.481055179,Uninterrupted_Baseline,265
1790267129.567463207,Uninterrupted_Baseline,269
1790267129.654992136,Uninterrupted_Baseline,273
1790267129.727003318,Uninterrupted_Baseline,275
1790267129.793269204,Uninterrupted_Baseline,279
1790267129.875001036,Uninterrupted_Baseline,282
1790267129.955528896,Uninterrupted_Baseline,285
1790267130.040716117,Uninterrupted_Baseline,289
1790267130.118573592,Uninterrupted_Baseline,293
1790267130.203942985,Uninterrupted_Baseline,298
1790267130.285520368,Uninterrupted_Baseline,302
1790267130.369408072,Uninterrupted_Baseline,306
1790267130.455957360,Uninterrupted_Baseline,311
1790267130.534422447,Uninterrupted_Baseline,314
1790267130.616812025,Uninterrupted_Baseline,319
1790267130.701174783,Uninterrupted_Baseline,323
1790267130.777946105,Uninterrupted_Baseline,327
1790267130.863984994,Uninterrupted_Baseline,306
1790267130.946367488,Uninterrupted_Baseline,232
1790267131.023340668,Uninterrupted_Baseline,235
1790267131.107861973,Uninterrupted_Baseline,238
1790267131.190351757,Uninterrupted_Baseline,242
1790267131.271104286,Uninterrupted_Baseline,245
1790267131.331132370,Uninterrupted_Baseline,248
1790267131.414427052,Uninterrupted_Baseline,251
1790267131.488259627,Uninterrupted_Baseline,254
1790267131.572189756,Uninterrupted_Baseline,258
1790267131.665106231,Uninterrupted_Baseline,261
1790267131.739539243,Uninterrupted_Baseline,264
1790267131.824362329,Uninterrupted_Baseline,267
1790267131.908234692,Uninterrupted_Baseline,270
1790267131.986933496,Uninterrupted_Baseline,273
1790267132.069836529,Uninterrupted_Baseline,275
1790267132.143925200,Uninterrupted_Baseline,278
1790267132.224881485,Uninterrupted_Baseline,280
1790267132.307691362,Uninterrupted_Baseline,283
1790267132.387171563,Uninterrupted_Baseline,285
1790267132.472261538,Uninterrupted_Baseline,288
1790267132.556150721,Uninterrupted_Baseline,290
1790267132.631310128,Uninterrupted_Baseline,292
1790267132.713683591,Uninterrupted_Baseline,294
1790267132.791278838,Uninterrupted_Baseline,296
1790267132.867442671,Uninterrupted_Baseline,298
1790267132.951032410,Uninterrupted_Baseline,300
1790267133.018765232,Uninterrupted_Baseline,302
1790267133.090375848,Uninterrupted_Baseline,303
1790267133.159680350,Uninterrupted_Baseline,304
1790267133.235559862,Uninterrupted_Baseline,306
1790267133.284522059,Uninterrupted_Baseline,307
1790267133.336347352,Uninterrupted_Baseline,308
1790267133.405183704,Uninterrupted_Baseline,309
1790267133.486487342,Uninterrupted_Baseline,311
1790267133.573169127,Uninterrupted_Baseline,312
1790267133.655677176,Uninterrupted_Baseline,313
1790267133.734236943,Uninterrupted_Baseline,314
1790267133.814239027,Uninterrupted_Baseline,315
1790267133.897996938,Uninterrupted_Baseline,316
1790267133.977073820,Uninterrupted_Baseline,318
1790267134.063445667,Uninterrupted_Baseline,319
1790267134.144607804,Uninterrupted_Baseline,320
1790267134.226139109,Uninterrupted_Baseline,321
1790267134.309050438,Uninterrupted_Baseline,322
1790267134.392831870,Uninterrupted_Baseline,323
1790267134.474854857,Uninterrupted_Baseline,324
1790267134.538456165,Uninterrupted_Baseline,325
1790267134.623677406,Uninterrupted_Baseline,325
1790267134.709598354,Uninterrupted_Baseline,326
1790267134.792981007,Uninterrupted_Baseline,327
1790267134.878589155,Uninterrupted_Baseline,327
1790267134.957816964,Uninterrupted_Baseline,328
1790267135.029827787,Uninterrupted_Baseline,328
1790267135.098087482,Uninterrupted_Baseline,329
1790267135.182805827,Uninterrupted_Baseline,329
1790267135.266108181,Uninterrupted_Baseline,329
1790267135.354180013,Uninterrupted_Baseline,330
1790267135.435180009,Uninterrupted_Baseline,330
1790267135.518223408,Uninterrupted_Baseline,330
1790267135.599603701,Uninterrupted_Baseline,331
1790267135.680301013,Uninterrupted_Baseline,331
1790267135.778017103,Uninterrupted_Baseline,331
1790267135.831908049,Uninterrupted_Baseline,331
1790267135.890121108,Uninterrupted_Baseline,287
1790267135.951766075,Uninterrupted_Baseline,231
1790267136.031955452,Uninterrupted_Baseline,231
1790267136.114428254,Uninterrupted_Baseline,184
1790267136.195263954,Uninterrupted_Baseline,161
1790267136.273686662,Uninterrupted_Baseline,162
1790267136.349848782,Uninterrupted_Baseline,164
1790267136.435774579,Uninterrupted_Baseline,166
1790267136.519839805,Uninterrupted_Baseline,168
1790267136.600561716,Uninterrupted_Baseline,169
1790267136.681848195,Uninterrupted_Baseline,171
1790267136.767470010,Uninterrupted_Baseline,173
1790267136.851395618,Uninterrupted_Baseline,174
1790267136.929081156,Uninterrupted_Baseline,175
1790267137.000454371,Uninterrupted_Baseline,176
1790267137.082030416,Uninterrupted_Baseline,177
1790267137.162156127,Uninterrupted_Baseline,179
1790267137.238496452,Uninterrupted_Baseline,180
1790267137.318588282,Uninterrupted_Baseline,181
1790267137.406847843,Uninterrupted_Baseline,182
1790267137.494301472,Uninterrupted_Baseline,184
1790267137.579475242,Uninterrupted_Baseline,185
1790267137.666623027,Uninterrupted_Baseline,186
1790267137.747031246,Uninterrupted_Baseline,187
1790267137.809293693,Uninterrupted_Baseline,188
1790267137.888247342,Uninterrupted_Baseline,188
1790267137.960964537,Uninterrupted_Baseline,189
1790267138.029037361,Uninterrupted_Baseline,189
1790267138.082824914,Uninterrupted_Baseline,190
1790267138.149561376,Uninterrupted_Baseline,190
1790267138.217410893,Uninterrupted_Baseline,191
1790267138.275331698,Uninterrupted_Baseline,191
1790267138.332698210,Uninterrupted_Baseline,192
1790267138.407292396,Uninterrupted_Baseline,192
1790267138.457365071,Uninterrupted_Baseline,192
1790267138.509935785,Uninterrupted_Baseline,193
1790267138.570688950,Uninterrupted_Baseline,193
1790267138.639017974,Uninterrupted_Baseline,193
1790267138.700934221,Uninterrupted_Baseline,194
1790267138.783168341,Uninterrupted_Baseline,194
1790267138.842709410,Uninterrupted_Baseline,194
1790267138.925145139,Uninterrupted_Baseline,195
1790267139.004730609,Uninterrupted_Baseline,195
1790267139.081046004,Uninterrupted_Baseline,195
1790267139.163841551,Uninterrupted_Baseline,195
1790267139.227397856,Uninterrupted_Baseline,195
1790267139.306580274,Uninterrupted_Baseline,196
1790267139.392347558,Uninterrupted_Baseline,196
1790267139.480551814,Uninterrupted_Baseline,196
1790267139.557824202,Uninterrupted_Baseline,196
1790267139.640296475,Uninterrupted_Baseline,196
1790267139.710979425,Uninterrupted_Baseline,196
1790267139.770778121,Uninterrupted_Baseline,196
1790267139.844751969,Uninterrupted_Baseline,196
1790267139.932745288,Uninterrupted_Baseline,196
1790267140.008884075,Uninterrupted_Baseline,196
1790267140.096186077,Uninterrupted_Baseline,196
1790267140.165333666,Uninterrupted_Baseline,196
1790267140.250741869,Uninterrupted_Baseline,196
1790267140.324500777,Uninterrupted_Baseline,196
1790267140.408702879,Uninterrupted_Baseline,196
1790267140.490846799,Uninterrupted_Baseline,196
1790267140.566040563,Uninterrupted_Baseline,196
1790267140.651082016,Uninterrupted_Baseline,196
1790267140.733500980,Uninterrupted_Baseline,196
1790267140.818640236,Uninterrupted_Baseline,196
1790267140.903387542,Uninterrupted_Baseline,196
1790267140.980807358,Uninterrupted_Baseline,196
1790267141.046791155,Uninterrupted_Baseline,196
1790267141.124430783,Uninterrupted_Baseline,196
1790267141.212321434,Uninterrupted_Baseline,197
1790267141.289738600,Uninterrupted_Baseline,197
1790267141.370245704,Uninterrupted_Baseline,198
1790267141.459168530,Uninterrupted_Baseline,198
1790267141.543156934,Uninterrupted_Baseline,199
1790267141.626393931,Uninterrupted_Baseline,200
1790267141.717721082,Uninterrupted_Baseline,200
1790267141.802901348,Uninterrupted_Baseline,201
1790267141.888315355,Uninterrupted_Baseline,202
1790267141.976939440,Uninterrupted_Baseline,202
1790267142.061712536,Uninterrupted_Baseline,203
1790267142.147595224,Uninterrupted_Baseline,203
1790267142.228701879,Uninterrupted_Baseline,204
1790267142.314631271,Uninterrupted_Baseline,205
1790267142.397304359,Uninterrupted_Baseline,205
1790267142.481166520,Uninterrupted_Baseline,206
1790267142.564555739,Uninterrupted_Baseline,206
1790267142.648287545,Uninterrupted_Baseline,207
1790267142.731172069,Uninterrupted_Baseline,208
1790267142.816540725,Uninterrupted_Baseline,208
1790267142.903795111,Uninterrupted_Baseline,209
1790267142.988816629,Uninterrupted_Baseline,210
1790267143.068369381,Uninterrupted_Baseline,210
1790267143.156279462,Uninterrupted_Baseline,211
1790267143.242616239,Uninterrupted_Baseline,211
1790267143.323683130,Uninterrupted_Baseline,212
1790267143.407546048,Uninterrupted_Baseline,213
1790267143.491735673,Uninterrupted_Baseline,213
1790267143.578704946,Uninterrupted_Baseline,214
1790267143.662298814,Uninterrupted_Baseline,215
1790267143.740780674,Uninterrupted_Baseline,215
1790267143.825033068,Uninterrupted_Baseline,216
1790267143.904120790,Uninterrupted_Baseline,216
1790267143.984255131,Uninterrupted_Baseline,217
1790267144.069967071,Uninterrupted_Baseline,217
1790267144.152968241,Uninterrupted_Baseline,218
1790267144.234548977,Uninterrupted_Baseline,218
1790267144.316518570,Uninterrupted_Baseline,219
1790267144.404607209,Uninterrupted_Baseline,220
1790267144.492542015,Uninterrupted_Baseline,220
1790267144.558155659,Uninterrupted_Baseline,221
1790267144.634449360,Uninterrupted_Baseline,222
1790267144.715737847,Uninterrupted_Baseline,223
1790267144.798067660,Uninterrupted_Baseline,224
1790267144.875770828,Uninterrupted_Baseline,225
1790267144.940842913,Uninterrupted_Baseline,227
1790267145.009091564,Uninterrupted_Baseline,228
1790267145.080523289,Uninterrupted_Baseline,230
1790267145.154180852,Uninterrupted_Baseline,231
1790267145.216519845,Uninterrupted_Baseline,233
1790267145.295410246,Uninterrupted_Baseline,235
1790267145.377394180,Uninterrupted_Baseline,237
1790267145.460431918,Uninterrupted_Baseline,239
1790267145.536831092,Uninterrupted_Baseline,241
1790267145.597304474,Uninterrupted_Baseline,243
1790267145.674686753,Uninterrupted_Baseline,245
1790267145.757073615,Uninterrupted_Baseline,248
1790267145.832072586,Uninterrupted_Baseline,250
1790267145.915745898,Uninterrupted_Baseline,252
1790267145.998609566,Uninterrupted_Baseline,255
1790267146.084747058,Uninterrupted_Baseline,258
1790267146.168682204,Uninterrupted_Baseline,261
1790267146.254718045,Uninterrupted_Baseline,265
1790267146.330431610,Uninterrupted_Baseline,267
1790267146.411438125,Uninterrupted_Baseline,270
1790267146.497389439,Uninterrupted_Baseline,274
1790267146.580105440,Uninterrupted_Baseline,277
1790267146.663732245,Uninterrupted_Baseline,281
1790267146.745257737,Uninterrupted_Baseline,284
1790267146.829718392,Uninterrupted_Baseline,288
1790267146.908346660,Uninterrupted_Baseline,292
1790267146.985509568,Uninterrupted_Baseline,296
1790267147.063957808,Uninterrupted_Baseline,299
1790267147.151181693,Uninterrupted_Baseline,303
1790267147.230106288,Uninterrupted_Baseline,307
1790267147.311041156,Uninterrupted_Baseline,311
1790267147.377078735,Uninterrupted_Baseline,315
1790267147.459069240,Uninterrupted_Baseline,319
1790267147.543696225,Uninterrupted_Baseline,324
1790267147.627805190,Uninterrupted_Baseline,329
1790267147.713288333,Uninterrupted_Baseline,334
1790267147.799727555,Uninterrupted_Baseline,338
1790267147.880923604,Uninterrupted_Baseline,344
1790267147.950427323,Uninterrupted_Baseline,347
1790267148.017280459,Uninterrupted_Baseline,273
1790267158.782603816,Phase1_Baseline,10
1790267158.864864043,Phase1_Baseline,18
1790267158.945494831,Phase1_Baseline,36
1790267159.021197431,Phase1_Baseline,78
1790267159.082398072,Phase1_Baseline,122
1790267159.146620274,Phase1_Baseline,133
1790267159.209856800,Phase1_Baseline,247
1790267159.270687144,Phase1_Baseline,283
1790267159.342808123,Phase1_Baseline,283
1790267159.415363710,Phase1_Baseline,283
1790267159.482990269,Phase1_Baseline,283
1790267159.566707810,Phase1_Baseline,284
1790267159.646288550,Phase1_Baseline,284
1790267159.717160172,Phase1_Baseline,285
1790267159.773880005,Phase1_Baseline,285
1790267159.839477984,Phase1_Baseline,285
1790267159.913411174,Phase1_Baseline,286
1790267159.998186035,Phase1_Baseline,287
1790267160.077998155,Phase1_Baseline,287
1790267160.158847206,Phase1_Baseline,288
1790267160.232556335,Phase1_Baseline,288
1790267160.304689608,Phase1_Baseline,289
1790267160.388264299,Phase1_Baseline,289
1790267160.469987448,Phase1_Baseline,290
1790267160.543807717,Phase1_Baseline,290
1790267160.609564435,Phase1_Baseline,291
1790267160.694513660,Phase1_Baseline,292
1790267160.770569038,Phase1_Baseline,292
1790267160.833585415,Phase1_Baseline,293
1790267160.905140728,Phase1_Baseline,293
1790267160.969775328,Phase1_Baseline,293
1790267161.045406607,Phase1_Baseline,294
1790267161.111566715,Phase1_Baseline,294
1790267161.185194429,Phase1_Baseline,295
1790267161.237546873,Phase1_Baseline,295
1790267161.297247207,Phase1_Baseline,296
1790267161.364077398,Phase1_Baseline,296
1790267161.426572092,Phase1_Baseline,297
1790267161.496817871,Phase1_Baseline,297
1790267161.579131242,Phase1_Baseline,298
1790267161.639892856,Phase1_Baseline,298
1790267161.702865631,Phase1_Baseline,247
1790267161.767474197,Phase1_Baseline,208
1790267161.836941517,Phase1_Baseline,206
1790267161.922619903,Phase1_Baseline,145
1790267162.004044651,Phase1_Baseline,145
1790267162.081621647,Phase1_Baseline,92
1790267162.160600737,Phase1_Baseline,94
1790267162.246584339,Phase1_Baseline,102
1790267162.337771494,Phase1_Baseline,104
1790267162.391110214,Phase1_Baseline,105
1790267162.459880420,Phase1_Baseline,106
1790267162.531166955,Phase1_Baseline,107
1790267162.609953088,Phase1_Baseline,108
1790267162.689934412,Phase1_Baseline,109
1790267162.774082407,Phase1_Baseline,110
1790267162.859297081,Phase1_Baseline,112
1790267162.936755603,Phase1_Baseline,113
1790267163.010700474,Phase1_Baseline,113
1790267163.084970903,Phase1_Baseline,114
1790267163.160296127,Phase1_Baseline,115
1790267163.238575600,Phase1_Baseline,116
1790267163.320802417,Phase1_Baseline,116
1790267163.407627444,Phase1_Baseline,117
1790267163.487889034,Phase1_Baseline,117
1790267163.582452077,Phase1_Baseline,118
1790267163.636800721,Phase1_Baseline,119
1790267163.691717527,Phase1_Baseline,119
1790267163.749170102,Phase1_Baseline,119
1790267163.819734796,Phase1_Baseline,120
1790267163.884482852,Phase1_Baseline,120
1790267163.959279826,Phase1_Baseline,120
1790267164.043724849,Phase1_Baseline,121
1790267164.126713844,Phase1_Baseline,121
1790267164.205620953,Phase1_Baseline,121
1790267164.278997630,Phase1_Baseline,122
1790267164.350770935,Phase1_Baseline,122
1790267164.441237481,Phase1_Baseline,122
1790267164.523262932,Phase1_Baseline,122
1790267164.603741987,Phase1_Baseline,123
1790267164.678689797,Phase1_Baseline,123
1790267164.755693535,Phase1_Baseline,123
1790267164.838578674,Phase1_Baseline,123
1790267164.895468120,Phase1_Baseline,123
1790267164.976464140,Phase1_Baseline,123
1790267165.040943556,Phase1_Baseline,123
1790267165.100923717,Phase1_Baseline,123
1790267165.183783918,Phase1_Baseline,123
1790267165.263799348,Phase1_Baseline,123
1790267165.346373317,Phase1_Baseline,124
1790267165.426332956,Phase1_Baseline,124
1790267165.513416626,Phase1_Baseline,125
1790267165.587933102,Phase1_Baseline,126
1790267165.666160765,Phase1_Baseline,126
1790267165.742935933,Phase1_Baseline,127
1790267165.823273096,Phase1_Baseline,127
1790267165.903569194,Phase1_Baseline,128
1790267165.993433620,Phase1_Baseline,129
1790267166.072071171,Phase1_Baseline,129
1790267166.149730824,Phase1_Baseline,130
1790267166.219423307,Phase1_Baseline,130
1790267166.295264933,Phase1_Baseline,131
1790267166.371454744,Phase1_Baseline,132
1790267166.438921979,Phase1_Baseline,132
1790267166.507789183,Phase1_Baseline,132
1790267166.589477006,Phase1_Baseline,133
1790267166.674888539,Phase1_Baseline,134
1790267166.754288029,Phase1_Baseline,134
1790267166.821169317,Phase1_Baseline,135
1790267166.881473899,Phase1_Baseline,135
1790267166.947666742,Phase1_Baseline,136
1790267167.013384822,Phase1_Baseline,136
1790267167.071781138,Phase1_Baseline,137
1790267167.130966605,Phase1_Baseline,137
1790267167.213908687,Phase1_Baseline,138
1790267167.274271130,Phase1_Baseline,138
1790267167.351556035,Phase1_Baseline,139
1790267167.434593254,Phase1_Baseline,139
1790267167.509117755,Phase1_Baseline,140
1790267167.591400266,Phase1_Baseline,141
1790267167.668126249,Phase1_Baseline,141
1790267167.727941432,Phase1_Baseline,142
1790267167.817090141,Phase1_Baseline,142
1790267167.865980675,Phase1_Baseline,142
1790267167.920423341,Phase1_Baseline,143
1790267167.996306800,Phase1_Baseline,144
1790267168.075325546,Phase1_Baseline,144
1790267168.150033790,Phase1_Baseline,145
1790267168.222670167,Phase1_Baseline,145
1790267168.274337990,Phase1_Baseline,146
1790267168.348703750,Phase1_Baseline,146
1790267168.422107990,Phase1_Baseline,147
1790267168.474102148,Phase1_Baseline,147
1790267168.522830126,Phase1_Baseline,147
1790267168.584351897,Phase1_Baseline,148
1790267168.637913290,Phase1_Baseline,148
1790267168.690686584,Phase1_Baseline,149
1790267168.754964585,Phase1_Baseline,149
1790267168.834428480,Phase1_Baseline,150
1790267168.906268573,Phase1_Baseline,150
1790267168.983459416,Phase1_Baseline,151
1790267169.057458174,Phase1_Baseline,151
1790267169.143165828,Phase1_Baseline,152
1790267169.217759486,Phase1_Baseline,153
1790267169.282270120,Phase1_Baseline,153
1790267169.358555519,Phase1_Baseline,154
1790267169.427704392,Phase1_Baseline,154
1790267169.504178254,Phase1_Baseline,155
1790267169.583803703,Phase1_Baseline,155
1790267169.665091716,Phase1_Baseline,156
1790267169.740532797,Phase1_Baseline,157
1790267169.822173152,Phase1_Baseline,157
1790267169.907340416,Phase1_Baseline,158
1790267169.969151456,Phase1_Baseline,158
1790267170.033908624,Phase1_Baseline,159
1790267170.103315358,Phase1_Baseline,159
1790267170.179617279,Phase1_Baseline,160
1790267170.245896623,Phase1_Baseline,160
1790267170.317246298,Phase1_Baseline,161
1790267170.397103071,Phase1_Baseline,161
1790267170.478946292,Phase1_Baseline,162
1790267170.545375742,Phase1_Baseline,163
1790267170.630826220,Phase1_Baseline,164
1790267170.709382451,Phase1_Baseline,165
1790267170.789060882,Phase1_Baseline,167
1790267170.860327911,Phase1_Baseline,169
1790267170.937581442,Phase1_Baseline,171
1790267171.019644646,Phase1_Baseline,174
1790267171.099034310,Phase1_Baseline,176
1790267171.172276090,Phase1_Baseline,178
1790267171.252672111,Phase1_Baseline,180
1790267171.338321967,Phase1_Baseline,183
1790267171.414900692,Phase1_Baseline,186
1790267171.468871918,Phase1_Baseline,188
1790267171.543380486,Phase1_Baseline,191
1790267171.626947129,Phase1_Baseline,194
1790267171.703960765,Phase1_Baseline,196
1790267171.782354415,Phase1_Baseline,200
1790267171.860948896,Phase1_Baseline,203
1790267171.947865759,Phase1_Baseline,206
1790267172.015332675,Phase1_Baseline,209
1790267172.075729310,Phase1_Baseline,212
1790267172.156288159,Phase1_Baseline,216
1790267172.235136957,Phase1_Baseline,219
1790267172.319398650,Phase1_Baseline,223
1790267172.395710319,Phase1_Baseline,228
1790267172.476704253,Phase1_Baseline,232
1790267172.559122412,Phase1_Baseline,236
1790267172.641603288,Phase1_Baseline,240
1790267172.715812644,Phase1_Baseline,244
1790267172.784435833,Phase1_Baseline,247
1790267172.847158644,Phase1_Baseline,251
1790267172.929044045,Phase1_Baseline,256
1790267172.996397700,Phase1_Baseline,260
1790267173.074077376,Phase1_Baseline,265
1790267173.155936063,Phase1_Baseline,270
1790267173.237157815,Phase1_Baseline,275
1790267173.315833598,Phase1_Baseline,279
1790267173.378992478,Phase1_Baseline,283
1790267173.461428247,Phase1_Baseline,289
1790267173.548267278,Phase1_Baseline,295
1790267173.634057284,Phase1_Baseline,301
1790267173.720135403,Phase1_Baseline,308
1790267173.794518973,Phase1_Baseline,312
1790267173.884753073,Phase1_Baseline,318
1790267173.960143933,Phase1_Baseline,324
1790267174.046196212,Phase1_Baseline,331
1790267174.126940444,Phase1_Baseline,338
1790267174.207151945,Phase1_Baseline,344
1790267174.283334769,Phase1_Baseline,350
1790267174.365413913,Phase1_Baseline,260
1790267174.443991634,Phase1_Baseline,248
1790267174.528882978,Phase1_Baseline,251
1790267174.595343879,Phase1_Baseline,254
1790267174.677845244,Phase1_Baseline,258
1790267174.761240076,Phase1_Baseline,262
1790267174.840144471,Phase1_Baseline,265
1790267174.908461235,Phase1_Baseline,268
1790267174.989958641,Phase1_Baseline,271
1790267175.061816967,Phase1_Baseline,274
1790267175.135316310,Phase1_Baseline,277
1790267175.197969733,Phase1_Baseline,280
1790267175.272604739,Phase1_Baseline,282
1790267175.339851116,Phase1_Baseline,285
1790267175.422979901,Phase1_Baseline,288
1790267175.510317498,Phase1_Baseline,291
1790267175.581434584,Phase1_Baseline,293
1790267175.642146953,Phase1_Baseline,295
1790267175.724378835,Phase1_Baseline,298
1790267175.804145207,Phase1_Baseline,300
1790267175.883373760,Phase1_Baseline,302
1790267175.952085272,Phase1_Baseline,305
1790267176.030600660,Phase1_Baseline,307
1790267176.110424967,Phase1_Baseline,309
1790267176.188597159,Phase1_Baseline,311
1790267176.263778551,Phase1_Baseline,313
1790267176.346972999,Phase1_Baseline,315
1790267176.432064417,Phase1_Baseline,317
1790267176.517157051,Phase1_Baseline,319
1790267176.571487218,Phase1_Baseline,320
1790267176.631714520,Phase1_Baseline,322
1790267176.699091721,Phase1_Baseline,323
1790267176.775347539,Phase1_Baseline,325
1790267176.848249524,Phase1_Baseline,326
1790267176.932455979,Phase1_Baseline,328
1790267177.022355470,Phase1_Baseline,329
1790267177.107343204,Phase1_Baseline,330
1790267177.182008425,Phase1_Baseline,332
1790267177.255278611,Phase1_Baseline,333
1790267177.331786548,Phase1_Baseline,334
1790267177.418080353,Phase1_Baseline,335
1790267177.503494746,Phase1_Baseline,337
1790267177.586322243,Phase1_Baseline,338
1790267177.672555049,Phase1_Baseline,339
1790267177.761817239,Phase1_Baseline,340
1790267177.846884336,Phase1_Baseline,260
1790267177.931603268,Phase1_Baseline,239
1790267177.997605927,Phase1_Baseline,241
1790267178.074616667,Phase1_Baseline,243
1790267178.155418985,Phase1_Baseline,245
1790267178.221894513,Phase1_Baseline,247
1790267178.273830379,Phase1_Baseline,249
1790267178.328427849,Phase1_Baseline,250
1790267178.408544162,Phase1_Baseline,252
1790267178.468579962,Phase1_Baseline,254
1790267178.529062613,Phase1_Baseline,255
1790267178.592045819,Phase1_Baseline,257
1790267178.662880071,Phase1_Baseline,259
1790267178.744811171,Phase1_Baseline,260
1790267178.824493312,Phase1_Baseline,262
1790267178.906391902,Phase1_Baseline,264
1790267178.988642707,Phase1_Baseline,265
1790267179.068404782,Phase1_Baseline,266
1790267179.122009224,Phase1_Baseline,267
1790267179.175150516,Phase1_Baseline,268
1790267179.235883707,Phase1_Baseline,269
1790267179.315320305,Phase1_Baseline,270
1790267179.400360589,Phase1_Baseline,271
1790267179.483534857,Phase1_Baseline,273
1790267179.561102607,Phase1_Baseline,274
1790267179.627919883,Phase1_Baseline,275
1790267179.712733848,Phase1_Baseline,276
1790267179.780993129,Phase1_Baseline,277
1790267179.858475270,Phase1_Baseline,278
1790267179.923119805,Phase1_Baseline,279
1790267180.005881637,Phase1_Baseline,280
1790267180.088160544,Phase1_Baseline,281
1790267180.167970432,Phase1_Baseline,282
1790267180.232837812,Phase1_Baseline,282
1790267180.313367672,Phase1_Baseline,283
1790267180.388321770,Phase1_Baseline,283
1790267180.465470727,Phase1_Baseline,284
1790267180.537142840,Phase1_Baseline,284
1790267180.592064001,Phase1_Baseline,285
1790267180.669024599,Phase1_Baseline,285
1790267180.745456219,Phase1_Baseline,286
1790267180.830278302,Phase1_Baseline,286
1790267180.916097164,Phase1_Baseline,286
1790267181.002741988,Phase1_Baseline,287
1790267181.083487835,Phase1_Baseline,287
1790267181.166556019,Phase1_Baseline,287
1790267181.240083590,Phase1_Baseline,288
1790267181.324155867,Phase1_Baseline,288
1790267181.395273859,Phase1_Baseline,288
1790267181.479800357,Phase1_Baseline,288
1790267181.561568618,Phase1_Baseline,289
1790267181.633836199,Phase1_Baseline,289
1790267181.720360826,Phase1_Baseline,289
1790267181.805121174,Phase1_Baseline,289
1790267181.892746298,Phase1_Baseline,289
1790267181.970436373,Phase1_Baseline,289
1790267182.053404284,Phase1_Baseline,289
1790267182.132904583,Phase1_Baseline,289
1790267182.217180877,Phase1_Baseline,289
1790267182.298055698,Phase1_Baseline,289
1790267182.360822388,Phase1_Baseline,289
1790267182.426025014,Phase1_Baseline,289
1790267182.498816079,Phase1_Baseline,289
1790267182.569346818,Phase1_Baseline,289
1790267182.651572539,Phase1_Baseline,289
1790267182.736487681,Phase1_Baseline,289
1790267182.822486334,Phase1_Baseline,289
1790267182.917090170,Phase1_Baseline,289
1790267182.986088623,Phase1_Baseline,289
1790267183.056248387,Phase1_Baseline,289
1790267183.130766034,Phase1_Baseline,289
1790267183.215812469,Phase1_Baseline,289
1790267183.284391411,Phase1_Baseline,289
1790267183.364445197,Phase1_Baseline,289
1790267184.827684353,Phase2_Migrated,10
1790267184.900387261,Phase2_Migrated,10
1790267185.005591185,Phase2_Migrated,20
1790267185.066420313,Phase2_Migrated,9
1790267185.133406008,Phase2_Migrated,29
1790267185.218803649,Phase2_Migrated,76
1790267185.304892709,Phase2_Migrated,154
1790267185.394113722,Phase2_Migrated,331
1790267185.490613595,Phase2_Migrated,651
1790267185.570889828,Phase2_Migrated,973
1790267185.645292744,Phase2_Migrated,962
1790267185.732686732,Phase2_Migrated,846
1790267185.788431846,Phase2_Migrated,724
1790267185.856279473,Phase2_Migrated,724
1790267185.941451439,Phase2_Migrated,724
1790267186.037140591,Phase2_Migrated,724
1790267186.108941765,Phase2_Migrated,724
1790267186.194896814,Phase2_Migrated,602
1790267186.295685487,Phase2_Migrated,506
1790267186.374394681,Phase2_Migrated,452
1790267186.470239930,Phase2_Migrated,416
1790267186.550828843,Phase2_Migrated,359
1790267186.640872980,Phase2_Migrated,336
1790267186.734067690,Phase2_Migrated,252
1790267186.824907836,Phase2_Migrated,243
1790267186.903234728,Phase2_Migrated,209
1790267186.994986426,Phase2_Migrated,248
1790267187.079765107,Phase2_Migrated,173
1790267187.175906419,Phase2_Migrated,174
1790267187.270762094,Phase2_Migrated,177
1790267187.363911297,Phase2_Migrated,179
1790267187.444520144,Phase2_Migrated,180
1790267187.549920154,Phase2_Migrated,182
1790267187.645793849,Phase2_Migrated,184
1790267187.730083540,Phase2_Migrated,186
1790267187.817419507,Phase2_Migrated,188
1790267187.906279693,Phase2_Migrated,189
1790267187.994803114,Phase2_Migrated,191
1790267188.064576391,Phase2_Migrated,192
1790267188.150310412,Phase2_Migrated,193
1790267188.240528456,Phase2_Migrated,195
1790267188.322910303,Phase2_Migrated,196
1790267188.409785244,Phase2_Migrated,197
1790267188.466421641,Phase2_Migrated,197
1790267188.523337417,Phase2_Migrated,198
1790267188.597408370,Phase2_Migrated,199
1790267188.664758543,Phase2_Migrated,200
1790267188.755425188,Phase2_Migrated,201
1790267188.853025290,Phase2_Migrated,202
1790267188.948352090,Phase2_Migrated,203
1790267189.043125647,Phase2_Migrated,204
1790267189.133303534,Phase2_Migrated,204
1790267189.205737384,Phase2_Migrated,205
1790267189.269129146,Phase2_Migrated,205
1790267189.361389355,Phase2_Migrated,206
1790267189.446070106,Phase2_Migrated,206
1790267189.539265358,Phase2_Migrated,207
1790267189.631048977,Phase2_Migrated,207
1790267189.722497560,Phase2_Migrated,208
1790267189.810095592,Phase2_Migrated,208
1790267189.903550979,Phase2_Migrated,208
1790267190.004590234,Phase2_Migrated,209
1790267190.098347158,Phase2_Migrated,209
1790267190.191406504,Phase2_Migrated,209
1790267190.282098378,Phase2_Migrated,210
1790267190.375089820,Phase2_Migrated,210
1790267190.478243500,Phase2_Migrated,210
1790267190.569255550,Phase2_Migrated,210
1790267190.653817276,Phase2_Migrated,210
1790267190.751600100,Phase2_Migrated,210
1790267190.848995386,Phase2_Migrated,210
1790267190.937634418,Phase2_Migrated,210
1790267191.034824794,Phase2_Migrated,210
1790267191.136601301,Phase2_Migrated,210
1790267191.228545140,Phase2_Migrated,210
1790267191.306412781,Phase2_Migrated,210
1790267191.396681845,Phase2_Migrated,210
1790267191.487925505,Phase2_Migrated,210
1790267191.576368765,Phase2_Migrated,210
1790267191.669275396,Phase2_Migrated,210
1790267191.764693828,Phase2_Migrated,210
1790267191.860044187,Phase2_Migrated,210
1790267191.956684213,Phase2_Migrated,210
1790267192.051523928,Phase2_Migrated,210
1790267192.146807077,Phase2_Migrated,210
1790267192.243180455,Phase2_Migrated,210
1790267192.323884869,Phase2_Migrated,211
1790267192.404630940,Phase2_Migrated,211
1790267192.503011518,Phase2_Migrated,212
1790267192.596791412,Phase2_Migrated,213
1790267192.695836281,Phase2_Migrated,213
1790267192.793030624,Phase2_Migrated,214
1790267192.889684952,Phase2_Migrated,215
1790267192.989431644,Phase2_Migrated,215
1790267193.084070350,Phase2_Migrated,216
1790267193.182845244,Phase2_Migrated,217
1790267193.275362759,Phase2_Migrated,217
1790267193.367406683,Phase2_Migrated,218
1790267193.460723677,Phase2_Migrated,219
1790267193.553024111,Phase2_Migrated,220
1790267193.645106683,Phase2_Migrated,220
1790267193.732021546,Phase2_Migrated,221
1790267193.822770529,Phase2_Migrated,222
1790267193.915544950,Phase2_Migrated,222
1790267194.004189558,Phase2_Migrated,223
1790267194.095554138,Phase2_Migrated,224
1790267194.191591434,Phase2_Migrated,224
1790267194.286683071,Phase2_Migrated,225
1790267194.375462514,Phase2_Migrated,225
1790267194.455020717,Phase2_Migrated,226
1790267194.541533205,Phase2_Migrated,227
1790267194.636816953,Phase2_Migrated,227
1790267194.729542402,Phase2_Migrated,228
1790267194.819887707,Phase2_Migrated,229
1790267194.914612758,Phase2_Migrated,229
1790267194.983675632,Phase2_Migrated,230
1790267195.049846541,Phase2_Migrated,230
1790267195.138520268,Phase2_Migrated,231
1790267195.227636122,Phase2_Migrated,232
1790267195.326306144,Phase2_Migrated,232
1790267195.421335933,Phase2_Migrated,233
1790267195.523379979,Phase2_Migrated,234
1790267195.615463110,Phase2_Migrated,235
1790267195.710051102,Phase2_Migrated,236
1790267195.809322660,Phase2_Migrated,238
1790267195.902104033,Phase2_Migrated,240
1790267195.997594330,Phase2_Migrated,243
1790267196.090796393,Phase2_Migrated,245
1790267196.187806063,Phase2_Migrated,248
1790267196.282240445,Phase2_Migrated,249
1790267196.345402329,Phase2_Migrated,251
1790267196.433069514,Phase2_Migrated,253
1790267196.525433199,Phase2_Migrated,255
1790267196.612530412,Phase2_Migrated,258
1790267196.702894052,Phase2_Migrated,260
1790267196.793275785,Phase2_Migrated,263
1790267196.883840051,Phase2_Migrated,266
1790267196.977807308,Phase2_Migrated,269
1790267197.072822018,Phase2_Migrated,273
1790267197.162828090,Phase2_Migrated,276
1790267197.247476896,Phase2_Migrated,279
1790267197.339420480,Phase2_Migrated,282
1790267197.425276598,Phase2_Migrated,286
1790267197.515175079,Phase2_Migrated,289
1790267197.615373986,Phase2_Migrated,294
1790267197.711870796,Phase2_Migrated,298
1790267197.802030156,Phase2_Migrated,301
1790267197.893441461,Phase2_Migrated,306
1790267197.984955757,Phase2_Migrated,310
1790267198.076486674,Phase2_Migrated,314
1790267198.151838723,Phase2_Migrated,318
1790267198.225884207,Phase2_Migrated,322
1790267198.288755997,Phase2_Migrated,324
1790267198.360687950,Phase2_Migrated,330
1790267198.435616576,Phase2_Migrated,332
1790267198.496599698,Phase2_Migrated,336
1790267198.575353157,Phase2_Migrated,340
1790267198.653345046,Phase2_Migrated,345
1790267198.735773199,Phase2_Migrated,242
1790267198.827676005,Phase2_Migrated,245
1790267198.919126426,Phase2_Migrated,249
1790267199.008173974,Phase2_Migrated,252
1790267199.095073370,Phase2_Migrated,256
1790267199.185537466,Phase2_Migrated,260
1790267199.250259666,Phase2_Migrated,263
1790267199.337175669,Phase2_Migrated,267
1790267199.432449514,Phase2_Migrated,271
1790267199.519605794,Phase2_Migrated,274
1790267199.612285641,Phase2_Migrated,278
1790267199.704739808,Phase2_Migrated,281
1790267199.774044777,Phase2_Migrated,283
1790267199.847762271,Phase2_Migrated,286
1790267199.947871272,Phase2_Migrated,289
1790267200.041241217,Phase2_Migrated,292
1790267200.141485195,Phase2_Migrated,296
1790267200.229257698,Phase2_Migrated,298
1790267200.327743229,Phase2_Migrated,301
1790267200.432420094,Phase2_Migrated,304
1790267200.526968984,Phase2_Migrated,306
1790267200.601950901,Phase2_Migrated,309
1790267200.696400042,Phase2_Migrated,311
1790267200.786284442,Phase2_Migrated,313
1790267200.874757479,Phase2_Migrated,315
1790267200.968239096,Phase2_Migrated,317
1790267201.068345381,Phase2_Migrated,319
1790267201.156776215,Phase2_Migrated,321
1790267201.237480221,Phase2_Migrated,322
1790267201.297543348,Phase2_Migrated,323
1790267201.380085153,Phase2_Migrated,325
1790267201.471106607,Phase2_Migrated,326
1790267201.563933840,Phase2_Migrated,328
1790267201.647525746,Phase2_Migrated,329
1790267201.741697508,Phase2_Migrated,330
1790267201.839312344,Phase2_Migrated,331
1790267201.933118004,Phase2_Migrated,333
1790267202.028358477,Phase2_Migrated,334
1790267202.120544041,Phase2_Migrated,335
1790267202.206014447,Phase2_Migrated,336
1790267202.297089920,Phase2_Migrated,337
1790267202.390915805,Phase2_Migrated,255
1790267202.483761319,Phase2_Migrated,236
1790267202.581197565,Phase2_Migrated,236
1790267202.675138910,Phase2_Migrated,239
1790267202.771371553,Phase2_Migrated,242
1790267202.861790078,Phase2_Migrated,244
1790267202.954410591,Phase2_Migrated,247
1790267203.046094605,Phase2_Migrated,249
1790267203.126893788,Phase2_Migrated,251
1790267203.225060664,Phase2_Migrated,254
1790267203.319625591,Phase2_Migrated,256
1790267203.404492242,Phase2_Migrated,258
1790267203.494733626,Phase2_Migrated,260
1790267203.587923025,Phase2_Migrated,261
1790267203.681643468,Phase2_Migrated,263
1790267203.777862983,Phase2_Migrated,265
1790267203.865769448,Phase2_Migrated,266
1790267203.956379530,Phase2_Migrated,267
1790267204.049838231,Phase2_Migrated,269
1790267204.135511386,Phase2_Migrated,271
1790267204.234352529,Phase2_Migrated,272
1790267204.325629304,Phase2_Migrated,273
1790267204.421042693,Phase2_Migrated,275
1790267204.515979398,Phase2_Migrated,276
1790267204.612418574,Phase2_Migrated,277
1790267204.703149618,Phase2_Migrated,278
1790267204.800187553,Phase2_Migrated,279
1790267204.866533027,Phase2_Migrated,279
1790267204.958275561,Phase2_Migrated,280
1790267205.030261874,Phase2_Migrated,281
1790267205.106958847,Phase2_Migrated,281
1790267205.204484828,Phase2_Migrated,282
1790267205.303193131,Phase2_Migrated,283
1790267205.397815648,Phase2_Migrated,283
1790267205.497395019,Phase2_Migrated,284
1790267205.586608941,Phase2_Migrated,284
1790267205.680540358,Phase2_Migrated,285
1790267205.779330590,Phase2_Migrated,285
1790267205.865550640,Phase2_Migrated,286
1790267205.955675939,Phase2_Migrated,286
1790267206.039041135,Phase2_Migrated,286
1790267206.119320991,Phase2_Migrated,286
1790267206.215548885,Phase2_Migrated,287
1790267206.307611252,Phase2_Migrated,287
1790267207.446780253,Uninterrupted_Baseline,1
1790267207.526611805,Uninterrupted_Baseline,1
1790267207.607506978,Uninterrupted_Baseline,1
1790267207.688978882,Uninterrupted_Baseline,1
1790267207.773435860,Uninterrupted_Baseline,1
1790267207.856348870,Uninterrupted_Baseline,1
1790267207.939991608,Uninterrupted_Baseline,1
1790267208.022417999,Uninterrupted_Baseline,1
1790267208.090713357,Uninterrupted_Baseline,1
1790267208.175015083,Uninterrupted_Baseline,1
1790267208.257519907,Uninterrupted_Baseline,1
1790267208.313535414,Uninterrupted_Baseline,1
1790267208.397511303,Uninterrupted_Baseline,1
1790267208.450770977,Uninterrupted_Baseline,1
1790267208.502464377,Uninterrupted_Baseline,1
1790267208.563476829,Uninterrupted_Baseline,1
1790267208.632895579,Uninterrupted_Baseline,1
1790267208.713594687,Uninterrupted_Baseline,10
1790267208.713594687,Uninterrupted_Baseline,1
1790267208.797724197,Uninterrupted_Baseline,12
1790267208.797724197,Uninterrupted_Baseline,1
1790267208.876729221,Uninterrupted_Baseline,20
1790267208.876729221,Uninterrupted_Baseline,1
1790267208.957195130,Uninterrupted_Baseline,40
1790267208.957195130,Uninterrupted_Baseline,1
1790267209.038069523,Uninterrupted_Baseline,102
1790267209.038069523,Uninterrupted_Baseline,1
1790267209.121006032,Uninterrupted_Baseline,112
1790267209.121006032,Uninterrupted_Baseline,1
1790267209.196207787,Uninterrupted_Baseline,112
1790267209.196207787,Uninterrupted_Baseline,1
1790267209.258160869,Uninterrupted_Baseline,105
1790267209.258160869,Uninterrupted_Baseline,1
1790267209.341393254,Uninterrupted_Baseline,113
1790267209.341393254,Uninterrupted_Baseline,1
1790267209.421283377,Uninterrupted_Baseline,113
1790267209.421283377,Uninterrupted_Baseline,1
1790267209.505310361,Uninterrupted_Baseline,114
1790267209.505310361,Uninterrupted_Baseline,1
1790267209.588927231,Uninterrupted_Baseline,114
1790267209.588927231,Uninterrupted_Baseline,1
1790267209.669803534,Uninterrupted_Baseline,115
1790267209.669803534,Uninterrupted_Baseline,1
1790267209.742207077,Uninterrupted_Baseline,116
1790267209.742207077,Uninterrupted_Baseline,1
1790267209.823380667,Uninterrupted_Baseline,116
1790267209.823380667,Uninterrupted_Baseline,1
1790267209.901413916,Uninterrupted_Baseline,117
1790267209.901413916,Uninterrupted_Baseline,1
1790267209.981284004,Uninterrupted_Baseline,118
1790267209.981284004,Uninterrupted_Baseline,1
1790267210.067714832,Uninterrupted_Baseline,118
1790267210.067714832,Uninterrupted_Baseline,1
1790267210.146851734,Uninterrupted_Baseline,119
1790267210.146851734,Uninterrupted_Baseline,1
1790267210.233370571,Uninterrupted_Baseline,119
1790267210.233370571,Uninterrupted_Baseline,1
1790267210.323276643,Uninterrupted_Baseline,120
1790267210.323276643,Uninterrupted_Baseline,1
1790267210.392099798,Uninterrupted_Baseline,121
1790267210.392099798,Uninterrupted_Baseline,1
1790267210.474794815,Uninterrupted_Baseline,121
1790267210.474794815,Uninterrupted_Baseline,1
1790267210.556341147,Uninterrupted_Baseline,122
1790267210.556341147,Uninterrupted_Baseline,1
1790267210.638556519,Uninterrupted_Baseline,122
1790267210.638556519,Uninterrupted_Baseline,1
1790267210.719567570,Uninterrupted_Baseline,123
1790267210.719567570,Uninterrupted_Baseline,1
1790267210.803424111,Uninterrupted_Baseline,124
1790267210.803424111,Uninterrupted_Baseline,1
1790267210.889344091,Uninterrupted_Baseline,124
1790267210.889344091,Uninterrupted_Baseline,1
1790267210.960488340,Uninterrupted_Baseline,125
1790267210.960488340,Uninterrupted_Baseline,1
1790267211.038437840,Uninterrupted_Baseline,125
1790267211.038437840,Uninterrupted_Baseline,1
1790267211.113298880,Uninterrupted_Baseline,126
1790267211.113298880,Uninterrupted_Baseline,1
1790267211.185104136,Uninterrupted_Baseline,127
1790267211.185104136,Uninterrupted_Baseline,1
1790267211.271930071,Uninterrupted_Baseline,127
1790267211.271930071,Uninterrupted_Baseline,1
1790267211.356467015,Uninterrupted_Baseline,128
1790267211.356467015,Uninterrupted_Baseline,1
1790267211.436966004,Uninterrupted_Baseline,128
1790267211.436966004,Uninterrupted_Baseline,1
1790267211.514249050,Uninterrupted_Baseline,129
1790267211.514249050,Uninterrupted_Baseline,1
1790267211.590808767,Uninterrupted_Baseline,130
1790267211.590808767,Uninterrupted_Baseline,1
1790267211.669484851,Uninterrupted_Baseline,130
1790267211.669484851,Uninterrupted_Baseline,1
1790267211.753787121,Uninterrupted_Baseline,131
1790267211.753787121,Uninterrupted_Baseline,1
1790267211.837300333,Uninterrupted_Baseline,131
1790267211.837300333,Uninterrupted_Baseline,1
1790267211.929847587,Uninterrupted_Baseline,132
1790267211.929847587,Uninterrupted_Baseline,1
1790267212.014523643,Uninterrupted_Baseline,133
1790267212.014523643,Uninterrupted_Baseline,1
1790267212.093330042,Uninterrupted_Baseline,133
1790267212.093330042,Uninterrupted_Baseline,1
1790267212.159489434,Uninterrupted_Baseline,134
1790267212.159489434,Uninterrupted_Baseline,1
1790267212.244436337,Uninterrupted_Baseline,134
1790267212.244436337,Uninterrupted_Baseline,1
1790267212.326439691,Uninterrupted_Baseline,135
1790267212.326439691,Uninterrupted_Baseline,1
1790267212.404522182,Uninterrupted_Baseline,136
1790267212.404522182,Uninterrupted_Baseline,1
1790267212.489560845,Uninterrupted_Baseline,136
1790267212.489560845,Uninterrupted_Baseline,1
1790267212.574842002,Uninterrupted_Baseline,137
1790267212.574842002,Uninterrupted_Baseline,1
1790267212.655279026,Uninterrupted_Baseline,137
1790267212.655279026,Uninterrupted_Baseline,1
1790267212.740465732,Uninterrupted_Baseline,138
1790267212.740465732,Uninterrupted_Baseline,1
1790267212.824196717,Uninterrupted_Baseline,139
1790267212.824196717,Uninterrupted_Baseline,1
1790267212.911883891,Uninterrupted_Baseline,139
1790267212.911883891,Uninterrupted_Baseline,1
1790267212.991257445,Uninterrupted_Baseline,140
1790267212.991257445,Uninterrupted_Baseline,1
1790267213.083990013,Uninterrupted_Baseline,141
1790267213.083990013,Uninterrupted_Baseline,1
1790267213.167128328,Uninterrupted_Baseline,141
1790267213.167128328,Uninterrupted_Baseline,1
1790267213.250858984,Uninterrupted_Baseline,142
1790267213.250858984,Uninterrupted_Baseline,1
1790267213.318516978,Uninterrupted_Baseline,142
1790267213.318516978,Uninterrupted_Baseline,1
1790267213.403705333,Uninterrupted_Baseline,143
1790267213.403705333,Uninterrupted_Baseline,1
1790267213.485756799,Uninterrupted_Baseline,143
1790267213.485756799,Uninterrupted_Baseline,1
1790267213.564374864,Uninterrupted_Baseline,144
1790267213.564374864,Uninterrupted_Baseline,1
1790267213.647579225,Uninterrupted_Baseline,145
1790267213.647579225,Uninterrupted_Baseline,1
1790267213.726339974,Uninterrupted_Baseline,147
1790267213.726339974,Uninterrupted_Baseline,1
1790267213.807607160,Uninterrupted_Baseline,148
1790267213.807607160,Uninterrupted_Baseline,1
1790267213.873273100,Uninterrupted_Baseline,150
1790267213.873273100,Uninterrupted_Baseline,1
1790267213.952982206,Uninterrupted_Baseline,152
1790267213.952982206,Uninterrupted_Baseline,1
1790267214.021154337,Uninterrupted_Baseline,153
1790267214.021154337,Uninterrupted_Baseline,1
1790267214.109765824,Uninterrupted_Baseline,156
1790267214.109765824,Uninterrupted_Baseline,1
1790267214.201612455,Uninterrupted_Baseline,158
1790267214.201612455,Uninterrupted_Baseline,1
1790267214.284907270,Uninterrupted_Baseline,161
1790267214.284907270,Uninterrupted_Baseline,1
1790267214.375347693,Uninterrupted_Baseline,163
1790267214.375347693,Uninterrupted_Baseline,1
1790267214.459101533,Uninterrupted_Baseline,166
1790267214.459101533,Uninterrupted_Baseline,1
1790267214.546391638,Uninterrupted_Baseline,168
1790267214.546391638,Uninterrupted_Baseline,1
1790267214.632862847,Uninterrupted_Baseline,171
1790267214.632862847,Uninterrupted_Baseline,1
1790267214.715329055,Uninterrupted_Baseline,174
1790267214.715329055,Uninterrupted_Baseline,1
1790267214.801752648,Uninterrupted_Baseline,177
1790267214.801752648,Uninterrupted_Baseline,1
1790267214.890083100,Uninterrupted_Baseline,180
1790267214.890083100,Uninterrupted_Baseline,1
1790267214.961676391,Uninterrupted_Baseline,183
1790267214.961676391,Uninterrupted_Baseline,1
1790267215.025098069,Uninterrupted_Baseline,185
1790267215.025098069,Uninterrupted_Baseline,1
1790267215.091971311,Uninterrupted_Baseline,188
1790267215.091971311,Uninterrupted_Baseline,1
1790267215.170306948,Uninterrupted_Baseline,191
1790267215.170306948,Uninterrupted_Baseline,1
1790267215.252891896,Uninterrupted_Baseline,195
1790267215.252891896,Uninterrupted_Baseline,1
1790267215.347354284,Uninterrupted_Baseline,199
1790267215.347354284,Uninterrupted_Baseline,1
1790267215.433598034,Uninterrupted_Baseline,202
1790267215.433598034,Uninterrupted_Baseline,1
1790267215.518150329,Uninterrupted_Baseline,206
1790267215.518150329,Uninterrupted_Baseline,1
1790267215.601790032,Uninterrupted_Baseline,210
1790267215.601790032,Uninterrupted_Baseline,1
1790267215.691174184,Uninterrupted_Baseline,214
1790267215.691174184,Uninterrupted_Baseline,1
1790267215.786067608,Uninterrupted_Baseline,219
1790267215.786067608,Uninterrupted_Baseline,1
1790267215.875789578,Uninterrupted_Baseline,223
1790267215.875789578,Uninterrupted_Baseline,1
1790267215.940037998,Uninterrupted_Baseline,226
1790267215.940037998,Uninterrupted_Baseline,1
1790267216.011248558,Uninterrupted_Baseline,230
1790267216.011248558,Uninterrupted_Baseline,1
1790267216.086044286,Uninterrupted_Baseline,235
1790267216.086044286,Uninterrupted_Baseline,1
1790267216.170863568,Uninterrupted_Baseline,239
1790267216.170863568,Uninterrupted_Baseline,1
1790267216.246554410,Uninterrupted_Baseline,243
1790267216.246554410,Uninterrupted_Baseline,1
1790267216.324688363,Uninterrupted_Baseline,248
1790267216.324688363,Uninterrupted_Baseline,1
1790267216.408554479,Uninterrupted_Baseline,253
1790267216.408554479,Uninterrupted_Baseline,1
1790267216.488169415,Uninterrupted_Baseline,258
1790267216.488169415,Uninterrupted_Baseline,1
1790267216.569316906,Uninterrupted_Baseline,262
1790267216.569316906,Uninterrupted_Baseline,1
1790267216.650771751,Uninterrupted_Baseline,268
1790267216.650771751,Uninterrupted_Baseline,1
1790267216.734470605,Uninterrupted_Baseline,273
1790267216.734470605,Uninterrupted_Baseline,1
1790267216.816273697,Uninterrupted_Baseline,279
1790267216.816273697,Uninterrupted_Baseline,1
1790267216.899865167,Uninterrupted_Baseline,284
1790267216.899865167,Uninterrupted_Baseline,1
1790267216.980026767,Uninterrupted_Baseline,290
1790267216.980026767,Uninterrupted_Baseline,1
1790267217.062828879,Uninterrupted_Baseline,296
1790267217.062828879,Uninterrupted_Baseline,1
1790267217.149340893,Uninterrupted_Baseline,302
1790267217.149340893,Uninterrupted_Baseline,1
1790267217.227519420,Uninterrupted_Baseline,308
1790267217.227519420,Uninterrupted_Baseline,1
1790267217.308839566,Uninterrupted_Baseline,314
1790267217.308839566,Uninterrupted_Baseline,1
1790267217.394070836,Uninterrupted_Baseline,321
1790267217.394070836,Uninterrupted_Baseline,1
1790267217.479563421,Uninterrupted_Baseline,327
1790267217.479563421,Uninterrupted_Baseline,1
1790267217.555237881,Uninterrupted_Baseline,334
1790267217.555237881,Uninterrupted_Baseline,1
1790267217.635302597,Uninterrupted_Baseline,339
1790267217.635302597,Uninterrupted_Baseline,1
1790267217.719509812,Uninterrupted_Baseline,346
1790267217.719509812,Uninterrupted_Baseline,1
1790267217.808611732,Uninterrupted_Baseline,353
1790267217.808611732,Uninterrupted_Baseline,1
1790267217.894068724,Uninterrupted_Baseline,247
1790267217.894068724,Uninterrupted_Baseline,1
1790267217.977727154,Uninterrupted_Baseline,247
1790267217.977727154,Uninterrupted_Baseline,1
1790267218.052940391,Uninterrupted_Baseline,173
1790267218.052940391,Uninterrupted_Baseline,1
1790267218.112490095,Uninterrupted_Baseline,173
1790267218.112490095,Uninterrupted_Baseline,1
1790267218.185349597,Uninterrupted_Baseline,173
1790267218.185349597,Uninterrupted_Baseline,1
1790267218.258356703,Uninterrupted_Baseline,134
1790267218.258356703,Uninterrupted_Baseline,1
1790267218.338196166,Uninterrupted_Baseline,121
1790267218.338196166,Uninterrupted_Baseline,1
1790267218.415356912,Uninterrupted_Baseline,99
1790267218.415356912,Uninterrupted_Baseline,1
1790267218.465368908,Uninterrupted_Baseline,98
1790267218.465368908,Uninterrupted_Baseline,1
1790267218.517533129,Uninterrupted_Baseline,84
1790267218.517533129,Uninterrupted_Baseline,1
1790267218.582612547,Uninterrupted_Baseline,84
1790267218.582612547,Uninterrupted_Baseline,1
1790267218.641451811,Uninterrupted_Baseline,78
1790267218.641451811,Uninterrupted_Baseline,1
1790267218.711522008,Uninterrupted_Baseline,58
1790267218.711522008,Uninterrupted_Baseline,1
1790267218.793320301,Uninterrupted_Baseline,59
1790267218.793320301,Uninterrupted_Baseline,1
1790267218.875084013,Uninterrupted_Baseline,61
1790267218.875084013,Uninterrupted_Baseline,1
1790267218.956559978,Uninterrupted_Baseline,62
1790267218.956559978,Uninterrupted_Baseline,1
1790267219.036887335,Uninterrupted_Baseline,62
1790267219.036887335,Uninterrupted_Baseline,1
1790267219.122402724,Uninterrupted_Baseline,63
1790267219.122402724,Uninterrupted_Baseline,1
1790267219.205636605,Uninterrupted_Baseline,64
1790267219.205636605,Uninterrupted_Baseline,1
1790267219.286867000,Uninterrupted_Baseline,65
1790267219.286867000,Uninterrupted_Baseline,1
1790267219.372049109,Uninterrupted_Baseline,65
1790267219.372049109,Uninterrupted_Baseline,1
1790267219.457824660,Uninterrupted_Baseline,66
1790267219.457824660,Uninterrupted_Baseline,1
1790267219.544935414,Uninterrupted_Baseline,67
1790267219.613026823,Uninterrupted_Baseline,67
1790267219.699725432,Uninterrupted_Baseline,67
1790267219.779244663,Uninterrupted_Baseline,68
1790267219.865475683,Uninterrupted_Baseline,68
1790267219.949788715,Uninterrupted_Baseline,69
1790267220.033700442,Uninterrupted_Baseline,69
1790267220.113512155,Uninterrupted_Baseline,69
1790267220.192060705,Uninterrupted_Baseline,70
1790267220.275730545,Uninterrupted_Baseline,70
1790267220.357375864,Uninterrupted_Baseline,70
1790267220.443938438,Uninterrupted_Baseline,71
1790267220.530819683,Uninterrupted_Baseline,71
1790267220.596722643,Uninterrupted_Baseline,72
1790267220.681536814,Uninterrupted_Baseline,72
1790267220.761443667,Uninterrupted_Baseline,73
1790267220.830946964,Uninterrupted_Baseline,73
1790267220.902111208,Uninterrupted_Baseline,74
1790267220.981487367,Uninterrupted_Baseline,75
1790267221.062338490,Uninterrupted_Baseline,75
1790267221.136776764,Uninterrupted_Baseline,76
1790267221.219352190,Uninterrupted_Baseline,76
1790267221.283641321,Uninterrupted_Baseline,77
1790267221.346953992,Uninterrupted_Baseline,78
1790267221.420453369,Uninterrupted_Baseline,78
1790267221.497472350,Uninterrupted_Baseline,79
1790267221.578697171,Uninterrupted_Baseline,79
1790267221.665507316,Uninterrupted_Baseline,80
1790267221.747784467,Uninterrupted_Baseline,81
1790267221.830681986,Uninterrupted_Baseline,81
1790267221.916977337,Uninterrupted_Baseline,82
1790267221.994400220,Uninterrupted_Baseline,83
1790267222.069233212,Uninterrupted_Baseline,83
1790267222.151744865,Uninterrupted_Baseline,83
1790267222.240719331,Uninterrupted_Baseline,84
1790267222.318011369,Uninterrupted_Baseline,85
1790267222.378561864,Uninterrupted_Baseline,85
1790267222.466266859,Uninterrupted_Baseline,86
1790267222.548011750,Uninterrupted_Baseline,87
1790267222.626176156,Uninterrupted_Baseline,87
1790267222.711131004,Uninterrupted_Baseline,88
1790267222.791248137,Uninterrupted_Baseline,88
1790267222.870525077,Uninterrupted_Baseline,89
1790267222.973270732,Uninterrupted_Baseline,90
1790267223.064290545,Uninterrupted_Baseline,90
1790267223.152315858,Uninterrupted_Baseline,91
1790267223.233904964,Uninterrupted_Baseline,91
1790267223.301294751,Uninterrupted_Baseline,92
1790267223.375153694,Uninterrupted_Baseline,93
1790267223.446183021,Uninterrupted_Baseline,93
1790267223.526314223,Uninterrupted_Baseline,94
1790267223.614812224,Uninterrupted_Baseline,95
1790267223.694022307,Uninterrupted_Baseline,95
1790267223.776101847,Uninterrupted_Baseline,96
1790267223.854844219,Uninterrupted_Baseline,96
1790267223.944104388,Uninterrupted_Baseline,97
1790267224.028402159,Uninterrupted_Baseline,98
1790267224.106506640,Uninterrupted_Baseline,98
1790267224.183903629,Uninterrupted_Baseline,99
1790267224.266945315,Uninterrupted_Baseline,99
1790267224.340422029,Uninterrupted_Baseline,100
1790267224.432443282,Uninterrupted_Baseline,101
1790267224.512739368,Uninterrupted_Baseline,101
1790267224.601041034,Uninterrupted_Baseline,102
1790267224.685551445,Uninterrupted_Baseline,103
1790267224.757557659,Uninterrupted_Baseline,103
1790267224.849918118,Uninterrupted_Baseline,104
1790267224.911799668,Uninterrupted_Baseline,104
1790267224.962858135,Uninterrupted_Baseline,104
1790267225.030562503,Uninterrupted_Baseline,105
1790267225.120949624,Uninterrupted_Baseline,106
1790267225.201170475,Uninterrupted_Baseline,106
1790267225.282116520,Uninterrupted_Baseline,107
1790267225.360499843,Uninterrupted_Baseline,108
1790267225.441934562,Uninterrupted_Baseline,108
1790267225.526384769,Uninterrupted_Baseline,109
1790267225.604864353,Uninterrupted_Baseline,109
1790267225.682770903,Uninterrupted_Baseline,110
1790267225.762487825,Uninterrupted_Baseline,111
1790267225.849598748,Uninterrupted_Baseline,111
1790267225.932914309,Uninterrupted_Baseline,112
1790267226.015381348,Uninterrupted_Baseline,113
1790267226.098010339,Uninterrupted_Baseline,113
1790267226.181600644,Uninterrupted_Baseline,114
1790267226.265692453,Uninterrupted_Baseline,115
1790267226.342276604,Uninterrupted_Baseline,115
1790267226.423891409,Uninterrupted_Baseline,116
1790267226.507912357,Uninterrupted_Baseline,116
1790267226.591478267,Uninterrupted_Baseline,117
1790267226.679166154,Uninterrupted_Baseline,117
1790267226.760700195,Uninterrupted_Baseline,118
1790267226.838977118,Uninterrupted_Baseline,119
1790267226.906315100,Uninterrupted_Baseline,121
1790267226.986595182,Uninterrupted_Baseline,123
1790267227.071465183,Uninterrupted_Baseline,125
1790267227.158741068,Uninterrupted_Baseline,128
1790267227.241410788,Uninterrupted_Baseline,130
1790267227.324687186,Uninterrupted_Baseline,134
1790267227.412194962,Uninterrupted_Baseline,137
1790267227.494015614,Uninterrupted_Baseline,140
1790267227.578541642,Uninterrupted_Baseline,143
1790267227.659804821,Uninterrupted_Baseline,146
1790267227.737392152,Uninterrupted_Baseline,149
1790267227.818784369,Uninterrupted_Baseline,153
1790267227.905327243,Uninterrupted_Baseline,156
1790267227.987177680,Uninterrupted_Baseline,160
1790267228.064577889,Uninterrupted_Baseline,163
1790267228.122826175,Uninterrupted_Baseline,166
1790267228.207354880,Uninterrupted_Baseline,170
1790267228.268921365,Uninterrupted_Baseline,173
1790267228.323136238,Uninterrupted_Baseline,175
1790267228.385086969,Uninterrupted_Baseline,178
1790267228.456708117,Uninterrupted_Baseline,182
1790267228.511703669,Uninterrupted_Baseline,185
1790267228.574357206,Uninterrupted_Baseline,188
1790267228.636507915,Uninterrupted_Baseline,192
1790267228.723132985,Uninterrupted_Baseline,197
1790267228.796768581,Uninterrupted_Baseline,200
1790267228.879585694,Uninterrupted_Baseline,205
1790267228.964517947,Uninterrupted_Baseline,210
1790267229.049127895,Uninterrupted_Baseline,215
1790267229.124629228,Uninterrupted_Baseline,219
1790267229.176830613,Uninterrupted_Baseline,224
1790267229.252404966,Uninterrupted_Baseline,228
1790267229.331782230,Uninterrupted_Baseline,234
1790267229.412909561,Uninterrupted_Baseline,239
1790267229.500169018,Uninterrupted_Baseline,245
1790267229.584727645,Uninterrupted_Baseline,250
1790267229.667623677,Uninterrupted_Baseline,257
1790267229.730729269,Uninterrupted_Baseline,261
1790267229.812979119,Uninterrupted_Baseline,267
1790267229.891996126,Uninterrupted_Baseline,274
1790267229.957876165,Uninterrupted_Baseline,278
1790267230.046838947,Uninterrupted_Baseline,284
1790267230.129717114,Uninterrupted_Baseline,291
1790267230.212630297,Uninterrupted_Baseline,298
1790267230.298956963,Uninterrupted_Baseline,306
1790267230.380564114,Uninterrupted_Baseline,313
1790267230.467162927,Uninterrupted_Baseline,320
1790267230.532988763,Uninterrupted_Baseline,325
1790267230.605168067,Uninterrupted_Baseline,333
1790267230.667732971,Uninterrupted_Baseline,337
1790267230.736908346,Uninterrupted_Baseline,344
1790267230.816979901,Uninterrupted_Baseline,351
1790267230.900475064,Uninterrupted_Baseline,359
1790267230.985053618,Uninterrupted_Baseline,366
1790267231.070144672,Uninterrupted_Baseline,317
1790267231.149811699,Uninterrupted_Baseline,260
1790267231.233372528,Uninterrupted_Baseline,255
1790267231.307302347,Uninterrupted_Baseline,226
1790267231.367623251,Uninterrupted_Baseline,182
1790267231.448745989,Uninterrupted_Baseline,182
1790267231.523762038,Uninterrupted_Baseline,161
1790267231.610272519,Uninterrupted_Baseline,127
1790267231.690197959,Uninterrupted_Baseline,128
1790267231.778112669,Uninterrupted_Baseline,130
1790267231.861043524,Uninterrupted_Baseline,131
1790267231.945446540,Uninterrupted_Baseline,133
1790267232.019433581,Uninterrupted_Baseline,134
1790267232.100590016,Uninterrupted_Baseline,136
1790267232.183811273,Uninterrupted_Baseline,137
1790267232.262518066,Uninterrupted_Baseline,138
1790267232.347263779,Uninterrupted_Baseline,139
1790267232.418274626,Uninterrupted_Baseline,140
1790267232.510272623,Uninterrupted_Baseline,141
1790267232.597752860,Uninterrupted_Baseline,143
1790267232.684975495,Uninterrupted_Baseline,144
1790267232.771679127,Uninterrupted_Baseline,145
1790267232.853987771,Uninterrupted_Baseline,146
1790267232.929505811,Uninterrupted_Baseline,146
1790267233.001708495,Uninterrupted_Baseline,147
1790267233.090444084,Uninterrupted_Baseline,148
1790267233.177678519,Uninterrupted_Baseline,148
1790267233.265178460,Uninterrupted_Baseline,149
1790267233.336403045,Uninterrupted_Baseline,149
1790267233.417263955,Uninterrupted_Baseline,150
1790267233.502448283,Uninterrupted_Baseline,150
1790267233.590163243,Uninterrupted_Baseline,151
1790267233.676361992,Uninterrupted_Baseline,151
1790267233.755296467,Uninterrupted_Baseline,152
1790267233.839054119,Uninterrupted_Baseline,152
1790267233.927732047,Uninterrupted_Baseline,152
1790267234.012972538,Uninterrupted_Baseline,153
1790267234.087959479,Uninterrupted_Baseline,153
1790267234.172851017,Uninterrupted_Baseline,153
1790267234.259356773,Uninterrupted_Baseline,153
1790267234.350055427,Uninterrupted_Baseline,154
1790267234.441843186,Uninterrupted_Baseline,154
1790267234.525835075,Uninterrupted_Baseline,154
1790267234.608044331,Uninterrupted_Baseline,154
1790267234.689007210,Uninterrupted_Baseline,154
1790267234.774095499,Uninterrupted_Baseline,154
1790267234.856094919,Uninterrupted_Baseline,154
1790267234.940982920,Uninterrupted_Baseline,154
1790267235.003925936,Uninterrupted_Baseline,154
1790267235.082702955,Uninterrupted_Baseline,154
1790267235.166764009,Uninterrupted_Baseline,154
1790267235.254610614,Uninterrupted_Baseline,154
1790267235.335524377,Uninterrupted_Baseline,154
1790267235.418014097,Uninterrupted_Baseline,154
1790267235.497776863,Uninterrupted_Baseline,155
1790267235.580444410,Uninterrupted_Baseline,155
1790267235.664608145,Uninterrupted_Baseline,156
1790267235.741447792,Uninterrupted_Baseline,157
1790267235.828204117,Uninterrupted_Baseline,157
1790267235.911287547,Uninterrupted_Baseline,158
1790267235.993320697,Uninterrupted_Baseline,159
1790267236.081320984,Uninterrupted_Baseline,159
1790267236.164692202,Uninterrupted_Baseline,160
1790267236.249158309,Uninterrupted_Baseline,160
1790267236.312942087,Uninterrupted_Baseline,161
1790267236.382717844,Uninterrupted_Baseline,161
1790267236.464053178,Uninterrupted_Baseline,162
1790267236.543347244,Uninterrupted_Baseline,163
1790267236.626578121,Uninterrupted_Baseline,163
1790267236.709300728,Uninterrupted_Baseline,164
1790267236.792265565,Uninterrupted_Baseline,164
1790267236.873517053,Uninterrupted_Baseline,165
1790267236.953058767,Uninterrupted_Baseline,166
1790267237.039568910,Uninterrupted_Baseline,166
1790267237.119587095,Uninterrupted_Baseline,167
1790267237.192536551,Uninterrupted_Baseline,167
1790267237.249708673,Uninterrupted_Baseline,168
1790267237.313506318,Uninterrupted_Baseline,168
1790267237.393197659,Uninterrupted_Baseline,169
1790267237.476286965,Uninterrupted_Baseline,169
1790267237.561868618,Uninterrupted_Baseline,170
1790267237.642782067,Uninterrupted_Baseline,171
1790267237.727014321,Uninterrupted_Baseline,171
1790267237.810505750,Uninterrupted_Baseline,172
1790267237.897003533,Uninterrupted_Baseline,172
1790267237.981515865,Uninterrupted_Baseline,173
1790267238.054385747,Uninterrupted_Baseline,174
1790267238.137856319,Uninterrupted_Baseline,174
1790267238.205736300,Uninterrupted_Baseline,175
1790267238.275899034,Uninterrupted_Baseline,175
1790267238.342182631,Uninterrupted_Baseline,176
1790267238.413058135,Uninterrupted_Baseline,176
1790267238.463580365,Uninterrupted_Baseline,177
1790267238.520853111,Uninterrupted_Baseline,177
1790267238.592687386,Uninterrupted_Baseline,178
1790267238.671928151,Uninterrupted_Baseline,178
1790267238.758342914,Uninterrupted_Baseline,179
1790267238.840528810,Uninterrupted_Baseline,179
1790267238.923530273,Uninterrupted_Baseline,180
1790267239.011293714,Uninterrupted_Baseline,181
1790267239.098683272,Uninterrupted_Baseline,181
1790267239.157584611,Uninterrupted_Baseline,182
1790267239.230850892,Uninterrupted_Baseline,182
1790267239.317490366,Uninterrupted_Baseline,183
1790267239.404420728,Uninterrupted_Baseline,184
1790267239.495825489,Uninterrupted_Baseline,184
1790267239.591693958,Uninterrupted_Baseline,185
1790267239.653258829,Uninterrupted_Baseline,185
1790267239.729072017,Uninterrupted_Baseline,186
1790267239.820925443,Uninterrupted_Baseline,186
1790267239.901685706,Uninterrupted_Baseline,187
1790267239.988115699,Uninterrupted_Baseline,188
1790267240.070325071,Uninterrupted_Baseline,188
1790267240.155044245,Uninterrupted_Baseline,189
1790267240.248767554,Uninterrupted_Baseline,191
1790267240.324963641,Uninterrupted_Baseline,192
1790267240.399639389,Uninterrupted_Baseline,195
1790267240.482009776,Uninterrupted_Baseline,197
1790267240.561372649,Uninterrupted_Baseline,199
1790267240.632037844,Uninterrupted_Baseline,201
1790267240.716896449,Uninterrupted_Baseline,203
1790267240.803541943,Uninterrupted_Baseline,206
1790267240.883078004,Uninterrupted_Baseline,208
1790267240.965511852,Uninterrupted_Baseline,211
1790267241.043048882,Uninterrupted_Baseline,213
1790267241.123788279,Uninterrupted_Baseline,217
1790267241.209911847,Uninterrupted_Baseline,219
1790267241.292818713,Uninterrupted_Baseline,222
1790267241.369785514,Uninterrupted_Baseline,226
1790267241.447760849,Uninterrupted_Baseline,229
1790267241.527796814,Uninterrupted_Baseline,232
1790267241.601334777,Uninterrupted_Baseline,235
1790267241.685896900,Uninterrupted_Baseline,238
1790267241.752972895,Uninterrupted_Baseline,241
1790267241.832644649,Uninterrupted_Baseline,245
1790267241.919448016,Uninterrupted_Baseline,248
1790267242.007305711,Uninterrupted_Baseline,252
1790267242.096064141,Uninterrupted_Baseline,257
1790267242.177359147,Uninterrupted_Baseline,261
1790267242.260200690,Uninterrupted_Baseline,265
1790267242.344758337,Uninterrupted_Baseline,270
1790267242.428058249,Uninterrupted_Baseline,274
1790267242.511012483,Uninterrupted_Baseline,279
1790267242.593923330,Uninterrupted_Baseline,283
1790267242.680365758,Uninterrupted_Baseline,288
1790267242.767758289,Uninterrupted_Baseline,294
1790267242.852983518,Uninterrupted_Baseline,298
1790267242.939146818,Uninterrupted_Baseline,304
1790267243.024119792,Uninterrupted_Baseline,309
1790267243.112486297,Uninterrupted_Baseline,315
1790267243.193314185,Uninterrupted_Baseline,320
1790267243.279117856,Uninterrupted_Baseline,325
1790267243.362315761,Uninterrupted_Baseline,332
1790267243.445581362,Uninterrupted_Baseline,338
1790267243.526975186,Uninterrupted_Baseline,343
1790267243.609753917,Uninterrupted_Baseline,282
1790267243.689919183,Uninterrupted_Baseline,243
1790267243.770462083,Uninterrupted_Baseline,246
1790267243.851408796,Uninterrupted_Baseline,249
1790267243.932357151,Uninterrupted_Baseline,253
1790267244.010256460,Uninterrupted_Baseline,256
1790267244.088961810,Uninterrupted_Baseline,260
1790267244.169628006,Uninterrupted_Baseline,263
1790267244.253383983,Uninterrupted_Baseline,267
1790267244.336531608,Uninterrupted_Baseline,270
1790267244.416618320,Uninterrupted_Baseline,273
1790267244.495248118,Uninterrupted_Baseline,277
1790267244.569406800,Uninterrupted_Baseline,279
1790267244.648116358,Uninterrupted_Baseline,282
1790267244.725103717,Uninterrupted_Baseline,285
1790267244.801201809,Uninterrupted_Baseline,287
1790267244.892990376,Uninterrupted_Baseline,291
1790267244.949249410,Uninterrupted_Baseline,292
1790267245.000890962,Uninterrupted_Baseline,294
1790267245.059358738,Uninterrupted_Baseline,295
1790267245.124605310,Uninterrupted_Baseline,297
1790267245.207307566,Uninterrupted_Baseline,300
1790267245.283880787,Uninterrupted_Baseline,302
1790267245.371891758,Uninterrupted_Baseline,304
1790267245.459827082,Uninterrupted_Baseline,307
1790267245.528979558,Uninterrupted_Baseline,309
1790267245.612752361,Uninterrupted_Baseline,311
1790267245.696589367,Uninterrupted_Baseline,313
1790267245.771640040,Uninterrupted_Baseline,314
1790267245.844782070,Uninterrupted_Baseline,316
1790267245.918411738,Uninterrupted_Baseline,318
1790267245.992264936,Uninterrupted_Baseline,319
1790267246.068188732,Uninterrupted_Baseline,321
1790267246.145318328,Uninterrupted_Baseline,322
1790267246.219321014,Uninterrupted_Baseline,324
1790267246.288513198,Uninterrupted_Baseline,325
1790267246.353961230,Uninterrupted_Baseline,326
1790267246.437436369,Uninterrupted_Baseline,327
1790267246.509121191,Uninterrupted_Baseline,328
1790267246.590414881,Uninterrupted_Baseline,329
1790267246.669565031,Uninterrupted_Baseline,330
1790267246.742076492,Uninterrupted_Baseline,331
1790267246.824877282,Uninterrupted_Baseline,333
1790267246.908165615,Uninterrupted_Baseline,334
1790267246.991783319,Uninterrupted_Baseline,287
1790267247.075861637,Uninterrupted_Baseline,233
1790267247.149902221,Uninterrupted_Baseline,233
1790267247.227000123,Uninterrupted_Baseline,193
1790267247.302067815,Uninterrupted_Baseline,163
1790267247.388195685,Uninterrupted_Baseline,162
1790267247.471159919,Uninterrupted_Baseline,163
1790267247.559096566,Uninterrupted_Baseline,114
1790267247.648145658,Uninterrupted_Baseline,114
1790267247.723034703,Uninterrupted_Baseline,114
1790267247.807860334,Uninterrupted_Baseline,79
1790267247.893181056,Uninterrupted_Baseline,80
1790267247.988902637,Uninterrupted_Baseline,81
1790267248.068191557,Uninterrupted_Baseline,82
1790267248.142108822,Uninterrupted_Baseline,83
1790267248.220346522,Uninterrupted_Baseline,84
1790267248.289975576,Uninterrupted_Baseline,85
1790267248.359383457,Uninterrupted_Baseline,86
1790267248.437785690,Uninterrupted_Baseline,87
1790267248.495741956,Uninterrupted_Baseline,88
1790267248.554853216,Uninterrupted_Baseline,88
1790267248.625761993,Uninterrupted_Baseline,89
1790267248.699293088,Uninterrupted_Baseline,89
1790267248.788041612,Uninterrupted_Baseline,90
1790267248.876471957,Uninterrupted_Baseline,91
1790267248.962454631,Uninterrupted_Baseline,91
1790267249.049708907,Uninterrupted_Baseline,92
1790267249.137878658,Uninterrupted_Baseline,92
1790267249.209337165,Uninterrupted_Baseline,93
1790267249.286933331,Uninterrupted_Baseline,93
1790267249.369822069,Uninterrupted_Baseline,94
1790267249.454691512,Uninterrupted_Baseline,94
1790267249.536528956,Uninterrupted_Baseline,94
1790267249.611269157,Uninterrupted_Baseline,95
1790267249.692712559,Uninterrupted_Baseline,95
1790267249.776289465,Uninterrupted_Baseline,95
1790267249.859901033,Uninterrupted_Baseline,95
1790267249.948137252,Uninterrupted_Baseline,95
1790267250.031079797,Uninterrupted_Baseline,96
1790267250.117998413,Uninterrupted_Baseline,96
1790267250.195255450,Uninterrupted_Baseline,96
1790267250.275255410,Uninterrupted_Baseline,96
1790267250.353679784,Uninterrupted_Baseline,97
1790267250.433031237,Uninterrupted_Baseline,98
1790267250.512996926,Uninterrupted_Baseline,98
1790267250.587740814,Uninterrupted_Baseline,99
1790267250.673209156,Uninterrupted_Baseline,100
1790267250.756969948,Uninterrupted_Baseline,100
1790267250.836451148,Uninterrupted_Baseline,101
1790267250.906903173,Uninterrupted_Baseline,101
1790267250.988149378,Uninterrupted_Baseline,102
1790267251.073136128,Uninterrupted_Baseline,103
1790267251.155274063,Uninterrupted_Baseline,103
1790267251.234158728,Uninterrupted_Baseline,104
1790267251.307405000,Uninterrupted_Baseline,104
1790267251.391554328,Uninterrupted_Baseline,105
1790267251.476181593,Uninterrupted_Baseline,105
1790267251.558191891,Uninterrupted_Baseline,106
1790267251.639976264,Uninterrupted_Baseline,107
1790267251.717528810,Uninterrupted_Baseline,107
1790267251.794161195,Uninterrupted_Baseline,108
1790267251.865435895,Uninterrupted_Baseline,109
1790267251.943642422,Uninterrupted_Baseline,109
1790267252.030039793,Uninterrupted_Baseline,110
1790267252.112725979,Uninterrupted_Baseline,110
1790267252.195918389,Uninterrupted_Baseline,111
1790267252.281257890,Uninterrupted_Baseline,112
1790267252.367556186,Uninterrupted_Baseline,112
1790267252.441777974,Uninterrupted_Baseline,113
1790267252.527112096,Uninterrupted_Baseline,113
1790267252.608199116,Uninterrupted_Baseline,114
1790267252.676784873,Uninterrupted_Baseline,115
1790267252.761888318,Uninterrupted_Baseline,115
1790267252.846902825,Uninterrupted_Baseline,116
1790267252.929924340,Uninterrupted_Baseline,116
1790267253.010802866,Uninterrupted_Baseline,117
1790267253.078875167,Uninterrupted_Baseline,118
1790267253.167896217,Uninterrupted_Baseline,118
1790267253.250280635,Uninterrupted_Baseline,119
1790267253.332437725,Uninterrupted_Baseline,119
1790267253.415137517,Uninterrupted_Baseline,120
1790267253.498196850,Uninterrupted_Baseline,121
1790267253.586065126,Uninterrupted_Baseline,121
1790267253.669250032,Uninterrupted_Baseline,122
1790267253.755944920,Uninterrupted_Baseline,123
1790267253.837404654,Uninterrupted_Baseline,123
1790267253.915462966,Uninterrupted_Baseline,124
1790267253.998397198,Uninterrupted_Baseline,124
1790267254.084945585,Uninterrupted_Baseline,125
1790267254.168958067,Uninterrupted_Baseline,126
1790267254.253734271,Uninterrupted_Baseline,126
1790267254.334988292,Uninterrupted_Baseline,127
1790267254.417736393,Uninterrupted_Baseline,128
1790267254.505496858,Uninterrupted_Baseline,128
1790267254.588785238,Uninterrupted_Baseline,129
1790267254.668977970,Uninterrupted_Baseline,129
1790267254.747192047,Uninterrupted_Baseline,130
1790267254.823884495,Uninterrupted_Baseline,130
1790267254.897096743,Uninterrupted_Baseline,131
1790267254.958532767,Uninterrupted_Baseline,131
1790267255.042564909,Uninterrupted_Baseline,132
1790267255.124447057,Uninterrupted_Baseline,133
1790267255.211196732,Uninterrupted_Baseline,133
1790267255.292280442,Uninterrupted_Baseline,134
1790267255.372139330,Uninterrupted_Baseline,134
1790267255.453536032,Uninterrupted_Baseline,135
1790267255.536096021,Uninterrupted_Baseline,136
1790267255.620118109,Uninterrupted_Baseline,136
1790267255.700952537,Uninterrupted_Baseline,137
1790267255.783322134,Uninterrupted_Baseline,138
1790267255.870958744,Uninterrupted_Baseline,138
1790267255.949711131,Uninterrupted_Baseline,139
1790267256.032888647,Uninterrupted_Baseline,139
1790267256.114930446,Uninterrupted_Baseline,140
1790267256.201589194,Uninterrupted_Baseline,141
1790267256.288754229,Uninterrupted_Baseline,143
1790267256.372900638,Uninterrupted_Baseline,146
1790267256.447569306,Uninterrupted_Baseline,148
1790267256.537172108,Uninterrupted_Baseline,151
1790267256.597027297,Uninterrupted_Baseline,152
1790267256.663897750,Uninterrupted_Baseline,155
1790267256.743838468,Uninterrupted_Baseline,157
1790267256.829875664,Uninterrupted_Baseline,160
1790267256.909754235,Uninterrupted_Baseline,163
1790267256.995498533,Uninterrupted_Baseline,167
1790267257.081505676,Uninterrupted_Baseline,170
1790267257.163482690,Uninterrupted_Baseline,173
1790267257.246193937,Uninterrupted_Baseline,177
1790267257.329362345,Uninterrupted_Baseline,180
1790267257.417148620,Uninterrupted_Baseline,184
1790267257.498879716,Uninterrupted_Baseline,187
1790267257.583156322,Uninterrupted_Baseline,191
1790267257.668897877,Uninterrupted_Baseline,195
1790267257.762984974,Uninterrupted_Baseline,200
1790267257.842960128,Uninterrupted_Baseline,203
1790267257.913182909,Uninterrupted_Baseline,206
1790267257.981938027,Uninterrupted_Baseline,210
1790267258.065558967,Uninterrupted_Baseline,215
1790267258.146468169,Uninterrupted_Baseline,219
1790267258.232557382,Uninterrupted_Baseline,224
1790267258.289729635,Uninterrupted_Baseline,228
1790267258.367617838,Uninterrupted_Baseline,232
1790267258.426237020,Uninterrupted_Baseline,235
1790267258.475532821,Uninterrupted_Baseline,239
1790267258.530907949,Uninterrupted_Baseline,242
1790267258.605463179,Uninterrupted_Baseline,246
1790267258.666079995,Uninterrupted_Baseline,250
1790267258.746578250,Uninterrupted_Baseline,255
1790267258.813534511,Uninterrupted_Baseline,260
1790267258.896335533,Uninterrupted_Baseline,265
1790267258.984489222,Uninterrupted_Baseline,272
1790267259.066474466,Uninterrupted_Baseline,277
1790267259.143508562,Uninterrupted_Baseline,283
1790267259.218441315,Uninterrupted_Baseline,289
1790267259.303030445,Uninterrupted_Baseline,295
1790267259.378204292,Uninterrupted_Baseline,300
1790267259.463948278,Uninterrupted_Baseline,307
1790267259.551163472,Uninterrupted_Baseline,314
1790267259.638011302,Uninterrupted_Baseline,320
1790267259.721872199,Uninterrupted_Baseline,328
1790267259.797964086,Uninterrupted_Baseline,334
1790267259.881952673,Uninterrupted_Baseline,341
1790267259.943742358,Uninterrupted_Baseline,346
1790267260.020288237,Uninterrupted_Baseline,352
1790267260.090684591,Uninterrupted_Baseline,248
1790267260.170582590,Uninterrupted_Baseline,249
1790267260.257186143,Uninterrupted_Baseline,253
1790267260.343276636,Uninterrupted_Baseline,257
1790267260.437816149,Uninterrupted_Baseline,261
1790267260.521833467,Uninterrupted_Baseline,264
1790267260.578877783,Uninterrupted_Baseline,267
1790267260.647381070,Uninterrupted_Baseline,270
1790267260.729476484,Uninterrupted_Baseline,273
1790267260.811909532,Uninterrupted_Baseline,277
1790267260.901777417,Uninterrupted_Baseline,281
1790267260.986613309,Uninterrupted_Baseline,284
1790267261.055896924,Uninterrupted_Baseline,287
1790267261.141276086,Uninterrupted_Baseline,289
1790267261.191524408,Uninterrupted_Baseline,292
1790267261.250804543,Uninterrupted_Baseline,293
1790267261.312929968,Uninterrupted_Baseline,296
1790267261.391316481,Uninterrupted_Baseline,298
1790267261.475005647,Uninterrupted_Baseline,301
1790267261.558276499,Uninterrupted_Baseline,304
1790267261.635888082,Uninterrupted_Baseline,306
1790267261.718986252,Uninterrupted_Baseline,308
1790267261.800840626,Uninterrupted_Baseline,311
1790267261.875519512,Uninterrupted_Baseline,313
1790267261.937530566,Uninterrupted_Baseline,314
1790267262.000682152,Uninterrupted_Baseline,316
1790267262.071503686,Uninterrupted_Baseline,318
1790267262.149133138,Uninterrupted_Baseline,320
1790267262.230707342,Uninterrupted_Baseline,322
1790267262.312039455,Uninterrupted_Baseline,324
1790267262.396278904,Uninterrupted_Baseline,326
1790267262.478094981,Uninterrupted_Baseline,327
1790267262.561417723,Uninterrupted_Baseline,329
1790267262.644555258,Uninterrupted_Baseline,330
1790267262.721613654,Uninterrupted_Baseline,332
1790267262.798964753,Uninterrupted_Baseline,333
1790267262.872408699,Uninterrupted_Baseline,335
1790267262.949074594,Uninterrupted_Baseline,234
1790267263.034016362,Uninterrupted_Baseline,234
1790267263.097067172,Uninterrupted_Baseline,234
1790267263.181811382,Uninterrupted_Baseline,163
1790267263.252989959,Uninterrupted_Baseline,163
1790267263.322681793,Uninterrupted_Baseline,146
1790267263.393685705,Uninterrupted_Baseline,114
1790267263.472746149,Uninterrupted_Baseline,116
1790267263.553689017,Uninterrupted_Baseline,117
1790267263.635596001,Uninterrupted_Baseline,118
1790267263.711992457,Uninterrupted_Baseline,119
1790267263.791903404,Uninterrupted_Baseline,121
1790267263.869728846,Uninterrupted_Baseline,122
1790267263.950954234,Uninterrupted_Baseline,123
1790267264.029755082,Uninterrupted_Baseline,124
1790267264.106964727,Uninterrupted_Baseline,125
1790267264.193203527,Uninterrupted_Baseline,126
1790267264.253599261,Uninterrupted_Baseline,127
1790267264.334890033,Uninterrupted_Baseline,128
1790267264.414840357,Uninterrupted_Baseline,129
1790267264.480698739,Uninterrupted_Baseline,130
1790267264.563171907,Uninterrupted_Baseline,131
1790267264.647981117,Uninterrupted_Baseline,131
1790267264.726879957,Uninterrupted_Baseline,132
1790267264.804590742,Uninterrupted_Baseline,132
1790267264.878081695,Uninterrupted_Baseline,133
1790267264.956199663,Uninterrupted_Baseline,133
1790267265.009481001,Uninterrupted_Baseline,134
1790267265.088406464,Uninterrupted_Baseline,134
1790267265.163678322,Uninterrupted_Baseline,135
1790267265.236159772,Uninterrupted_Baseline,135
1790267265.315490139,Uninterrupted_Baseline,135
1790267265.401334000,Uninterrupted_Baseline,136
1790267265.487356128,Uninterrupted_Baseline,136
1790267265.574368846,Uninterrupted_Baseline,136
1790267265.662792266,Uninterrupted_Baseline,137
1790267265.747069828,Uninterrupted_Baseline,137
1790267265.834695052,Uninterrupted_Baseline,137
1790267265.916463867,Uninterrupted_Baseline,137
1790267265.979112763,Uninterrupted_Baseline,138
1790267266.059901426,Uninterrupted_Baseline,138
1790267266.140602181,Uninterrupted_Baseline,138
1790267266.221118930,Uninterrupted_Baseline,138
1790267266.296395383,Uninterrupted_Baseline,138
1790267266.368458685,Uninterrupted_Baseline,138
1790267266.443088483,Uninterrupted_Baseline,138
1790267266.525633756,Uninterrupted_Baseline,138
1790267266.609794231,Uninterrupted_Baseline,138
1790267266.689743820,Uninterrupted_Baseline,138
1790267266.780824752,Uninterrupted_Baseline,138
1790267266.871325048,Uninterrupted_Baseline,139
1790267266.957029209,Uninterrupted_Baseline,140
1790267267.038686903,Uninterrupted_Baseline,140
1790267267.128212891,Uninterrupted_Baseline,141
1790267267.215240324,Uninterrupted_Baseline,142
1790267267.292181073,Uninterrupted_Baseline,142
1790267267.376119000,Uninterrupted_Baseline,143
1790267267.463048852,Uninterrupted_Baseline,143
1790267267.546145311,Uninterrupted_Baseline,144
1790267267.639721313,Uninterrupted_Baseline,145
1790267267.722117430,Uninterrupted_Baseline,145
1790267267.801103945,Uninterrupted_Baseline,146
1790267267.887889220,Uninterrupted_Baseline,147
1790267267.975971148,Uninterrupted_Baseline,147
1790267268.052562197,Uninterrupted_Baseline,148
1790267268.120358364,Uninterrupted_Baseline,148
1790267268.193479766,Uninterrupted_Baseline,149
1790267268.268377571,Uninterrupted_Baseline,149
1790267268.352148526,Uninterrupted_Baseline,150
1790267268.429309373,Uninterrupted_Baseline,151
1790267268.483155502,Uninterrupted_Baseline,151
1790267268.539520294,Uninterrupted_Baseline,151
1790267268.600211121,Uninterrupted_Baseline,152
1790267268.683057489,Uninterrupted_Baseline,152
1790267268.765639374,Uninterrupted_Baseline,153
1790267268.847535043,Uninterrupted_Baseline,154
1790267268.930612529,Uninterrupted_Baseline,154
1790267269.013464447,Uninterrupted_Baseline,155
1790267269.094681015,Uninterrupted_Baseline,155
1790267269.177612345,Uninterrupted_Baseline,156
1790267269.239689556,Uninterrupted_Baseline,157
1790267269.321879868,Uninterrupted_Baseline,157
1790267269.401936618,Uninterrupted_Baseline,158
1790267269.483239164,Uninterrupted_Baseline,158
1790267269.565815153,Uninterrupted_Baseline,159
1790267269.645585469,Uninterrupted_Baseline,160
1790267269.723516716,Uninterrupted_Baseline,160
1790267269.784453232,Uninterrupted_Baseline,161
1790267269.861907782,Uninterrupted_Baseline,161
1790267269.942378347,Uninterrupted_Baseline,162
1790267270.019895901,Uninterrupted_Baseline,162
1790267270.093418052,Uninterrupted_Baseline,163
1790267270.176423375,Uninterrupted_Baseline,163
1790267270.264923767,Uninterrupted_Baseline,164
1790267270.336841434,Uninterrupted_Baseline,165
1790267270.401173441,Uninterrupted_Baseline,165
1790267270.472436262,Uninterrupted_Baseline,166
1790267270.534760770,Uninterrupted_Baseline,166
1790267270.601498186,Uninterrupted_Baseline,167
1790267270.685005004,Uninterrupted_Baseline,167
1790267270.766448256,Uninterrupted_Baseline,168
1790267270.850326268,Uninterrupted_Baseline,168
1790267270.933675147,Uninterrupted_Baseline,169
1790267271.018803005,Uninterrupted_Baseline,170
1790267271.102541205,Uninterrupted_Baseline,170
1790267282.077555772,Phase1_Baseline,10
1790267282.163139286,Phase1_Baseline,18
1790267282.238398216,Phase1_Baseline,34
1790267282.329935805,Phase1_Baseline,80
1790267282.388361381,Phase1_Baseline,128
1790267282.461641722,Phase1_Baseline,250
1790267282.541610187,Phase1_Baseline,475
1790267282.624208866,Phase1_Baseline,798
1790267282.708911136,Phase1_Baseline,691
1790267282.785830458,Phase1_Baseline,558
1790267282.854400192,Phase1_Baseline,558
1790267282.923947441,Phase1_Baseline,550
1790267282.989025381,Phase1_Baseline,471
1790267283.060621835,Phase1_Baseline,390
1790267283.132725318,Phase1_Baseline,390
1790267283.219574165,Phase1_Baseline,318
1790267283.302770045,Phase1_Baseline,273
1790267283.378788504,Phase1_Baseline,243
1790267283.462484130,Phase1_Baseline,191
1790267283.545459407,Phase1_Baseline,191
1790267283.626354325,Phase1_Baseline,133
1790267283.711939411,Phase1_Baseline,133
1790267283.786819223,Phase1_Baseline,135
1790267283.869680071,Phase1_Baseline,137
1790267283.957052936,Phase1_Baseline,138
1790267284.041344812,Phase1_Baseline,140
1790267284.124483727,Phase1_Baseline,141
1790267284.211310538,Phase1_Baseline,142
1790267284.289372048,Phase1_Baseline,144
1790267284.372286554,Phase1_Baseline,145
1790267284.451795509,Phase1_Baseline,146
1790267284.530493732,Phase1_Baseline,147
1790267284.611607321,Phase1_Baseline,148
1790267284.690806760,Phase1_Baseline,149
1790267284.775267530,Phase1_Baseline,151
1790267284.848401487,Phase1_Baseline,152
1790267284.939311592,Phase1_Baseline,153
1790267284.990982507,Phase1_Baseline,153
1790267285.053680626,Phase1_Baseline,154
1790267285.122944967,Phase1_Baseline,154
1790267285.191728003,Phase1_Baseline,155
1790267285.265409079,Phase1_Baseline,156
1790267285.334571349,Phase1_Baseline,156
1790267285.409383411,Phase1_Baseline,157
1790267285.489675098,Phase1_Baseline,157
1790267285.564342074,Phase1_Baseline,158
1790267285.643201592,Phase1_Baseline,158
1790267285.726700100,Phase1_Baseline,159
1790267285.808057643,Phase1_Baseline,159
1790267285.890063372,Phase1_Baseline,160
1790267285.969255207,Phase1_Baseline,160
1790267286.045822989,Phase1_Baseline,160
1790267286.125035970,Phase1_Baseline,161
1790267286.217275643,Phase1_Baseline,161
1790267286.297643831,Phase1_Baseline,161
1790267286.381449921,Phase1_Baseline,161
1790267286.465962781,Phase1_Baseline,161
1790267286.544419889,Phase1_Baseline,162
1790267286.626791019,Phase1_Baseline,162
1790267286.710126058,Phase1_Baseline,162
1790267286.778348046,Phase1_Baseline,162
1790267286.850753207,Phase1_Baseline,162
1790267286.932004594,Phase1_Baseline,162
1790267287.008396558,Phase1_Baseline,162
1790267287.085463403,Phase1_Baseline,162
1790267287.167118408,Phase1_Baseline,162
1790267287.239148811,Phase1_Baseline,162
1790267287.321502142,Phase1_Baseline,162
1790267287.390544836,Phase1_Baseline,162
1790267287.471349116,Phase1_Baseline,162
1790267287.551123730,Phase1_Baseline,162
1790267287.637301933,Phase1_Baseline,162
1790267287.714811389,Phase1_Baseline,162
1790267287.788522151,Phase1_Baseline,162
1790267287.872968203,Phase1_Baseline,163
1790267287.959989493,Phase1_Baseline,164
1790267288.041363261,Phase1_Baseline,164
1790267288.093000189,Phase1_Baseline,165
1790267288.170193452,Phase1_Baseline,165
1790267288.239866798,Phase1_Baseline,166
1790267288.295628346,Phase1_Baseline,166
1790267288.355449463,Phase1_Baseline,167
1790267288.422069556,Phase1_Baseline,167
1790267288.471252949,Phase1_Baseline,167
1790267288.522907098,Phase1_Baseline,168
1790267288.589607442,Phase1_Baseline,168
1790267288.659716245,Phase1_Baseline,169
1790267288.733442154,Phase1_Baseline,169
1790267288.815209113,Phase1_Baseline,170
1790267288.900283432,Phase1_Baseline,170
1790267288.981703541,Phase1_Baseline,171
1790267289.063689032,Phase1_Baseline,172
1790267289.127870157,Phase1_Baseline,172
1790267289.186382635,Phase1_Baseline,173
1790267289.258851080,Phase1_Baseline,173
1790267289.346613075,Phase1_Baseline,174
1790267289.429469700,Phase1_Baseline,174
1790267289.509635096,Phase1_Baseline,175
1790267289.592706420,Phase1_Baseline,176
1790267289.675507421,Phase1_Baseline,176
1790267289.757581554,Phase1_Baseline,177
1790267289.838372084,Phase1_Baseline,177
1790267289.915748678,Phase1_Baseline,178
1790267289.996527449,Phase1_Baseline,179
1790267290.077888571,Phase1_Baseline,179
1790267290.158061156,Phase1_Baseline,180
1790267290.239978014,Phase1_Baseline,180
1790267290.298510829,Phase1_Baseline,181
1790267290.367496201,Phase1_Baseline,181
1790267290.446601197,Phase1_Baseline,182
1790267290.523911830,Phase1_Baseline,182
1790267290.592584949,Phase1_Baseline,183
1790267290.665955712,Phase1_Baseline,184
1790267290.745165880,Phase1_Baseline,184
1790267290.820538258,Phase1_Baseline,184
1790267290.890747979,Phase1_Baseline,185
1790267290.958688094,Phase1_Baseline,185
1790267291.034946753,Phase1_Baseline,186
1790267291.110774420,Phase1_Baseline,187
1790267291.191739966,Phase1_Baseline,187
1790267291.273625955,Phase1_Baseline,188
1790267291.341081913,Phase1_Baseline,188
1790267291.407821883,Phase1_Baseline,189
1790267291.480440218,Phase1_Baseline,190
1790267291.569328824,Phase1_Baseline,190
1790267291.639349286,Phase1_Baseline,190
1790267291.721177382,Phase1_Baseline,191
1790267291.795875185,Phase1_Baseline,192
1790267291.878500336,Phase1_Baseline,192
1790267291.962047170,Phase1_Baseline,193
1790267292.044627452,Phase1_Baseline,193
1790267292.116813006,Phase1_Baseline,194
1790267292.189364779,Phase1_Baseline,195
1790267292.271733456,Phase1_Baseline,196
1790267292.350742290,Phase1_Baseline,198
1790267292.433073392,Phase1_Baseline,199
1790267292.520565184,Phase1_Baseline,201
1790267292.605398884,Phase1_Baseline,203
1790267292.686381979,Phase1_Baseline,206
1790267292.772202239,Phase1_Baseline,209
1790267292.858037766,Phase1_Baseline,211
1790267292.945781539,Phase1_Baseline,213
1790267293.032379228,Phase1_Baseline,216
1790267293.110006359,Phase1_Baseline,218
1790267293.178927531,Phase1_Baseline,220
1790267293.246326793,Phase1_Baseline,223
1790267293.328114849,Phase1_Baseline,225
1790267293.396829763,Phase1_Baseline,228
1790267293.468099786,Phase1_Baseline,230
1790267293.551797481,Phase1_Baseline,234
1790267293.632343604,Phase1_Baseline,237
1790267293.708501352,Phase1_Baseline,240
1790267293.792623636,Phase1_Baseline,244
1790267293.870775037,Phase1_Baseline,247
1790267293.942409380,Phase1_Baseline,250
1790267294.013579509,Phase1_Baseline,253
1790267294.086638100,Phase1_Baseline,256
1790267294.166830690,Phase1_Baseline,260
1790267294.250088432,Phase1_Baseline,264
1790267294.333736157,Phase1_Baseline,268
1790267294.413030189,Phase1_Baseline,272
1790267294.493547817,Phase1_Baseline,276
1790267294.583272910,Phase1_Baseline,282
1790267294.667255969,Phase1_Baseline,286
1790267294.750630095,Phase1_Baseline,290
1790267294.829533174,Phase1_Baseline,294
1790267294.906631849,Phase1_Baseline,299
1790267294.986140354,Phase1_Baseline,304
1790267295.039429086,Phase1_Baseline,307
1790267295.113347268,Phase1_Baseline,312
1790267295.191625951,Phase1_Baseline,317
1790267295.270859468,Phase1_Baseline,322
1790267295.358593046,Phase1_Baseline,327
1790267295.444750036,Phase1_Baseline,333
1790267295.541447052,Phase1_Baseline,233
1790267295.630909960,Phase1_Baseline,233
1790267295.698013960,Phase1_Baseline,233
1790267295.784623745,Phase1_Baseline,163
1790267295.868697304,Phase1_Baseline,163
1790267295.947935953,Phase1_Baseline,163
1790267296.015777462,Phase1_Baseline,114
1790267296.102151443,Phase1_Baseline,114
1790267296.162336118,Phase1_Baseline,114
1790267296.243802701,Phase1_Baseline,115
1790267296.301803054,Phase1_Baseline,116
1790267296.370786809,Phase1_Baseline,117
1790267296.456621346,Phase1_Baseline,119
1790267296.528592890,Phase1_Baseline,120
1790267296.612620559,Phase1_Baseline,121
1790267296.681292613,Phase1_Baseline,122
1790267296.764922217,Phase1_Baseline,123
1790267296.850424333,Phase1_Baseline,125
1790267296.926191452,Phase1_Baseline,126
1790267297.007741061,Phase1_Baseline,127
1790267297.076976349,Phase1_Baseline,128
1790267297.160365892,Phase1_Baseline,129
1790267297.240873501,Phase1_Baseline,130
1790267297.321389860,Phase1_Baseline,131
1790267297.408014616,Phase1_Baseline,131
1790267297.486870331,Phase1_Baseline,132
1790267297.569620183,Phase1_Baseline,133
1790267297.648959800,Phase1_Baseline,133
1790267297.716027184,Phase1_Baseline,134
1790267297.786979163,Phase1_Baseline,134
1790267297.867717419,Phase1_Baseline,135
1790267297.938025565,Phase1_Baseline,135
1790267298.024045344,Phase1_Baseline,136
1790267298.077006899,Phase1_Baseline,136
1790267298.157924811,Phase1_Baseline,136
1790267298.238614784,Phase1_Baseline,137
1790267298.302888173,Phase1_Baseline,137
1790267298.381931730,Phase1_Baseline,137
1790267298.437292292,Phase1_Baseline,138
1790267298.491921224,Phase1_Baseline,138
1790267298.550755943,Phase1_Baseline,138
1790267298.615303880,Phase1_Baseline,138
1790267298.683717152,Phase1_Baseline,138
1790267298.770410830,Phase1_Baseline,139
1790267298.851611309,Phase1_Baseline,139
1790267298.928542746,Phase1_Baseline,139
1790267299.018781931,Phase1_Baseline,139
1790267299.094668098,Phase1_Baseline,139
1790267299.151972918,Phase1_Baseline,139
1790267299.227796445,Phase1_Baseline,139
1790267299.317411144,Phase1_Baseline,139
1790267299.400981583,Phase1_Baseline,139
1790267299.485449657,Phase1_Baseline,139
1790267299.566710505,Phase1_Baseline,139
1790267299.653024168,Phase1_Baseline,139
1790267299.728934150,Phase1_Baseline,140
1790267299.816085799,Phase1_Baseline,140
1790267299.902101112,Phase1_Baseline,141
1790267299.986195405,Phase1_Baseline,142
1790267300.069026512,Phase1_Baseline,142
1790267300.151950920,Phase1_Baseline,143
1790267300.237091523,Phase1_Baseline,143
1790267300.323990250,Phase1_Baseline,144
1790267300.389251020,Phase1_Baseline,145
1790267300.474759787,Phase1_Baseline,145
1790267300.560264785,Phase1_Baseline,146
1790267300.641424885,Phase1_Baseline,147
1790267300.725176781,Phase1_Baseline,147
1790267300.808450409,Phase1_Baseline,148
1790267300.887312161,Phase1_Baseline,148
1790267300.969830443,Phase1_Baseline,149
1790267301.048455890,Phase1_Baseline,150
1790267301.132157920,Phase1_Baseline,150
1790267301.216736544,Phase1_Baseline,151
1790267301.297172711,Phase1_Baseline,151
1790267301.361371141,Phase1_Baseline,152
1790267301.448119452,Phase1_Baseline,153
1790267301.527824367,Phase1_Baseline,153
1790267301.610871157,Phase1_Baseline,154
1790267301.694354369,Phase1_Baseline,154
1790267301.777840882,Phase1_Baseline,155
1790267301.863795390,Phase1_Baseline,156
1790267301.949779026,Phase1_Baseline,156
1790267302.033849850,Phase1_Baseline,157
1790267302.114904929,Phase1_Baseline,157
1790267302.187744938,Phase1_Baseline,158
1790267302.273113082,Phase1_Baseline,159
1790267302.358083635,Phase1_Baseline,159
1790267302.428518454,Phase1_Baseline,160
1790267302.512423242,Phase1_Baseline,160
1790267302.589639253,Phase1_Baseline,161
1790267302.662076407,Phase1_Baseline,161
1790267302.744609926,Phase1_Baseline,162
1790267302.829669778,Phase1_Baseline,163
1790267302.911699033,Phase1_Baseline,163
1790267303.000388613,Phase1_Baseline,164
1790267303.080363900,Phase1_Baseline,165
1790267303.150875324,Phase1_Baseline,165
1790267303.237066261,Phase1_Baseline,166
1790267303.315403299,Phase1_Baseline,166
1790267303.400013419,Phase1_Baseline,167
1790267303.486473167,Phase1_Baseline,167
1790267303.571390772,Phase1_Baseline,168
1790267303.649380802,Phase1_Baseline,169
1790267303.726884737,Phase1_Baseline,169
1790267303.803524388,Phase1_Baseline,170
1790267303.884192878,Phase1_Baseline,170
1790267303.961023872,Phase1_Baseline,171
1790267304.045032750,Phase1_Baseline,172
1790267304.122624680,Phase1_Baseline,172
1790267304.205363451,Phase1_Baseline,173
1790267304.289448769,Phase1_Baseline,173
1790267304.368957630,Phase1_Baseline,174
1790267304.444605491,Phase1_Baseline,174
1790267304.509431871,Phase1_Baseline,175
1790267304.595591923,Phase1_Baseline,176
1790267304.681498267,Phase1_Baseline,176
1790267304.758733250,Phase1_Baseline,178
1790267304.841021350,Phase1_Baseline,179
1790267304.930529448,Phase1_Baseline,181
1790267304.982566935,Phase1_Baseline,183
1790267305.047007777,Phase1_Baseline,185
1790267305.107473146,Phase1_Baseline,186
1790267305.194893856,Phase1_Baseline,189
1790267305.264751351,Phase1_Baseline,191
1790267305.344953984,Phase1_Baseline,193
1790267305.428965486,Phase1_Baseline,196
1790267305.511959209,Phase1_Baseline,198
1790267305.589000403,Phase1_Baseline,202
1790267305.670495023,Phase1_Baseline,204
1790267305.755189901,Phase1_Baseline,207
1790267305.832011010,Phase1_Baseline,211
1790267305.910511750,Phase1_Baseline,214
1790267305.994592328,Phase1_Baseline,217
1790267306.075121517,Phase1_Baseline,220
1790267306.157911625,Phase1_Baseline,223
1790267306.235939174,Phase1_Baseline,227
1790267306.326048349,Phase1_Baseline,231
1790267306.407195887,Phase1_Baseline,235
1790267306.458211936,Phase1_Baseline,237
1790267306.516476957,Phase1_Baseline,240
1790267306.579581036,Phase1_Baseline,243
1790267306.633961734,Phase1_Baseline,245
1790267306.698463572,Phase1_Baseline,248
1790267306.776036967,Phase1_Baseline,252
1790267306.856321569,Phase1_Baseline,257
1790267306.933268144,Phase1_Baseline,262
1790267307.014179097,Phase1_Baseline,266
1790267307.097740870,Phase1_Baseline,270
1790267307.191528248,Phase1_Baseline,276
1790267307.275960025,Phase1_Baseline,280
1790267307.352181322,Phase1_Baseline,285
1790267307.422682880,Phase1_Baseline,290
1790267307.501858405,Phase1_Baseline,295
1790267307.589819111,Phase1_Baseline,301
1790267307.670442532,Phase1_Baseline,306
1790267307.752307919,Phase1_Baseline,311
1790267307.834742749,Phase1_Baseline,318
1790267307.915690665,Phase1_Baseline,323
1790267307.993380577,Phase1_Baseline,329
1790267308.058526889,Phase1_Baseline,334
1790267308.139045610,Phase1_Baseline,340
1790267308.221482070,Phase1_Baseline,345
1790267308.279455213,Phase1_Baseline,256
1790267308.350553989,Phase1_Baseline,242
1790267308.423872300,Phase1_Baseline,242
1790267308.472822568,Phase1_Baseline,242
1790267308.526336875,Phase1_Baseline,245
1790267308.588878807,Phase1_Baseline,248
1790267308.645455534,Phase1_Baseline,249
1790267308.712573585,Phase1_Baseline,253
1790267308.783496546,Phase1_Baseline,256
1790267308.856637367,Phase1_Baseline,259
1790267308.931200805,Phase1_Baseline,263
1790267309.007316146,Phase1_Baseline,266
1790267309.075156252,Phase1_Baseline,269
1790267309.156389602,Phase1_Baseline,272
1790267309.212915966,Phase1_Baseline,274
1790267309.273111792,Phase1_Baseline,277
1790267309.348743099,Phase1_Baseline,279
1790267309.430888689,Phase1_Baseline,282
1790267309.506884705,Phase1_Baseline,284
1790267309.588902312,Phase1_Baseline,288
1790267309.673511142,Phase1_Baseline,290
1790267309.747311490,Phase1_Baseline,293
1790267309.817114825,Phase1_Baseline,295
1790267309.899983807,Phase1_Baseline,297
1790267309.976926386,Phase1_Baseline,299
1790267310.059824517,Phase1_Baseline,302
1790267310.137170690,Phase1_Baseline,304
1790267311.453919954,Phase2_Migrated,10
1790267311.552643665,Phase2_Migrated,10
1790267311.636629018,Phase2_Migrated,14
1790267311.729136342,Phase2_Migrated,26
1790267311.825982972,Phase2_Migrated,52
1790267311.920714498,Phase2_Migrated,183
1790267311.998878825,Phase2_Migrated,365
1790267312.087274235,Phase2_Migrated,742
1790267312.179440968,Phase2_Migrated,1063
1790267312.270768443,Phase2_Migrated,1118
1790267312.347969315,Phase2_Migrated,938
1790267312.415743180,Phase2_Migrated,829
1790267312.503823966,Phase2_Migrated,829
1790267312.601105758,Phase2_Migrated,829
1790267312.693201751,Phase2_Migrated,829
1790267312.793748843,Phase2_Migrated,829
1790267312.888899867,Phase2_Migrated,310
1790267312.984050602,Phase2_Migrated,249
1790267313.083191798,Phase2_Migrated,497
1790267313.169410433,Phase2_Migrated,406
1790267313.248342356,Phase2_Migrated,378
1790267313.342474402,Phase2_Migrated,346
1790267313.439016223,Phase2_Migrated,284
1790267313.530886752,Phase2_Migrated,284
1790267313.630018822,Phase2_Migrated,198
1790267313.724468807,Phase2_Migrated,150
1790267313.815047619,Phase2_Migrated,138
1790267313.907113420,Phase2_Migrated,138
1790267314.001400564,Phase2_Migrated,97
1790267314.095944734,Phase2_Migrated,97
1790267314.187730743,Phase2_Migrated,98
1790267314.278971986,Phase2_Migrated,99
1790267314.374258263,Phase2_Migrated,101
1790267314.468765052,Phase2_Migrated,102
1790267314.560297214,Phase2_Migrated,104
1790267314.663200566,Phase2_Migrated,105
1790267314.758787237,Phase2_Migrated,106
1790267314.863287726,Phase2_Migrated,107
1790267314.917266946,Phase2_Migrated,108
1790267315.006530789,Phase2_Migrated,109
1790267315.097733572,Phase2_Migrated,110
1790267315.194183617,Phase2_Migrated,111
1790267315.285855320,Phase2_Migrated,112
1790267315.382492028,Phase2_Migrated,112
1790267315.476422045,Phase2_Migrated,113
1790267315.558335259,Phase2_Migrated,114
1790267315.638492300,Phase2_Migrated,114
1790267315.727308483,Phase2_Migrated,115
1790267315.813268886,Phase2_Migrated,115
1790267315.899905988,Phase2_Migrated,115
1790267315.988132857,Phase2_Migrated,116
1790267316.070376664,Phase2_Migrated,116
1790267316.164711815,Phase2_Migrated,117
1790267316.248113019,Phase2_Migrated,117
1790267316.334791183,Phase2_Migrated,117
1790267316.425480405,Phase2_Migrated,117
1790267316.497877796,Phase2_Migrated,118
1790267316.586446445,Phase2_Migrated,118
1790267316.685968848,Phase2_Migrated,118
1790267316.775102990,Phase2_Migrated,118
1790267316.862356720,Phase2_Migrated,118
1790267316.940517306,Phase2_Migrated,118
1790267317.028950111,Phase2_Migrated,118
1790267317.111833014,Phase2_Migrated,118
1790267317.197902512,Phase2_Migrated,119
1790267317.291819236,Phase2_Migrated,120
1790267317.387554483,Phase2_Migrated,120
1790267317.489189432,Phase2_Migrated,121
1790267317.584302353,Phase2_Migrated,122
1790267317.684033077,Phase2_Migrated,122
1790267317.768717139,Phase2_Migrated,123
1790267317.852422369,Phase2_Migrated,124
1790267317.944424350,Phase2_Migrated,125
1790267318.029101771,Phase2_Migrated,125
1790267318.116868403,Phase2_Migrated,126
1790267318.211097601,Phase2_Migrated,127
1790267318.310443139,Phase2_Migrated,127
1790267318.404208511,Phase2_Migrated,128
1790267318.466433583,Phase2_Migrated,128
1790267318.529742859,Phase2_Migrated,129
1790267318.605143403,Phase2_Migrated,129
1790267318.664832503,Phase2_Migrated,130
1790267318.745889771,Phase2_Migrated,131
1790267318.834981126,Phase2_Migrated,131
1790267318.929602193,Phase2_Migrated,132
1790267319.023371379,Phase2_Migrated,133
1790267319.118762776,Phase2_Migrated,133
1790267319.195758810,Phase2_Migrated,134
1790267319.263341215,Phase2_Migrated,134
1790267319.326023439,Phase2_Migrated,135
1790267319.402538502,Phase2_Migrated,135
1790267319.491108239,Phase2_Migrated,136
1790267319.588843897,Phase2_Migrated,137
1790267319.681094007,Phase2_Migrated,137
1790267319.764068303,Phase2_Migrated,138
1790267319.845978779,Phase2_Migrated,139
1790267319.935427920,Phase2_Migrated,140
1790267320.022969407,Phase2_Migrated,140
1790267320.113110024,Phase2_Migrated,141
1790267320.179908473,Phase2_Migrated,141
1790267320.265786011,Phase2_Migrated,142
1790267320.364605361,Phase2_Migrated,142
1790267320.458465841,Phase2_Migrated,143
1790267320.526297439,Phase2_Migrated,144
1790267320.616682173,Phase2_Migrated,144
1790267320.707922067,Phase2_Migrated,145
1790267320.804190614,Phase2_Migrated,146
1790267320.900813489,Phase2_Migrated,146
1790267320.996445266,Phase2_Migrated,147
1790267321.095450843,Phase2_Migrated,148
1790267321.190281576,Phase2_Migrated,149
1790267321.282170252,Phase2_Migrated,149
1790267321.364957078,Phase2_Migrated,150
1790267321.457022730,Phase2_Migrated,150
1790267321.536330132,Phase2_Migrated,151
1790267321.625851619,Phase2_Migrated,152
1790267321.708530595,Phase2_Migrated,152
1790267321.801617730,Phase2_Migrated,153
1790267321.900358451,Phase2_Migrated,154
1790267321.996017528,Phase2_Migrated,154
1790267322.094273244,Phase2_Migrated,155
1790267322.188469311,Phase2_Migrated,156
1790267322.281781344,Phase2_Migrated,157
1790267322.382368828,Phase2_Migrated,157
1790267322.476024670,Phase2_Migrated,158
1790267322.571603766,Phase2_Migrated,159
1790267322.668038641,Phase2_Migrated,161
1790267322.760188563,Phase2_Migrated,163
1790267322.856954280,Phase2_Migrated,166
1790267322.951855635,Phase2_Migrated,169
1790267323.029055493,Phase2_Migrated,171
1790267323.114857130,Phase2_Migrated,173
1790267323.195312498,Phase2_Migrated,176
1790267323.287510897,Phase2_Migrated,179
1790267323.379429857,Phase2_Migrated,182
1790267323.471773221,Phase2_Migrated,186
1790267323.564633321,Phase2_Migrated,189
1790267323.644299867,Phase2_Migrated,192
1790267323.734113020,Phase2_Migrated,196
1790267323.822882729,Phase2_Migrated,200
1790267323.917107763,Phase2_Migrated,204
1790267324.009378351,Phase2_Migrated,208
1790267324.104091513,Phase2_Migrated,212
1790267324.207938188,Phase2_Migrated,217
1790267324.305049750,Phase2_Migrated,221
1790267324.394984350,Phase2_Migrated,225
1790267324.485636032,Phase2_Migrated,230
1790267324.577365056,Phase2_Migrated,235
1790267324.666997795,Phase2_Migrated,240
1790267324.758684916,Phase2_Migrated,245
1790267324.851831703,Phase2_Migrated,251
1790267324.937133483,Phase2_Migrated,256
1790267325.000142034,Phase2_Migrated,259
1790267325.084872352,Phase2_Migrated,265
1790267325.172671752,Phase2_Migrated,269
1790267325.248046215,Phase2_Migrated,275
1790267325.337428851,Phase2_Migrated,280
1790267325.423436974,Phase2_Migrated,286
1790267325.514564261,Phase2_Migrated,292
1790267325.617735311,Phase2_Migrated,299
1790267325.699974681,Phase2_Migrated,305
1790267325.790518667,Phase2_Migrated,312
1790267325.881945298,Phase2_Migrated,319
1790267325.976494343,Phase2_Migrated,326
1790267326.056457442,Phase2_Migrated,333
1790267326.149810031,Phase2_Migrated,340
1790267326.247386731,Phase2_Migrated,348
1790267326.338842126,Phase2_Migrated,243
1790267326.421138305,Phase2_Migrated,243
1790267326.504843900,Phase2_Migrated,244
1790267326.592376149,Phase2_Migrated,247
1790267326.677150284,Phase2_Migrated,251
1790267326.758352101,Phase2_Migrated,255
1790267326.845732760,Phase2_Migrated,259
1790267326.931867075,Phase2_Migrated,262
1790267327.024893346,Phase2_Migrated,267
1790267327.120771552,Phase2_Migrated,271
1790267327.207118666,Phase2_Migrated,274
1790267327.302911002,Phase2_Migrated,278
1790267327.402497091,Phase2_Migrated,281
1790267327.502610208,Phase2_Migrated,285
1790267327.593624622,Phase2_Migrated,288
1790267327.691102830,Phase2_Migrated,291
1790267327.775817047,Phase2_Migrated,294
1790267327.873642963,Phase2_Migrated,297
1790267327.970164423,Phase2_Migrated,300
1790267328.057618801,Phase2_Migrated,302
1790267328.117797617,Phase2_Migrated,304
1790267328.188271182,Phase2_Migrated,306
1790267328.265944574,Phase2_Migrated,308
1790267328.331912352,Phase2_Migrated,310
1790267328.402447533,Phase2_Migrated,312
1790267328.456613158,Phase2_Migrated,313
1790267328.517711825,Phase2_Migrated,315
1790267328.579552315,Phase2_Migrated,316
1790267328.648209041,Phase2_Migrated,318
1790267328.737716282,Phase2_Migrated,319
1790267328.820935549,Phase2_Migrated,321
1790267328.888107530,Phase2_Migrated,322
1790267328.957263208,Phase2_Migrated,324
1790267329.029685971,Phase2_Migrated,325
1790267329.110338456,Phase2_Migrated,326
1790267329.184853320,Phase2_Migrated,327
1790267329.264536416,Phase2_Migrated,329
1790267329.357079502,Phase2_Migrated,230
1790267329.451738423,Phase2_Migrated,233
1790267329.545594946,Phase2_Migrated,235
1790267329.638460787,Phase2_Migrated,238
1790267329.722350659,Phase2_Migrated,239
1790267329.814134897,Phase2_Migrated,242
1790267329.913453953,Phase2_Migrated,245
1790267330.011611374,Phase2_Migrated,247
1790267330.109545993,Phase2_Migrated,249
1790267330.201978752,Phase2_Migrated,251
1790267330.291221117,Phase2_Migrated,253
1790267330.378903801,Phase2_Migrated,254
1790267330.472528448,Phase2_Migrated,256
1790267330.560694067,Phase2_Migrated,257
1790267330.641067014,Phase2_Migrated,259
1790267330.731880733,Phase2_Migrated,260
1790267330.827902707,Phase2_Migrated,262
1790267330.924381541,Phase2_Migrated,263
1790267331.013369138,Phase2_Migrated,264
1790267331.110713491,Phase2_Migrated,266
1790267331.196814638,Phase2_Migrated,267
1790267331.270603165,Phase2_Migrated,268
1790267331.349356049,Phase2_Migrated,269
1790267331.439513953,Phase2_Migrated,270
1790267331.535891616,Phase2_Migrated,271
1790267331.618935854,Phase2_Migrated,272
1790267331.701282989,Phase2_Migrated,272
1790267331.785542361,Phase2_Migrated,273
1790267331.877568067,Phase2_Migrated,274
1790267331.972394295,Phase2_Migrated,274
1790267332.071562369,Phase2_Migrated,275
1790267332.166933334,Phase2_Migrated,276
1790267332.243624058,Phase2_Migrated,276
1790267332.310699519,Phase2_Migrated,276
1790267332.388391145,Phase2_Migrated,277
1790267332.486472444,Phase2_Migrated,277
1790267332.564067258,Phase2_Migrated,277
1790267332.651566956,Phase2_Migrated,278
1790267332.740389757,Phase2_Migrated,278
1790267332.826521065,Phase2_Migrated,278
1790267332.912403321,Phase2_Migrated,278
1790267333.002610638,Phase2_Migrated,279
1790267333.086789625,Phase2_Migrated,279
1790267333.173012595,Phase2_Migrated,279
1790267333.264903293,Phase2_Migrated,279
1790267333.348487247,Phase2_Migrated,279
1790267333.436619155,Phase2_Migrated,279
1790267333.518041482,Phase2_Migrated,279
1790267333.615406021,Phase2_Migrated,279
1790267333.709095768,Phase2_Migrated,279
1790267333.787401640,Phase2_Migrated,279
1790267333.880808179,Phase2_Migrated,279
1790267333.974423516,Phase2_Migrated,279
1790267334.063967600,Phase2_Migrated,279
1790267334.159962878,Phase2_Migrated,279
1790267334.255508363,Phase2_Migrated,279
1790267334.344480174,Phase2_Migrated,279
1790267334.434501512,Phase2_Migrated,279
1790267334.533143795,Phase2_Migrated,279
1790267334.626513025,Phase2_Migrated,279
1790267334.720864258,Phase2_Migrated,279
1790267334.811393479,Phase2_Migrated,279
1790267334.918070623,Phase2_Migrated,279
1790267334.988812609,Phase2_Migrated,279
1790267335.076025029,Phase2_Migrated,279
1790267335.171283317,Phase2_Migrated,279
1790267335.267755366,Phase2_Migrated,279
1790267335.360574055,Phase2_Migrated,279
1790267335.451071527,Phase2_Migrated,279
1790267335.547901269,Phase2_Migrated,279
1790267335.649295342,Phase2_Migrated,279
1790267335.746816111,Phase2_Migrated,280
1790267335.821610103,Phase2_Migrated,280
1790267335.910362725,Phase2_Migrated,280
1790267336.007199235,Phase2_Migrated,280
1790267336.099724479,Phase2_Migrated,281
1790267336.192845644,Phase2_Migrated,281
1790267337.389378551,Uninterrupted_Baseline,1
1790267337.469786981,Uninterrupted_Baseline,1
1790267337.551787834,Uninterrupted_Baseline,1
1790267337.639197438,Uninterrupted_Baseline,1
1790267337.721706412,Uninterrupted_Baseline,1
1790267337.808392832,Uninterrupted_Baseline,1
1790267337.889453526,Uninterrupted_Baseline,1
1790267337.970583945,Uninterrupted_Baseline,1
1790267338.043221353,Uninterrupted_Baseline,1
1790267338.105158940,Uninterrupted_Baseline,1
1790267338.190155408,Uninterrupted_Baseline,1
1790267338.263378404,Uninterrupted_Baseline,1
1790267338.317994683,Uninterrupted_Baseline,1
1790267338.399791879,Uninterrupted_Baseline,1
1790267338.456326609,Uninterrupted_Baseline,1
1790267338.513582818,Uninterrupted_Baseline,1
1790267338.579534664,Uninterrupted_Baseline,1
1790267338.638745567,Uninterrupted_Baseline,1
1790267338.638745567,Uninterrupted_Baseline,10
1790267338.707467840,Uninterrupted_Baseline,1
1790267338.707467840,Uninterrupted_Baseline,10
1790267338.783282417,Uninterrupted_Baseline,1
1790267338.783282417,Uninterrupted_Baseline,23
1790267338.865304686,Uninterrupted_Baseline,1
1790267338.865304686,Uninterrupted_Baseline,42
1790267338.946433116,Uninterrupted_Baseline,1
1790267338.946433116,Uninterrupted_Baseline,90
1790267339.019290133,Uninterrupted_Baseline,1
1790267339.019290133,Uninterrupted_Baseline,155
1790267339.097382350,Uninterrupted_Baseline,1
1790267339.097382350,Uninterrupted_Baseline,200
1790267339.161493659,Uninterrupted_Baseline,1
1790267339.161493659,Uninterrupted_Baseline,200
1790267339.225846879,Uninterrupted_Baseline,1
1790267339.225846879,Uninterrupted_Baseline,200
1790267339.298821036,Uninterrupted_Baseline,1
1790267339.298821036,Uninterrupted_Baseline,201
1790267339.379753674,Uninterrupted_Baseline,1
1790267339.379753674,Uninterrupted_Baseline,202
1790267339.470177020,Uninterrupted_Baseline,1
1790267339.470177020,Uninterrupted_Baseline,202
1790267339.554266082,Uninterrupted_Baseline,1
1790267339.554266082,Uninterrupted_Baseline,203
1790267339.638855711,Uninterrupted_Baseline,1
1790267339.638855711,Uninterrupted_Baseline,203
1790267339.703822170,Uninterrupted_Baseline,1
1790267339.703822170,Uninterrupted_Baseline,204
1790267339.773767725,Uninterrupted_Baseline,1
1790267339.773767725,Uninterrupted_Baseline,204
1790267339.849829577,Uninterrupted_Baseline,1
1790267339.849829577,Uninterrupted_Baseline,205
1790267339.934027891,Uninterrupted_Baseline,1
1790267339.934027891,Uninterrupted_Baseline,206
1790267340.016985042,Uninterrupted_Baseline,1
1790267340.016985042,Uninterrupted_Baseline,206
1790267340.101509772,Uninterrupted_Baseline,1
1790267340.101509772,Uninterrupted_Baseline,207
1790267340.183710152,Uninterrupted_Baseline,1
1790267340.183710152,Uninterrupted_Baseline,207
1790267340.263395676,Uninterrupted_Baseline,1
1790267340.263395676,Uninterrupted_Baseline,208
1790267340.347506420,Uninterrupted_Baseline,1
1790267340.347506420,Uninterrupted_Baseline,208
1790267340.429827572,Uninterrupted_Baseline,1
1790267340.429827572,Uninterrupted_Baseline,209
1790267340.519603411,Uninterrupted_Baseline,1
1790267340.519603411,Uninterrupted_Baseline,210
1790267340.601270926,Uninterrupted_Baseline,1
1790267340.601270926,Uninterrupted_Baseline,210
1790267340.683266289,Uninterrupted_Baseline,1
1790267340.683266289,Uninterrupted_Baseline,211
1790267340.759819289,Uninterrupted_Baseline,1
1790267340.759819289,Uninterrupted_Baseline,212
1790267340.845525378,Uninterrupted_Baseline,1
1790267340.845525378,Uninterrupted_Baseline,212
1790267340.906505818,Uninterrupted_Baseline,1
1790267340.906505818,Uninterrupted_Baseline,213
1790267340.987120162,Uninterrupted_Baseline,1
1790267340.987120162,Uninterrupted_Baseline,213
1790267341.056210096,Uninterrupted_Baseline,1
1790267341.056210096,Uninterrupted_Baseline,214
1790267341.128067924,Uninterrupted_Baseline,1
1790267341.128067924,Uninterrupted_Baseline,214
1790267341.210601582,Uninterrupted_Baseline,1
1790267341.210601582,Uninterrupted_Baseline,215
1790267341.268404612,Uninterrupted_Baseline,1
1790267341.268404612,Uninterrupted_Baseline,215
1790267341.324969530,Uninterrupted_Baseline,1
1790267341.324969530,Uninterrupted_Baseline,216
1790267341.403822174,Uninterrupted_Baseline,1
1790267341.403822174,Uninterrupted_Baseline,216
1790267341.488067324,Uninterrupted_Baseline,1
1790267341.488067324,Uninterrupted_Baseline,217
1790267341.569735708,Uninterrupted_Baseline,1
1790267341.569735708,Uninterrupted_Baseline,217
1790267341.662403500,Uninterrupted_Baseline,1
1790267341.662403500,Uninterrupted_Baseline,218
1790267341.739476557,Uninterrupted_Baseline,1
1790267341.739476557,Uninterrupted_Baseline,219
1790267341.822134600,Uninterrupted_Baseline,1
1790267341.822134600,Uninterrupted_Baseline,219
1790267341.906169410,Uninterrupted_Baseline,1
1790267341.906169410,Uninterrupted_Baseline,220
1790267341.995422409,Uninterrupted_Baseline,1
1790267341.995422409,Uninterrupted_Baseline,221
1790267342.074995294,Uninterrupted_Baseline,1
1790267342.074995294,Uninterrupted_Baseline,221
1790267342.157630047,Uninterrupted_Baseline,1
1790267342.157630047,Uninterrupted_Baseline,222
1790267342.241896903,Uninterrupted_Baseline,1
1790267342.241896903,Uninterrupted_Baseline,222
1790267342.333862964,Uninterrupted_Baseline,1
1790267342.333862964,Uninterrupted_Baseline,223
1790267342.401809315,Uninterrupted_Baseline,1
1790267342.401809315,Uninterrupted_Baseline,224
1790267342.488097235,Uninterrupted_Baseline,1
1790267342.488097235,Uninterrupted_Baseline,224
1790267342.572534592,Uninterrupted_Baseline,1
1790267342.572534592,Uninterrupted_Baseline,225
1790267342.654447434,Uninterrupted_Baseline,1
1790267342.654447434,Uninterrupted_Baseline,225
1790267342.739430562,Uninterrupted_Baseline,1
1790267342.739430562,Uninterrupted_Baseline,226
1790267342.816502962,Uninterrupted_Baseline,1
1790267342.816502962,Uninterrupted_Baseline,227
1790267342.877007025,Uninterrupted_Baseline,1
1790267342.877007025,Uninterrupted_Baseline,227
1790267342.955338718,Uninterrupted_Baseline,1
1790267342.955338718,Uninterrupted_Baseline,228
1790267343.009843636,Uninterrupted_Baseline,1
1790267343.009843636,Uninterrupted_Baseline,228
1790267343.074919542,Uninterrupted_Baseline,1
1790267343.074919542,Uninterrupted_Baseline,228
1790267343.155143369,Uninterrupted_Baseline,1
1790267343.155143369,Uninterrupted_Baseline,229
1790267343.235080861,Uninterrupted_Baseline,1
1790267343.235080861,Uninterrupted_Baseline,230
1790267343.317410598,Uninterrupted_Baseline,1
1790267343.317410598,Uninterrupted_Baseline,230
1790267343.401903537,Uninterrupted_Baseline,1
1790267343.401903537,Uninterrupted_Baseline,231
1790267343.475407116,Uninterrupted_Baseline,1
1790267343.475407116,Uninterrupted_Baseline,232
1790267343.557502534,Uninterrupted_Baseline,1
1790267343.557502534,Uninterrupted_Baseline,233
1790267343.644898346,Uninterrupted_Baseline,1
1790267343.644898346,Uninterrupted_Baseline,234
1790267343.725605976,Uninterrupted_Baseline,1
1790267343.725605976,Uninterrupted_Baseline,236
1790267343.805146559,Uninterrupted_Baseline,1
1790267343.805146559,Uninterrupted_Baseline,238
1790267343.878462365,Uninterrupted_Baseline,1
1790267343.878462365,Uninterrupted_Baseline,240
1790267343.958356592,Uninterrupted_Baseline,1
1790267343.958356592,Uninterrupted_Baseline,243
1790267344.046343654,Uninterrupted_Baseline,1
1790267344.046343654,Uninterrupted_Baseline,245
1790267344.127317308,Uninterrupted_Baseline,1
1790267344.127317308,Uninterrupted_Baseline,247
1790267344.207854061,Uninterrupted_Baseline,1
1790267344.207854061,Uninterrupted_Baseline,249
1790267344.289216043,Uninterrupted_Baseline,1
1790267344.289216043,Uninterrupted_Baseline,252
1790267344.366745184,Uninterrupted_Baseline,1
1790267344.366745184,Uninterrupted_Baseline,254
1790267344.445960610,Uninterrupted_Baseline,1
1790267344.445960610,Uninterrupted_Baseline,256
1790267344.527407013,Uninterrupted_Baseline,1
1790267344.527407013,Uninterrupted_Baseline,259
1790267344.613323783,Uninterrupted_Baseline,1
1790267344.613323783,Uninterrupted_Baseline,262
1790267344.696254156,Uninterrupted_Baseline,1
1790267344.696254156,Uninterrupted_Baseline,264
1790267344.775926301,Uninterrupted_Baseline,1
1790267344.775926301,Uninterrupted_Baseline,267
1790267344.860220937,Uninterrupted_Baseline,1
1790267344.860220937,Uninterrupted_Baseline,270
1790267344.911791181,Uninterrupted_Baseline,1
1790267344.911791181,Uninterrupted_Baseline,273
1790267344.990004011,Uninterrupted_Baseline,1
1790267344.990004011,Uninterrupted_Baseline,276
1790267345.073364113,Uninterrupted_Baseline,1
1790267345.073364113,Uninterrupted_Baseline,279
1790267345.155847880,Uninterrupted_Baseline,1
1790267345.155847880,Uninterrupted_Baseline,282
1790267345.242734295,Uninterrupted_Baseline,1
1790267345.242734295,Uninterrupted_Baseline,285
1790267345.325688734,Uninterrupted_Baseline,1
1790267345.325688734,Uninterrupted_Baseline,289
1790267345.412131845,Uninterrupted_Baseline,1
1790267345.412131845,Uninterrupted_Baseline,293
1790267345.496927761,Uninterrupted_Baseline,1
1790267345.496927761,Uninterrupted_Baseline,297
1790267345.585756381,Uninterrupted_Baseline,1
1790267345.585756381,Uninterrupted_Baseline,301
1790267345.672608516,Uninterrupted_Baseline,1
1790267345.672608516,Uninterrupted_Baseline,306
1790267345.768569385,Uninterrupted_Baseline,1
1790267345.768569385,Uninterrupted_Baseline,310
1790267345.850738735,Uninterrupted_Baseline,1
1790267345.850738735,Uninterrupted_Baseline,315
1790267345.933146942,Uninterrupted_Baseline,1
1790267345.933146942,Uninterrupted_Baseline,319
1790267346.014857020,Uninterrupted_Baseline,1
1790267346.014857020,Uninterrupted_Baseline,322
1790267346.088543779,Uninterrupted_Baseline,1
1790267346.088543779,Uninterrupted_Baseline,327
1790267346.171340589,Uninterrupted_Baseline,1
1790267346.171340589,Uninterrupted_Baseline,331
1790267346.235117821,Uninterrupted_Baseline,1
1790267346.235117821,Uninterrupted_Baseline,335
1790267346.312735263,Uninterrupted_Baseline,1
1790267346.312735263,Uninterrupted_Baseline,340
1790267346.394983793,Uninterrupted_Baseline,1
1790267346.394983793,Uninterrupted_Baseline,238
1790267346.482461610,Uninterrupted_Baseline,1
1790267346.482461610,Uninterrupted_Baseline,238
1790267346.563515749,Uninterrupted_Baseline,1
1790267346.563515749,Uninterrupted_Baseline,203
1790267346.647064671,Uninterrupted_Baseline,1
1790267346.647064671,Uninterrupted_Baseline,167
1790267346.728114877,Uninterrupted_Baseline,1
1790267346.728114877,Uninterrupted_Baseline,167
1790267346.794487598,Uninterrupted_Baseline,1
1790267346.794487598,Uninterrupted_Baseline,116
1790267346.890509403,Uninterrupted_Baseline,1
1790267346.890509403,Uninterrupted_Baseline,116
1790267346.973063590,Uninterrupted_Baseline,1
1790267346.973063590,Uninterrupted_Baseline,116
1790267347.056709361,Uninterrupted_Baseline,81
1790267347.141321452,Uninterrupted_Baseline,81
1790267347.221364282,Uninterrupted_Baseline,57
1790267347.307164223,Uninterrupted_Baseline,57
1790267347.391013280,Uninterrupted_Baseline,57
1790267347.474116578,Uninterrupted_Baseline,46
1790267347.561202956,Uninterrupted_Baseline,39
1790267347.635563440,Uninterrupted_Baseline,40
1790267347.718898648,Uninterrupted_Baseline,41
1790267347.801148014,Uninterrupted_Baseline,42
1790267347.881093941,Uninterrupted_Baseline,42
1790267347.946368285,Uninterrupted_Baseline,43
1790267348.013132631,Uninterrupted_Baseline,43
1790267348.077590749,Uninterrupted_Baseline,44
1790267348.156626608,Uninterrupted_Baseline,44
1790267348.227258579,Uninterrupted_Baseline,45
1790267348.291338675,Uninterrupted_Baseline,45
1790267348.356260422,Uninterrupted_Baseline,45
1790267348.438365269,Uninterrupted_Baseline,46
1790267348.487964473,Uninterrupted_Baseline,46
1790267348.541932674,Uninterrupted_Baseline,46
1790267348.591669664,Uninterrupted_Baseline,46
1790267348.665571293,Uninterrupted_Baseline,47
1790267348.747722106,Uninterrupted_Baseline,47
1790267348.809783051,Uninterrupted_Baseline,48
1790267348.886792231,Uninterrupted_Baseline,48
1790267348.965696944,Uninterrupted_Baseline,49
1790267349.048472155,Uninterrupted_Baseline,50
1790267349.109872911,Uninterrupted_Baseline,50
1790267349.160433111,Uninterrupted_Baseline,51
1790267349.219760266,Uninterrupted_Baseline,51
1790267349.301309135,Uninterrupted_Baseline,51
1790267349.384630896,Uninterrupted_Baseline,52
1790267349.460908435,Uninterrupted_Baseline,53
1790267349.542056729,Uninterrupted_Baseline,54
1790267349.623556092,Uninterrupted_Baseline,54
1790267349.708051520,Uninterrupted_Baseline,55
1790267349.785463813,Uninterrupted_Baseline,55
1790267349.861355257,Uninterrupted_Baseline,56
1790267349.936314799,Uninterrupted_Baseline,56
1790267349.998313046,Uninterrupted_Baseline,57
1790267350.072265780,Uninterrupted_Baseline,57
1790267350.152427780,Uninterrupted_Baseline,58
1790267350.231954546,Uninterrupted_Baseline,59
1790267350.312558565,Uninterrupted_Baseline,59
1790267350.390359751,Uninterrupted_Baseline,59
1790267350.468941782,Uninterrupted_Baseline,60
1790267350.537578676,Uninterrupted_Baseline,61
1790267350.619449118,Uninterrupted_Baseline,61
1790267350.703736058,Uninterrupted_Baseline,62
1790267350.783497205,Uninterrupted_Baseline,63
1790267350.861417682,Uninterrupted_Baseline,63
1790267350.944053617,Uninterrupted_Baseline,64
1790267351.028464708,Uninterrupted_Baseline,65
1790267351.115261249,Uninterrupted_Baseline,65
1790267351.197679857,Uninterrupted_Baseline,66
1790267351.278302568,Uninterrupted_Baseline,66
1790267351.356509493,Uninterrupted_Baseline,67
1790267351.435556071,Uninterrupted_Baseline,68
1790267351.517931953,Uninterrupted_Baseline,68
1790267351.600071469,Uninterrupted_Baseline,69
1790267351.689916258,Uninterrupted_Baseline,69
1790267351.772621913,Uninterrupted_Baseline,70
1790267351.854006781,Uninterrupted_Baseline,71
1790267351.933987944,Uninterrupted_Baseline,71
1790267352.018106268,Uninterrupted_Baseline,72
1790267352.101457948,Uninterrupted_Baseline,72
1790267352.186772785,Uninterrupted_Baseline,73
1790267352.251220251,Uninterrupted_Baseline,74
1790267352.326732462,Uninterrupted_Baseline,74
1790267352.395592082,Uninterrupted_Baseline,75
1790267352.478378043,Uninterrupted_Baseline,75
1790267352.560051427,Uninterrupted_Baseline,76
1790267352.644384330,Uninterrupted_Baseline,77
1790267352.725793821,Uninterrupted_Baseline,77
1790267352.816493225,Uninterrupted_Baseline,78
1790267352.899922847,Uninterrupted_Baseline,78
1790267352.981004222,Uninterrupted_Baseline,79
1790267353.045093040,Uninterrupted_Baseline,80
1790267353.122051468,Uninterrupted_Baseline,80
1790267353.205554852,Uninterrupted_Baseline,80
1790267353.292600259,Uninterrupted_Baseline,81
1790267353.374385525,Uninterrupted_Baseline,82
1790267353.452821524,Uninterrupted_Baseline,83
1790267353.537311151,Uninterrupted_Baseline,83
1790267353.620278244,Uninterrupted_Baseline,84
1790267353.708886992,Uninterrupted_Baseline,84
1790267353.790627316,Uninterrupted_Baseline,85
1790267353.872197727,Uninterrupted_Baseline,86
1790267353.955731034,Uninterrupted_Baseline,86
1790267354.036475251,Uninterrupted_Baseline,87
1790267354.113507521,Uninterrupted_Baseline,87
1790267354.194992865,Uninterrupted_Baseline,88
1790267354.277337135,Uninterrupted_Baseline,89
1790267354.363346161,Uninterrupted_Baseline,89
1790267354.449745973,Uninterrupted_Baseline,90
1790267354.537212859,Uninterrupted_Baseline,91
1790267354.626546220,Uninterrupted_Baseline,91
1790267354.707445882,Uninterrupted_Baseline,92
1790267354.801270564,Uninterrupted_Baseline,93
1790267354.861165888,Uninterrupted_Baseline,93
1790267354.921412969,Uninterrupted_Baseline,93
1790267354.986929788,Uninterrupted_Baseline,94
1790267355.066747842,Uninterrupted_Baseline,95
1790267355.155106654,Uninterrupted_Baseline,95
1790267355.243365078,Uninterrupted_Baseline,96
1790267355.329024230,Uninterrupted_Baseline,97
1790267355.413013039,Uninterrupted_Baseline,99
1790267355.498615454,Uninterrupted_Baseline,101
1790267355.586108330,Uninterrupted_Baseline,104
1790267355.671086991,Uninterrupted_Baseline,106
1790267355.754771163,Uninterrupted_Baseline,109
1790267355.842687647,Uninterrupted_Baseline,112
1790267355.926941154,Uninterrupted_Baseline,115
1790267356.011200239,Uninterrupted_Baseline,118
1790267356.091059776,Uninterrupted_Baseline,122
1790267356.172269591,Uninterrupted_Baseline,124
1790267356.251223409,Uninterrupted_Baseline,127
1790267356.333071537,Uninterrupted_Baseline,131
1790267356.412363748,Uninterrupted_Baseline,135
1790267356.495198135,Uninterrupted_Baseline,138
1790267356.580411643,Uninterrupted_Baseline,141
1790267356.641986405,Uninterrupted_Baseline,145
1790267356.712954124,Uninterrupted_Baseline,148
1790267356.799208853,Uninterrupted_Baseline,152
1790267356.881218548,Uninterrupted_Baseline,157
1790267356.961025579,Uninterrupted_Baseline,161
1790267357.041600798,Uninterrupted_Baseline,164
1790267357.129175430,Uninterrupted_Baseline,169
1790267357.210462691,Uninterrupted_Baseline,174
1790267357.287211134,Uninterrupted_Baseline,178
1790267357.367089332,Uninterrupted_Baseline,183
1790267357.447278671,Uninterrupted_Baseline,187
1790267357.525896352,Uninterrupted_Baseline,193
1790267357.609994406,Uninterrupted_Baseline,198
1790267357.692069456,Uninterrupted_Baseline,203
1790267357.771209741,Uninterrupted_Baseline,208
1790267357.849606004,Uninterrupted_Baseline,214
1790267357.931185693,Uninterrupted_Baseline,218
1790267357.995472579,Uninterrupted_Baseline,223
1790267358.070195568,Uninterrupted_Baseline,228
1790267358.153725839,Uninterrupted_Baseline,234
1790267358.233793593,Uninterrupted_Baseline,239
1790267358.289905424,Uninterrupted_Baseline,244
1790267358.363905694,Uninterrupted_Baseline,249
1790267358.416562561,Uninterrupted_Baseline,253
1790267358.466264743,Uninterrupted_Baseline,257
1790267358.526988469,Uninterrupted_Baseline,262
1790267358.586750538,Uninterrupted_Baseline,267
1790267358.652862367,Uninterrupted_Baseline,273
1790267358.729995838,Uninterrupted_Baseline,279
1790267358.808877377,Uninterrupted_Baseline,286
1790267358.892276158,Uninterrupted_Baseline,292
1790267358.972220630,Uninterrupted_Baseline,299
1790267359.051171846,Uninterrupted_Baseline,306
1790267359.133370661,Uninterrupted_Baseline,315
1790267359.212859774,Uninterrupted_Baseline,322
1790267359.275859572,Uninterrupted_Baseline,326
1790267359.354165010,Uninterrupted_Baseline,334
1790267359.431498162,Uninterrupted_Baseline,262
1790267359.510678683,Uninterrupted_Baseline,235
1790267359.591349809,Uninterrupted_Baseline,235
1790267359.676482047,Uninterrupted_Baseline,238
1790267359.744457022,Uninterrupted_Baseline,240
1790267359.805405813,Uninterrupted_Baseline,244
1790267359.886421706,Uninterrupted_Baseline,247
1790267359.968500225,Uninterrupted_Baseline,251
1790267360.048286501,Uninterrupted_Baseline,254
1790267360.130625448,Uninterrupted_Baseline,257
1790267360.213001445,Uninterrupted_Baseline,261
1790267360.296263286,Uninterrupted_Baseline,264
1790267360.376313984,Uninterrupted_Baseline,266
1790267360.457530775,Uninterrupted_Baseline,270
1790267360.538670196,Uninterrupted_Baseline,272
1790267360.596096158,Uninterrupted_Baseline,275
1790267360.673939140,Uninterrupted_Baseline,278
1790267360.753730588,Uninterrupted_Baseline,280
1790267360.831353028,Uninterrupted_Baseline,282
1790267360.904388969,Uninterrupted_Baseline,285
1790267360.985371832,Uninterrupted_Baseline,287
1790267361.072998035,Uninterrupted_Baseline,289
1790267361.149623875,Uninterrupted_Baseline,292
1790267361.229327067,Uninterrupted_Baseline,294
1790267361.311168333,Uninterrupted_Baseline,296
1790267361.395900414,Uninterrupted_Baseline,298
1790267361.447562521,Uninterrupted_Baseline,300
1790267361.509052111,Uninterrupted_Baseline,301
1790267361.576873315,Uninterrupted_Baseline,303
1790267361.662449858,Uninterrupted_Baseline,305
1790267361.742850332,Uninterrupted_Baseline,307
1790267361.815724081,Uninterrupted_Baseline,308
1790267361.898564845,Uninterrupted_Baseline,310
1790267361.966060210,Uninterrupted_Baseline,311
1790267362.051483486,Uninterrupted_Baseline,313
1790267362.135596800,Uninterrupted_Baseline,314
1790267362.216215728,Uninterrupted_Baseline,316
1790267362.303150491,Uninterrupted_Baseline,317
1790267362.384892641,Uninterrupted_Baseline,318
1790267362.470476914,Uninterrupted_Baseline,319
1790267362.553984902,Uninterrupted_Baseline,321
1790267362.636070961,Uninterrupted_Baseline,322
1790267362.720924042,Uninterrupted_Baseline,323
1790267362.801844801,Uninterrupted_Baseline,324
1790267362.883682437,Uninterrupted_Baseline,325
1790267362.965051458,Uninterrupted_Baseline,326
1790267363.042919329,Uninterrupted_Baseline,327
1790267363.122553731,Uninterrupted_Baseline,328
1790267363.201465860,Uninterrupted_Baseline,329
1790267363.271758474,Uninterrupted_Baseline,329
1790267363.357929523,Uninterrupted_Baseline,330
1790267363.435513727,Uninterrupted_Baseline,330
1790267363.514837775,Uninterrupted_Baseline,331
1790267363.601931402,Uninterrupted_Baseline,332
1790267363.683869745,Uninterrupted_Baseline,332
1790267363.754546408,Uninterrupted_Baseline,268
1790267363.833717704,Uninterrupted_Baseline,233
1790267363.919303326,Uninterrupted_Baseline,233
1790267364.005338255,Uninterrupted_Baseline,163
1790267364.090182910,Uninterrupted_Baseline,163
1790267364.170464177,Uninterrupted_Baseline,121
1790267364.252776057,Uninterrupted_Baseline,114
1790267364.334882753,Uninterrupted_Baseline,116
1790267364.420321109,Uninterrupted_Baseline,118
1790267364.508416461,Uninterrupted_Baseline,119
1790267364.591361348,Uninterrupted_Baseline,120
1790267364.676337446,Uninterrupted_Baseline,121
1790267364.773190096,Uninterrupted_Baseline,123
1790267364.827164071,Uninterrupted_Baseline,123
1790267364.886997305,Uninterrupted_Baseline,124
1790267364.944719642,Uninterrupted_Baseline,125
1790267365.008641880,Uninterrupted_Baseline,126
1790267365.086190594,Uninterrupted_Baseline,127
1790267365.169127607,Uninterrupted_Baseline,128
1790267365.251769052,Uninterrupted_Baseline,129
1790267365.335761909,Uninterrupted_Baseline,130
1790267365.418966149,Uninterrupted_Baseline,131
1790267365.503164479,Uninterrupted_Baseline,132
1790267365.596465902,Uninterrupted_Baseline,132
1790267365.673692238,Uninterrupted_Baseline,133
1790267365.759522799,Uninterrupted_Baseline,133
1790267365.848747377,Uninterrupted_Baseline,134
1790267365.926213502,Uninterrupted_Baseline,134
1790267366.012131924,Uninterrupted_Baseline,135
1790267366.088998330,Uninterrupted_Baseline,135
1790267366.156640535,Uninterrupted_Baseline,136
1790267366.236397172,Uninterrupted_Baseline,136
1790267366.318759072,Uninterrupted_Baseline,136
1790267366.399287562,Uninterrupted_Baseline,137
1790267366.484415090,Uninterrupted_Baseline,137
1790267366.571724720,Uninterrupted_Baseline,137
1790267366.649719623,Uninterrupted_Baseline,137
1790267366.720309737,Uninterrupted_Baseline,137
1790267366.779496794,Uninterrupted_Baseline,138
1790267366.853297606,Uninterrupted_Baseline,138
1790267366.916635801,Uninterrupted_Baseline,138
1790267366.990325899,Uninterrupted_Baseline,138
1790267367.074061789,Uninterrupted_Baseline,138
1790267367.159154830,Uninterrupted_Baseline,138
1790267367.236210858,Uninterrupted_Baseline,138
1790267367.321678949,Uninterrupted_Baseline,138
1790267367.408052136,Uninterrupted_Baseline,138
1790267367.492638365,Uninterrupted_Baseline,138
1790267367.572806462,Uninterrupted_Baseline,138
1790267367.651410120,Uninterrupted_Baseline,139
1790267367.728557110,Uninterrupted_Baseline,139
1790267367.808944189,Uninterrupted_Baseline,140
1790267367.894502881,Uninterrupted_Baseline,140
1790267367.977361238,Uninterrupted_Baseline,141
1790267368.055557039,Uninterrupted_Baseline,142
1790267368.137501317,Uninterrupted_Baseline,142
1790267368.224161645,Uninterrupted_Baseline,143
1790267368.281549649,Uninterrupted_Baseline,143
1790267368.341505527,Uninterrupted_Baseline,144
1790267368.416479342,Uninterrupted_Baseline,144
1790267368.466815725,Uninterrupted_Baseline,145
1790267368.524299166,Uninterrupted_Baseline,145
1790267368.592738181,Uninterrupted_Baseline,146
1790267368.655090474,Uninterrupted_Baseline,146
1790267368.731297810,Uninterrupted_Baseline,147
1790267368.804131745,Uninterrupted_Baseline,147
1790267368.892617571,Uninterrupted_Baseline,148
1790267368.975341945,Uninterrupted_Baseline,148
1790267369.043935555,Uninterrupted_Baseline,149
1790267369.124333509,Uninterrupted_Baseline,150
1790267369.180754965,Uninterrupted_Baseline,150
1790267369.260379361,Uninterrupted_Baseline,151
1790267369.339735828,Uninterrupted_Baseline,151
1790267369.428130854,Uninterrupted_Baseline,152
1790267369.518022819,Uninterrupted_Baseline,152
1790267369.582452896,Uninterrupted_Baseline,153
1790267369.661737107,Uninterrupted_Baseline,154
1790267369.739338731,Uninterrupted_Baseline,154
1790267369.809115354,Uninterrupted_Baseline,155
1790267369.894413422,Uninterrupted_Baseline,155
1790267369.985423708,Uninterrupted_Baseline,156
1790267370.071458871,Uninterrupted_Baseline,157
1790267370.155303456,Uninterrupted_Baseline,157
1790267370.239787624,Uninterrupted_Baseline,158
1790267370.321399108,Uninterrupted_Baseline,158
1790267370.407848834,Uninterrupted_Baseline,159
1790267370.492377342,Uninterrupted_Baseline,160
1790267370.565825582,Uninterrupted_Baseline,160
1790267370.649595582,Uninterrupted_Baseline,161
1790267370.729596051,Uninterrupted_Baseline,161
1790267370.810756480,Uninterrupted_Baseline,162
1790267370.891582093,Uninterrupted_Baseline,162
1790267370.954073272,Uninterrupted_Baseline,163
1790267371.036716110,Uninterrupted_Baseline,164
1790267371.117730409,Uninterrupted_Baseline,164
1790267371.200136237,Uninterrupted_Baseline,165
1790267371.277338719,Uninterrupted_Baseline,165
1790267371.342100403,Uninterrupted_Baseline,166
1790267371.424805583,Uninterrupted_Baseline,166
1790267371.519533491,Uninterrupted_Baseline,167
1790267371.604204435,Uninterrupted_Baseline,168
1790267371.695530896,Uninterrupted_Baseline,168
1790267371.755687365,Uninterrupted_Baseline,169
1790267371.831742865,Uninterrupted_Baseline,169
1790267371.909001040,Uninterrupted_Baseline,170
1790267371.991011985,Uninterrupted_Baseline,171
1790267372.072161114,Uninterrupted_Baseline,171
1790267372.149835420,Uninterrupted_Baseline,172
1790267372.232493569,Uninterrupted_Baseline,172
1790267372.307805632,Uninterrupted_Baseline,173
1790267372.372935272,Uninterrupted_Baseline,173
1790267372.461870441,Uninterrupted_Baseline,174
1790267372.543026422,Uninterrupted_Baseline,174
1790267372.629294312,Uninterrupted_Baseline,175
1790267372.712698218,Uninterrupted_Baseline,176
1790267372.802826136,Uninterrupted_Baseline,178
1790267372.889491428,Uninterrupted_Baseline,180
1790267372.968941983,Uninterrupted_Baseline,182
1790267373.039117722,Uninterrupted_Baseline,184
1790267373.122154628,Uninterrupted_Baseline,187
1790267373.203390910,Uninterrupted_Baseline,189
1790267373.284433750,Uninterrupted_Baseline,191
1790267373.364813877,Uninterrupted_Baseline,194
1790267373.446425055,Uninterrupted_Baseline,196
1790267373.525515280,Uninterrupted_Baseline,199
1790267373.615029877,Uninterrupted_Baseline,202
1790267373.703194799,Uninterrupted_Baseline,206
1790267373.794376697,Uninterrupted_Baseline,209
1790267373.878209050,Uninterrupted_Baseline,212
1790267373.968680373,Uninterrupted_Baseline,216
1790267374.055095644,Uninterrupted_Baseline,219
1790267374.102961590,Uninterrupted_Baseline,221
1790267374.160341019,Uninterrupted_Baseline,224
1790267374.240460094,Uninterrupted_Baseline,227
1790267374.321297020,Uninterrupted_Baseline,231
1790267374.403868470,Uninterrupted_Baseline,235
1790267374.492638023,Uninterrupted_Baseline,239
1790267374.574461534,Uninterrupted_Baseline,243
1790267374.656973677,Uninterrupted_Baseline,247
1790267374.743509935,Uninterrupted_Baseline,252
1790267374.827791601,Uninterrupted_Baseline,257
1790267374.907982917,Uninterrupted_Baseline,261
1790267374.991014879,Uninterrupted_Baseline,265
1790267375.075565311,Uninterrupted_Baseline,270
1790267375.159780761,Uninterrupted_Baseline,274
1790267375.229957443,Uninterrupted_Baseline,278
1790267375.295581332,Uninterrupted_Baseline,282
1790267375.370772665,Uninterrupted_Baseline,287
1790267375.443763745,Uninterrupted_Baseline,292
1790267375.521378855,Uninterrupted_Baseline,297
1790267375.591810685,Uninterrupted_Baseline,301
1790267375.642371036,Uninterrupted_Baseline,305
1790267375.707511019,Uninterrupted_Baseline,309
1790267375.780332816,Uninterrupted_Baseline,314
1790267375.859636659,Uninterrupted_Baseline,320
1790267375.941730869,Uninterrupted_Baseline,325
1790267376.009641806,Uninterrupted_Baseline,331
1790267376.094615310,Uninterrupted_Baseline,336
1790267376.166947884,Uninterrupted_Baseline,342
1790267376.240792044,Uninterrupted_Baseline,347
1790267376.298616311,Uninterrupted_Baseline,353
1790267376.374282448,Uninterrupted_Baseline,358
1790267376.453472957,Uninterrupted_Baseline,279
1790267376.525942399,Uninterrupted_Baseline,252
1790267376.609629069,Uninterrupted_Baseline,252
1790267376.687773050,Uninterrupted_Baseline,254
1790267376.771993648,Uninterrupted_Baseline,257
1790267376.851610511,Uninterrupted_Baseline,261
1790267376.935584661,Uninterrupted_Baseline,264
1790267377.013368182,Uninterrupted_Baseline,268
1790267377.083705348,Uninterrupted_Baseline,271
1790267377.145920944,Uninterrupted_Baseline,274
1790267377.220558634,Uninterrupted_Baseline,277
1790267377.300314840,Uninterrupted_Baseline,280
1790267377.380832009,Uninterrupted_Baseline,283
1790267377.461640792,Uninterrupted_Baseline,287
1790267377.542619665,Uninterrupted_Baseline,290
1790267377.616950112,Uninterrupted_Baseline,293
1790267377.691317396,Uninterrupted_Baseline,295
1790267377.773923031,Uninterrupted_Baseline,299
1790267377.852436935,Uninterrupted_Baseline,301
1790267377.926168338,Uninterrupted_Baseline,304
1790267377.990436023,Uninterrupted_Baseline,306
1790267378.069798863,Uninterrupted_Baseline,308
1790267378.132108976,Uninterrupted_Baseline,310
1790267378.196387783,Uninterrupted_Baseline,312
1790267378.253636057,Uninterrupted_Baseline,313
1790267378.314799140,Uninterrupted_Baseline,315
1790267378.385011380,Uninterrupted_Baseline,317
1790267378.449506531,Uninterrupted_Baseline,319
1790267378.499285133,Uninterrupted_Baseline,320
1790267378.548945362,Uninterrupted_Baseline,322
1790267378.607779429,Uninterrupted_Baseline,323
1790267378.673453953,Uninterrupted_Baseline,325
1790267378.741537564,Uninterrupted_Baseline,327
1790267378.799633245,Uninterrupted_Baseline,328
1790267378.887704655,Uninterrupted_Baseline,330
1790267378.978133261,Uninterrupted_Baseline,332
1790267379.063159003,Uninterrupted_Baseline,334
1790267379.126776444,Uninterrupted_Baseline,335
1790267379.215450652,Uninterrupted_Baseline,336
1790267379.275999502,Uninterrupted_Baseline,297
1790267379.341081063,Uninterrupted_Baseline,235
1790267379.423037972,Uninterrupted_Baseline,235
1790267379.504009120,Uninterrupted_Baseline,196
1790267379.585044003,Uninterrupted_Baseline,164
1790267379.665789877,Uninterrupted_Baseline,164
1790267379.745726923,Uninterrupted_Baseline,126
1790267379.826335118,Uninterrupted_Baseline,114
1790267379.909003835,Uninterrupted_Baseline,115
1790267379.992589289,Uninterrupted_Baseline,116
1790267380.065985960,Uninterrupted_Baseline,117
1790267380.132212628,Uninterrupted_Baseline,119
1790267380.220363616,Uninterrupted_Baseline,120
1790267380.302150043,Uninterrupted_Baseline,121
1790267380.384172612,Uninterrupted_Baseline,122
1790267380.466496373,Uninterrupted_Baseline,123
1790267380.547723184,Uninterrupted_Baseline,125
1790267380.621225912,Uninterrupted_Baseline,126
1790267380.710730429,Uninterrupted_Baseline,127
1790267380.791430134,Uninterrupted_Baseline,128
1790267380.874928213,Uninterrupted_Baseline,129
1790267380.955702613,Uninterrupted_Baseline,130
1790267381.038304252,Uninterrupted_Baseline,131
1790267381.125113734,Uninterrupted_Baseline,132
1790267381.212269428,Uninterrupted_Baseline,132
1790267381.300589141,Uninterrupted_Baseline,133
1790267381.383942321,Uninterrupted_Baseline,134
1790267381.467023030,Uninterrupted_Baseline,134
1790267381.541335679,Uninterrupted_Baseline,135
1790267381.621054240,Uninterrupted_Baseline,135
1790267381.701880611,Uninterrupted_Baseline,136
1790267381.793795996,Uninterrupted_Baseline,136
1790267381.874749534,Uninterrupted_Baseline,136
1790267381.944711005,Uninterrupted_Baseline,137
1790267382.026257828,Uninterrupted_Baseline,137
1790267382.108390093,Uninterrupted_Baseline,137
1790267382.190470092,Uninterrupted_Baseline,138
1790267382.278523419,Uninterrupted_Baseline,138
1790267382.358867241,Uninterrupted_Baseline,138
1790267382.440536301,Uninterrupted_Baseline,138
1790267382.521997828,Uninterrupted_Baseline,139
1790267382.606159703,Uninterrupted_Baseline,139
1790267382.689399834,Uninterrupted_Baseline,139
1790267382.777330998,Uninterrupted_Baseline,139
1790267382.861042623,Uninterrupted_Baseline,139
1790267382.942184159,Uninterrupted_Baseline,139
1790267383.023808863,Uninterrupted_Baseline,139
1790267383.095268703,Uninterrupted_Baseline,139
1790267383.174507411,Uninterrupted_Baseline,139
1790267383.248615210,Uninterrupted_Baseline,139
1790267383.332903765,Uninterrupted_Baseline,139
1790267383.415365348,Uninterrupted_Baseline,140
1790267383.493167326,Uninterrupted_Baseline,140
1790267383.575820985,Uninterrupted_Baseline,141
1790267383.659191822,Uninterrupted_Baseline,141
1790267383.739742915,Uninterrupted_Baseline,142
1790267383.823354738,Uninterrupted_Baseline,143
1790267383.901946229,Uninterrupted_Baseline,143
1790267383.983066284,Uninterrupted_Baseline,144
1790267384.068600726,Uninterrupted_Baseline,144
1790267384.147264641,Uninterrupted_Baseline,145
1790267384.230997107,Uninterrupted_Baseline,146
1790267384.310549392,Uninterrupted_Baseline,146
1790267384.401159967,Uninterrupted_Baseline,147
1790267384.471365350,Uninterrupted_Baseline,147
1790267384.547143979,Uninterrupted_Baseline,148
1790267384.630184482,Uninterrupted_Baseline,149
1790267384.715920220,Uninterrupted_Baseline,149
1790267384.798744493,Uninterrupted_Baseline,150
1790267384.877635290,Uninterrupted_Baseline,151
1790267384.958686514,Uninterrupted_Baseline,151
1790267385.034501756,Uninterrupted_Baseline,152
1790267385.108976977,Uninterrupted_Baseline,152
1790267385.203620025,Uninterrupted_Baseline,153
1790267385.262840391,Uninterrupted_Baseline,153
1790267385.317033506,Uninterrupted_Baseline,154
1790267385.377148393,Uninterrupted_Baseline,154
1790267385.453218337,Uninterrupted_Baseline,155
1790267385.538803074,Uninterrupted_Baseline,155
1790267385.623325984,Uninterrupted_Baseline,156
1790267385.703619472,Uninterrupted_Baseline,156
1790267385.773219461,Uninterrupted_Baseline,157
1790267385.854724510,Uninterrupted_Baseline,158
1790267385.937826249,Uninterrupted_Baseline,158
1790267386.012617393,Uninterrupted_Baseline,159
1790267386.079887832,Uninterrupted_Baseline,159
1790267386.166514660,Uninterrupted_Baseline,160
1790267386.248813106,Uninterrupted_Baseline,161
1790267386.332147867,Uninterrupted_Baseline,161
1790267386.418617414,Uninterrupted_Baseline,162
1790267386.491987809,Uninterrupted_Baseline,162
1790267386.566520643,Uninterrupted_Baseline,163
1790267386.648102866,Uninterrupted_Baseline,164
1790267386.727891323,Uninterrupted_Baseline,164
1790267386.799165432,Uninterrupted_Baseline,165
1790267386.885113198,Uninterrupted_Baseline,165
1790267386.955577588,Uninterrupted_Baseline,166
1790267387.035919425,Uninterrupted_Baseline,166
1790267387.106807416,Uninterrupted_Baseline,167
1790267387.188067035,Uninterrupted_Baseline,167
1790267387.247146196,Uninterrupted_Baseline,168
1790267387.318777693,Uninterrupted_Baseline,168
1790267387.407425917,Uninterrupted_Baseline,169
1790267387.497355747,Uninterrupted_Baseline,170
1790267387.589059431,Uninterrupted_Baseline,170
1790267387.666000533,Uninterrupted_Baseline,171
1790267387.749477941,Uninterrupted_Baseline,172
1790267387.834740939,Uninterrupted_Baseline,172
1790267387.915454276,Uninterrupted_Baseline,173
1790267387.993514516,Uninterrupted_Baseline,173
1790267388.068759136,Uninterrupted_Baseline,174
1790267388.129762077,Uninterrupted_Baseline,175
1790267388.212989532,Uninterrupted_Baseline,175
1790267388.284963596,Uninterrupted_Baseline,176
1790267388.358205331,Uninterrupted_Baseline,176
1790267388.428547316,Uninterrupted_Baseline,177
1790267388.483454293,Uninterrupted_Baseline,178
1790267388.547030665,Uninterrupted_Baseline,180
1790267388.611398700,Uninterrupted_Baseline,181
1790267388.685735218,Uninterrupted_Baseline,183
1790267388.759981465,Uninterrupted_Baseline,185
1790267388.849446286,Uninterrupted_Baseline,188
1790267388.931513895,Uninterrupted_Baseline,191
1790267389.012499231,Uninterrupted_Baseline,193
1790267389.077898157,Uninterrupted_Baseline,195
1790267389.154807143,Uninterrupted_Baseline,197
1790267389.236124119,Uninterrupted_Baseline,200
1790267389.302200998,Uninterrupted_Baseline,203
1790267389.385146054,Uninterrupted_Baseline,205
1790267389.469730323,Uninterrupted_Baseline,209
1790267389.555281141,Uninterrupted_Baseline,212
1790267389.637910129,Uninterrupted_Baseline,215
1790267389.722450373,Uninterrupted_Baseline,219
1790267389.802493742,Uninterrupted_Baseline,222
1790267389.882126896,Uninterrupted_Baseline,226
1790267389.962513374,Uninterrupted_Baseline,229
1790267390.043696870,Uninterrupted_Baseline,232
1790267390.106612782,Uninterrupted_Baseline,235
1790267390.189125509,Uninterrupted_Baseline,239
1790267390.272497856,Uninterrupted_Baseline,243
1790267390.355299346,Uninterrupted_Baseline,247
1790267390.438481681,Uninterrupted_Baseline,252
1790267390.517868850,Uninterrupted_Baseline,255
1790267390.578692731,Uninterrupted_Baseline,259
1790267390.660137439,Uninterrupted_Baseline,264
1790267390.742978140,Uninterrupted_Baseline,268
1790267390.833392615,Uninterrupted_Baseline,273
1790267390.915285341,Uninterrupted_Baseline,278
1790267391.004438778,Uninterrupted_Baseline,283
1790267391.088972347,Uninterrupted_Baseline,289
1790267391.166454111,Uninterrupted_Baseline,294
1790267391.250120941,Uninterrupted_Baseline,300
1790267391.326384453,Uninterrupted_Baseline,304
1790267391.403269050,Uninterrupted_Baseline,309
1790267391.489626562,Uninterrupted_Baseline,315
1790267391.571050179,Uninterrupted_Baseline,321
1790267391.643822068,Uninterrupted_Baseline,326
1790267391.720387008,Uninterrupted_Baseline,331
1790267391.793960678,Uninterrupted_Baseline,338
1790267391.873329111,Uninterrupted_Baseline,343
1790267391.951578151,Uninterrupted_Baseline,349
1790267392.032904274,Uninterrupted_Baseline,354
1790267392.113134905,Uninterrupted_Baseline,247
1790267392.190846320,Uninterrupted_Baseline,247
1790267392.266755680,Uninterrupted_Baseline,248
1790267392.346810643,Uninterrupted_Baseline,251
1790267392.428159261,Uninterrupted_Baseline,255
1790267392.511895804,Uninterrupted_Baseline,259
1790267392.594555735,Uninterrupted_Baseline,263
1790267392.680188087,Uninterrupted_Baseline,266
1790267392.762099915,Uninterrupted_Baseline,270
1790267392.840831566,Uninterrupted_Baseline,273
1790267392.923079388,Uninterrupted_Baseline,277
1790267393.004634142,Uninterrupted_Baseline,280
1790267393.085541009,Uninterrupted_Baseline,283
1790267393.176214429,Uninterrupted_Baseline,286
1790267393.251188890,Uninterrupted_Baseline,289
1790267393.333514767,Uninterrupted_Baseline,292
1790267393.417424168,Uninterrupted_Baseline,295
1790267393.500412926,Uninterrupted_Baseline,297
1790267393.580793303,Uninterrupted_Baseline,300
1790267393.662750835,Uninterrupted_Baseline,303
1790267393.741531737,Uninterrupted_Baseline,305
1790267393.822259152,Uninterrupted_Baseline,308
1790267393.908352441,Uninterrupted_Baseline,310
1790267393.996909130,Uninterrupted_Baseline,313
1790267394.071581830,Uninterrupted_Baseline,314
1790267394.156270718,Uninterrupted_Baseline,317
1790267394.238776686,Uninterrupted_Baseline,319
1790267394.320426005,Uninterrupted_Baseline,321
1790267394.404351713,Uninterrupted_Baseline,323
1790267394.488733544,Uninterrupted_Baseline,325
1790267394.573118419,Uninterrupted_Baseline,326
1790267394.652261126,Uninterrupted_Baseline,328
1790267394.738707896,Uninterrupted_Baseline,329
1790267394.811037027,Uninterrupted_Baseline,331
1790267394.868088611,Uninterrupted_Baseline,332
1790267394.932126339,Uninterrupted_Baseline,332
