timestamp,session_type,cwnd_segments
1790265158.431839351,Phase1_Baseline,10
1790265158.486393584,Phase1_Baseline,4
1790265158.548809064,Phase1_Baseline,14
1790265158.605970726,Phase1_Baseline,30
1790265158.664703838,Phase1_Baseline,60
1790265158.725845449,Phase1_Baseline,103
1790265158.796521889,Phase1_Baseline,208
1790265158.877267617,Phase1_Baseline,411
1790265158.962337178,Phase1_Baseline,710
1790265159.051239018,Phase1_Baseline,838
1790265159.117502373,Phase1_Baseline,794
1790265159.180371691,Phase1_Baseline,707
1790265159.254109560,Phase1_Baseline,586
1790265159.330205435,Phase1_Baseline,586
1790265159.411131053,Phase1_Baseline,586
1790265159.487809002,Phase1_Baseline,498
1790265159.562937908,Phase1_Baseline,410
1790265159.638985139,Phase1_Baseline,410
1790265159.721160603,Phase1_Baseline,320
1790265159.802771074,Phase1_Baseline,287
1790265159.886093116,Phase1_Baseline,243
1790265159.971385115,Phase1_Baseline,200
1790265160.043844804,Phase1_Baseline,200
1790265160.131612387,Phase1_Baseline,202
1790265160.212287296,Phase1_Baseline,204
1790265160.290313647,Phase1_Baseline,206
1790265160.369454964,Phase1_Baseline,209
1790265160.452414737,Phase1_Baseline,211
1790265160.533486516,Phase1_Baseline,213
1790265160.612029956,Phase1_Baseline,214
1790265160.691421015,Phase1_Baseline,216
1790265160.761601955,Phase1_Baseline,217
1790265160.843034602,Phase1_Baseline,219
1790265160.928067895,Phase1_Baseline,220
1790265160.994328183,Phase1_Baseline,221
1790265161.066594388,Phase1_Baseline,223
1790265161.146237239,Phase1_Baseline,224
1790265161.213382053,Phase1_Baseline,225
1790265161.296046784,Phase1_Baseline,226
1790265161.372283618,Phase1_Baseline,227
1790265161.445692110,Phase1_Baseline,228
1790265161.523390205,Phase1_Baseline,229
1790265161.601282834,Phase1_Baseline,230
1790265161.687744575,Phase1_Baseline,231
1790265161.769213753,Phase1_Baseline,233
1790265161.849269883,Phase1_Baseline,233
1790265161.933389502,Phase1_Baseline,235
1790265162.012914081,Phase1_Baseline,235
1790265162.095169896,Phase1_Baseline,236
1790265162.167150955,Phase1_Baseline,237
1790265162.232638190,Phase1_Baseline,237
1790265162.308492324,Phase1_Baseline,238
1790265162.388828620,Phase1_Baseline,238
1790265162.451557817,Phase1_Baseline,239
1790265162.515193918,Phase1_Baseline,239
1790265162.594068085,Phase1_Baseline,239
1790265162.676517693,Phase1_Baseline,240
1790265162.757724193,Phase1_Baseline,240
1790265162.841393307,Phase1_Baseline,241
1790265162.923387686,Phase1_Baseline,241
1790265163.008348524,Phase1_Baseline,241
1790265163.090217256,Phase1_Baseline,242
1790265163.174382170,Phase1_Baseline,242
1790265163.248366442,Phase1_Baseline,242
1790265163.326947082,Phase1_Baseline,242
1790265163.410764178,Phase1_Baseline,243
1790265163.494625860,Phase1_Baseline,243
1790265163.579538421,Phase1_Baseline,243
1790265163.660293842,Phase1_Baseline,243
1790265163.741119144,Phase1_Baseline,243
1790265163.821795540,Phase1_Baseline,243
1790265163.895846167,Phase1_Baseline,243
1790265163.973996548,Phase1_Baseline,243
1790265164.051540764,Phase1_Baseline,243
1790265164.134962061,Phase1_Baseline,243
1790265164.213622832,Phase1_Baseline,243
1790265164.286361906,Phase1_Baseline,243
1790265164.368604568,Phase1_Baseline,243
1790265164.455424290,Phase1_Baseline,243
1790265164.530072527,Phase1_Baseline,243
1790265164.609941059,Phase1_Baseline,243
1790265164.689284936,Phase1_Baseline,243
1790265164.771614003,Phase1_Baseline,243
1790265164.849641016,Phase1_Baseline,243
1790265164.918333538,Phase1_Baseline,243
1790265165.009549552,Phase1_Baseline,243
1790265165.060640876,Phase1_Baseline,243
1790265165.116202306,Phase1_Baseline,243
1790265165.181743417,Phase1_Baseline,243
1790265165.262950207,Phase1_Baseline,243
1790265165.343698026,Phase1_Baseline,243
1790265165.420915191,Phase1_Baseline,243
1790265165.501503781,Phase1_Baseline,243
1790265165.580725629,Phase1_Baseline,243
1790265165.660171627,Phase1_Baseline,243
1790265165.741921177,Phase1_Baseline,243
1790265165.822575854,Phase1_Baseline,243
1790265165.902236969,Phase1_Baseline,243
1790265165.980979257,Phase1_Baseline,243
1790265166.057746347,Phase1_Baseline,243
1790265166.120743654,Phase1_Baseline,243
1790265166.184113044,Phase1_Baseline,244
1790265166.251383512,Phase1_Baseline,244
1790265166.326588414,Phase1_Baseline,244
1790265166.401775548,Phase1_Baseline,244
1790265166.488760430,Phase1_Baseline,245
1790265166.573089610,Phase1_Baseline,245
1790265166.655697584,Phase1_Baseline,245
1790265166.727990634,Phase1_Baseline,246
1790265166.816929680,Phase1_Baseline,246
1790265166.890371004,Phase1_Baseline,247
1790265166.973855982,Phase1_Baseline,248
1790265167.057740834,Phase1_Baseline,248
1790265167.143634151,Phase1_Baseline,249
1790265167.222787166,Phase1_Baseline,249
1790265167.297021305,Phase1_Baseline,250
1790265167.374335024,Phase1_Baseline,250
1790265167.461040433,Phase1_Baseline,251
1790265167.546731892,Phase1_Baseline,251
1790265167.625856413,Phase1_Baseline,252
1790265167.712361371,Phase1_Baseline,253
1790265167.792997921,Phase1_Baseline,254
1790265167.874621680,Phase1_Baseline,255
1790265167.955040773,Phase1_Baseline,256
1790265168.035009799,Phase1_Baseline,257
1790265168.107833133,Phase1_Baseline,258
1790265168.188893262,Phase1_Baseline,259
1790265168.263770732,Phase1_Baseline,260
1790265168.337070651,Phase1_Baseline,261
1790265168.419372693,Phase1_Baseline,262
1790265168.474967603,Phase1_Baseline,262
1790265168.528990079,Phase1_Baseline,263
1790265168.587048395,Phase1_Baseline,264
1790265168.648403380,Phase1_Baseline,265
1790265168.713955676,Phase1_Baseline,266
1790265168.798933202,Phase1_Baseline,268
1790265168.860986033,Phase1_Baseline,269
1790265168.927099391,Phase1_Baseline,271
1790265169.004906322,Phase1_Baseline,272
1790265169.068203003,Phase1_Baseline,273
1790265169.151001039,Phase1_Baseline,275
1790265169.210579611,Phase1_Baseline,277
1790265169.285437305,Phase1_Baseline,279
1790265169.367783016,Phase1_Baseline,281
1790265169.452378580,Phase1_Baseline,283
1790265169.522306077,Phase1_Baseline,285
1790265169.602618486,Phase1_Baseline,287
1790265169.669492022,Phase1_Baseline,289
1790265169.755064221,Phase1_Baseline,291
1790265169.834178949,Phase1_Baseline,293
1790265169.893233504,Phase1_Baseline,295
1790265169.960360121,Phase1_Baseline,297
1790265170.027538305,Phase1_Baseline,299
1790265170.092145684,Phase1_Baseline,301
1790265170.167987956,Phase1_Baseline,304
1790265170.245547526,Phase1_Baseline,307
1790265170.320234831,Phase1_Baseline,309
1790265170.381460933,Phase1_Baseline,311
1790265170.459546954,Phase1_Baseline,314
1790265170.522005115,Phase1_Baseline,316
1790265170.574532208,Phase1_Baseline,318
1790265170.641367432,Phase1_Baseline,321
1790265170.710603574,Phase1_Baseline,324
1790265170.774889477,Phase1_Baseline,327
1790265170.842867830,Phase1_Baseline,330
1790265170.914160066,Phase1_Baseline,333
1790265170.997071023,Phase1_Baseline,337
1790265171.070977304,Phase1_Baseline,340
1790265171.139743526,Phase1_Baseline,344
1790265171.214410823,Phase1_Baseline,347
1790265171.293629436,Phase1_Baseline,297
1790265171.370728083,Phase1_Baseline,245
1790265171.438770541,Phase1_Baseline,245
1790265171.520842915,Phase1_Baseline,223
1790265171.601480824,Phase1_Baseline,172
1790265171.692317373,Phase1_Baseline,172
1790265171.776937562,Phase1_Baseline,173
1790265171.861855628,Phase1_Baseline,175
1790265171.945295891,Phase1_Baseline,177
1790265172.019010337,Phase1_Baseline,179
1790265172.095416403,Phase1_Baseline,181
1790265172.173945078,Phase1_Baseline,182
1790265172.256525368,Phase1_Baseline,184
1790265172.324270234,Phase1_Baseline,185
1790265172.403485895,Phase1_Baseline,186
1790265172.487159061,Phase1_Baseline,188
1790265172.554341406,Phase1_Baseline,189
1790265172.619534093,Phase1_Baseline,190
1790265172.700980536,Phase1_Baseline,191
1790265172.784375228,Phase1_Baseline,192
1790265172.858180242,Phase1_Baseline,193
1790265172.941491870,Phase1_Baseline,194
1790265173.009376357,Phase1_Baseline,196
1790265173.091613143,Phase1_Baseline,197
1790265173.176182841,Phase1_Baseline,198
1790265173.252540473,Phase1_Baseline,199
1790265173.321354821,Phase1_Baseline,200
1790265173.394642450,Phase1_Baseline,201
1790265173.469010210,Phase1_Baseline,201
1790265173.545771160,Phase1_Baseline,202
1790265173.624290635,Phase1_Baseline,203
1790265173.687769765,Phase1_Baseline,203
1790265173.767522757,Phase1_Baseline,204
1790265173.840971653,Phase1_Baseline,204
1790265173.921922481,Phase1_Baseline,205
1790265173.994297997,Phase1_Baseline,205
1790265174.057442589,Phase1_Baseline,205
1790265174.146070457,Phase1_Baseline,206
1790265174.222178369,Phase1_Baseline,206
1790265174.302431935,Phase1_Baseline,207
1790265174.388081449,Phase1_Baseline,207
1790265174.471401029,Phase1_Baseline,207
1790265174.553851842,Phase1_Baseline,208
1790265174.634512248,Phase1_Baseline,208
1790265174.720497790,Phase1_Baseline,208
1790265174.811836957,Phase1_Baseline,208
1790265174.879115327,Phase1_Baseline,209
1790265174.959348776,Phase1_Baseline,209
1790265175.049329780,Phase1_Baseline,209
1790265175.116548069,Phase1_Baseline,209
1790265175.177962786,Phase1_Baseline,209
1790265175.236031327,Phase1_Baseline,209
1790265175.298019112,Phase1_Baseline,209
1790265175.383359763,Phase1_Baseline,209
1790265175.466381686,Phase1_Baseline,209
1790265175.550845954,Phase1_Baseline,209
1790265175.635480733,Phase1_Baseline,209
1790265175.711462113,Phase1_Baseline,209
1790265175.791991151,Phase1_Baseline,209
1790265175.872230369,Phase1_Baseline,209
1790265175.958470203,Phase1_Baseline,209
1790265176.045945220,Phase1_Baseline,209
1790265176.125370626,Phase1_Baseline,209
1790265176.207725475,Phase1_Baseline,209
1790265176.290994555,Phase1_Baseline,209
1790265176.346928562,Phase1_Baseline,209
1790265176.418291433,Phase1_Baseline,209
1790265176.495965057,Phase1_Baseline,209
1790265176.561858350,Phase1_Baseline,209
1790265176.637210664,Phase1_Baseline,209
1790265176.716873764,Phase1_Baseline,209
1790265176.807313215,Phase1_Baseline,209
1790265176.891560989,Phase1_Baseline,209
1790265176.959022949,Phase1_Baseline,209
1790265177.036962193,Phase1_Baseline,209
1790265177.113635919,Phase1_Baseline,209
1790265177.200214113,Phase1_Baseline,209
1790265177.282134800,Phase1_Baseline,210
1790265177.361556653,Phase1_Baseline,210
1790265177.438289921,Phase1_Baseline,211
1790265177.513522392,Phase1_Baseline,211
1790265177.592515534,Phase1_Baseline,212
1790265177.676115148,Phase1_Baseline,212
1790265177.764776542,Phase1_Baseline,213
1790265177.829116069,Phase1_Baseline,213
1790265177.898434513,Phase1_Baseline,214
1790265177.973783366,Phase1_Baseline,214
1790265178.052897222,Phase1_Baseline,215
1790265178.128327616,Phase1_Baseline,216
1790265178.208107193,Phase1_Baseline,216
1790265178.285789912,Phase1_Baseline,217
1790265178.353248311,Phase1_Baseline,217
1790265178.430818657,Phase1_Baseline,218
1790265178.481217506,Phase1_Baseline,218
1790265178.540255844,Phase1_Baseline,218
1790265178.593396092,Phase1_Baseline,219
1790265178.657631926,Phase1_Baseline,219
1790265178.734737707,Phase1_Baseline,220
1790265178.818542487,Phase1_Baseline,220
1790265178.896471992,Phase1_Baseline,221
1790265178.975163652,Phase1_Baseline,221
1790265179.027855136,Phase1_Baseline,222
1790265179.105524828,Phase1_Baseline,222
1790265179.174775223,Phase1_Baseline,223
1790265179.237815515,Phase1_Baseline,223
1790265179.311834502,Phase1_Baseline,224
1790265179.380989859,Phase1_Baseline,224
1790265179.462569715,Phase1_Baseline,225
1790265179.541779116,Phase1_Baseline,226
1790265179.627605392,Phase1_Baseline,226
1790265179.703048479,Phase1_Baseline,227
1790265179.777042763,Phase1_Baseline,227
1790265179.858112627,Phase1_Baseline,228
1790265179.937471112,Phase1_Baseline,229
1790265180.006057320,Phase1_Baseline,230
1790265180.086249137,Phase1_Baseline,231
1790265180.166387587,Phase1_Baseline,232
1790265180.226521885,Phase1_Baseline,233
1790265180.306110133,Phase1_Baseline,235
1790265180.386291666,Phase1_Baseline,237
1790265180.472639652,Phase1_Baseline,238
1790265180.551342883,Phase1_Baseline,240
1790265180.625553146,Phase1_Baseline,242
1790265180.688612664,Phase1_Baseline,244
1790265180.767809339,Phase1_Baseline,246
1790265180.832968112,Phase1_Baseline,247
1790265180.921427067,Phase1_Baseline,249
1790265181.001579006,Phase1_Baseline,251
1790265181.092596535,Phase1_Baseline,253
1790265181.144904572,Phase1_Baseline,255
1790265181.195083525,Phase1_Baseline,256
1790265181.252607030,Phase1_Baseline,257
1790265181.317256886,Phase1_Baseline,259
1790265181.392500890,Phase1_Baseline,262
1790265181.474016293,Phase1_Baseline,264
1790265181.554762735,Phase1_Baseline,267
1790265181.622161314,Phase1_Baseline,270
1790265181.712402920,Phase1_Baseline,272
1790265181.763294555,Phase1_Baseline,275
1790265181.835849108,Phase1_Baseline,278
1790265181.911808534,Phase1_Baseline,281
1790265182.004466484,Phase1_Baseline,284
1790265182.087628128,Phase1_Baseline,287
1790265182.171054929,Phase1_Baseline,290
1790265183.666979480,Phase2_Migrated,10
1790265183.759026005,Phase2_Migrated,14
1790265183.851284632,Phase2_Migrated,30
1790265183.940449943,Phase2_Migrated,60
1790265184.041072908,Phase2_Migrated,162
1790265184.134247267,Phase2_Migrated,369
1790265184.227420893,Phase2_Migrated,728
1790265184.319391023,Phase2_Migrated,1075
1790265184.412458477,Phase2_Migrated,1006
1790265184.504427497,Phase2_Migrated,874
1790265184.604340348,Phase2_Migrated,752
1790265184.694309987,Phase2_Migrated,752
1790265184.784732492,Phase2_Migrated,752
1790265184.867864819,Phase2_Migrated,654
1790265184.952830674,Phase2_Migrated,526
1790265185.042808629,Phase2_Migrated,526
1790265185.137785369,Phase2_Migrated,526
1790265185.198125028,Phase2_Migrated,526
1790265185.278105486,Phase2_Migrated,452
1790265185.362436242,Phase2_Migrated,368
1790265185.453376482,Phase2_Migrated,368
1790265185.549185358,Phase2_Migrated,368
1790265185.638984467,Phase2_Migrated,372
1790265185.740299701,Phase2_Migrated,375
1790265185.836408834,Phase2_Migrated,263
1790265185.928733183,Phase2_Migrated,263
1790265186.025925300,Phase2_Migrated,184
1790265186.120505786,Phase2_Migrated,186
1790265186.211215859,Phase2_Migrated,188
1790265186.283116214,Phase2_Migrated,190
1790265186.343810297,Phase2_Migrated,191
1790265186.419773268,Phase2_Migrated,193
1790265186.510283435,Phase2_Migrated,195
1790265186.573767149,Phase2_Migrated,197
1790265186.664024081,Phase2_Migrated,198
1790265186.756881955,Phase2_Migrated,200
1790265186.838569381,Phase2_Migrated,201
1790265186.927205129,Phase2_Migrated,203
1790265187.017399766,Phase2_Migrated,204
1790265187.109967539,Phase2_Migrated,205
1790265187.204204061,Phase2_Migrated,206
1790265187.277619813,Phase2_Migrated,208
1790265187.370142802,Phase2_Migrated,209
1790265187.465058935,Phase2_Migrated,210
1790265187.566570240,Phase2_Migrated,212
1790265187.664081808,Phase2_Migrated,213
1790265187.756242189,Phase2_Migrated,214
1790265187.847510624,Phase2_Migrated,215
1790265187.938464825,Phase2_Migrated,216
1790265188.026274532,Phase2_Migrated,216
1790265188.102696735,Phase2_Migrated,217
1790265188.197633319,Phase2_Migrated,218
1790265188.276602622,Phase2_Migrated,218
1790265188.366997272,Phase2_Migrated,219
1790265188.440440749,Phase2_Migrated,219
1790265188.499955497,Phase2_Migrated,220
1790265188.577711154,Phase2_Migrated,220
1790265188.660984161,Phase2_Migrated,221
1790265188.723379108,Phase2_Migrated,221
1790265188.791976568,Phase2_Migrated,221
1790265188.878968311,Phase2_Migrated,221
1790265188.967361730,Phase2_Migrated,222
1790265189.053125199,Phase2_Migrated,222
1790265189.140757611,Phase2_Migrated,222
1790265189.198249809,Phase2_Migrated,222
1790265189.277312680,Phase2_Migrated,223
1790265189.369026686,Phase2_Migrated,223
1790265189.452597543,Phase2_Migrated,223
1790265189.530308347,Phase2_Migrated,223
1790265189.622759332,Phase2_Migrated,223
1790265189.712514229,Phase2_Migrated,223
1790265189.801834843,Phase2_Migrated,223
1790265189.876266814,Phase2_Migrated,223
1790265189.963224320,Phase2_Migrated,223
1790265190.055031828,Phase2_Migrated,223
1790265190.142270456,Phase2_Migrated,223
1790265190.233427322,Phase2_Migrated,223
1790265190.326225523,Phase2_Migrated,223
1790265190.412557659,Phase2_Migrated,223
1790265190.504985173,Phase2_Migrated,223
1790265190.592713002,Phase2_Migrated,223
1790265190.687273521,Phase2_Migrated,223
1790265190.769077991,Phase2_Migrated,223
1790265190.853453798,Phase2_Migrated,223
1790265190.942899628,Phase2_Migrated,223
1790265191.036128530,Phase2_Migrated,223
1790265191.129455857,Phase2_Migrated,223
1790265191.217125035,Phase2_Migrated,223
1790265191.300521542,Phase2_Migrated,223
1790265191.389270135,Phase2_Migrated,223
1790265191.475870056,Phase2_Migrated,223
1790265191.566010925,Phase2_Migrated,223
1790265191.657885307,Phase2_Migrated,223
1790265191.748938324,Phase2_Migrated,223
1790265191.840034559,Phase2_Migrated,224
1790265191.928531736,Phase2_Migrated,224
1790265192.021023519,Phase2_Migrated,225
1790265192.099362376,Phase2_Migrated,226
1790265192.190746846,Phase2_Migrated,226
1790265192.289229672,Phase2_Migrated,227
1790265192.384118394,Phase2_Migrated,228
1790265192.465372562,Phase2_Migrated,228
1790265192.552529993,Phase2_Migrated,229
1790265192.644173521,Phase2_Migrated,229
1790265192.732783924,Phase2_Migrated,230
1790265192.816623883,Phase2_Migrated,231
1790265192.917349093,Phase2_Migrated,231
1790265193.012851951,Phase2_Migrated,232
1790265193.106314114,Phase2_Migrated,233
1790265193.200745925,Phase2_Migrated,233
1790265193.282869187,Phase2_Migrated,234
1790265193.371305028,Phase2_Migrated,234
1790265193.465519682,Phase2_Migrated,235
1790265193.556152853,Phase2_Migrated,236
1790265193.638712803,Phase2_Migrated,236
1790265193.740642680,Phase2_Migrated,237
1790265193.828767556,Phase2_Migrated,238
1790265193.927296918,Phase2_Migrated,238
1790265194.009045450,Phase2_Migrated,239
1790265194.078588797,Phase2_Migrated,240
1790265194.167116415,Phase2_Migrated,241
1790265194.254010909,Phase2_Migrated,242
1790265194.349273171,Phase2_Migrated,243
1790265194.421442613,Phase2_Migrated,244
1790265194.505873720,Phase2_Migrated,245
1790265194.575713898,Phase2_Migrated,246
1790265194.631605204,Phase2_Migrated,248
1790265194.696425100,Phase2_Migrated,249
1790265194.762760897,Phase2_Migrated,250
1790265194.844147385,Phase2_Migrated,252
1790265194.907172199,Phase2_Migrated,253
1790265194.986836068,Phase2_Migrated,255
1790265195.072803486,Phase2_Migrated,257
1790265195.161147372,Phase2_Migrated,259
1790265195.248368972,Phase2_Migrated,262
1790265195.340355018,Phase2_Migrated,264
1790265195.433029649,Phase2_Migrated,266
1790265195.528804421,Phase2_Migrated,269
1790265195.615917178,Phase2_Migrated,271
1790265195.712731909,Phase2_Migrated,274
1790265195.807729923,Phase2_Migrated,277
1790265195.899562441,Phase2_Migrated,280
1790265195.988937304,Phase2_Migrated,283
1790265196.079642312,Phase2_Migrated,286
1790265196.174288322,Phase2_Migrated,289
1790265196.253871454,Phase2_Migrated,292
1790265196.345104051,Phase2_Migrated,296
1790265196.433393918,Phase2_Migrated,299
1790265196.527515738,Phase2_Migrated,303
1790265196.625436430,Phase2_Migrated,307
1790265196.724452226,Phase2_Migrated,312
1790265196.815993182,Phase2_Migrated,316
1790265196.908212672,Phase2_Migrated,319
1790265196.993437485,Phase2_Migrated,323
1790265197.072028974,Phase2_Migrated,327
1790265197.144218748,Phase2_Migrated,331
1790265197.238718905,Phase2_Migrated,336
1790265197.323189272,Phase2_Migrated,340
1790265197.417613705,Phase2_Migrated,345
1790265197.516773696,Phase2_Migrated,350
1790265197.591160097,Phase2_Migrated,355
1790265197.686378491,Phase2_Migrated,249
1790265197.778275365,Phase2_Migrated,252
1790265197.873722672,Phase2_Migrated,257
1790265197.967002456,Phase2_Migrated,261
1790265198.050562352,Phase2_Migrated,265
1790265198.134034993,Phase2_Migrated,268
1790265198.229740721,Phase2_Migrated,272
1790265198.299113742,Phase2_Migrated,275
1790265198.381276198,Phase2_Migrated,278
1790265198.440965526,Phase2_Migrated,281
1790265198.495595243,Phase2_Migrated,283
1790265198.564036116,Phase2_Migrated,285
1790265198.642330602,Phase2_Migrated,289
1790265198.736733864,Phase2_Migrated,292
1790265198.825231405,Phase2_Migrated,295
1790265198.908125002,Phase2_Migrated,298
1790265199.001902978,Phase2_Migrated,301
1790265199.098364776,Phase2_Migrated,304
1790265199.180222249,Phase2_Migrated,306
1790265199.254036993,Phase2_Migrated,309
1790265199.338851722,Phase2_Migrated,311
1790265199.435261659,Phase2_Migrated,314
1790265199.520477635,Phase2_Migrated,316
1790265199.595808689,Phase2_Migrated,318
1790265199.680317432,Phase2_Migrated,321
1790265199.773348626,Phase2_Migrated,323
1790265199.867960730,Phase2_Migrated,325
1790265199.958323350,Phase2_Migrated,327
1790265200.052003036,Phase2_Migrated,329
1790265200.142622177,Phase2_Migrated,331
1790265200.227364919,Phase2_Migrated,332
1790265200.318818396,Phase2_Migrated,334
1790265200.404530266,Phase2_Migrated,335
1790265200.497945196,Phase2_Migrated,337
1790265200.589141479,Phase2_Migrated,338
1790265200.684890704,Phase2_Migrated,340
1790265200.779500509,Phase2_Migrated,341
1790265200.869810723,Phase2_Migrated,342
1790265200.967121693,Phase2_Migrated,343
1790265201.065765751,Phase2_Migrated,345
1790265201.161027347,Phase2_Migrated,346
1790265201.251392746,Phase2_Migrated,347
1790265201.337313583,Phase2_Migrated,348
1790265201.431737611,Phase2_Migrated,349
1790265201.535049628,Phase2_Migrated,350
1790265201.631739979,Phase2_Migrated,350
1790265201.715438151,Phase2_Migrated,333
1790265201.793745406,Phase2_Migrated,245
1790265201.888382051,Phase2_Migrated,247
1790265201.970612381,Phase2_Migrated,250
1790265202.064934906,Phase2_Migrated,253
1790265202.149258254,Phase2_Migrated,255
1790265202.228172638,Phase2_Migrated,258
1790265202.332227704,Phase2_Migrated,260
1790265202.427245947,Phase2_Migrated,263
1790265202.519471908,Phase2_Migrated,265
1790265202.617717686,Phase2_Migrated,268
1790265202.711376668,Phase2_Migrated,269
1790265202.803299662,Phase2_Migrated,271
1790265202.900466022,Phase2_Migrated,273
1790265203.002429557,Phase2_Migrated,275
1790265203.099111477,Phase2_Migrated,276
1790265203.195434642,Phase2_Migrated,278
1790265203.290331086,Phase2_Migrated,280
1790265203.372789502,Phase2_Migrated,281
1790265203.468396393,Phase2_Migrated,282
1790265203.553945375,Phase2_Migrated,283
1790265203.637252525,Phase2_Migrated,284
1790265203.723606911,Phase2_Migrated,286
1790265203.816893373,Phase2_Migrated,287
1790265203.911746169,Phase2_Migrated,288
1790265204.005948351,Phase2_Migrated,289
1790265204.103096089,Phase2_Migrated,290
1790265204.195428547,Phase2_Migrated,291
1790265204.291352999,Phase2_Migrated,292
1790265204.361554734,Phase2_Migrated,292
1790265204.440129954,Phase2_Migrated,293
1790265204.527405179,Phase2_Migrated,294
1790265204.622142834,Phase2_Migrated,294
1790265204.711463879,Phase2_Migrated,295
1790265205.905085444,Uninterrupted_Baseline,1
1790265205.970983263,Uninterrupted_Baseline,1
1790265206.044595801,Uninterrupted_Baseline,1
1790265206.124788869,Uninterrupted_Baseline,1
1790265206.196749989,Uninterrupted_Baseline,1
1790265206.275015718,Uninterrupted_Baseline,1
1790265206.341612794,Uninterrupted_Baseline,1
1790265206.401745219,Uninterrupted_Baseline,1
1790265206.464641205,Uninterrupted_Baseline,1
1790265206.539941585,Uninterrupted_Baseline,1
1790265206.603559050,Uninterrupted_Baseline,1
1790265206.669163136,Uninterrupted_Baseline,1
1790265206.747897603,Uninterrupted_Baseline,1
1790265206.816172134,Uninterrupted_Baseline,1
1790265206.882191998,Uninterrupted_Baseline,1
1790265206.967044085,Uninterrupted_Baseline,1
1790265207.033849203,Uninterrupted_Baseline,1
1790265207.113630826,Uninterrupted_Baseline,1
1790265207.194639752,Uninterrupted_Baseline,1
1790265207.272793633,Uninterrupted_Baseline,14
1790265207.272793633,Uninterrupted_Baseline,1
1790265207.354960649,Uninterrupted_Baseline,26
1790265207.354960649,Uninterrupted_Baseline,1
1790265207.430235477,Uninterrupted_Baseline,46
1790265207.430235477,Uninterrupted_Baseline,1
1790265207.513721061,Uninterrupted_Baseline,85
1790265207.513721061,Uninterrupted_Baseline,1
1790265207.592546098,Uninterrupted_Baseline,89
1790265207.592546098,Uninterrupted_Baseline,1
1790265207.679159647,Uninterrupted_Baseline,94
1790265207.679159647,Uninterrupted_Baseline,1
1790265207.759896727,Uninterrupted_Baseline,100
1790265207.759896727,Uninterrupted_Baseline,1
1790265207.843410792,Uninterrupted_Baseline,101
1790265207.843410792,Uninterrupted_Baseline,1
1790265207.929642304,Uninterrupted_Baseline,101
1790265207.929642304,Uninterrupted_Baseline,1
1790265208.013899331,Uninterrupted_Baseline,102
1790265208.013899331,Uninterrupted_Baseline,1
1790265208.104911355,Uninterrupted_Baseline,103
1790265208.104911355,Uninterrupted_Baseline,1
1790265208.192388341,Uninterrupted_Baseline,103
1790265208.192388341,Uninterrupted_Baseline,1
1790265208.277420762,Uninterrupted_Baseline,104
1790265208.277420762,Uninterrupted_Baseline,1
1790265208.362341725,Uninterrupted_Baseline,104
1790265208.362341725,Uninterrupted_Baseline,1
1790265208.431106046,Uninterrupted_Baseline,105
1790265208.431106046,Uninterrupted_Baseline,1
1790265208.487399376,Uninterrupted_Baseline,105
1790265208.487399376,Uninterrupted_Baseline,1
1790265208.554570484,Uninterrupted_Baseline,106
1790265208.554570484,Uninterrupted_Baseline,1
1790265208.620699679,Uninterrupted_Baseline,106
1790265208.620699679,Uninterrupted_Baseline,1
1790265208.680704941,Uninterrupted_Baseline,107
1790265208.680704941,Uninterrupted_Baseline,1
1790265208.756126396,Uninterrupted_Baseline,107
1790265208.756126396,Uninterrupted_Baseline,1
1790265208.842206539,Uninterrupted_Baseline,108
1790265208.842206539,Uninterrupted_Baseline,1
1790265208.927248130,Uninterrupted_Baseline,108
1790265208.927248130,Uninterrupted_Baseline,1
1790265209.019990903,Uninterrupted_Baseline,109
1790265209.019990903,Uninterrupted_Baseline,1
1790265209.089602667,Uninterrupted_Baseline,109
1790265209.089602667,Uninterrupted_Baseline,1
1790265209.172998465,Uninterrupted_Baseline,110
1790265209.172998465,Uninterrupted_Baseline,1
1790265209.236362756,Uninterrupted_Baseline,110
1790265209.236362756,Uninterrupted_Baseline,1
1790265209.302980577,Uninterrupted_Baseline,111
1790265209.302980577,Uninterrupted_Baseline,1
1790265209.377701917,Uninterrupted_Baseline,111
1790265209.377701917,Uninterrupted_Baseline,1
1790265209.457218731,Uninterrupted_Baseline,112
1790265209.457218731,Uninterrupted_Baseline,1
1790265209.540882715,Uninterrupted_Baseline,113
1790265209.540882715,Uninterrupted_Baseline,1
1790265209.627796811,Uninterrupted_Baseline,113
1790265209.627796811,Uninterrupted_Baseline,1
1790265209.714004409,Uninterrupted_Baseline,114
1790265209.714004409,Uninterrupted_Baseline,1
1790265209.797643399,Uninterrupted_Baseline,115
1790265209.797643399,Uninterrupted_Baseline,1
1790265209.883072010,Uninterrupted_Baseline,115
1790265209.883072010,Uninterrupted_Baseline,1
1790265209.968485846,Uninterrupted_Baseline,116
1790265209.968485846,Uninterrupted_Baseline,1
1790265210.058235224,Uninterrupted_Baseline,116
1790265210.058235224,Uninterrupted_Baseline,1
1790265210.152916270,Uninterrupted_Baseline,117
1790265210.152916270,Uninterrupted_Baseline,1
1790265210.229986830,Uninterrupted_Baseline,118
1790265210.229986830,Uninterrupted_Baseline,1
1790265210.313123311,Uninterrupted_Baseline,118
1790265210.313123311,Uninterrupted_Baseline,1
1790265210.401085056,Uninterrupted_Baseline,119
1790265210.401085056,Uninterrupted_Baseline,1
1790265210.484731360,Uninterrupted_Baseline,119
1790265210.484731360,Uninterrupted_Baseline,1
1790265210.564525686,Uninterrupted_Baseline,120
1790265210.564525686,Uninterrupted_Baseline,1
1790265210.647435390,Uninterrupted_Baseline,121
1790265210.647435390,Uninterrupted_Baseline,1
1790265210.733906446,Uninterrupted_Baseline,121
1790265210.733906446,Uninterrupted_Baseline,1
1790265210.817035568,Uninterrupted_Baseline,122
1790265210.817035568,Uninterrupted_Baseline,1
1790265210.891097546,Uninterrupted_Baseline,122
1790265210.891097546,Uninterrupted_Baseline,1
1790265210.972963834,Uninterrupted_Baseline,123
1790265210.972963834,Uninterrupted_Baseline,1
1790265211.055196474,Uninterrupted_Baseline,123
1790265211.055196474,Uninterrupted_Baseline,1
1790265211.136786303,Uninterrupted_Baseline,124
1790265211.136786303,Uninterrupted_Baseline,1
1790265211.216322794,Uninterrupted_Baseline,125
1790265211.216322794,Uninterrupted_Baseline,1
1790265211.296540485,Uninterrupted_Baseline,125
1790265211.296540485,Uninterrupted_Baseline,1
1790265211.380506902,Uninterrupted_Baseline,125
1790265211.380506902,Uninterrupted_Baseline,1
1790265211.462883763,Uninterrupted_Baseline,126
1790265211.462883763,Uninterrupted_Baseline,1
1790265211.549896785,Uninterrupted_Baseline,127
1790265211.549896785,Uninterrupted_Baseline,1
1790265211.639046488,Uninterrupted_Baseline,127
1790265211.639046488,Uninterrupted_Baseline,1
1790265211.720092113,Uninterrupted_Baseline,128
1790265211.720092113,Uninterrupted_Baseline,1
1790265211.803768106,Uninterrupted_Baseline,128
1790265211.803768106,Uninterrupted_Baseline,1
1790265211.888292040,Uninterrupted_Baseline,129
1790265211.888292040,Uninterrupted_Baseline,1
1790265211.973482843,Uninterrupted_Baseline,130
1790265211.973482843,Uninterrupted_Baseline,1
1790265212.052044418,Uninterrupted_Baseline,131
1790265212.052044418,Uninterrupted_Baseline,1
1790265212.139564829,Uninterrupted_Baseline,133
1790265212.139564829,Uninterrupted_Baseline,1
1790265212.226820464,Uninterrupted_Baseline,136
1790265212.226820464,Uninterrupted_Baseline,1
1790265212.315596228,Uninterrupted_Baseline,138
1790265212.315596228,Uninterrupted_Baseline,1
1790265212.398079859,Uninterrupted_Baseline,140
1790265212.398079859,Uninterrupted_Baseline,1
1790265212.482009459,Uninterrupted_Baseline,142
1790265212.482009459,Uninterrupted_Baseline,1
1790265212.566894699,Uninterrupted_Baseline,144
1790265212.566894699,Uninterrupted_Baseline,1
1790265212.647996878,Uninterrupted_Baseline,146
1790265212.647996878,Uninterrupted_Baseline,1
1790265212.725792556,Uninterrupted_Baseline,149
1790265212.725792556,Uninterrupted_Baseline,1
1790265212.808214274,Uninterrupted_Baseline,151
1790265212.808214274,Uninterrupted_Baseline,1
1790265212.893068245,Uninterrupted_Baseline,153
1790265212.893068245,Uninterrupted_Baseline,1
1790265212.977337465,Uninterrupted_Baseline,156
1790265212.977337465,Uninterrupted_Baseline,1
1790265213.058253467,Uninterrupted_Baseline,158
1790265213.058253467,Uninterrupted_Baseline,1
1790265213.133496887,Uninterrupted_Baseline,161
1790265213.133496887,Uninterrupted_Baseline,1
1790265213.217285246,Uninterrupted_Baseline,164
1790265213.217285246,Uninterrupted_Baseline,1
1790265213.300737793,Uninterrupted_Baseline,167
1790265213.300737793,Uninterrupted_Baseline,1
1790265213.383623735,Uninterrupted_Baseline,170
1790265213.383623735,Uninterrupted_Baseline,1
1790265213.466801980,Uninterrupted_Baseline,173
1790265213.466801980,Uninterrupted_Baseline,1
1790265213.545003792,Uninterrupted_Baseline,176
1790265213.545003792,Uninterrupted_Baseline,1
1790265213.631899063,Uninterrupted_Baseline,179
1790265213.631899063,Uninterrupted_Baseline,1
1790265213.716797208,Uninterrupted_Baseline,183
1790265213.716797208,Uninterrupted_Baseline,1
1790265213.801007023,Uninterrupted_Baseline,186
1790265213.801007023,Uninterrupted_Baseline,1
1790265213.875100375,Uninterrupted_Baseline,190
1790265213.875100375,Uninterrupted_Baseline,1
1790265213.961800615,Uninterrupted_Baseline,193
1790265213.961800615,Uninterrupted_Baseline,1
1790265214.043618142,Uninterrupted_Baseline,197
1790265214.043618142,Uninterrupted_Baseline,1
1790265214.126302737,Uninterrupted_Baseline,201
1790265214.126302737,Uninterrupted_Baseline,1
1790265214.211088470,Uninterrupted_Baseline,205
1790265214.211088470,Uninterrupted_Baseline,1
1790265214.294888022,Uninterrupted_Baseline,210
1790265214.294888022,Uninterrupted_Baseline,1
1790265214.375989116,Uninterrupted_Baseline,214
1790265214.375989116,Uninterrupted_Baseline,1
1790265214.466126374,Uninterrupted_Baseline,219
1790265214.466126374,Uninterrupted_Baseline,1
1790265214.550265898,Uninterrupted_Baseline,223
1790265214.550265898,Uninterrupted_Baseline,1
1790265214.633252495,Uninterrupted_Baseline,228
1790265214.633252495,Uninterrupted_Baseline,1
1790265214.719365443,Uninterrupted_Baseline,233
1790265214.719365443,Uninterrupted_Baseline,1
1790265214.804533367,Uninterrupted_Baseline,237
1790265214.804533367,Uninterrupted_Baseline,1
1790265214.888497801,Uninterrupted_Baseline,242
1790265214.888497801,Uninterrupted_Baseline,1
1790265214.965028591,Uninterrupted_Baseline,248
1790265214.965028591,Uninterrupted_Baseline,1
1790265215.041773623,Uninterrupted_Baseline,252
1790265215.041773623,Uninterrupted_Baseline,1
1790265215.115993342,Uninterrupted_Baseline,257
1790265215.115993342,Uninterrupted_Baseline,1
1790265215.181047122,Uninterrupted_Baseline,261
1790265215.181047122,Uninterrupted_Baseline,1
1790265215.263504744,Uninterrupted_Baseline,267
1790265215.263504744,Uninterrupted_Baseline,1
1790265215.344132683,Uninterrupted_Baseline,272
1790265215.344132683,Uninterrupted_Baseline,1
1790265215.424455957,Uninterrupted_Baseline,278
1790265215.424455957,Uninterrupted_Baseline,1
1790265215.505830969,Uninterrupted_Baseline,283
1790265215.505830969,Uninterrupted_Baseline,1
1790265215.584426786,Uninterrupted_Baseline,288
1790265215.584426786,Uninterrupted_Baseline,1
1790265215.650979920,Uninterrupted_Baseline,294
1790265215.650979920,Uninterrupted_Baseline,1
1790265215.731817876,Uninterrupted_Baseline,299
1790265215.731817876,Uninterrupted_Baseline,1
1790265215.792505037,Uninterrupted_Baseline,303
1790265215.792505037,Uninterrupted_Baseline,1
1790265215.851911407,Uninterrupted_Baseline,309
1790265215.851911407,Uninterrupted_Baseline,1
1790265215.912178660,Uninterrupted_Baseline,314
1790265215.912178660,Uninterrupted_Baseline,1
1790265215.991435427,Uninterrupted_Baseline,320
1790265215.991435427,Uninterrupted_Baseline,1
1790265216.075522602,Uninterrupted_Baseline,327
1790265216.075522602,Uninterrupted_Baseline,1
1790265216.159756937,Uninterrupted_Baseline,334
1790265216.159756937,Uninterrupted_Baseline,1
1790265216.242213349,Uninterrupted_Baseline,341
1790265216.242213349,Uninterrupted_Baseline,1
1790265216.308354082,Uninterrupted_Baseline,346
1790265216.308354082,Uninterrupted_Baseline,1
1790265216.385507193,Uninterrupted_Baseline,352
1790265216.385507193,Uninterrupted_Baseline,1
1790265216.459961031,Uninterrupted_Baseline,359
1790265216.459961031,Uninterrupted_Baseline,1
1790265216.535110088,Uninterrupted_Baseline,307
1790265216.535110088,Uninterrupted_Baseline,1
1790265216.620018921,Uninterrupted_Baseline,253
1790265216.620018921,Uninterrupted_Baseline,1
1790265216.705370331,Uninterrupted_Baseline,225
1790265216.705370331,Uninterrupted_Baseline,1
1790265216.789583642,Uninterrupted_Baseline,177
1790265216.789583642,Uninterrupted_Baseline,1
1790265216.874722689,Uninterrupted_Baseline,177
1790265216.874722689,Uninterrupted_Baseline,1
1790265216.952640937,Uninterrupted_Baseline,123
1790265216.952640937,Uninterrupted_Baseline,1
1790265217.014454170,Uninterrupted_Baseline,123
1790265217.014454170,Uninterrupted_Baseline,1
1790265217.077828273,Uninterrupted_Baseline,102
1790265217.077828273,Uninterrupted_Baseline,1
1790265217.168222321,Uninterrupted_Baseline,87
1790265217.168222321,Uninterrupted_Baseline,1
1790265217.249314425,Uninterrupted_Baseline,88
1790265217.249314425,Uninterrupted_Baseline,1
1790265217.337560953,Uninterrupted_Baseline,89
1790265217.337560953,Uninterrupted_Baseline,1
1790265217.425517435,Uninterrupted_Baseline,91
1790265217.425517435,Uninterrupted_Baseline,1
1790265217.505048249,Uninterrupted_Baseline,92
1790265217.505048249,Uninterrupted_Baseline,1
1790265217.580610451,Uninterrupted_Baseline,93
1790265217.580610451,Uninterrupted_Baseline,1
1790265217.662516893,Uninterrupted_Baseline,94
1790265217.662516893,Uninterrupted_Baseline,1
1790265217.746910981,Uninterrupted_Baseline,95
1790265217.746910981,Uninterrupted_Baseline,1
1790265217.830759861,Uninterrupted_Baseline,96
1790265217.830759861,Uninterrupted_Baseline,1
1790265217.896528089,Uninterrupted_Baseline,96
1790265217.896528089,Uninterrupted_Baseline,1
1790265217.978093428,Uninterrupted_Baseline,97
1790265217.978093428,Uninterrupted_Baseline,1
1790265218.058411876,Uninterrupted_Baseline,98
1790265218.058411876,Uninterrupted_Baseline,1
1790265218.149448536,Uninterrupted_Baseline,98
1790265218.149448536,Uninterrupted_Baseline,1
1790265218.228132037,Uninterrupted_Baseline,99
1790265218.228132037,Uninterrupted_Baseline,1
1790265218.295133289,Uninterrupted_Baseline,99
1790265218.295133289,Uninterrupted_Baseline,1
1790265218.376188044,Uninterrupted_Baseline,100
1790265218.376188044,Uninterrupted_Baseline,1
1790265218.425578515,Uninterrupted_Baseline,100
1790265218.425578515,Uninterrupted_Baseline,1
1790265218.475555891,Uninterrupted_Baseline,100
1790265218.475555891,Uninterrupted_Baseline,1
1790265218.536353490,Uninterrupted_Baseline,101
1790265218.536353490,Uninterrupted_Baseline,1
1790265218.591917464,Uninterrupted_Baseline,101
1790265218.591917464,Uninterrupted_Baseline,1
1790265218.651146271,Uninterrupted_Baseline,101
1790265218.651146271,Uninterrupted_Baseline,1
1790265218.720912177,Uninterrupted_Baseline,102
1790265218.720912177,Uninterrupted_Baseline,1
1790265218.781207124,Uninterrupted_Baseline,102
1790265218.781207124,Uninterrupted_Baseline,1
1790265218.844017300,Uninterrupted_Baseline,102
1790265218.844017300,Uninterrupted_Baseline,1
1790265218.910022748,Uninterrupted_Baseline,102
1790265218.910022748,Uninterrupted_Baseline,1
1790265218.996997718,Uninterrupted_Baseline,103
1790265218.996997718,Uninterrupted_Baseline,1
1790265219.074893614,Uninterrupted_Baseline,103
1790265219.074893614,Uninterrupted_Baseline,1
1790265219.143643075,Uninterrupted_Baseline,103
1790265219.209432817,Uninterrupted_Baseline,103
1790265219.291459184,Uninterrupted_Baseline,104
1790265219.376326065,Uninterrupted_Baseline,104
1790265219.456504126,Uninterrupted_Baseline,104
1790265219.538199289,Uninterrupted_Baseline,104
1790265219.616174054,Uninterrupted_Baseline,104
1790265219.675303010,Uninterrupted_Baseline,104
1790265219.740190681,Uninterrupted_Baseline,104
1790265219.822150991,Uninterrupted_Baseline,104
1790265219.892961706,Uninterrupted_Baseline,105
1790265219.946711280,Uninterrupted_Baseline,105
1790265220.013368332,Uninterrupted_Baseline,106
1790265220.098024900,Uninterrupted_Baseline,106
1790265220.174964604,Uninterrupted_Baseline,107
1790265220.255624914,Uninterrupted_Baseline,107
1790265220.347338991,Uninterrupted_Baseline,108
1790265220.433803371,Uninterrupted_Baseline,109
1790265220.522261477,Uninterrupted_Baseline,109
1790265220.596744669,Uninterrupted_Baseline,109
1790265220.684420117,Uninterrupted_Baseline,110
1790265220.763836195,Uninterrupted_Baseline,111
1790265220.849364353,Uninterrupted_Baseline,111
1790265220.908056362,Uninterrupted_Baseline,112
1790265220.998084334,Uninterrupted_Baseline,112
1790265221.084603080,Uninterrupted_Baseline,113
1790265221.170741257,Uninterrupted_Baseline,114
1790265221.256902496,Uninterrupted_Baseline,114
1790265221.338938085,Uninterrupted_Baseline,115
1790265221.416821218,Uninterrupted_Baseline,115
1790265221.500140928,Uninterrupted_Baseline,116
1790265221.587383528,Uninterrupted_Baseline,116
1790265221.671293615,Uninterrupted_Baseline,117
1790265221.753451979,Uninterrupted_Baseline,118
1790265221.834801762,Uninterrupted_Baseline,118
1790265221.919982716,Uninterrupted_Baseline,119
1790265222.005015168,Uninterrupted_Baseline,119
1790265222.090717937,Uninterrupted_Baseline,120
1790265222.173869301,Uninterrupted_Baseline,121
1790265222.260556179,Uninterrupted_Baseline,121
1790265222.345826415,Uninterrupted_Baseline,122
1790265222.426600776,Uninterrupted_Baseline,122
1790265222.505710348,Uninterrupted_Baseline,123
1790265222.596961299,Uninterrupted_Baseline,124
1790265222.680285796,Uninterrupted_Baseline,124
1790265222.764005861,Uninterrupted_Baseline,125
1790265222.847406391,Uninterrupted_Baseline,125
1790265222.937347466,Uninterrupted_Baseline,126
1790265223.017935622,Uninterrupted_Baseline,126
1790265223.094893651,Uninterrupted_Baseline,127
1790265223.180892083,Uninterrupted_Baseline,128
1790265223.261732880,Uninterrupted_Baseline,128
1790265223.343477895,Uninterrupted_Baseline,129
1790265223.426950653,Uninterrupted_Baseline,129
1790265223.509273900,Uninterrupted_Baseline,130
1790265223.586866437,Uninterrupted_Baseline,130
1790265223.664230549,Uninterrupted_Baseline,131
1790265223.755320811,Uninterrupted_Baseline,132
1790265223.824486326,Uninterrupted_Baseline,132
1790265223.903036141,Uninterrupted_Baseline,133
1790265223.978465821,Uninterrupted_Baseline,133
1790265224.064162420,Uninterrupted_Baseline,134
1790265224.130156300,Uninterrupted_Baseline,134
1790265224.215583446,Uninterrupted_Baseline,135
1790265224.301743734,Uninterrupted_Baseline,136
1790265224.386704641,Uninterrupted_Baseline,136
1790265224.466952353,Uninterrupted_Baseline,137
1790265224.548194211,Uninterrupted_Baseline,137
1790265224.627063301,Uninterrupted_Baseline,138
1790265224.708955524,Uninterrupted_Baseline,138
1790265224.796754612,Uninterrupted_Baseline,139
1790265224.875727505,Uninterrupted_Baseline,139
1790265224.951529801,Uninterrupted_Baseline,140
1790265225.035366613,Uninterrupted_Baseline,141
1790265225.117809219,Uninterrupted_Baseline,141
1790265225.185502022,Uninterrupted_Baseline,142
1790265225.253520747,Uninterrupted_Baseline,143
1790265225.327085096,Uninterrupted_Baseline,144
1790265225.405916185,Uninterrupted_Baseline,146
1790265225.490636523,Uninterrupted_Baseline,148
1790265225.575858119,Uninterrupted_Baseline,150
1790265225.659635699,Uninterrupted_Baseline,152
1790265225.736043359,Uninterrupted_Baseline,154
1790265225.817916251,Uninterrupted_Baseline,157
1790265225.891277381,Uninterrupted_Baseline,159
1790265225.954630035,Uninterrupted_Baseline,162
1790265226.036121393,Uninterrupted_Baseline,164
1790265226.120618830,Uninterrupted_Baseline,167
1790265226.183051896,Uninterrupted_Baseline,169
1790265226.268886991,Uninterrupted_Baseline,173
1790265226.343757331,Uninterrupted_Baseline,176
1790265226.426547022,Uninterrupted_Baseline,179
1790265226.508408314,Uninterrupted_Baseline,182
1790265226.588162078,Uninterrupted_Baseline,185
1790265226.679972931,Uninterrupted_Baseline,189
1790265226.733309949,Uninterrupted_Baseline,192
1790265226.800490732,Uninterrupted_Baseline,194
1790265226.881402745,Uninterrupted_Baseline,198
1790265226.965883582,Uninterrupted_Baseline,202
1790265227.048470386,Uninterrupted_Baseline,206
1790265227.130797602,Uninterrupted_Baseline,210
1790265227.213027778,Uninterrupted_Baseline,214
1790265227.297850959,Uninterrupted_Baseline,218
1790265227.380796616,Uninterrupted_Baseline,222
1790265227.461222889,Uninterrupted_Baseline,227
1790265227.528175693,Uninterrupted_Baseline,231
1790265227.608319262,Uninterrupted_Baseline,235
1790265227.694891877,Uninterrupted_Baseline,240
1790265227.766042199,Uninterrupted_Baseline,244
1790265227.848049117,Uninterrupted_Baseline,250
1790265227.939722394,Uninterrupted_Baseline,256
1790265228.017129013,Uninterrupted_Baseline,260
1790265228.099046840,Uninterrupted_Baseline,265
1790265228.169514844,Uninterrupted_Baseline,270
1790265228.246369585,Uninterrupted_Baseline,275
1790265228.323555893,Uninterrupted_Baseline,281
1790265228.395690668,Uninterrupted_Baseline,285
1790265228.448138144,Uninterrupted_Baseline,290
1790265228.496924510,Uninterrupted_Baseline,293
1790265228.553873758,Uninterrupted_Baseline,297
1790265228.617377139,Uninterrupted_Baseline,302
1790265228.699799465,Uninterrupted_Baseline,308
1790265228.779526698,Uninterrupted_Baseline,315
1790265228.866362949,Uninterrupted_Baseline,321
1790265228.943745041,Uninterrupted_Baseline,327
1790265229.021491669,Uninterrupted_Baseline,334
1790265229.106249245,Uninterrupted_Baseline,340
1790265229.165071739,Uninterrupted_Baseline,346
1790265229.232605535,Uninterrupted_Baseline,351
1790265229.310963992,Uninterrupted_Baseline,280
1790265229.383509499,Uninterrupted_Baseline,248
1790265229.465818536,Uninterrupted_Baseline,252
1790265229.548605797,Uninterrupted_Baseline,256
1790265229.631858143,Uninterrupted_Baseline,260
1790265229.710813302,Uninterrupted_Baseline,263
1790265229.768598862,Uninterrupted_Baseline,266
1790265229.846360595,Uninterrupted_Baseline,270
1790265229.931548194,Uninterrupted_Baseline,273
1790265230.017172492,Uninterrupted_Baseline,276
1790265230.100162304,Uninterrupted_Baseline,279
1790265230.169890128,Uninterrupted_Baseline,282
1790265230.256961683,Uninterrupted_Baseline,285
1790265230.333148495,Uninterrupted_Baseline,288
1790265230.415426085,Uninterrupted_Baseline,292
1790265230.501069108,Uninterrupted_Baseline,294
1790265230.579994973,Uninterrupted_Baseline,297
1790265230.661949267,Uninterrupted_Baseline,300
1790265230.738132803,Uninterrupted_Baseline,302
1790265230.819777558,Uninterrupted_Baseline,304
1790265230.903269170,Uninterrupted_Baseline,307
1790265230.991249221,Uninterrupted_Baseline,309
1790265231.076107618,Uninterrupted_Baseline,312
1790265231.160457189,Uninterrupted_Baseline,314
1790265231.243353155,Uninterrupted_Baseline,316
1790265231.319431096,Uninterrupted_Baseline,318
1790265231.388820824,Uninterrupted_Baseline,320
1790265231.470543299,Uninterrupted_Baseline,322
1790265231.552633114,Uninterrupted_Baseline,324
1790265231.634998460,Uninterrupted_Baseline,325
1790265231.714948834,Uninterrupted_Baseline,326
1790265231.798003828,Uninterrupted_Baseline,329
1790265231.873972163,Uninterrupted_Baseline,330
1790265231.958850519,Uninterrupted_Baseline,331
1790265232.044052263,Uninterrupted_Baseline,332
1790265232.129558076,Uninterrupted_Baseline,334
1790265232.214735059,Uninterrupted_Baseline,335
1790265232.293407376,Uninterrupted_Baseline,336
1790265232.371285980,Uninterrupted_Baseline,337
1790265232.443941162,Uninterrupted_Baseline,338
1790265232.513994552,Uninterrupted_Baseline,339
1790265232.584091950,Uninterrupted_Baseline,340
1790265232.670781080,Uninterrupted_Baseline,341
1790265232.754861089,Uninterrupted_Baseline,342
1790265232.825463081,Uninterrupted_Baseline,343
1790265232.915256720,Uninterrupted_Baseline,284
1790265232.989375743,Uninterrupted_Baseline,240
1790265233.072414390,Uninterrupted_Baseline,240
1790265233.152581861,Uninterrupted_Baseline,241
1790265233.236294470,Uninterrupted_Baseline,244
1790265233.321695026,Uninterrupted_Baseline,247
1790265233.403992158,Uninterrupted_Baseline,249
1790265233.487327125,Uninterrupted_Baseline,252
1790265233.567351059,Uninterrupted_Baseline,254
1790265233.649959238,Uninterrupted_Baseline,256
1790265233.734397454,Uninterrupted_Baseline,258
1790265233.811391556,Uninterrupted_Baseline,260
1790265233.894167280,Uninterrupted_Baseline,261
1790265233.975565515,Uninterrupted_Baseline,263
1790265234.034340848,Uninterrupted_Baseline,264
1790265234.115344837,Uninterrupted_Baseline,266
1790265234.203382153,Uninterrupted_Baseline,268
1790265234.284545219,Uninterrupted_Baseline,269
1790265234.366634613,Uninterrupted_Baseline,271
1790265234.448815158,Uninterrupted_Baseline,272
1790265234.528438216,Uninterrupted_Baseline,273
1790265234.608383992,Uninterrupted_Baseline,274
1790265234.682333418,Uninterrupted_Baseline,275
1790265234.766379480,Uninterrupted_Baseline,277
1790265234.845413676,Uninterrupted_Baseline,278
1790265234.927846062,Uninterrupted_Baseline,279
1790265235.005370066,Uninterrupted_Baseline,280
1790265235.054868452,Uninterrupted_Baseline,280
1790265235.113869356,Uninterrupted_Baseline,281
1790265235.174284447,Uninterrupted_Baseline,282
1790265235.261914074,Uninterrupted_Baseline,283
1790265235.343842123,Uninterrupted_Baseline,284
1790265235.406519013,Uninterrupted_Baseline,285
1790265235.468219298,Uninterrupted_Baseline,285
1790265235.530093984,Uninterrupted_Baseline,286
1790265235.596954723,Uninterrupted_Baseline,286
1790265235.652123096,Uninterrupted_Baseline,287
1790265235.730090216,Uninterrupted_Baseline,287
1790265235.805510588,Uninterrupted_Baseline,288
1790265235.885855168,Uninterrupted_Baseline,288
1790265235.959964466,Uninterrupted_Baseline,288
1790265236.034254820,Uninterrupted_Baseline,289
1790265236.120223136,Uninterrupted_Baseline,289
1790265236.199183345,Uninterrupted_Baseline,290
1790265236.275991304,Uninterrupted_Baseline,290
1790265236.346703343,Uninterrupted_Baseline,290
1790265236.411949535,Uninterrupted_Baseline,291
1790265236.500452740,Uninterrupted_Baseline,291
1790265236.576760190,Uninterrupted_Baseline,291
1790265236.661863279,Uninterrupted_Baseline,291
1790265236.746102253,Uninterrupted_Baseline,292
1790265236.829723803,Uninterrupted_Baseline,292
1790265236.908580481,Uninterrupted_Baseline,292
1790265236.995942390,Uninterrupted_Baseline,292
1790265237.076318058,Uninterrupted_Baseline,292
1790265237.151861716,Uninterrupted_Baseline,292
1790265237.216154786,Uninterrupted_Baseline,292
1790265237.295348438,Uninterrupted_Baseline,292
1790265237.376219102,Uninterrupted_Baseline,292
1790265237.458543949,Uninterrupted_Baseline,292
1790265237.535321351,Uninterrupted_Baseline,292
1790265237.616024205,Uninterrupted_Baseline,292
1790265237.703318101,Uninterrupted_Baseline,292
1790265237.786414115,Uninterrupted_Baseline,292
1790265237.868489223,Uninterrupted_Baseline,292
1790265237.943720932,Uninterrupted_Baseline,292
1790265238.010469840,Uninterrupted_Baseline,292
1790265238.070627660,Uninterrupted_Baseline,292
1790265238.135484868,Uninterrupted_Baseline,292
1790265238.218796945,Uninterrupted_Baseline,292
1790265238.285292440,Uninterrupted_Baseline,292
1790265238.361934383,Uninterrupted_Baseline,292
1790265238.429097184,Uninterrupted_Baseline,292
1790265238.482302330,Uninterrupted_Baseline,292
1790265238.548255256,Uninterrupted_Baseline,292
1790265238.599223683,Uninterrupted_Baseline,292
1790265238.655348284,Uninterrupted_Baseline,292
1790265238.730642981,Uninterrupted_Baseline,292
1790265238.814529657,Uninterrupted_Baseline,292
1790265238.896467316,Uninterrupted_Baseline,292
1790265238.981055214,Uninterrupted_Baseline,292
1790265239.058883760,Uninterrupted_Baseline,292
1790265239.130266303,Uninterrupted_Baseline,292
1790265239.190636235,Uninterrupted_Baseline,292
1790265239.253463536,Uninterrupted_Baseline,292
1790265239.328441414,Uninterrupted_Baseline,292
1790265239.413556358,Uninterrupted_Baseline,292
1790265239.496049336,Uninterrupted_Baseline,293
1790265239.579843851,Uninterrupted_Baseline,293
1790265239.663178212,Uninterrupted_Baseline,293
1790265239.740031039,Uninterrupted_Baseline,293
1790265239.819570225,Uninterrupted_Baseline,294
1790265239.905895020,Uninterrupted_Baseline,294
1790265239.988822592,Uninterrupted_Baseline,294
1790265240.080303387,Uninterrupted_Baseline,295
1790265240.157904134,Uninterrupted_Baseline,295
1790265240.236104400,Uninterrupted_Baseline,295
1790265240.301619613,Uninterrupted_Baseline,296
1790265240.365754661,Uninterrupted_Baseline,296
1790265240.435099902,Uninterrupted_Baseline,297
1790265240.526865886,Uninterrupted_Baseline,297
1790265240.605861490,Uninterrupted_Baseline,298
1790265240.689574114,Uninterrupted_Baseline,298
1790265240.767995222,Uninterrupted_Baseline,299
1790265240.843876397,Uninterrupted_Baseline,300
1790265240.922736323,Uninterrupted_Baseline,301
1790265240.994481340,Uninterrupted_Baseline,301
1790265241.063047590,Uninterrupted_Baseline,302
1790265241.152099529,Uninterrupted_Baseline,303
1790265241.220628356,Uninterrupted_Baseline,303
1790265241.288749695,Uninterrupted_Baseline,304
1790265241.357880369,Uninterrupted_Baseline,305
1790265241.432877515,Uninterrupted_Baseline,306
1790265241.507179571,Uninterrupted_Baseline,307
1790265241.576186513,Uninterrupted_Baseline,308
1790265241.653596183,Uninterrupted_Baseline,309
1790265241.736293742,Uninterrupted_Baseline,310
1790265241.815838629,Uninterrupted_Baseline,311
1790265241.885272154,Uninterrupted_Baseline,312
1790265241.952970159,Uninterrupted_Baseline,313
1790265242.045893707,Uninterrupted_Baseline,315
1790265242.113251473,Uninterrupted_Baseline,316
1790265242.176449619,Uninterrupted_Baseline,318
1790265242.254832946,Uninterrupted_Baseline,319
1790265242.336028023,Uninterrupted_Baseline,321
1790265242.413639260,Uninterrupted_Baseline,322
1790265242.490113025,Uninterrupted_Baseline,324
1790265242.573883275,Uninterrupted_Baseline,326
1790265242.653171917,Uninterrupted_Baseline,328
1790265242.735973883,Uninterrupted_Baseline,330
1790265242.820075516,Uninterrupted_Baseline,332
1790265242.899049866,Uninterrupted_Baseline,334
1790265242.983746760,Uninterrupted_Baseline,336
1790265243.065849799,Uninterrupted_Baseline,338
1790265243.150626842,Uninterrupted_Baseline,340
1790265243.219324259,Uninterrupted_Baseline,343
1790265243.301463476,Uninterrupted_Baseline,345
1790265243.370593914,Uninterrupted_Baseline,347
1790265243.440953220,Uninterrupted_Baseline,350
1790265243.519608831,Uninterrupted_Baseline,353
1790265243.602813262,Uninterrupted_Baseline,355
1790265243.682751750,Uninterrupted_Baseline,248
1790265243.770534449,Uninterrupted_Baseline,248
1790265243.850329005,Uninterrupted_Baseline,249
1790265243.934300212,Uninterrupted_Baseline,174
1790265244.016171000,Uninterrupted_Baseline,174
1790265244.098926326,Uninterrupted_Baseline,174
1790265244.180812823,Uninterrupted_Baseline,144
1790265244.263438446,Uninterrupted_Baseline,122
1790265244.344844135,Uninterrupted_Baseline,125
1790265244.422760128,Uninterrupted_Baseline,126
1790265244.499877979,Uninterrupted_Baseline,127
1790265244.581091826,Uninterrupted_Baseline,129
1790265244.661440043,Uninterrupted_Baseline,130
1790265244.757944260,Uninterrupted_Baseline,131
1790265244.840827132,Uninterrupted_Baseline,132
1790265244.938894327,Uninterrupted_Baseline,133
1790265244.994741759,Uninterrupted_Baseline,134
1790265245.062311942,Uninterrupted_Baseline,135
1790265245.134978265,Uninterrupted_Baseline,136
1790265245.212928525,Uninterrupted_Baseline,137
1790265245.296200790,Uninterrupted_Baseline,138
1790265245.379891994,Uninterrupted_Baseline,139
1790265245.462164011,Uninterrupted_Baseline,140
1790265245.545193108,Uninterrupted_Baseline,141
1790265245.629270247,Uninterrupted_Baseline,142
1790265245.713238245,Uninterrupted_Baseline,142
1790265245.796878469,Uninterrupted_Baseline,143
1790265245.880161524,Uninterrupted_Baseline,143
1790265245.962262569,Uninterrupted_Baseline,144
1790265246.043328382,Uninterrupted_Baseline,144
1790265246.126639093,Uninterrupted_Baseline,145
1790265246.214706851,Uninterrupted_Baseline,145
1790265246.289155322,Uninterrupted_Baseline,146
1790265246.360390621,Uninterrupted_Baseline,146
1790265246.446941529,Uninterrupted_Baseline,146
1790265246.533825858,Uninterrupted_Baseline,147
1790265246.614143285,Uninterrupted_Baseline,147
1790265246.700313274,Uninterrupted_Baseline,147
1790265246.784446475,Uninterrupted_Baseline,147
1790265246.865447407,Uninterrupted_Baseline,148
1790265246.944225423,Uninterrupted_Baseline,148
1790265247.027981584,Uninterrupted_Baseline,148
1790265247.111105997,Uninterrupted_Baseline,148
1790265247.193566726,Uninterrupted_Baseline,148
1790265247.264706249,Uninterrupted_Baseline,148
1790265247.343063223,Uninterrupted_Baseline,148
1790265247.426512410,Uninterrupted_Baseline,148
1790265247.509130140,Uninterrupted_Baseline,148
1790265247.594522085,Uninterrupted_Baseline,148
1790265247.684034236,Uninterrupted_Baseline,148
1790265247.765445594,Uninterrupted_Baseline,148
1790265247.848089383,Uninterrupted_Baseline,148
1790265247.933819622,Uninterrupted_Baseline,148
1790265248.013889586,Uninterrupted_Baseline,148
1790265248.082892765,Uninterrupted_Baseline,148
1790265248.162541161,Uninterrupted_Baseline,149
1790265248.234781551,Uninterrupted_Baseline,149
1790265248.286778458,Uninterrupted_Baseline,150
1790265248.347032490,Uninterrupted_Baseline,150
1790265248.415635063,Uninterrupted_Baseline,151
1790265248.469981736,Uninterrupted_Baseline,151
1790265248.525124302,Uninterrupted_Baseline,151
1790265248.588100833,Uninterrupted_Baseline,152
1790265248.649557668,Uninterrupted_Baseline,152
1790265248.730017864,Uninterrupted_Baseline,153
1790265248.795939900,Uninterrupted_Baseline,153
1790265248.881121218,Uninterrupted_Baseline,154
1790265248.968799337,Uninterrupted_Baseline,155
1790265249.054467376,Uninterrupted_Baseline,155
1790265249.133022970,Uninterrupted_Baseline,156
1790265249.190132419,Uninterrupted_Baseline,156
1790265249.261634178,Uninterrupted_Baseline,157
1790265249.329410259,Uninterrupted_Baseline,157
1790265249.411245096,Uninterrupted_Baseline,158
1790265249.497718307,Uninterrupted_Baseline,158
1790265249.577195655,Uninterrupted_Baseline,159
1790265249.659012888,Uninterrupted_Baseline,159
1790265249.739988280,Uninterrupted_Baseline,160
1790265249.819224972,Uninterrupted_Baseline,160
1790265249.902555362,Uninterrupted_Baseline,161
1790265249.980893962,Uninterrupted_Baseline,162
1790265250.059982465,Uninterrupted_Baseline,162
1790265250.121819897,Uninterrupted_Baseline,163
1790265250.191182704,Uninterrupted_Baseline,163
1790265250.276629088,Uninterrupted_Baseline,164
1790265250.358430696,Uninterrupted_Baseline,164
1790265250.430119110,Uninterrupted_Baseline,165
1790265250.509150063,Uninterrupted_Baseline,165
1790265250.590795680,Uninterrupted_Baseline,166
1790265250.664239391,Uninterrupted_Baseline,166
1790265250.744773769,Uninterrupted_Baseline,167
1790265250.827184017,Uninterrupted_Baseline,168
1790265250.910195171,Uninterrupted_Baseline,168
1790265250.991480501,Uninterrupted_Baseline,169
1790265251.075522584,Uninterrupted_Baseline,169
1790265251.156150567,Uninterrupted_Baseline,170
1790265251.229285640,Uninterrupted_Baseline,170
1790265251.296700156,Uninterrupted_Baseline,171
1790265251.379952346,Uninterrupted_Baseline,171
1790265251.451605964,Uninterrupted_Baseline,172
1790265251.527984555,Uninterrupted_Baseline,172
1790265251.612815930,Uninterrupted_Baseline,173
1790265251.696987269,Uninterrupted_Baseline,174
1790265251.781130957,Uninterrupted_Baseline,174
1790265251.865283787,Uninterrupted_Baseline,175
1790265251.948110808,Uninterrupted_Baseline,175
1790265252.030580032,Uninterrupted_Baseline,176
1790265252.112321173,Uninterrupted_Baseline,177
1790265252.198144537,Uninterrupted_Baseline,177
1790265252.282954973,Uninterrupted_Baseline,178
1790265252.365452386,Uninterrupted_Baseline,178
1790265252.452979036,Uninterrupted_Baseline,179
1790265252.533103628,Uninterrupted_Baseline,180
1790265252.614637777,Uninterrupted_Baseline,181
1790265252.697286295,Uninterrupted_Baseline,183
1790265252.782472564,Uninterrupted_Baseline,185
1790265252.863710560,Uninterrupted_Baseline,187
1790265252.942029048,Uninterrupted_Baseline,189
1790265253.028495165,Uninterrupted_Baseline,191
1790265253.113224185,Uninterrupted_Baseline,193
1790265253.190540312,Uninterrupted_Baseline,196
1790265253.271161458,Uninterrupted_Baseline,198
1790265253.344490386,Uninterrupted_Baseline,200
1790265253.428298848,Uninterrupted_Baseline,202
1790265253.508958183,Uninterrupted_Baseline,205
1790265253.587106060,Uninterrupted_Baseline,208
1790265253.662990443,Uninterrupted_Baseline,210
1790265253.726858183,Uninterrupted_Baseline,213
1790265253.809610119,Uninterrupted_Baseline,216
1790265253.893146996,Uninterrupted_Baseline,218
1790265253.979007037,Uninterrupted_Baseline,222
1790265254.065040823,Uninterrupted_Baseline,225
1790265254.129188020,Uninterrupted_Baseline,228
1790265254.208922444,Uninterrupted_Baseline,231
1790265254.292855735,Uninterrupted_Baseline,235
1790265254.379274810,Uninterrupted_Baseline,239
1790265254.448161838,Uninterrupted_Baseline,242
1790265254.528712429,Uninterrupted_Baseline,246
1790265254.609735216,Uninterrupted_Baseline,250
1790265254.696063897,Uninterrupted_Baseline,254
1790265254.775896291,Uninterrupted_Baseline,258
1790265254.857994224,Uninterrupted_Baseline,262
1790265254.910264952,Uninterrupted_Baseline,264
1790265254.984765021,Uninterrupted_Baseline,268
1790265255.043320099,Uninterrupted_Baseline,272
1790265255.101137291,Uninterrupted_Baseline,276
1790265255.170296825,Uninterrupted_Baseline,279
1790265255.249122565,Uninterrupted_Baseline,283
1790265255.321812122,Uninterrupted_Baseline,287
1790265255.387947282,Uninterrupted_Baseline,292
1790265255.470118886,Uninterrupted_Baseline,297
1790265255.554561588,Uninterrupted_Baseline,302
1790265255.637463486,Uninterrupted_Baseline,308
1790265255.720446243,Uninterrupted_Baseline,313
1790265255.802103254,Uninterrupted_Baseline,319
1790265255.884500521,Uninterrupted_Baseline,324
1790265255.965800032,Uninterrupted_Baseline,329
1790265256.035877812,Uninterrupted_Baseline,335
1790265256.119769408,Uninterrupted_Baseline,341
1790265256.202088729,Uninterrupted_Baseline,347
1790265256.282683878,Uninterrupted_Baseline,353
1790265256.364412507,Uninterrupted_Baseline,360
1790265256.449882932,Uninterrupted_Baseline,366
1790265256.533886339,Uninterrupted_Baseline,324
1790265256.613323062,Uninterrupted_Baseline,259
1790265256.695816081,Uninterrupted_Baseline,259
1790265256.781985233,Uninterrupted_Baseline,203
1790265256.858407279,Uninterrupted_Baseline,182
1790265256.940619949,Uninterrupted_Baseline,184
1790265257.024696212,Uninterrupted_Baseline,186
1790265257.108711454,Uninterrupted_Baseline,188
1790265257.187576087,Uninterrupted_Baseline,190
1790265257.250764766,Uninterrupted_Baseline,191
1790265257.316775966,Uninterrupted_Baseline,192
1790265257.375201567,Uninterrupted_Baseline,194
1790265257.457001835,Uninterrupted_Baseline,195
1790265257.525831923,Uninterrupted_Baseline,197
1790265257.589174584,Uninterrupted_Baseline,198
1790265257.674844397,Uninterrupted_Baseline,199
1790265257.741752170,Uninterrupted_Baseline,200
1790265257.821900533,Uninterrupted_Baseline,201
1790265257.899087308,Uninterrupted_Baseline,202
1790265257.963748266,Uninterrupted_Baseline,203
1790265258.041404990,Uninterrupted_Baseline,204
1790265258.100472425,Uninterrupted_Baseline,205
1790265258.163014725,Uninterrupted_Baseline,206
1790265258.238319930,Uninterrupted_Baseline,207
1790265258.288477530,Uninterrupted_Baseline,208
1790265258.368563160,Uninterrupted_Baseline,209
1790265258.437024805,Uninterrupted_Baseline,210
1790265258.487060048,Uninterrupted_Baseline,210
1790265258.539585669,Uninterrupted_Baseline,211
1790265258.602315748,Uninterrupted_Baseline,212
1790265258.678573760,Uninterrupted_Baseline,213
1790265258.760436712,Uninterrupted_Baseline,213
1790265258.845101587,Uninterrupted_Baseline,214
1790265258.933369075,Uninterrupted_Baseline,215
1790265259.017315593,Uninterrupted_Baseline,215
1790265259.102317175,Uninterrupted_Baseline,216
1790265259.159434730,Uninterrupted_Baseline,216
1790265259.235565005,Uninterrupted_Baseline,216
1790265259.297064301,Uninterrupted_Baseline,217
1790265259.379194304,Uninterrupted_Baseline,217
1790265259.462311798,Uninterrupted_Baseline,218
1790265259.545070205,Uninterrupted_Baseline,218
1790265259.612589855,Uninterrupted_Baseline,218
1790265259.697267708,Uninterrupted_Baseline,219
1790265259.773390526,Uninterrupted_Baseline,219
1790265259.847734231,Uninterrupted_Baseline,219
1790265259.923315822,Uninterrupted_Baseline,219
1790265259.997003416,Uninterrupted_Baseline,219
1790265260.081280910,Uninterrupted_Baseline,220
1790265260.163563322,Uninterrupted_Baseline,220
1790265260.241891925,Uninterrupted_Baseline,220
1790265260.309117811,Uninterrupted_Baseline,220
1790265260.373474604,Uninterrupted_Baseline,220
1790265260.434553167,Uninterrupted_Baseline,220
1790265260.495623804,Uninterrupted_Baseline,220
1790265260.563958799,Uninterrupted_Baseline,220
1790265260.640430917,Uninterrupted_Baseline,220
1790265260.709803333,Uninterrupted_Baseline,220
1790265260.789373032,Uninterrupted_Baseline,220
1790265260.876866425,Uninterrupted_Baseline,220
1790265260.960990333,Uninterrupted_Baseline,220
1790265261.046936101,Uninterrupted_Baseline,220
1790265261.110493059,Uninterrupted_Baseline,220
1790265261.188769558,Uninterrupted_Baseline,220
1790265261.264288092,Uninterrupted_Baseline,220
1790265261.341589161,Uninterrupted_Baseline,220
1790265272.177924718,Phase1_Baseline,10
1790265272.259453653,Phase1_Baseline,20
1790265272.342244569,Phase1_Baseline,40
1790265272.392886465,Phase1_Baseline,62
1790265272.457285741,Phase1_Baseline,124
1790265272.537971823,Phase1_Baseline,186
1790265272.608225566,Phase1_Baseline,364
1790265272.690395041,Phase1_Baseline,483
1790265272.767353371,Phase1_Baseline,483
1790265272.848772478,Phase1_Baseline,366
1790265272.933436063,Phase1_Baseline,338
1790265273.015590002,Phase1_Baseline,307
1790265273.100825949,Phase1_Baseline,236
1790265273.189196161,Phase1_Baseline,239
1790265273.271092059,Phase1_Baseline,241
1790265273.343541799,Phase1_Baseline,244
1790265273.420612345,Phase1_Baseline,245
1790265273.484727504,Phase1_Baseline,247
1790265273.554185210,Phase1_Baseline,249
1790265273.632371795,Phase1_Baseline,251
1790265273.707596352,Phase1_Baseline,253
1790265273.764457730,Phase1_Baseline,255
1790265273.828091583,Phase1_Baseline,256
1790265273.891018570,Phase1_Baseline,257
1790265273.971203858,Phase1_Baseline,259
1790265274.057042118,Phase1_Baseline,261
1790265274.140243874,Phase1_Baseline,262
1790265274.215849776,Phase1_Baseline,264
1790265274.301737389,Phase1_Baseline,265
1790265274.383615012,Phase1_Baseline,266
1790265274.466175973,Phase1_Baseline,268
1790265274.547640154,Phase1_Baseline,269
1790265274.622204156,Phase1_Baseline,270
1790265274.704572294,Phase1_Baseline,271
1790265274.787078876,Phase1_Baseline,273
1790265274.866454430,Phase1_Baseline,274
1790265274.946910579,Phase1_Baseline,275
1790265275.002868019,Phase1_Baseline,275
1790265275.062575302,Phase1_Baseline,276
1790265275.124348140,Phase1_Baseline,277
1790265275.204780507,Phase1_Baseline,278
1790265275.285227650,Phase1_Baseline,279
1790265275.365583515,Phase1_Baseline,280
1790265275.445306914,Phase1_Baseline,280
1790265275.521773148,Phase1_Baseline,281
1790265275.602894629,Phase1_Baseline,281
1790265275.676018196,Phase1_Baseline,282
1790265275.757234522,Phase1_Baseline,283
1790265275.838812830,Phase1_Baseline,283
1790265275.913516759,Phase1_Baseline,283
1790265275.986308480,Phase1_Baseline,284
1790265276.068226421,Phase1_Baseline,284
1790265276.145080582,Phase1_Baseline,285
1790265276.214850156,Phase1_Baseline,285
1790265276.277638146,Phase1_Baseline,285
1790265276.334185735,Phase1_Baseline,285
1790265276.394546388,Phase1_Baseline,286
1790265276.464455876,Phase1_Baseline,286
1790265276.529913761,Phase1_Baseline,286
1790265276.601197135,Phase1_Baseline,286
1790265276.681177069,Phase1_Baseline,286
1790265276.760358875,Phase1_Baseline,287
1790265276.841834339,Phase1_Baseline,287
1790265276.908370249,Phase1_Baseline,287
1790265276.970182158,Phase1_Baseline,287
1790265277.046455661,Phase1_Baseline,287
1790265277.123339588,Phase1_Baseline,287
1790265277.203756642,Phase1_Baseline,287
1790265277.275101902,Phase1_Baseline,287
1790265277.325567347,Phase1_Baseline,287
1790265277.417121274,Phase1_Baseline,287
1790265277.494002059,Phase1_Baseline,287
1790265277.568606441,Phase1_Baseline,287
1790265277.642520930,Phase1_Baseline,287
1790265277.720962049,Phase1_Baseline,287
1790265277.807387621,Phase1_Baseline,287
1790265277.884051591,Phase1_Baseline,287
1790265277.966465724,Phase1_Baseline,287
1790265278.023230484,Phase1_Baseline,287
1790265278.079446723,Phase1_Baseline,287
1790265278.147528855,Phase1_Baseline,287
1790265278.221018131,Phase1_Baseline,287
1790265278.275474806,Phase1_Baseline,287
1790265278.346324252,Phase1_Baseline,287
1790265278.417897654,Phase1_Baseline,287
1790265278.467267003,Phase1_Baseline,287
1790265278.519029633,Phase1_Baseline,287
1790265278.585064445,Phase1_Baseline,287
1790265278.648721144,Phase1_Baseline,287
1790265278.715126210,Phase1_Baseline,287
1790265278.779054967,Phase1_Baseline,287
1790265278.846067395,Phase1_Baseline,287
1790265278.926289601,Phase1_Baseline,287
1790265279.005846312,Phase1_Baseline,287
1790265279.087069103,Phase1_Baseline,287
1790265279.161094472,Phase1_Baseline,287
1790265279.237762885,Phase1_Baseline,287
1790265279.299369597,Phase1_Baseline,287
1790265279.379815841,Phase1_Baseline,287
1790265279.461818373,Phase1_Baseline,288
1790265279.543989727,Phase1_Baseline,288
1790265279.607083145,Phase1_Baseline,288
1790265279.681227963,Phase1_Baseline,288
1790265279.754937423,Phase1_Baseline,288
1790265279.821820683,Phase1_Baseline,289
1790265279.890720257,Phase1_Baseline,289
1790265279.968474294,Phase1_Baseline,289
1790265280.047781696,Phase1_Baseline,290
1790265280.124106591,Phase1_Baseline,290
1790265280.201945574,Phase1_Baseline,290
1790265280.257424227,Phase1_Baseline,291
1790265280.337230935,Phase1_Baseline,291
1790265280.405349028,Phase1_Baseline,292
1790265280.488710873,Phase1_Baseline,292
1790265280.561990935,Phase1_Baseline,293
1790265280.630576905,Phase1_Baseline,293
1790265280.703007767,Phase1_Baseline,294
1790265280.778064881,Phase1_Baseline,294
1790265280.860941866,Phase1_Baseline,295
1790265280.943063564,Phase1_Baseline,296
1790265281.022725257,Phase1_Baseline,297
1790265281.103638921,Phase1_Baseline,298
1790265281.185027844,Phase1_Baseline,299
1790265281.264195489,Phase1_Baseline,300
1790265281.324858019,Phase1_Baseline,300
1790265281.402140806,Phase1_Baseline,302
1790265281.482757905,Phase1_Baseline,303
1790265281.562611396,Phase1_Baseline,303
1790265281.632106603,Phase1_Baseline,304
1790265281.719087814,Phase1_Baseline,305
1790265281.796329011,Phase1_Baseline,307
1790265281.874545718,Phase1_Baseline,308
1790265281.960639360,Phase1_Baseline,309
1790265282.035367198,Phase1_Baseline,311
1790265282.125107241,Phase1_Baseline,312
1790265282.194616784,Phase1_Baseline,314
1790265282.277621447,Phase1_Baseline,315
1790265282.358600151,Phase1_Baseline,317
1790265282.439539559,Phase1_Baseline,319
1790265282.522763693,Phase1_Baseline,321
1790265282.595931614,Phase1_Baseline,323
1790265282.681531035,Phase1_Baseline,325
1790265282.764417912,Phase1_Baseline,327
1790265282.846478276,Phase1_Baseline,329
1790265282.924969871,Phase1_Baseline,331
1790265283.007471987,Phase1_Baseline,333
1790265283.088407918,Phase1_Baseline,335
1790265283.170811271,Phase1_Baseline,338
1790265283.246711168,Phase1_Baseline,340
1790265283.320629413,Phase1_Baseline,343
1790265283.398748839,Phase1_Baseline,345
1790265283.470963402,Phase1_Baseline,347
1790265283.542189938,Phase1_Baseline,350
1790265283.609033495,Phase1_Baseline,352
1790265283.691074055,Phase1_Baseline,355
1790265283.772948507,Phase1_Baseline,277
1790265283.832600161,Phase1_Baseline,248
1790265283.906883829,Phase1_Baseline,249
1790265283.987214387,Phase1_Baseline,253
1790265284.068231470,Phase1_Baseline,257
1790265284.162233114,Phase1_Baseline,262
1790265284.250944918,Phase1_Baseline,265
1790265284.331794474,Phase1_Baseline,268
1790265284.407023161,Phase1_Baseline,272
1790265284.483490086,Phase1_Baseline,275
1790265284.565184688,Phase1_Baseline,278
1790265284.645316537,Phase1_Baseline,281
1790265284.725707395,Phase1_Baseline,284
1790265284.799745216,Phase1_Baseline,287
1790265284.875811165,Phase1_Baseline,290
1790265284.958131551,Phase1_Baseline,293
1790265285.021888800,Phase1_Baseline,295
1790265285.074896182,Phase1_Baseline,297
1790265285.129614518,Phase1_Baseline,299
1790265285.198045821,Phase1_Baseline,301
1790265285.276395262,Phase1_Baseline,304
1790265285.357473368,Phase1_Baseline,306
1790265285.439145598,Phase1_Baseline,308
1790265285.526955946,Phase1_Baseline,311
1790265285.609840866,Phase1_Baseline,313
1790265285.670789015,Phase1_Baseline,315
1790265285.731943058,Phase1_Baseline,317
1790265285.808897298,Phase1_Baseline,319
1790265285.885487899,Phase1_Baseline,320
1790265285.965289055,Phase1_Baseline,322
1790265286.044538293,Phase1_Baseline,325
1790265286.128284963,Phase1_Baseline,326
1790265286.208956812,Phase1_Baseline,328
1790265286.288809270,Phase1_Baseline,329
1790265286.369703373,Phase1_Baseline,331
1790265286.441846931,Phase1_Baseline,332
1790265286.506939992,Phase1_Baseline,333
1790265286.589103912,Phase1_Baseline,335
1790265286.652133097,Phase1_Baseline,336
1790265286.740265154,Phase1_Baseline,337
1790265286.826016075,Phase1_Baseline,338
1790265286.908252510,Phase1_Baseline,339
1790265287.002444625,Phase1_Baseline,340
1790265287.083477600,Phase1_Baseline,342
1790265287.170081364,Phase1_Baseline,343
1790265287.244039420,Phase1_Baseline,344
1790265287.327159198,Phase1_Baseline,345
1790265287.407466379,Phase1_Baseline,346
1790265287.494927774,Phase1_Baseline,347
1790265287.571963705,Phase1_Baseline,322
1790265287.636764921,Phase1_Baseline,242
1790265287.711358271,Phase1_Baseline,242
1790265287.786497368,Phase1_Baseline,169
1790265287.860963118,Phase1_Baseline,169
1790265287.938164571,Phase1_Baseline,169
1790265288.017190444,Phase1_Baseline,171
1790265288.094703990,Phase1_Baseline,172
1790265288.163141903,Phase1_Baseline,174
1790265288.238298852,Phase1_Baseline,176
1790265288.305791118,Phase1_Baseline,177
1790265288.376872505,Phase1_Baseline,179
1790265288.441258772,Phase1_Baseline,180
1790265288.493069931,Phase1_Baseline,181
1790265288.550380116,Phase1_Baseline,182
1790265288.608551497,Phase1_Baseline,183
1790265288.667173564,Phase1_Baseline,184
1790265288.737335093,Phase1_Baseline,185
1790265288.808111442,Phase1_Baseline,186
1790265288.891905494,Phase1_Baseline,188
1790265288.981885463,Phase1_Baseline,189
1790265289.061842137,Phase1_Baseline,190
1790265289.142081664,Phase1_Baseline,191
1790265289.202704565,Phase1_Baseline,192
1790265289.268594827,Phase1_Baseline,193
1790265289.339733410,Phase1_Baseline,194
1790265289.422434436,Phase1_Baseline,195
1790265289.501064957,Phase1_Baseline,196
1790265289.572402026,Phase1_Baseline,197
1790265289.652927602,Phase1_Baseline,198
1790265289.729423523,Phase1_Baseline,198
1790265289.790167550,Phase1_Baseline,199
1790265289.867778913,Phase1_Baseline,199
1790265289.954775692,Phase1_Baseline,200
1790265290.023917417,Phase1_Baseline,200
1790265290.088872947,Phase1_Baseline,201
1790265290.173068266,Phase1_Baseline,201
1790265290.254510641,Phase1_Baseline,202
1790265290.312089413,Phase1_Baseline,202
1790265290.372296966,Phase1_Baseline,202
1790265290.450727719,Phase1_Baseline,203
1790265290.529450370,Phase1_Baseline,203
1790265290.612882764,Phase1_Baseline,203
1790265290.694777051,Phase1_Baseline,204
1790265290.775375161,Phase1_Baseline,204
1790265290.854105887,Phase1_Baseline,204
1790265290.925613264,Phase1_Baseline,204
1790265290.999214482,Phase1_Baseline,204
1790265291.076517497,Phase1_Baseline,205
1790265291.161764706,Phase1_Baseline,205
1790265291.241582146,Phase1_Baseline,205
1790265291.312037779,Phase1_Baseline,205
1790265291.374078211,Phase1_Baseline,205
1790265291.452781298,Phase1_Baseline,205
1790265291.538251056,Phase1_Baseline,205
1790265291.621342302,Phase1_Baseline,205
1790265291.710985862,Phase1_Baseline,205
1790265291.795582178,Phase1_Baseline,205
1790265291.872219040,Phase1_Baseline,205
1790265291.952176608,Phase1_Baseline,205
1790265292.035220688,Phase1_Baseline,205
1790265292.110939909,Phase1_Baseline,205
1790265292.194392061,Phase1_Baseline,205
1790265292.281424774,Phase1_Baseline,205
1790265292.367617205,Phase1_Baseline,205
1790265292.448204896,Phase1_Baseline,205
1790265292.533528772,Phase1_Baseline,205
1790265292.616913253,Phase1_Baseline,205
1790265292.691841878,Phase1_Baseline,205
1790265292.773540765,Phase1_Baseline,205
1790265292.863076483,Phase1_Baseline,205
1790265292.945516410,Phase1_Baseline,205
1790265293.029138400,Phase1_Baseline,205
1790265293.119992953,Phase1_Baseline,205
1790265293.192060098,Phase1_Baseline,205
1790265293.275136770,Phase1_Baseline,206
1790265293.350407843,Phase1_Baseline,206
1790265293.423874919,Phase1_Baseline,206
1790265293.503562475,Phase1_Baseline,207
1790265293.584222006,Phase1_Baseline,208
1790265293.666532326,Phase1_Baseline,208
1790265293.744427230,Phase1_Baseline,209
1790265295.134944033,Phase2_Migrated,10
1790265295.225527749,Phase2_Migrated,10
1790265295.324805662,Phase2_Migrated,12
1790265295.419765292,Phase2_Migrated,24
1790265295.507435803,Phase2_Migrated,48
1790265295.595372473,Phase2_Migrated,108
1790265295.683967835,Phase2_Migrated,247
1790265295.782937508,Phase2_Migrated,578
1790265295.876076503,Phase2_Migrated,887
1790265295.972249268,Phase2_Migrated,800
1790265296.064582886,Phase2_Migrated,687
1790265296.144536014,Phase2_Migrated,621
1790265296.227168770,Phase2_Migrated,621
1790265296.316475490,Phase2_Migrated,538
1790265296.391638583,Phase2_Migrated,434
1790265296.480388441,Phase2_Migrated,434
1790265296.575858765,Phase2_Migrated,344
1790265296.669940078,Phase2_Migrated,303
1790265296.751051344,Phase2_Migrated,303
1790265296.842391841,Phase2_Migrated,306
1790265296.929309276,Phase2_Migrated,309
1790265297.023329340,Phase2_Migrated,312
1790265297.115200053,Phase2_Migrated,315
1790265297.209993946,Phase2_Migrated,318
1790265297.297745543,Phase2_Migrated,320
1790265297.394348117,Phase2_Migrated,323
1790265297.486342792,Phase2_Migrated,325
1790265297.580631859,Phase2_Migrated,328
1790265297.669687981,Phase2_Migrated,331
1790265297.748353666,Phase2_Migrated,333
1790265297.833722731,Phase2_Migrated,335
1790265297.922883788,Phase2_Migrated,337
1790265298.007463553,Phase2_Migrated,339
1790265298.075056154,Phase2_Migrated,340
1790265298.169218376,Phase2_Migrated,342
1790265298.260497457,Phase2_Migrated,344
1790265298.341183694,Phase2_Migrated,345
1790265298.419812431,Phase2_Migrated,346
1790265298.479965741,Phase2_Migrated,347
1790265298.547023701,Phase2_Migrated,349
1790265298.613600753,Phase2_Migrated,244
1790265298.692461305,Phase2_Migrated,244
1790265298.781548487,Phase2_Migrated,244
1790265298.878820662,Phase2_Migrated,171
1790265298.972422966,Phase2_Migrated,171
1790265299.064368460,Phase2_Migrated,172
1790265299.153030942,Phase2_Migrated,174
1790265299.238613619,Phase2_Migrated,176
1790265299.318029250,Phase2_Migrated,178
1790265299.397343441,Phase2_Migrated,180
1790265299.493182828,Phase2_Migrated,181
1790265299.581241663,Phase2_Migrated,183
1790265299.681150099,Phase2_Migrated,185
1790265299.758276601,Phase2_Migrated,187
1790265299.837502727,Phase2_Migrated,188
1790265299.929836146,Phase2_Migrated,189
1790265300.026338773,Phase2_Migrated,191
1790265300.122832214,Phase2_Migrated,192
1790265300.216271188,Phase2_Migrated,194
1790265300.304562142,Phase2_Migrated,195
1790265300.390953683,Phase2_Migrated,196
1790265300.477637679,Phase2_Migrated,197
1790265300.574377452,Phase2_Migrated,198
1790265300.667030441,Phase2_Migrated,199
1790265300.761426573,Phase2_Migrated,200
1790265300.857789534,Phase2_Migrated,201
1790265300.948731774,Phase2_Migrated,202
1790265301.043998973,Phase2_Migrated,202
1790265301.130801168,Phase2_Migrated,203
1790265301.220315513,Phase2_Migrated,204
1790265301.303530139,Phase2_Migrated,204
1790265301.389076637,Phase2_Migrated,205
1790265301.483847913,Phase2_Migrated,205
1790265301.580077052,Phase2_Migrated,206
1790265301.674827319,Phase2_Migrated,206
1790265301.767299783,Phase2_Migrated,206
1790265301.846304094,Phase2_Migrated,207
1790265301.941930001,Phase2_Migrated,207
1790265302.022137424,Phase2_Migrated,207
1790265302.106848956,Phase2_Migrated,207
1790265302.196957691,Phase2_Migrated,208
1790265302.294437097,Phase2_Migrated,208
1790265302.379087087,Phase2_Migrated,208
1790265302.468425541,Phase2_Migrated,208
1790265302.561479191,Phase2_Migrated,208
1790265302.656813172,Phase2_Migrated,208
1790265302.750446046,Phase2_Migrated,208
1790265302.845046975,Phase2_Migrated,208
1790265302.933789084,Phase2_Migrated,208
1790265303.029771801,Phase2_Migrated,208
1790265303.122067295,Phase2_Migrated,208
1790265303.199938937,Phase2_Migrated,208
1790265303.284717668,Phase2_Migrated,208
1790265303.358923235,Phase2_Migrated,208
1790265303.444802456,Phase2_Migrated,208
1790265303.537734264,Phase2_Migrated,208
1790265303.630836240,Phase2_Migrated,208
1790265303.717763834,Phase2_Migrated,208
1790265303.810175727,Phase2_Migrated,208
1790265303.919588840,Phase2_Migrated,208
1790265304.007744579,Phase2_Migrated,208
1790265304.105633868,Phase2_Migrated,208
1790265304.194457176,Phase2_Migrated,208
1790265304.283579928,Phase2_Migrated,208
1790265304.371210367,Phase2_Migrated,208
1790265304.447538825,Phase2_Migrated,208
1790265304.523720196,Phase2_Migrated,209
1790265304.613598131,Phase2_Migrated,209
1790265304.713255930,Phase2_Migrated,210
1790265304.806073944,Phase2_Migrated,210
1790265304.906962988,Phase2_Migrated,211
1790265304.969242874,Phase2_Migrated,211
1790265305.039951794,Phase2_Migrated,212
1790265305.125993336,Phase2_Migrated,213
1790265305.207995810,Phase2_Migrated,213
1790265305.306007933,Phase2_Migrated,214
1790265305.405335462,Phase2_Migrated,215
1790265305.506235911,Phase2_Migrated,215
1790265305.585978554,Phase2_Migrated,216
1790265305.674862997,Phase2_Migrated,216
1790265305.752523895,Phase2_Migrated,217
1790265305.844960113,Phase2_Migrated,218
1790265305.932888113,Phase2_Migrated,218
1790265306.017862965,Phase2_Migrated,219
1790265306.110471195,Phase2_Migrated,220
1790265306.202400259,Phase2_Migrated,220
1790265306.294073014,Phase2_Migrated,221
1790265306.385228871,Phase2_Migrated,221
1790265306.466112268,Phase2_Migrated,222
1790265306.548887380,Phase2_Migrated,223
1790265306.640644941,Phase2_Migrated,223
1790265306.729106585,Phase2_Migrated,224
1790265306.819484580,Phase2_Migrated,224
1790265306.897042832,Phase2_Migrated,225
1790265306.989762298,Phase2_Migrated,226
1790265307.080738283,Phase2_Migrated,226
1790265307.173021675,Phase2_Migrated,227
1790265307.237162541,Phase2_Migrated,228
1790265307.313433894,Phase2_Migrated,229
1790265307.404998833,Phase2_Migrated,230
1790265307.498436611,Phase2_Migrated,232
1790265307.594035181,Phase2_Migrated,234
1790265307.692496587,Phase2_Migrated,236
1790265307.782117973,Phase2_Migrated,238
1790265307.876407049,Phase2_Migrated,240
1790265307.968485970,Phase2_Migrated,242
1790265308.061955344,Phase2_Migrated,244
1790265308.159330229,Phase2_Migrated,247
1790265308.246335878,Phase2_Migrated,249
1790265308.310318446,Phase2_Migrated,251
1790265308.399483175,Phase2_Migrated,253
1790265308.455640602,Phase2_Migrated,254
1790265308.521809564,Phase2_Migrated,256
1790265308.592836271,Phase2_Migrated,258
1790265308.661568531,Phase2_Migrated,260
1790265308.748007604,Phase2_Migrated,263
1790265308.838827351,Phase2_Migrated,266
1790265308.933372920,Phase2_Migrated,269
1790265309.020487983,Phase2_Migrated,272
1790265309.114890754,Phase2_Migrated,275
1790265309.194493625,Phase2_Migrated,278
1790265309.258413885,Phase2_Migrated,281
1790265309.345549701,Phase2_Migrated,285
1790265309.445455673,Phase2_Migrated,289
1790265309.536265471,Phase2_Migrated,292
1790265309.635408903,Phase2_Migrated,296
1790265309.723981354,Phase2_Migrated,300
1790265309.809799993,Phase2_Migrated,305
1790265309.894753817,Phase2_Migrated,309
1790265309.976362206,Phase2_Migrated,313
1790265310.069454813,Phase2_Migrated,317
1790265310.151435188,Phase2_Migrated,322
1790265310.246862560,Phase2_Migrated,327
1790265310.342180773,Phase2_Migrated,332
1790265310.434517694,Phase2_Migrated,337
1790265310.536129702,Phase2_Migrated,342
1790265310.621594273,Phase2_Migrated,348
1790265310.714500041,Phase2_Migrated,353
1790265310.808939074,Phase2_Migrated,359
1790265310.897860648,Phase2_Migrated,251
1790265310.986307342,Phase2_Migrated,251
1790265311.075758774,Phase2_Migrated,252
1790265311.173583638,Phase2_Migrated,257
1790265311.257736751,Phase2_Migrated,261
1790265311.343275095,Phase2_Migrated,265
1790265311.431799861,Phase2_Migrated,269
1790265311.523787434,Phase2_Migrated,273
1790265311.617948876,Phase2_Migrated,277
1790265311.709786231,Phase2_Migrated,281
1790265311.803134436,Phase2_Migrated,284
1790265311.894864947,Phase2_Migrated,287
1790265311.987987291,Phase2_Migrated,292
1790265312.083485070,Phase2_Migrated,295
1790265312.175549525,Phase2_Migrated,298
1790265312.268092785,Phase2_Migrated,301
1790265312.363337235,Phase2_Migrated,304
1790265312.453365435,Phase2_Migrated,307
1790265312.543184579,Phase2_Migrated,310
1790265312.638028645,Phase2_Migrated,312
1790265312.732041949,Phase2_Migrated,315
1790265312.829613122,Phase2_Migrated,318
1790265312.924105194,Phase2_Migrated,320
1790265313.019336229,Phase2_Migrated,323
1790265313.118789661,Phase2_Migrated,326
1790265313.219534619,Phase2_Migrated,328
1790265313.309142957,Phase2_Migrated,330
1790265313.402302372,Phase2_Migrated,332
1790265313.485904095,Phase2_Migrated,334
1790265313.576329544,Phase2_Migrated,335
1790265313.671399918,Phase2_Migrated,337
1790265313.771719188,Phase2_Migrated,338
1790265313.873176050,Phase2_Migrated,340
1790265313.961930781,Phase2_Migrated,341
1790265314.029534995,Phase2_Migrated,297
1790265314.115317623,Phase2_Migrated,239
1790265314.197902900,Phase2_Migrated,239
1790265314.279989806,Phase2_Migrated,215
1790265314.357113670,Phase2_Migrated,168
1790265314.451859875,Phase2_Migrated,168
1790265314.550044024,Phase2_Migrated,143
1790265314.644197534,Phase2_Migrated,118
1790265314.742936823,Phase2_Migrated,118
1790265314.817737472,Phase2_Migrated,118
1790265314.889558649,Phase2_Migrated,120
1790265314.946775314,Phase2_Migrated,122
1790265315.020115807,Phase2_Migrated,123
1790265315.097753074,Phase2_Migrated,124
1790265315.175832084,Phase2_Migrated,125
1790265315.255801327,Phase2_Migrated,126
1790265315.315825627,Phase2_Migrated,127
1790265315.394340181,Phase2_Migrated,128
1790265315.458983031,Phase2_Migrated,129
1790265315.553161842,Phase2_Migrated,130
1790265315.646026719,Phase2_Migrated,132
1790265315.739261321,Phase2_Migrated,133
1790265315.833167284,Phase2_Migrated,134
1790265315.927790983,Phase2_Migrated,135
1790265316.022574709,Phase2_Migrated,136
1790265316.112267220,Phase2_Migrated,137
1790265316.212782967,Phase2_Migrated,137
1790265316.292474169,Phase2_Migrated,138
1790265316.373767845,Phase2_Migrated,138
1790265316.441948475,Phase2_Migrated,139
1790265316.535560961,Phase2_Migrated,139
1790265316.628367157,Phase2_Migrated,140
1790265316.718772666,Phase2_Migrated,140
1790265316.811311489,Phase2_Migrated,141
1790265316.907322713,Phase2_Migrated,141
1790265317.004091924,Phase2_Migrated,142
1790265317.100451964,Phase2_Migrated,142
1790265317.198222330,Phase2_Migrated,142
1790265317.272985977,Phase2_Migrated,142
1790265317.346551585,Phase2_Migrated,142
1790265317.442249156,Phase2_Migrated,143
1790265317.538915475,Phase2_Migrated,143
1790265317.611092883,Phase2_Migrated,143
1790265317.695297353,Phase2_Migrated,143
1790265317.783267063,Phase2_Migrated,143
1790265317.878588480,Phase2_Migrated,143
1790265317.975017179,Phase2_Migrated,143
1790265318.060759689,Phase2_Migrated,143
1790265318.155175958,Phase2_Migrated,143
1790265318.243768975,Phase2_Migrated,143
1790265318.313057226,Phase2_Migrated,143
1790265318.395482684,Phase2_Migrated,143
1790265318.459105571,Phase2_Migrated,143
1790265318.518958952,Phase2_Migrated,143
1790265318.584340808,Phase2_Migrated,144
1790265318.655423056,Phase2_Migrated,144
1790265318.743442773,Phase2_Migrated,145
1790265318.843516534,Phase2_Migrated,146
1790265318.934180260,Phase2_Migrated,146
1790265319.020452409,Phase2_Migrated,147
1790265319.100976222,Phase2_Migrated,148
1790265319.176002826,Phase2_Migrated,148
1790265319.247529632,Phase2_Migrated,149
1790265319.331338851,Phase2_Migrated,149
1790265319.408888044,Phase2_Migrated,150
1790265319.504025349,Phase2_Migrated,150
1790265319.602254482,Phase2_Migrated,151
1790265321.174443268,Uninterrupted_Baseline,1
1790265321.257174512,Uninterrupted_Baseline,1
1790265321.315812294,Uninterrupted_Baseline,1
1790265321.381893650,Uninterrupted_Baseline,1
1790265321.469946009,Uninterrupted_Baseline,1
1790265321.545955636,Uninterrupted_Baseline,1
1790265321.611786263,Uninterrupted_Baseline,1
1790265321.681114836,Uninterrupted_Baseline,1
1790265321.769375883,Uninterrupted_Baseline,1
1790265321.852027278,Uninterrupted_Baseline,1
1790265321.933225498,Uninterrupted_Baseline,1
1790265322.014438424,Uninterrupted_Baseline,1
1790265322.098378195,Uninterrupted_Baseline,1
1790265322.181574831,Uninterrupted_Baseline,1
1790265322.268401250,Uninterrupted_Baseline,1
1790265322.351811692,Uninterrupted_Baseline,1
1790265322.437195877,Uninterrupted_Baseline,1
1790265322.514584781,Uninterrupted_Baseline,10
1790265322.514584781,Uninterrupted_Baseline,1
1790265322.595971982,Uninterrupted_Baseline,18
1790265322.595971982,Uninterrupted_Baseline,1
1790265322.682419775,Uninterrupted_Baseline,36
1790265322.682419775,Uninterrupted_Baseline,1
1790265322.768828595,Uninterrupted_Baseline,72
1790265322.768828595,Uninterrupted_Baseline,1
1790265322.834574365,Uninterrupted_Baseline,140
1790265322.834574365,Uninterrupted_Baseline,1
1790265322.909453902,Uninterrupted_Baseline,288
1790265322.909453902,Uninterrupted_Baseline,1
1790265322.989914866,Uninterrupted_Baseline,574
1790265322.989914866,Uninterrupted_Baseline,1
1790265323.079082232,Uninterrupted_Baseline,953
1790265323.079082232,Uninterrupted_Baseline,1
1790265323.173509300,Uninterrupted_Baseline,1043
1790265323.173509300,Uninterrupted_Baseline,1
1790265323.246960770,Uninterrupted_Baseline,889
1790265323.246960770,Uninterrupted_Baseline,1
1790265323.324563473,Uninterrupted_Baseline,779
1790265323.324563473,Uninterrupted_Baseline,1
1790265323.400583128,Uninterrupted_Baseline,779
1790265323.400583128,Uninterrupted_Baseline,1
1790265323.468204197,Uninterrupted_Baseline,779
1790265323.468204197,Uninterrupted_Baseline,1
1790265323.538638164,Uninterrupted_Baseline,779
1790265323.538638164,Uninterrupted_Baseline,1
1790265323.624238261,Uninterrupted_Baseline,677
1790265323.624238261,Uninterrupted_Baseline,1
1790265323.698254545,Uninterrupted_Baseline,607
1790265323.698254545,Uninterrupted_Baseline,1
1790265323.775614572,Uninterrupted_Baseline,545
1790265323.775614572,Uninterrupted_Baseline,1
1790265323.857392019,Uninterrupted_Baseline,545
1790265323.857392019,Uninterrupted_Baseline,1
1790265323.943979846,Uninterrupted_Baseline,545
1790265323.943979846,Uninterrupted_Baseline,1
1790265324.028205529,Uninterrupted_Baseline,497
1790265324.028205529,Uninterrupted_Baseline,1
1790265324.109856644,Uninterrupted_Baseline,453
1790265324.109856644,Uninterrupted_Baseline,1
1790265324.183202740,Uninterrupted_Baseline,156
1790265324.183202740,Uninterrupted_Baseline,1
1790265324.261431286,Uninterrupted_Baseline,306
1790265324.261431286,Uninterrupted_Baseline,1
1790265324.326113689,Uninterrupted_Baseline,251
1790265324.326113689,Uninterrupted_Baseline,1
1790265324.400940103,Uninterrupted_Baseline,242
1790265324.400940103,Uninterrupted_Baseline,1
1790265324.477389829,Uninterrupted_Baseline,245
1790265324.477389829,Uninterrupted_Baseline,1
1790265324.559600288,Uninterrupted_Baseline,247
1790265324.559600288,Uninterrupted_Baseline,1
1790265324.642880881,Uninterrupted_Baseline,250
1790265324.642880881,Uninterrupted_Baseline,1
1790265324.741987787,Uninterrupted_Baseline,253
1790265324.741987787,Uninterrupted_Baseline,1
1790265324.804753535,Uninterrupted_Baseline,254
1790265324.804753535,Uninterrupted_Baseline,1
1790265324.856191772,Uninterrupted_Baseline,256
1790265324.856191772,Uninterrupted_Baseline,1
1790265324.921456166,Uninterrupted_Baseline,258
1790265324.921456166,Uninterrupted_Baseline,1
1790265325.001853815,Uninterrupted_Baseline,260
1790265325.001853815,Uninterrupted_Baseline,1
1790265325.082842698,Uninterrupted_Baseline,261
1790265325.082842698,Uninterrupted_Baseline,1
1790265325.158329962,Uninterrupted_Baseline,263
1790265325.158329962,Uninterrupted_Baseline,1
1790265325.230915911,Uninterrupted_Baseline,265
1790265325.230915911,Uninterrupted_Baseline,1
1790265325.313136646,Uninterrupted_Baseline,267
1790265325.313136646,Uninterrupted_Baseline,1
1790265325.395216754,Uninterrupted_Baseline,268
1790265325.395216754,Uninterrupted_Baseline,1
1790265325.477379994,Uninterrupted_Baseline,270
1790265325.477379994,Uninterrupted_Baseline,1
1790265325.559439548,Uninterrupted_Baseline,271
1790265325.559439548,Uninterrupted_Baseline,1
1790265325.634614739,Uninterrupted_Baseline,272
1790265325.634614739,Uninterrupted_Baseline,1
1790265325.708422049,Uninterrupted_Baseline,273
1790265325.708422049,Uninterrupted_Baseline,1
1790265325.775584891,Uninterrupted_Baseline,274
1790265325.775584891,Uninterrupted_Baseline,1
1790265325.860157152,Uninterrupted_Baseline,276
1790265325.860157152,Uninterrupted_Baseline,1
1790265325.927609051,Uninterrupted_Baseline,277
1790265325.927609051,Uninterrupted_Baseline,1
1790265326.005377160,Uninterrupted_Baseline,278
1790265326.005377160,Uninterrupted_Baseline,1
1790265326.080746198,Uninterrupted_Baseline,279
1790265326.080746198,Uninterrupted_Baseline,1
1790265326.163159972,Uninterrupted_Baseline,280
1790265326.163159972,Uninterrupted_Baseline,1
1790265326.247486767,Uninterrupted_Baseline,281
1790265326.247486767,Uninterrupted_Baseline,1
1790265326.318622157,Uninterrupted_Baseline,282
1790265326.318622157,Uninterrupted_Baseline,1
1790265326.388567129,Uninterrupted_Baseline,283
1790265326.388567129,Uninterrupted_Baseline,1
1790265326.476899263,Uninterrupted_Baseline,284
1790265326.476899263,Uninterrupted_Baseline,1
1790265326.564248536,Uninterrupted_Baseline,285
1790265326.564248536,Uninterrupted_Baseline,1
1790265326.639643152,Uninterrupted_Baseline,286
1790265326.639643152,Uninterrupted_Baseline,1
1790265326.723817811,Uninterrupted_Baseline,287
1790265326.723817811,Uninterrupted_Baseline,1
1790265326.810007815,Uninterrupted_Baseline,288
1790265326.810007815,Uninterrupted_Baseline,1
1790265326.887629611,Uninterrupted_Baseline,288
1790265326.887629611,Uninterrupted_Baseline,1
1790265326.967528894,Uninterrupted_Baseline,289
1790265326.967528894,Uninterrupted_Baseline,1
1790265327.053054261,Uninterrupted_Baseline,289
1790265327.053054261,Uninterrupted_Baseline,1
1790265327.135452973,Uninterrupted_Baseline,290
1790265327.135452973,Uninterrupted_Baseline,1
1790265327.218118761,Uninterrupted_Baseline,290
1790265327.218118761,Uninterrupted_Baseline,1
1790265327.279554547,Uninterrupted_Baseline,291
1790265327.279554547,Uninterrupted_Baseline,1
1790265327.353250538,Uninterrupted_Baseline,291
1790265327.353250538,Uninterrupted_Baseline,1
1790265327.426230638,Uninterrupted_Baseline,292
1790265327.426230638,Uninterrupted_Baseline,1
1790265327.511167019,Uninterrupted_Baseline,292
1790265327.511167019,Uninterrupted_Baseline,1
1790265327.594563060,Uninterrupted_Baseline,292
1790265327.594563060,Uninterrupted_Baseline,1
1790265327.672374582,Uninterrupted_Baseline,293
1790265327.672374582,Uninterrupted_Baseline,1
1790265327.752960517,Uninterrupted_Baseline,293
1790265327.752960517,Uninterrupted_Baseline,1
1790265327.837818758,Uninterrupted_Baseline,293
1790265327.837818758,Uninterrupted_Baseline,1
1790265327.917262897,Uninterrupted_Baseline,293
1790265327.917262897,Uninterrupted_Baseline,1
1790265327.996093399,Uninterrupted_Baseline,293
1790265327.996093399,Uninterrupted_Baseline,1
1790265328.059573416,Uninterrupted_Baseline,294
1790265328.059573416,Uninterrupted_Baseline,1
1790265328.139126347,Uninterrupted_Baseline,294
1790265328.139126347,Uninterrupted_Baseline,1
1790265328.227619780,Uninterrupted_Baseline,294
1790265328.227619780,Uninterrupted_Baseline,1
1790265328.282079895,Uninterrupted_Baseline,294
1790265328.282079895,Uninterrupted_Baseline,1
1790265328.346058875,Uninterrupted_Baseline,294
1790265328.346058875,Uninterrupted_Baseline,1
1790265328.423896689,Uninterrupted_Baseline,294
1790265328.423896689,Uninterrupted_Baseline,1
1790265328.474458666,Uninterrupted_Baseline,294
1790265328.474458666,Uninterrupted_Baseline,1
1790265328.527476022,Uninterrupted_Baseline,294
1790265328.527476022,Uninterrupted_Baseline,1
1790265328.586158018,Uninterrupted_Baseline,294
1790265328.586158018,Uninterrupted_Baseline,1
1790265328.648598372,Uninterrupted_Baseline,294
1790265328.648598372,Uninterrupted_Baseline,1
1790265328.730020309,Uninterrupted_Baseline,294
1790265328.730020309,Uninterrupted_Baseline,1
1790265328.812600258,Uninterrupted_Baseline,294
1790265328.812600258,Uninterrupted_Baseline,1
1790265328.899024718,Uninterrupted_Baseline,294
1790265328.899024718,Uninterrupted_Baseline,1
1790265328.982209474,Uninterrupted_Baseline,294
1790265328.982209474,Uninterrupted_Baseline,1
1790265329.064178543,Uninterrupted_Baseline,294
1790265329.064178543,Uninterrupted_Baseline,1
1790265329.138500141,Uninterrupted_Baseline,294
1790265329.138500141,Uninterrupted_Baseline,1
1790265329.200284366,Uninterrupted_Baseline,294
1790265329.200284366,Uninterrupted_Baseline,1
1790265329.268067902,Uninterrupted_Baseline,294
1790265329.268067902,Uninterrupted_Baseline,1
1790265329.343568941,Uninterrupted_Baseline,294
1790265329.343568941,Uninterrupted_Baseline,1
1790265329.413887173,Uninterrupted_Baseline,294
1790265329.413887173,Uninterrupted_Baseline,1
1790265329.497459995,Uninterrupted_Baseline,294
1790265329.497459995,Uninterrupted_Baseline,1
1790265329.582325092,Uninterrupted_Baseline,294
1790265329.582325092,Uninterrupted_Baseline,1
1790265329.667709533,Uninterrupted_Baseline,294
1790265329.667709533,Uninterrupted_Baseline,1
1790265329.751858436,Uninterrupted_Baseline,294
1790265329.836307655,Uninterrupted_Baseline,294
1790265329.914099781,Uninterrupted_Baseline,294
1790265329.995438363,Uninterrupted_Baseline,294
1790265330.078794620,Uninterrupted_Baseline,294
1790265330.144739727,Uninterrupted_Baseline,294
1790265330.229297221,Uninterrupted_Baseline,294
1790265330.323524704,Uninterrupted_Baseline,294
1790265330.407542030,Uninterrupted_Baseline,294
1790265330.488183193,Uninterrupted_Baseline,294
1790265330.570258838,Uninterrupted_Baseline,294
1790265330.660170621,Uninterrupted_Baseline,294
1790265330.753245322,Uninterrupted_Baseline,295
1790265330.832571454,Uninterrupted_Baseline,295
1790265330.892988820,Uninterrupted_Baseline,295
1790265330.980949431,Uninterrupted_Baseline,295
1790265331.060760739,Uninterrupted_Baseline,295
1790265331.135736713,Uninterrupted_Baseline,296
1790265331.219743067,Uninterrupted_Baseline,296
1790265331.298947217,Uninterrupted_Baseline,296
1790265331.384358883,Uninterrupted_Baseline,297
1790265331.476761271,Uninterrupted_Baseline,297
1790265331.562007190,Uninterrupted_Baseline,298
1790265331.646587718,Uninterrupted_Baseline,298
1790265331.715371450,Uninterrupted_Baseline,299
1790265331.799026309,Uninterrupted_Baseline,299
1790265331.886445744,Uninterrupted_Baseline,300
1790265331.976344444,Uninterrupted_Baseline,300
1790265332.062846350,Uninterrupted_Baseline,301
1790265332.150738920,Uninterrupted_Baseline,302
1790265332.233191426,Uninterrupted_Baseline,303
1790265332.306219144,Uninterrupted_Baseline,303
1790265332.393252615,Uninterrupted_Baseline,304
1790265332.475957496,Uninterrupted_Baseline,305
1790265332.561407172,Uninterrupted_Baseline,306
1790265332.641375411,Uninterrupted_Baseline,307
1790265332.725057874,Uninterrupted_Baseline,308
1790265332.812208538,Uninterrupted_Baseline,309
1790265332.890483577,Uninterrupted_Baseline,310
1790265332.968377164,Uninterrupted_Baseline,311
1790265333.048307291,Uninterrupted_Baseline,312
1790265333.127807465,Uninterrupted_Baseline,313
1790265333.212113741,Uninterrupted_Baseline,315
1790265333.294707300,Uninterrupted_Baseline,316
1790265333.378265218,Uninterrupted_Baseline,318
1790265333.461427976,Uninterrupted_Baseline,319
1790265333.536203117,Uninterrupted_Baseline,321
1790265333.614588985,Uninterrupted_Baseline,323
1790265333.688715463,Uninterrupted_Baseline,324
1790265333.771464483,Uninterrupted_Baseline,326
1790265333.857536240,Uninterrupted_Baseline,328
1790265333.942946126,Uninterrupted_Baseline,330
1790265334.013847773,Uninterrupted_Baseline,332
1790265334.080883617,Uninterrupted_Baseline,334
1790265334.150882660,Uninterrupted_Baseline,335
1790265334.227947566,Uninterrupted_Baseline,337
1790265334.297254236,Uninterrupted_Baseline,339
1790265334.379592113,Uninterrupted_Baseline,341
1790265334.465899358,Uninterrupted_Baseline,344
1790265334.551060452,Uninterrupted_Baseline,346
1790265334.633880042,Uninterrupted_Baseline,349
1790265334.723463244,Uninterrupted_Baseline,352
1790265334.777357757,Uninterrupted_Baseline,295
1790265334.848751789,Uninterrupted_Baseline,246
1790265334.909878891,Uninterrupted_Baseline,250
1790265334.989761408,Uninterrupted_Baseline,254
1790265335.077300154,Uninterrupted_Baseline,258
1790265335.154990851,Uninterrupted_Baseline,261
1790265335.236263342,Uninterrupted_Baseline,265
1790265335.306907872,Uninterrupted_Baseline,268
1790265335.377372399,Uninterrupted_Baseline,271
1790265335.460072853,Uninterrupted_Baseline,274
1790265335.547520210,Uninterrupted_Baseline,278
1790265335.633866934,Uninterrupted_Baseline,281
1790265335.709105343,Uninterrupted_Baseline,284
1790265335.782463917,Uninterrupted_Baseline,286
1790265335.865515021,Uninterrupted_Baseline,289
1790265335.945019460,Uninterrupted_Baseline,292
1790265336.024124804,Uninterrupted_Baseline,295
1790265336.108875805,Uninterrupted_Baseline,298
1790265336.195535827,Uninterrupted_Baseline,301
1790265336.274399965,Uninterrupted_Baseline,303
1790265336.359023104,Uninterrupted_Baseline,306
1790265336.440863053,Uninterrupted_Baseline,308
1790265336.523998644,Uninterrupted_Baseline,310
1790265336.609481352,Uninterrupted_Baseline,312
1790265336.697037307,Uninterrupted_Baseline,315
1790265336.782588104,Uninterrupted_Baseline,317
1790265336.869837545,Uninterrupted_Baseline,299
1790265336.952309122,Uninterrupted_Baseline,223
1790265337.032738754,Uninterrupted_Baseline,225
1790265337.111843580,Uninterrupted_Baseline,227
1790265337.197054104,Uninterrupted_Baseline,230
1790265337.257952144,Uninterrupted_Baseline,231
1790265337.321538479,Uninterrupted_Baseline,233
1790265337.403610191,Uninterrupted_Baseline,235
1790265337.470482947,Uninterrupted_Baseline,237
1790265337.555772501,Uninterrupted_Baseline,239
1790265337.644968515,Uninterrupted_Baseline,241
1790265337.723204776,Uninterrupted_Baseline,243
1790265337.812879489,Uninterrupted_Baseline,245
1790265337.897729974,Uninterrupted_Baseline,246
1790265337.984240495,Uninterrupted_Baseline,248
1790265338.067800683,Uninterrupted_Baseline,249
1790265338.155028102,Uninterrupted_Baseline,251
1790265338.223426146,Uninterrupted_Baseline,252
1790265338.279589613,Uninterrupted_Baseline,252
1790265338.343462812,Uninterrupted_Baseline,254
1790265338.409908412,Uninterrupted_Baseline,254
1790265338.459849403,Uninterrupted_Baseline,255
1790265338.510337567,Uninterrupted_Baseline,256
1790265338.573196266,Uninterrupted_Baseline,257
1790265338.633580052,Uninterrupted_Baseline,258
1790265338.705780495,Uninterrupted_Baseline,259
1790265338.794036919,Uninterrupted_Baseline,260
1790265338.871929727,Uninterrupted_Baseline,261
1790265338.958502155,Uninterrupted_Baseline,262
1790265339.041194409,Uninterrupted_Baseline,263
1790265339.126154379,Uninterrupted_Baseline,264
1790265339.190222372,Uninterrupted_Baseline,264
1790265339.255773417,Uninterrupted_Baseline,265
1790265339.333925308,Uninterrupted_Baseline,265
1790265339.398031125,Uninterrupted_Baseline,266
1790265339.479885076,Uninterrupted_Baseline,266
1790265339.566489928,Uninterrupted_Baseline,267
1790265339.646475248,Uninterrupted_Baseline,267
1790265339.726986365,Uninterrupted_Baseline,268
1790265339.808146922,Uninterrupted_Baseline,268
1790265339.890471338,Uninterrupted_Baseline,269
1790265339.972910460,Uninterrupted_Baseline,269
1790265340.052236212,Uninterrupted_Baseline,269
1790265340.140370734,Uninterrupted_Baseline,270
1790265340.211215823,Uninterrupted_Baseline,270
1790265340.292884006,Uninterrupted_Baseline,270
1790265340.373267237,Uninterrupted_Baseline,270
1790265340.457165234,Uninterrupted_Baseline,270
1790265340.542328975,Uninterrupted_Baseline,271
1790265340.617185627,Uninterrupted_Baseline,271
1790265340.691943486,Uninterrupted_Baseline,271
1790265340.770848415,Uninterrupted_Baseline,271
1790265340.855516359,Uninterrupted_Baseline,271
1790265340.928776045,Uninterrupted_Baseline,271
1790265341.007817111,Uninterrupted_Baseline,271
1790265341.092568526,Uninterrupted_Baseline,271
1790265341.170314129,Uninterrupted_Baseline,271
1790265341.245025620,Uninterrupted_Baseline,271
1790265341.326309518,Uninterrupted_Baseline,271
1790265341.408858873,Uninterrupted_Baseline,271
1790265341.490258220,Uninterrupted_Baseline,271
1790265341.575987743,Uninterrupted_Baseline,271
1790265341.660399935,Uninterrupted_Baseline,271
1790265341.746550148,Uninterrupted_Baseline,271
1790265341.832495823,Uninterrupted_Baseline,271
1790265341.916554449,Uninterrupted_Baseline,271
1790265341.995271173,Uninterrupted_Baseline,271
1790265342.083341740,Uninterrupted_Baseline,271
1790265342.151183236,Uninterrupted_Baseline,271
1790265342.231483099,Uninterrupted_Baseline,271
1790265342.305380744,Uninterrupted_Baseline,271
1790265342.379281839,Uninterrupted_Baseline,271
1790265342.471948320,Uninterrupted_Baseline,271
1790265342.559058876,Uninterrupted_Baseline,271
1790265342.613019451,Uninterrupted_Baseline,271
1790265342.687565201,Uninterrupted_Baseline,271
1790265342.754521222,Uninterrupted_Baseline,271
1790265342.838098454,Uninterrupted_Baseline,271
1790265342.924984744,Uninterrupted_Baseline,271
1790265343.005090115,Uninterrupted_Baseline,271
1790265343.081481334,Uninterrupted_Baseline,271
1790265343.170525961,Uninterrupted_Baseline,271
1790265343.254441803,Uninterrupted_Baseline,272
1790265343.342144265,Uninterrupted_Baseline,272
1790265343.414393780,Uninterrupted_Baseline,272
1790265343.497036066,Uninterrupted_Baseline,272
1790265343.588598484,Uninterrupted_Baseline,273
1790265343.674195955,Uninterrupted_Baseline,273
1790265343.758921710,Uninterrupted_Baseline,273
1790265343.848931845,Uninterrupted_Baseline,274
1790265343.930503625,Uninterrupted_Baseline,274
1790265344.014124703,Uninterrupted_Baseline,275
1790265344.095088316,Uninterrupted_Baseline,275
1790265344.176398812,Uninterrupted_Baseline,276
1790265344.257386521,Uninterrupted_Baseline,276
1790265344.344412910,Uninterrupted_Baseline,277
1790265344.427807259,Uninterrupted_Baseline,277
1790265344.508938274,Uninterrupted_Baseline,278
1790265344.592070104,Uninterrupted_Baseline,279
1790265344.678966553,Uninterrupted_Baseline,280
1790265344.762287324,Uninterrupted_Baseline,281
1790265344.832001130,Uninterrupted_Baseline,281
1790265344.903155589,Uninterrupted_Baseline,282
1790265344.988223472,Uninterrupted_Baseline,283
1790265345.069873647,Uninterrupted_Baseline,284
1790265345.157354712,Uninterrupted_Baseline,285
1790265345.247388821,Uninterrupted_Baseline,286
1790265345.332325539,Uninterrupted_Baseline,287
1790265345.422177908,Uninterrupted_Baseline,289
1790265345.504826167,Uninterrupted_Baseline,290
1790265345.589174067,Uninterrupted_Baseline,291
1790265345.671569943,Uninterrupted_Baseline,292
1790265345.753342371,Uninterrupted_Baseline,294
1790265345.837000289,Uninterrupted_Baseline,295
1790265345.921331770,Uninterrupted_Baseline,297
1790265346.001703378,Uninterrupted_Baseline,298
1790265346.084827946,Uninterrupted_Baseline,300
1790265346.165510167,Uninterrupted_Baseline,302
1790265346.239771843,Uninterrupted_Baseline,304
1790265346.314074744,Uninterrupted_Baseline,306
1790265346.382257426,Uninterrupted_Baseline,307
1790265346.462480166,Uninterrupted_Baseline,309
1790265346.543943843,Uninterrupted_Baseline,311
1790265346.615346926,Uninterrupted_Baseline,313
1790265346.686024390,Uninterrupted_Baseline,315
1790265346.768228495,Uninterrupted_Baseline,317
1790265346.856538109,Uninterrupted_Baseline,319
1790265346.935057694,Uninterrupted_Baseline,322
1790265347.009930434,Uninterrupted_Baseline,324
1790265347.095384807,Uninterrupted_Baseline,327
1790265347.167189755,Uninterrupted_Baseline,329
1790265347.236404710,Uninterrupted_Baseline,331
1790265347.321497039,Uninterrupted_Baseline,334
1790265347.407407068,Uninterrupted_Baseline,338
1790265347.490012268,Uninterrupted_Baseline,340
1790265347.574462250,Uninterrupted_Baseline,338
1790265347.658269362,Uninterrupted_Baseline,240
1790265347.743479385,Uninterrupted_Baseline,240
1790265347.831361345,Uninterrupted_Baseline,243
1790265347.914867030,Uninterrupted_Baseline,246
1790265347.995446857,Uninterrupted_Baseline,250
1790265348.073292808,Uninterrupted_Baseline,254
1790265348.162900910,Uninterrupted_Baseline,257
1790265348.244444810,Uninterrupted_Baseline,260
1790265348.312039780,Uninterrupted_Baseline,264
1790265348.387870481,Uninterrupted_Baseline,266
1790265348.438108014,Uninterrupted_Baseline,268
1790265348.492493636,Uninterrupted_Baseline,271
1790265348.557495703,Uninterrupted_Baseline,273
1790265348.625835918,Uninterrupted_Baseline,276
1790265348.708726811,Uninterrupted_Baseline,279
1790265348.770860669,Uninterrupted_Baseline,281
1790265348.865150065,Uninterrupted_Baseline,284
1790265348.949857458,Uninterrupted_Baseline,287
1790265349.040197008,Uninterrupted_Baseline,290
1790265349.124351272,Uninterrupted_Baseline,292
1790265349.207579853,Uninterrupted_Baseline,295
1790265349.265187455,Uninterrupted_Baseline,296
1790265349.330097015,Uninterrupted_Baseline,298
1790265349.404252731,Uninterrupted_Baseline,300
1790265349.486561554,Uninterrupted_Baseline,302
1790265349.568517284,Uninterrupted_Baseline,305
1790265349.648366127,Uninterrupted_Baseline,307
1790265349.730623693,Uninterrupted_Baseline,309
1790265349.804168096,Uninterrupted_Baseline,311
1790265349.874084113,Uninterrupted_Baseline,312
1790265349.943103497,Uninterrupted_Baseline,314
1790265350.020249371,Uninterrupted_Baseline,315
1790265350.105803840,Uninterrupted_Baseline,317
1790265350.189414172,Uninterrupted_Baseline,319
1790265350.262521390,Uninterrupted_Baseline,320
1790265350.345875502,Uninterrupted_Baseline,321
1790265350.428582586,Uninterrupted_Baseline,323
1790265350.501523454,Uninterrupted_Baseline,324
1790265350.571204313,Uninterrupted_Baseline,325
1790265350.653231149,Uninterrupted_Baseline,326
1790265350.736543746,Uninterrupted_Baseline,328
1790265350.818535265,Uninterrupted_Baseline,329
1790265350.900497607,Uninterrupted_Baseline,330
1790265350.987156911,Uninterrupted_Baseline,331
1790265351.078870238,Uninterrupted_Baseline,332
1790265351.146181110,Uninterrupted_Baseline,333
1790265351.217408914,Uninterrupted_Baseline,334
1790265351.300309798,Uninterrupted_Baseline,335
1790265351.380971858,Uninterrupted_Baseline,335
1790265351.470956261,Uninterrupted_Baseline,336
1790265351.559423983,Uninterrupted_Baseline,337
1790265351.645348107,Uninterrupted_Baseline,338
1790265351.724396478,Uninterrupted_Baseline,338
1790265351.800767181,Uninterrupted_Baseline,339
1790265351.883401218,Uninterrupted_Baseline,339
1790265351.949587617,Uninterrupted_Baseline,340
1790265352.037769049,Uninterrupted_Baseline,340
1790265352.120007063,Uninterrupted_Baseline,340
1790265352.206930976,Uninterrupted_Baseline,341
1790265352.288435853,Uninterrupted_Baseline,341
1790265352.373636594,Uninterrupted_Baseline,342
1790265352.457878611,Uninterrupted_Baseline,342
1790265352.539743234,Uninterrupted_Baseline,342
1790265352.623755817,Uninterrupted_Baseline,342
1790265352.710243128,Uninterrupted_Baseline,342
1790265352.799074257,Uninterrupted_Baseline,343
1790265352.876001926,Uninterrupted_Baseline,343
1790265352.958460379,Uninterrupted_Baseline,343
1790265353.048041989,Uninterrupted_Baseline,343
1790265353.115872657,Uninterrupted_Baseline,343
1790265353.195524882,Uninterrupted_Baseline,343
1790265353.268930237,Uninterrupted_Baseline,343
1790265353.349108503,Uninterrupted_Baseline,343
1790265353.431930819,Uninterrupted_Baseline,343
1790265353.509720212,Uninterrupted_Baseline,343
1790265353.588193452,Uninterrupted_Baseline,240
1790265353.671574184,Uninterrupted_Baseline,242
1790265353.756851898,Uninterrupted_Baseline,246
1790265353.841801085,Uninterrupted_Baseline,249
1790265353.923083004,Uninterrupted_Baseline,253
1790265353.997438455,Uninterrupted_Baseline,256
1790265354.074975850,Uninterrupted_Baseline,260
1790265354.159060219,Uninterrupted_Baseline,264
1790265354.230499405,Uninterrupted_Baseline,266
1790265354.318844584,Uninterrupted_Baseline,270
1790265354.403385667,Uninterrupted_Baseline,273
1790265354.481638786,Uninterrupted_Baseline,276
1790265354.561004372,Uninterrupted_Baseline,279
1790265354.647818604,Uninterrupted_Baseline,282
1790265354.718955480,Uninterrupted_Baseline,284
1790265354.798695479,Uninterrupted_Baseline,287
1790265354.880105760,Uninterrupted_Baseline,289
1790265354.968563925,Uninterrupted_Baseline,293
1790265355.053562132,Uninterrupted_Baseline,295
1790265355.106697950,Uninterrupted_Baseline,296
1790265355.173255742,Uninterrupted_Baseline,298
1790265355.247138562,Uninterrupted_Baseline,300
1790265355.327202482,Uninterrupted_Baseline,302
1790265355.410018682,Uninterrupted_Baseline,304
1790265355.495514826,Uninterrupted_Baseline,307
1790265355.571579352,Uninterrupted_Baseline,309
1790265355.653739754,Uninterrupted_Baseline,311
1790265355.735125491,Uninterrupted_Baseline,313
1790265355.816949528,Uninterrupted_Baseline,315
1790265355.905889488,Uninterrupted_Baseline,316
1790265355.990219203,Uninterrupted_Baseline,318
1790265356.077535104,Uninterrupted_Baseline,320
1790265356.164937628,Uninterrupted_Baseline,321
1790265356.246384110,Uninterrupted_Baseline,322
1790265356.326102427,Uninterrupted_Baseline,323
1790265356.400527222,Uninterrupted_Baseline,325
1790265356.480392355,Uninterrupted_Baseline,326
1790265356.562072871,Uninterrupted_Baseline,327
1790265356.643938692,Uninterrupted_Baseline,328
1790265356.725228727,Uninterrupted_Baseline,329
1790265356.806810977,Uninterrupted_Baseline,330
1790265356.885995594,Uninterrupted_Baseline,331
1790265356.977197710,Uninterrupted_Baseline,333
1790265357.057191188,Uninterrupted_Baseline,334
1790265357.149231529,Uninterrupted_Baseline,266
1790265357.227062402,Uninterrupted_Baseline,233
1790265357.309389103,Uninterrupted_Baseline,233
1790265357.388169431,Uninterrupted_Baseline,205
1790265357.469021140,Uninterrupted_Baseline,163
1790265357.554098624,Uninterrupted_Baseline,163
1790265357.643123100,Uninterrupted_Baseline,148
1790265357.723785251,Uninterrupted_Baseline,114
1790265357.806372979,Uninterrupted_Baseline,116
1790265357.891260135,Uninterrupted_Baseline,117
1790265357.978534295,Uninterrupted_Baseline,119
1790265358.059486728,Uninterrupted_Baseline,120
1790265358.140549447,Uninterrupted_Baseline,121
1790265358.223328328,Uninterrupted_Baseline,123
1790265358.280485373,Uninterrupted_Baseline,124
1790265358.361442431,Uninterrupted_Baseline,125
1790265358.431298714,Uninterrupted_Baseline,126
1790265358.489143934,Uninterrupted_Baseline,126
1790265358.548296186,Uninterrupted_Baseline,127
1790265358.604633613,Uninterrupted_Baseline,128
1790265358.685391804,Uninterrupted_Baseline,129
1790265358.766117544,Uninterrupted_Baseline,130
1790265358.858016503,Uninterrupted_Baseline,131
1790265358.940080005,Uninterrupted_Baseline,132
1790265359.013728871,Uninterrupted_Baseline,132
1790265359.084412178,Uninterrupted_Baseline,133
1790265359.165266458,Uninterrupted_Baseline,133
1790265359.239408559,Uninterrupted_Baseline,134
1790265359.310038892,Uninterrupted_Baseline,135
1790265359.393158929,Uninterrupted_Baseline,135
1790265359.458787536,Uninterrupted_Baseline,135
1790265359.541581244,Uninterrupted_Baseline,136
1790265359.601183855,Uninterrupted_Baseline,136
1790265359.684068467,Uninterrupted_Baseline,136
1790265359.763295843,Uninterrupted_Baseline,137
1790265359.841311882,Uninterrupted_Baseline,137
1790265359.918547211,Uninterrupted_Baseline,137
1790265360.003854291,Uninterrupted_Baseline,138
1790265360.088842333,Uninterrupted_Baseline,138
1790265360.168869536,Uninterrupted_Baseline,138
1790265360.254899979,Uninterrupted_Baseline,138
1790265360.366160278,Uninterrupted_Baseline,139
1790265360.426437338,Uninterrupted_Baseline,139
1790265360.481316740,Uninterrupted_Baseline,139
1790265360.542874887,Uninterrupted_Baseline,139
1790265360.601431029,Uninterrupted_Baseline,139
1790265360.689259683,Uninterrupted_Baseline,139
1790265360.769612125,Uninterrupted_Baseline,139
1790265360.854887764,Uninterrupted_Baseline,139
1790265360.927153070,Uninterrupted_Baseline,139
1790265361.001514265,Uninterrupted_Baseline,139
1790265361.057928367,Uninterrupted_Baseline,139
1790265361.147398061,Uninterrupted_Baseline,139
1790265361.236212060,Uninterrupted_Baseline,139
1790265361.309603770,Uninterrupted_Baseline,139
1790265361.360063101,Uninterrupted_Baseline,139
1790265361.420991907,Uninterrupted_Baseline,139
1790265361.495803020,Uninterrupted_Baseline,140
1790265361.561563659,Uninterrupted_Baseline,140
1790265361.642969033,Uninterrupted_Baseline,141
1790265361.734863078,Uninterrupted_Baseline,141
1790265361.788798167,Uninterrupted_Baseline,142
1790265361.856223339,Uninterrupted_Baseline,142
1790265361.918313857,Uninterrupted_Baseline,143
1790265361.982907557,Uninterrupted_Baseline,143
1790265362.067345903,Uninterrupted_Baseline,144
1790265362.166583266,Uninterrupted_Baseline,144
1790265362.219519430,Uninterrupted_Baseline,145
1790265362.279436225,Uninterrupted_Baseline,145
1790265362.343785326,Uninterrupted_Baseline,146
1790265362.398759485,Uninterrupted_Baseline,146
1790265362.488508527,Uninterrupted_Baseline,147
1790265362.569972300,Uninterrupted_Baseline,147
1790265362.650392223,Uninterrupted_Baseline,148
1790265362.739294796,Uninterrupted_Baseline,148
1790265362.823222512,Uninterrupted_Baseline,149
1790265362.906393333,Uninterrupted_Baseline,149
1790265362.989155317,Uninterrupted_Baseline,150
1790265363.072751141,Uninterrupted_Baseline,151
1790265363.161316922,Uninterrupted_Baseline,151
1790265363.240257773,Uninterrupted_Baseline,152
1790265363.321083608,Uninterrupted_Baseline,152
1790265363.410186005,Uninterrupted_Baseline,153
1790265363.497044034,Uninterrupted_Baseline,154
1790265363.556364950,Uninterrupted_Baseline,154
1790265363.627733151,Uninterrupted_Baseline,154
1790265363.710638497,Uninterrupted_Baseline,155
1790265363.794153589,Uninterrupted_Baseline,156
1790265363.871324791,Uninterrupted_Baseline,156
1790265363.951178999,Uninterrupted_Baseline,157
1790265364.033956770,Uninterrupted_Baseline,157
1790265364.115504988,Uninterrupted_Baseline,158
1790265364.196558968,Uninterrupted_Baseline,158
1790265364.271427843,Uninterrupted_Baseline,159
1790265364.335379210,Uninterrupted_Baseline,159
1790265364.413735720,Uninterrupted_Baseline,160
1790265364.493389335,Uninterrupted_Baseline,161
1790265364.574100082,Uninterrupted_Baseline,161
1790265364.653376624,Uninterrupted_Baseline,162
1790265364.732806471,Uninterrupted_Baseline,162
1790265364.818288594,Uninterrupted_Baseline,163
1790265364.899260061,Uninterrupted_Baseline,164
1790265364.982920794,Uninterrupted_Baseline,164
1790265365.041629562,Uninterrupted_Baseline,165
1790265365.101131371,Uninterrupted_Baseline,165
1790265365.172932762,Uninterrupted_Baseline,166
1790265365.252530266,Uninterrupted_Baseline,166
1790265365.334631542,Uninterrupted_Baseline,166
1790265365.410968920,Uninterrupted_Baseline,167
1790265365.491934368,Uninterrupted_Baseline,168
1790265365.568028137,Uninterrupted_Baseline,168
1790265376.851762052,Phase1_Baseline,10
1790265376.937281312,Phase1_Baseline,34
1790265377.022838321,Phase1_Baseline,66
1790265377.101535678,Phase1_Baseline,136
1790265377.186092950,Phase1_Baseline,276
1790265377.268020528,Phase1_Baseline,491
1790265377.361004721,Phase1_Baseline,833
1790265377.440586435,Phase1_Baseline,1036
1790265377.523430241,Phase1_Baseline,950
1790265377.605169814,Phase1_Baseline,805
1790265377.685228811,Phase1_Baseline,766
1790265377.770367640,Phase1_Baseline,766
1790265377.856287001,Phase1_Baseline,23
1790265377.942247622,Phase1_Baseline,25
1790265378.027086282,Phase1_Baseline,537
1790265378.107931378,Phase1_Baseline,541
1790265378.175727066,Phase1_Baseline,474
1790265378.239847700,Phase1_Baseline,379
1790265378.303620937,Phase1_Baseline,379
1790265378.374534571,Phase1_Baseline,368
1790265378.434720476,Phase1_Baseline,293
1790265378.491263851,Phase1_Baseline,265
1790265378.555743437,Phase1_Baseline,265
1790265378.612440395,Phase1_Baseline,223
1790265378.670901961,Phase1_Baseline,185
1790265378.750912357,Phase1_Baseline,188
1790265378.826205467,Phase1_Baseline,190
1790265378.908390568,Phase1_Baseline,192
1790265378.989180851,Phase1_Baseline,194
1790265379.069272851,Phase1_Baseline,196
1790265379.131425299,Phase1_Baseline,196
1790265379.188367024,Phase1_Baseline,198
1790265379.250757683,Phase1_Baseline,199
1790265379.314901713,Phase1_Baseline,201
1790265379.394010496,Phase1_Baseline,202
1790265379.475943429,Phase1_Baseline,203
1790265379.552103560,Phase1_Baseline,204
1790265379.637826505,Phase1_Baseline,206
1790265379.721198354,Phase1_Baseline,207
1790265379.796781817,Phase1_Baseline,208
1790265379.875988504,Phase1_Baseline,209
1790265379.962443008,Phase1_Baseline,211
1790265380.040592634,Phase1_Baseline,212
1790265380.126271959,Phase1_Baseline,213
1790265380.191392453,Phase1_Baseline,214
1790265380.280731628,Phase1_Baseline,215
1790265380.356114053,Phase1_Baseline,216
1790265380.435390274,Phase1_Baseline,217
1790265380.513048340,Phase1_Baseline,217
1790265380.579812686,Phase1_Baseline,218
1790265380.657029300,Phase1_Baseline,219
1790265380.733702661,Phase1_Baseline,219
1790265380.811363447,Phase1_Baseline,220
1790265380.896806184,Phase1_Baseline,220
1790265380.978153640,Phase1_Baseline,221
1790265381.062370019,Phase1_Baseline,221
1790265381.143313086,Phase1_Baseline,222
1790265381.228183620,Phase1_Baseline,222
1790265381.303328558,Phase1_Baseline,223
1790265381.372803261,Phase1_Baseline,223
1790265381.455529009,Phase1_Baseline,223
1790265381.528426650,Phase1_Baseline,224
1790265381.608301908,Phase1_Baseline,224
1790265381.689106649,Phase1_Baseline,224
1790265381.768553152,Phase1_Baseline,224
1790265381.834212584,Phase1_Baseline,224
1790265381.898252570,Phase1_Baseline,225
1790265381.960281151,Phase1_Baseline,225
1790265382.043008858,Phase1_Baseline,225
1790265382.117643279,Phase1_Baseline,225
1790265382.205032948,Phase1_Baseline,225
1790265382.275505226,Phase1_Baseline,225
1790265382.360184635,Phase1_Baseline,225
1790265382.446055284,Phase1_Baseline,225
1790265382.521998729,Phase1_Baseline,225
1790265382.606358285,Phase1_Baseline,225
1790265382.696329865,Phase1_Baseline,225
1790265382.756776978,Phase1_Baseline,225
1790265382.831746466,Phase1_Baseline,225
1790265382.914969442,Phase1_Baseline,225
1790265382.996908179,Phase1_Baseline,225
1790265383.075306435,Phase1_Baseline,225
1790265383.144275920,Phase1_Baseline,225
1790265383.228243127,Phase1_Baseline,225
1790265383.303222295,Phase1_Baseline,225
1790265383.382827357,Phase1_Baseline,225
1790265383.460390884,Phase1_Baseline,225
1790265383.539499429,Phase1_Baseline,225
1790265383.625898043,Phase1_Baseline,225
1790265383.707193346,Phase1_Baseline,225
1790265383.796296126,Phase1_Baseline,225
1790265383.880590397,Phase1_Baseline,225
1790265383.962143645,Phase1_Baseline,225
1790265384.033974525,Phase1_Baseline,225
1790265384.103895657,Phase1_Baseline,225
1790265384.168357299,Phase1_Baseline,225
1790265384.253266298,Phase1_Baseline,225
1790265384.332148582,Phase1_Baseline,225
1790265384.413559268,Phase1_Baseline,225
1790265384.489166242,Phase1_Baseline,225
1790265384.564881873,Phase1_Baseline,225
1790265384.643505499,Phase1_Baseline,226
1790265384.728741604,Phase1_Baseline,227
1790265384.794086564,Phase1_Baseline,227
1790265384.874221855,Phase1_Baseline,228
1790265384.961353426,Phase1_Baseline,228
1790265385.011614679,Phase1_Baseline,229
1790265385.071347797,Phase1_Baseline,229
1790265385.129038707,Phase1_Baseline,229
1790265385.206906894,Phase1_Baseline,230
1790265385.284294154,Phase1_Baseline,231
1790265385.368343976,Phase1_Baseline,231
1790265385.448962661,Phase1_Baseline,232
1790265385.537491917,Phase1_Baseline,232
1790265385.622044320,Phase1_Baseline,233
1790265385.698721647,Phase1_Baseline,234
1790265385.782990827,Phase1_Baseline,234
1790265385.864305324,Phase1_Baseline,234
1790265385.942529295,Phase1_Baseline,235
1790265386.006552072,Phase1_Baseline,236
1790265386.090111370,Phase1_Baseline,236
1790265386.172739081,Phase1_Baseline,237
1790265386.255043200,Phase1_Baseline,237
1790265386.332313012,Phase1_Baseline,238
1790265386.408798496,Phase1_Baseline,238
1790265386.473805771,Phase1_Baseline,239
1790265386.545044821,Phase1_Baseline,239
1790265386.608158116,Phase1_Baseline,240
1790265386.661468630,Phase1_Baseline,241
1790265386.741878248,Phase1_Baseline,242
1790265386.825445755,Phase1_Baseline,243
1790265386.906027070,Phase1_Baseline,244
1790265386.989638934,Phase1_Baseline,245
1790265387.070077051,Phase1_Baseline,246
1790265387.145628593,Phase1_Baseline,247
1790265387.218785399,Phase1_Baseline,249
1790265387.289628302,Phase1_Baseline,250
1790265387.376970383,Phase1_Baseline,252
1790265387.456535646,Phase1_Baseline,253
1790265387.534875745,Phase1_Baseline,255
1790265387.609983510,Phase1_Baseline,257
1790265387.693367817,Phase1_Baseline,258
1790265387.776760778,Phase1_Baseline,260
1790265387.863542143,Phase1_Baseline,263
1790265387.940096638,Phase1_Baseline,265
1790265388.015814046,Phase1_Baseline,266
1790265388.097034201,Phase1_Baseline,269
1790265388.177520795,Phase1_Baseline,271
1790265388.258811491,Phase1_Baseline,273
1790265388.324009994,Phase1_Baseline,275
1790265388.385903462,Phase1_Baseline,277
1790265388.436050660,Phase1_Baseline,278
1790265388.486460513,Phase1_Baseline,280
1790265388.540578341,Phase1_Baseline,282
1790265388.606171326,Phase1_Baseline,284
1790265388.673280490,Phase1_Baseline,286
1790265388.738487781,Phase1_Baseline,289
1790265388.818839798,Phase1_Baseline,292
1790265388.891117018,Phase1_Baseline,294
1790265388.959583667,Phase1_Baseline,297
1790265389.024141277,Phase1_Baseline,299
1790265389.107556406,Phase1_Baseline,302
1790265389.167949331,Phase1_Baseline,305
1790265389.234081091,Phase1_Baseline,307
1790265389.314044089,Phase1_Baseline,311
1790265389.391878497,Phase1_Baseline,315
1790265389.473573517,Phase1_Baseline,318
1790265389.557841851,Phase1_Baseline,322
1790265389.637798193,Phase1_Baseline,326
1790265389.717753353,Phase1_Baseline,330
1790265389.804878317,Phase1_Baseline,334
1790265389.886515814,Phase1_Baseline,339
1790265389.965425069,Phase1_Baseline,342
1790265390.040499749,Phase1_Baseline,347
1790265390.126617328,Phase1_Baseline,352
1790265390.211444593,Phase1_Baseline,356
1790265390.290522593,Phase1_Baseline,361
1790265390.377521065,Phase1_Baseline,366
1790265390.458481293,Phase1_Baseline,292
1790265390.533535739,Phase1_Baseline,256
1790265390.617290645,Phase1_Baseline,256
1790265390.691160704,Phase1_Baseline,259
1790265390.776819117,Phase1_Baseline,263
1790265390.855434017,Phase1_Baseline,266
1790265390.914817949,Phase1_Baseline,270
1790265391.004061501,Phase1_Baseline,273
1790265391.084377654,Phase1_Baseline,277
1790265391.165622261,Phase1_Baseline,281
1790265391.241803700,Phase1_Baseline,284
1790265391.324866111,Phase1_Baseline,287
1790265391.388109192,Phase1_Baseline,290
1790265391.462496214,Phase1_Baseline,292
1790265391.530136138,Phase1_Baseline,295
1790265391.599028505,Phase1_Baseline,298
1790265391.678897983,Phase1_Baseline,301
1790265391.760527362,Phase1_Baseline,304
1790265391.838632093,Phase1_Baseline,306
1790265391.922810432,Phase1_Baseline,310
1790265392.003236690,Phase1_Baseline,312
1790265392.087638056,Phase1_Baseline,314
1790265392.169320960,Phase1_Baseline,317
1790265392.253296828,Phase1_Baseline,319
1790265392.335317767,Phase1_Baseline,322
1790265392.398915848,Phase1_Baseline,324
1790265392.482875022,Phase1_Baseline,326
1790265392.559043797,Phase1_Baseline,328
1790265392.651335309,Phase1_Baseline,331
1790265392.727974995,Phase1_Baseline,333
1790265392.807895153,Phase1_Baseline,335
1790265392.895252156,Phase1_Baseline,337
1790265392.974903877,Phase1_Baseline,338
1790265393.059455783,Phase1_Baseline,340
1790265393.134974511,Phase1_Baseline,341
1790265393.214237383,Phase1_Baseline,343
1790265393.289261755,Phase1_Baseline,344
1790265393.372931548,Phase1_Baseline,346
1790265393.452489857,Phase1_Baseline,347
1790265393.535485165,Phase1_Baseline,331
1790265393.619283321,Phase1_Baseline,243
1790265393.703947395,Phase1_Baseline,246
1790265393.789014752,Phase1_Baseline,248
1790265393.866215234,Phase1_Baseline,250
1790265393.951409978,Phase1_Baseline,253
1790265394.025215047,Phase1_Baseline,255
1790265394.110559458,Phase1_Baseline,257
1790265394.194082215,Phase1_Baseline,259
1790265394.278920280,Phase1_Baseline,261
1790265394.357318087,Phase1_Baseline,263
1790265394.441355031,Phase1_Baseline,265
1790265394.522489667,Phase1_Baseline,267
1790265394.600786235,Phase1_Baseline,268
1790265394.681124451,Phase1_Baseline,270
1790265394.756042201,Phase1_Baseline,271
1790265394.840594229,Phase1_Baseline,273
1790265394.898506504,Phase1_Baseline,273
1790265394.972552648,Phase1_Baseline,275
1790265395.024738029,Phase1_Baseline,276
1790265395.091434661,Phase1_Baseline,277
1790265395.171021235,Phase1_Baseline,278
1790265395.238904482,Phase1_Baseline,279
1790265395.321867085,Phase1_Baseline,280
1790265395.403380413,Phase1_Baseline,281
1790265395.485454738,Phase1_Baseline,282
1790265395.560239442,Phase1_Baseline,283
1790265395.623943498,Phase1_Baseline,284
1790265395.704208624,Phase1_Baseline,285
1790265395.785106617,Phase1_Baseline,286
1790265395.854411283,Phase1_Baseline,287
1790265395.934243395,Phase1_Baseline,288
1790265396.014476306,Phase1_Baseline,288
1790265396.081526666,Phase1_Baseline,289
1790265396.160343793,Phase1_Baseline,289
1790265396.233983395,Phase1_Baseline,290
1790265396.312022915,Phase1_Baseline,290
1790265396.391634036,Phase1_Baseline,291
1790265396.458338147,Phase1_Baseline,291
1790265396.524442452,Phase1_Baseline,292
1790265396.589000998,Phase1_Baseline,292
1790265396.671326209,Phase1_Baseline,293
1790265396.750257527,Phase1_Baseline,293
1790265396.833088658,Phase1_Baseline,293
1790265396.912943441,Phase1_Baseline,293
1790265396.997175161,Phase1_Baseline,294
1790265397.079126434,Phase1_Baseline,294
1790265397.160414165,Phase1_Baseline,294
1790265397.231054728,Phase1_Baseline,294
1790265397.311778273,Phase1_Baseline,295
1790265397.392287598,Phase1_Baseline,295
1790265397.472285622,Phase1_Baseline,295
1790265397.555550717,Phase1_Baseline,295
1790265397.632122481,Phase1_Baseline,295
1790265397.713016016,Phase1_Baseline,295
1790265397.777211050,Phase1_Baseline,295
1790265397.851094673,Phase1_Baseline,295
1790265397.937277539,Phase1_Baseline,295
1790265398.015792151,Phase1_Baseline,295
1790265398.072326225,Phase1_Baseline,295
1790265398.143145258,Phase1_Baseline,295
1790265398.218557238,Phase1_Baseline,295
1790265398.271297247,Phase1_Baseline,295
1790265398.342171167,Phase1_Baseline,295
1790265398.423063332,Phase1_Baseline,295
1790265398.476301392,Phase1_Baseline,295
1790265398.535849142,Phase1_Baseline,295
1790265398.601045316,Phase1_Baseline,295
1790265398.663017226,Phase1_Baseline,295
1790265400.044896708,Phase2_Migrated,10
1790265400.134977973,Phase2_Migrated,10
1790265400.222185846,Phase2_Migrated,18
1790265400.320560932,Phase2_Migrated,44
1790265400.414589825,Phase2_Migrated,134
1790265400.507573315,Phase2_Migrated,148
1790265400.602135263,Phase2_Migrated,156
1790265400.692276327,Phase2_Migrated,159
1790265400.783052813,Phase2_Migrated,159
1790265400.876343472,Phase2_Migrated,160
1790265400.968427153,Phase2_Migrated,161
1790265401.066017311,Phase2_Migrated,161
1790265401.153638084,Phase2_Migrated,162
1790265401.244165979,Phase2_Migrated,162
1790265401.319868157,Phase2_Migrated,163
1790265401.414924136,Phase2_Migrated,164
1790265401.506842038,Phase2_Migrated,164
1790265401.597275647,Phase2_Migrated,165
1790265401.685929465,Phase2_Migrated,166
1790265401.781924187,Phase2_Migrated,166
1790265401.876112498,Phase2_Migrated,167
1790265401.968765409,Phase2_Migrated,167
1790265402.062162921,Phase2_Migrated,168
1790265402.150913679,Phase2_Migrated,169
1790265402.242340739,Phase2_Migrated,169
1790265402.335127134,Phase2_Migrated,170
1790265402.426344912,Phase2_Migrated,171
1790265402.522420199,Phase2_Migrated,171
1790265402.611807275,Phase2_Migrated,172
1790265402.704645095,Phase2_Migrated,173
1790265402.799245710,Phase2_Migrated,173
1790265402.895541426,Phase2_Migrated,174
1790265402.994407601,Phase2_Migrated,175
1790265403.092111110,Phase2_Migrated,175
1790265403.177192473,Phase2_Migrated,176
1790265403.265451789,Phase2_Migrated,176
1790265403.348331728,Phase2_Migrated,177
1790265403.442746439,Phase2_Migrated,178
1790265403.536767693,Phase2_Migrated,178
1790265403.633242575,Phase2_Migrated,179
1790265403.729750172,Phase2_Migrated,180
1790265403.823377028,Phase2_Migrated,181
1790265403.916703090,Phase2_Migrated,181
1790265404.003052666,Phase2_Migrated,182
1790265404.101034886,Phase2_Migrated,182
1790265404.202776459,Phase2_Migrated,183
1790265404.295290788,Phase2_Migrated,184
1790265404.382468145,Phase2_Migrated,185
1790265404.458536322,Phase2_Migrated,185
1790265404.556404118,Phase2_Migrated,186
1790265404.629597418,Phase2_Migrated,186
1790265404.708437720,Phase2_Migrated,187
1790265404.797767834,Phase2_Migrated,188
1790265404.890893673,Phase2_Migrated,189
1790265404.973081874,Phase2_Migrated,191
1790265405.038240169,Phase2_Migrated,192
1790265405.105562054,Phase2_Migrated,194
1790265405.198462750,Phase2_Migrated,196
1790265405.289469993,Phase2_Migrated,199
1790265405.383616492,Phase2_Migrated,201
1790265405.474636789,Phase2_Migrated,203
1790265405.570398669,Phase2_Migrated,206
1790265405.663793860,Phase2_Migrated,208
1790265405.760830799,Phase2_Migrated,211
1790265405.852635497,Phase2_Migrated,213
1790265405.930447454,Phase2_Migrated,216
1790265406.027996377,Phase2_Migrated,220
1790265406.121772363,Phase2_Migrated,223
1790265406.217828756,Phase2_Migrated,227
1790265406.308812098,Phase2_Migrated,230
1790265406.403023541,Phase2_Migrated,234
1790265406.494396449,Phase2_Migrated,237
1790265406.588095345,Phase2_Migrated,241
1790265406.678979263,Phase2_Migrated,245
1790265406.766940590,Phase2_Migrated,249
1790265406.850294929,Phase2_Migrated,252
1790265406.944764135,Phase2_Migrated,257
1790265407.031079108,Phase2_Migrated,261
1790265407.114342318,Phase2_Migrated,265
1790265407.189985016,Phase2_Migrated,269
1790265407.270322828,Phase2_Migrated,273
1790265407.361591355,Phase2_Migrated,278
1790265407.460055862,Phase2_Migrated,284
1790265407.556481889,Phase2_Migrated,289
1790265407.649512222,Phase2_Migrated,294
1790265407.742299955,Phase2_Migrated,300
1790265407.832580187,Phase2_Migrated,305
1790265407.918307801,Phase2_Migrated,310
1790265408.013881494,Phase2_Migrated,316
1790265408.098614078,Phase2_Migrated,321
1790265408.173353696,Phase2_Migrated,327
1790265408.260618686,Phase2_Migrated,333
1790265408.321391680,Phase2_Migrated,337
1790265408.400105151,Phase2_Migrated,342
1790265408.462627439,Phase2_Migrated,347
1790265408.530191496,Phase2_Migrated,351
1790265408.599849295,Phase2_Migrated,356
1790265408.672816482,Phase2_Migrated,320
1790265408.768052847,Phase2_Migrated,252
1790265408.859839399,Phase2_Migrated,253
1790265408.957764570,Phase2_Migrated,258
1790265409.052814395,Phase2_Migrated,262
1790265409.141184639,Phase2_Migrated,266
1790265409.208707902,Phase2_Migrated,269
1790265409.295145289,Phase2_Migrated,273
1790265409.381539054,Phase2_Migrated,277
1790265409.473782220,Phase2_Migrated,280
1790265409.566894000,Phase2_Migrated,284
1790265409.661097786,Phase2_Migrated,287
1790265409.738448849,Phase2_Migrated,291
1790265409.832112484,Phase2_Migrated,295
1790265409.929757403,Phase2_Migrated,298
1790265410.027559787,Phase2_Migrated,301
1790265410.124862779,Phase2_Migrated,304
1790265410.220783815,Phase2_Migrated,308
1790265410.315181743,Phase2_Migrated,311
1790265410.405002599,Phase2_Migrated,313
1790265410.491873555,Phase2_Migrated,316
1790265410.580401196,Phase2_Migrated,318
1790265410.667257451,Phase2_Migrated,321
1790265410.754876497,Phase2_Migrated,323
1790265410.840997539,Phase2_Migrated,325
1790265410.926147693,Phase2_Migrated,327
1790265411.018148548,Phase2_Migrated,330
1790265411.114212731,Phase2_Migrated,332
1790265411.206449753,Phase2_Migrated,334
1790265411.293173925,Phase2_Migrated,335
1790265411.373373101,Phase2_Migrated,337
1790265411.471128806,Phase2_Migrated,339
1790265411.565829806,Phase2_Migrated,340
1790265411.657226969,Phase2_Migrated,342
1790265411.734726884,Phase2_Migrated,343
1790265411.824999732,Phase2_Migrated,344
1790265411.904017875,Phase2_Migrated,345
1790265411.990043009,Phase2_Migrated,347
1790265412.079239141,Phase2_Migrated,348
1790265412.173982761,Phase2_Migrated,349
1790265412.264518996,Phase2_Migrated,350
1790265412.352638994,Phase2_Migrated,351
1790265412.431732822,Phase2_Migrated,352
1790265412.520357530,Phase2_Migrated,353
1790265412.611743997,Phase2_Migrated,354
1790265412.703150543,Phase2_Migrated,276
1790265412.798578369,Phase2_Migrated,247
1790265412.882441861,Phase2_Migrated,248
1790265412.966408202,Phase2_Migrated,251
1790265413.054974752,Phase2_Migrated,254
1790265413.146412068,Phase2_Migrated,256
1790265413.216519026,Phase2_Migrated,258
1790265413.301994439,Phase2_Migrated,260
1790265413.384158947,Phase2_Migrated,262
1790265413.472853324,Phase2_Migrated,265
1790265413.563815740,Phase2_Migrated,267
1790265413.657979254,Phase2_Migrated,270
1790265413.746286862,Phase2_Migrated,272
1790265413.837267982,Phase2_Migrated,273
1790265413.930236700,Phase2_Migrated,275
1790265414.021770271,Phase2_Migrated,277
1790265414.114207233,Phase2_Migrated,278
1790265414.213248321,Phase2_Migrated,280
1790265414.300733898,Phase2_Migrated,281
1790265414.397069947,Phase2_Migrated,283
1790265414.492816268,Phase2_Migrated,284
1790265414.582635973,Phase2_Migrated,285
1790265414.672961801,Phase2_Migrated,287
1790265414.745279245,Phase2_Migrated,288
1790265414.845339654,Phase2_Migrated,289
1790265414.922194775,Phase2_Migrated,290
1790265415.027246559,Phase2_Migrated,291
1790265415.106812335,Phase2_Migrated,292
1790265415.196982787,Phase2_Migrated,293
1790265415.288782989,Phase2_Migrated,294
1790265415.374131993,Phase2_Migrated,294
1790265415.453522182,Phase2_Migrated,295
1790265415.534358559,Phase2_Migrated,295
1790265415.628303616,Phase2_Migrated,296
1790265415.723320312,Phase2_Migrated,297
1790265415.816849319,Phase2_Migrated,297
1790265415.893568844,Phase2_Migrated,297
1790265415.991124014,Phase2_Migrated,298
1790265416.087332373,Phase2_Migrated,298
1790265416.178115418,Phase2_Migrated,299
1790265416.255915113,Phase2_Migrated,299
1790265416.341997832,Phase2_Migrated,299
1790265416.429532899,Phase2_Migrated,299
1790265416.515750417,Phase2_Migrated,300
1790265416.605375712,Phase2_Migrated,300
1790265416.693516753,Phase2_Migrated,300
1790265416.756175606,Phase2_Migrated,300
1790265416.841954267,Phase2_Migrated,300
1790265416.931893351,Phase2_Migrated,300
1790265417.020545923,Phase2_Migrated,300
1790265417.116096311,Phase2_Migrated,300
1790265417.194405700,Phase2_Migrated,300
1790265417.278913775,Phase2_Migrated,300
1790265417.373575454,Phase2_Migrated,300
1790265417.467473232,Phase2_Migrated,300
1790265417.561022712,Phase2_Migrated,300
1790265417.658388107,Phase2_Migrated,300
1790265417.755929965,Phase2_Migrated,300
1790265417.846796744,Phase2_Migrated,300
1790265417.938492355,Phase2_Migrated,300
1790265418.029327312,Phase2_Migrated,300
1790265418.102425800,Phase2_Migrated,300
1790265418.193779272,Phase2_Migrated,300
1790265418.284040798,Phase2_Migrated,300
1790265418.372137342,Phase2_Migrated,300
1790265418.445717202,Phase2_Migrated,300
1790265418.508932237,Phase2_Migrated,300
1790265418.570852287,Phase2_Migrated,300
1790265418.645876068,Phase2_Migrated,300
1790265418.737166076,Phase2_Migrated,300
1790265418.824831892,Phase2_Migrated,300
1790265418.908583337,Phase2_Migrated,300
1790265418.996607631,Phase2_Migrated,300
1790265419.086513919,Phase2_Migrated,300
1790265419.153850569,Phase2_Migrated,300
1790265419.237299580,Phase2_Migrated,301
1790265419.329462378,Phase2_Migrated,301
1790265419.419443792,Phase2_Migrated,301
1790265419.512180714,Phase2_Migrated,301
1790265419.605294622,Phase2_Migrated,302
1790265419.702106044,Phase2_Migrated,302
1790265419.788400647,Phase2_Migrated,302
1790265419.876565811,Phase2_Migrated,303
1790265419.959532432,Phase2_Migrated,303
1790265420.049075717,Phase2_Migrated,304
1790265420.123527504,Phase2_Migrated,304
1790265420.215154050,Phase2_Migrated,305
1790265420.304216761,Phase2_Migrated,305
1790265420.390545900,Phase2_Migrated,306
1790265420.485022677,Phase2_Migrated,307
1790265420.583245342,Phase2_Migrated,307
1790265420.655939400,Phase2_Migrated,308
1790265420.740887703,Phase2_Migrated,309
1790265420.835826084,Phase2_Migrated,310
1790265420.914635409,Phase2_Migrated,311
1790265421.009580815,Phase2_Migrated,312
1790265421.109701187,Phase2_Migrated,313
1790265421.205910731,Phase2_Migrated,314
1790265421.295271004,Phase2_Migrated,315
1790265421.383272065,Phase2_Migrated,316
1790265422.411818190,Uninterrupted_Baseline,1
1790265422.498393032,Uninterrupted_Baseline,1
1790265422.582874738,Uninterrupted_Baseline,1
1790265422.665205170,Uninterrupted_Baseline,1
1790265422.747838134,Uninterrupted_Baseline,1
1790265422.829863889,Uninterrupted_Baseline,1
1790265422.909729064,Uninterrupted_Baseline,1
1790265422.987058158,Uninterrupted_Baseline,1
1790265423.069975960,Uninterrupted_Baseline,1
1790265423.152194294,Uninterrupted_Baseline,1
1790265423.228387873,Uninterrupted_Baseline,1
1790265423.313029881,Uninterrupted_Baseline,1
1790265423.394503227,Uninterrupted_Baseline,1
1790265423.475645214,Uninterrupted_Baseline,1
1790265423.555574872,Uninterrupted_Baseline,1
1790265423.631464877,Uninterrupted_Baseline,1
1790265423.711178163,Uninterrupted_Baseline,1
1790265423.711178163,Uninterrupted_Baseline,10
1790265423.797036034,Uninterrupted_Baseline,1
1790265423.797036034,Uninterrupted_Baseline,36
1790265423.878719024,Uninterrupted_Baseline,1
1790265423.878719024,Uninterrupted_Baseline,72
1790265423.960409867,Uninterrupted_Baseline,1
1790265423.960409867,Uninterrupted_Baseline,142
1790265424.040154644,Uninterrupted_Baseline,1
1790265424.040154644,Uninterrupted_Baseline,276
1790265424.109234669,Uninterrupted_Baseline,1
1790265424.109234669,Uninterrupted_Baseline,411
1790265424.183332266,Uninterrupted_Baseline,1
1790265424.183332266,Uninterrupted_Baseline,745
1790265424.269032700,Uninterrupted_Baseline,1
1790265424.269032700,Uninterrupted_Baseline,1102
1790265424.358419970,Uninterrupted_Baseline,1
1790265424.358419970,Uninterrupted_Baseline,1099
1790265424.444617626,Uninterrupted_Baseline,1
1790265424.444617626,Uninterrupted_Baseline,834
1790265424.517845315,Uninterrupted_Baseline,1
1790265424.517845315,Uninterrupted_Baseline,834
1790265424.601340789,Uninterrupted_Baseline,1
1790265424.601340789,Uninterrupted_Baseline,834
1790265424.690228402,Uninterrupted_Baseline,1
1790265424.690228402,Uninterrupted_Baseline,834
1790265424.780530069,Uninterrupted_Baseline,1
1790265424.780530069,Uninterrupted_Baseline,837
1790265424.862203535,Uninterrupted_Baseline,1
1790265424.862203535,Uninterrupted_Baseline,843
1790265424.947748282,Uninterrupted_Baseline,1
1790265424.947748282,Uninterrupted_Baseline,785
1790265425.018130275,Uninterrupted_Baseline,1
1790265425.018130275,Uninterrupted_Baseline,721
1790265425.075632501,Uninterrupted_Baseline,1
1790265425.075632501,Uninterrupted_Baseline,616
1790265425.137001126,Uninterrupted_Baseline,1
1790265425.137001126,Uninterrupted_Baseline,593
1790265425.216188338,Uninterrupted_Baseline,1
1790265425.216188338,Uninterrupted_Baseline,593
1790265425.299932433,Uninterrupted_Baseline,1
1790265425.299932433,Uninterrupted_Baseline,593
1790265425.378921285,Uninterrupted_Baseline,1
1790265425.378921285,Uninterrupted_Baseline,593
1790265425.460279832,Uninterrupted_Baseline,1
1790265425.460279832,Uninterrupted_Baseline,572
1790265425.538926919,Uninterrupted_Baseline,1
1790265425.538926919,Uninterrupted_Baseline,415
1790265425.618535113,Uninterrupted_Baseline,1
1790265425.618535113,Uninterrupted_Baseline,415
1790265425.705200937,Uninterrupted_Baseline,1
1790265425.705200937,Uninterrupted_Baseline,337
1790265425.787517937,Uninterrupted_Baseline,1
1790265425.787517937,Uninterrupted_Baseline,290
1790265425.868997905,Uninterrupted_Baseline,1
1790265425.868997905,Uninterrupted_Baseline,272
1790265425.948418605,Uninterrupted_Baseline,1
1790265425.948418605,Uninterrupted_Baseline,203
1790265426.027013143,Uninterrupted_Baseline,1
1790265426.027013143,Uninterrupted_Baseline,204
1790265426.115193856,Uninterrupted_Baseline,1
1790265426.115193856,Uninterrupted_Baseline,206
1790265426.202373423,Uninterrupted_Baseline,1
1790265426.202373423,Uninterrupted_Baseline,209
1790265426.282149506,Uninterrupted_Baseline,1
1790265426.282149506,Uninterrupted_Baseline,211
1790265426.368775230,Uninterrupted_Baseline,1
1790265426.368775230,Uninterrupted_Baseline,213
1790265426.456476207,Uninterrupted_Baseline,1
1790265426.456476207,Uninterrupted_Baseline,215
1790265426.539851713,Uninterrupted_Baseline,1
1790265426.539851713,Uninterrupted_Baseline,217
1790265426.624562427,Uninterrupted_Baseline,1
1790265426.624562427,Uninterrupted_Baseline,218
1790265426.705435105,Uninterrupted_Baseline,1
1790265426.705435105,Uninterrupted_Baseline,220
1790265426.786743312,Uninterrupted_Baseline,1
1790265426.786743312,Uninterrupted_Baseline,222
1790265426.868395561,Uninterrupted_Baseline,1
1790265426.868395561,Uninterrupted_Baseline,223
1790265426.949099122,Uninterrupted_Baseline,1
1790265426.949099122,Uninterrupted_Baseline,224
1790265427.029025074,Uninterrupted_Baseline,1
1790265427.029025074,Uninterrupted_Baseline,226
1790265427.107259356,Uninterrupted_Baseline,1
1790265427.107259356,Uninterrupted_Baseline,227
1790265427.190817299,Uninterrupted_Baseline,1
1790265427.190817299,Uninterrupted_Baseline,228
1790265427.272766571,Uninterrupted_Baseline,1
1790265427.272766571,Uninterrupted_Baseline,229
1790265427.358136277,Uninterrupted_Baseline,1
1790265427.358136277,Uninterrupted_Baseline,231
1790265427.439275773,Uninterrupted_Baseline,1
1790265427.439275773,Uninterrupted_Baseline,232
1790265427.521089462,Uninterrupted_Baseline,1
1790265427.521089462,Uninterrupted_Baseline,233
1790265427.597809456,Uninterrupted_Baseline,1
1790265427.597809456,Uninterrupted_Baseline,234
1790265427.677342996,Uninterrupted_Baseline,1
1790265427.677342996,Uninterrupted_Baseline,235
1790265427.763087394,Uninterrupted_Baseline,1
1790265427.763087394,Uninterrupted_Baseline,236
1790265427.847106677,Uninterrupted_Baseline,1
1790265427.847106677,Uninterrupted_Baseline,237
1790265427.932187885,Uninterrupted_Baseline,1
1790265427.932187885,Uninterrupted_Baseline,238
1790265428.006191110,Uninterrupted_Baseline,1
1790265428.006191110,Uninterrupted_Baseline,239
1790265428.077598869,Uninterrupted_Baseline,1
1790265428.077598869,Uninterrupted_Baseline,239
1790265428.150985386,Uninterrupted_Baseline,1
1790265428.150985386,Uninterrupted_Baseline,240
1790265428.220917595,Uninterrupted_Baseline,1
1790265428.220917595,Uninterrupted_Baseline,240
1790265428.278034384,Uninterrupted_Baseline,1
1790265428.278034384,Uninterrupted_Baseline,241
1790265428.353230431,Uninterrupted_Baseline,1
1790265428.353230431,Uninterrupted_Baseline,241
1790265428.426977130,Uninterrupted_Baseline,1
1790265428.426977130,Uninterrupted_Baseline,242
1790265428.478699361,Uninterrupted_Baseline,1
1790265428.478699361,Uninterrupted_Baseline,242
1790265428.542295119,Uninterrupted_Baseline,1
1790265428.542295119,Uninterrupted_Baseline,242
1790265428.600212429,Uninterrupted_Baseline,1
1790265428.600212429,Uninterrupted_Baseline,243
1790265428.673122381,Uninterrupted_Baseline,1
1790265428.673122381,Uninterrupted_Baseline,243
1790265428.750962253,Uninterrupted_Baseline,1
1790265428.750962253,Uninterrupted_Baseline,243
1790265428.827288302,Uninterrupted_Baseline,1
1790265428.827288302,Uninterrupted_Baseline,244
1790265428.909475482,Uninterrupted_Baseline,1
1790265428.909475482,Uninterrupted_Baseline,244
1790265428.998141449,Uninterrupted_Baseline,1
1790265428.998141449,Uninterrupted_Baseline,245
1790265429.069540524,Uninterrupted_Baseline,1
1790265429.069540524,Uninterrupted_Baseline,245
1790265429.135603935,Uninterrupted_Baseline,1
1790265429.135603935,Uninterrupted_Baseline,245
1790265429.198255572,Uninterrupted_Baseline,1
1790265429.198255572,Uninterrupted_Baseline,245
1790265429.280933156,Uninterrupted_Baseline,1
1790265429.280933156,Uninterrupted_Baseline,245
1790265429.366761748,Uninterrupted_Baseline,1
1790265429.366761748,Uninterrupted_Baseline,246
1790265429.453346968,Uninterrupted_Baseline,1
1790265429.453346968,Uninterrupted_Baseline,246
1790265429.530743694,Uninterrupted_Baseline,1
1790265429.530743694,Uninterrupted_Baseline,246
1790265429.612938702,Uninterrupted_Baseline,1
1790265429.612938702,Uninterrupted_Baseline,246
1790265429.692499347,Uninterrupted_Baseline,1
1790265429.692499347,Uninterrupted_Baseline,246
1790265429.763871653,Uninterrupted_Baseline,1
1790265429.763871653,Uninterrupted_Baseline,246
1790265429.849542027,Uninterrupted_Baseline,1
1790265429.849542027,Uninterrupted_Baseline,246
1790265429.925552423,Uninterrupted_Baseline,1
1790265429.925552423,Uninterrupted_Baseline,246
1790265430.007229003,Uninterrupted_Baseline,1
1790265430.007229003,Uninterrupted_Baseline,246
1790265430.099737972,Uninterrupted_Baseline,1
1790265430.099737972,Uninterrupted_Baseline,246
1790265430.172410664,Uninterrupted_Baseline,1
1790265430.172410664,Uninterrupted_Baseline,246
1790265430.261319545,Uninterrupted_Baseline,1
1790265430.261319545,Uninterrupted_Baseline,246
1790265430.346695799,Uninterrupted_Baseline,1
1790265430.346695799,Uninterrupted_Baseline,246
1790265430.431426239,Uninterrupted_Baseline,1
1790265430.431426239,Uninterrupted_Baseline,246
1790265430.492404840,Uninterrupted_Baseline,1
1790265430.492404840,Uninterrupted_Baseline,246
1790265430.572856958,Uninterrupted_Baseline,1
1790265430.572856958,Uninterrupted_Baseline,246
1790265430.655008863,Uninterrupted_Baseline,1
1790265430.655008863,Uninterrupted_Baseline,246
1790265430.731821316,Uninterrupted_Baseline,1
1790265430.731821316,Uninterrupted_Baseline,246
1790265430.815821549,Uninterrupted_Baseline,1
1790265430.815821549,Uninterrupted_Baseline,246
1790265430.897711161,Uninterrupted_Baseline,1
1790265430.897711161,Uninterrupted_Baseline,246
1790265430.972832387,Uninterrupted_Baseline,1
1790265430.972832387,Uninterrupted_Baseline,246
1790265431.043611831,Uninterrupted_Baseline,1
1790265431.043611831,Uninterrupted_Baseline,246
1790265431.131206099,Uninterrupted_Baseline,1
1790265431.131206099,Uninterrupted_Baseline,246
1790265431.220121608,Uninterrupted_Baseline,1
1790265431.220121608,Uninterrupted_Baseline,246
1790265431.288018872,Uninterrupted_Baseline,1
1790265431.288018872,Uninterrupted_Baseline,246
1790265431.370552975,Uninterrupted_Baseline,1
1790265431.370552975,Uninterrupted_Baseline,246
1790265431.452525053,Uninterrupted_Baseline,1
1790265431.452525053,Uninterrupted_Baseline,246
1790265431.534354314,Uninterrupted_Baseline,1
1790265431.534354314,Uninterrupted_Baseline,246
1790265431.607375473,Uninterrupted_Baseline,1
1790265431.607375473,Uninterrupted_Baseline,246
1790265431.680608824,Uninterrupted_Baseline,1
1790265431.680608824,Uninterrupted_Baseline,246
1790265431.764380144,Uninterrupted_Baseline,1
1790265431.764380144,Uninterrupted_Baseline,246
1790265431.846802151,Uninterrupted_Baseline,1
1790265431.846802151,Uninterrupted_Baseline,246
1790265431.930585571,Uninterrupted_Baseline,1
1790265431.930585571,Uninterrupted_Baseline,246
1790265431.991881054,Uninterrupted_Baseline,1
1790265431.991881054,Uninterrupted_Baseline,246
1790265432.044196302,Uninterrupted_Baseline,1
1790265432.044196302,Uninterrupted_Baseline,246
1790265432.102141429,Uninterrupted_Baseline,1
1790265432.102141429,Uninterrupted_Baseline,247
1790265432.179269277,Uninterrupted_Baseline,1
1790265432.179269277,Uninterrupted_Baseline,247
1790265432.257342858,Uninterrupted_Baseline,1
1790265432.257342858,Uninterrupted_Baseline,247
1790265432.334103139,Uninterrupted_Baseline,1
1790265432.334103139,Uninterrupted_Baseline,247
1790265432.418300520,Uninterrupted_Baseline,1
1790265432.418300520,Uninterrupted_Baseline,248
1790265432.498113552,Uninterrupted_Baseline,1
1790265432.498113552,Uninterrupted_Baseline,248
1790265432.582558252,Uninterrupted_Baseline,1
1790265432.582558252,Uninterrupted_Baseline,248
1790265432.665351369,Uninterrupted_Baseline,1
1790265432.665351369,Uninterrupted_Baseline,249
1790265432.745836511,Uninterrupted_Baseline,1
1790265432.745836511,Uninterrupted_Baseline,249
1790265432.830734747,Uninterrupted_Baseline,1
1790265432.830734747,Uninterrupted_Baseline,250
1790265432.912807151,Uninterrupted_Baseline,1
1790265432.912807151,Uninterrupted_Baseline,250
1790265432.996016785,Uninterrupted_Baseline,1
1790265432.996016785,Uninterrupted_Baseline,251
1790265433.073266669,Uninterrupted_Baseline,1
1790265433.073266669,Uninterrupted_Baseline,251
1790265433.163619281,Uninterrupted_Baseline,1
1790265433.163619281,Uninterrupted_Baseline,252
1790265433.248037555,Uninterrupted_Baseline,1
1790265433.248037555,Uninterrupted_Baseline,252
1790265433.328042077,Uninterrupted_Baseline,1
1790265433.328042077,Uninterrupted_Baseline,253
1790265433.401143654,Uninterrupted_Baseline,1
1790265433.401143654,Uninterrupted_Baseline,254
1790265433.474162841,Uninterrupted_Baseline,1
1790265433.474162841,Uninterrupted_Baseline,254
1790265433.561537042,Uninterrupted_Baseline,1
1790265433.561537042,Uninterrupted_Baseline,255
1790265433.650130594,Uninterrupted_Baseline,1
1790265433.650130594,Uninterrupted_Baseline,256
1790265433.735710395,Uninterrupted_Baseline,1
1790265433.735710395,Uninterrupted_Baseline,257
1790265433.823323581,Uninterrupted_Baseline,1
1790265433.823323581,Uninterrupted_Baseline,258
1790265433.908280536,Uninterrupted_Baseline,1
1790265433.908280536,Uninterrupted_Baseline,259
1790265433.983194182,Uninterrupted_Baseline,1
1790265433.983194182,Uninterrupted_Baseline,260
1790265434.068106724,Uninterrupted_Baseline,1
1790265434.068106724,Uninterrupted_Baseline,261
1790265434.153844819,Uninterrupted_Baseline,1
1790265434.153844819,Uninterrupted_Baseline,262
1790265434.244009347,Uninterrupted_Baseline,1
1790265434.244009347,Uninterrupted_Baseline,263
1790265434.327145699,Uninterrupted_Baseline,1
1790265434.327145699,Uninterrupted_Baseline,264
1790265434.416285540,Uninterrupted_Baseline,1
1790265434.416285540,Uninterrupted_Baseline,265
1790265434.493076973,Uninterrupted_Baseline,1
1790265434.493076973,Uninterrupted_Baseline,266
1790265434.578382228,Uninterrupted_Baseline,1
1790265434.578382228,Uninterrupted_Baseline,268
1790265434.660408702,Uninterrupted_Baseline,1
1790265434.660408702,Uninterrupted_Baseline,270
1790265434.745309448,Uninterrupted_Baseline,1
1790265434.745309448,Uninterrupted_Baseline,271
1790265434.827399796,Uninterrupted_Baseline,1
1790265434.827399796,Uninterrupted_Baseline,272
1790265434.903087243,Uninterrupted_Baseline,1
1790265434.903087243,Uninterrupted_Baseline,274
1790265434.981778733,Uninterrupted_Baseline,1
1790265434.981778733,Uninterrupted_Baseline,276
1790265435.047844534,Uninterrupted_Baseline,1
1790265435.047844534,Uninterrupted_Baseline,277
1790265435.129994148,Uninterrupted_Baseline,1
1790265435.129994148,Uninterrupted_Baseline,279
1790265435.213039833,Uninterrupted_Baseline,281
1790265435.300324671,Uninterrupted_Baseline,283
1790265435.384441500,Uninterrupted_Baseline,285
1790265435.466430252,Uninterrupted_Baseline,288
1790265435.548161167,Uninterrupted_Baseline,290
1790265435.627550226,Uninterrupted_Baseline,292
1790265435.711156394,Uninterrupted_Baseline,294
1790265435.794428745,Uninterrupted_Baseline,296
1790265435.870614472,Uninterrupted_Baseline,298
1790265435.924638591,Uninterrupted_Baseline,300
1790265435.978934697,Uninterrupted_Baseline,302
1790265436.053864301,Uninterrupted_Baseline,304
1790265436.110200406,Uninterrupted_Baseline,306
1790265436.173964348,Uninterrupted_Baseline,308
1790265436.236603083,Uninterrupted_Baseline,311
1790265436.299144619,Uninterrupted_Baseline,313
1790265436.381202739,Uninterrupted_Baseline,317
1790265436.462082221,Uninterrupted_Baseline,320
1790265436.541911194,Uninterrupted_Baseline,323
1790265436.621803272,Uninterrupted_Baseline,326
1790265436.704198873,Uninterrupted_Baseline,329
1790265436.786160551,Uninterrupted_Baseline,333
1790265436.871089611,Uninterrupted_Baseline,337
1790265436.942119170,Uninterrupted_Baseline,340
1790265437.027227193,Uninterrupted_Baseline,343
1790265437.111034813,Uninterrupted_Baseline,347
1790265437.180185798,Uninterrupted_Baseline,351
1790265437.254053988,Uninterrupted_Baseline,305
1790265437.334449400,Uninterrupted_Baseline,246
1790265437.417620479,Uninterrupted_Baseline,246
1790265437.500921464,Uninterrupted_Baseline,250
1790265437.585178519,Uninterrupted_Baseline,254
1790265437.667284079,Uninterrupted_Baseline,258
1790265437.752832857,Uninterrupted_Baseline,261
1790265437.834064987,Uninterrupted_Baseline,264
1790265437.900926339,Uninterrupted_Baseline,268
1790265437.983190059,Uninterrupted_Baseline,271
1790265438.059331312,Uninterrupted_Baseline,274
1790265438.137950072,Uninterrupted_Baseline,278
1790265438.220099616,Uninterrupted_Baseline,280
1790265438.271173330,Uninterrupted_Baseline,282
1790265438.339330133,Uninterrupted_Baseline,285
1790265438.404168708,Uninterrupted_Baseline,287
1790265438.454747300,Uninterrupted_Baseline,289
1790265438.507329255,Uninterrupted_Baseline,291
1790265438.575209328,Uninterrupted_Baseline,293
1790265438.640723059,Uninterrupted_Baseline,295
1790265438.708604211,Uninterrupted_Baseline,298
1790265438.772134938,Uninterrupted_Baseline,300
1790265438.843984422,Uninterrupted_Baseline,302
1790265438.921541453,Uninterrupted_Baseline,304
1790265438.987259855,Uninterrupted_Baseline,306
1790265439.066163497,Uninterrupted_Baseline,308
1790265439.150581311,Uninterrupted_Baseline,310
1790265439.203832201,Uninterrupted_Baseline,312
1790265439.275247376,Uninterrupted_Baseline,314
1790265439.355881158,Uninterrupted_Baseline,316
1790265439.437470471,Uninterrupted_Baseline,318
1790265439.523471092,Uninterrupted_Baseline,320
1790265439.606797588,Uninterrupted_Baseline,322
1790265439.690211160,Uninterrupted_Baseline,324
1790265439.773061941,Uninterrupted_Baseline,326
1790265439.854279114,Uninterrupted_Baseline,327
1790265439.929257586,Uninterrupted_Baseline,328
1790265439.998058238,Uninterrupted_Baseline,330
1790265440.083619336,Uninterrupted_Baseline,331
1790265440.163994374,Uninterrupted_Baseline,333
1790265440.249878992,Uninterrupted_Baseline,334
1790265440.332236461,Uninterrupted_Baseline,335
1790265440.389757573,Uninterrupted_Baseline,336
1790265440.473728849,Uninterrupted_Baseline,337
1790265440.558474995,Uninterrupted_Baseline,338
1790265440.639006893,Uninterrupted_Baseline,339
1790265440.720495866,Uninterrupted_Baseline,340
1790265440.809159329,Uninterrupted_Baseline,341
1790265440.880934408,Uninterrupted_Baseline,342
1790265440.975737591,Uninterrupted_Baseline,343
1790265441.057399787,Uninterrupted_Baseline,344
1790265441.138578318,Uninterrupted_Baseline,345
1790265441.223516965,Uninterrupted_Baseline,346
1790265441.305546568,Uninterrupted_Baseline,242
1790265441.389948986,Uninterrupted_Baseline,242
1790265441.466411610,Uninterrupted_Baseline,216
1790265441.549048785,Uninterrupted_Baseline,169
1790265441.610481584,Uninterrupted_Baseline,169
1790265441.692460041,Uninterrupted_Baseline,151
1790265441.776947569,Uninterrupted_Baseline,118
1790265441.860249389,Uninterrupted_Baseline,118
1790265441.942836709,Uninterrupted_Baseline,119
1790265442.023585700,Uninterrupted_Baseline,121
1790265442.105009587,Uninterrupted_Baseline,122
1790265442.188560741,Uninterrupted_Baseline,124
1790265442.273563368,Uninterrupted_Baseline,125
1790265442.351751354,Uninterrupted_Baseline,126
1790265442.429258088,Uninterrupted_Baseline,127
1790265442.515129181,Uninterrupted_Baseline,128
1790265442.604732072,Uninterrupted_Baseline,129
1790265442.669931551,Uninterrupted_Baseline,130
1790265442.750054422,Uninterrupted_Baseline,131
1790265442.818942113,Uninterrupted_Baseline,132
1790265442.893777981,Uninterrupted_Baseline,133
1790265442.975261714,Uninterrupted_Baseline,134
1790265443.042100167,Uninterrupted_Baseline,135
1790265443.126082031,Uninterrupted_Baseline,136
1790265443.208997319,Uninterrupted_Baseline,136
1790265443.292471023,Uninterrupted_Baseline,137
1790265443.374474996,Uninterrupted_Baseline,138
1790265443.451895985,Uninterrupted_Baseline,138
1790265443.532260613,Uninterrupted_Baseline,139
1790265443.605903716,Uninterrupted_Baseline,139
1790265443.683473587,Uninterrupted_Baseline,140
1790265443.766585215,Uninterrupted_Baseline,140
1790265443.852457984,Uninterrupted_Baseline,141
1790265443.933585017,Uninterrupted_Baseline,141
1790265444.019775484,Uninterrupted_Baseline,141
1790265444.118381445,Uninterrupted_Baseline,141
1790265444.189378129,Uninterrupted_Baseline,142
1790265444.270904462,Uninterrupted_Baseline,142
1790265444.354600810,Uninterrupted_Baseline,142
1790265444.439294050,Uninterrupted_Baseline,142
1790265444.513597925,Uninterrupted_Baseline,143
1790265444.587471700,Uninterrupted_Baseline,143
1790265444.677085074,Uninterrupted_Baseline,143
1790265444.759205954,Uninterrupted_Baseline,143
1790265444.827779874,Uninterrupted_Baseline,143
1790265444.902276638,Uninterrupted_Baseline,143
1790265444.990383728,Uninterrupted_Baseline,143
1790265445.053960696,Uninterrupted_Baseline,143
1790265445.122843903,Uninterrupted_Baseline,143
1790265445.203259430,Uninterrupted_Baseline,143
1790265445.285864847,Uninterrupted_Baseline,143
1790265445.368254912,Uninterrupted_Baseline,143
1790265445.452812270,Uninterrupted_Baseline,143
1790265445.540074633,Uninterrupted_Baseline,143
1790265445.624280322,Uninterrupted_Baseline,144
1790265445.706390132,Uninterrupted_Baseline,144
1790265445.772638049,Uninterrupted_Baseline,145
1790265445.852799236,Uninterrupted_Baseline,145
1790265445.928831029,Uninterrupted_Baseline,146
1790265446.013103874,Uninterrupted_Baseline,146
1790265446.098590312,Uninterrupted_Baseline,147
1790265446.176606550,Uninterrupted_Baseline,147
1790265446.261117728,Uninterrupted_Baseline,148
1790265446.340254107,Uninterrupted_Baseline,149
1790265446.429241968,Uninterrupted_Baseline,149
1790265446.507222992,Uninterrupted_Baseline,150
1790265446.602158125,Uninterrupted_Baseline,150
1790265446.684357859,Uninterrupted_Baseline,151
1790265446.766948910,Uninterrupted_Baseline,151
1790265446.853458701,Uninterrupted_Baseline,152
1790265446.939354171,Uninterrupted_Baseline,153
1790265447.020350488,Uninterrupted_Baseline,153
1790265447.103498329,Uninterrupted_Baseline,154
1790265447.190021154,Uninterrupted_Baseline,155
1790265447.260631000,Uninterrupted_Baseline,155
1790265447.337904531,Uninterrupted_Baseline,156
1790265447.420456298,Uninterrupted_Baseline,156
1790265447.503041532,Uninterrupted_Baseline,157
1790265447.587494524,Uninterrupted_Baseline,157
1790265447.668350362,Uninterrupted_Baseline,158
1790265447.751270763,Uninterrupted_Baseline,158
1790265447.839294585,Uninterrupted_Baseline,159
1790265447.925505324,Uninterrupted_Baseline,160
1790265448.008874139,Uninterrupted_Baseline,160
1790265448.081491626,Uninterrupted_Baseline,161
1790265448.146230469,Uninterrupted_Baseline,161
1790265448.212042907,Uninterrupted_Baseline,162
1790265448.282467836,Uninterrupted_Baseline,162
1790265448.343269963,Uninterrupted_Baseline,162
1790265448.417354353,Uninterrupted_Baseline,163
1790265448.475704255,Uninterrupted_Baseline,163
1790265448.529578037,Uninterrupted_Baseline,164
1790265448.588740791,Uninterrupted_Baseline,164
1790265448.650894553,Uninterrupted_Baseline,165
1790265448.723848484,Uninterrupted_Baseline,165
1790265448.805481731,Uninterrupted_Baseline,166
1790265448.881975544,Uninterrupted_Baseline,166
1790265448.933976692,Uninterrupted_Baseline,167
1790265449.001488723,Uninterrupted_Baseline,167
1790265449.063557010,Uninterrupted_Baseline,168
1790265449.140440834,Uninterrupted_Baseline,168
1790265449.215902924,Uninterrupted_Baseline,169
1790265449.290996717,Uninterrupted_Baseline,169
1790265449.368750524,Uninterrupted_Baseline,170
1790265449.455024026,Uninterrupted_Baseline,170
1790265449.539227715,Uninterrupted_Baseline,171
1790265449.621909820,Uninterrupted_Baseline,171
1790265449.710343165,Uninterrupted_Baseline,172
1790265449.793031706,Uninterrupted_Baseline,173
1790265449.875518943,Uninterrupted_Baseline,173
1790265449.954511481,Uninterrupted_Baseline,174
1790265450.030982031,Uninterrupted_Baseline,174
1790265450.112768623,Uninterrupted_Baseline,175
1790265450.195496072,Uninterrupted_Baseline,176
1790265450.281069685,Uninterrupted_Baseline,177
1790265450.365517506,Uninterrupted_Baseline,179
1790265450.446171332,Uninterrupted_Baseline,181
1790265450.524499768,Uninterrupted_Baseline,183
1790265450.584963805,Uninterrupted_Baseline,185
1790265450.669910397,Uninterrupted_Baseline,187
1790265450.751927826,Uninterrupted_Baseline,189
1790265450.832869908,Uninterrupted_Baseline,192
1790265450.907092463,Uninterrupted_Baseline,194
1790265450.989079764,Uninterrupted_Baseline,196
1790265451.073170426,Uninterrupted_Baseline,198
1790265451.145080633,Uninterrupted_Baseline,201
1790265451.226775506,Uninterrupted_Baseline,203
1790265451.295290305,Uninterrupted_Baseline,206
1790265451.356577192,Uninterrupted_Baseline,208
1790265451.429778419,Uninterrupted_Baseline,211
1790265451.518009097,Uninterrupted_Baseline,215
1790265451.601221957,Uninterrupted_Baseline,217
1790265451.676226612,Uninterrupted_Baseline,220
1790265451.760844090,Uninterrupted_Baseline,224
1790265451.845185342,Uninterrupted_Baseline,227
1790265451.931644268,Uninterrupted_Baseline,231
1790265452.012980998,Uninterrupted_Baseline,235
1790265452.096809770,Uninterrupted_Baseline,239
1790265452.178157231,Uninterrupted_Baseline,243
1790265452.264236538,Uninterrupted_Baseline,247
1790265452.345164060,Uninterrupted_Baseline,250
1790265452.418243164,Uninterrupted_Baseline,255
1790265452.499642260,Uninterrupted_Baseline,259
1790265452.582116448,Uninterrupted_Baseline,263
1790265452.665069136,Uninterrupted_Baseline,267
1790265452.758415703,Uninterrupted_Baseline,273
1790265452.843447325,Uninterrupted_Baseline,278
1790265452.923072896,Uninterrupted_Baseline,282
1790265453.006316280,Uninterrupted_Baseline,287
1790265453.090936518,Uninterrupted_Baseline,292
1790265453.177298649,Uninterrupted_Baseline,298
1790265453.258456593,Uninterrupted_Baseline,303
1790265453.343165481,Uninterrupted_Baseline,309
1790265453.426112305,Uninterrupted_Baseline,315
1790265453.517076392,Uninterrupted_Baseline,320
1790265453.600793927,Uninterrupted_Baseline,327
1790265453.686220249,Uninterrupted_Baseline,333
1790265453.771951788,Uninterrupted_Baseline,339
1790265453.853252683,Uninterrupted_Baseline,346
1790265453.931361619,Uninterrupted_Baseline,351
1790265454.018972276,Uninterrupted_Baseline,358
1790265454.097309399,Uninterrupted_Baseline,251
1790265454.185639005,Uninterrupted_Baseline,254
1790265454.269598384,Uninterrupted_Baseline,258
1790265454.356617292,Uninterrupted_Baseline,262
1790265454.441874075,Uninterrupted_Baseline,266
1790265454.519830775,Uninterrupted_Baseline,269
1790265454.601021400,Uninterrupted_Baseline,273
1790265454.688517777,Uninterrupted_Baseline,276
1790265454.772255540,Uninterrupted_Baseline,280
1790265454.858406103,Uninterrupted_Baseline,284
1790265454.938618980,Uninterrupted_Baseline,287
1790265455.020025631,Uninterrupted_Baseline,290
1790265455.097601688,Uninterrupted_Baseline,293
1790265455.179314423,Uninterrupted_Baseline,296
1790265455.265290579,Uninterrupted_Baseline,299
1790265455.350058029,Uninterrupted_Baseline,301
1790265455.426612358,Uninterrupted_Baseline,304
1790265455.512281507,Uninterrupted_Baseline,307
1790265455.594109039,Uninterrupted_Baseline,309
1790265455.679318753,Uninterrupted_Baseline,311
1790265455.758044283,Uninterrupted_Baseline,313
1790265455.835816056,Uninterrupted_Baseline,316
1790265455.915377051,Uninterrupted_Baseline,318
1790265455.966959176,Uninterrupted_Baseline,319
1790265456.028911855,Uninterrupted_Baseline,321
1790265456.092882179,Uninterrupted_Baseline,323
1790265456.168555579,Uninterrupted_Baseline,325
1790265456.252715923,Uninterrupted_Baseline,327
1790265456.338389405,Uninterrupted_Baseline,329
1790265456.425574180,Uninterrupted_Baseline,331
1790265456.509999397,Uninterrupted_Baseline,332
1790265456.594376021,Uninterrupted_Baseline,334
1790265456.674331985,Uninterrupted_Baseline,336
1790265456.763811303,Uninterrupted_Baseline,337
1790265456.842792608,Uninterrupted_Baseline,338
1790265456.919304702,Uninterrupted_Baseline,340
1790265457.002916838,Uninterrupted_Baseline,341
1790265457.087090671,Uninterrupted_Baseline,342
1790265457.156698605,Uninterrupted_Baseline,240
1790265457.238705578,Uninterrupted_Baseline,240
1790265457.305492611,Uninterrupted_Baseline,240
1790265457.375788362,Uninterrupted_Baseline,241
1790265457.454287026,Uninterrupted_Baseline,244
1790265457.541481657,Uninterrupted_Baseline,246
1790265457.628755492,Uninterrupted_Baseline,249
1790265457.716182881,Uninterrupted_Baseline,251
1790265457.792034451,Uninterrupted_Baseline,253
1790265457.878203129,Uninterrupted_Baseline,255
1790265457.962866073,Uninterrupted_Baseline,257
1790265458.040119725,Uninterrupted_Baseline,259
1790265458.101820544,Uninterrupted_Baseline,261
1790265458.187236677,Uninterrupted_Baseline,262
1790265458.260376927,Uninterrupted_Baseline,264
1790265458.330128992,Uninterrupted_Baseline,265
1790265458.411552290,Uninterrupted_Baseline,267
1790265458.462391454,Uninterrupted_Baseline,267
1790265458.516056539,Uninterrupted_Baseline,269
1790265458.579867250,Uninterrupted_Baseline,270
1790265458.649568317,Uninterrupted_Baseline,271
1790265458.708279976,Uninterrupted_Baseline,272
1790265458.791190804,Uninterrupted_Baseline,273
1790265458.861502923,Uninterrupted_Baseline,274
1790265458.939107691,Uninterrupted_Baseline,275
1790265459.002642369,Uninterrupted_Baseline,276
1790265459.079124562,Uninterrupted_Baseline,277
1790265459.142856901,Uninterrupted_Baseline,278
1790265459.212874223,Uninterrupted_Baseline,279
1790265459.285476224,Uninterrupted_Baseline,280
1790265459.368300504,Uninterrupted_Baseline,281
1790265459.448957180,Uninterrupted_Baseline,282
1790265459.531961401,Uninterrupted_Baseline,283
1790265459.612232013,Uninterrupted_Baseline,284
1790265459.696907488,Uninterrupted_Baseline,285
1790265459.775957392,Uninterrupted_Baseline,285
1790265459.853928677,Uninterrupted_Baseline,286
1790265459.935984495,Uninterrupted_Baseline,286
1790265460.019895121,Uninterrupted_Baseline,287
1790265460.101258453,Uninterrupted_Baseline,287
1790265460.176176443,Uninterrupted_Baseline,288
1790265460.249009553,Uninterrupted_Baseline,288
1790265460.325081418,Uninterrupted_Baseline,288
1790265460.395420109,Uninterrupted_Baseline,289
1790265460.465145214,Uninterrupted_Baseline,289
1790265460.546061648,Uninterrupted_Baseline,289
1790265460.623935855,Uninterrupted_Baseline,290
1790265460.703028550,Uninterrupted_Baseline,290
1790265460.784267635,Uninterrupted_Baseline,290
1790265460.865881616,Uninterrupted_Baseline,290
1790265460.953303390,Uninterrupted_Baseline,290
1790265461.030732156,Uninterrupted_Baseline,291
1790265461.108267869,Uninterrupted_Baseline,291
1790265461.178382204,Uninterrupted_Baseline,291
1790265461.258263043,Uninterrupted_Baseline,291
1790265461.316554282,Uninterrupted_Baseline,291
1790265461.383027150,Uninterrupted_Baseline,291
1790265461.451300172,Uninterrupted_Baseline,291
1790265461.536231567,Uninterrupted_Baseline,291
1790265461.615903769,Uninterrupted_Baseline,291
1790265461.699718628,Uninterrupted_Baseline,291
1790265461.783435808,Uninterrupted_Baseline,291
1790265461.870009561,Uninterrupted_Baseline,291
1790265461.952052333,Uninterrupted_Baseline,291
1790265462.022367585,Uninterrupted_Baseline,291
1790265462.105194934,Uninterrupted_Baseline,291
1790265462.192235176,Uninterrupted_Baseline,291
1790265462.276236435,Uninterrupted_Baseline,291
1790265462.357471430,Uninterrupted_Baseline,291
1790265462.442530413,Uninterrupted_Baseline,291
1790265462.520284906,Uninterrupted_Baseline,291
1790265462.603952632,Uninterrupted_Baseline,291
1790265462.694866618,Uninterrupted_Baseline,291
1790265462.779829679,Uninterrupted_Baseline,291
1790265462.863770380,Uninterrupted_Baseline,291
1790265462.946112752,Uninterrupted_Baseline,291
1790265463.033141887,Uninterrupted_Baseline,291
1790265463.116570206,Uninterrupted_Baseline,291
1790265463.214817714,Uninterrupted_Baseline,291
1790265463.302144583,Uninterrupted_Baseline,291
1790265463.390707585,Uninterrupted_Baseline,291
1790265463.478109338,Uninterrupted_Baseline,291
1790265463.569734659,Uninterrupted_Baseline,291
1790265463.651998634,Uninterrupted_Baseline,292
1790265463.737321415,Uninterrupted_Baseline,292
1790265463.819520730,Uninterrupted_Baseline,292
1790265463.900336927,Uninterrupted_Baseline,292
1790265463.987533090,Uninterrupted_Baseline,292
1790265464.069809951,Uninterrupted_Baseline,293
1790265464.150367889,Uninterrupted_Baseline,293
1790265464.232322402,Uninterrupted_Baseline,293
1790265464.317477446,Uninterrupted_Baseline,294
1790265464.404223023,Uninterrupted_Baseline,294
1790265464.486534389,Uninterrupted_Baseline,295
1790265464.563210333,Uninterrupted_Baseline,295
1790265464.649410300,Uninterrupted_Baseline,296
1790265464.732709666,Uninterrupted_Baseline,296
1790265464.809869437,Uninterrupted_Baseline,297
1790265464.886152625,Uninterrupted_Baseline,297
1790265464.966830651,Uninterrupted_Baseline,298
1790265465.050180787,Uninterrupted_Baseline,299
1790265465.110913487,Uninterrupted_Baseline,299
1790265465.186939381,Uninterrupted_Baseline,300
1790265465.274145440,Uninterrupted_Baseline,301
1790265465.354264539,Uninterrupted_Baseline,302
1790265465.437261947,Uninterrupted_Baseline,303
1790265465.516977613,Uninterrupted_Baseline,304
1790265465.603022845,Uninterrupted_Baseline,305
1790265465.685834555,Uninterrupted_Baseline,306
1790265465.769736487,Uninterrupted_Baseline,307
1790265465.850408878,Uninterrupted_Baseline,308
1790265465.932424161,Uninterrupted_Baseline,309
1790265466.016436792,Uninterrupted_Baseline,310
1790265466.095973241,Uninterrupted_Baseline,311
1790265466.177229637,Uninterrupted_Baseline,313
1790265466.254498806,Uninterrupted_Baseline,314
1790265466.316376175,Uninterrupted_Baseline,315
1790265466.384131730,Uninterrupted_Baseline,317
1790265466.466025158,Uninterrupted_Baseline,318
1790265466.533456072,Uninterrupted_Baseline,320
1790265466.603080810,Uninterrupted_Baseline,321
1790265466.683956433,Uninterrupted_Baseline,323
1790265466.760383432,Uninterrupted_Baseline,325
1790265466.846953954,Uninterrupted_Baseline,327
1790265466.929023937,Uninterrupted_Baseline,329
1790265467.010269953,Uninterrupted_Baseline,331
1790265467.093084449,Uninterrupted_Baseline,333
1790265467.177154423,Uninterrupted_Baseline,335
1790265467.258153769,Uninterrupted_Baseline,337
1790265467.323073364,Uninterrupted_Baseline,339
1790265467.406909275,Uninterrupted_Baseline,342
1790265467.487803642,Uninterrupted_Baseline,344
1790265467.569276760,Uninterrupted_Baseline,346
1790265467.648132974,Uninterrupted_Baseline,349
1790265467.731136910,Uninterrupted_Baseline,317
1790265467.814163683,Uninterrupted_Baseline,245
1790265467.890296656,Uninterrupted_Baseline,245
1790265467.963628661,Uninterrupted_Baseline,245
1790265468.046378926,Uninterrupted_Baseline,250
1790265468.097802796,Uninterrupted_Baseline,253
1790265468.173283194,Uninterrupted_Baseline,256
1790265468.249546122,Uninterrupted_Baseline,259
1790265479.067248939,Phase1_Baseline,10
1790265479.134051031,Phase1_Baseline,20
1790265479.198038460,Phase1_Baseline,30
1790265479.278880283,Phase1_Baseline,58
1790265479.361327950,Phase1_Baseline,116
1790265479.439562413,Phase1_Baseline,237
1790265479.524363446,Phase1_Baseline,412
1790265479.607582256,Phase1_Baseline,732
1790265479.690778925,Phase1_Baseline,688
1790265479.769218165,Phase1_Baseline,566
1790265479.851048606,Phase1_Baseline,512
1790265479.930473989,Phase1_Baseline,500
1790265480.012177280,Phase1_Baseline,401
1790265480.090051954,Phase1_Baseline,358
1790265480.171016550,Phase1_Baseline,318
1790265480.252247462,Phase1_Baseline,250
1790265480.329248482,Phase1_Baseline,175
1790265480.391817332,Phase1_Baseline,175
1790265480.476082582,Phase1_Baseline,175
1790265480.555059732,Phase1_Baseline,135
1790265480.637814262,Phase1_Baseline,122
1790265480.722812259,Phase1_Baseline,108
1790265480.813907259,Phase1_Baseline,85
1790265480.889936212,Phase1_Baseline,87
1790265480.970600021,Phase1_Baseline,88
1790265481.049879396,Phase1_Baseline,89
1790265481.131331525,Phase1_Baseline,90
1790265481.213280539,Phase1_Baseline,91
1790265481.285998739,Phase1_Baseline,92
1790265481.341888838,Phase1_Baseline,93
1790265481.414773188,Phase1_Baseline,94
1790265481.498289666,Phase1_Baseline,95
1790265481.579273289,Phase1_Baseline,95
1790265481.663270142,Phase1_Baseline,96
1790265481.742639073,Phase1_Baseline,97
1790265481.825931290,Phase1_Baseline,97
1790265481.911434177,Phase1_Baseline,98
1790265481.993879469,Phase1_Baseline,99
1790265482.073593565,Phase1_Baseline,99
1790265482.155252789,Phase1_Baseline,100
1790265482.235848668,Phase1_Baseline,100
1790265482.311535755,Phase1_Baseline,100
1790265482.393454207,Phase1_Baseline,101
1790265482.478494715,Phase1_Baseline,101
1790265482.564728109,Phase1_Baseline,101
1790265482.646456335,Phase1_Baseline,102
1790265482.729075923,Phase1_Baseline,102
1790265482.813951327,Phase1_Baseline,102
1790265482.896352135,Phase1_Baseline,102
1790265482.980706192,Phase1_Baseline,103
1790265483.061829169,Phase1_Baseline,103
1790265483.146824289,Phase1_Baseline,103
1790265483.223864922,Phase1_Baseline,103
1790265483.305945576,Phase1_Baseline,103
1790265483.383584416,Phase1_Baseline,103
1790265483.463560761,Phase1_Baseline,103
1790265483.546005892,Phase1_Baseline,104
1790265483.629159553,Phase1_Baseline,104
1790265483.710439848,Phase1_Baseline,105
1790265483.788025488,Phase1_Baseline,105
1790265483.872765086,Phase1_Baseline,106
1790265483.955610719,Phase1_Baseline,106
1790265484.019555794,Phase1_Baseline,107
1790265484.101907745,Phase1_Baseline,107
1790265484.185044660,Phase1_Baseline,108
1790265484.269447421,Phase1_Baseline,109
1790265484.346784759,Phase1_Baseline,109
1790265484.425938590,Phase1_Baseline,110
1790265484.502997094,Phase1_Baseline,110
1790265484.574369500,Phase1_Baseline,111
1790265484.652916980,Phase1_Baseline,111
1790265484.730467996,Phase1_Baseline,112
1790265484.796970561,Phase1_Baseline,112
1790265484.867006608,Phase1_Baseline,113
1790265484.930979740,Phase1_Baseline,113
1790265484.999595153,Phase1_Baseline,114
1790265485.067508328,Phase1_Baseline,114
1790265485.145863404,Phase1_Baseline,115
1790265485.218033136,Phase1_Baseline,115
1790265485.300418023,Phase1_Baseline,116
1790265485.372149543,Phase1_Baseline,116
1790265485.431341246,Phase1_Baseline,117
1790265485.512503706,Phase1_Baseline,117
1790265485.596732845,Phase1_Baseline,118
1790265485.681568856,Phase1_Baseline,119
1790265485.766799204,Phase1_Baseline,119
1790265485.848020381,Phase1_Baseline,120
1790265485.927820242,Phase1_Baseline,120
1790265486.012578177,Phase1_Baseline,121
1790265486.081552924,Phase1_Baseline,121
1790265486.152074002,Phase1_Baseline,122
1790265486.229714208,Phase1_Baseline,122
1790265486.311625708,Phase1_Baseline,123
1790265486.390744572,Phase1_Baseline,123
1790265486.464918004,Phase1_Baseline,124
1790265486.548349909,Phase1_Baseline,125
1790265486.634128639,Phase1_Baseline,125
1790265486.718808864,Phase1_Baseline,126
1790265486.803588571,Phase1_Baseline,126
1790265486.886250273,Phase1_Baseline,127
1790265486.968465713,Phase1_Baseline,128
1790265487.058716884,Phase1_Baseline,128
1790265487.135475168,Phase1_Baseline,129
1790265487.210240985,Phase1_Baseline,129
1790265487.271879759,Phase1_Baseline,130
1790265487.337604060,Phase1_Baseline,130
1790265487.410996585,Phase1_Baseline,131
1790265487.490209826,Phase1_Baseline,131
1790265487.566818633,Phase1_Baseline,132
1790265487.655061115,Phase1_Baseline,132
1790265487.736444372,Phase1_Baseline,133
1790265487.819831598,Phase1_Baseline,133
1790265487.894129252,Phase1_Baseline,134
1790265487.971976120,Phase1_Baseline,135
1790265488.053821459,Phase1_Baseline,135
1790265488.121469956,Phase1_Baseline,136
1790265488.196009054,Phase1_Baseline,136
1790265488.272313251,Phase1_Baseline,137
1790265488.338880436,Phase1_Baseline,137
1790265488.402338860,Phase1_Baseline,137
1790265488.453056787,Phase1_Baseline,138
1790265488.504378421,Phase1_Baseline,138
1790265488.572928792,Phase1_Baseline,139
1790265488.625194779,Phase1_Baseline,139
1790265488.680449667,Phase1_Baseline,140
1790265488.747099627,Phase1_Baseline,140
1790265488.827566767,Phase1_Baseline,141
1790265488.911577337,Phase1_Baseline,142
1790265488.983320485,Phase1_Baseline,143
1790265489.069239236,Phase1_Baseline,145
1790265489.147882604,Phase1_Baseline,147
1790265489.218321687,Phase1_Baseline,149
1790265489.288520997,Phase1_Baseline,151
1790265489.370571646,Phase1_Baseline,153
1790265489.437715194,Phase1_Baseline,155
1790265489.509745512,Phase1_Baseline,157
1790265489.597193933,Phase1_Baseline,160
1790265489.680565689,Phase1_Baseline,163
1790265489.760948183,Phase1_Baseline,165
1790265489.832445998,Phase1_Baseline,168
1790265489.918961280,Phase1_Baseline,171
1790265489.995246779,Phase1_Baseline,174
1790265490.079449344,Phase1_Baseline,178
1790265490.160750985,Phase1_Baseline,181
1790265490.234316445,Phase1_Baseline,184
1790265490.317515157,Phase1_Baseline,187
1790265490.410197346,Phase1_Baseline,192
1790265490.504638504,Phase1_Baseline,195
1790265490.587537901,Phase1_Baseline,199
1790265490.667072513,Phase1_Baseline,203
1790265490.752643712,Phase1_Baseline,207
1790265490.825771230,Phase1_Baseline,211
1790265490.913595043,Phase1_Baseline,215
1790265491.001182230,Phase1_Baseline,220
1790265491.086089576,Phase1_Baseline,225
1790265491.166095228,Phase1_Baseline,229
1790265491.250327390,Phase1_Baseline,233
1790265491.329556616,Phase1_Baseline,239
1790265491.407422876,Phase1_Baseline,243
1790265491.469380988,Phase1_Baseline,246
1790265491.544704681,Phase1_Baseline,251
1790265491.628315567,Phase1_Baseline,257
1790265491.712244989,Phase1_Baseline,262
1790265491.801750274,Phase1_Baseline,268
1790265491.886488554,Phase1_Baseline,274
1790265491.965739844,Phase1_Baseline,279
1790265492.045377320,Phase1_Baseline,285
1790265492.130183155,Phase1_Baseline,291
1790265492.210714953,Phase1_Baseline,297
1790265492.295898616,Phase1_Baseline,304
1790265492.382109836,Phase1_Baseline,310
1790265492.461234217,Phase1_Baseline,315
1790265492.534885490,Phase1_Baseline,321
1790265492.619767215,Phase1_Baseline,328
1790265492.701605831,Phase1_Baseline,335
1790265492.789237733,Phase1_Baseline,343
1790265492.864500770,Phase1_Baseline,349
1790265492.925020364,Phase1_Baseline,353
1790265492.992519364,Phase1_Baseline,360
1790265493.059887743,Phase1_Baseline,366
1790265493.132417786,Phase1_Baseline,256
1790265493.213020065,Phase1_Baseline,256
1790265493.302385103,Phase1_Baseline,180
1790265493.369316935,Phase1_Baseline,180
1790265493.450233430,Phase1_Baseline,182
1790265493.530281574,Phase1_Baseline,184
1790265493.607895590,Phase1_Baseline,186
1790265493.678383097,Phase1_Baseline,188
1790265493.762576932,Phase1_Baseline,190
1790265493.846474807,Phase1_Baseline,191
1790265493.934751826,Phase1_Baseline,193
1790265494.015491147,Phase1_Baseline,195
1790265494.094795714,Phase1_Baseline,196
1790265494.170857043,Phase1_Baseline,197
1790265494.246800078,Phase1_Baseline,198
1790265494.321871570,Phase1_Baseline,199
1790265494.411244344,Phase1_Baseline,201
1790265494.493979538,Phase1_Baseline,202
1790265494.580544451,Phase1_Baseline,204
1790265494.651472115,Phase1_Baseline,205
1790265494.733926426,Phase1_Baseline,206
1790265494.815154433,Phase1_Baseline,207
1790265494.893722431,Phase1_Baseline,208
1790265494.976860129,Phase1_Baseline,209
1790265495.055082104,Phase1_Baseline,210
1790265495.137938513,Phase1_Baseline,211
1790265495.221262294,Phase1_Baseline,212
1790265495.306466753,Phase1_Baseline,212
1790265495.384511786,Phase1_Baseline,213
1790265495.464944993,Phase1_Baseline,213
1790265495.546559765,Phase1_Baseline,214
1790265495.621854249,Phase1_Baseline,215
1790265495.705161568,Phase1_Baseline,215
1790265495.785736439,Phase1_Baseline,215
1790265495.863208218,Phase1_Baseline,216
1790265495.945862155,Phase1_Baseline,216
1790265496.024139984,Phase1_Baseline,217
1790265496.102186068,Phase1_Baseline,217
1790265496.190194164,Phase1_Baseline,217
1790265496.242971982,Phase1_Baseline,217
1790265496.293343789,Phase1_Baseline,218
1790265496.350500229,Phase1_Baseline,218
1790265496.417593092,Phase1_Baseline,218
1790265496.472524207,Phase1_Baseline,218
1790265496.542856783,Phase1_Baseline,218
1790265496.620357722,Phase1_Baseline,219
1790265496.694336076,Phase1_Baseline,219
1790265496.771388275,Phase1_Baseline,219
1790265496.853823028,Phase1_Baseline,219
1790265496.934433187,Phase1_Baseline,219
1790265497.008754275,Phase1_Baseline,219
1790265497.083802562,Phase1_Baseline,219
1790265497.166907441,Phase1_Baseline,219
1790265497.248845527,Phase1_Baseline,219
1790265497.340220002,Phase1_Baseline,219
1790265497.414837173,Phase1_Baseline,219
1790265497.495782880,Phase1_Baseline,219
1790265497.579742160,Phase1_Baseline,219
1790265497.660405918,Phase1_Baseline,219
1790265497.743143324,Phase1_Baseline,219
1790265497.814301887,Phase1_Baseline,219
1790265497.898047561,Phase1_Baseline,219
1790265497.979190516,Phase1_Baseline,219
1790265498.068070916,Phase1_Baseline,219
1790265498.121410157,Phase1_Baseline,219
1790265498.173507232,Phase1_Baseline,219
1790265498.245037201,Phase1_Baseline,219
1790265498.321561457,Phase1_Baseline,219
1790265498.400519645,Phase1_Baseline,219
1790265498.453573047,Phase1_Baseline,219
1790265498.512839170,Phase1_Baseline,219
1790265498.590203960,Phase1_Baseline,219
1790265498.648150380,Phase1_Baseline,219
1790265498.713842074,Phase1_Baseline,219
1790265498.789899123,Phase1_Baseline,219
1790265498.867011215,Phase1_Baseline,219
1790265498.945417569,Phase1_Baseline,219
1790265499.027872725,Phase1_Baseline,219
1790265499.096878076,Phase1_Baseline,219
1790265499.175905892,Phase1_Baseline,220
1790265499.252488561,Phase1_Baseline,220
1790265499.326739330,Phase1_Baseline,221
1790265499.402920628,Phase1_Baseline,221
1790265499.471837796,Phase1_Baseline,222
1790265499.555993645,Phase1_Baseline,222
1790265499.634404373,Phase1_Baseline,223
1790265499.715492217,Phase1_Baseline,223
1790265499.776999392,Phase1_Baseline,224
1790265499.845103577,Phase1_Baseline,224
1790265499.927595960,Phase1_Baseline,225
1790265500.003306607,Phase1_Baseline,225
1790265500.079074202,Phase1_Baseline,226
1790265500.161157165,Phase1_Baseline,226
1790265500.242363975,Phase1_Baseline,227
1790265500.322191681,Phase1_Baseline,228
1790265500.402506613,Phase1_Baseline,228
1790265500.480952293,Phase1_Baseline,229
1790265500.550998515,Phase1_Baseline,229
1790265500.628715458,Phase1_Baseline,230
1790265500.697042749,Phase1_Baseline,230
1790265500.779129823,Phase1_Baseline,231
1790265500.858778618,Phase1_Baseline,231
1790265500.942745774,Phase1_Baseline,232
1790265501.018254580,Phase1_Baseline,233
1790265501.106038773,Phase1_Baseline,233
1790265501.188540732,Phase1_Baseline,234
1790265501.272600419,Phase1_Baseline,234
1790265501.333955623,Phase1_Baseline,235
1790265501.420749585,Phase1_Baseline,236
1790265501.494117923,Phase1_Baseline,237
1790265501.573788803,Phase1_Baseline,238
1790265501.655286373,Phase1_Baseline,239
1790265501.725794439,Phase1_Baseline,240
1790265501.807115181,Phase1_Baseline,241
1790265501.884027031,Phase1_Baseline,242
1790265501.960710966,Phase1_Baseline,243
1790265502.043985966,Phase1_Baseline,245
1790265502.126979250,Phase1_Baseline,247
1790265502.208050589,Phase1_Baseline,249
1790265502.289759719,Phase1_Baseline,251
1790265502.368933515,Phase1_Baseline,253
1790265502.450010464,Phase1_Baseline,254
1790265502.527266520,Phase1_Baseline,256
1790265502.611252013,Phase1_Baseline,258
1790265502.693640059,Phase1_Baseline,260
1790265502.779840123,Phase1_Baseline,262
1790265502.858643730,Phase1_Baseline,265
1790265502.936283191,Phase1_Baseline,267
1790265503.012930681,Phase1_Baseline,269
1790265503.093505142,Phase1_Baseline,272
1790265503.174019469,Phase1_Baseline,274
1790265503.249490964,Phase1_Baseline,276
1790265503.331082961,Phase1_Baseline,279
1790265503.414313691,Phase1_Baseline,282
1790265503.500382113,Phase1_Baseline,285
1790265503.581143804,Phase1_Baseline,288
1790265503.661717883,Phase1_Baseline,291
1790265503.737305345,Phase1_Baseline,294
1790265503.804066915,Phase1_Baseline,296
1790265503.866642228,Phase1_Baseline,299
1790265503.946955609,Phase1_Baseline,302
1790265504.023409627,Phase1_Baseline,306
1790265504.103983008,Phase1_Baseline,309
1790265504.186178137,Phase1_Baseline,313
1790265504.263349590,Phase1_Baseline,317
1790265504.345196296,Phase1_Baseline,321
1790265504.426770213,Phase1_Baseline,325
1790265504.503419966,Phase1_Baseline,328
1790265504.590983517,Phase1_Baseline,333
1790265504.677344788,Phase1_Baseline,337
1790265504.757991297,Phase1_Baseline,342
1790265504.834582014,Phase1_Baseline,346
1790265504.895178854,Phase1_Baseline,350
1790265504.976794780,Phase1_Baseline,354
1790265505.067755389,Phase1_Baseline,359
1790265505.155117318,Phase1_Baseline,282
1790265505.242301457,Phase1_Baseline,254
1790265505.328252799,Phase1_Baseline,259
1790265505.403505720,Phase1_Baseline,262
1790265505.452935912,Phase1_Baseline,264
1790265505.506621645,Phase1_Baseline,267
1790265505.570583547,Phase1_Baseline,269
1790265505.640579229,Phase1_Baseline,273
1790265505.724085700,Phase1_Baseline,276
1790265505.806194385,Phase1_Baseline,280
1790265505.879327208,Phase1_Baseline,283
1790265505.960966272,Phase1_Baseline,286
1790265506.047361217,Phase1_Baseline,289
1790265506.128581458,Phase1_Baseline,292
1790265506.209129197,Phase1_Baseline,296
1790265506.290006463,Phase1_Baseline,298
1790265506.357441735,Phase1_Baseline,301
1790265506.433912992,Phase1_Baseline,303
1790265506.507515044,Phase1_Baseline,306
1790265506.587939812,Phase1_Baseline,308
1790265506.672631561,Phase1_Baseline,311
1790265506.757027447,Phase1_Baseline,313
1790265506.840405983,Phase1_Baseline,316
1790265506.923379017,Phase1_Baseline,318
1790265506.989071715,Phase1_Baseline,320
1790265508.340158219,Phase2_Migrated,10
1790265508.419250055,Phase2_Migrated,10
1790265508.476790079,Phase2_Migrated,10
1790265508.549864999,Phase2_Migrated,18
1790265508.611951278,Phase2_Migrated,36
1790265508.676933731,Phase2_Migrated,72
1790265508.767809599,Phase2_Migrated,150
1790265508.855457060,Phase2_Migrated,373
1790265508.953108110,Phase2_Migrated,693
1790265509.040311067,Phase2_Migrated,960
1790265509.124866050,Phase2_Migrated,872
1790265509.189690826,Phase2_Migrated,769
1790265509.278602293,Phase2_Migrated,704
1790265509.374768931,Phase2_Migrated,704
1790265509.465834582,Phase2_Migrated,653
1790265509.554189096,Phase2_Migrated,492
1790265509.648425661,Phase2_Migrated,492
1790265509.738449635,Phase2_Migrated,492
1790265509.831252458,Phase2_Migrated,344
1790265509.923345354,Phase2_Migrated,344
1790265510.018967858,Phase2_Migrated,306
1790265510.112310350,Phase2_Migrated,240
1790265510.202908704,Phase2_Migrated,241
1790265510.295025129,Phase2_Migrated,244
1790265510.389985612,Phase2_Migrated,247
1790265510.485059895,Phase2_Migrated,250
1790265510.569518563,Phase2_Migrated,252
1790265510.662437981,Phase2_Migrated,254
1790265510.745070189,Phase2_Migrated,257
1790265510.837964407,Phase2_Migrated,259
1790265510.929842201,Phase2_Migrated,261
1790265511.026263958,Phase2_Migrated,263
1790265511.121044923,Phase2_Migrated,265
1790265511.210408537,Phase2_Migrated,267
1790265511.298996505,Phase2_Migrated,268
1790265511.394916154,Phase2_Migrated,270
1790265511.486904898,Phase2_Migrated,272
1790265511.579063513,Phase2_Migrated,273
1790265511.671023668,Phase2_Migrated,274
1790265511.757971893,Phase2_Migrated,276
1790265511.846418704,Phase2_Migrated,277
1790265511.933439745,Phase2_Migrated,278
1790265512.025614670,Phase2_Migrated,279
1790265512.112046352,Phase2_Migrated,280
1790265512.200142941,Phase2_Migrated,282
1790265512.296754146,Phase2_Migrated,283
1790265512.381037610,Phase2_Migrated,284
1790265512.467904015,Phase2_Migrated,285
1790265512.563380753,Phase2_Migrated,285
1790265512.652087651,Phase2_Migrated,286
1790265512.739427004,Phase2_Migrated,287
1790265512.819814107,Phase2_Migrated,287
1790265512.908737092,Phase2_Migrated,288
1790265512.999361048,Phase2_Migrated,289
1790265513.095533964,Phase2_Migrated,289
1790265513.184949898,Phase2_Migrated,289
1790265513.284876552,Phase2_Migrated,290
1790265513.376311111,Phase2_Migrated,290
1790265513.466098648,Phase2_Migrated,291
1790265513.563559846,Phase2_Migrated,291
1790265513.658761414,Phase2_Migrated,291
1790265513.753955030,Phase2_Migrated,291
1790265513.842596898,Phase2_Migrated,292
1790265513.935929145,Phase2_Migrated,292
1790265514.018536313,Phase2_Migrated,292
1790265514.105931279,Phase2_Migrated,292
1790265514.204973519,Phase2_Migrated,292
1790265514.300792756,Phase2_Migrated,292
1790265514.393307035,Phase2_Migrated,292
1790265514.486273298,Phase2_Migrated,292
1790265514.572288710,Phase2_Migrated,292
1790265514.653759853,Phase2_Migrated,292
1790265514.744122683,Phase2_Migrated,292
1790265514.821045307,Phase2_Migrated,292
1790265514.892557118,Phase2_Migrated,292
1790265514.984176202,Phase2_Migrated,292
1790265515.069033513,Phase2_Migrated,292
1790265515.157525283,Phase2_Migrated,292
1790265515.253811553,Phase2_Migrated,292
1790265515.355103652,Phase2_Migrated,292
1790265515.455095622,Phase2_Migrated,292
1790265515.546015722,Phase2_Migrated,292
1790265515.623608520,Phase2_Migrated,292
1790265515.695167582,Phase2_Migrated,292
1790265515.766925773,Phase2_Migrated,292
1790265515.845450115,Phase2_Migrated,292
1790265515.936118345,Phase2_Migrated,292
1790265516.030820575,Phase2_Migrated,292
1790265516.126928873,Phase2_Migrated,292
1790265516.222389681,Phase2_Migrated,292
1790265516.311010769,Phase2_Migrated,292
1790265516.404504991,Phase2_Migrated,292
1790265516.495970201,Phase2_Migrated,292
1790265516.576096031,Phase2_Migrated,293
1790265516.657866619,Phase2_Migrated,293
1790265516.725828065,Phase2_Migrated,293
1790265516.798942892,Phase2_Migrated,293
1790265516.880122976,Phase2_Migrated,294
1790265516.971120207,Phase2_Migrated,294
1790265517.069492952,Phase2_Migrated,294
1790265517.164380310,Phase2_Migrated,295
1790265517.253829066,Phase2_Migrated,295
1790265517.350706490,Phase2_Migrated,296
1790265517.436819694,Phase2_Migrated,296
1790265517.529088334,Phase2_Migrated,297
1790265517.622956472,Phase2_Migrated,297
1790265517.716001785,Phase2_Migrated,298
1790265517.814118809,Phase2_Migrated,299
1790265517.906328069,Phase2_Migrated,300
1790265518.001387318,Phase2_Migrated,301
1790265518.087938068,Phase2_Migrated,302
1790265518.177629488,Phase2_Migrated,303
1790265518.263823496,Phase2_Migrated,304
1790265518.340569754,Phase2_Migrated,304
1790265518.423810331,Phase2_Migrated,305
1790265518.483216211,Phase2_Migrated,306
1790265518.546363742,Phase2_Migrated,307
1790265518.606501411,Phase2_Migrated,307
1790265518.666175923,Phase2_Migrated,308
1790265518.725177234,Phase2_Migrated,309
1790265518.813531639,Phase2_Migrated,310
1790265518.906300750,Phase2_Migrated,311
1790265518.991971129,Phase2_Migrated,313
1790265519.084389731,Phase2_Migrated,314
1790265519.149923859,Phase2_Migrated,316
1790265519.220196883,Phase2_Migrated,317
1790265519.311597762,Phase2_Migrated,319
1790265519.400768656,Phase2_Migrated,321
1790265519.494145103,Phase2_Migrated,323
1790265519.588015569,Phase2_Migrated,325
1790265519.684078436,Phase2_Migrated,327
1790265519.776453537,Phase2_Migrated,330
1790265519.858905129,Phase2_Migrated,332
1790265519.953876982,Phase2_Migrated,334
1790265520.046577838,Phase2_Migrated,336
1790265520.139559061,Phase2_Migrated,339
1790265520.228863890,Phase2_Migrated,341
1790265520.321799718,Phase2_Migrated,344
1790265520.414570050,Phase2_Migrated,347
1790265520.509257345,Phase2_Migrated,350
1790265520.602150886,Phase2_Migrated,353
1790265520.696935023,Phase2_Migrated,357
1790265520.794225343,Phase2_Migrated,308
1790265520.892758175,Phase2_Migrated,251
1790265520.987791243,Phase2_Migrated,251
1790265521.082054894,Phase2_Migrated,257
1790265521.182290556,Phase2_Migrated,261
1790265521.273932223,Phase2_Migrated,265
1790265521.367225624,Phase2_Migrated,269
1790265521.452901812,Phase2_Migrated,273
1790265521.548196065,Phase2_Migrated,277
1790265521.642420376,Phase2_Migrated,280
1790265521.724570678,Phase2_Migrated,284
1790265521.823515874,Phase2_Migrated,288
1790265521.911588172,Phase2_Migrated,291
1790265522.007950787,Phase2_Migrated,295
1790265522.100765328,Phase2_Migrated,298
1790265522.198121455,Phase2_Migrated,301
1790265522.285079764,Phase2_Migrated,304
1790265522.376077425,Phase2_Migrated,307
1790265522.473602951,Phase2_Migrated,310
1790265522.568355012,Phase2_Migrated,313
1790265522.664445960,Phase2_Migrated,316
1790265522.751868814,Phase2_Migrated,318
1790265522.829846275,Phase2_Migrated,320
1790265522.907729331,Phase2_Migrated,322
1790265522.991770781,Phase2_Migrated,324
1790265523.072612094,Phase2_Migrated,326
1790265523.170854088,Phase2_Migrated,329
1790265523.264968752,Phase2_Migrated,330
1790265523.357781358,Phase2_Migrated,332
1790265523.451282941,Phase2_Migrated,334
1790265523.541620030,Phase2_Migrated,336
1790265523.637880869,Phase2_Migrated,337
1790265523.730902764,Phase2_Migrated,339
1790265523.825437047,Phase2_Migrated,340
1790265523.913198781,Phase2_Migrated,342
1790265524.014146630,Phase2_Migrated,343
1790265524.110979831,Phase2_Migrated,344
1790265524.199492357,Phase2_Migrated,346
1790265524.289388139,Phase2_Migrated,347
1790265524.381527186,Phase2_Migrated,348
1790265524.470092672,Phase2_Migrated,349
1790265524.557843248,Phase2_Migrated,350
1790265524.650215353,Phase2_Migrated,351
1790265524.749826211,Phase2_Migrated,245
1790265524.838631197,Phase2_Migrated,245
1790265524.899088260,Phase2_Migrated,228
1790265524.974399060,Phase2_Migrated,172
1790265525.047954827,Phase2_Migrated,172
1790265525.133033962,Phase2_Migrated,172
1790265525.215247693,Phase2_Migrated,121
1790265525.316797148,Phase2_Migrated,123
1790265525.414076629,Phase2_Migrated,125
1790265525.510546371,Phase2_Migrated,126
1790265525.585939674,Phase2_Migrated,127
1790265525.677127658,Phase2_Migrated,129
1790265525.756012744,Phase2_Migrated,130
1790265525.841523701,Phase2_Migrated,131
1790265525.928024432,Phase2_Migrated,132
1790265526.031304494,Phase2_Migrated,134
1790265526.128186505,Phase2_Migrated,135
1790265526.220484218,Phase2_Migrated,136
1790265526.307217986,Phase2_Migrated,137
1790265526.399601344,Phase2_Migrated,139
1790265526.489944741,Phase2_Migrated,139
1790265526.580858255,Phase2_Migrated,140
1790265526.676092665,Phase2_Migrated,141
1790265526.772789110,Phase2_Migrated,142
1790265526.876257704,Phase2_Migrated,142
1790265526.973813876,Phase2_Migrated,143
1790265527.070142447,Phase2_Migrated,144
1790265527.158140068,Phase2_Migrated,144
1790265527.246004831,Phase2_Migrated,144
1790265527.339303333,Phase2_Migrated,145
1790265527.434171761,Phase2_Migrated,145
1790265527.527217024,Phase2_Migrated,146
1790265527.634094811,Phase2_Migrated,146
1790265527.733634838,Phase2_Migrated,146
1790265527.822554497,Phase2_Migrated,146
1790265527.910046970,Phase2_Migrated,147
1790265528.000168164,Phase2_Migrated,147
1790265528.078067402,Phase2_Migrated,147
1790265528.149023879,Phase2_Migrated,147
1790265528.239348618,Phase2_Migrated,147
1790265528.317148599,Phase2_Migrated,147
1790265528.404969679,Phase2_Migrated,147
1790265528.459867408,Phase2_Migrated,147
1790265528.516185705,Phase2_Migrated,147
1790265528.593122352,Phase2_Migrated,147
1790265528.670631057,Phase2_Migrated,147
1790265528.773910344,Phase2_Migrated,147
1790265528.855440361,Phase2_Migrated,147
1790265528.945183727,Phase2_Migrated,147
1790265529.027478952,Phase2_Migrated,147
1790265529.125402492,Phase2_Migrated,147
1790265529.213871661,Phase2_Migrated,148
1790265529.291765909,Phase2_Migrated,149
1790265529.373739818,Phase2_Migrated,149
1790265529.468405618,Phase2_Migrated,150
1790265529.564267333,Phase2_Migrated,151
1790265529.658308497,Phase2_Migrated,151
1790265529.751418567,Phase2_Migrated,152
1790265529.838640540,Phase2_Migrated,153
1790265531.472238783,Uninterrupted_Baseline,1
1790265531.554824130,Uninterrupted_Baseline,1
1790265531.635335294,Uninterrupted_Baseline,1
1790265531.721772295,Uninterrupted_Baseline,1
1790265531.803583281,Uninterrupted_Baseline,1
1790265531.884202232,Uninterrupted_Baseline,1
1790265531.965158932,Uninterrupted_Baseline,1
1790265532.043640888,Uninterrupted_Baseline,1
1790265532.121346999,Uninterrupted_Baseline,1
1790265532.206902527,Uninterrupted_Baseline,1
1790265532.288794304,Uninterrupted_Baseline,1
1790265532.374844968,Uninterrupted_Baseline,1
1790265532.456215736,Uninterrupted_Baseline,1
1790265532.540780211,Uninterrupted_Baseline,1
1790265532.625297887,Uninterrupted_Baseline,1
1790265532.710021007,Uninterrupted_Baseline,1
1790265532.710021007,Uninterrupted_Baseline,10
1790265532.794246105,Uninterrupted_Baseline,1
1790265532.794246105,Uninterrupted_Baseline,14
1790265532.872146904,Uninterrupted_Baseline,1
1790265532.872146904,Uninterrupted_Baseline,28
1790265532.952873095,Uninterrupted_Baseline,1
1790265532.952873095,Uninterrupted_Baseline,60
1790265533.036531534,Uninterrupted_Baseline,1
1790265533.036531534,Uninterrupted_Baseline,122
1790265533.118108527,Uninterrupted_Baseline,1
1790265533.118108527,Uninterrupted_Baseline,253
1790265533.196404015,Uninterrupted_Baseline,1
1790265533.196404015,Uninterrupted_Baseline,408
1790265533.276633560,Uninterrupted_Baseline,1
1790265533.276633560,Uninterrupted_Baseline,749
1790265533.362583817,Uninterrupted_Baseline,1
1790265533.362583817,Uninterrupted_Baseline,1044
1790265533.447039863,Uninterrupted_Baseline,1
1790265533.447039863,Uninterrupted_Baseline,1042
1790265533.528789079,Uninterrupted_Baseline,1
1790265533.528789079,Uninterrupted_Baseline,922
1790265533.611752631,Uninterrupted_Baseline,1
1790265533.611752631,Uninterrupted_Baseline,791
1790265533.694223198,Uninterrupted_Baseline,1
1790265533.694223198,Uninterrupted_Baseline,791
1790265533.776229776,Uninterrupted_Baseline,1
1790265533.776229776,Uninterrupted_Baseline,788
1790265533.850804773,Uninterrupted_Baseline,1
1790265533.850804773,Uninterrupted_Baseline,707
1790265533.934164264,Uninterrupted_Baseline,1
1790265533.934164264,Uninterrupted_Baseline,608
1790265534.017307782,Uninterrupted_Baseline,1
1790265534.017307782,Uninterrupted_Baseline,553
1790265534.100053119,Uninterrupted_Baseline,1
1790265534.100053119,Uninterrupted_Baseline,553
1790265534.184280152,Uninterrupted_Baseline,1
1790265534.184280152,Uninterrupted_Baseline,452
1790265534.267241730,Uninterrupted_Baseline,1
1790265534.267241730,Uninterrupted_Baseline,387
1790265534.337131696,Uninterrupted_Baseline,1
1790265534.337131696,Uninterrupted_Baseline,387
1790265534.420293920,Uninterrupted_Baseline,1
1790265534.420293920,Uninterrupted_Baseline,374
1790265534.501883388,Uninterrupted_Baseline,1
1790265534.501883388,Uninterrupted_Baseline,270
1790265534.587173738,Uninterrupted_Baseline,1
1790265534.587173738,Uninterrupted_Baseline,270
1790265534.669732667,Uninterrupted_Baseline,1
1790265534.669732667,Uninterrupted_Baseline,189
1790265534.744800887,Uninterrupted_Baseline,1
1790265534.744800887,Uninterrupted_Baseline,189
1790265534.825142710,Uninterrupted_Baseline,1
1790265534.825142710,Uninterrupted_Baseline,189
1790265534.901707958,Uninterrupted_Baseline,1
1790265534.901707958,Uninterrupted_Baseline,191
1790265534.982927062,Uninterrupted_Baseline,1
1790265534.982927062,Uninterrupted_Baseline,193
1790265535.056564134,Uninterrupted_Baseline,1
1790265535.056564134,Uninterrupted_Baseline,195
1790265535.122862461,Uninterrupted_Baseline,1
1790265535.122862461,Uninterrupted_Baseline,197
1790265535.202828995,Uninterrupted_Baseline,1
1790265535.202828995,Uninterrupted_Baseline,199
1790265535.281856489,Uninterrupted_Baseline,1
1790265535.281856489,Uninterrupted_Baseline,201
1790265535.358827465,Uninterrupted_Baseline,1
1790265535.358827465,Uninterrupted_Baseline,202
1790265535.440516879,Uninterrupted_Baseline,1
1790265535.440516879,Uninterrupted_Baseline,204
1790265535.518416042,Uninterrupted_Baseline,1
1790265535.518416042,Uninterrupted_Baseline,205
1790265535.606981284,Uninterrupted_Baseline,1
1790265535.606981284,Uninterrupted_Baseline,207
1790265535.688958536,Uninterrupted_Baseline,1
1790265535.688958536,Uninterrupted_Baseline,209
1790265535.776521520,Uninterrupted_Baseline,1
1790265535.776521520,Uninterrupted_Baseline,210
1790265535.866377400,Uninterrupted_Baseline,1
1790265535.866377400,Uninterrupted_Baseline,211
1790265535.947624387,Uninterrupted_Baseline,1
1790265535.947624387,Uninterrupted_Baseline,213
1790265536.030000024,Uninterrupted_Baseline,1
1790265536.030000024,Uninterrupted_Baseline,214
1790265536.110932910,Uninterrupted_Baseline,1
1790265536.110932910,Uninterrupted_Baseline,215
1790265536.194140486,Uninterrupted_Baseline,1
1790265536.194140486,Uninterrupted_Baseline,216
1790265536.287453075,Uninterrupted_Baseline,1
1790265536.287453075,Uninterrupted_Baseline,217
1790265536.375117884,Uninterrupted_Baseline,1
1790265536.375117884,Uninterrupted_Baseline,218
1790265536.465321475,Uninterrupted_Baseline,1
1790265536.465321475,Uninterrupted_Baseline,220
1790265536.558757628,Uninterrupted_Baseline,1
1790265536.558757628,Uninterrupted_Baseline,221
1790265536.644299211,Uninterrupted_Baseline,1
1790265536.644299211,Uninterrupted_Baseline,222
1790265536.723182749,Uninterrupted_Baseline,1
1790265536.723182749,Uninterrupted_Baseline,222
1790265536.782291710,Uninterrupted_Baseline,1
1790265536.782291710,Uninterrupted_Baseline,223
1790265536.859416012,Uninterrupted_Baseline,1
1790265536.859416012,Uninterrupted_Baseline,224
1790265536.943263993,Uninterrupted_Baseline,1
1790265536.943263993,Uninterrupted_Baseline,224
1790265537.020220637,Uninterrupted_Baseline,1
1790265537.020220637,Uninterrupted_Baseline,225
1790265537.091922417,Uninterrupted_Baseline,1
1790265537.091922417,Uninterrupted_Baseline,225
1790265537.174181513,Uninterrupted_Baseline,1
1790265537.174181513,Uninterrupted_Baseline,226
1790265537.251389604,Uninterrupted_Baseline,1
1790265537.251389604,Uninterrupted_Baseline,226
1790265537.335759771,Uninterrupted_Baseline,1
1790265537.335759771,Uninterrupted_Baseline,227
1790265537.417965404,Uninterrupted_Baseline,1
1790265537.417965404,Uninterrupted_Baseline,227
1790265537.501229971,Uninterrupted_Baseline,1
1790265537.501229971,Uninterrupted_Baseline,228
1790265537.586822784,Uninterrupted_Baseline,1
1790265537.586822784,Uninterrupted_Baseline,228
1790265537.673606206,Uninterrupted_Baseline,1
1790265537.673606206,Uninterrupted_Baseline,228
1790265537.760723558,Uninterrupted_Baseline,1
1790265537.760723558,Uninterrupted_Baseline,229
1790265537.841768910,Uninterrupted_Baseline,1
1790265537.841768910,Uninterrupted_Baseline,229
1790265537.906923343,Uninterrupted_Baseline,1
1790265537.906923343,Uninterrupted_Baseline,229
1790265537.989717970,Uninterrupted_Baseline,1
1790265537.989717970,Uninterrupted_Baseline,229
1790265538.061216982,Uninterrupted_Baseline,1
1790265538.061216982,Uninterrupted_Baseline,229
1790265538.140325001,Uninterrupted_Baseline,1
1790265538.140325001,Uninterrupted_Baseline,230
1790265538.219921533,Uninterrupted_Baseline,1
1790265538.219921533,Uninterrupted_Baseline,230
1790265538.271515754,Uninterrupted_Baseline,1
1790265538.271515754,Uninterrupted_Baseline,230
1790265538.335015118,Uninterrupted_Baseline,1
1790265538.335015118,Uninterrupted_Baseline,230
1790265538.415805120,Uninterrupted_Baseline,1
1790265538.415805120,Uninterrupted_Baseline,230
1790265538.466503630,Uninterrupted_Baseline,1
1790265538.466503630,Uninterrupted_Baseline,230
1790265538.517976776,Uninterrupted_Baseline,1
1790265538.517976776,Uninterrupted_Baseline,230
1790265538.580837291,Uninterrupted_Baseline,1
1790265538.580837291,Uninterrupted_Baseline,230
1790265538.644109825,Uninterrupted_Baseline,1
1790265538.644109825,Uninterrupted_Baseline,230
1790265538.713871193,Uninterrupted_Baseline,1
1790265538.713871193,Uninterrupted_Baseline,230
1790265538.779309795,Uninterrupted_Baseline,1
1790265538.779309795,Uninterrupted_Baseline,230
1790265538.847215566,Uninterrupted_Baseline,1
1790265538.847215566,Uninterrupted_Baseline,230
1790265538.923596838,Uninterrupted_Baseline,1
1790265538.923596838,Uninterrupted_Baseline,230
1790265539.001478397,Uninterrupted_Baseline,1
1790265539.001478397,Uninterrupted_Baseline,230
1790265539.071362137,Uninterrupted_Baseline,1
1790265539.071362137,Uninterrupted_Baseline,230
1790265539.124917897,Uninterrupted_Baseline,1
1790265539.124917897,Uninterrupted_Baseline,230
1790265539.193794459,Uninterrupted_Baseline,1
1790265539.193794459,Uninterrupted_Baseline,230
1790265539.262305822,Uninterrupted_Baseline,1
1790265539.262305822,Uninterrupted_Baseline,230
1790265539.344113894,Uninterrupted_Baseline,1
1790265539.344113894,Uninterrupted_Baseline,230
1790265539.427228336,Uninterrupted_Baseline,1
1790265539.427228336,Uninterrupted_Baseline,230
1790265539.508827000,Uninterrupted_Baseline,1
1790265539.508827000,Uninterrupted_Baseline,230
1790265539.592477709,Uninterrupted_Baseline,1
1790265539.592477709,Uninterrupted_Baseline,230
1790265539.676343091,Uninterrupted_Baseline,1
1790265539.676343091,Uninterrupted_Baseline,230
1790265539.752272551,Uninterrupted_Baseline,1
1790265539.752272551,Uninterrupted_Baseline,230
1790265539.828958553,Uninterrupted_Baseline,1
1790265539.828958553,Uninterrupted_Baseline,230
1790265539.911922509,Uninterrupted_Baseline,1
1790265539.911922509,Uninterrupted_Baseline,230
1790265539.998300359,Uninterrupted_Baseline,1
1790265539.998300359,Uninterrupted_Baseline,230
1790265540.078995105,Uninterrupted_Baseline,1
1790265540.078995105,Uninterrupted_Baseline,230
1790265540.159288562,Uninterrupted_Baseline,1
1790265540.159288562,Uninterrupted_Baseline,230
1790265540.239098494,Uninterrupted_Baseline,1
1790265540.239098494,Uninterrupted_Baseline,230
1790265540.327788886,Uninterrupted_Baseline,1
1790265540.327788886,Uninterrupted_Baseline,230
1790265540.413871102,Uninterrupted_Baseline,1
1790265540.413871102,Uninterrupted_Baseline,230
1790265540.494023148,Uninterrupted_Baseline,1
1790265540.494023148,Uninterrupted_Baseline,230
1790265540.557989913,Uninterrupted_Baseline,1
1790265540.557989913,Uninterrupted_Baseline,230
1790265540.634917968,Uninterrupted_Baseline,1
1790265540.634917968,Uninterrupted_Baseline,230
1790265540.717371865,Uninterrupted_Baseline,1
1790265540.717371865,Uninterrupted_Baseline,230
1790265540.799164160,Uninterrupted_Baseline,1
1790265540.799164160,Uninterrupted_Baseline,231
1790265540.877545973,Uninterrupted_Baseline,1
1790265540.877545973,Uninterrupted_Baseline,231
1790265540.948214253,Uninterrupted_Baseline,1
1790265540.948214253,Uninterrupted_Baseline,231
1790265541.041021088,Uninterrupted_Baseline,1
1790265541.041021088,Uninterrupted_Baseline,231
1790265541.093480306,Uninterrupted_Baseline,1
1790265541.093480306,Uninterrupted_Baseline,232
1790265541.148593089,Uninterrupted_Baseline,1
1790265541.148593089,Uninterrupted_Baseline,232
1790265541.220802753,Uninterrupted_Baseline,1
1790265541.220802753,Uninterrupted_Baseline,233
1790265541.293309588,Uninterrupted_Baseline,1
1790265541.293309588,Uninterrupted_Baseline,233
1790265541.369343850,Uninterrupted_Baseline,1
1790265541.369343850,Uninterrupted_Baseline,234
1790265541.459396933,Uninterrupted_Baseline,1
1790265541.459396933,Uninterrupted_Baseline,234
1790265541.546119312,Uninterrupted_Baseline,1
1790265541.546119312,Uninterrupted_Baseline,235
1790265541.629813193,Uninterrupted_Baseline,1
1790265541.629813193,Uninterrupted_Baseline,236
1790265541.699052156,Uninterrupted_Baseline,1
1790265541.699052156,Uninterrupted_Baseline,236
1790265541.776037987,Uninterrupted_Baseline,1
1790265541.776037987,Uninterrupted_Baseline,237
1790265541.844428695,Uninterrupted_Baseline,1
1790265541.844428695,Uninterrupted_Baseline,237
1790265541.923341013,Uninterrupted_Baseline,1
1790265541.923341013,Uninterrupted_Baseline,238
1790265542.010138517,Uninterrupted_Baseline,1
1790265542.010138517,Uninterrupted_Baseline,238
1790265542.096462470,Uninterrupted_Baseline,1
1790265542.096462470,Uninterrupted_Baseline,239
1790265542.181358532,Uninterrupted_Baseline,1
1790265542.181358532,Uninterrupted_Baseline,239
1790265542.247279389,Uninterrupted_Baseline,1
1790265542.247279389,Uninterrupted_Baseline,240
1790265542.323777806,Uninterrupted_Baseline,1
1790265542.323777806,Uninterrupted_Baseline,240
1790265542.400072265,Uninterrupted_Baseline,1
1790265542.400072265,Uninterrupted_Baseline,241
1790265542.462026323,Uninterrupted_Baseline,1
1790265542.462026323,Uninterrupted_Baseline,241
1790265542.532386750,Uninterrupted_Baseline,1
1790265542.532386750,Uninterrupted_Baseline,242
1790265542.616328277,Uninterrupted_Baseline,1
1790265542.616328277,Uninterrupted_Baseline,242
1790265542.693812227,Uninterrupted_Baseline,1
1790265542.693812227,Uninterrupted_Baseline,243
1790265542.775372859,Uninterrupted_Baseline,1
1790265542.775372859,Uninterrupted_Baseline,245
1790265542.857911314,Uninterrupted_Baseline,1
1790265542.857911314,Uninterrupted_Baseline,246
1790265542.941168942,Uninterrupted_Baseline,1
1790265542.941168942,Uninterrupted_Baseline,247
1790265543.026130149,Uninterrupted_Baseline,1
1790265543.026130149,Uninterrupted_Baseline,248
1790265543.111187107,Uninterrupted_Baseline,1
1790265543.111187107,Uninterrupted_Baseline,249
1790265543.196021936,Uninterrupted_Baseline,1
1790265543.196021936,Uninterrupted_Baseline,250
1790265543.277266077,Uninterrupted_Baseline,1
1790265543.277266077,Uninterrupted_Baseline,251
1790265543.357055279,Uninterrupted_Baseline,1
1790265543.357055279,Uninterrupted_Baseline,252
1790265543.437731788,Uninterrupted_Baseline,1
1790265543.437731788,Uninterrupted_Baseline,254
1790265543.506847478,Uninterrupted_Baseline,1
1790265543.506847478,Uninterrupted_Baseline,256
1790265543.588530113,Uninterrupted_Baseline,1
1790265543.588530113,Uninterrupted_Baseline,257
1790265543.671464205,Uninterrupted_Baseline,1
1790265543.671464205,Uninterrupted_Baseline,259
1790265543.755170474,Uninterrupted_Baseline,261
1790265543.836019076,Uninterrupted_Baseline,263
1790265543.921510027,Uninterrupted_Baseline,264
1790265544.002780374,Uninterrupted_Baseline,266
1790265544.088979077,Uninterrupted_Baseline,268
1790265544.172393543,Uninterrupted_Baseline,270
1790265544.258635201,Uninterrupted_Baseline,273
1790265544.346204069,Uninterrupted_Baseline,275
1790265544.427790787,Uninterrupted_Baseline,277
1790265544.506497274,Uninterrupted_Baseline,280
1790265544.590054751,Uninterrupted_Baseline,282
1790265544.679396161,Uninterrupted_Baseline,285
1790265544.761022653,Uninterrupted_Baseline,288
1790265544.836919706,Uninterrupted_Baseline,290
1790265544.904045916,Uninterrupted_Baseline,292
1790265544.953582367,Uninterrupted_Baseline,294
1790265545.023195169,Uninterrupted_Baseline,297
1790265545.099184829,Uninterrupted_Baseline,299
1790265545.169145526,Uninterrupted_Baseline,302
1790265545.242515750,Uninterrupted_Baseline,305
1790265545.324729065,Uninterrupted_Baseline,308
1790265545.407860010,Uninterrupted_Baseline,312
1790265545.492118229,Uninterrupted_Baseline,315
1790265545.574960596,Uninterrupted_Baseline,319
1790265545.662434662,Uninterrupted_Baseline,322
1790265545.740153649,Uninterrupted_Baseline,326
1790265545.823176406,Uninterrupted_Baseline,330
1790265545.904068294,Uninterrupted_Baseline,334
1790265545.994978312,Uninterrupted_Baseline,339
1790265546.081760304,Uninterrupted_Baseline,343
1790265546.164807893,Uninterrupted_Baseline,347
1790265546.248006055,Uninterrupted_Baseline,352
1790265546.331484250,Uninterrupted_Baseline,355
1790265546.398003791,Uninterrupted_Baseline,313
1790265546.467115784,Uninterrupted_Baseline,249
1790265546.543585118,Uninterrupted_Baseline,249
1790265546.620918027,Uninterrupted_Baseline,252
1790265546.701369933,Uninterrupted_Baseline,255
1790265546.782075075,Uninterrupted_Baseline,259
1790265546.852586497,Uninterrupted_Baseline,263
1790265546.925741545,Uninterrupted_Baseline,266
1790265547.008961415,Uninterrupted_Baseline,270
1790265547.096931640,Uninterrupted_Baseline,273
1790265547.177814257,Uninterrupted_Baseline,277
1790265547.247501537,Uninterrupted_Baseline,280
1790265547.325312960,Uninterrupted_Baseline,283
1790265547.406170937,Uninterrupted_Baseline,286
1790265547.485134369,Uninterrupted_Baseline,289
1790265547.562991543,Uninterrupted_Baseline,292
1790265547.644202688,Uninterrupted_Baseline,295
1790265547.724705651,Uninterrupted_Baseline,298
1790265547.784044347,Uninterrupted_Baseline,300
1790265547.858517687,Uninterrupted_Baseline,302
1790265547.933472163,Uninterrupted_Baseline,304
1790265548.014175248,Uninterrupted_Baseline,307
1790265548.094760508,Uninterrupted_Baseline,309
1790265548.180235981,Uninterrupted_Baseline,312
1790265548.272724696,Uninterrupted_Baseline,314
1790265548.345762025,Uninterrupted_Baseline,316
1790265548.408286099,Uninterrupted_Baseline,318
1790265548.464055105,Uninterrupted_Baseline,319
1790265548.521747096,Uninterrupted_Baseline,321
1790265548.582776418,Uninterrupted_Baseline,322
1790265548.659439837,Uninterrupted_Baseline,324
1790265548.721085028,Uninterrupted_Baseline,326
1790265548.786968725,Uninterrupted_Baseline,328
1790265548.872978007,Uninterrupted_Baseline,329
1790265548.937957730,Uninterrupted_Baseline,330
1790265549.020759843,Uninterrupted_Baseline,332
1790265549.091277472,Uninterrupted_Baseline,333
1790265549.160443264,Uninterrupted_Baseline,334
1790265549.222251747,Uninterrupted_Baseline,335
1790265549.288237652,Uninterrupted_Baseline,317
1790265549.372612227,Uninterrupted_Baseline,235
1790265549.452999365,Uninterrupted_Baseline,237
1790265549.537982636,Uninterrupted_Baseline,240
1790265549.621169031,Uninterrupted_Baseline,242
1790265549.700335279,Uninterrupted_Baseline,244
1790265549.774407135,Uninterrupted_Baseline,246
1790265549.853814675,Uninterrupted_Baseline,248
1790265549.923348759,Uninterrupted_Baseline,250
1790265550.009527257,Uninterrupted_Baseline,252
1790265550.096345077,Uninterrupted_Baseline,254
1790265550.180434585,Uninterrupted_Baseline,256
1790265550.264565932,Uninterrupted_Baseline,258
1790265550.351732300,Uninterrupted_Baseline,260
1790265550.438339593,Uninterrupted_Baseline,261
1790265550.518935660,Uninterrupted_Baseline,262
1790265550.594281742,Uninterrupted_Baseline,264
1790265550.679100990,Uninterrupted_Baseline,265
1790265550.759171962,Uninterrupted_Baseline,266
1790265550.829138739,Uninterrupted_Baseline,267
1790265550.914266946,Uninterrupted_Baseline,269
1790265550.996348449,Uninterrupted_Baseline,270
1790265551.084638947,Uninterrupted_Baseline,271
1790265551.168901126,Uninterrupted_Baseline,272
1790265551.252263998,Uninterrupted_Baseline,273
1790265551.335181208,Uninterrupted_Baseline,274
1790265551.413117284,Uninterrupted_Baseline,275
1790265551.491951341,Uninterrupted_Baseline,276
1790265551.575554050,Uninterrupted_Baseline,277
1790265551.662985001,Uninterrupted_Baseline,278
1790265551.747150709,Uninterrupted_Baseline,279
1790265551.810291140,Uninterrupted_Baseline,279
1790265551.890071677,Uninterrupted_Baseline,280
1790265551.963798331,Uninterrupted_Baseline,280
1790265552.036863898,Uninterrupted_Baseline,281
1790265552.118174168,Uninterrupted_Baseline,281
1790265552.194150709,Uninterrupted_Baseline,282
1790265552.279867627,Uninterrupted_Baseline,282
1790265552.359557704,Uninterrupted_Baseline,282
1790265552.445929549,Uninterrupted_Baseline,283
1790265552.537056990,Uninterrupted_Baseline,283
1790265552.622768878,Uninterrupted_Baseline,283
1790265552.704213078,Uninterrupted_Baseline,284
1790265552.784990196,Uninterrupted_Baseline,284
1790265552.864426649,Uninterrupted_Baseline,284
1790265552.939542157,Uninterrupted_Baseline,284
1790265553.027515007,Uninterrupted_Baseline,285
1790265553.104167014,Uninterrupted_Baseline,285
1790265553.190039938,Uninterrupted_Baseline,285
1790265553.279429699,Uninterrupted_Baseline,285
1790265553.360763134,Uninterrupted_Baseline,285
1790265553.439029751,Uninterrupted_Baseline,285
1790265553.516102402,Uninterrupted_Baseline,285
1790265553.603894175,Uninterrupted_Baseline,285
1790265553.681964441,Uninterrupted_Baseline,285
1790265553.767370641,Uninterrupted_Baseline,285
1790265553.847693121,Uninterrupted_Baseline,285
1790265553.935137807,Uninterrupted_Baseline,285
1790265554.012533917,Uninterrupted_Baseline,285
1790265554.096964648,Uninterrupted_Baseline,285
1790265554.179133392,Uninterrupted_Baseline,285
1790265554.261981159,Uninterrupted_Baseline,285
1790265554.348483669,Uninterrupted_Baseline,285
1790265554.431135829,Uninterrupted_Baseline,285
1790265554.512562371,Uninterrupted_Baseline,285
1790265554.581810621,Uninterrupted_Baseline,285
1790265554.648736944,Uninterrupted_Baseline,285
1790265554.725926631,Uninterrupted_Baseline,285
1790265554.809956264,Uninterrupted_Baseline,285
1790265554.890830931,Uninterrupted_Baseline,285
1790265554.966508498,Uninterrupted_Baseline,285
1790265555.048605670,Uninterrupted_Baseline,285
1790265555.105928763,Uninterrupted_Baseline,285
1790265555.167007525,Uninterrupted_Baseline,285
1790265555.244742257,Uninterrupted_Baseline,285
1790265555.326150288,Uninterrupted_Baseline,285
1790265555.407078857,Uninterrupted_Baseline,285
1790265555.494235644,Uninterrupted_Baseline,285
1790265555.577395016,Uninterrupted_Baseline,285
1790265555.661717089,Uninterrupted_Baseline,285
1790265555.742376143,Uninterrupted_Baseline,286
1790265555.823024233,Uninterrupted_Baseline,286
1790265555.908002259,Uninterrupted_Baseline,286
1790265555.991379352,Uninterrupted_Baseline,286
1790265556.072615541,Uninterrupted_Baseline,287
1790265556.148946519,Uninterrupted_Baseline,287
1790265556.232696560,Uninterrupted_Baseline,287
1790265556.306510613,Uninterrupted_Baseline,288
1790265556.384956646,Uninterrupted_Baseline,288
1790265556.471131321,Uninterrupted_Baseline,288
1790265556.548521690,Uninterrupted_Baseline,289
1790265556.602713055,Uninterrupted_Baseline,289
1790265556.664514110,Uninterrupted_Baseline,290
1790265556.724301685,Uninterrupted_Baseline,290
1790265556.780882682,Uninterrupted_Baseline,290
1790265556.842416934,Uninterrupted_Baseline,291
1790265556.924894206,Uninterrupted_Baseline,292
1790265557.007141231,Uninterrupted_Baseline,292
1790265557.090834111,Uninterrupted_Baseline,293
1790265557.173257621,Uninterrupted_Baseline,294
1790265557.252183611,Uninterrupted_Baseline,294
1790265557.334267820,Uninterrupted_Baseline,296
1790265557.409551247,Uninterrupted_Baseline,296
1790265557.492852188,Uninterrupted_Baseline,297
1790265557.572475019,Uninterrupted_Baseline,298
1790265557.644893604,Uninterrupted_Baseline,299
1790265557.728532958,Uninterrupted_Baseline,300
1790265557.812229267,Uninterrupted_Baseline,301
1790265557.890406590,Uninterrupted_Baseline,302
1790265557.970146409,Uninterrupted_Baseline,303
1790265558.052337869,Uninterrupted_Baseline,304
1790265558.127168714,Uninterrupted_Baseline,305
1790265558.206920180,Uninterrupted_Baseline,307
1790265558.281913674,Uninterrupted_Baseline,308
1790265558.361890539,Uninterrupted_Baseline,310
1790265558.433032703,Uninterrupted_Baseline,311
1790265558.483258171,Uninterrupted_Baseline,312
1790265558.545040664,Uninterrupted_Baseline,313
1790265558.606531644,Uninterrupted_Baseline,315
1790265558.680367239,Uninterrupted_Baseline,317
1790265558.764325091,Uninterrupted_Baseline,318
1790265558.851478379,Uninterrupted_Baseline,320
1790265558.933609872,Uninterrupted_Baseline,322
1790265559.019033132,Uninterrupted_Baseline,325
1790265559.101459190,Uninterrupted_Baseline,327
1790265559.174315724,Uninterrupted_Baseline,329
1790265559.253961870,Uninterrupted_Baseline,331
1790265559.329006441,Uninterrupted_Baseline,333
1790265559.411433448,Uninterrupted_Baseline,335
1790265559.495792036,Uninterrupted_Baseline,338
1790265559.579810797,Uninterrupted_Baseline,340
1790265559.663170358,Uninterrupted_Baseline,343
1790265559.733540312,Uninterrupted_Baseline,346
1790265559.812700099,Uninterrupted_Baseline,348
1790265559.893719053,Uninterrupted_Baseline,351
1790265559.975434852,Uninterrupted_Baseline,321
1790265560.057484091,Uninterrupted_Baseline,247
1790265560.143614924,Uninterrupted_Baseline,251
1790265560.228835857,Uninterrupted_Baseline,255
1790265560.311401341,Uninterrupted_Baseline,259
1790265560.385511668,Uninterrupted_Baseline,262
1790265560.468035640,Uninterrupted_Baseline,266
1790265560.550902003,Uninterrupted_Baseline,270
1790265560.635742638,Uninterrupted_Baseline,273
1790265560.715173996,Uninterrupted_Baseline,276
1790265560.800061137,Uninterrupted_Baseline,279
1790265560.890170242,Uninterrupted_Baseline,283
1790265560.973933773,Uninterrupted_Baseline,286
1790265561.055601423,Uninterrupted_Baseline,289
1790265561.138018244,Uninterrupted_Baseline,292
1790265561.224351733,Uninterrupted_Baseline,295
1790265561.307938937,Uninterrupted_Baseline,298
1790265561.394819200,Uninterrupted_Baseline,300
1790265561.460972247,Uninterrupted_Baseline,302
1790265561.544580265,Uninterrupted_Baseline,305
1790265561.634436250,Uninterrupted_Baseline,307
1790265561.715607564,Uninterrupted_Baseline,309
1790265561.782705933,Uninterrupted_Baseline,311
1790265561.861588866,Uninterrupted_Baseline,314
1790265561.948274185,Uninterrupted_Baseline,316
1790265562.033084729,Uninterrupted_Baseline,318
1790265562.116248179,Uninterrupted_Baseline,320
1790265562.197505610,Uninterrupted_Baseline,322
1790265562.277183395,Uninterrupted_Baseline,324
1790265562.359871389,Uninterrupted_Baseline,326
1790265562.437597461,Uninterrupted_Baseline,327
1790265562.520705254,Uninterrupted_Baseline,329
1790265562.595010073,Uninterrupted_Baseline,330
1790265562.676923771,Uninterrupted_Baseline,331
1790265562.763843310,Uninterrupted_Baseline,333
1790265562.837350863,Uninterrupted_Baseline,334
1790265562.921226798,Uninterrupted_Baseline,336
1790265563.002381433,Uninterrupted_Baseline,337
1790265563.080981258,Uninterrupted_Baseline,338
1790265563.159194285,Uninterrupted_Baseline,339
1790265563.241800659,Uninterrupted_Baseline,340
1790265563.323452914,Uninterrupted_Baseline,341
1790265563.403151879,Uninterrupted_Baseline,342
1790265563.482769209,Uninterrupted_Baseline,343
1790265563.563175791,Uninterrupted_Baseline,344
1790265563.645753040,Uninterrupted_Baseline,345
1790265563.724381431,Uninterrupted_Baseline,346
1790265563.806138981,Uninterrupted_Baseline,346
1790265563.892498420,Uninterrupted_Baseline,347
1790265563.972005755,Uninterrupted_Baseline,347
1790265564.056588478,Uninterrupted_Baseline,348
1790265564.138604391,Uninterrupted_Baseline,349
1790265564.221561443,Uninterrupted_Baseline,300
1790265564.288898169,Uninterrupted_Baseline,244
1790265564.361947048,Uninterrupted_Baseline,244
1790265564.432184417,Uninterrupted_Baseline,198
1790265564.507380537,Uninterrupted_Baseline,170
1790265564.584384740,Uninterrupted_Baseline,170
1790265564.662515625,Uninterrupted_Baseline,149
1790265564.740572484,Uninterrupted_Baseline,119
1790265564.819052200,Uninterrupted_Baseline,121
1790265564.897343236,Uninterrupted_Baseline,123
1790265564.978579006,Uninterrupted_Baseline,124
1790265565.056574721,Uninterrupted_Baseline,125
1790265565.143575673,Uninterrupted_Baseline,126
1790265565.226094033,Uninterrupted_Baseline,128
1790265565.309619328,Uninterrupted_Baseline,129
1790265565.391060315,Uninterrupted_Baseline,130
1790265565.480713598,Uninterrupted_Baseline,131
1790265565.542416674,Uninterrupted_Baseline,132
1790265565.602096579,Uninterrupted_Baseline,133
1790265565.672835904,Uninterrupted_Baseline,134
1790265565.757490700,Uninterrupted_Baseline,135
1790265565.831167800,Uninterrupted_Baseline,136
1790265565.918579764,Uninterrupted_Baseline,137
1790265566.005815608,Uninterrupted_Baseline,138
1790265566.084997859,Uninterrupted_Baseline,138
1790265566.167611292,Uninterrupted_Baseline,139
1790265566.252982507,Uninterrupted_Baseline,140
1790265566.315074730,Uninterrupted_Baseline,140
1790265566.388859075,Uninterrupted_Baseline,141
1790265566.464431403,Uninterrupted_Baseline,141
1790265566.545202741,Uninterrupted_Baseline,141
1790265566.625585208,Uninterrupted_Baseline,142
1790265566.710891492,Uninterrupted_Baseline,142
1790265566.793959571,Uninterrupted_Baseline,143
1790265566.874763225,Uninterrupted_Baseline,143
1790265566.940277135,Uninterrupted_Baseline,143
1790265567.021023213,Uninterrupted_Baseline,144
1790265567.098423691,Uninterrupted_Baseline,144
1790265567.176075707,Uninterrupted_Baseline,144
1790265567.254104057,Uninterrupted_Baseline,144
1790265567.338100034,Uninterrupted_Baseline,144
1790265567.419037100,Uninterrupted_Baseline,145
1790265567.497910460,Uninterrupted_Baseline,145
1790265567.577177845,Uninterrupted_Baseline,145
1790265567.662453696,Uninterrupted_Baseline,145
1790265567.726587221,Uninterrupted_Baseline,145
1790265567.800561725,Uninterrupted_Baseline,145
1790265567.872115416,Uninterrupted_Baseline,145
1790265567.947947174,Uninterrupted_Baseline,145
1790265568.020293848,Uninterrupted_Baseline,145
1790265568.081587488,Uninterrupted_Baseline,145
1790265568.156299010,Uninterrupted_Baseline,145
1790265568.224195601,Uninterrupted_Baseline,145
1790265568.280452703,Uninterrupted_Baseline,145
1790265568.357405740,Uninterrupted_Baseline,145
1790265568.422714421,Uninterrupted_Baseline,145
1790265568.473034419,Uninterrupted_Baseline,145
1790265568.525539985,Uninterrupted_Baseline,145
1790265568.586473826,Uninterrupted_Baseline,145
1790265568.648137892,Uninterrupted_Baseline,145
1790265568.721220884,Uninterrupted_Baseline,146
1790265568.803137921,Uninterrupted_Baseline,147
1790265568.889174503,Uninterrupted_Baseline,147
1790265568.968403974,Uninterrupted_Baseline,148
1790265569.048933743,Uninterrupted_Baseline,148
1790265569.126027019,Uninterrupted_Baseline,149
1790265569.186751827,Uninterrupted_Baseline,149
1790265569.267700326,Uninterrupted_Baseline,150
1790265569.347544957,Uninterrupted_Baseline,150
1790265569.428010440,Uninterrupted_Baseline,151
1790265569.516196087,Uninterrupted_Baseline,151
1790265569.605309734,Uninterrupted_Baseline,152
1790265569.690853226,Uninterrupted_Baseline,153
1790265569.775005615,Uninterrupted_Baseline,153
1790265569.858129277,Uninterrupted_Baseline,154
1790265569.940792901,Uninterrupted_Baseline,155
1790265570.019450559,Uninterrupted_Baseline,155
1790265570.101574853,Uninterrupted_Baseline,156
1790265570.179644234,Uninterrupted_Baseline,156
1790265570.253925816,Uninterrupted_Baseline,157
1790265570.332894980,Uninterrupted_Baseline,157
1790265570.415490999,Uninterrupted_Baseline,158
1790265570.496535412,Uninterrupted_Baseline,159
1790265570.577356251,Uninterrupted_Baseline,159
1790265570.649418742,Uninterrupted_Baseline,160
1790265570.733784942,Uninterrupted_Baseline,160
1790265570.816844139,Uninterrupted_Baseline,161
1790265570.891486677,Uninterrupted_Baseline,161
1790265570.974295033,Uninterrupted_Baseline,162
1790265571.057940176,Uninterrupted_Baseline,162
1790265571.142942274,Uninterrupted_Baseline,163
1790265571.223462366,Uninterrupted_Baseline,164
1790265571.303723287,Uninterrupted_Baseline,164
1790265571.383388369,Uninterrupted_Baseline,165
1790265571.451798578,Uninterrupted_Baseline,165
1790265571.506918436,Uninterrupted_Baseline,166
1790265571.587822857,Uninterrupted_Baseline,166
1790265571.670813021,Uninterrupted_Baseline,167
1790265571.732145790,Uninterrupted_Baseline,167
1790265571.805732417,Uninterrupted_Baseline,168
1790265571.893710872,Uninterrupted_Baseline,168
1790265571.974828852,Uninterrupted_Baseline,169
1790265572.042183899,Uninterrupted_Baseline,169
1790265572.123078407,Uninterrupted_Baseline,170
1790265572.205979622,Uninterrupted_Baseline,170
1790265572.290295827,Uninterrupted_Baseline,171
1790265572.367781343,Uninterrupted_Baseline,172
1790265572.443966470,Uninterrupted_Baseline,172
1790265572.533367564,Uninterrupted_Baseline,173
1790265572.617336941,Uninterrupted_Baseline,173
1790265572.700688968,Uninterrupted_Baseline,174
1790265572.782057358,Uninterrupted_Baseline,175
1790265572.864025130,Uninterrupted_Baseline,175
1790265572.955126822,Uninterrupted_Baseline,176
1790265573.040996184,Uninterrupted_Baseline,177
1790265573.121599631,Uninterrupted_Baseline,178
1790265573.200592304,Uninterrupted_Baseline,180
1790265573.268403904,Uninterrupted_Baseline,182
1790265573.354104590,Uninterrupted_Baseline,184
1790265573.444383803,Uninterrupted_Baseline,186
1790265573.529068586,Uninterrupted_Baseline,188
1790265573.614988572,Uninterrupted_Baseline,191
1790265573.698797617,Uninterrupted_Baseline,193
1790265573.781292689,Uninterrupted_Baseline,195
1790265573.869477836,Uninterrupted_Baseline,198
1790265573.956003239,Uninterrupted_Baseline,200
1790265574.041124146,Uninterrupted_Baseline,203
1790265574.128180202,Uninterrupted_Baseline,206
1790265574.207396483,Uninterrupted_Baseline,209
1790265574.291741669,Uninterrupted_Baseline,212
1790265574.370410940,Uninterrupted_Baseline,215
1790265574.453595294,Uninterrupted_Baseline,218
1790265574.536751823,Uninterrupted_Baseline,221
1790265574.620157245,Uninterrupted_Baseline,225
1790265574.708605760,Uninterrupted_Baseline,228
1790265574.794343934,Uninterrupted_Baseline,232
1790265574.868249854,Uninterrupted_Baseline,235
1790265574.942300519,Uninterrupted_Baseline,239
1790265575.024526305,Uninterrupted_Baseline,243
1790265575.102246044,Uninterrupted_Baseline,246
1790265575.185479526,Uninterrupted_Baseline,250
1790265575.263126003,Uninterrupted_Baseline,254
1790265575.339243295,Uninterrupted_Baseline,258
1790265575.420867734,Uninterrupted_Baseline,262
1790265575.502242550,Uninterrupted_Baseline,267
1790265575.583298005,Uninterrupted_Baseline,271
1790265575.664048385,Uninterrupted_Baseline,275
1790265575.749528336,Uninterrupted_Baseline,280
1790265575.831642775,Uninterrupted_Baseline,285
1790265575.915260435,Uninterrupted_Baseline,290
1790265575.999160845,Uninterrupted_Baseline,296
1790265576.080958201,Uninterrupted_Baseline,301
1790265576.161873964,Uninterrupted_Baseline,306
1790265576.240998324,Uninterrupted_Baseline,312
1790265576.323281319,Uninterrupted_Baseline,317
1790265576.395929247,Uninterrupted_Baseline,322
1790265576.477770654,Uninterrupted_Baseline,328
1790265576.561509085,Uninterrupted_Baseline,335
1790265576.641202637,Uninterrupted_Baseline,339
1790265576.704945730,Uninterrupted_Baseline,345
1790265576.780546641,Uninterrupted_Baseline,350
1790265576.856262141,Uninterrupted_Baseline,355
1790265576.935542072,Uninterrupted_Baseline,345
1790265577.012199765,Uninterrupted_Baseline,252
1790265577.099126096,Uninterrupted_Baseline,252
1790265577.175876857,Uninterrupted_Baseline,253
1790265577.255547737,Uninterrupted_Baseline,177
1790265577.329041413,Uninterrupted_Baseline,178
1790265577.412057921,Uninterrupted_Baseline,181
1790265577.500898670,Uninterrupted_Baseline,183
1790265577.579832713,Uninterrupted_Baseline,185
1790265577.664589218,Uninterrupted_Baseline,187
1790265577.746982669,Uninterrupted_Baseline,188
1790265577.831895280,Uninterrupted_Baseline,190
1790265577.913025150,Uninterrupted_Baseline,192
1790265577.995092859,Uninterrupted_Baseline,193
1790265578.076822853,Uninterrupted_Baseline,194
1790265578.165073877,Uninterrupted_Baseline,195
1790265578.236499222,Uninterrupted_Baseline,196
1790265589.148430600,Phase1_Baseline,10
1790265589.209889730,Phase1_Baseline,12
1790265589.276047101,Phase1_Baseline,20
1790265589.357595765,Phase1_Baseline,42
1790265589.428438130,Phase1_Baseline,88
1790265589.514664965,Phase1_Baseline,204
1790265589.596982319,Phase1_Baseline,371
1790265589.665322837,Phase1_Baseline,670
1790265589.741911396,Phase1_Baseline,931
1790265589.816339320,Phase1_Baseline,1032
1790265589.884416287,Phase1_Baseline,944
1790265589.961755229,Phase1_Baseline,840
1790265590.042993336,Phase1_Baseline,749
1790265590.116926653,Phase1_Baseline,749
1790265590.185157847,Phase1_Baseline,749
1790265590.264408160,Phase1_Baseline,665
1790265590.350793768,Phase1_Baseline,524
1790265590.431978654,Phase1_Baseline,524
1790265590.513822321,Phase1_Baseline,524
1790265590.595080161,Phase1_Baseline,449
1790265590.673612124,Phase1_Baseline,366
1790265590.748105676,Phase1_Baseline,366
1790265590.826466412,Phase1_Baseline,256
1790265590.910501366,Phase1_Baseline,231
1790265590.993226210,Phase1_Baseline,179
1790265591.075434355,Phase1_Baseline,182
1790265591.155377072,Phase1_Baseline,184
1790265591.226281025,Phase1_Baseline,186
1790265591.301022988,Phase1_Baseline,188
1790265591.378962291,Phase1_Baseline,189
1790265591.462889333,Phase1_Baseline,191
1790265591.548439061,Phase1_Baseline,192
1790265591.611196078,Phase1_Baseline,193
1790265591.689463536,Phase1_Baseline,195
1790265591.770545005,Phase1_Baseline,196
1790265591.844102280,Phase1_Baseline,197
1790265591.934371955,Phase1_Baseline,199
1790265592.014312168,Phase1_Baseline,200
1790265592.100900848,Phase1_Baseline,201
1790265592.179809861,Phase1_Baseline,202
1790265592.253720532,Phase1_Baseline,203
1790265592.334497188,Phase1_Baseline,204
1790265592.420142776,Phase1_Baseline,205
1790265592.507637127,Phase1_Baseline,207
1790265592.585429393,Phase1_Baseline,208
1790265592.668707239,Phase1_Baseline,209
1790265592.751632490,Phase1_Baseline,210
1790265592.826060375,Phase1_Baseline,210
1790265592.907416513,Phase1_Baseline,211
1790265592.985298972,Phase1_Baseline,211
1790265593.071755471,Phase1_Baseline,212
1790265593.152032968,Phase1_Baseline,213
1790265593.235291534,Phase1_Baseline,213
1790265593.319146674,Phase1_Baseline,213
1790265593.400889984,Phase1_Baseline,214
1790265593.483165575,Phase1_Baseline,214
1790265593.568444070,Phase1_Baseline,215
1790265593.646844613,Phase1_Baseline,215
1790265593.730524546,Phase1_Baseline,215
1790265593.814342611,Phase1_Baseline,216
1790265593.895552380,Phase1_Baseline,216
1790265593.969757481,Phase1_Baseline,216
1790265594.032819886,Phase1_Baseline,216
1790265594.112312110,Phase1_Baseline,216
1790265594.200011103,Phase1_Baseline,217
1790265594.281596722,Phase1_Baseline,217
1790265594.345459440,Phase1_Baseline,217
1790265594.426302682,Phase1_Baseline,217
1790265594.499485770,Phase1_Baseline,217
1790265594.578945304,Phase1_Baseline,217
1790265594.655074301,Phase1_Baseline,217
1790265594.737415161,Phase1_Baseline,217
1790265594.819563431,Phase1_Baseline,217
1790265594.903103308,Phase1_Baseline,217
1790265594.994060961,Phase1_Baseline,217
1790265595.080385239,Phase1_Baseline,217
1790265595.132922943,Phase1_Baseline,217
1790265595.184027618,Phase1_Baseline,217
1790265595.260271161,Phase1_Baseline,217
1790265595.349272021,Phase1_Baseline,217
1790265595.435276892,Phase1_Baseline,217
1790265595.516401025,Phase1_Baseline,217
1790265595.595461677,Phase1_Baseline,217
1790265595.679406674,Phase1_Baseline,217
1790265595.759240310,Phase1_Baseline,217
1790265595.838094721,Phase1_Baseline,217
1790265595.906720294,Phase1_Baseline,217
1790265595.980631517,Phase1_Baseline,217
1790265596.049998063,Phase1_Baseline,217
1790265596.134895944,Phase1_Baseline,217
1790265596.215329528,Phase1_Baseline,217
1790265596.290861464,Phase1_Baseline,217
1790265596.375899533,Phase1_Baseline,217
1790265596.444515079,Phase1_Baseline,217
1790265596.510498165,Phase1_Baseline,217
1790265596.589275885,Phase1_Baseline,217
1790265596.671379429,Phase1_Baseline,218
1790265596.753921978,Phase1_Baseline,219
1790265596.836233916,Phase1_Baseline,219
1790265596.912302999,Phase1_Baseline,220
1790265596.992559369,Phase1_Baseline,220
1790265597.071030489,Phase1_Baseline,221
1790265597.152989447,Phase1_Baseline,221
1790265597.235067920,Phase1_Baseline,222
1790265597.316561093,Phase1_Baseline,223
1790265597.397359135,Phase1_Baseline,223
1790265597.478209182,Phase1_Baseline,224
1790265597.555008609,Phase1_Baseline,224
1790265597.635366331,Phase1_Baseline,225
1790265597.717478609,Phase1_Baseline,225
1790265597.798132805,Phase1_Baseline,226
1790265597.881839819,Phase1_Baseline,227
1790265597.946965261,Phase1_Baseline,227
1790265598.020909084,Phase1_Baseline,228
1790265598.092175935,Phase1_Baseline,228
1790265598.168006744,Phase1_Baseline,229
1790265598.234564166,Phase1_Baseline,229
1790265598.301329580,Phase1_Baseline,230
1790265598.376383372,Phase1_Baseline,230
1790265598.425320135,Phase1_Baseline,230
1790265598.476732784,Phase1_Baseline,231
1790265598.543936526,Phase1_Baseline,231
1790265598.599479993,Phase1_Baseline,232
1790265598.657612483,Phase1_Baseline,232
1790265598.716465703,Phase1_Baseline,232
1790265598.794804340,Phase1_Baseline,233
1790265598.868413726,Phase1_Baseline,234
1790265598.941606606,Phase1_Baseline,234
1790265599.020630705,Phase1_Baseline,235
1790265599.100215846,Phase1_Baseline,236
1790265599.158249781,Phase1_Baseline,236
1790265599.214567585,Phase1_Baseline,237
1790265599.284930805,Phase1_Baseline,238
1790265599.365386757,Phase1_Baseline,239
1790265599.438242829,Phase1_Baseline,241
1790265599.523962908,Phase1_Baseline,242
1790265599.600420956,Phase1_Baseline,243
1790265599.683428234,Phase1_Baseline,246
1790265599.761610030,Phase1_Baseline,247
1790265599.838153257,Phase1_Baseline,249
1790265599.907951462,Phase1_Baseline,250
1790265599.973540496,Phase1_Baseline,252
1790265600.037430005,Phase1_Baseline,254
1790265600.112544898,Phase1_Baseline,256
1790265600.198640419,Phase1_Baseline,258
1790265600.281928295,Phase1_Baseline,260
1790265600.363302564,Phase1_Baseline,262
1790265600.446265835,Phase1_Baseline,265
1790265600.524339016,Phase1_Baseline,266
1790265600.606181610,Phase1_Baseline,269
1790265600.691070727,Phase1_Baseline,271
1790265600.772921515,Phase1_Baseline,274
1790265600.854835571,Phase1_Baseline,277
1790265600.938758501,Phase1_Baseline,279
1790265601.019060592,Phase1_Baseline,282
1790265601.099953552,Phase1_Baseline,285
1790265601.183472180,Phase1_Baseline,289
1790265601.255985135,Phase1_Baseline,292
1790265601.332320813,Phase1_Baseline,295
1790265601.410114751,Phase1_Baseline,298
1790265601.489912912,Phase1_Baseline,301
1790265601.577095591,Phase1_Baseline,305
1790265601.649723423,Phase1_Baseline,308
1790265601.730381942,Phase1_Baseline,311
1790265601.812917501,Phase1_Baseline,315
1790265601.881120590,Phase1_Baseline,319
1790265601.965235353,Phase1_Baseline,322
1790265602.022723391,Phase1_Baseline,325
1790265602.090925282,Phase1_Baseline,329
1790265602.177270535,Phase1_Baseline,333
1790265602.259753619,Phase1_Baseline,338
1790265602.332955030,Phase1_Baseline,342
1790265602.402874408,Phase1_Baseline,346
1790265602.475278505,Phase1_Baseline,350
1790265602.556718007,Phase1_Baseline,355
1790265602.633509555,Phase1_Baseline,359
1790265602.715445047,Phase1_Baseline,364
1790265602.794935682,Phase1_Baseline,308
1790265602.876441584,Phase1_Baseline,256
1790265602.958321357,Phase1_Baseline,229
1790265603.037992057,Phase1_Baseline,179
1790265603.121239886,Phase1_Baseline,181
1790265603.198186196,Phase1_Baseline,183
1790265603.276752050,Phase1_Baseline,185
1790265603.356446422,Phase1_Baseline,187
1790265603.435512016,Phase1_Baseline,188
1790265603.519140105,Phase1_Baseline,190
1790265603.599015917,Phase1_Baseline,192
1790265603.680012710,Phase1_Baseline,193
1790265603.748218977,Phase1_Baseline,194
1790265603.827398007,Phase1_Baseline,196
1790265603.909180093,Phase1_Baseline,197
1790265603.990942719,Phase1_Baseline,198
1790265604.072344395,Phase1_Baseline,199
1790265604.155361587,Phase1_Baseline,201
1790265604.232928349,Phase1_Baseline,202
1790265604.311305446,Phase1_Baseline,203
1790265604.375954308,Phase1_Baseline,204
1790265604.453265041,Phase1_Baseline,205
1790265604.538299217,Phase1_Baseline,206
1790265604.617556718,Phase1_Baseline,207
1790265604.694517518,Phase1_Baseline,208
1790265604.772557930,Phase1_Baseline,209
1790265604.839278529,Phase1_Baseline,210
1790265604.916799534,Phase1_Baseline,210
1790265605.003512265,Phase1_Baseline,211
1790265605.055518572,Phase1_Baseline,211
1790265605.108292231,Phase1_Baseline,212
1790265605.173409479,Phase1_Baseline,212
1790265605.255864622,Phase1_Baseline,213
1790265605.341596620,Phase1_Baseline,213
1790265605.421304476,Phase1_Baseline,214
1790265605.512934302,Phase1_Baseline,214
1790265605.581366649,Phase1_Baseline,214
1790265605.662391778,Phase1_Baseline,215
1790265605.743966926,Phase1_Baseline,215
1790265605.818264546,Phase1_Baseline,215
1790265605.904271522,Phase1_Baseline,216
1790265605.975990031,Phase1_Baseline,216
1790265606.042562697,Phase1_Baseline,216
1790265606.105064111,Phase1_Baseline,216
1790265606.183233075,Phase1_Baseline,216
1790265606.266418189,Phase1_Baseline,217
1790265606.335860478,Phase1_Baseline,217
1790265606.412329627,Phase1_Baseline,217
1790265606.494231520,Phase1_Baseline,217
1790265606.612198682,Phase1_Baseline,217
1790265606.665030634,Phase1_Baseline,217
1790265606.721968746,Phase1_Baseline,217
1790265606.789902426,Phase1_Baseline,217
1790265606.865761934,Phase1_Baseline,217
1790265606.954114644,Phase1_Baseline,217
1790265607.042757451,Phase1_Baseline,217
1790265607.125455930,Phase1_Baseline,217
1790265607.202083730,Phase1_Baseline,217
1790265607.280618846,Phase1_Baseline,217
1790265607.363961567,Phase1_Baseline,217
1790265607.449007639,Phase1_Baseline,217
1790265607.532317625,Phase1_Baseline,217
1790265607.615227400,Phase1_Baseline,217
1790265607.699815331,Phase1_Baseline,217
1790265607.784466117,Phase1_Baseline,217
1790265607.862041713,Phase1_Baseline,217
1790265607.944804366,Phase1_Baseline,217
1790265608.027951287,Phase1_Baseline,217
1790265608.106496946,Phase1_Baseline,217
1790265608.182809414,Phase1_Baseline,217
1790265608.257925985,Phase1_Baseline,217
1790265608.309920531,Phase1_Baseline,217
1790265608.377888790,Phase1_Baseline,217
1790265608.431281713,Phase1_Baseline,217
1790265608.487046207,Phase1_Baseline,217
1790265608.544171615,Phase1_Baseline,217
1790265608.602503583,Phase1_Baseline,217
1790265608.662264113,Phase1_Baseline,217
1790265608.724911657,Phase1_Baseline,218
1790265608.800618506,Phase1_Baseline,218
1790265608.884448046,Phase1_Baseline,219
1790265608.965199407,Phase1_Baseline,220
1790265609.042219831,Phase1_Baseline,220
1790265609.121444827,Phase1_Baseline,221
1790265609.187092152,Phase1_Baseline,221
1790265609.252134193,Phase1_Baseline,221
1790265609.332640663,Phase1_Baseline,222
1790265609.414045324,Phase1_Baseline,223
1790265609.493174674,Phase1_Baseline,223
1790265609.570632313,Phase1_Baseline,224
1790265609.657088464,Phase1_Baseline,224
1790265609.737351382,Phase1_Baseline,225
1790265609.798702194,Phase1_Baseline,225
1790265609.869516738,Phase1_Baseline,226
1790265609.950926999,Phase1_Baseline,226
1790265610.039053461,Phase1_Baseline,227
1790265610.118002516,Phase1_Baseline,228
1790265610.200272833,Phase1_Baseline,228
1790265610.274507128,Phase1_Baseline,229
1790265610.361022350,Phase1_Baseline,229
1790265610.444534946,Phase1_Baseline,230
1790265610.528505678,Phase1_Baseline,230
1790265610.611836883,Phase1_Baseline,231
1790265610.679805276,Phase1_Baseline,231
1790265610.764312129,Phase1_Baseline,232
1790265610.841040185,Phase1_Baseline,233
1790265610.925493335,Phase1_Baseline,233
1790265610.986752983,Phase1_Baseline,234
1790265611.070791473,Phase1_Baseline,234
1790265611.149240142,Phase1_Baseline,235
1790265611.226852797,Phase1_Baseline,236
1790265611.305553898,Phase1_Baseline,237
1790265611.388428951,Phase1_Baseline,238
1790265611.459919987,Phase1_Baseline,239
1790265611.526989449,Phase1_Baseline,241
1790265611.602986997,Phase1_Baseline,242
1790265611.683636996,Phase1_Baseline,244
1790265611.756382882,Phase1_Baseline,245
1790265611.835946450,Phase1_Baseline,247
1790265611.902104135,Phase1_Baseline,248
1790265611.982964242,Phase1_Baseline,250
1790265612.060823410,Phase1_Baseline,252
1790265612.124553481,Phase1_Baseline,253
1790265612.198459668,Phase1_Baseline,255
1790265612.274504458,Phase1_Baseline,257
1790265612.356450755,Phase1_Baseline,260
1790265612.439538314,Phase1_Baseline,262
1790265612.521983777,Phase1_Baseline,264
1790265612.605172806,Phase1_Baseline,266
1790265612.695558585,Phase1_Baseline,268
1790265612.776745214,Phase1_Baseline,271
1790265612.858808368,Phase1_Baseline,274
1790265612.930010186,Phase1_Baseline,277
1790265613.011181781,Phase1_Baseline,279
1790265613.093058577,Phase1_Baseline,282
1790265613.176271998,Phase1_Baseline,285
1790265613.260543572,Phase1_Baseline,288
1790265614.658472114,Phase2_Migrated,10
1790265614.752540183,Phase2_Migrated,10
1790265614.833446438,Phase2_Migrated,14
1790265614.902190911,Phase2_Migrated,11
1790265614.988223765,Phase2_Migrated,32
1790265615.052857359,Phase2_Migrated,58
1790265615.124194117,Phase2_Migrated,128
1790265615.221522425,Phase2_Migrated,328
1790265615.315266654,Phase2_Migrated,641
1790265615.402250465,Phase2_Migrated,955
1790265615.494404236,Phase2_Migrated,909
1790265615.592618432,Phase2_Migrated,746
1790265615.686014013,Phase2_Migrated,668
1790265615.779415979,Phase2_Migrated,668
1790265615.872040815,Phase2_Migrated,610
1790265615.964054319,Phase2_Migrated,467
1790265616.059866638,Phase2_Migrated,467
1790265616.153494829,Phase2_Migrated,425
1790265616.241341893,Phase2_Migrated,326
1790265616.333936538,Phase2_Migrated,304
1790265616.430919694,Phase2_Migrated,228
1790265616.509191797,Phase2_Migrated,229
1790265616.599171105,Phase2_Migrated,232
1790265616.687866304,Phase2_Migrated,234
1790265616.782805936,Phase2_Migrated,237
1790265616.870126715,Phase2_Migrated,239
1790265616.941822169,Phase2_Migrated,241
1790265616.997863147,Phase2_Migrated,243
1790265617.070963171,Phase2_Migrated,244
1790265617.138518189,Phase2_Migrated,246
1790265617.220555392,Phase2_Migrated,248
1790265617.306429892,Phase2_Migrated,250
1790265617.400997286,Phase2_Migrated,251
1790265617.493097017,Phase2_Migrated,253
1790265617.581212267,Phase2_Migrated,254
1790265617.673988159,Phase2_Migrated,256
1790265617.767264965,Phase2_Migrated,258
1790265617.857988070,Phase2_Migrated,259
1790265617.948532182,Phase2_Migrated,260
1790265618.042808727,Phase2_Migrated,262
1790265618.126240159,Phase2_Migrated,263
1790265618.206582929,Phase2_Migrated,264
1790265618.283336343,Phase2_Migrated,265
1790265618.377278431,Phase2_Migrated,266
1790265618.452625074,Phase2_Migrated,267
1790265618.514038663,Phase2_Migrated,268
1790265618.571471331,Phase2_Migrated,269
1790265618.635831215,Phase2_Migrated,269
1790265618.712440580,Phase2_Migrated,270
1790265618.806037354,Phase2_Migrated,271
1790265618.896899622,Phase2_Migrated,271
1790265618.971111967,Phase2_Migrated,272
1790265619.060584152,Phase2_Migrated,273
1790265619.152059064,Phase2_Migrated,273
1790265619.229943235,Phase2_Migrated,273
1790265619.304034934,Phase2_Migrated,274
1790265619.403256052,Phase2_Migrated,274
1790265619.496056035,Phase2_Migrated,275
1790265619.588033829,Phase2_Migrated,275
1790265619.682265258,Phase2_Migrated,276
1790265619.779414421,Phase2_Migrated,276
1790265619.869581647,Phase2_Migrated,276
1790265619.970606829,Phase2_Migrated,276
1790265620.060532788,Phase2_Migrated,277
1790265620.138129745,Phase2_Migrated,277
1790265620.235221613,Phase2_Migrated,277
1790265620.322586566,Phase2_Migrated,277
1790265620.388887853,Phase2_Migrated,277
1790265620.466027110,Phase2_Migrated,277
1790265620.555906213,Phase2_Migrated,277
1790265620.653075798,Phase2_Migrated,277
1790265620.745968314,Phase2_Migrated,277
1790265620.837739494,Phase2_Migrated,277
1790265620.908587151,Phase2_Migrated,277
1790265620.996573122,Phase2_Migrated,277
1790265621.089302320,Phase2_Migrated,277
1790265621.176121214,Phase2_Migrated,277
1790265621.261874037,Phase2_Migrated,277
1790265621.346732003,Phase2_Migrated,277
1790265621.436998115,Phase2_Migrated,277
1790265621.534043317,Phase2_Migrated,277
1790265621.627061286,Phase2_Migrated,277
1790265621.717732763,Phase2_Migrated,277
1790265621.804474843,Phase2_Migrated,277
1790265621.877225349,Phase2_Migrated,277
1790265621.957580521,Phase2_Migrated,277
1790265622.046448630,Phase2_Migrated,277
1790265622.154513284,Phase2_Migrated,277
1790265622.221926134,Phase2_Migrated,277
1790265622.304098020,Phase2_Migrated,193
1790265622.394311473,Phase2_Migrated,196
1790265622.488283366,Phase2_Migrated,200
1790265622.585195231,Phase2_Migrated,203
1790265622.670097118,Phase2_Migrated,207
1790265622.768976414,Phase2_Migrated,211
1790265622.858803090,Phase2_Migrated,214
1790265622.945426702,Phase2_Migrated,217
1790265623.039587921,Phase2_Migrated,220
1790265623.137617830,Phase2_Migrated,223
1790265623.235940810,Phase2_Migrated,226
1790265623.329142021,Phase2_Migrated,229
1790265623.429939354,Phase2_Migrated,232
1790265623.521789591,Phase2_Migrated,234
1790265623.613096514,Phase2_Migrated,237
1790265623.705552482,Phase2_Migrated,239
1790265623.801256626,Phase2_Migrated,242
1790265623.896045726,Phase2_Migrated,244
1790265623.989723286,Phase2_Migrated,247
1790265624.081517424,Phase2_Migrated,249
1790265624.174033964,Phase2_Migrated,250
1790265624.264139113,Phase2_Migrated,252
1790265624.356262164,Phase2_Migrated,254
1790265624.442879396,Phase2_Migrated,255
1790265624.531381038,Phase2_Migrated,256
1790265624.607317048,Phase2_Migrated,258
1790265624.700165204,Phase2_Migrated,259
1790265624.795939393,Phase2_Migrated,261
1790265624.873195803,Phase2_Migrated,262
1790265624.963353282,Phase2_Migrated,263
1790265625.056859170,Phase2_Migrated,264
1790265625.151893610,Phase2_Migrated,266
1790265625.239728544,Phase2_Migrated,267
1790265625.335782872,Phase2_Migrated,268
1790265625.426893258,Phase2_Migrated,269
1790265625.516591474,Phase2_Migrated,270
1790265625.612531481,Phase2_Migrated,270
1790265625.710782104,Phase2_Migrated,271
1790265625.790726493,Phase2_Migrated,272
1790265625.884503204,Phase2_Migrated,273
1790265625.979042503,Phase2_Migrated,273
1790265626.073428829,Phase2_Migrated,274
1790265626.172484632,Phase2_Migrated,274
1790265626.264441029,Phase2_Migrated,275
1790265626.364559068,Phase2_Migrated,275
1790265626.471069820,Phase2_Migrated,275
1790265626.566736836,Phase2_Migrated,276
1790265626.655458798,Phase2_Migrated,276
1790265626.743054944,Phase2_Migrated,276
1790265626.836208373,Phase2_Migrated,276
1790265626.928437880,Phase2_Migrated,277
1790265627.017056127,Phase2_Migrated,277
1790265627.106517462,Phase2_Migrated,277
1790265627.192491515,Phase2_Migrated,277
1790265627.283146247,Phase2_Migrated,277
1790265627.379635112,Phase2_Migrated,277
1790265627.474081894,Phase2_Migrated,277
1790265627.567167973,Phase2_Migrated,277
1790265627.669325425,Phase2_Migrated,277
1790265627.755846917,Phase2_Migrated,277
1790265627.831220453,Phase2_Migrated,277
1790265627.923367516,Phase2_Migrated,277
1790265628.018317288,Phase2_Migrated,277
1790265628.109543045,Phase2_Migrated,277
1790265628.200327857,Phase2_Migrated,277
1790265628.289281092,Phase2_Migrated,277
1790265628.375761567,Phase2_Migrated,277
1790265628.451479148,Phase2_Migrated,277
1790265628.509524152,Phase2_Migrated,277
1790265628.580914095,Phase2_Migrated,277
1790265628.657546750,Phase2_Migrated,277
1790265628.746014251,Phase2_Migrated,277
1790265628.841186131,Phase2_Migrated,277
1790265628.937015792,Phase2_Migrated,277
1790265629.024836816,Phase2_Migrated,277
1790265629.114633880,Phase2_Migrated,277
1790265629.195063011,Phase2_Migrated,277
1790265629.267615817,Phase2_Migrated,277
1790265629.339745500,Phase2_Migrated,277
1790265629.427869838,Phase2_Migrated,277
1790265629.514264203,Phase2_Migrated,277
1790265629.605799922,Phase2_Migrated,278
1790265629.696769687,Phase2_Migrated,278
1790265629.776312271,Phase2_Migrated,278
1790265629.872573145,Phase2_Migrated,278
1790265629.958834453,Phase2_Migrated,279
1790265630.051272432,Phase2_Migrated,279
1790265630.145269397,Phase2_Migrated,279
1790265630.234796601,Phase2_Migrated,280
1790265630.318747883,Phase2_Migrated,280
1790265630.410908818,Phase2_Migrated,281
1790265630.512762216,Phase2_Migrated,281
1790265630.599527029,Phase2_Migrated,282
1790265630.684234949,Phase2_Migrated,282
1790265630.772233706,Phase2_Migrated,283
1790265630.865059250,Phase2_Migrated,284
1790265630.952176984,Phase2_Migrated,285
1790265631.031444705,Phase2_Migrated,285
1790265631.122512146,Phase2_Migrated,286
1790265631.217985178,Phase2_Migrated,288
1790265631.314589267,Phase2_Migrated,288
1790265631.404759414,Phase2_Migrated,290
1790265631.492031002,Phase2_Migrated,291
1790265631.584246372,Phase2_Migrated,292
1790265631.692298110,Phase2_Migrated,293
1790265631.779835172,Phase2_Migrated,294
1790265631.848488277,Phase2_Migrated,295
1790265631.934562003,Phase2_Migrated,296
1790265632.015453496,Phase2_Migrated,298
1790265632.108118441,Phase2_Migrated,299
1790265632.204105434,Phase2_Migrated,301
1790265632.302163211,Phase2_Migrated,303
1790265632.391752918,Phase2_Migrated,305
1790265632.486442886,Phase2_Migrated,307
1790265632.577915501,Phase2_Migrated,309
1790265632.671182961,Phase2_Migrated,311
1790265632.764251975,Phase2_Migrated,313
1790265632.853590274,Phase2_Migrated,316
1790265632.937885940,Phase2_Migrated,318
1790265633.030865159,Phase2_Migrated,320
1790265633.115418056,Phase2_Migrated,322
1790265633.198312246,Phase2_Migrated,324
1790265633.293110588,Phase2_Migrated,327
1790265633.381546142,Phase2_Migrated,329
1790265633.473094486,Phase2_Migrated,333
1790265633.569451343,Phase2_Migrated,336
1790265633.658981585,Phase2_Migrated,339
1790265633.750908032,Phase2_Migrated,342
1790265633.841104423,Phase2_Migrated,345
1790265633.936142706,Phase2_Migrated,349
1790265634.011512479,Phase2_Migrated,351
1790265634.111874680,Phase2_Migrated,356
1790265634.206875967,Phase2_Migrated,304
1790265634.291261968,Phase2_Migrated,250
1790265634.366880515,Phase2_Migrated,251
1790265634.454528802,Phase2_Migrated,175
1790265634.548350282,Phase2_Migrated,175
1790265634.640879578,Phase2_Migrated,176
1790265634.718174515,Phase2_Migrated,179
1790265634.807060398,Phase2_Migrated,182
1790265634.890734293,Phase2_Migrated,183
1790265634.946355097,Phase2_Migrated,184
1790265635.024358382,Phase2_Migrated,186
1790265635.113443519,Phase2_Migrated,188
1790265635.198340748,Phase2_Migrated,189
1790265635.292433602,Phase2_Migrated,191
1790265636.727009737,Uninterrupted_Baseline,1
1790265636.809307530,Uninterrupted_Baseline,1
1790265636.874723466,Uninterrupted_Baseline,1
1790265636.954383851,Uninterrupted_Baseline,1
1790265637.016857051,Uninterrupted_Baseline,1
1790265637.096154078,Uninterrupted_Baseline,1
1790265637.174369023,Uninterrupted_Baseline,1
1790265637.245554967,Uninterrupted_Baseline,1
1790265637.325914135,Uninterrupted_Baseline,1
1790265637.408265851,Uninterrupted_Baseline,1
1790265637.477830839,Uninterrupted_Baseline,1
1790265637.555877836,Uninterrupted_Baseline,1
1790265637.638463403,Uninterrupted_Baseline,1
1790265637.721209414,Uninterrupted_Baseline,1
1790265637.807812354,Uninterrupted_Baseline,1
1790265637.889233248,Uninterrupted_Baseline,1
1790265637.946946873,Uninterrupted_Baseline,1
1790265638.014512760,Uninterrupted_Baseline,1
1790265638.014512760,Uninterrupted_Baseline,10
1790265638.079615532,Uninterrupted_Baseline,1
1790265638.079615532,Uninterrupted_Baseline,14
1790265638.162750165,Uninterrupted_Baseline,1
1790265638.162750165,Uninterrupted_Baseline,28
1790265638.230209447,Uninterrupted_Baseline,1
1790265638.230209447,Uninterrupted_Baseline,54
1790265638.293601888,Uninterrupted_Baseline,1
1790265638.293601888,Uninterrupted_Baseline,106
1790265638.376813232,Uninterrupted_Baseline,1
1790265638.376813232,Uninterrupted_Baseline,212
1790265638.444480317,Uninterrupted_Baseline,1
1790265638.444480317,Uninterrupted_Baseline,400
1790265638.493920259,Uninterrupted_Baseline,1
1790265638.493920259,Uninterrupted_Baseline,565
1790265638.569720248,Uninterrupted_Baseline,1
1790265638.569720248,Uninterrupted_Baseline,848
1790265638.630197684,Uninterrupted_Baseline,1
1790265638.630197684,Uninterrupted_Baseline,915
1790265638.695447872,Uninterrupted_Baseline,1
1790265638.695447872,Uninterrupted_Baseline,915
1790265638.768002171,Uninterrupted_Baseline,1
1790265638.768002171,Uninterrupted_Baseline,803
1790265638.853727124,Uninterrupted_Baseline,1
1790265638.853727124,Uninterrupted_Baseline,678
1790265638.932842347,Uninterrupted_Baseline,1
1790265638.932842347,Uninterrupted_Baseline,640
1790265639.017762251,Uninterrupted_Baseline,1
1790265639.017762251,Uninterrupted_Baseline,640
1790265639.105056882,Uninterrupted_Baseline,1
1790265639.105056882,Uninterrupted_Baseline,640
1790265639.161008793,Uninterrupted_Baseline,1
1790265639.161008793,Uninterrupted_Baseline,640
1790265639.229069327,Uninterrupted_Baseline,1
1790265639.229069327,Uninterrupted_Baseline,640
1790265639.288557038,Uninterrupted_Baseline,1
1790265639.288557038,Uninterrupted_Baseline,497
1790265639.351494661,Uninterrupted_Baseline,1
1790265639.351494661,Uninterrupted_Baseline,448
1790265639.421588451,Uninterrupted_Baseline,1
1790265639.421588451,Uninterrupted_Baseline,448
1790265639.493186714,Uninterrupted_Baseline,1
1790265639.493186714,Uninterrupted_Baseline,448
1790265639.560911499,Uninterrupted_Baseline,1
1790265639.560911499,Uninterrupted_Baseline,341
1790265639.641533138,Uninterrupted_Baseline,1
1790265639.641533138,Uninterrupted_Baseline,313
1790265639.720035568,Uninterrupted_Baseline,1
1790265639.720035568,Uninterrupted_Baseline,308
1790265639.788514859,Uninterrupted_Baseline,1
1790265639.788514859,Uninterrupted_Baseline,219
1790265639.871767010,Uninterrupted_Baseline,1
1790265639.871767010,Uninterrupted_Baseline,192
1790265639.949537863,Uninterrupted_Baseline,1
1790265639.949537863,Uninterrupted_Baseline,154
1790265640.038389696,Uninterrupted_Baseline,1
1790265640.038389696,Uninterrupted_Baseline,157
1790265640.121229327,Uninterrupted_Baseline,1
1790265640.121229327,Uninterrupted_Baseline,158
1790265640.187810936,Uninterrupted_Baseline,1
1790265640.187810936,Uninterrupted_Baseline,160
1790265640.265239220,Uninterrupted_Baseline,1
1790265640.265239220,Uninterrupted_Baseline,162
1790265640.348072277,Uninterrupted_Baseline,1
1790265640.348072277,Uninterrupted_Baseline,163
1790265640.428731228,Uninterrupted_Baseline,1
1790265640.428731228,Uninterrupted_Baseline,164
1790265640.514998075,Uninterrupted_Baseline,1
1790265640.514998075,Uninterrupted_Baseline,166
1790265640.594967314,Uninterrupted_Baseline,1
1790265640.594967314,Uninterrupted_Baseline,167
1790265640.679718333,Uninterrupted_Baseline,1
1790265640.679718333,Uninterrupted_Baseline,168
1790265640.759723676,Uninterrupted_Baseline,1
1790265640.759723676,Uninterrupted_Baseline,170
1790265640.847830474,Uninterrupted_Baseline,1
1790265640.847830474,Uninterrupted_Baseline,171
1790265640.927253072,Uninterrupted_Baseline,1
1790265640.927253072,Uninterrupted_Baseline,172
1790265640.996280774,Uninterrupted_Baseline,1
1790265640.996280774,Uninterrupted_Baseline,173
1790265641.076991716,Uninterrupted_Baseline,1
1790265641.076991716,Uninterrupted_Baseline,174
1790265641.159138960,Uninterrupted_Baseline,1
1790265641.159138960,Uninterrupted_Baseline,175
1790265641.238583657,Uninterrupted_Baseline,1
1790265641.238583657,Uninterrupted_Baseline,176
1790265641.313362489,Uninterrupted_Baseline,1
1790265641.313362489,Uninterrupted_Baseline,177
1790265641.389587061,Uninterrupted_Baseline,1
1790265641.389587061,Uninterrupted_Baseline,178
1790265641.474079521,Uninterrupted_Baseline,1
1790265641.474079521,Uninterrupted_Baseline,179
1790265641.553941697,Uninterrupted_Baseline,1
1790265641.553941697,Uninterrupted_Baseline,180
1790265641.622118238,Uninterrupted_Baseline,1
1790265641.622118238,Uninterrupted_Baseline,180
1790265641.697375697,Uninterrupted_Baseline,1
1790265641.697375697,Uninterrupted_Baseline,181
1790265641.765029400,Uninterrupted_Baseline,1
1790265641.765029400,Uninterrupted_Baseline,181
1790265641.844110566,Uninterrupted_Baseline,1
1790265641.844110566,Uninterrupted_Baseline,182
1790265641.927132343,Uninterrupted_Baseline,1
1790265641.927132343,Uninterrupted_Baseline,183
1790265642.015311370,Uninterrupted_Baseline,1
1790265642.015311370,Uninterrupted_Baseline,183
1790265642.101171916,Uninterrupted_Baseline,1
1790265642.101171916,Uninterrupted_Baseline,184
1790265642.187167837,Uninterrupted_Baseline,1
1790265642.187167837,Uninterrupted_Baseline,184
1790265642.271877037,Uninterrupted_Baseline,1
1790265642.271877037,Uninterrupted_Baseline,185
1790265642.358444177,Uninterrupted_Baseline,1
1790265642.358444177,Uninterrupted_Baseline,185
1790265642.446358623,Uninterrupted_Baseline,1
1790265642.446358623,Uninterrupted_Baseline,185
1790265642.530755507,Uninterrupted_Baseline,1
1790265642.530755507,Uninterrupted_Baseline,185
1790265642.617301675,Uninterrupted_Baseline,1
1790265642.617301675,Uninterrupted_Baseline,186
1790265642.689946692,Uninterrupted_Baseline,1
1790265642.689946692,Uninterrupted_Baseline,186
1790265642.778748740,Uninterrupted_Baseline,1
1790265642.778748740,Uninterrupted_Baseline,186
1790265642.859396091,Uninterrupted_Baseline,1
1790265642.859396091,Uninterrupted_Baseline,186
1790265642.937457239,Uninterrupted_Baseline,1
1790265642.937457239,Uninterrupted_Baseline,187
1790265642.993827675,Uninterrupted_Baseline,1
1790265642.993827675,Uninterrupted_Baseline,187
1790265643.060857656,Uninterrupted_Baseline,1
1790265643.060857656,Uninterrupted_Baseline,187
1790265643.144570190,Uninterrupted_Baseline,1
1790265643.144570190,Uninterrupted_Baseline,187
1790265643.227316235,Uninterrupted_Baseline,1
1790265643.227316235,Uninterrupted_Baseline,187
1790265643.297134116,Uninterrupted_Baseline,1
1790265643.297134116,Uninterrupted_Baseline,187
1790265643.377456882,Uninterrupted_Baseline,1
1790265643.377456882,Uninterrupted_Baseline,187
1790265643.460254029,Uninterrupted_Baseline,1
1790265643.460254029,Uninterrupted_Baseline,187
1790265643.538976325,Uninterrupted_Baseline,1
1790265643.538976325,Uninterrupted_Baseline,187
1790265643.612734049,Uninterrupted_Baseline,1
1790265643.612734049,Uninterrupted_Baseline,187
1790265643.700501542,Uninterrupted_Baseline,1
1790265643.700501542,Uninterrupted_Baseline,187
1790265643.773419923,Uninterrupted_Baseline,1
1790265643.773419923,Uninterrupted_Baseline,187
1790265643.856101546,Uninterrupted_Baseline,1
1790265643.856101546,Uninterrupted_Baseline,187
1790265643.940703935,Uninterrupted_Baseline,1
1790265643.940703935,Uninterrupted_Baseline,187
1790265644.026597099,Uninterrupted_Baseline,1
1790265644.026597099,Uninterrupted_Baseline,187
1790265644.110316153,Uninterrupted_Baseline,1
1790265644.110316153,Uninterrupted_Baseline,187
1790265644.200513620,Uninterrupted_Baseline,1
1790265644.200513620,Uninterrupted_Baseline,187
1790265644.282792061,Uninterrupted_Baseline,1
1790265644.282792061,Uninterrupted_Baseline,187
1790265644.366894493,Uninterrupted_Baseline,1
1790265644.366894493,Uninterrupted_Baseline,187
1790265644.450010402,Uninterrupted_Baseline,1
1790265644.450010402,Uninterrupted_Baseline,187
1790265644.535943763,Uninterrupted_Baseline,1
1790265644.535943763,Uninterrupted_Baseline,187
1790265644.621563971,Uninterrupted_Baseline,1
1790265644.621563971,Uninterrupted_Baseline,187
1790265644.701128173,Uninterrupted_Baseline,1
1790265644.701128173,Uninterrupted_Baseline,187
1790265644.780148134,Uninterrupted_Baseline,1
1790265644.780148134,Uninterrupted_Baseline,187
1790265644.860966174,Uninterrupted_Baseline,1
1790265644.860966174,Uninterrupted_Baseline,188
1790265644.911220454,Uninterrupted_Baseline,1
1790265644.911220454,Uninterrupted_Baseline,188
1790265644.990422350,Uninterrupted_Baseline,1
1790265644.990422350,Uninterrupted_Baseline,189
1790265645.079368885,Uninterrupted_Baseline,1
1790265645.079368885,Uninterrupted_Baseline,189
1790265645.165244344,Uninterrupted_Baseline,1
1790265645.165244344,Uninterrupted_Baseline,190
1790265645.245517290,Uninterrupted_Baseline,1
1790265645.245517290,Uninterrupted_Baseline,191
1790265645.329465486,Uninterrupted_Baseline,1
1790265645.329465486,Uninterrupted_Baseline,191
1790265645.419900361,Uninterrupted_Baseline,1
1790265645.419900361,Uninterrupted_Baseline,192
1790265645.506146131,Uninterrupted_Baseline,1
1790265645.506146131,Uninterrupted_Baseline,192
1790265645.589450796,Uninterrupted_Baseline,1
1790265645.589450796,Uninterrupted_Baseline,193
1790265645.674496048,Uninterrupted_Baseline,1
1790265645.674496048,Uninterrupted_Baseline,194
1790265645.758311928,Uninterrupted_Baseline,1
1790265645.758311928,Uninterrupted_Baseline,194
1790265645.839343707,Uninterrupted_Baseline,1
1790265645.839343707,Uninterrupted_Baseline,195
1790265645.918965837,Uninterrupted_Baseline,1
1790265645.918965837,Uninterrupted_Baseline,195
1790265645.995361251,Uninterrupted_Baseline,1
1790265645.995361251,Uninterrupted_Baseline,196
1790265646.079714650,Uninterrupted_Baseline,1
1790265646.079714650,Uninterrupted_Baseline,196
1790265646.171931982,Uninterrupted_Baseline,1
1790265646.171931982,Uninterrupted_Baseline,197
1790265646.253644596,Uninterrupted_Baseline,1
1790265646.253644596,Uninterrupted_Baseline,198
1790265646.313610475,Uninterrupted_Baseline,1
1790265646.313610475,Uninterrupted_Baseline,198
1790265646.388119119,Uninterrupted_Baseline,1
1790265646.388119119,Uninterrupted_Baseline,199
1790265646.470263483,Uninterrupted_Baseline,1
1790265646.470263483,Uninterrupted_Baseline,199
1790265646.556251574,Uninterrupted_Baseline,1
1790265646.556251574,Uninterrupted_Baseline,200
1790265646.642534500,Uninterrupted_Baseline,1
1790265646.642534500,Uninterrupted_Baseline,200
1790265646.715170576,Uninterrupted_Baseline,1
1790265646.715170576,Uninterrupted_Baseline,201
1790265646.783886471,Uninterrupted_Baseline,1
1790265646.783886471,Uninterrupted_Baseline,201
1790265646.875982932,Uninterrupted_Baseline,1
1790265646.875982932,Uninterrupted_Baseline,202
1790265646.964234979,Uninterrupted_Baseline,1
1790265646.964234979,Uninterrupted_Baseline,202
1790265647.046936255,Uninterrupted_Baseline,1
1790265647.046936255,Uninterrupted_Baseline,203
1790265647.126271520,Uninterrupted_Baseline,1
1790265647.126271520,Uninterrupted_Baseline,204
1790265647.219011723,Uninterrupted_Baseline,1
1790265647.219011723,Uninterrupted_Baseline,204
1790265647.302208057,Uninterrupted_Baseline,1
1790265647.302208057,Uninterrupted_Baseline,205
1790265647.387597917,Uninterrupted_Baseline,1
1790265647.387597917,Uninterrupted_Baseline,205
1790265647.471374233,Uninterrupted_Baseline,1
1790265647.471374233,Uninterrupted_Baseline,206
1790265647.548809785,Uninterrupted_Baseline,1
1790265647.548809785,Uninterrupted_Baseline,207
1790265647.630296370,Uninterrupted_Baseline,1
1790265647.630296370,Uninterrupted_Baseline,207
1790265647.716340781,Uninterrupted_Baseline,1
1790265647.716340781,Uninterrupted_Baseline,208
1790265647.796444215,Uninterrupted_Baseline,1
1790265647.796444215,Uninterrupted_Baseline,208
1790265647.862590390,Uninterrupted_Baseline,1
1790265647.862590390,Uninterrupted_Baseline,209
1790265647.939523653,Uninterrupted_Baseline,1
1790265647.939523653,Uninterrupted_Baseline,209
1790265648.014518681,Uninterrupted_Baseline,1
1790265648.014518681,Uninterrupted_Baseline,210
1790265648.098016417,Uninterrupted_Baseline,1
1790265648.098016417,Uninterrupted_Baseline,210
1790265648.184720975,Uninterrupted_Baseline,1
1790265648.184720975,Uninterrupted_Baseline,211
1790265648.268091011,Uninterrupted_Baseline,1
1790265648.268091011,Uninterrupted_Baseline,212
1790265648.331318600,Uninterrupted_Baseline,1
1790265648.331318600,Uninterrupted_Baseline,213
1790265648.410857604,Uninterrupted_Baseline,1
1790265648.410857604,Uninterrupted_Baseline,214
1790265648.462129215,Uninterrupted_Baseline,1
1790265648.462129215,Uninterrupted_Baseline,216
1790265648.513174752,Uninterrupted_Baseline,1
1790265648.513174752,Uninterrupted_Baseline,217
1790265648.578470813,Uninterrupted_Baseline,1
1790265648.578470813,Uninterrupted_Baseline,218
1790265648.639725267,Uninterrupted_Baseline,1
1790265648.639725267,Uninterrupted_Baseline,220
1790265648.714305198,Uninterrupted_Baseline,1
1790265648.714305198,Uninterrupted_Baseline,222
1790265648.796093325,Uninterrupted_Baseline,1
1790265648.796093325,Uninterrupted_Baseline,223
1790265648.878385531,Uninterrupted_Baseline,1
1790265648.878385531,Uninterrupted_Baseline,225
1790265648.947039295,Uninterrupted_Baseline,1
1790265648.947039295,Uninterrupted_Baseline,227
1790265649.010142398,Uninterrupted_Baseline,1
1790265649.010142398,Uninterrupted_Baseline,229
1790265649.086316013,Uninterrupted_Baseline,1
1790265649.086316013,Uninterrupted_Baseline,231
1790265649.145833279,Uninterrupted_Baseline,1
1790265649.145833279,Uninterrupted_Baseline,232
1790265649.224944300,Uninterrupted_Baseline,1
1790265649.224944300,Uninterrupted_Baseline,235
1790265649.308803285,Uninterrupted_Baseline,1
1790265649.308803285,Uninterrupted_Baseline,237
1790265649.392569521,Uninterrupted_Baseline,1
1790265649.392569521,Uninterrupted_Baseline,239
1790265649.467600658,Uninterrupted_Baseline,1
1790265649.467600658,Uninterrupted_Baseline,241
1790265649.535198215,Uninterrupted_Baseline,1
1790265649.535198215,Uninterrupted_Baseline,243
1790265649.621384349,Uninterrupted_Baseline,1
1790265649.621384349,Uninterrupted_Baseline,246
1790265649.688383037,Uninterrupted_Baseline,1
1790265649.688383037,Uninterrupted_Baseline,249
1790265649.764430012,Uninterrupted_Baseline,1
1790265649.764430012,Uninterrupted_Baseline,251
1790265649.835359609,Uninterrupted_Baseline,1
1790265649.835359609,Uninterrupted_Baseline,254
1790265649.914157115,Uninterrupted_Baseline,1
1790265649.914157115,Uninterrupted_Baseline,257
1790265649.995327906,Uninterrupted_Baseline,1
1790265649.995327906,Uninterrupted_Baseline,260
1790265650.082911872,Uninterrupted_Baseline,1
1790265650.082911872,Uninterrupted_Baseline,264
1790265650.168025470,Uninterrupted_Baseline,1
1790265650.168025470,Uninterrupted_Baseline,267
1790265650.253566197,Uninterrupted_Baseline,271
1790265650.341161288,Uninterrupted_Baseline,274
1790265650.411835912,Uninterrupted_Baseline,278
1790265650.497050486,Uninterrupted_Baseline,281
1790265650.579537792,Uninterrupted_Baseline,286
1790265650.660527463,Uninterrupted_Baseline,290
1790265650.741339223,Uninterrupted_Baseline,293
1790265650.816192483,Uninterrupted_Baseline,296
1790265650.887933250,Uninterrupted_Baseline,300
1790265650.973750354,Uninterrupted_Baseline,305
1790265651.055703520,Uninterrupted_Baseline,309
1790265651.126474375,Uninterrupted_Baseline,314
1790265651.211068852,Uninterrupted_Baseline,319
1790265651.303108896,Uninterrupted_Baseline,323
1790265651.366978810,Uninterrupted_Baseline,327
1790265651.436527838,Uninterrupted_Baseline,332
1790265651.521962979,Uninterrupted_Baseline,337
1790265651.606580332,Uninterrupted_Baseline,342
1790265651.675106766,Uninterrupted_Baseline,347
1790265651.756602109,Uninterrupted_Baseline,352
1790265651.840951023,Uninterrupted_Baseline,357
1790265651.924426611,Uninterrupted_Baseline,363
1790265652.007103095,Uninterrupted_Baseline,276
1790265652.088957916,Uninterrupted_Baseline,256
1790265652.174959144,Uninterrupted_Baseline,260
1790265652.257788258,Uninterrupted_Baseline,264
1790265652.336779293,Uninterrupted_Baseline,268
1790265652.418768420,Uninterrupted_Baseline,271
1790265652.503583590,Uninterrupted_Baseline,275
1790265652.588636587,Uninterrupted_Baseline,279
1790265652.669003420,Uninterrupted_Baseline,282
1790265652.749361317,Uninterrupted_Baseline,286
1790265652.817858234,Uninterrupted_Baseline,288
1790265652.902804982,Uninterrupted_Baseline,292
1790265652.988089660,Uninterrupted_Baseline,295
1790265653.067297077,Uninterrupted_Baseline,298
1790265653.153526349,Uninterrupted_Baseline,301
1790265653.237212198,Uninterrupted_Baseline,304
1790265653.323468883,Uninterrupted_Baseline,307
1790265653.407492806,Uninterrupted_Baseline,310
1790265653.492277589,Uninterrupted_Baseline,312
1790265653.573318658,Uninterrupted_Baseline,314
1790265653.639489653,Uninterrupted_Baseline,316
1790265653.710067251,Uninterrupted_Baseline,318
1790265653.790115962,Uninterrupted_Baseline,321
1790265653.879225277,Uninterrupted_Baseline,323
1790265653.963361791,Uninterrupted_Baseline,325
1790265654.036570554,Uninterrupted_Baseline,327
1790265654.102141522,Uninterrupted_Baseline,329
1790265654.180068938,Uninterrupted_Baseline,331
1790265654.253241562,Uninterrupted_Baseline,333
1790265654.337443967,Uninterrupted_Baseline,335
1790265654.418486379,Uninterrupted_Baseline,337
1790265654.501888684,Uninterrupted_Baseline,338
1790265654.583563634,Uninterrupted_Baseline,340
1790265654.667850044,Uninterrupted_Baseline,341
1790265654.749187691,Uninterrupted_Baseline,342
1790265654.828615701,Uninterrupted_Baseline,344
1790265654.887872810,Uninterrupted_Baseline,345
1790265654.943406503,Uninterrupted_Baseline,345
1790265655.015800602,Uninterrupted_Baseline,316
1790265655.099439139,Uninterrupted_Baseline,242
1790265655.171222471,Uninterrupted_Baseline,242
1790265655.255409630,Uninterrupted_Baseline,233
1790265655.338006473,Uninterrupted_Baseline,170
1790265655.417974465,Uninterrupted_Baseline,170
1790265655.499090911,Uninterrupted_Baseline,170
1790265655.579256225,Uninterrupted_Baseline,173
1790265655.666547179,Uninterrupted_Baseline,175
1790265655.738865474,Uninterrupted_Baseline,177
1790265655.823992776,Uninterrupted_Baseline,178
1790265655.897436702,Uninterrupted_Baseline,180
1790265655.977422117,Uninterrupted_Baseline,181
1790265656.058256658,Uninterrupted_Baseline,183
1790265656.140393881,Uninterrupted_Baseline,184
1790265656.226185426,Uninterrupted_Baseline,185
1790265656.307301521,Uninterrupted_Baseline,187
1790265656.391990569,Uninterrupted_Baseline,188
1790265656.478026136,Uninterrupted_Baseline,189
1790265656.556211613,Uninterrupted_Baseline,190
1790265656.637439063,Uninterrupted_Baseline,192
1790265656.718478727,Uninterrupted_Baseline,193
1790265656.801842357,Uninterrupted_Baseline,194
1790265656.888437800,Uninterrupted_Baseline,195
1790265656.976954359,Uninterrupted_Baseline,196
1790265657.060779865,Uninterrupted_Baseline,197
1790265657.145990720,Uninterrupted_Baseline,198
1790265657.230957304,Uninterrupted_Baseline,199
1790265657.293709503,Uninterrupted_Baseline,199
1790265657.368247569,Uninterrupted_Baseline,200
1790265657.454561269,Uninterrupted_Baseline,201
1790265657.531359641,Uninterrupted_Baseline,201
1790265657.613936508,Uninterrupted_Baseline,202
1790265657.699543928,Uninterrupted_Baseline,202
1790265657.774826871,Uninterrupted_Baseline,203
1790265657.854482057,Uninterrupted_Baseline,203
1790265657.945028985,Uninterrupted_Baseline,203
1790265658.025344840,Uninterrupted_Baseline,204
1790265658.081304945,Uninterrupted_Baseline,204
1790265658.141048172,Uninterrupted_Baseline,204
1790265658.217411168,Uninterrupted_Baseline,205
1790265658.291723832,Uninterrupted_Baseline,205
1790265658.375242044,Uninterrupted_Baseline,205
1790265658.446040258,Uninterrupted_Baseline,205
1790265658.497070578,Uninterrupted_Baseline,205
1790265658.558303851,Uninterrupted_Baseline,206
1790265658.622902825,Uninterrupted_Baseline,206
1790265658.686195169,Uninterrupted_Baseline,206
1790265658.756734274,Uninterrupted_Baseline,206
1790265658.837390500,Uninterrupted_Baseline,206
1790265658.918985828,Uninterrupted_Baseline,206
1790265658.997252524,Uninterrupted_Baseline,206
1790265659.082328342,Uninterrupted_Baseline,206
1790265659.162984848,Uninterrupted_Baseline,206
1790265659.224157997,Uninterrupted_Baseline,206
1790265659.310502930,Uninterrupted_Baseline,206
1790265659.388129771,Uninterrupted_Baseline,206
1790265659.468286196,Uninterrupted_Baseline,206
1790265659.536833184,Uninterrupted_Baseline,206
1790265659.594286296,Uninterrupted_Baseline,206
1790265659.679516345,Uninterrupted_Baseline,206
1790265659.748947173,Uninterrupted_Baseline,206
1790265659.812356686,Uninterrupted_Baseline,206
1790265659.874287436,Uninterrupted_Baseline,206
1790265659.937575740,Uninterrupted_Baseline,206
1790265660.011111557,Uninterrupted_Baseline,206
1790265660.094006021,Uninterrupted_Baseline,206
1790265660.164043804,Uninterrupted_Baseline,206
1790265660.234724165,Uninterrupted_Baseline,206
1790265660.311373856,Uninterrupted_Baseline,206
1790265660.393210148,Uninterrupted_Baseline,206
1790265660.480765078,Uninterrupted_Baseline,206
1790265660.554627383,Uninterrupted_Baseline,206
1790265660.625043164,Uninterrupted_Baseline,206
1790265660.696529651,Uninterrupted_Baseline,206
1790265660.776091990,Uninterrupted_Baseline,206
1790265660.852926631,Uninterrupted_Baseline,207
1790265660.920300328,Uninterrupted_Baseline,207
1790265660.997863162,Uninterrupted_Baseline,208
1790265661.078224933,Uninterrupted_Baseline,208
1790265661.168749573,Uninterrupted_Baseline,209
1790265661.254129104,Uninterrupted_Baseline,209
1790265661.339417768,Uninterrupted_Baseline,210
1790265661.424499216,Uninterrupted_Baseline,211
1790265661.511516242,Uninterrupted_Baseline,211
1790265661.597119114,Uninterrupted_Baseline,212
1790265661.680812192,Uninterrupted_Baseline,212
1790265661.765735505,Uninterrupted_Baseline,213
1790265661.846713318,Uninterrupted_Baseline,213
1790265661.920924070,Uninterrupted_Baseline,214
1790265662.003051848,Uninterrupted_Baseline,215
1790265662.086867600,Uninterrupted_Baseline,215
1790265662.170421698,Uninterrupted_Baseline,216
1790265662.261171389,Uninterrupted_Baseline,216
1790265662.337887896,Uninterrupted_Baseline,217
1790265662.414793991,Uninterrupted_Baseline,218
1790265662.480568841,Uninterrupted_Baseline,218
1790265662.542605216,Uninterrupted_Baseline,218
1790265662.626113346,Uninterrupted_Baseline,219
1790265662.705400667,Uninterrupted_Baseline,220
1790265662.798544412,Uninterrupted_Baseline,220
1790265662.879480737,Uninterrupted_Baseline,221
1790265662.970975499,Uninterrupted_Baseline,221
1790265663.055187522,Uninterrupted_Baseline,222
1790265663.135523919,Uninterrupted_Baseline,223
1790265663.215073899,Uninterrupted_Baseline,223
1790265663.283742949,Uninterrupted_Baseline,224
1790265663.367177550,Uninterrupted_Baseline,224
1790265663.449568571,Uninterrupted_Baseline,225
1790265663.531335142,Uninterrupted_Baseline,225
1790265663.614948207,Uninterrupted_Baseline,226
1790265663.697032695,Uninterrupted_Baseline,227
1790265663.781872049,Uninterrupted_Baseline,228
1790265663.862622076,Uninterrupted_Baseline,229
1790265663.941256032,Uninterrupted_Baseline,231
1790265664.027746737,Uninterrupted_Baseline,233
1790265664.107195956,Uninterrupted_Baseline,234
1790265664.184773225,Uninterrupted_Baseline,236
1790265664.260160975,Uninterrupted_Baseline,238
1790265664.336889751,Uninterrupted_Baseline,240
1790265664.418600873,Uninterrupted_Baseline,241
1790265664.498556500,Uninterrupted_Baseline,243
1790265664.579986218,Uninterrupted_Baseline,245
1790265664.667583650,Uninterrupted_Baseline,248
1790265664.730850493,Uninterrupted_Baseline,249
1790265664.801595542,Uninterrupted_Baseline,251
1790265664.866087477,Uninterrupted_Baseline,253
1790265664.943371223,Uninterrupted_Baseline,255
1790265665.010094301,Uninterrupted_Baseline,257
1790265665.090018139,Uninterrupted_Baseline,259
1790265665.181886561,Uninterrupted_Baseline,262
1790265665.265778413,Uninterrupted_Baseline,265
1790265665.345875312,Uninterrupted_Baseline,268
1790265665.421711835,Uninterrupted_Baseline,270
1790265665.510369547,Uninterrupted_Baseline,274
1790265665.592252683,Uninterrupted_Baseline,277
1790265665.675927528,Uninterrupted_Baseline,280
1790265665.759764128,Uninterrupted_Baseline,283
1790265665.843800641,Uninterrupted_Baseline,287
1790265665.923591146,Uninterrupted_Baseline,290
1790265666.002804764,Uninterrupted_Baseline,293
1790265666.096260296,Uninterrupted_Baseline,297
1790265666.185226341,Uninterrupted_Baseline,302
1790265666.268704464,Uninterrupted_Baseline,305
1790265666.355103278,Uninterrupted_Baseline,309
1790265666.436191402,Uninterrupted_Baseline,314
1790265666.516442307,Uninterrupted_Baseline,317
1790265666.598175398,Uninterrupted_Baseline,322
1790265666.676970046,Uninterrupted_Baseline,326
1790265666.752006191,Uninterrupted_Baseline,330
1790265666.834615770,Uninterrupted_Baseline,335
1790265666.923218812,Uninterrupted_Baseline,340
1790265667.009238832,Uninterrupted_Baseline,345
1790265667.092348716,Uninterrupted_Baseline,350
1790265667.177376193,Uninterrupted_Baseline,355
1790265667.255184066,Uninterrupted_Baseline,360
1790265667.342465949,Uninterrupted_Baseline,365
1790265667.427350886,Uninterrupted_Baseline,256
1790265667.511208564,Uninterrupted_Baseline,256
1790265667.597568256,Uninterrupted_Baseline,256
1790265667.679908066,Uninterrupted_Baseline,260
1790265667.762946793,Uninterrupted_Baseline,265
1790265667.840003770,Uninterrupted_Baseline,268
1790265667.924583676,Uninterrupted_Baseline,272
1790265668.004440394,Uninterrupted_Baseline,275
1790265668.055100284,Uninterrupted_Baseline,277
1790265668.113454162,Uninterrupted_Baseline,280
1790265668.192353244,Uninterrupted_Baseline,284
1790265668.264587039,Uninterrupted_Baseline,287
1790265668.339476453,Uninterrupted_Baseline,290
1790265668.413485606,Uninterrupted_Baseline,292
1790265668.464810951,Uninterrupted_Baseline,294
1790265668.518843846,Uninterrupted_Baseline,296
1790265668.580115812,Uninterrupted_Baseline,298
1790265668.637086078,Uninterrupted_Baseline,301
1790265668.710118558,Uninterrupted_Baseline,304
1790265668.790006712,Uninterrupted_Baseline,306
1790265668.875583124,Uninterrupted_Baseline,309
1790265668.962207146,Uninterrupted_Baseline,312
1790265669.047770813,Uninterrupted_Baseline,315
1790265669.140034685,Uninterrupted_Baseline,317
1790265669.196245713,Uninterrupted_Baseline,319
1790265669.275076547,Uninterrupted_Baseline,321
1790265669.358037514,Uninterrupted_Baseline,324
1790265669.441247334,Uninterrupted_Baseline,326
1790265669.527140213,Uninterrupted_Baseline,328
1790265669.610172271,Uninterrupted_Baseline,330
1790265669.687376501,Uninterrupted_Baseline,332
1790265669.747358825,Uninterrupted_Baseline,334
1790265669.814493313,Uninterrupted_Baseline,335
1790265669.894307372,Uninterrupted_Baseline,337
1790265669.983320496,Uninterrupted_Baseline,339
1790265670.038201636,Uninterrupted_Baseline,340
1790265670.106844588,Uninterrupted_Baseline,341
1790265670.180248826,Uninterrupted_Baseline,238
1790265670.259775658,Uninterrupted_Baseline,239
1790265670.349162021,Uninterrupted_Baseline,242
1790265670.436178842,Uninterrupted_Baseline,245
1790265670.523081141,Uninterrupted_Baseline,247
1790265670.601294223,Uninterrupted_Baseline,250
1790265670.689044331,Uninterrupted_Baseline,252
1790265670.775951958,Uninterrupted_Baseline,254
1790265670.860722918,Uninterrupted_Baseline,256
1790265670.944267625,Uninterrupted_Baseline,258
1790265671.031490982,Uninterrupted_Baseline,260
1790265671.112045187,Uninterrupted_Baseline,262
1790265671.196835392,Uninterrupted_Baseline,263
1790265671.280231592,Uninterrupted_Baseline,265
1790265671.358850722,Uninterrupted_Baseline,266
1790265671.427561867,Uninterrupted_Baseline,267
1790265671.510402024,Uninterrupted_Baseline,268
1790265671.589424055,Uninterrupted_Baseline,270
1790265671.656075717,Uninterrupted_Baseline,271
1790265671.731731945,Uninterrupted_Baseline,272
1790265671.810072488,Uninterrupted_Baseline,273
1790265671.890144651,Uninterrupted_Baseline,274
1790265671.967392184,Uninterrupted_Baseline,275
1790265672.043207149,Uninterrupted_Baseline,276
1790265672.119807512,Uninterrupted_Baseline,277
1790265672.202052522,Uninterrupted_Baseline,278
1790265672.273194797,Uninterrupted_Baseline,279
1790265672.350968503,Uninterrupted_Baseline,280
1790265672.423478747,Uninterrupted_Baseline,281
1790265672.510577390,Uninterrupted_Baseline,282
1790265672.564261334,Uninterrupted_Baseline,282
1790265672.639575896,Uninterrupted_Baseline,283
1790265672.715806960,Uninterrupted_Baseline,283
1790265672.786802245,Uninterrupted_Baseline,284
1790265672.860346131,Uninterrupted_Baseline,284
1790265672.930158734,Uninterrupted_Baseline,285
1790265673.008977443,Uninterrupted_Baseline,285
1790265673.076207692,Uninterrupted_Baseline,286
1790265673.160978875,Uninterrupted_Baseline,286
1790265673.246832193,Uninterrupted_Baseline,287
1790265673.314112743,Uninterrupted_Baseline,287
1790265673.395047365,Uninterrupted_Baseline,287
1790265673.478872271,Uninterrupted_Baseline,288
1790265673.557882165,Uninterrupted_Baseline,288
1790265673.641835442,Uninterrupted_Baseline,288
1790265673.723093106,Uninterrupted_Baseline,288
1790265673.790003062,Uninterrupted_Baseline,288
1790265673.864162412,Uninterrupted_Baseline,289
1790265673.944924192,Uninterrupted_Baseline,289
1790265674.028143618,Uninterrupted_Baseline,289
1790265674.118497685,Uninterrupted_Baseline,289
1790265674.204202194,Uninterrupted_Baseline,289
1790265674.287532695,Uninterrupted_Baseline,289
1790265674.376818397,Uninterrupted_Baseline,289
1790265674.465070495,Uninterrupted_Baseline,289
1790265674.551755593,Uninterrupted_Baseline,289
1790265674.640377459,Uninterrupted_Baseline,289
1790265674.728439365,Uninterrupted_Baseline,289
1790265674.806343149,Uninterrupted_Baseline,289
1790265674.879630908,Uninterrupted_Baseline,289
1790265674.960169911,Uninterrupted_Baseline,289
1790265675.045051453,Uninterrupted_Baseline,289
1790265675.131164104,Uninterrupted_Baseline,289
1790265675.220158605,Uninterrupted_Baseline,289
1790265675.306024545,Uninterrupted_Baseline,289
1790265675.384263612,Uninterrupted_Baseline,289
1790265675.462637925,Uninterrupted_Baseline,289
1790265675.545885945,Uninterrupted_Baseline,289
1790265675.634612712,Uninterrupted_Baseline,289
1790265675.704188355,Uninterrupted_Baseline,289
1790265675.784612667,Uninterrupted_Baseline,289
1790265675.862028152,Uninterrupted_Baseline,289
1790265675.939582138,Uninterrupted_Baseline,289
1790265676.018092082,Uninterrupted_Baseline,289
1790265676.103001236,Uninterrupted_Baseline,289
1790265676.185439939,Uninterrupted_Baseline,289
1790265676.266365446,Uninterrupted_Baseline,289
1790265676.326100847,Uninterrupted_Baseline,289
1790265676.408270939,Uninterrupted_Baseline,289
1790265676.487885960,Uninterrupted_Baseline,289
1790265676.560533001,Uninterrupted_Baseline,290
1790265676.639630028,Uninterrupted_Baseline,290
1790265676.712513525,Uninterrupted_Baseline,290
1790265676.791997648,Uninterrupted_Baseline,290
1790265676.871511750,Uninterrupted_Baseline,290
1790265676.945904730,Uninterrupted_Baseline,291
1790265677.025026641,Uninterrupted_Baseline,291
1790265677.097793565,Uninterrupted_Baseline,291
1790265677.166789363,Uninterrupted_Baseline,292
1790265677.236344126,Uninterrupted_Baseline,292
1790265677.284550970,Uninterrupted_Baseline,292
1790265677.344197745,Uninterrupted_Baseline,292
1790265677.413544026,Uninterrupted_Baseline,293
1790265677.473055795,Uninterrupted_Baseline,293
1790265677.542563004,Uninterrupted_Baseline,294
1790265677.621774678,Uninterrupted_Baseline,294
1790265677.705710690,Uninterrupted_Baseline,295
1790265677.787930909,Uninterrupted_Baseline,296
1790265677.869097600,Uninterrupted_Baseline,296
1790265677.950779711,Uninterrupted_Baseline,297
1790265678.032068682,Uninterrupted_Baseline,298
1790265678.111040295,Uninterrupted_Baseline,299
1790265678.191434682,Uninterrupted_Baseline,299
1790265678.257070318,Uninterrupted_Baseline,300
1790265678.333764234,Uninterrupted_Baseline,301
1790265678.403032166,Uninterrupted_Baseline,302
1790265678.452516607,Uninterrupted_Baseline,302
1790265678.508360750,Uninterrupted_Baseline,303
1790265678.570275818,Uninterrupted_Baseline,304
1790265678.656100562,Uninterrupted_Baseline,305
1790265678.714470152,Uninterrupted_Baseline,306
1790265678.780639527,Uninterrupted_Baseline,306
1790265678.840401427,Uninterrupted_Baseline,307
1790265678.925606156,Uninterrupted_Baseline,309
1790265679.017121184,Uninterrupted_Baseline,310
1790265679.100667769,Uninterrupted_Baseline,311
1790265679.169606702,Uninterrupted_Baseline,313
1790265679.231233821,Uninterrupted_Baseline,314
1790265679.294828536,Uninterrupted_Baseline,315
1790265679.375108120,Uninterrupted_Baseline,317
1790265679.456088322,Uninterrupted_Baseline,318
1790265679.533014243,Uninterrupted_Baseline,321
1790265679.615242107,Uninterrupted_Baseline,323
1790265679.698109207,Uninterrupted_Baseline,324
1790265679.774889127,Uninterrupted_Baseline,326
1790265679.857134590,Uninterrupted_Baseline,328
1790265679.938170388,Uninterrupted_Baseline,330
1790265680.022891781,Uninterrupted_Baseline,332
1790265680.082433268,Uninterrupted_Baseline,334
1790265680.161110706,Uninterrupted_Baseline,336
1790265680.248146285,Uninterrupted_Baseline,338
1790265680.329059382,Uninterrupted_Baseline,340
1790265680.390019943,Uninterrupted_Baseline,342
1790265680.451500003,Uninterrupted_Baseline,345
1790265680.532616581,Uninterrupted_Baseline,348
1790265680.615723873,Uninterrupted_Baseline,350
1790265680.699750071,Uninterrupted_Baseline,317
1790265680.783386183,Uninterrupted_Baseline,247
1790265680.848379784,Uninterrupted_Baseline,247
1790265680.930864292,Uninterrupted_Baseline,248
1790265681.014486924,Uninterrupted_Baseline,173
1790265681.095035192,Uninterrupted_Baseline,174
1790265681.175122258,Uninterrupted_Baseline,177
1790265681.257191911,Uninterrupted_Baseline,179
1790265681.342517082,Uninterrupted_Baseline,180
1790265681.415250051,Uninterrupted_Baseline,182
1790265681.485244823,Uninterrupted_Baseline,183
1790265681.570321136,Uninterrupted_Baseline,185
1790265681.653726382,Uninterrupted_Baseline,186
1790265681.740604496,Uninterrupted_Baseline,188
1790265681.824201139,Uninterrupted_Baseline,189
1790265681.906718587,Uninterrupted_Baseline,191
1790265681.990332770,Uninterrupted_Baseline,192
1790265682.073785868,Uninterrupted_Baseline,193
1790265682.160622145,Uninterrupted_Baseline,195
1790265682.245295833,Uninterrupted_Baseline,196
1790265682.328566423,Uninterrupted_Baseline,197
1790265682.412027142,Uninterrupted_Baseline,198
1790265682.487986294,Uninterrupted_Baseline,199
1790265682.569919311,Uninterrupted_Baseline,200
1790265682.652943388,Uninterrupted_Baseline,201
1790265682.732491054,Uninterrupted_Baseline,202
1790265682.812758532,Uninterrupted_Baseline,203
1790265682.900038883,Uninterrupted_Baseline,204
1790265682.989059949,Uninterrupted_Baseline,204
1790265693.831198908,Phase1_Baseline,6
1790265693.912114965,Phase1_Baseline,24
1790265693.992918507,Phase1_Baseline,48
1790265694.078571266,Phase1_Baseline,107
1790265694.161495131,Phase1_Baseline,220
1790265694.240301332,Phase1_Baseline,436
1790265694.318343957,Phase1_Baseline,679
1790265694.403623231,Phase1_Baseline,926
1790265694.489860684,Phase1_Baseline,841
1790265694.569864018,Phase1_Baseline,740
1790265694.652245143,Phase1_Baseline,648
1790265694.732560134,Phase1_Baseline,648
1790265694.818263043,Phase1_Baseline,648
1790265694.886004154,Phase1_Baseline,553
1790265694.949044948,Phase1_Baseline,453
1790265695.039060401,Phase1_Baseline,453
1790265695.090806081,Phase1_Baseline,453
1790265695.156629080,Phase1_Baseline,453
1790265695.224086461,Phase1_Baseline,358
1790265695.293032152,Phase1_Baseline,317
1790265695.380324268,Phase1_Baseline,271
1790265695.460170356,Phase1_Baseline,221
1790265695.541153376,Phase1_Baseline,184
1790265695.622536359,Phase1_Baseline,154
1790265695.701598108,Phase1_Baseline,154
1790265695.788880424,Phase1_Baseline,155
1790265695.871143906,Phase1_Baseline,157
1790265695.940971947,Phase1_Baseline,159
1790265696.017821095,Phase1_Baseline,160
1790265696.079595493,Phase1_Baseline,162
1790265696.154296939,Phase1_Baseline,163
1790265696.215094906,Phase1_Baseline,164
1790265696.282769983,Phase1_Baseline,165
1790265696.343923734,Phase1_Baseline,166
1790265696.404284032,Phase1_Baseline,167
1790265696.489111441,Phase1_Baseline,168
1790265696.565454211,Phase1_Baseline,169
1790265696.647168997,Phase1_Baseline,171
1790265696.731326880,Phase1_Baseline,172
1790265696.811934924,Phase1_Baseline,173
1790265696.884236019,Phase1_Baseline,174
1790265696.969366597,Phase1_Baseline,175
1790265697.055776712,Phase1_Baseline,176
1790265697.128878190,Phase1_Baseline,177
1790265697.214893633,Phase1_Baseline,179
1790265697.299353857,Phase1_Baseline,179
1790265697.385727396,Phase1_Baseline,180
1790265697.471602658,Phase1_Baseline,181
1790265697.553930051,Phase1_Baseline,181
1790265697.643291437,Phase1_Baseline,182
1790265697.728448000,Phase1_Baseline,183
1790265697.813305130,Phase1_Baseline,183
1790265697.895216024,Phase1_Baseline,184
1790265697.972340257,Phase1_Baseline,184
1790265698.047976234,Phase1_Baseline,184
1790265698.122449505,Phase1_Baseline,185
1790265698.201084945,Phase1_Baseline,185
1790265698.271349789,Phase1_Baseline,185
1790265698.340265800,Phase1_Baseline,185
1790265698.413292485,Phase1_Baseline,186
1790265698.472502683,Phase1_Baseline,186
1790265698.522535065,Phase1_Baseline,186
1790265698.574712319,Phase1_Baseline,186
1790265698.634107335,Phase1_Baseline,186
1790265698.709377249,Phase1_Baseline,187
1790265698.788954889,Phase1_Baseline,187
1790265698.870055963,Phase1_Baseline,187
1790265698.960455414,Phase1_Baseline,187
1790265699.038618880,Phase1_Baseline,187
1790265699.120395338,Phase1_Baseline,187
1790265699.186677437,Phase1_Baseline,187
1790265699.253069517,Phase1_Baseline,187
1790265699.334417760,Phase1_Baseline,187
1790265699.419431274,Phase1_Baseline,187
1790265699.487553383,Phase1_Baseline,187
1790265699.567215495,Phase1_Baseline,187
1790265699.645277453,Phase1_Baseline,187
1790265699.733331471,Phase1_Baseline,187
1790265699.814249579,Phase1_Baseline,187
1790265699.878637851,Phase1_Baseline,187
1790265699.942814461,Phase1_Baseline,187
1790265700.024106703,Phase1_Baseline,187
1790265700.087572782,Phase1_Baseline,187
1790265700.167343144,Phase1_Baseline,187
1790265700.245570183,Phase1_Baseline,187
1790265700.323089163,Phase1_Baseline,187
1790265700.393630491,Phase1_Baseline,187
1790265700.469598269,Phase1_Baseline,187
1790265700.536414560,Phase1_Baseline,187
1790265700.611372870,Phase1_Baseline,187
1790265700.690473755,Phase1_Baseline,188
1790265700.770526040,Phase1_Baseline,188
1790265700.859292761,Phase1_Baseline,189
1790265700.948925134,Phase1_Baseline,190
1790265701.029447388,Phase1_Baseline,190
1790265701.107479955,Phase1_Baseline,191
1790265701.186062835,Phase1_Baseline,191
1790265701.265193173,Phase1_Baseline,192
1790265701.344521735,Phase1_Baseline,193
1790265701.428201502,Phase1_Baseline,193
1790265701.515084668,Phase1_Baseline,194
1790265701.597382109,Phase1_Baseline,194
1790265701.670854194,Phase1_Baseline,195
1790265701.749388928,Phase1_Baseline,195
1790265701.828446024,Phase1_Baseline,196
1790265701.910601077,Phase1_Baseline,196
1790265701.994269352,Phase1_Baseline,197
1790265702.069843517,Phase1_Baseline,198
1790265702.152230202,Phase1_Baseline,198
1790265702.239312879,Phase1_Baseline,199
1790265702.315227419,Phase1_Baseline,199
1790265702.392156066,Phase1_Baseline,200
1790265702.470006432,Phase1_Baseline,200
1790265702.549371998,Phase1_Baseline,201
1790265702.631001103,Phase1_Baseline,201
1790265702.717225346,Phase1_Baseline,202
1790265702.808089498,Phase1_Baseline,203
1790265702.891925662,Phase1_Baseline,203
1790265702.963744838,Phase1_Baseline,204
1790265703.032592519,Phase1_Baseline,204
1790265703.111354496,Phase1_Baseline,205
1790265703.189912468,Phase1_Baseline,205
1790265703.272525617,Phase1_Baseline,206
1790265703.351599527,Phase1_Baseline,206
1790265703.414898151,Phase1_Baseline,207
1790265703.480061928,Phase1_Baseline,207
1790265703.559047394,Phase1_Baseline,208
1790265703.623083811,Phase1_Baseline,208
1790265703.693833712,Phase1_Baseline,209
1790265703.771949330,Phase1_Baseline,210
1790265703.851284367,Phase1_Baseline,210
1790265703.925533365,Phase1_Baseline,210
1790265703.992552191,Phase1_Baseline,211
1790265704.060043107,Phase1_Baseline,212
1790265704.148552990,Phase1_Baseline,213
1790265704.228618633,Phase1_Baseline,215
1790265704.311078087,Phase1_Baseline,217
1790265704.395436195,Phase1_Baseline,218
1790265704.481042426,Phase1_Baseline,221
1790265704.561537965,Phase1_Baseline,223
1790265704.649112981,Phase1_Baseline,225
1790265704.728231237,Phase1_Baseline,227
1790265704.804590572,Phase1_Baseline,229
1790265704.884553244,Phase1_Baseline,231
1790265704.945017661,Phase1_Baseline,232
1790265705.005142976,Phase1_Baseline,234
1790265705.086061744,Phase1_Baseline,236
1790265705.174591746,Phase1_Baseline,239
1790265705.253330645,Phase1_Baseline,241
1790265705.329086333,Phase1_Baseline,243
1790265705.406697107,Phase1_Baseline,246
1790265705.484356185,Phase1_Baseline,248
1790265705.557782214,Phase1_Baseline,251
1790265705.635177894,Phase1_Baseline,254
1790265705.719525187,Phase1_Baseline,257
1790265705.803937623,Phase1_Baseline,260
1790265705.885893788,Phase1_Baseline,263
1790265705.953886601,Phase1_Baseline,266
1790265706.029224046,Phase1_Baseline,269
1790265706.109324855,Phase1_Baseline,273
1790265706.195399646,Phase1_Baseline,276
1790265706.275358585,Phase1_Baseline,280
1790265706.359607829,Phase1_Baseline,284
1790265706.426332417,Phase1_Baseline,288
1790265706.500912285,Phase1_Baseline,291
1790265706.580688409,Phase1_Baseline,295
1790265706.648614091,Phase1_Baseline,298
1790265706.725758459,Phase1_Baseline,302
1790265706.794263833,Phase1_Baseline,306
1790265706.863900745,Phase1_Baseline,310
1790265706.944591955,Phase1_Baseline,314
1790265707.010194957,Phase1_Baseline,318
1790265707.096794548,Phase1_Baseline,323
1790265707.181871624,Phase1_Baseline,328
1790265707.267686457,Phase1_Baseline,334
1790265707.362414359,Phase1_Baseline,339
1790265707.417972199,Phase1_Baseline,342
1790265707.488674790,Phase1_Baseline,347
1790265707.548610821,Phase1_Baseline,280
1790265707.633947292,Phase1_Baseline,245
1790265707.714881968,Phase1_Baseline,249
1790265707.799232647,Phase1_Baseline,252
1790265707.876334330,Phase1_Baseline,256
1790265707.962794398,Phase1_Baseline,259
1790265708.029765651,Phase1_Baseline,262
1790265708.107200101,Phase1_Baseline,266
1790265708.187408321,Phase1_Baseline,269
1790265708.258533270,Phase1_Baseline,272
1790265708.328935211,Phase1_Baseline,274
1790265708.397859235,Phase1_Baseline,277
1790265708.448369801,Phase1_Baseline,279
1790265708.499290880,Phase1_Baseline,281
1790265708.555403360,Phase1_Baseline,283
1790265708.610430999,Phase1_Baseline,285
1790265708.685915944,Phase1_Baseline,288
1790265708.770576325,Phase1_Baseline,291
1790265708.851747795,Phase1_Baseline,293
1790265708.932071944,Phase1_Baseline,295
1790265708.998038911,Phase1_Baseline,298
1790265709.083293527,Phase1_Baseline,300
1790265709.160600778,Phase1_Baseline,302
1790265709.242699481,Phase1_Baseline,305
1790265709.320770515,Phase1_Baseline,307
1790265709.406110186,Phase1_Baseline,309
1790265709.480841740,Phase1_Baseline,311
1790265709.564096265,Phase1_Baseline,314
1790265709.646413262,Phase1_Baseline,316
1790265709.733596659,Phase1_Baseline,318
1790265709.822562479,Phase1_Baseline,319
1790265709.909534241,Phase1_Baseline,321
1790265709.978330561,Phase1_Baseline,323
1790265710.059753088,Phase1_Baseline,324
1790265710.140155323,Phase1_Baseline,325
1790265710.217597869,Phase1_Baseline,327
1790265710.304101055,Phase1_Baseline,328
1790265710.397904262,Phase1_Baseline,329
1790265710.484328900,Phase1_Baseline,331
1790265710.567937112,Phase1_Baseline,332
1790265710.645594406,Phase1_Baseline,333
1790265710.726068766,Phase1_Baseline,334
1790265710.807869816,Phase1_Baseline,335
1790265710.887535629,Phase1_Baseline,336
1790265710.972195292,Phase1_Baseline,337
1790265711.049688866,Phase1_Baseline,338
1790265711.134589835,Phase1_Baseline,339
1790265711.227179364,Phase1_Baseline,340
1790265711.307087039,Phase1_Baseline,341
1790265711.390200215,Phase1_Baseline,342
1790265711.469310277,Phase1_Baseline,342
1790265711.554558829,Phase1_Baseline,343
1790265711.647076130,Phase1_Baseline,344
1790265711.720096651,Phase1_Baseline,344
1790265711.795414629,Phase1_Baseline,344
1790265711.866499466,Phase1_Baseline,345
1790265711.946096245,Phase1_Baseline,345
1790265712.018880138,Phase1_Baseline,346
1790265712.095982734,Phase1_Baseline,346
1790265712.175592546,Phase1_Baseline,346
1790265712.260223462,Phase1_Baseline,242
1790265712.340190839,Phase1_Baseline,244
1790265712.418141939,Phase1_Baseline,246
1790265712.498107496,Phase1_Baseline,248
1790265712.578430322,Phase1_Baseline,251
1790265712.664115259,Phase1_Baseline,253
1790265712.743559255,Phase1_Baseline,255
1790265712.808156870,Phase1_Baseline,257
1790265712.890357799,Phase1_Baseline,259
1790265712.968884460,Phase1_Baseline,261
1790265713.049227777,Phase1_Baseline,263
1790265713.123828517,Phase1_Baseline,264
1790265713.192557780,Phase1_Baseline,266
1790265713.267839109,Phase1_Baseline,267
1790265713.336943345,Phase1_Baseline,269
1790265713.398614573,Phase1_Baseline,270
1790265713.467177608,Phase1_Baseline,271
1790265713.541058855,Phase1_Baseline,272
1790265713.606827288,Phase1_Baseline,273
1790265713.686613719,Phase1_Baseline,275
1790265713.755411423,Phase1_Baseline,276
1790265713.830258571,Phase1_Baseline,277
1790265713.907864073,Phase1_Baseline,278
1790265713.985324729,Phase1_Baseline,279
1790265714.049300337,Phase1_Baseline,280
1790265714.127405464,Phase1_Baseline,281
1790265714.203437742,Phase1_Baseline,282
1790265714.289862303,Phase1_Baseline,283
1790265714.378460319,Phase1_Baseline,284
1790265714.459546823,Phase1_Baseline,285
1790265714.535352320,Phase1_Baseline,286
1790265714.611932288,Phase1_Baseline,287
1790265714.695096951,Phase1_Baseline,287
1790265714.773135288,Phase1_Baseline,288
1790265714.851877216,Phase1_Baseline,289
1790265714.912564980,Phase1_Baseline,289
1790265714.996586875,Phase1_Baseline,290
1790265715.092831910,Phase1_Baseline,290
1790265715.151201182,Phase1_Baseline,291
1790265715.216822340,Phase1_Baseline,291
1790265715.295224307,Phase1_Baseline,291
1790265715.369098915,Phase1_Baseline,292
1790265715.443200495,Phase1_Baseline,292
1790265715.525213227,Phase1_Baseline,292
1790265715.594184472,Phase1_Baseline,292
1790265715.666162288,Phase1_Baseline,293
1790265715.733909625,Phase1_Baseline,293
1790265715.807919624,Phase1_Baseline,293
1790265715.886225914,Phase1_Baseline,293
1790265715.959302236,Phase1_Baseline,294
1790265716.036293892,Phase1_Baseline,294
1790265716.115151941,Phase1_Baseline,294
1790265716.192753913,Phase1_Baseline,294
1790265716.263102495,Phase1_Baseline,294
1790265716.327420749,Phase1_Baseline,294
1790265716.404054487,Phase1_Baseline,294
1790265716.489461022,Phase1_Baseline,294
1790265716.561075793,Phase1_Baseline,294
1790265716.643745483,Phase1_Baseline,294
1790265716.725618490,Phase1_Baseline,294
1790265718.142572472,Phase2_Migrated,10
1790265718.224244593,Phase2_Migrated,10
1790265718.315897146,Phase2_Migrated,16
1790265718.400743011,Phase2_Migrated,32
1790265718.459364080,Phase2_Migrated,50
1790265718.517888522,Phase2_Migrated,64
1790265718.582518374,Phase2_Migrated,128
1790265718.660694583,Phase2_Migrated,260
1790265718.750863045,Phase2_Migrated,579
1790265718.845396839,Phase2_Migrated,975
1790265718.939909897,Phase2_Migrated,1115
1790265719.029316791,Phase2_Migrated,999
1790265719.117326968,Phase2_Migrated,825
1790265719.177169192,Phase2_Migrated,825
1790265719.249131157,Phase2_Migrated,825
1790265719.341641621,Phase2_Migrated,806
1790265719.428843487,Phase2_Migrated,683
1790265719.524262364,Phase2_Migrated,577
1790265719.611109336,Phase2_Migrated,577
1790265719.697237034,Phase2_Migrated,533
1790265719.775374437,Phase2_Migrated,404
1790265719.864045530,Phase2_Migrated,404
1790265719.954417580,Phase2_Migrated,363
1790265720.049015532,Phase2_Migrated,282
1790265720.140164835,Phase2_Migrated,264
1790265720.234382983,Phase2_Migrated,197
1790265720.324985316,Phase2_Migrated,197
1790265720.424611142,Phase2_Migrated,199
1790265720.504783076,Phase2_Migrated,201
1790265720.595532234,Phase2_Migrated,204
1790265720.690084707,Phase2_Migrated,206
1790265720.782501553,Phase2_Migrated,209
1790265720.880090133,Phase2_Migrated,210
1790265720.975914698,Phase2_Migrated,212
1790265721.066446632,Phase2_Migrated,214
1790265721.144035335,Phase2_Migrated,216
1790265721.231485544,Phase2_Migrated,217
1790265721.318041667,Phase2_Migrated,218
1790265721.386255532,Phase2_Migrated,219
1790265721.448621541,Phase2_Migrated,220
1790265721.509948514,Phase2_Migrated,221
1790265721.592453993,Phase2_Migrated,222
1790265721.678092492,Phase2_Migrated,224
1790265721.769809114,Phase2_Migrated,225
1790265721.867784965,Phase2_Migrated,226
1790265721.929034916,Phase2_Migrated,227
1790265722.000464731,Phase2_Migrated,228
1790265722.077250945,Phase2_Migrated,229
1790265722.170385522,Phase2_Migrated,230
1790265722.265774580,Phase2_Migrated,231
1790265722.350370660,Phase2_Migrated,232
1790265722.440583822,Phase2_Migrated,233
1790265722.535575939,Phase2_Migrated,233
1790265722.629469674,Phase2_Migrated,234
1790265722.724388556,Phase2_Migrated,235
1790265722.821473400,Phase2_Migrated,235
1790265722.915148280,Phase2_Migrated,236
1790265722.982014922,Phase2_Migrated,236
1790265723.056116712,Phase2_Migrated,236
1790265723.144047254,Phase2_Migrated,237
1790265723.239957084,Phase2_Migrated,237
1790265723.332124199,Phase2_Migrated,238
1790265723.429575282,Phase2_Migrated,238
1790265723.522638036,Phase2_Migrated,238
1790265723.619687588,Phase2_Migrated,238
1790265723.724246576,Phase2_Migrated,239
1790265723.810517146,Phase2_Migrated,239
1790265723.897042387,Phase2_Migrated,239
1790265723.987517367,Phase2_Migrated,239
1790265724.071759602,Phase2_Migrated,239
1790265724.164240103,Phase2_Migrated,239
1790265724.259642719,Phase2_Migrated,239
1790265724.355531530,Phase2_Migrated,239
1790265724.447949661,Phase2_Migrated,239
1790265724.538193012,Phase2_Migrated,239
1790265724.630582032,Phase2_Migrated,239
1790265724.724898189,Phase2_Migrated,239
1790265724.813178925,Phase2_Migrated,239
1790265724.909578293,Phase2_Migrated,239
1790265724.996874769,Phase2_Migrated,239
1790265725.087204807,Phase2_Migrated,239
1790265725.182097179,Phase2_Migrated,239
1790265725.281394011,Phase2_Migrated,239
1790265725.356327816,Phase2_Migrated,239
1790265725.428634977,Phase2_Migrated,239
1790265725.520118445,Phase2_Migrated,239
1790265725.615870293,Phase2_Migrated,239
1790265725.713900843,Phase2_Migrated,239
1790265725.807394984,Phase2_Migrated,239
1790265725.895806291,Phase2_Migrated,239
1790265725.988195951,Phase2_Migrated,239
1790265726.082560083,Phase2_Migrated,239
1790265726.176700991,Phase2_Migrated,239
1790265726.273366274,Phase2_Migrated,239
1790265726.357998119,Phase2_Migrated,239
1790265726.437263126,Phase2_Migrated,240
1790265726.527090375,Phase2_Migrated,240
1790265726.600139253,Phase2_Migrated,240
1790265726.690189208,Phase2_Migrated,240
1790265726.787927980,Phase2_Migrated,241
1790265726.876159040,Phase2_Migrated,242
1790265726.969195274,Phase2_Migrated,242
1790265727.062000475,Phase2_Migrated,243
1790265727.158002367,Phase2_Migrated,244
1790265727.249286801,Phase2_Migrated,244
1790265727.344212686,Phase2_Migrated,245
1790265727.430518928,Phase2_Migrated,245
1790265727.505003920,Phase2_Migrated,246
1790265727.587774650,Phase2_Migrated,246
1790265727.661225751,Phase2_Migrated,247
1790265727.754080153,Phase2_Migrated,248
1790265727.846126672,Phase2_Migrated,248
1790265727.933407243,Phase2_Migrated,249
1790265728.028363725,Phase2_Migrated,249
1790265728.103178005,Phase2_Migrated,250
1790265728.174975170,Phase2_Migrated,251
1790265728.249600169,Phase2_Migrated,252
1790265728.306682139,Phase2_Migrated,253
1790265728.389090625,Phase2_Migrated,254
1790265728.452780448,Phase2_Migrated,255
1790265728.506230495,Phase2_Migrated,255
1790265728.579016144,Phase2_Migrated,256
1790265728.655380534,Phase2_Migrated,257
1790265728.718528252,Phase2_Migrated,258
1790265728.782107299,Phase2_Migrated,259
1790265728.853628929,Phase2_Migrated,260
1790265728.943818946,Phase2_Migrated,262
1790265729.035058417,Phase2_Migrated,263
1790265729.119338280,Phase2_Migrated,265
1790265729.187825412,Phase2_Migrated,266
1790265729.275107588,Phase2_Migrated,269
1790265729.369266647,Phase2_Migrated,271
1790265729.459887827,Phase2_Migrated,273
1790265729.550997584,Phase2_Migrated,275
1790265729.642795801,Phase2_Migrated,277
1790265729.730069492,Phase2_Migrated,279
1790265729.827715857,Phase2_Migrated,282
1790265729.897891889,Phase2_Migrated,284
1790265729.969595211,Phase2_Migrated,286
1790265730.061152415,Phase2_Migrated,288
1790265730.160969854,Phase2_Migrated,291
1790265730.224134561,Phase2_Migrated,293
1790265730.301813800,Phase2_Migrated,296
1790265730.393500267,Phase2_Migrated,299
1790265730.498449531,Phase2_Migrated,302
1790265730.561127095,Phase2_Migrated,304
1790265730.650611933,Phase2_Migrated,307
1790265730.732445263,Phase2_Migrated,311
1790265730.828451174,Phase2_Migrated,314
1790265730.918472620,Phase2_Migrated,318
1790265731.017845227,Phase2_Migrated,322
1790265731.109273971,Phase2_Migrated,326
1790265731.204581750,Phase2_Migrated,330
1790265731.296805508,Phase2_Migrated,335
1790265731.388817503,Phase2_Migrated,339
1790265731.480746092,Phase2_Migrated,344
1790265731.575890469,Phase2_Migrated,348
1790265731.670591919,Phase2_Migrated,353
1790265731.765783755,Phase2_Migrated,247
1790265731.853419240,Phase2_Migrated,251
1790265731.944638368,Phase2_Migrated,255
1790265732.035625981,Phase2_Migrated,260
1790265732.129341250,Phase2_Migrated,264
1790265732.226194629,Phase2_Migrated,268
1790265732.310330318,Phase2_Migrated,272
1790265732.403371109,Phase2_Migrated,275
1790265732.506087710,Phase2_Migrated,280
1790265732.603514277,Phase2_Migrated,283
1790265732.696414805,Phase2_Migrated,287
1790265732.789065965,Phase2_Migrated,290
1790265732.880520851,Phase2_Migrated,293
1790265732.974392330,Phase2_Migrated,296
1790265733.066340625,Phase2_Migrated,299
1790265733.160320949,Phase2_Migrated,302
1790265733.252243904,Phase2_Migrated,305
1790265733.346283210,Phase2_Migrated,307
1790265733.441951487,Phase2_Migrated,310
1790265733.532059128,Phase2_Migrated,312
1790265733.614318024,Phase2_Migrated,314
1790265733.702112638,Phase2_Migrated,317
1790265733.790569300,Phase2_Migrated,319
1790265733.886772518,Phase2_Migrated,322
1790265733.982610258,Phase2_Migrated,324
1790265734.062451496,Phase2_Migrated,325
1790265734.155699923,Phase2_Migrated,327
1790265734.248877516,Phase2_Migrated,329
1790265734.346568300,Phase2_Migrated,331
1790265734.440205252,Phase2_Migrated,332
1790265734.535469260,Phase2_Migrated,334
1790265734.627862793,Phase2_Migrated,335
1790265734.718781736,Phase2_Migrated,337
1790265734.812533415,Phase2_Migrated,338
1790265734.875675388,Phase2_Migrated,339
1790265734.949105039,Phase2_Migrated,340
1790265735.040252669,Phase2_Migrated,341
1790265735.137825487,Phase2_Migrated,342
1790265735.225960903,Phase2_Migrated,343
1790265735.301609070,Phase2_Migrated,344
1790265735.397910979,Phase2_Migrated,345
1790265735.484285805,Phase2_Migrated,346
1790265735.568129788,Phase2_Migrated,347
1790265735.666582586,Phase2_Migrated,347
1790265735.761281090,Phase2_Migrated,348
1790265735.863275788,Phase2_Migrated,349
1790265735.946920059,Phase2_Migrated,349
1790265736.037550032,Phase2_Migrated,350
1790265736.127723200,Phase2_Migrated,350
1790265736.211683830,Phase2_Migrated,297
1790265736.276375018,Phase2_Migrated,245
1790265736.357223007,Phase2_Migrated,248
1790265736.436566496,Phase2_Migrated,250
1790265736.531846124,Phase2_Migrated,253
1790265736.624537435,Phase2_Migrated,255
1790265736.719286778,Phase2_Migrated,258
1790265736.811184126,Phase2_Migrated,261
1790265736.904374978,Phase2_Migrated,263
1790265736.989433790,Phase2_Migrated,265
1790265737.088907853,Phase2_Migrated,267
1790265737.193216655,Phase2_Migrated,269
1790265737.287836371,Phase2_Migrated,271
1790265737.379262895,Phase2_Migrated,273
1790265737.474350461,Phase2_Migrated,274
1790265737.567271654,Phase2_Migrated,276
1790265737.622078499,Phase2_Migrated,277
1790265737.676379025,Phase2_Migrated,278
1790265737.763369158,Phase2_Migrated,279
1790265737.828365087,Phase2_Migrated,280
1790265737.923452313,Phase2_Migrated,281
1790265738.016579969,Phase2_Migrated,283
1790265738.093147627,Phase2_Migrated,284
1790265738.183766901,Phase2_Migrated,285
1790265738.266477672,Phase2_Migrated,286
1790265738.337953285,Phase2_Migrated,287
1790265738.420714233,Phase2_Migrated,288
1790265738.481140761,Phase2_Migrated,289
1790265738.553270404,Phase2_Migrated,289
1790265738.633355193,Phase2_Migrated,290
1790265738.717459402,Phase2_Migrated,291
1790265738.804800265,Phase2_Migrated,291
1790265740.014462198,Uninterrupted_Baseline,1
1790265740.082929152,Uninterrupted_Baseline,1
1790265740.166387337,Uninterrupted_Baseline,1
1790265740.248951653,Uninterrupted_Baseline,1
1790265740.327184728,Uninterrupted_Baseline,1
1790265740.386308229,Uninterrupted_Baseline,1
1790265740.466020289,Uninterrupted_Baseline,1
1790265740.544591233,Uninterrupted_Baseline,1
1790265740.623349249,Uninterrupted_Baseline,1
1790265740.706081156,Uninterrupted_Baseline,1
1790265740.783355390,Uninterrupted_Baseline,1
1790265740.863991487,Uninterrupted_Baseline,1
1790265740.947791395,Uninterrupted_Baseline,1
1790265741.029981496,Uninterrupted_Baseline,1
1790265741.109825304,Uninterrupted_Baseline,1
1790265741.187688095,Uninterrupted_Baseline,1
1790265741.263241361,Uninterrupted_Baseline,1
1790265741.263241361,Uninterrupted_Baseline,10
1790265741.348352923,Uninterrupted_Baseline,1
1790265741.348352923,Uninterrupted_Baseline,18
1790265741.428583239,Uninterrupted_Baseline,1
1790265741.428583239,Uninterrupted_Baseline,34
1790265741.512705921,Uninterrupted_Baseline,1
1790265741.512705921,Uninterrupted_Baseline,70
1790265741.595251936,Uninterrupted_Baseline,1
1790265741.595251936,Uninterrupted_Baseline,140
1790265741.678153964,Uninterrupted_Baseline,1
1790265741.678153964,Uninterrupted_Baseline,286
1790265741.759393932,Uninterrupted_Baseline,1
1790265741.759393932,Uninterrupted_Baseline,556
1790265741.840160913,Uninterrupted_Baseline,1
1790265741.840160913,Uninterrupted_Baseline,816
1790265741.929120269,Uninterrupted_Baseline,1
1790265741.929120269,Uninterrupted_Baseline,773
1790265742.015243907,Uninterrupted_Baseline,1
1790265742.015243907,Uninterrupted_Baseline,673
1790265742.096323232,Uninterrupted_Baseline,1
1790265742.096323232,Uninterrupted_Baseline,571
1790265742.179915363,Uninterrupted_Baseline,1
1790265742.179915363,Uninterrupted_Baseline,571
1790265742.263683860,Uninterrupted_Baseline,1
1790265742.263683860,Uninterrupted_Baseline,558
1790265742.349159241,Uninterrupted_Baseline,1
1790265742.349159241,Uninterrupted_Baseline,399
1790265742.436800475,Uninterrupted_Baseline,1
1790265742.436800475,Uninterrupted_Baseline,399
1790265742.518889970,Uninterrupted_Baseline,1
1790265742.518889970,Uninterrupted_Baseline,354
1790265742.603400284,Uninterrupted_Baseline,1
1790265742.603400284,Uninterrupted_Baseline,279
1790265742.695086024,Uninterrupted_Baseline,1
1790265742.695086024,Uninterrupted_Baseline,253
1790265742.780793403,Uninterrupted_Baseline,1
1790265742.780793403,Uninterrupted_Baseline,195
1790265742.861990324,Uninterrupted_Baseline,1
1790265742.861990324,Uninterrupted_Baseline,197
1790265742.940487726,Uninterrupted_Baseline,1
1790265742.940487726,Uninterrupted_Baseline,199
1790265743.023331894,Uninterrupted_Baseline,1
1790265743.023331894,Uninterrupted_Baseline,201
1790265743.105561502,Uninterrupted_Baseline,1
1790265743.105561502,Uninterrupted_Baseline,203
1790265743.189929355,Uninterrupted_Baseline,1
1790265743.189929355,Uninterrupted_Baseline,205
1790265743.268988895,Uninterrupted_Baseline,1
1790265743.268988895,Uninterrupted_Baseline,207
1790265743.336094748,Uninterrupted_Baseline,1
1790265743.336094748,Uninterrupted_Baseline,208
1790265743.422903798,Uninterrupted_Baseline,1
1790265743.422903798,Uninterrupted_Baseline,210
1790265743.504764081,Uninterrupted_Baseline,1
1790265743.504764081,Uninterrupted_Baseline,212
1790265743.588886062,Uninterrupted_Baseline,1
1790265743.588886062,Uninterrupted_Baseline,213
1790265743.672359086,Uninterrupted_Baseline,1
1790265743.672359086,Uninterrupted_Baseline,214
1790265743.751995740,Uninterrupted_Baseline,1
1790265743.751995740,Uninterrupted_Baseline,216
1790265743.828609888,Uninterrupted_Baseline,1
1790265743.828609888,Uninterrupted_Baseline,218
1790265743.910782733,Uninterrupted_Baseline,1
1790265743.910782733,Uninterrupted_Baseline,219
1790265743.996334305,Uninterrupted_Baseline,1
1790265743.996334305,Uninterrupted_Baseline,220
1790265744.078343200,Uninterrupted_Baseline,1
1790265744.078343200,Uninterrupted_Baseline,221
1790265744.163780040,Uninterrupted_Baseline,1
1790265744.163780040,Uninterrupted_Baseline,222
1790265744.242215129,Uninterrupted_Baseline,1
1790265744.242215129,Uninterrupted_Baseline,223
1790265744.327280649,Uninterrupted_Baseline,1
1790265744.327280649,Uninterrupted_Baseline,224
1790265744.411971835,Uninterrupted_Baseline,1
1790265744.411971835,Uninterrupted_Baseline,226
1790265744.492511200,Uninterrupted_Baseline,1
1790265744.492511200,Uninterrupted_Baseline,227
1790265744.575249969,Uninterrupted_Baseline,1
1790265744.575249969,Uninterrupted_Baseline,228
1790265744.646885577,Uninterrupted_Baseline,1
1790265744.646885577,Uninterrupted_Baseline,229
1790265744.718801207,Uninterrupted_Baseline,1
1790265744.718801207,Uninterrupted_Baseline,229
1790265744.790613483,Uninterrupted_Baseline,1
1790265744.790613483,Uninterrupted_Baseline,230
1790265744.860944888,Uninterrupted_Baseline,1
1790265744.860944888,Uninterrupted_Baseline,230
1790265744.921594082,Uninterrupted_Baseline,1
1790265744.921594082,Uninterrupted_Baseline,231
1790265744.990112057,Uninterrupted_Baseline,1
1790265744.990112057,Uninterrupted_Baseline,232
1790265745.069804002,Uninterrupted_Baseline,1
1790265745.069804002,Uninterrupted_Baseline,232
1790265745.149096591,Uninterrupted_Baseline,1
1790265745.149096591,Uninterrupted_Baseline,233
1790265745.261975931,Uninterrupted_Baseline,1
1790265745.261975931,Uninterrupted_Baseline,233
1790265745.322012539,Uninterrupted_Baseline,1
1790265745.322012539,Uninterrupted_Baseline,234
1790265745.393099207,Uninterrupted_Baseline,1
1790265745.393099207,Uninterrupted_Baseline,234
1790265745.465919096,Uninterrupted_Baseline,1
1790265745.465919096,Uninterrupted_Baseline,234
1790265745.550898052,Uninterrupted_Baseline,1
1790265745.550898052,Uninterrupted_Baseline,235
1790265745.630906409,Uninterrupted_Baseline,1
1790265745.630906409,Uninterrupted_Baseline,235
1790265745.712305252,Uninterrupted_Baseline,1
1790265745.712305252,Uninterrupted_Baseline,235
1790265745.789718283,Uninterrupted_Baseline,1
1790265745.789718283,Uninterrupted_Baseline,236
1790265745.874521531,Uninterrupted_Baseline,1
1790265745.874521531,Uninterrupted_Baseline,236
1790265745.956166392,Uninterrupted_Baseline,1
1790265745.956166392,Uninterrupted_Baseline,236
1790265746.039620775,Uninterrupted_Baseline,1
1790265746.039620775,Uninterrupted_Baseline,236
1790265746.129894565,Uninterrupted_Baseline,1
1790265746.129894565,Uninterrupted_Baseline,237
1790265746.219265396,Uninterrupted_Baseline,1
1790265746.219265396,Uninterrupted_Baseline,237
1790265746.299391672,Uninterrupted_Baseline,1
1790265746.299391672,Uninterrupted_Baseline,237
1790265746.362849998,Uninterrupted_Baseline,1
1790265746.362849998,Uninterrupted_Baseline,237
1790265746.446766121,Uninterrupted_Baseline,1
1790265746.446766121,Uninterrupted_Baseline,237
1790265746.530797895,Uninterrupted_Baseline,1
1790265746.530797895,Uninterrupted_Baseline,237
1790265746.609198083,Uninterrupted_Baseline,1
1790265746.609198083,Uninterrupted_Baseline,237
1790265746.684703702,Uninterrupted_Baseline,1
1790265746.684703702,Uninterrupted_Baseline,237
1790265746.765983315,Uninterrupted_Baseline,1
1790265746.765983315,Uninterrupted_Baseline,237
1790265746.854226424,Uninterrupted_Baseline,1
1790265746.854226424,Uninterrupted_Baseline,237
1790265746.938442291,Uninterrupted_Baseline,1
1790265746.938442291,Uninterrupted_Baseline,237
1790265747.027041734,Uninterrupted_Baseline,1
1790265747.027041734,Uninterrupted_Baseline,237
1790265747.110809344,Uninterrupted_Baseline,1
1790265747.110809344,Uninterrupted_Baseline,237
1790265747.189198517,Uninterrupted_Baseline,1
1790265747.189198517,Uninterrupted_Baseline,237
1790265747.261767170,Uninterrupted_Baseline,1
1790265747.261767170,Uninterrupted_Baseline,237
1790265747.335378466,Uninterrupted_Baseline,1
1790265747.335378466,Uninterrupted_Baseline,237
1790265747.410617976,Uninterrupted_Baseline,1
1790265747.410617976,Uninterrupted_Baseline,237
1790265747.482909546,Uninterrupted_Baseline,1
1790265747.482909546,Uninterrupted_Baseline,237
1790265747.558083871,Uninterrupted_Baseline,1
1790265747.558083871,Uninterrupted_Baseline,237
1790265747.642851215,Uninterrupted_Baseline,1
1790265747.642851215,Uninterrupted_Baseline,237
1790265747.725643772,Uninterrupted_Baseline,1
1790265747.725643772,Uninterrupted_Baseline,237
1790265747.807559514,Uninterrupted_Baseline,1
1790265747.807559514,Uninterrupted_Baseline,237
1790265747.890060609,Uninterrupted_Baseline,1
1790265747.890060609,Uninterrupted_Baseline,237
1790265747.972240953,Uninterrupted_Baseline,1
1790265747.972240953,Uninterrupted_Baseline,237
1790265748.043858590,Uninterrupted_Baseline,1
1790265748.043858590,Uninterrupted_Baseline,237
1790265748.116226283,Uninterrupted_Baseline,1
1790265748.116226283,Uninterrupted_Baseline,237
1790265748.201998036,Uninterrupted_Baseline,1
1790265748.201998036,Uninterrupted_Baseline,237
1790265748.273198971,Uninterrupted_Baseline,1
1790265748.273198971,Uninterrupted_Baseline,237
1790265748.359249284,Uninterrupted_Baseline,1
1790265748.359249284,Uninterrupted_Baseline,237
1790265748.414496946,Uninterrupted_Baseline,1
1790265748.414496946,Uninterrupted_Baseline,237
1790265748.464725942,Uninterrupted_Baseline,1
1790265748.464725942,Uninterrupted_Baseline,237
1790265748.518313865,Uninterrupted_Baseline,1
1790265748.518313865,Uninterrupted_Baseline,237
1790265748.591008090,Uninterrupted_Baseline,1
1790265748.591008090,Uninterrupted_Baseline,237
1790265748.660055179,Uninterrupted_Baseline,1
1790265748.660055179,Uninterrupted_Baseline,237
1790265748.731098504,Uninterrupted_Baseline,1
1790265748.731098504,Uninterrupted_Baseline,237
1790265748.792092883,Uninterrupted_Baseline,1
1790265748.792092883,Uninterrupted_Baseline,237
1790265748.869344787,Uninterrupted_Baseline,1
1790265748.869344787,Uninterrupted_Baseline,238
1790265748.936278634,Uninterrupted_Baseline,1
1790265748.936278634,Uninterrupted_Baseline,238
1790265749.002887417,Uninterrupted_Baseline,1
1790265749.002887417,Uninterrupted_Baseline,238
1790265749.084879463,Uninterrupted_Baseline,1
1790265749.084879463,Uninterrupted_Baseline,238
1790265749.157857476,Uninterrupted_Baseline,1
1790265749.157857476,Uninterrupted_Baseline,239
1790265749.220248475,Uninterrupted_Baseline,1
1790265749.220248475,Uninterrupted_Baseline,239
1790265749.307014848,Uninterrupted_Baseline,1
1790265749.307014848,Uninterrupted_Baseline,240
1790265749.391057663,Uninterrupted_Baseline,1
1790265749.391057663,Uninterrupted_Baseline,240
1790265749.472063372,Uninterrupted_Baseline,1
1790265749.472063372,Uninterrupted_Baseline,241
1790265749.555829754,Uninterrupted_Baseline,1
1790265749.555829754,Uninterrupted_Baseline,241
1790265749.634593692,Uninterrupted_Baseline,1
1790265749.634593692,Uninterrupted_Baseline,242
1790265749.713380633,Uninterrupted_Baseline,1
1790265749.713380633,Uninterrupted_Baseline,243
1790265749.789722708,Uninterrupted_Baseline,1
1790265749.789722708,Uninterrupted_Baseline,243
1790265749.866107988,Uninterrupted_Baseline,1
1790265749.866107988,Uninterrupted_Baseline,244
1790265749.946437029,Uninterrupted_Baseline,1
1790265749.946437029,Uninterrupted_Baseline,244
1790265750.028060294,Uninterrupted_Baseline,1
1790265750.028060294,Uninterrupted_Baseline,245
1790265750.107413744,Uninterrupted_Baseline,1
1790265750.107413744,Uninterrupted_Baseline,245
1790265750.186790700,Uninterrupted_Baseline,1
1790265750.186790700,Uninterrupted_Baseline,246
1790265750.265436915,Uninterrupted_Baseline,1
1790265750.265436915,Uninterrupted_Baseline,246
1790265750.345617089,Uninterrupted_Baseline,1
1790265750.345617089,Uninterrupted_Baseline,247
1790265750.427230342,Uninterrupted_Baseline,1
1790265750.427230342,Uninterrupted_Baseline,247
1790265750.508877587,Uninterrupted_Baseline,1
1790265750.508877587,Uninterrupted_Baseline,248
1790265750.586322674,Uninterrupted_Baseline,1
1790265750.586322674,Uninterrupted_Baseline,249
1790265750.668910668,Uninterrupted_Baseline,1
1790265750.668910668,Uninterrupted_Baseline,250
1790265750.751643230,Uninterrupted_Baseline,1
1790265750.751643230,Uninterrupted_Baseline,251
1790265750.830782022,Uninterrupted_Baseline,1
1790265750.830782022,Uninterrupted_Baseline,252
1790265750.897533352,Uninterrupted_Baseline,1
1790265750.897533352,Uninterrupted_Baseline,253
1790265750.983585192,Uninterrupted_Baseline,1
1790265750.983585192,Uninterrupted_Baseline,254
1790265751.069412965,Uninterrupted_Baseline,1
1790265751.069412965,Uninterrupted_Baseline,255
1790265751.157147214,Uninterrupted_Baseline,1
1790265751.157147214,Uninterrupted_Baseline,256
1790265751.233498914,Uninterrupted_Baseline,1
1790265751.233498914,Uninterrupted_Baseline,257
1790265751.311326803,Uninterrupted_Baseline,1
1790265751.311326803,Uninterrupted_Baseline,258
1790265751.395986274,Uninterrupted_Baseline,1
1790265751.395986274,Uninterrupted_Baseline,260
1790265751.479426382,Uninterrupted_Baseline,1
1790265751.479426382,Uninterrupted_Baseline,262
1790265751.559787615,Uninterrupted_Baseline,1
1790265751.559787615,Uninterrupted_Baseline,263
1790265751.644199976,Uninterrupted_Baseline,1
1790265751.644199976,Uninterrupted_Baseline,265
1790265751.722376360,Uninterrupted_Baseline,1
1790265751.722376360,Uninterrupted_Baseline,267
1790265751.810234934,Uninterrupted_Baseline,1
1790265751.810234934,Uninterrupted_Baseline,269
1790265751.888979384,Uninterrupted_Baseline,1
1790265751.888979384,Uninterrupted_Baseline,270
1790265751.971420676,Uninterrupted_Baseline,1
1790265751.971420676,Uninterrupted_Baseline,272
1790265752.057295256,Uninterrupted_Baseline,1
1790265752.057295256,Uninterrupted_Baseline,274
1790265752.141542066,Uninterrupted_Baseline,1
1790265752.141542066,Uninterrupted_Baseline,276
1790265752.227215249,Uninterrupted_Baseline,1
1790265752.227215249,Uninterrupted_Baseline,278
1790265752.306346932,Uninterrupted_Baseline,1
1790265752.306346932,Uninterrupted_Baseline,281
1790265752.390593903,Uninterrupted_Baseline,1
1790265752.390593903,Uninterrupted_Baseline,283
1790265752.475113729,Uninterrupted_Baseline,1
1790265752.475113729,Uninterrupted_Baseline,285
1790265752.556176715,Uninterrupted_Baseline,1
1790265752.556176715,Uninterrupted_Baseline,287
1790265752.639054174,Uninterrupted_Baseline,1
1790265752.639054174,Uninterrupted_Baseline,290
1790265752.716879357,Uninterrupted_Baseline,1
1790265752.716879357,Uninterrupted_Baseline,293
1790265752.793006506,Uninterrupted_Baseline,1
1790265752.793006506,Uninterrupted_Baseline,295
1790265752.872003607,Uninterrupted_Baseline,1
1790265752.872003607,Uninterrupted_Baseline,298
1790265752.954572006,Uninterrupted_Baseline,1
1790265752.954572006,Uninterrupted_Baseline,301
1790265753.036380523,Uninterrupted_Baseline,1
1790265753.036380523,Uninterrupted_Baseline,304
1790265753.119809270,Uninterrupted_Baseline,1
1790265753.119809270,Uninterrupted_Baseline,307
1790265753.193169476,Uninterrupted_Baseline,1
1790265753.193169476,Uninterrupted_Baseline,309
1790265753.280323976,Uninterrupted_Baseline,1
1790265753.280323976,Uninterrupted_Baseline,312
1790265753.359328682,Uninterrupted_Baseline,1
1790265753.359328682,Uninterrupted_Baseline,316
1790265753.444080293,Uninterrupted_Baseline,1
1790265753.444080293,Uninterrupted_Baseline,319
1790265753.528697283,Uninterrupted_Baseline,1
1790265753.528697283,Uninterrupted_Baseline,323
1790265753.610874175,Uninterrupted_Baseline,1
1790265753.610874175,Uninterrupted_Baseline,327
1790265753.696477405,Uninterrupted_Baseline,330
1790265753.777389031,Uninterrupted_Baseline,335
1790265753.859020995,Uninterrupted_Baseline,338
1790265753.942519630,Uninterrupted_Baseline,342
1790265754.021541951,Uninterrupted_Baseline,346
1790265754.102133765,Uninterrupted_Baseline,350
1790265754.187154149,Uninterrupted_Baseline,355
1790265754.272250139,Uninterrupted_Baseline,359
1790265754.353288537,Uninterrupted_Baseline,363
1790265754.439479634,Uninterrupted_Baseline,254
1790265754.528957870,Uninterrupted_Baseline,259
1790265754.612254340,Uninterrupted_Baseline,262
1790265754.693288479,Uninterrupted_Baseline,266
1790265754.784667267,Uninterrupted_Baseline,269
1790265754.854956252,Uninterrupted_Baseline,273
1790265754.931523832,Uninterrupted_Baseline,277
1790265755.004416302,Uninterrupted_Baseline,279
1790265755.086516064,Uninterrupted_Baseline,282
1790265755.171033382,Uninterrupted_Baseline,286
1790265755.241232177,Uninterrupted_Baseline,289
1790265755.325701100,Uninterrupted_Baseline,292
1790265755.379954086,Uninterrupted_Baseline,294
1790265755.459853176,Uninterrupted_Baseline,298
1790265755.540836886,Uninterrupted_Baseline,300
1790265755.607563522,Uninterrupted_Baseline,303
1790265755.688442743,Uninterrupted_Baseline,305
1790265755.776886128,Uninterrupted_Baseline,308
1790265755.863929144,Uninterrupted_Baseline,311
1790265755.932791095,Uninterrupted_Baseline,313
1790265756.013678942,Uninterrupted_Baseline,315
1790265756.094826954,Uninterrupted_Baseline,317
1790265756.160947583,Uninterrupted_Baseline,319
1790265756.248399867,Uninterrupted_Baseline,322
1790265756.329279473,Uninterrupted_Baseline,324
1790265756.403939699,Uninterrupted_Baseline,326
1790265756.484769391,Uninterrupted_Baseline,328
1790265756.565193463,Uninterrupted_Baseline,330
1790265756.639822124,Uninterrupted_Baseline,332
1790265756.721456192,Uninterrupted_Baseline,334
1790265756.804844533,Uninterrupted_Baseline,335
1790265756.887843627,Uninterrupted_Baseline,337
1790265756.980627736,Uninterrupted_Baseline,339
1790265757.058877287,Uninterrupted_Baseline,340
1790265757.140602521,Uninterrupted_Baseline,341
1790265757.220506169,Uninterrupted_Baseline,343
1790265757.296520522,Uninterrupted_Baseline,344
1790265757.376899438,Uninterrupted_Baseline,240
1790265757.445165562,Uninterrupted_Baseline,242
1790265757.515031571,Uninterrupted_Baseline,244
1790265757.583218192,Uninterrupted_Baseline,246
1790265757.658697827,Uninterrupted_Baseline,248
1790265757.742885772,Uninterrupted_Baseline,250
1790265757.825118987,Uninterrupted_Baseline,253
1790265757.907229756,Uninterrupted_Baseline,255
1790265757.997007101,Uninterrupted_Baseline,257
1790265758.077049357,Uninterrupted_Baseline,259
1790265758.148181112,Uninterrupted_Baseline,261
1790265758.229008033,Uninterrupted_Baseline,262
1790265758.284418434,Uninterrupted_Baseline,263
1790265758.358260800,Uninterrupted_Baseline,265
1790265758.426628108,Uninterrupted_Baseline,266
1790265758.476569555,Uninterrupted_Baseline,267
1790265758.525984344,Uninterrupted_Baseline,268
1790265758.579883685,Uninterrupted_Baseline,269
1790265758.646693551,Uninterrupted_Baseline,270
1790265758.707398676,Uninterrupted_Baseline,271
1790265758.785315525,Uninterrupted_Baseline,273
1790265758.872373331,Uninterrupted_Baseline,274
1790265758.953974984,Uninterrupted_Baseline,275
1790265759.019406713,Uninterrupted_Baseline,276
1790265759.082941783,Uninterrupted_Baseline,277
1790265759.146145652,Uninterrupted_Baseline,278
1790265759.204630140,Uninterrupted_Baseline,279
1790265759.270308437,Uninterrupted_Baseline,280
1790265759.357868757,Uninterrupted_Baseline,281
1790265759.445000048,Uninterrupted_Baseline,282
1790265759.525473729,Uninterrupted_Baseline,283
1790265759.604642398,Uninterrupted_Baseline,284
1790265759.693844700,Uninterrupted_Baseline,285
1790265759.775009656,Uninterrupted_Baseline,285
1790265759.856525295,Uninterrupted_Baseline,286
1790265759.937707884,Uninterrupted_Baseline,286
1790265760.014138780,Uninterrupted_Baseline,287
1790265760.098533418,Uninterrupted_Baseline,288
1790265760.182692702,Uninterrupted_Baseline,288
1790265760.268431267,Uninterrupted_Baseline,289
1790265760.353351555,Uninterrupted_Baseline,289
1790265760.437640881,Uninterrupted_Baseline,290
1790265760.519454921,Uninterrupted_Baseline,290
1790265760.595966881,Uninterrupted_Baseline,290
1790265760.680998155,Uninterrupted_Baseline,291
1790265760.770696562,Uninterrupted_Baseline,291
1790265760.851378851,Uninterrupted_Baseline,291
1790265760.929175075,Uninterrupted_Baseline,291
1790265761.016846281,Uninterrupted_Baseline,291
1790265761.103520046,Uninterrupted_Baseline,292
1790265761.186480793,Uninterrupted_Baseline,292
1790265761.268343900,Uninterrupted_Baseline,292
1790265761.349576903,Uninterrupted_Baseline,292
1790265761.431069620,Uninterrupted_Baseline,292
1790265761.516935653,Uninterrupted_Baseline,292
1790265761.596221862,Uninterrupted_Baseline,292
1790265761.680298706,Uninterrupted_Baseline,292
1790265761.768716659,Uninterrupted_Baseline,292
1790265761.852447000,Uninterrupted_Baseline,292
1790265761.933567608,Uninterrupted_Baseline,292
1790265762.007263092,Uninterrupted_Baseline,292
1790265762.087612403,Uninterrupted_Baseline,292
1790265762.170628691,Uninterrupted_Baseline,292
1790265762.252800575,Uninterrupted_Baseline,292
1790265762.337474529,Uninterrupted_Baseline,292
1790265762.407823832,Uninterrupted_Baseline,292
1790265762.469212154,Uninterrupted_Baseline,292
1790265762.543857719,Uninterrupted_Baseline,292
1790265762.627263696,Uninterrupted_Baseline,292
1790265762.710920805,Uninterrupted_Baseline,292
1790265762.789150200,Uninterrupted_Baseline,292
1790265762.872114971,Uninterrupted_Baseline,292
1790265762.955562005,Uninterrupted_Baseline,292
1790265763.038381382,Uninterrupted_Baseline,292
1790265763.126097123,Uninterrupted_Baseline,292
1790265763.215013868,Uninterrupted_Baseline,292
1790265763.295741526,Uninterrupted_Baseline,292
1790265763.378349990,Uninterrupted_Baseline,292
1790265763.462462167,Uninterrupted_Baseline,292
1790265763.545311890,Uninterrupted_Baseline,292
1790265763.619196288,Uninterrupted_Baseline,292
1790265763.697929605,Uninterrupted_Baseline,292
1790265763.772930455,Uninterrupted_Baseline,292
1790265763.857836561,Uninterrupted_Baseline,293
1790265763.929421616,Uninterrupted_Baseline,293
1790265764.011993267,Uninterrupted_Baseline,293
1790265764.093781888,Uninterrupted_Baseline,293
1790265764.176361781,Uninterrupted_Baseline,294
1790265764.258951733,Uninterrupted_Baseline,294
1790265764.340609051,Uninterrupted_Baseline,294
1790265764.417853211,Uninterrupted_Baseline,295
1790265764.491892788,Uninterrupted_Baseline,295
1790265764.567489598,Uninterrupted_Baseline,295
1790265764.649523372,Uninterrupted_Baseline,296
1790265764.728276164,Uninterrupted_Baseline,297
1790265764.807412911,Uninterrupted_Baseline,297
1790265764.858192321,Uninterrupted_Baseline,298
1790265764.949935147,Uninterrupted_Baseline,298
1790265765.034390988,Uninterrupted_Baseline,299
1790265765.116888513,Uninterrupted_Baseline,300
1790265765.201323762,Uninterrupted_Baseline,300
1790265765.284799190,Uninterrupted_Baseline,301
1790265765.365341496,Uninterrupted_Baseline,302
1790265765.442347352,Uninterrupted_Baseline,303
1790265765.521988547,Uninterrupted_Baseline,304
1790265765.607912356,Uninterrupted_Baseline,305
1790265765.686471568,Uninterrupted_Baseline,306
1790265765.759254583,Uninterrupted_Baseline,307
1790265765.834621768,Uninterrupted_Baseline,307
1790265765.914929461,Uninterrupted_Baseline,308
1790265765.996028098,Uninterrupted_Baseline,310
1790265766.078020979,Uninterrupted_Baseline,311
1790265766.162933090,Uninterrupted_Baseline,312
1790265766.242250460,Uninterrupted_Baseline,313
1790265766.326076365,Uninterrupted_Baseline,315
1790265766.407797228,Uninterrupted_Baseline,316
1790265766.494180830,Uninterrupted_Baseline,318
1790265766.576226638,Uninterrupted_Baseline,320
1790265766.661831011,Uninterrupted_Baseline,321
1790265766.762304167,Uninterrupted_Baseline,324
1790265766.824608085,Uninterrupted_Baseline,325
1790265766.880886718,Uninterrupted_Baseline,326
1790265766.948848827,Uninterrupted_Baseline,328
1790265767.028633072,Uninterrupted_Baseline,330
1790265767.111706521,Uninterrupted_Baseline,332
1790265767.197104491,Uninterrupted_Baseline,334
1790265767.272248606,Uninterrupted_Baseline,336
1790265767.358249125,Uninterrupted_Baseline,339
1790265767.439473952,Uninterrupted_Baseline,341
1790265767.521406586,Uninterrupted_Baseline,343
1790265767.600332704,Uninterrupted_Baseline,346
1790265767.684456027,Uninterrupted_Baseline,348
1790265767.765975998,Uninterrupted_Baseline,351
1790265767.846383303,Uninterrupted_Baseline,354
1790265767.932919731,Uninterrupted_Baseline,357
1790265768.013865227,Uninterrupted_Baseline,359
1790265768.071868556,Uninterrupted_Baseline,283
1790265768.154491762,Uninterrupted_Baseline,252
1790265768.234091632,Uninterrupted_Baseline,252
1790265768.307155952,Uninterrupted_Baseline,255
1790265768.386704651,Uninterrupted_Baseline,258
1790265768.438872439,Uninterrupted_Baseline,261
1790265768.492145250,Uninterrupted_Baseline,263
1790265768.546805920,Uninterrupted_Baseline,266
1790265768.598902092,Uninterrupted_Baseline,269
1790265768.676090002,Uninterrupted_Baseline,272
1790265768.758608236,Uninterrupted_Baseline,275
1790265768.840993790,Uninterrupted_Baseline,278
1790265768.923048863,Uninterrupted_Baseline,282
1790265769.009835165,Uninterrupted_Baseline,286
1790265769.091367548,Uninterrupted_Baseline,289
1790265769.153103343,Uninterrupted_Baseline,291
1790265769.218793079,Uninterrupted_Baseline,294
1790265769.304086713,Uninterrupted_Baseline,297
1790265769.381080658,Uninterrupted_Baseline,299
1790265769.464164920,Uninterrupted_Baseline,302
1790265769.542240270,Uninterrupted_Baseline,305
1790265769.622285235,Uninterrupted_Baseline,307
1790265769.704476864,Uninterrupted_Baseline,310
1790265769.761974407,Uninterrupted_Baseline,311
1790265769.841372456,Uninterrupted_Baseline,314
1790265769.924107875,Uninterrupted_Baseline,316
1790265770.006848538,Uninterrupted_Baseline,318
1790265770.088632091,Uninterrupted_Baseline,320
1790265770.171034122,Uninterrupted_Baseline,322
1790265770.258571186,Uninterrupted_Baseline,325
1790265770.335023578,Uninterrupted_Baseline,326
1790265770.400075705,Uninterrupted_Baseline,328
1790265770.480428349,Uninterrupted_Baseline,330
1790265770.547170103,Uninterrupted_Baseline,332
1790265770.625574176,Uninterrupted_Baseline,333
1790265770.716909790,Uninterrupted_Baseline,335
1790265770.800626940,Uninterrupted_Baseline,337
1790265770.886635402,Uninterrupted_Baseline,338
1790265770.971753540,Uninterrupted_Baseline,339
1790265771.059279667,Uninterrupted_Baseline,341
1790265771.149396398,Uninterrupted_Baseline,342
1790265771.234883677,Uninterrupted_Baseline,344
1790265771.311099746,Uninterrupted_Baseline,326
1790265771.394129089,Uninterrupted_Baseline,241
1790265771.479908654,Uninterrupted_Baseline,241
1790265771.563584962,Uninterrupted_Baseline,223
1790265771.646303612,Uninterrupted_Baseline,168
1790265771.730285822,Uninterrupted_Baseline,168
1790265771.812495502,Uninterrupted_Baseline,169
1790265771.896624334,Uninterrupted_Baseline,118
1790265771.967100714,Uninterrupted_Baseline,118
1790265772.048218727,Uninterrupted_Baseline,118
1790265772.106825453,Uninterrupted_Baseline,95
1790265772.185224360,Uninterrupted_Baseline,83
1790265772.274391934,Uninterrupted_Baseline,83
1790265772.352524875,Uninterrupted_Baseline,84
1790265772.437346280,Uninterrupted_Baseline,86
1790265772.523566846,Uninterrupted_Baseline,87
1790265772.610258270,Uninterrupted_Baseline,88
1790265772.688083943,Uninterrupted_Baseline,89
1790265772.765281769,Uninterrupted_Baseline,90
1790265772.848563987,Uninterrupted_Baseline,91
1790265772.933077024,Uninterrupted_Baseline,92
1790265773.017923476,Uninterrupted_Baseline,93
1790265773.096490189,Uninterrupted_Baseline,94
1790265773.178693166,Uninterrupted_Baseline,94
1790265773.258835821,Uninterrupted_Baseline,95
1790265773.342193456,Uninterrupted_Baseline,96
1790265773.428236559,Uninterrupted_Baseline,96
1790265773.513935535,Uninterrupted_Baseline,97
1790265773.597442753,Uninterrupted_Baseline,97
1790265773.681836664,Uninterrupted_Baseline,98
1790265773.759557586,Uninterrupted_Baseline,98
1790265773.835953192,Uninterrupted_Baseline,98
1790265773.906315348,Uninterrupted_Baseline,99
1790265773.983724676,Uninterrupted_Baseline,99
1790265774.066194882,Uninterrupted_Baseline,99
1790265774.149856160,Uninterrupted_Baseline,100
1790265774.226389650,Uninterrupted_Baseline,100
1790265774.305882549,Uninterrupted_Baseline,100
1790265774.389466497,Uninterrupted_Baseline,100
1790265774.469730008,Uninterrupted_Baseline,101
1790265774.555623796,Uninterrupted_Baseline,101
1790265774.641403855,Uninterrupted_Baseline,101
1790265774.723147073,Uninterrupted_Baseline,101
1790265774.786751386,Uninterrupted_Baseline,101
1790265774.854693678,Uninterrupted_Baseline,101
1790265774.920732723,Uninterrupted_Baseline,101
1790265774.989897981,Uninterrupted_Baseline,101
1790265775.056412016,Uninterrupted_Baseline,102
1790265775.137105538,Uninterrupted_Baseline,102
1790265775.208050028,Uninterrupted_Baseline,103
1790265775.279515471,Uninterrupted_Baseline,103
1790265775.336402877,Uninterrupted_Baseline,104
1790265775.399039886,Uninterrupted_Baseline,104
1790265775.480890573,Uninterrupted_Baseline,105
1790265775.558912020,Uninterrupted_Baseline,105
1790265775.632846631,Uninterrupted_Baseline,106
1790265775.691508184,Uninterrupted_Baseline,106
1790265775.756607464,Uninterrupted_Baseline,107
1790265775.839684421,Uninterrupted_Baseline,107
1790265775.919329513,Uninterrupted_Baseline,108
1790265776.001927844,Uninterrupted_Baseline,108
1790265776.080316062,Uninterrupted_Baseline,109
1790265776.168365716,Uninterrupted_Baseline,110
1790265776.253573037,Uninterrupted_Baseline,110
1790265776.303167047,Uninterrupted_Baseline,110
1790265776.367401839,Uninterrupted_Baseline,111
1790265776.449169472,Uninterrupted_Baseline,112
1790265776.533797811,Uninterrupted_Baseline,112
1790265776.613622058,Uninterrupted_Baseline,113
1790265776.693003122,Uninterrupted_Baseline,113
1790265776.754097452,Uninterrupted_Baseline,114
1790265776.833028600,Uninterrupted_Baseline,114
1790265776.911211226,Uninterrupted_Baseline,115
1790265776.984750769,Uninterrupted_Baseline,115
1790265777.068626314,Uninterrupted_Baseline,116
1790265777.141474484,Uninterrupted_Baseline,116
1790265777.208562725,Uninterrupted_Baseline,117
1790265777.278984081,Uninterrupted_Baseline,117
1790265777.359008800,Uninterrupted_Baseline,118
1790265777.442453791,Uninterrupted_Baseline,119
1790265777.521553970,Uninterrupted_Baseline,119
1790265777.605691024,Uninterrupted_Baseline,120
1790265777.696117446,Uninterrupted_Baseline,120
1790265777.781717210,Uninterrupted_Baseline,121
1790265777.865418532,Uninterrupted_Baseline,122
1790265777.959620850,Uninterrupted_Baseline,122
1790265778.055344011,Uninterrupted_Baseline,123
1790265778.124574015,Uninterrupted_Baseline,123
1790265778.198908247,Uninterrupted_Baseline,124
1790265778.273261225,Uninterrupted_Baseline,124
1790265778.334463046,Uninterrupted_Baseline,125
1790265778.406331771,Uninterrupted_Baseline,125
1790265778.458542272,Uninterrupted_Baseline,126
1790265778.522741229,Uninterrupted_Baseline,126
1790265778.601488966,Uninterrupted_Baseline,127
1790265778.682591977,Uninterrupted_Baseline,127
1790265778.762952554,Uninterrupted_Baseline,128
1790265778.844845184,Uninterrupted_Baseline,128
1790265778.937886214,Uninterrupted_Baseline,129
1790265779.026627464,Uninterrupted_Baseline,130
1790265779.108917312,Uninterrupted_Baseline,130
1790265779.168079080,Uninterrupted_Baseline,130
1790265779.246744531,Uninterrupted_Baseline,131
1790265779.325516001,Uninterrupted_Baseline,132
1790265779.412283822,Uninterrupted_Baseline,132
1790265779.500477602,Uninterrupted_Baseline,133
1790265779.590578861,Uninterrupted_Baseline,134
1790265779.676338346,Uninterrupted_Baseline,134
1790265779.744262016,Uninterrupted_Baseline,135
1790265779.821088356,Uninterrupted_Baseline,135
1790265779.903457334,Uninterrupted_Baseline,136
1790265779.989499467,Uninterrupted_Baseline,136
1790265780.077576634,Uninterrupted_Baseline,137
1790265780.161220472,Uninterrupted_Baseline,138
1790265780.249032320,Uninterrupted_Baseline,138
1790265780.333010534,Uninterrupted_Baseline,139
1790265780.423075696,Uninterrupted_Baseline,140
1790265780.509276670,Uninterrupted_Baseline,142
1790265780.591745756,Uninterrupted_Baseline,144
1790265780.678341423,Uninterrupted_Baseline,146
1790265780.768624408,Uninterrupted_Baseline,149
1790265780.859503462,Uninterrupted_Baseline,151
1790265780.945392132,Uninterrupted_Baseline,153
1790265781.024219872,Uninterrupted_Baseline,156
1790265781.109324101,Uninterrupted_Baseline,158
1790265781.182507720,Uninterrupted_Baseline,161
1790265781.275110855,Uninterrupted_Baseline,164
1790265781.358136940,Uninterrupted_Baseline,167
1790265781.446330890,Uninterrupted_Baseline,171
1790265781.533099256,Uninterrupted_Baseline,174
1790265781.624751716,Uninterrupted_Baseline,177
1790265781.722464787,Uninterrupted_Baseline,181
1790265781.812249042,Uninterrupted_Baseline,185
1790265781.904805631,Uninterrupted_Baseline,189
1790265781.976997275,Uninterrupted_Baseline,192
1790265782.071908164,Uninterrupted_Baseline,196
1790265782.145518257,Uninterrupted_Baseline,200
1790265782.228241749,Uninterrupted_Baseline,204
1790265782.313704105,Uninterrupted_Baseline,208
1790265782.396728126,Uninterrupted_Baseline,212
1790265782.486042886,Uninterrupted_Baseline,217
1790265782.570864366,Uninterrupted_Baseline,222
1790265782.651678332,Uninterrupted_Baseline,226
1790265782.736325190,Uninterrupted_Baseline,230
1790265782.826046015,Uninterrupted_Baseline,235
1790265782.899030621,Uninterrupted_Baseline,240
1790265782.991378684,Uninterrupted_Baseline,246
1790265783.079874315,Uninterrupted_Baseline,251
1790265783.165258080,Uninterrupted_Baseline,257
1790265783.248339092,Uninterrupted_Baseline,262
1790265783.330479664,Uninterrupted_Baseline,268
1790265783.411704225,Uninterrupted_Baseline,273
1790265783.499562586,Uninterrupted_Baseline,279
1790265783.585256908,Uninterrupted_Baseline,286
1790265783.661614535,Uninterrupted_Baseline,291
1790265783.741420997,Uninterrupted_Baseline,297
1790265783.823307315,Uninterrupted_Baseline,303
1790265783.903994816,Uninterrupted_Baseline,309
1790265783.985936516,Uninterrupted_Baseline,316
1790265784.068739328,Uninterrupted_Baseline,323
1790265784.153094278,Uninterrupted_Baseline,329
1790265784.234534972,Uninterrupted_Baseline,336
1790265784.317569893,Uninterrupted_Baseline,343
1790265784.401872545,Uninterrupted_Baseline,350
1790265784.482571222,Uninterrupted_Baseline,357
1790265784.561483900,Uninterrupted_Baseline,364
1790265784.640403867,Uninterrupted_Baseline,305
1790265784.725764757,Uninterrupted_Baseline,256
1790265784.804685850,Uninterrupted_Baseline,256
1790265784.878944042,Uninterrupted_Baseline,216
1790265784.960064405,Uninterrupted_Baseline,180
1790265785.038355471,Uninterrupted_Baseline,180
1790265785.121257980,Uninterrupted_Baseline,181
1790265785.196616432,Uninterrupted_Baseline,183
1790265785.258004453,Uninterrupted_Baseline,184
1790265785.337722451,Uninterrupted_Baseline,186
1790265785.406155601,Uninterrupted_Baseline,188
1790265785.485699360,Uninterrupted_Baseline,189
1790265785.570278822,Uninterrupted_Baseline,192
1790265785.649352881,Uninterrupted_Baseline,193
1790265785.730217374,Uninterrupted_Baseline,194
1790265785.804639321,Uninterrupted_Baseline,196
1790265785.885512207,Uninterrupted_Baseline,197
1790265785.967364746,Uninterrupted_Baseline,199
1790265786.046345509,Uninterrupted_Baseline,200
1790265786.121135651,Uninterrupted_Baseline,201
1790265786.199268356,Uninterrupted_Baseline,202
1790265786.281509668,Uninterrupted_Baseline,203
1790265786.361437839,Uninterrupted_Baseline,204
1790265786.443926359,Uninterrupted_Baseline,206
1790265786.527989849,Uninterrupted_Baseline,207
1790265786.601211972,Uninterrupted_Baseline,208
1790265786.657062147,Uninterrupted_Baseline,208
1790265786.734752840,Uninterrupted_Baseline,209
1790265786.808746877,Uninterrupted_Baseline,211
1790265786.887329646,Uninterrupted_Baseline,211
1790265786.967167611,Uninterrupted_Baseline,212
1790265787.053835492,Uninterrupted_Baseline,213
1790265787.141126459,Uninterrupted_Baseline,213
1790265787.226008985,Uninterrupted_Baseline,214
1790265787.303225714,Uninterrupted_Baseline,214
1790265787.389578630,Uninterrupted_Baseline,215
1790265787.474212301,Uninterrupted_Baseline,216
1790265787.554389754,Uninterrupted_Baseline,216
1790265787.637290079,Uninterrupted_Baseline,216
1790265787.725466208,Uninterrupted_Baseline,217
1790265787.808143055,Uninterrupted_Baseline,217
1790265787.890610258,Uninterrupted_Baseline,217
1790265787.981489170,Uninterrupted_Baseline,218
1790265788.042229745,Uninterrupted_Baseline,218
1790265788.110755269,Uninterrupted_Baseline,218
1790265788.194387375,Uninterrupted_Baseline,218
1790265788.276914405,Uninterrupted_Baseline,219
1790265788.359273323,Uninterrupted_Baseline,219
1790265788.433103142,Uninterrupted_Baseline,219
1790265788.486589334,Uninterrupted_Baseline,219
1790265788.540619208,Uninterrupted_Baseline,219
1790265788.600751003,Uninterrupted_Baseline,219
1790265799.378432974,Phase1_Baseline,10
1790265799.459936497,Phase1_Baseline,10
1790265799.539621134,Phase1_Baseline,12
1790265799.626483424,Phase1_Baseline,34
1790265799.707526931,Phase1_Baseline,68
1790265799.771604380,Phase1_Baseline,139
1790265799.854767169,Phase1_Baseline,316
1790265799.940738580,Phase1_Baseline,533
1790265800.000912756,Phase1_Baseline,817
1790265800.084209936,Phase1_Baseline,902
1790265800.141831984,Phase1_Baseline,828
1790265800.219231332,Phase1_Baseline,692
1790265800.298106050,Phase1_Baseline,631
1790265800.381352620,Phase1_Baseline,631
1790265800.460055285,Phase1_Baseline,625
1790265800.543401812,Phase1_Baseline,472
1790265800.613330249,Phase1_Baseline,441
1790265800.690327706,Phase1_Baseline,416
1790265800.764001223,Phase1_Baseline,402
1790265800.846080572,Phase1_Baseline,308
1790265800.926360257,Phase1_Baseline,263
1790265801.004566653,Phase1_Baseline,215
1790265801.086307696,Phase1_Baseline,215
1790265801.167257011,Phase1_Baseline,193
1790265801.248640010,Phase1_Baseline,150
1790265801.310361633,Phase1_Baseline,120
1790265801.392293105,Phase1_Baseline,105
1790265801.464096023,Phase1_Baseline,105
1790265801.546561066,Phase1_Baseline,107
1790265801.625067421,Phase1_Baseline,108
1790265801.707538651,Phase1_Baseline,109
1790265801.790473993,Phase1_Baseline,111
1790265801.868389844,Phase1_Baseline,111
1790265801.941989607,Phase1_Baseline,113
1790265802.029231530,Phase1_Baseline,114
1790265802.112295726,Phase1_Baseline,115
1790265802.199250419,Phase1_Baseline,116
1790265802.289000983,Phase1_Baseline,117
1790265802.370489117,Phase1_Baseline,118
1790265802.453320677,Phase1_Baseline,119
1790265802.531562356,Phase1_Baseline,120
1790265802.598567342,Phase1_Baseline,120
1790265802.661968308,Phase1_Baseline,121
1790265802.741342520,Phase1_Baseline,121
1790265802.816566888,Phase1_Baseline,122
1790265802.881275130,Phase1_Baseline,122
1790265802.959356558,Phase1_Baseline,123
1790265803.042329392,Phase1_Baseline,123
1790265803.130382416,Phase1_Baseline,124
1790265803.212894980,Phase1_Baseline,124
1790265803.294379071,Phase1_Baseline,125
1790265803.373985621,Phase1_Baseline,125
1790265803.456404441,Phase1_Baseline,125
1790265803.534587585,Phase1_Baseline,126
1790265803.612422670,Phase1_Baseline,126
1790265803.696734961,Phase1_Baseline,126
1790265803.776837810,Phase1_Baseline,126
1790265803.862842778,Phase1_Baseline,127
1790265803.949721051,Phase1_Baseline,127
1790265804.031390542,Phase1_Baseline,127
1790265804.114168827,Phase1_Baseline,127
1790265804.191268909,Phase1_Baseline,127
1790265804.268300455,Phase1_Baseline,127
1790265804.353463591,Phase1_Baseline,127
1790265804.436611864,Phase1_Baseline,127
1790265804.518015037,Phase1_Baseline,127
1790265804.599816652,Phase1_Baseline,127
1790265804.677583450,Phase1_Baseline,127
1790265804.751121333,Phase1_Baseline,127
1790265804.822725021,Phase1_Baseline,128
1790265804.887404826,Phase1_Baseline,128
1790265804.950289442,Phase1_Baseline,129
1790265805.030541845,Phase1_Baseline,129
1790265805.108309357,Phase1_Baseline,130
1790265805.186505106,Phase1_Baseline,130
1790265805.260406790,Phase1_Baseline,131
1790265805.342073609,Phase1_Baseline,131
1790265805.421981149,Phase1_Baseline,132
1790265805.495939264,Phase1_Baseline,132
1790265805.576024837,Phase1_Baseline,133
1790265805.659357733,Phase1_Baseline,134
1790265805.741456972,Phase1_Baseline,134
1790265805.819971122,Phase1_Baseline,135
1790265805.902151062,Phase1_Baseline,135
1790265805.982857426,Phase1_Baseline,136
1790265806.059027593,Phase1_Baseline,136
1790265806.139781369,Phase1_Baseline,137
1790265806.220443236,Phase1_Baseline,138
1790265806.296608340,Phase1_Baseline,138
1790265806.367226310,Phase1_Baseline,139
1790265806.443424827,Phase1_Baseline,139
1790265806.522319782,Phase1_Baseline,140
1790265806.604706677,Phase1_Baseline,140
1790265806.679891929,Phase1_Baseline,141
1790265806.760695695,Phase1_Baseline,141
1790265806.830511766,Phase1_Baseline,142
1790265806.912318117,Phase1_Baseline,143
1790265806.984507968,Phase1_Baseline,143
1790265807.058520877,Phase1_Baseline,143
1790265807.124201545,Phase1_Baseline,144
1790265807.208014748,Phase1_Baseline,144
1790265807.285376518,Phase1_Baseline,145
1790265807.365282322,Phase1_Baseline,146
1790265807.448100704,Phase1_Baseline,146
1790265807.531294602,Phase1_Baseline,147
1790265807.596706977,Phase1_Baseline,147
1790265807.673112500,Phase1_Baseline,148
1790265807.740500103,Phase1_Baseline,148
1790265807.812947719,Phase1_Baseline,149
1790265807.879735924,Phase1_Baseline,149
1790265807.964017430,Phase1_Baseline,150
1790265808.044492347,Phase1_Baseline,150
1790265808.121707546,Phase1_Baseline,151
1790265808.186088760,Phase1_Baseline,151
1790265808.245687155,Phase1_Baseline,152
1790265808.315859932,Phase1_Baseline,152
1790265808.393009525,Phase1_Baseline,153
1790265808.445120550,Phase1_Baseline,153
1790265808.505072894,Phase1_Baseline,154
1790265808.564235832,Phase1_Baseline,154
1790265808.619567858,Phase1_Baseline,154
1790265808.688932124,Phase1_Baseline,155
1790265808.757347175,Phase1_Baseline,155
1790265808.828480437,Phase1_Baseline,156
1790265808.884140076,Phase1_Baseline,156
1790265808.937327913,Phase1_Baseline,157
1790265809.018451264,Phase1_Baseline,157
1790265809.096202577,Phase1_Baseline,158
1790265809.158363478,Phase1_Baseline,158
1790265809.219407300,Phase1_Baseline,159
1790265809.302690396,Phase1_Baseline,159
1790265809.384320597,Phase1_Baseline,160
1790265809.472303762,Phase1_Baseline,160
1790265809.555223740,Phase1_Baseline,161
1790265809.630381365,Phase1_Baseline,161
1790265809.691897536,Phase1_Baseline,162
1790265809.770115649,Phase1_Baseline,164
1790265809.854702343,Phase1_Baseline,166
1790265809.929387359,Phase1_Baseline,167
1790265810.005252979,Phase1_Baseline,169
1790265810.088721100,Phase1_Baseline,172
1790265810.168754702,Phase1_Baseline,174
1790265810.248748274,Phase1_Baseline,176
1790265810.324452405,Phase1_Baseline,178
1790265810.407329020,Phase1_Baseline,181
1790265810.494954757,Phase1_Baseline,183
1790265810.575603824,Phase1_Baseline,186
1790265810.660042432,Phase1_Baseline,189
1790265810.731555685,Phase1_Baseline,191
1790265810.815436547,Phase1_Baseline,195
1790265810.887604386,Phase1_Baseline,197
1790265810.961615317,Phase1_Baseline,200
1790265811.027457426,Phase1_Baseline,202
1790265811.090409013,Phase1_Baseline,205
1790265811.171627670,Phase1_Baseline,209
1790265811.250640233,Phase1_Baseline,211
1790265811.331374221,Phase1_Baseline,216
1790265811.406673686,Phase1_Baseline,218
1790265811.480954012,Phase1_Baseline,221
1790265811.539182879,Phase1_Baseline,225
1790265811.616320325,Phase1_Baseline,229
1790265811.701237406,Phase1_Baseline,232
1790265811.767205070,Phase1_Baseline,236
1790265811.847102763,Phase1_Baseline,240
1790265811.930817223,Phase1_Baseline,244
1790265812.010179586,Phase1_Baseline,249
1790265812.093225829,Phase1_Baseline,253
1790265812.160822169,Phase1_Baseline,257
1790265812.232126204,Phase1_Baseline,261
1790265812.314164211,Phase1_Baseline,265
1790265812.379504695,Phase1_Baseline,270
1790265812.471039386,Phase1_Baseline,275
1790265812.554839686,Phase1_Baseline,281
1790265812.636431133,Phase1_Baseline,286
1790265812.726246287,Phase1_Baseline,292
1790265812.813223587,Phase1_Baseline,298
1790265812.895747443,Phase1_Baseline,304
1790265812.993306040,Phase1_Baseline,310
1790265813.079213980,Phase1_Baseline,317
1790265813.166517807,Phase1_Baseline,323
1790265813.249825674,Phase1_Baseline,329
1790265813.327876580,Phase1_Baseline,335
1790265813.408695701,Phase1_Baseline,341
1790265813.494609875,Phase1_Baseline,348
1790265813.576729314,Phase1_Baseline,355
1790265813.656449041,Phase1_Baseline,361
1790265813.738874196,Phase1_Baseline,321
1790265813.826521036,Phase1_Baseline,256
1790265813.906978343,Phase1_Baseline,256
1790265813.986525796,Phase1_Baseline,179
1790265814.058967822,Phase1_Baseline,179
1790265814.130899871,Phase1_Baseline,145
1790265814.207892855,Phase1_Baseline,125
1790265814.292450649,Phase1_Baseline,127
1790265814.376110327,Phase1_Baseline,129
1790265814.456487586,Phase1_Baseline,130
1790265814.528324779,Phase1_Baseline,131
1790265814.619454224,Phase1_Baseline,133
1790265814.702397611,Phase1_Baseline,134
1790265814.781379558,Phase1_Baseline,135
1790265814.847370086,Phase1_Baseline,136
1790265814.926346708,Phase1_Baseline,137
1790265815.003083236,Phase1_Baseline,138
1790265815.082754049,Phase1_Baseline,139
1790265815.169015364,Phase1_Baseline,141
1790265815.244489991,Phase1_Baseline,142
1790265815.304596897,Phase1_Baseline,142
1790265815.362422673,Phase1_Baseline,143
1790265815.437592955,Phase1_Baseline,144
1790265815.518356105,Phase1_Baseline,145
1790265815.596550553,Phase1_Baseline,145
1790265815.673919571,Phase1_Baseline,146
1790265815.742264495,Phase1_Baseline,146
1790265815.819188050,Phase1_Baseline,147
1790265815.894249271,Phase1_Baseline,148
1790265815.974574770,Phase1_Baseline,148
1790265816.059256349,Phase1_Baseline,149
1790265816.141497999,Phase1_Baseline,149
1790265816.224622828,Phase1_Baseline,149
1790265816.301219857,Phase1_Baseline,150
1790265816.362558755,Phase1_Baseline,150
1790265816.447749029,Phase1_Baseline,150
1790265816.523918125,Phase1_Baseline,151
1790265816.592590320,Phase1_Baseline,151
1790265816.666333008,Phase1_Baseline,151
1790265816.740935851,Phase1_Baseline,151
1790265816.827259877,Phase1_Baseline,151
1790265816.914329823,Phase1_Baseline,152
1790265817.000684367,Phase1_Baseline,152
1790265817.072128090,Phase1_Baseline,152
1790265817.152964571,Phase1_Baseline,152
1790265817.234714421,Phase1_Baseline,152
1790265817.318162818,Phase1_Baseline,152
1790265817.403179126,Phase1_Baseline,152
1790265817.482954859,Phase1_Baseline,152
1790265817.565123371,Phase1_Baseline,152
1790265817.640823488,Phase1_Baseline,152
1790265817.721218089,Phase1_Baseline,152
1790265817.798179762,Phase1_Baseline,152
1790265817.877096863,Phase1_Baseline,152
1790265817.956770059,Phase1_Baseline,152
1790265818.038561236,Phase1_Baseline,152
1790265818.095824820,Phase1_Baseline,152
1790265818.171749690,Phase1_Baseline,152
1790265818.238409035,Phase1_Baseline,152
1790265818.289921271,Phase1_Baseline,153
1790265818.352144820,Phase1_Baseline,153
1790265818.429974951,Phase1_Baseline,154
1790265818.478765199,Phase1_Baseline,154
1790265818.527747564,Phase1_Baseline,155
1790265818.582997314,Phase1_Baseline,155
1790265818.657389141,Phase1_Baseline,156
1790265818.716733677,Phase1_Baseline,156
1790265818.793072995,Phase1_Baseline,157
1790265818.873724499,Phase1_Baseline,157
1790265818.944344162,Phase1_Baseline,158
1790265819.029979100,Phase1_Baseline,158
1790265819.102143660,Phase1_Baseline,159
1790265819.175228822,Phase1_Baseline,159
1790265819.246115724,Phase1_Baseline,160
1790265819.324892538,Phase1_Baseline,160
1790265819.399265025,Phase1_Baseline,161
1790265819.473463226,Phase1_Baseline,161
1790265819.553447421,Phase1_Baseline,162
1790265819.633692224,Phase1_Baseline,162
1790265819.714696504,Phase1_Baseline,163
1790265819.788529676,Phase1_Baseline,163
1790265819.871314602,Phase1_Baseline,164
1790265819.955305510,Phase1_Baseline,165
1790265820.020586206,Phase1_Baseline,165
1790265820.102095781,Phase1_Baseline,166
1790265820.176464585,Phase1_Baseline,166
1790265820.252584944,Phase1_Baseline,167
1790265820.333949803,Phase1_Baseline,167
1790265820.417428998,Phase1_Baseline,168
1790265820.500753291,Phase1_Baseline,168
1790265820.575449915,Phase1_Baseline,169
1790265820.658628729,Phase1_Baseline,169
1790265820.740447193,Phase1_Baseline,170
1790265820.826502725,Phase1_Baseline,171
1790265820.897498134,Phase1_Baseline,171
1790265820.979611170,Phase1_Baseline,172
1790265821.071163230,Phase1_Baseline,173
1790265821.155859419,Phase1_Baseline,173
1790265821.236180172,Phase1_Baseline,173
1790265821.306752090,Phase1_Baseline,174
1790265821.389209397,Phase1_Baseline,175
1790265821.471195047,Phase1_Baseline,175
1790265821.554631119,Phase1_Baseline,176
1790265821.625394185,Phase1_Baseline,176
1790265821.687187785,Phase1_Baseline,177
1790265821.766289882,Phase1_Baseline,177
1790265821.851275793,Phase1_Baseline,178
1790265821.932015866,Phase1_Baseline,178
1790265822.013287899,Phase1_Baseline,179
1790265822.087210142,Phase1_Baseline,179
1790265822.169101047,Phase1_Baseline,180
1790265822.247782025,Phase1_Baseline,181
1790265822.322466068,Phase1_Baseline,181
1790265822.396558193,Phase1_Baseline,182
1790265822.479997854,Phase1_Baseline,182
1790265822.561389858,Phase1_Baseline,184
1790265822.642464220,Phase1_Baseline,185
1790265822.718737508,Phase1_Baseline,187
1790265822.796957932,Phase1_Baseline,189
1790265822.880508320,Phase1_Baseline,191
1790265822.967164483,Phase1_Baseline,193
1790265823.057494619,Phase1_Baseline,195
1790265823.126278406,Phase1_Baseline,197
1790265823.193784280,Phase1_Baseline,199
1790265823.276576719,Phase1_Baseline,202
1790265823.368243060,Phase1_Baseline,204
1790265823.448403552,Phase1_Baseline,207
1790265823.533433334,Phase1_Baseline,209
1790265823.617745934,Phase1_Baseline,212
1790265823.701072682,Phase1_Baseline,216
1790265823.786886808,Phase1_Baseline,218
1790265823.856934836,Phase1_Baseline,221
1790265823.942568727,Phase1_Baseline,224
1790265824.028077000,Phase1_Baseline,228
1790265824.105024264,Phase1_Baseline,231
1790265824.196301799,Phase1_Baseline,234
1790265824.277753275,Phase1_Baseline,238
1790265824.369161937,Phase1_Baseline,242
1790265824.465831875,Phase1_Baseline,246
1790265824.546425135,Phase1_Baseline,250
1790265824.634391039,Phase1_Baseline,254
1790265824.711990990,Phase1_Baseline,258
1790265824.780831648,Phase1_Baseline,262
1790265824.861145965,Phase1_Baseline,266
1790265824.934891418,Phase1_Baseline,269
1790265825.008106457,Phase1_Baseline,273
1790265825.075850426,Phase1_Baseline,277
1790265825.161455709,Phase1_Baseline,282
1790265825.237013605,Phase1_Baseline,286
1790265825.318615825,Phase1_Baseline,291
1790265825.409566867,Phase1_Baseline,297
1790265825.490471051,Phase1_Baseline,302
1790265825.574952473,Phase1_Baseline,307
1790265825.656426984,Phase1_Baseline,312
1790265825.739492300,Phase1_Baseline,318
1790265825.820378934,Phase1_Baseline,323
1790265825.898313688,Phase1_Baseline,328
1790265825.967991383,Phase1_Baseline,334
1790265826.052314689,Phase1_Baseline,339
1790265826.132251208,Phase1_Baseline,345
1790265826.216741281,Phase1_Baseline,351
1790265826.290542388,Phase1_Baseline,357
1790265826.371537631,Phase1_Baseline,363
1790265826.454150218,Phase1_Baseline,254
1790265826.532907311,Phase1_Baseline,254
1790265826.614107768,Phase1_Baseline,192
1790265826.692865731,Phase1_Baseline,178
1790265826.777963646,Phase1_Baseline,178
1790265826.860506737,Phase1_Baseline,180
1790265826.930625566,Phase1_Baseline,182
1790265827.013311568,Phase1_Baseline,184
1790265827.096070121,Phase1_Baseline,186
1790265827.176523862,Phase1_Baseline,187
1790265827.258054795,Phase1_Baseline,189
1790265827.319298003,Phase1_Baseline,190
1790265827.398435307,Phase1_Baseline,192
1790265827.480897915,Phase1_Baseline,194
1790265827.567100614,Phase1_Baseline,195
1790265827.659576516,Phase1_Baseline,196
1790265827.731513770,Phase1_Baseline,197
1790265827.792409483,Phase1_Baseline,198
1790265827.866001051,Phase1_Baseline,199
1790265827.943123801,Phase1_Baseline,200
1790265828.020084955,Phase1_Baseline,201
1790265828.079528028,Phase1_Baseline,202
1790265828.141495673,Phase1_Baseline,203
1790265828.223173422,Phase1_Baseline,204
1790265828.286242519,Phase1_Baseline,205
1790265828.358598009,Phase1_Baseline,206
1790265828.432266611,Phase1_Baseline,207
1790265828.487029740,Phase1_Baseline,208
1790265828.547020941,Phase1_Baseline,208
1790265828.608063175,Phase1_Baseline,209
1790265828.679013808,Phase1_Baseline,209
1790265828.730430798,Phase1_Baseline,210
1790265828.789931368,Phase1_Baseline,210
1790265828.878320278,Phase1_Baseline,211
1790265828.951870534,Phase1_Baseline,211
1790265829.036992818,Phase1_Baseline,212
1790265829.121453678,Phase1_Baseline,212
1790265829.185424293,Phase1_Baseline,213
1790265829.250972279,Phase1_Baseline,213
1790265829.315079838,Phase1_Baseline,213
1790265829.398624598,Phase1_Baseline,214
1790265829.482399432,Phase1_Baseline,214
1790265829.560062749,Phase1_Baseline,214
1790265829.638293569,Phase1_Baseline,215
1790265829.722499238,Phase1_Baseline,215
1790265831.140180072,Phase2_Migrated,10
1790265831.233484309,Phase2_Migrated,18
1790265831.320261314,Phase2_Migrated,32
1790265831.391499822,Phase2_Migrated,70
1790265831.487024320,Phase2_Migrated,138
1790265831.570609658,Phase2_Migrated,312
1790265831.664854648,Phase2_Migrated,558
1790265831.750301538,Phase2_Migrated,558
1790265831.845530946,Phase2_Migrated,483
1790265831.938790161,Phase2_Migrated,390
1790265832.029985441,Phase2_Migrated,390
1790265832.093340944,Phase2_Migrated,314
1790265832.164026197,Phase2_Migrated,273
1790265832.251774012,Phase2_Migrated,236
1790265832.339445939,Phase2_Migrated,191
1790265832.429118287,Phase2_Migrated,193
1790265832.509944661,Phase2_Migrated,196
1790265832.602776033,Phase2_Migrated,198
1790265832.699544260,Phase2_Migrated,200
1790265832.793524903,Phase2_Migrated,203
1790265832.889705576,Phase2_Migrated,204
1790265832.980351016,Phase2_Migrated,206
1790265833.076729995,Phase2_Migrated,208
1790265833.167723059,Phase2_Migrated,210
1790265833.243386843,Phase2_Migrated,211
1790265833.337923016,Phase2_Migrated,212
1790265833.419374416,Phase2_Migrated,214
1790265833.491859719,Phase2_Migrated,215
1790265833.572535527,Phase2_Migrated,216
1790265833.646963550,Phase2_Migrated,217
1790265833.736127294,Phase2_Migrated,218
1790265833.819603091,Phase2_Migrated,219
1790265833.898371001,Phase2_Migrated,220
1790265833.975594575,Phase2_Migrated,221
1790265834.063607836,Phase2_Migrated,223
1790265834.149281045,Phase2_Migrated,224
1790265834.222836692,Phase2_Migrated,224
1790265834.302353998,Phase2_Migrated,225
1790265834.395490773,Phase2_Migrated,226
1790265834.485771431,Phase2_Migrated,227
1790265834.572100889,Phase2_Migrated,227
1790265834.656756812,Phase2_Migrated,228
1790265834.751709270,Phase2_Migrated,228
1790265834.842743225,Phase2_Migrated,229
1790265834.902273221,Phase2_Migrated,229
1790265834.992405888,Phase2_Migrated,229
1790265835.055474317,Phase2_Migrated,230
1790265835.126920736,Phase2_Migrated,230
1790265835.213565862,Phase2_Migrated,230
1790265835.304361982,Phase2_Migrated,231
1790265835.400361106,Phase2_Migrated,231
1790265835.494836555,Phase2_Migrated,231
1790265835.586348813,Phase2_Migrated,231
1790265835.684591059,Phase2_Migrated,232
1790265835.776017621,Phase2_Migrated,232
1790265835.870381587,Phase2_Migrated,232
1790265835.968280326,Phase2_Migrated,232
1790265836.060179441,Phase2_Migrated,232
1790265836.130440252,Phase2_Migrated,232
1790265836.214720694,Phase2_Migrated,232
1790265836.298309941,Phase2_Migrated,232
1790265836.388168476,Phase2_Migrated,232
1790265836.476004406,Phase2_Migrated,232
1790265836.568302861,Phase2_Migrated,232
1790265836.666491401,Phase2_Migrated,232
1790265836.757732635,Phase2_Migrated,232
1790265836.850799826,Phase2_Migrated,232
1790265836.922381123,Phase2_Migrated,232
1790265837.006573994,Phase2_Migrated,232
1790265837.097460085,Phase2_Migrated,232
1790265837.189615074,Phase2_Migrated,232
1790265837.275390537,Phase2_Migrated,232
1790265837.370275879,Phase2_Migrated,232
1790265837.461909472,Phase2_Migrated,232
1790265837.552076416,Phase2_Migrated,232
1790265837.654568801,Phase2_Migrated,232
1790265837.749203107,Phase2_Migrated,232
1790265837.849743232,Phase2_Migrated,232
1790265837.944158209,Phase2_Migrated,232
1790265838.036583284,Phase2_Migrated,232
1790265838.102409478,Phase2_Migrated,232
1790265838.198529212,Phase2_Migrated,232
1790265838.280851584,Phase2_Migrated,232
1790265838.368039251,Phase2_Migrated,233
1790265838.432252410,Phase2_Migrated,233
1790265838.487008167,Phase2_Migrated,233
1790265838.557607070,Phase2_Migrated,234
1790265838.644378883,Phase2_Migrated,234
1790265838.736106832,Phase2_Migrated,235
1790265838.824386241,Phase2_Migrated,235
1790265838.922208606,Phase2_Migrated,236
1790265839.008122329,Phase2_Migrated,237
1790265839.091768337,Phase2_Migrated,237
1790265839.161348634,Phase2_Migrated,238
1790265839.222997040,Phase2_Migrated,238
1790265839.307677111,Phase2_Migrated,239
1790265839.401230430,Phase2_Migrated,239
1790265839.495489276,Phase2_Migrated,240
1790265839.585528903,Phase2_Migrated,241
1790265839.679494859,Phase2_Migrated,241
1790265839.766955106,Phase2_Migrated,242
1790265839.868034866,Phase2_Migrated,243
1790265839.974873432,Phase2_Migrated,243
1790265840.067796098,Phase2_Migrated,244
1790265840.156869330,Phase2_Migrated,245
1790265840.251298391,Phase2_Migrated,246
1790265840.348007272,Phase2_Migrated,247
1790265840.441011075,Phase2_Migrated,248
1790265840.532168882,Phase2_Migrated,249
1790265840.614314323,Phase2_Migrated,250
1790265840.709725230,Phase2_Migrated,252
1790265840.803890234,Phase2_Migrated,254
1790265840.903332799,Phase2_Migrated,255
1790265840.998635459,Phase2_Migrated,257
1790265841.090713678,Phase2_Migrated,259
1790265841.182952647,Phase2_Migrated,261
1790265841.275316992,Phase2_Migrated,263
1790265841.369452856,Phase2_Migrated,265
1790265841.467003661,Phase2_Migrated,267
1790265841.562185545,Phase2_Migrated,270
1790265841.656488865,Phase2_Migrated,272
1790265841.754321003,Phase2_Migrated,275
1790265841.848571923,Phase2_Migrated,277
1790265841.948409326,Phase2_Migrated,280
1790265842.040217900,Phase2_Migrated,282
1790265842.126039268,Phase2_Migrated,285
1790265842.223317135,Phase2_Migrated,288
1790265842.315009461,Phase2_Migrated,291
1790265842.391741930,Phase2_Migrated,294
1790265842.475516371,Phase2_Migrated,296
1790265842.561386993,Phase2_Migrated,300
1790265842.653453932,Phase2_Migrated,303
1790265842.742605969,Phase2_Migrated,307
1790265842.834551925,Phase2_Migrated,310
1790265842.925752359,Phase2_Migrated,314
1790265843.020164926,Phase2_Migrated,318
1790265843.112997691,Phase2_Migrated,322
1790265843.213354599,Phase2_Migrated,326
1790265843.305284634,Phase2_Migrated,331
1790265843.406957567,Phase2_Migrated,336
1790265843.505620997,Phase2_Migrated,340
1790265843.592060421,Phase2_Migrated,345
1790265843.685758410,Phase2_Migrated,349
1790265843.779498304,Phase2_Migrated,355
1790265843.876107944,Phase2_Migrated,342
1790265843.975676537,Phase2_Migrated,251
1790265844.077088767,Phase2_Migrated,242
1790265844.175395684,Phase2_Migrated,175
1790265844.270579069,Phase2_Migrated,178
1790265844.357132968,Phase2_Migrated,180
1790265844.444631259,Phase2_Migrated,182
1790265844.535443139,Phase2_Migrated,184
1790265844.624696736,Phase2_Migrated,186
1790265844.711901409,Phase2_Migrated,188
1790265844.809380621,Phase2_Migrated,189
1790265844.897303241,Phase2_Migrated,191
1790265844.986251437,Phase2_Migrated,192
1790265845.084175179,Phase2_Migrated,194
1790265845.180289778,Phase2_Migrated,196
1790265845.272238214,Phase2_Migrated,197
1790265845.370082391,Phase2_Migrated,198
1790265845.446894641,Phase2_Migrated,199
1790265845.527142726,Phase2_Migrated,200
1790265845.610103544,Phase2_Migrated,201
1790265845.699101910,Phase2_Migrated,203
1790265845.790720778,Phase2_Migrated,204
1790265845.883341876,Phase2_Migrated,205
1790265845.982459795,Phase2_Migrated,206
1790265846.075347576,Phase2_Migrated,206
1790265846.173625436,Phase2_Migrated,207
1790265846.270463268,Phase2_Migrated,208
1790265846.341927972,Phase2_Migrated,209
1790265846.438742725,Phase2_Migrated,209
1790265846.534109934,Phase2_Migrated,210
1790265846.629681138,Phase2_Migrated,210
1790265846.722469388,Phase2_Migrated,210
1790265846.813896449,Phase2_Migrated,211
1790265846.906775508,Phase2_Migrated,211
1790265846.998365196,Phase2_Migrated,212
1790265847.094175117,Phase2_Migrated,212
1790265847.188234494,Phase2_Migrated,212
1790265847.280144015,Phase2_Migrated,212
1790265847.370564509,Phase2_Migrated,213
1790265847.459117165,Phase2_Migrated,213
1790265847.555361654,Phase2_Migrated,213
1790265847.644179168,Phase2_Migrated,213
1790265847.741388098,Phase2_Migrated,213
1790265847.825110624,Phase2_Migrated,213
1790265847.904898351,Phase2_Migrated,213
1790265848.001140400,Phase2_Migrated,213
1790265848.078169903,Phase2_Migrated,213
1790265848.167155621,Phase2_Migrated,213
1790265848.227457948,Phase2_Migrated,213
1790265848.301130175,Phase2_Migrated,213
1790265848.369061829,Phase2_Migrated,213
1790265848.459752121,Phase2_Migrated,213
1790265848.528258981,Phase2_Migrated,213
1790265848.596482868,Phase2_Migrated,213
1790265848.660490252,Phase2_Migrated,213
1790265848.730807065,Phase2_Migrated,213
1790265848.815091481,Phase2_Migrated,213
1790265848.907556242,Phase2_Migrated,213
1790265849.002205311,Phase2_Migrated,213
1790265849.076608211,Phase2_Migrated,213
1790265849.144866809,Phase2_Migrated,213
1790265849.211611981,Phase2_Migrated,213
1790265849.301325611,Phase2_Migrated,213
1790265849.388313237,Phase2_Migrated,213
1790265849.477119033,Phase2_Migrated,213
1790265849.566323052,Phase2_Migrated,213
1790265849.656242511,Phase2_Migrated,213
1790265849.753516238,Phase2_Migrated,213
1790265849.849060533,Phase2_Migrated,214
1790265849.942276608,Phase2_Migrated,214
1790265850.041489484,Phase2_Migrated,215
1790265850.138372939,Phase2_Migrated,216
1790265850.231165928,Phase2_Migrated,217
1790265850.327414408,Phase2_Migrated,217
1790265850.420452935,Phase2_Migrated,218
1790265850.512244989,Phase2_Migrated,218
1790265850.597468739,Phase2_Migrated,219
1790265850.691923007,Phase2_Migrated,220
1790265850.772428098,Phase2_Migrated,220
1790265850.864607541,Phase2_Migrated,221
1790265850.957319509,Phase2_Migrated,222
1790265851.049610149,Phase2_Migrated,222
1790265851.146049411,Phase2_Migrated,223
1790265851.242741495,Phase2_Migrated,223
1790265851.338177902,Phase2_Migrated,224
1790265851.429047441,Phase2_Migrated,225
1790265851.528382546,Phase2_Migrated,225
1790265851.626049820,Phase2_Migrated,226
1790265851.719763372,Phase2_Migrated,227
1790265851.817539000,Phase2_Migrated,228
1790265851.915363035,Phase2_Migrated,228
1790265852.006050877,Phase2_Migrated,229
1790265852.094267859,Phase2_Migrated,229
1790265852.186432317,Phase2_Migrated,230
1790265852.271379990,Phase2_Migrated,231
1790265852.361678334,Phase2_Migrated,232
1790265852.451282564,Phase2_Migrated,233
1790265852.542943276,Phase2_Migrated,235
1790265852.631186650,Phase2_Migrated,236
1790265852.718215414,Phase2_Migrated,238
1790265852.806191633,Phase2_Migrated,240
1790265852.900182355,Phase2_Migrated,242
1790265852.996284262,Phase2_Migrated,244
1790265853.090636902,Phase2_Migrated,246
1790265853.181195297,Phase2_Migrated,248
1790265853.274902101,Phase2_Migrated,250
1790265853.364909616,Phase2_Migrated,252
1790265853.458634340,Phase2_Migrated,255
1790265853.550680166,Phase2_Migrated,258
1790265853.647460050,Phase2_Migrated,260
1790265853.740731052,Phase2_Migrated,263
1790265853.826550231,Phase2_Migrated,265
1790265853.908425488,Phase2_Migrated,268
1790265854.000361384,Phase2_Migrated,271
1790265854.090940499,Phase2_Migrated,274
1790265854.183307498,Phase2_Migrated,277
1790265854.272084781,Phase2_Migrated,280
1790265854.359717246,Phase2_Migrated,284
1790265854.457341780,Phase2_Migrated,287
1790265855.633639361,Uninterrupted_Baseline,1
1790265855.715297603,Uninterrupted_Baseline,1
1790265855.795761927,Uninterrupted_Baseline,1
1790265855.863850052,Uninterrupted_Baseline,1
1790265855.944410204,Uninterrupted_Baseline,1
1790265856.016766447,Uninterrupted_Baseline,1
1790265856.099061313,Uninterrupted_Baseline,1
1790265856.164897176,Uninterrupted_Baseline,1
1790265856.248712326,Uninterrupted_Baseline,1
1790265856.334193134,Uninterrupted_Baseline,1
1790265856.419553955,Uninterrupted_Baseline,1
1790265856.488998033,Uninterrupted_Baseline,1
1790265856.567775929,Uninterrupted_Baseline,1
1790265856.646603246,Uninterrupted_Baseline,1
1790265856.716280730,Uninterrupted_Baseline,1
1790265856.792432928,Uninterrupted_Baseline,1
1790265856.870318413,Uninterrupted_Baseline,1
1790265856.944334970,Uninterrupted_Baseline,1
1790265856.944334970,Uninterrupted_Baseline,10
1790265857.028704885,Uninterrupted_Baseline,1
1790265857.028704885,Uninterrupted_Baseline,16
1790265857.107445908,Uninterrupted_Baseline,1
1790265857.107445908,Uninterrupted_Baseline,32
1790265857.190318358,Uninterrupted_Baseline,1
1790265857.190318358,Uninterrupted_Baseline,64
1790265857.259580407,Uninterrupted_Baseline,1
1790265857.259580407,Uninterrupted_Baseline,128
1790265857.338042852,Uninterrupted_Baseline,1
1790265857.338042852,Uninterrupted_Baseline,269
1790265857.425340466,Uninterrupted_Baseline,1
1790265857.425340466,Uninterrupted_Baseline,466
1790265857.484690127,Uninterrupted_Baseline,1
1790265857.484690127,Uninterrupted_Baseline,704
1790265857.556737930,Uninterrupted_Baseline,1
1790265857.556737930,Uninterrupted_Baseline,936
1790265857.641549175,Uninterrupted_Baseline,1
1790265857.641549175,Uninterrupted_Baseline,848
1790265857.730252086,Uninterrupted_Baseline,1
1790265857.730252086,Uninterrupted_Baseline,655
1790265857.811493243,Uninterrupted_Baseline,1
1790265857.811493243,Uninterrupted_Baseline,655
1790265857.895933509,Uninterrupted_Baseline,1
1790265857.895933509,Uninterrupted_Baseline,655
1790265857.979102515,Uninterrupted_Baseline,1
1790265857.979102515,Uninterrupted_Baseline,656
1790265858.058579129,Uninterrupted_Baseline,1
1790265858.058579129,Uninterrupted_Baseline,662
1790265858.141594969,Uninterrupted_Baseline,1
1790265858.141594969,Uninterrupted_Baseline,624
1790265858.224872843,Uninterrupted_Baseline,1
1790265858.224872843,Uninterrupted_Baseline,525
1790265858.289918779,Uninterrupted_Baseline,1
1790265858.289918779,Uninterrupted_Baseline,467
1790265858.344468285,Uninterrupted_Baseline,1
1790265858.344468285,Uninterrupted_Baseline,467
1790265858.420108152,Uninterrupted_Baseline,1
1790265858.420108152,Uninterrupted_Baseline,460
1790265858.477670546,Uninterrupted_Baseline,1
1790265858.477670546,Uninterrupted_Baseline,326
1790265858.531921734,Uninterrupted_Baseline,1
1790265858.531921734,Uninterrupted_Baseline,326
1790265858.592562733,Uninterrupted_Baseline,1
1790265858.592562733,Uninterrupted_Baseline,298
1790265858.662380424,Uninterrupted_Baseline,1
1790265858.662380424,Uninterrupted_Baseline,228
1790265858.744541787,Uninterrupted_Baseline,1
1790265858.744541787,Uninterrupted_Baseline,228
1790265858.828516431,Uninterrupted_Baseline,1
1790265858.828516431,Uninterrupted_Baseline,188
1790265858.897483240,Uninterrupted_Baseline,1
1790265858.897483240,Uninterrupted_Baseline,160
1790265858.975059276,Uninterrupted_Baseline,1
1790265858.975059276,Uninterrupted_Baseline,160
1790265859.055469197,Uninterrupted_Baseline,1
1790265859.055469197,Uninterrupted_Baseline,161
1790265859.137741617,Uninterrupted_Baseline,1
1790265859.137741617,Uninterrupted_Baseline,163
1790265859.204022592,Uninterrupted_Baseline,1
1790265859.204022592,Uninterrupted_Baseline,165
1790265859.264558604,Uninterrupted_Baseline,1
1790265859.264558604,Uninterrupted_Baseline,166
1790265859.329212777,Uninterrupted_Baseline,1
1790265859.329212777,Uninterrupted_Baseline,167
1790265859.400324630,Uninterrupted_Baseline,1
1790265859.400324630,Uninterrupted_Baseline,168
1790265859.483295956,Uninterrupted_Baseline,1
1790265859.483295956,Uninterrupted_Baseline,170
1790265859.570697364,Uninterrupted_Baseline,1
1790265859.570697364,Uninterrupted_Baseline,172
1790265859.652550135,Uninterrupted_Baseline,1
1790265859.652550135,Uninterrupted_Baseline,173
1790265859.735462556,Uninterrupted_Baseline,1
1790265859.735462556,Uninterrupted_Baseline,174
1790265859.807632428,Uninterrupted_Baseline,1
1790265859.807632428,Uninterrupted_Baseline,176
1790265859.890385914,Uninterrupted_Baseline,1
1790265859.890385914,Uninterrupted_Baseline,177
1790265859.974995683,Uninterrupted_Baseline,1
1790265859.974995683,Uninterrupted_Baseline,178
1790265860.060479150,Uninterrupted_Baseline,1
1790265860.060479150,Uninterrupted_Baseline,179
1790265860.132180818,Uninterrupted_Baseline,1
1790265860.132180818,Uninterrupted_Baseline,180
1790265860.205404980,Uninterrupted_Baseline,1
1790265860.205404980,Uninterrupted_Baseline,181
1790265860.279577485,Uninterrupted_Baseline,1
1790265860.279577485,Uninterrupted_Baseline,182
1790265860.354169693,Uninterrupted_Baseline,1
1790265860.354169693,Uninterrupted_Baseline,183
1790265860.436621850,Uninterrupted_Baseline,1
1790265860.436621850,Uninterrupted_Baseline,184
1790265860.519918399,Uninterrupted_Baseline,1
1790265860.519918399,Uninterrupted_Baseline,185
1790265860.587481189,Uninterrupted_Baseline,1
1790265860.587481189,Uninterrupted_Baseline,186
1790265860.674862607,Uninterrupted_Baseline,1
1790265860.674862607,Uninterrupted_Baseline,187
1790265860.762736788,Uninterrupted_Baseline,1
1790265860.762736788,Uninterrupted_Baseline,188
1790265860.848438637,Uninterrupted_Baseline,1
1790265860.848438637,Uninterrupted_Baseline,188
1790265860.914328651,Uninterrupted_Baseline,1
1790265860.914328651,Uninterrupted_Baseline,189
1790265860.996409489,Uninterrupted_Baseline,1
1790265860.996409489,Uninterrupted_Baseline,189
1790265861.095379855,Uninterrupted_Baseline,1
1790265861.095379855,Uninterrupted_Baseline,190
1790265861.182319792,Uninterrupted_Baseline,1
1790265861.182319792,Uninterrupted_Baseline,190
1790265861.254640081,Uninterrupted_Baseline,1
1790265861.254640081,Uninterrupted_Baseline,191
1790265861.313200682,Uninterrupted_Baseline,1
1790265861.313200682,Uninterrupted_Baseline,191
1790265861.398532663,Uninterrupted_Baseline,1
1790265861.398532663,Uninterrupted_Baseline,191
1790265861.484475685,Uninterrupted_Baseline,1
1790265861.484475685,Uninterrupted_Baseline,192
1790265861.565818737,Uninterrupted_Baseline,1
1790265861.565818737,Uninterrupted_Baseline,192
1790265861.645370549,Uninterrupted_Baseline,1
1790265861.645370549,Uninterrupted_Baseline,192
1790265861.722727813,Uninterrupted_Baseline,1
1790265861.722727813,Uninterrupted_Baseline,193
1790265861.805022813,Uninterrupted_Baseline,1
1790265861.805022813,Uninterrupted_Baseline,193
1790265861.886527606,Uninterrupted_Baseline,1
1790265861.886527606,Uninterrupted_Baseline,193
1790265861.966227889,Uninterrupted_Baseline,1
1790265861.966227889,Uninterrupted_Baseline,193
1790265862.042460387,Uninterrupted_Baseline,1
1790265862.042460387,Uninterrupted_Baseline,194
1790265862.124245502,Uninterrupted_Baseline,1
1790265862.124245502,Uninterrupted_Baseline,194
1790265862.208377951,Uninterrupted_Baseline,1
1790265862.208377951,Uninterrupted_Baseline,194
1790265862.296781939,Uninterrupted_Baseline,1
1790265862.296781939,Uninterrupted_Baseline,194
1790265862.383907413,Uninterrupted_Baseline,1
1790265862.383907413,Uninterrupted_Baseline,194
1790265862.465474016,Uninterrupted_Baseline,1
1790265862.465474016,Uninterrupted_Baseline,194
1790265862.547594239,Uninterrupted_Baseline,1
1790265862.547594239,Uninterrupted_Baseline,194
1790265862.625021863,Uninterrupted_Baseline,1
1790265862.625021863,Uninterrupted_Baseline,194
1790265862.705305823,Uninterrupted_Baseline,1
1790265862.705305823,Uninterrupted_Baseline,194
1790265862.796359408,Uninterrupted_Baseline,1
1790265862.796359408,Uninterrupted_Baseline,194
1790265862.875234829,Uninterrupted_Baseline,1
1790265862.875234829,Uninterrupted_Baseline,194
1790265862.951765433,Uninterrupted_Baseline,1
1790265862.951765433,Uninterrupted_Baseline,194
1790265863.036639726,Uninterrupted_Baseline,1
1790265863.036639726,Uninterrupted_Baseline,194
1790265863.129771066,Uninterrupted_Baseline,1
1790265863.129771066,Uninterrupted_Baseline,194
1790265863.199130898,Uninterrupted_Baseline,1
1790265863.199130898,Uninterrupted_Baseline,194
1790265863.275489604,Uninterrupted_Baseline,1
1790265863.275489604,Uninterrupted_Baseline,194
1790265863.359011517,Uninterrupted_Baseline,1
1790265863.359011517,Uninterrupted_Baseline,194
1790265863.439691877,Uninterrupted_Baseline,1
1790265863.439691877,Uninterrupted_Baseline,194
1790265863.514122079,Uninterrupted_Baseline,1
1790265863.514122079,Uninterrupted_Baseline,194
1790265863.596084260,Uninterrupted_Baseline,1
1790265863.596084260,Uninterrupted_Baseline,194
1790265863.674971305,Uninterrupted_Baseline,1
1790265863.674971305,Uninterrupted_Baseline,194
1790265863.757608379,Uninterrupted_Baseline,1
1790265863.757608379,Uninterrupted_Baseline,194
1790265863.842141541,Uninterrupted_Baseline,1
1790265863.842141541,Uninterrupted_Baseline,194
1790265863.925735830,Uninterrupted_Baseline,1
1790265863.925735830,Uninterrupted_Baseline,194
1790265864.011606521,Uninterrupted_Baseline,1
1790265864.011606521,Uninterrupted_Baseline,194
1790265864.097144650,Uninterrupted_Baseline,1
1790265864.097144650,Uninterrupted_Baseline,195
1790265864.178587181,Uninterrupted_Baseline,1
1790265864.178587181,Uninterrupted_Baseline,196
1790265864.260793599,Uninterrupted_Baseline,1
1790265864.260793599,Uninterrupted_Baseline,196
1790265864.340118475,Uninterrupted_Baseline,1
1790265864.340118475,Uninterrupted_Baseline,196
1790265864.422433150,Uninterrupted_Baseline,1
1790265864.422433150,Uninterrupted_Baseline,197
1790265864.505189878,Uninterrupted_Baseline,1
1790265864.505189878,Uninterrupted_Baseline,198
1790265864.587347948,Uninterrupted_Baseline,1
1790265864.587347948,Uninterrupted_Baseline,198
1790265864.670422196,Uninterrupted_Baseline,1
1790265864.670422196,Uninterrupted_Baseline,199
1790265864.752483398,Uninterrupted_Baseline,1
1790265864.752483398,Uninterrupted_Baseline,199
1790265864.835257263,Uninterrupted_Baseline,1
1790265864.835257263,Uninterrupted_Baseline,200
1790265864.921793046,Uninterrupted_Baseline,1
1790265864.921793046,Uninterrupted_Baseline,200
1790265865.018756633,Uninterrupted_Baseline,1
1790265865.018756633,Uninterrupted_Baseline,201
1790265865.077628553,Uninterrupted_Baseline,1
1790265865.077628553,Uninterrupted_Baseline,201
1790265865.143373850,Uninterrupted_Baseline,1
1790265865.143373850,Uninterrupted_Baseline,202
1790265865.221068819,Uninterrupted_Baseline,1
1790265865.221068819,Uninterrupted_Baseline,203
1790265865.301144750,Uninterrupted_Baseline,1
1790265865.301144750,Uninterrupted_Baseline,203
1790265865.384252115,Uninterrupted_Baseline,1
1790265865.384252115,Uninterrupted_Baseline,204
1790265865.452713137,Uninterrupted_Baseline,1
1790265865.452713137,Uninterrupted_Baseline,204
1790265865.529062476,Uninterrupted_Baseline,1
1790265865.529062476,Uninterrupted_Baseline,205
1790265865.589577743,Uninterrupted_Baseline,1
1790265865.589577743,Uninterrupted_Baseline,205
1790265865.658854908,Uninterrupted_Baseline,1
1790265865.658854908,Uninterrupted_Baseline,206
1790265865.725710083,Uninterrupted_Baseline,1
1790265865.725710083,Uninterrupted_Baseline,206
1790265865.807778244,Uninterrupted_Baseline,207
1790265865.884131499,Uninterrupted_Baseline,207
1790265865.949714014,Uninterrupted_Baseline,208
1790265866.035959249,Uninterrupted_Baseline,208
1790265866.100207421,Uninterrupted_Baseline,209
1790265866.180625015,Uninterrupted_Baseline,209
1790265866.268285964,Uninterrupted_Baseline,210
1790265866.332407681,Uninterrupted_Baseline,210
1790265866.413339114,Uninterrupted_Baseline,211
1790265866.486435012,Uninterrupted_Baseline,212
1790265866.565091227,Uninterrupted_Baseline,212
1790265866.648176232,Uninterrupted_Baseline,212
1790265866.732759345,Uninterrupted_Baseline,213
1790265866.817876545,Uninterrupted_Baseline,214
1790265866.898778605,Uninterrupted_Baseline,214
1790265866.982351394,Uninterrupted_Baseline,215
1790265867.060792403,Uninterrupted_Baseline,216
1790265867.140792879,Uninterrupted_Baseline,216
1790265867.229447983,Uninterrupted_Baseline,217
1790265867.299683190,Uninterrupted_Baseline,218
1790265867.382013940,Uninterrupted_Baseline,219
1790265867.468363706,Uninterrupted_Baseline,220
1790265867.552763803,Uninterrupted_Baseline,222
1790265867.626868398,Uninterrupted_Baseline,224
1790265867.710696679,Uninterrupted_Baseline,225
1790265867.782489943,Uninterrupted_Baseline,227
1790265867.852850930,Uninterrupted_Baseline,229
1790265867.940933882,Uninterrupted_Baseline,231
1790265868.013076196,Uninterrupted_Baseline,232
1790265868.072734855,Uninterrupted_Baseline,234
1790265868.137799077,Uninterrupted_Baseline,236
1790265868.212703496,Uninterrupted_Baseline,238
1790265868.298361119,Uninterrupted_Baseline,240
1790265868.385336068,Uninterrupted_Baseline,242
1790265868.457554435,Uninterrupted_Baseline,244
1790265868.517100414,Uninterrupted_Baseline,246
1790265868.572960375,Uninterrupted_Baseline,248
1790265868.634058504,Uninterrupted_Baseline,250
1790265868.689169713,Uninterrupted_Baseline,252
1790265868.767945279,Uninterrupted_Baseline,255
1790265868.846524187,Uninterrupted_Baseline,257
1790265868.931771380,Uninterrupted_Baseline,260
1790265869.011059176,Uninterrupted_Baseline,263
1790265869.094012264,Uninterrupted_Baseline,266
1790265869.148196650,Uninterrupted_Baseline,268
1790265869.224376976,Uninterrupted_Baseline,271
1790265869.293261868,Uninterrupted_Baseline,274
1790265869.373169950,Uninterrupted_Baseline,278
1790265869.457687227,Uninterrupted_Baseline,281
1790265869.539704434,Uninterrupted_Baseline,285
1790265869.626234936,Uninterrupted_Baseline,289
1790265869.713178009,Uninterrupted_Baseline,293
1790265869.776372826,Uninterrupted_Baseline,296
1790265869.858014569,Uninterrupted_Baseline,300
1790265869.941869130,Uninterrupted_Baseline,305
1790265870.024544457,Uninterrupted_Baseline,309
1790265870.102272846,Uninterrupted_Baseline,313
1790265870.188358653,Uninterrupted_Baseline,317
1790265870.273993785,Uninterrupted_Baseline,322
1790265870.358971954,Uninterrupted_Baseline,327
1790265870.444289725,Uninterrupted_Baseline,332
1790265870.528015439,Uninterrupted_Baseline,337
1790265870.610359189,Uninterrupted_Baseline,342
1790265870.695468892,Uninterrupted_Baseline,348
1790265870.782913464,Uninterrupted_Baseline,353
1790265870.871467025,Uninterrupted_Baseline,358
1790265870.936111741,Uninterrupted_Baseline,325
1790265871.020031632,Uninterrupted_Baseline,252
1790265871.098924917,Uninterrupted_Baseline,252
1790265871.185064404,Uninterrupted_Baseline,254
1790265871.263169923,Uninterrupted_Baseline,257
1790265871.346760810,Uninterrupted_Baseline,262
1790265871.424737149,Uninterrupted_Baseline,265
1790265871.507071854,Uninterrupted_Baseline,269
1790265871.583805396,Uninterrupted_Baseline,272
1790265871.659991462,Uninterrupted_Baseline,275
1790265871.749312639,Uninterrupted_Baseline,279
1790265871.829432621,Uninterrupted_Baseline,283
1790265871.917289913,Uninterrupted_Baseline,286
1790265872.005513425,Uninterrupted_Baseline,289
1790265872.088948659,Uninterrupted_Baseline,293
1790265872.170885264,Uninterrupted_Baseline,296
1790265872.250112321,Uninterrupted_Baseline,299
1790265872.319907280,Uninterrupted_Baseline,300
1790265872.379475395,Uninterrupted_Baseline,303
1790265872.462589804,Uninterrupted_Baseline,306
1790265872.538682497,Uninterrupted_Baseline,308
1790265872.594256273,Uninterrupted_Baseline,309
1790265872.667018348,Uninterrupted_Baseline,312
1790265872.751594330,Uninterrupted_Baseline,314
1790265872.833284693,Uninterrupted_Baseline,316
1790265872.913278125,Uninterrupted_Baseline,318
1790265872.996356512,Uninterrupted_Baseline,321
1790265873.077724835,Uninterrupted_Baseline,323
1790265873.159445437,Uninterrupted_Baseline,325
1790265873.239924865,Uninterrupted_Baseline,327
1790265873.313365673,Uninterrupted_Baseline,329
1790265873.396288208,Uninterrupted_Baseline,331
1790265873.478696743,Uninterrupted_Baseline,333
1790265873.556396940,Uninterrupted_Baseline,334
1790265873.638768851,Uninterrupted_Baseline,336
1790265873.717912503,Uninterrupted_Baseline,338
1790265873.801466454,Uninterrupted_Baseline,339
1790265873.883256462,Uninterrupted_Baseline,340
1790265873.953716825,Uninterrupted_Baseline,342
1790265874.035241331,Uninterrupted_Baseline,343
1790265874.116151983,Uninterrupted_Baseline,344
1790265874.199101488,Uninterrupted_Baseline,345
1790265874.281282680,Uninterrupted_Baseline,346
1790265874.357360845,Uninterrupted_Baseline,347
1790265874.439822146,Uninterrupted_Baseline,348
1790265874.522528674,Uninterrupted_Baseline,349
1790265874.616244096,Uninterrupted_Baseline,265
1790265874.698591751,Uninterrupted_Baseline,247
1790265874.785236923,Uninterrupted_Baseline,249
1790265874.858521312,Uninterrupted_Baseline,251
1790265874.929306301,Uninterrupted_Baseline,253
1790265875.010180976,Uninterrupted_Baseline,256
1790265875.094508656,Uninterrupted_Baseline,258
1790265875.151803900,Uninterrupted_Baseline,259
1790265875.208025494,Uninterrupted_Baseline,261
1790265875.289343234,Uninterrupted_Baseline,263
1790265875.374147928,Uninterrupted_Baseline,265
1790265875.456324235,Uninterrupted_Baseline,267
1790265875.543212167,Uninterrupted_Baseline,268
1790265875.624867214,Uninterrupted_Baseline,270
1790265875.701344833,Uninterrupted_Baseline,272
1790265875.781151397,Uninterrupted_Baseline,273
1790265875.864555376,Uninterrupted_Baseline,275
1790265875.943491857,Uninterrupted_Baseline,276
1790265876.016897827,Uninterrupted_Baseline,277
1790265876.085962723,Uninterrupted_Baseline,278
1790265876.159363502,Uninterrupted_Baseline,280
1790265876.236329124,Uninterrupted_Baseline,281
1790265876.306141323,Uninterrupted_Baseline,282
1790265876.382585285,Uninterrupted_Baseline,283
1790265876.464237701,Uninterrupted_Baseline,284
1790265876.544765644,Uninterrupted_Baseline,285
1790265876.616389062,Uninterrupted_Baseline,286
1790265876.697678679,Uninterrupted_Baseline,287
1790265876.774335528,Uninterrupted_Baseline,288
1790265876.849736419,Uninterrupted_Baseline,289
1790265876.932218964,Uninterrupted_Baseline,289
1790265877.015009079,Uninterrupted_Baseline,290
1790265877.096798747,Uninterrupted_Baseline,291
1790265877.180858202,Uninterrupted_Baseline,291
1790265877.252044590,Uninterrupted_Baseline,292
1790265877.334915828,Uninterrupted_Baseline,293
1790265877.415316963,Uninterrupted_Baseline,293
1790265877.490475067,Uninterrupted_Baseline,293
1790265877.571684200,Uninterrupted_Baseline,294
1790265877.653750447,Uninterrupted_Baseline,294
1790265877.740568312,Uninterrupted_Baseline,295
1790265877.822008722,Uninterrupted_Baseline,295
1790265877.886105309,Uninterrupted_Baseline,295
1790265877.977486682,Uninterrupted_Baseline,296
1790265878.054766865,Uninterrupted_Baseline,296
1790265878.137357130,Uninterrupted_Baseline,296
1790265878.222255911,Uninterrupted_Baseline,296
1790265878.286055831,Uninterrupted_Baseline,296
1790265878.346812407,Uninterrupted_Baseline,297
1790265878.404439713,Uninterrupted_Baseline,297
1790265878.456861456,Uninterrupted_Baseline,297
1790265878.511113272,Uninterrupted_Baseline,297
1790265878.568436168,Uninterrupted_Baseline,297
1790265878.629372226,Uninterrupted_Baseline,297
1790265878.687588692,Uninterrupted_Baseline,297
1790265878.768512840,Uninterrupted_Baseline,297
1790265878.855238425,Uninterrupted_Baseline,297
1790265878.939004492,Uninterrupted_Baseline,297
1790265879.019497667,Uninterrupted_Baseline,297
1790265879.100857029,Uninterrupted_Baseline,297
1790265879.179789256,Uninterrupted_Baseline,297
1790265879.260527843,Uninterrupted_Baseline,297
1790265879.332716035,Uninterrupted_Baseline,297
1790265879.412865235,Uninterrupted_Baseline,297
1790265879.493802620,Uninterrupted_Baseline,297
1790265879.576751506,Uninterrupted_Baseline,297
1790265879.646727433,Uninterrupted_Baseline,297
1790265879.713538419,Uninterrupted_Baseline,297
1790265879.789035216,Uninterrupted_Baseline,297
1790265879.870833576,Uninterrupted_Baseline,297
1790265879.947458724,Uninterrupted_Baseline,297
1790265880.020419615,Uninterrupted_Baseline,297
1790265880.095788530,Uninterrupted_Baseline,297
1790265880.157443163,Uninterrupted_Baseline,297
1790265880.234965377,Uninterrupted_Baseline,297
1790265880.319211826,Uninterrupted_Baseline,297
1790265880.405129942,Uninterrupted_Baseline,297
1790265880.488035666,Uninterrupted_Baseline,297
1790265880.564229467,Uninterrupted_Baseline,297
1790265880.643490505,Uninterrupted_Baseline,297
1790265880.720711175,Uninterrupted_Baseline,297
1790265880.795411558,Uninterrupted_Baseline,297
1790265880.874333473,Uninterrupted_Baseline,297
1790265880.959816337,Uninterrupted_Baseline,297
1790265881.043823117,Uninterrupted_Baseline,298
1790265881.122469503,Uninterrupted_Baseline,298
1790265881.205255502,Uninterrupted_Baseline,298
1790265881.295005981,Uninterrupted_Baseline,298
1790265881.369534090,Uninterrupted_Baseline,299
1790265881.452830499,Uninterrupted_Baseline,299
1790265881.539362432,Uninterrupted_Baseline,299
1790265881.621722141,Uninterrupted_Baseline,299
1790265881.713785019,Uninterrupted_Baseline,300
1790265881.800038726,Uninterrupted_Baseline,300
1790265881.883626809,Uninterrupted_Baseline,301
1790265881.971467271,Uninterrupted_Baseline,301
1790265882.055560300,Uninterrupted_Baseline,302
1790265882.142437967,Uninterrupted_Baseline,303
1790265882.230043589,Uninterrupted_Baseline,303
1790265882.314086465,Uninterrupted_Baseline,304
1790265882.400068906,Uninterrupted_Baseline,305
1790265882.480580392,Uninterrupted_Baseline,306
1790265882.564001201,Uninterrupted_Baseline,306
1790265882.644408430,Uninterrupted_Baseline,307
1790265882.725288729,Uninterrupted_Baseline,308
1790265882.806447382,Uninterrupted_Baseline,309
1790265882.887051407,Uninterrupted_Baseline,310
1790265882.959625736,Uninterrupted_Baseline,311
1790265883.041389019,Uninterrupted_Baseline,312
1790265883.124359377,Uninterrupted_Baseline,313
1790265883.209226998,Uninterrupted_Baseline,314
1790265883.291604668,Uninterrupted_Baseline,315
1790265883.376283500,Uninterrupted_Baseline,316
1790265883.457680178,Uninterrupted_Baseline,317
1790265883.539549602,Uninterrupted_Baseline,319
1790265883.624983504,Uninterrupted_Baseline,321
1790265883.709180240,Uninterrupted_Baseline,322
1790265883.792832722,Uninterrupted_Baseline,324
1790265883.876953034,Uninterrupted_Baseline,325
1790265883.959779648,Uninterrupted_Baseline,327
1790265884.045728412,Uninterrupted_Baseline,330
1790265884.123352833,Uninterrupted_Baseline,332
1790265884.207504587,Uninterrupted_Baseline,334
1790265884.294062188,Uninterrupted_Baseline,336
1790265884.377386472,Uninterrupted_Baseline,338
1790265884.465342623,Uninterrupted_Baseline,340
1790265884.554817029,Uninterrupted_Baseline,342
1790265884.640802986,Uninterrupted_Baseline,344
1790265884.728127041,Uninterrupted_Baseline,347
1790265884.811721923,Uninterrupted_Baseline,349
1790265884.876049027,Uninterrupted_Baseline,351
1790265884.936288429,Uninterrupted_Baseline,304
1790265885.011159719,Uninterrupted_Baseline,246
1790265885.097259217,Uninterrupted_Baseline,246
1790265885.178880081,Uninterrupted_Baseline,247
1790265885.249271640,Uninterrupted_Baseline,251
1790265885.316173889,Uninterrupted_Baseline,254
1790265885.400442907,Uninterrupted_Baseline,258
1790265885.481749965,Uninterrupted_Baseline,262
1790265885.562450807,Uninterrupted_Baseline,265
1790265885.649610324,Uninterrupted_Baseline,269
1790265885.731297846,Uninterrupted_Baseline,272
1790265885.813242831,Uninterrupted_Baseline,275
1790265885.889875167,Uninterrupted_Baseline,278
1790265885.971969323,Uninterrupted_Baseline,282
1790265886.057336707,Uninterrupted_Baseline,285
1790265886.137114892,Uninterrupted_Baseline,288
1790265886.219068129,Uninterrupted_Baseline,291
1790265886.297330846,Uninterrupted_Baseline,293
1790265886.367099481,Uninterrupted_Baseline,296
1790265886.454238348,Uninterrupted_Baseline,299
1790265886.532732011,Uninterrupted_Baseline,301
1790265886.610593714,Uninterrupted_Baseline,303
1790265886.690997688,Uninterrupted_Baseline,306
1790265886.775008878,Uninterrupted_Baseline,308
1790265886.859099289,Uninterrupted_Baseline,310
1790265886.942748286,Uninterrupted_Baseline,313
1790265887.025435353,Uninterrupted_Baseline,315
1790265887.108582769,Uninterrupted_Baseline,317
1790265887.192999849,Uninterrupted_Baseline,319
1790265887.279881150,Uninterrupted_Baseline,321
1790265887.370035518,Uninterrupted_Baseline,323
1790265887.459151850,Uninterrupted_Baseline,325
1790265887.546100224,Uninterrupted_Baseline,326
1790265887.610230473,Uninterrupted_Baseline,328
1790265887.691117356,Uninterrupted_Baseline,329
1790265887.773682431,Uninterrupted_Baseline,331
1790265887.858438385,Uninterrupted_Baseline,332
1790265887.943197173,Uninterrupted_Baseline,333
1790265888.025752416,Uninterrupted_Baseline,335
1790265888.100561420,Uninterrupted_Baseline,336
1790265888.175591348,Uninterrupted_Baseline,337
1790265888.252800741,Uninterrupted_Baseline,338
1790265888.328210253,Uninterrupted_Baseline,338
1790265888.379889599,Uninterrupted_Baseline,339
1790265888.441569913,Uninterrupted_Baseline,340
1790265888.495728094,Uninterrupted_Baseline,341
1790265888.547000648,Uninterrupted_Baseline,341
1790265888.598678871,Uninterrupted_Baseline,342
1790265888.664930969,Uninterrupted_Baseline,343
1790265888.731747833,Uninterrupted_Baseline,343
1790265888.793925497,Uninterrupted_Baseline,344
1790265888.870487111,Uninterrupted_Baseline,345
1790265888.955490275,Uninterrupted_Baseline,346
1790265889.029942592,Uninterrupted_Baseline,346
1790265889.102140780,Uninterrupted_Baseline,287
1790265889.166714098,Uninterrupted_Baseline,242
1790265889.233012145,Uninterrupted_Baseline,242
1790265889.287916323,Uninterrupted_Baseline,242
1790265889.362305226,Uninterrupted_Baseline,224
1790265889.443632268,Uninterrupted_Baseline,170
1790265889.529233691,Uninterrupted_Baseline,172
1790265889.609069673,Uninterrupted_Baseline,174
1790265889.688684388,Uninterrupted_Baseline,176
1790265889.759474968,Uninterrupted_Baseline,177
1790265889.834358894,Uninterrupted_Baseline,179
1790265889.918026467,Uninterrupted_Baseline,180
1790265889.999284238,Uninterrupted_Baseline,182
1790265890.077356043,Uninterrupted_Baseline,184
1790265890.160227401,Uninterrupted_Baseline,185
1790265890.246333008,Uninterrupted_Baseline,187
1790265890.329455904,Uninterrupted_Baseline,188
1790265890.406971818,Uninterrupted_Baseline,189
1790265890.487549137,Uninterrupted_Baseline,190
1790265890.567261291,Uninterrupted_Baseline,191
1790265890.649783589,Uninterrupted_Baseline,192
1790265890.734545417,Uninterrupted_Baseline,193
1790265890.819959537,Uninterrupted_Baseline,194
1790265890.907874120,Uninterrupted_Baseline,195
1790265890.988527587,Uninterrupted_Baseline,197
1790265891.067978426,Uninterrupted_Baseline,198
1790265891.147347198,Uninterrupted_Baseline,198
1790265891.235283547,Uninterrupted_Baseline,199
1790265891.313893562,Uninterrupted_Baseline,200
1790265891.393091994,Uninterrupted_Baseline,200
1790265891.478388098,Uninterrupted_Baseline,201
1790265891.559749199,Uninterrupted_Baseline,202
1790265891.639582326,Uninterrupted_Baseline,202
1790265891.718407608,Uninterrupted_Baseline,202
1790265891.800397373,Uninterrupted_Baseline,203
1790265891.882230881,Uninterrupted_Baseline,203
1790265891.969895117,Uninterrupted_Baseline,204
1790265892.048018523,Uninterrupted_Baseline,204
1790265892.131399113,Uninterrupted_Baseline,204
1790265892.212217735,Uninterrupted_Baseline,205
1790265892.295012032,Uninterrupted_Baseline,205
1790265892.375079692,Uninterrupted_Baseline,205
1790265892.452092835,Uninterrupted_Baseline,205
1790265892.533343256,Uninterrupted_Baseline,206
1790265892.618429493,Uninterrupted_Baseline,206
1790265892.698760170,Uninterrupted_Baseline,206
1790265892.781186484,Uninterrupted_Baseline,206
1790265892.867311360,Uninterrupted_Baseline,206
1790265892.947338690,Uninterrupted_Baseline,206
1790265893.029598996,Uninterrupted_Baseline,206
1790265893.114251323,Uninterrupted_Baseline,206
1790265893.194830962,Uninterrupted_Baseline,206
1790265893.279043695,Uninterrupted_Baseline,206
1790265893.359514811,Uninterrupted_Baseline,206
1790265893.431796259,Uninterrupted_Baseline,206
1790265893.501783096,Uninterrupted_Baseline,206
1790265893.582370666,Uninterrupted_Baseline,206
1790265893.661131041,Uninterrupted_Baseline,206
1790265893.743206481,Uninterrupted_Baseline,206
1790265893.821459107,Uninterrupted_Baseline,206
1790265893.904122319,Uninterrupted_Baseline,206
1790265893.986644351,Uninterrupted_Baseline,206
1790265894.067964855,Uninterrupted_Baseline,206
1790265894.153007210,Uninterrupted_Baseline,206
1790265894.236841739,Uninterrupted_Baseline,206
1790265894.322026444,Uninterrupted_Baseline,206
1790265894.408181292,Uninterrupted_Baseline,206
1790265894.491875768,Uninterrupted_Baseline,206
1790265894.567629089,Uninterrupted_Baseline,206
1790265894.648443855,Uninterrupted_Baseline,206
1790265894.730771084,Uninterrupted_Baseline,206
1790265894.801182920,Uninterrupted_Baseline,207
1790265894.881725994,Uninterrupted_Baseline,207
1790265894.954140854,Uninterrupted_Baseline,208
1790265895.012600238,Uninterrupted_Baseline,208
1790265895.074289498,Uninterrupted_Baseline,208
1790265895.146480295,Uninterrupted_Baseline,209
1790265895.214911123,Uninterrupted_Baseline,209
1790265895.297519848,Uninterrupted_Baseline,210
1790265895.389302373,Uninterrupted_Baseline,211
1790265895.471034739,Uninterrupted_Baseline,211
1790265895.551136329,Uninterrupted_Baseline,212
1790265895.632695794,Uninterrupted_Baseline,212
1790265895.708183452,Uninterrupted_Baseline,213
1790265895.787635735,Uninterrupted_Baseline,213
1790265895.870157804,Uninterrupted_Baseline,214
1790265895.952206114,Uninterrupted_Baseline,215
1790265896.027952524,Uninterrupted_Baseline,215
1790265896.110716261,Uninterrupted_Baseline,216
1790265896.193996081,Uninterrupted_Baseline,216
1790265896.273313662,Uninterrupted_Baseline,217
1790265896.332119423,Uninterrupted_Baseline,217
1790265896.411594253,Uninterrupted_Baseline,218
1790265896.489232789,Uninterrupted_Baseline,218
1790265896.565202786,Uninterrupted_Baseline,219
1790265896.648540584,Uninterrupted_Baseline,219
1790265896.730454292,Uninterrupted_Baseline,220
1790265896.812106797,Uninterrupted_Baseline,221
1790265896.898210219,Uninterrupted_Baseline,221
1790265896.982028156,Uninterrupted_Baseline,222
1790265897.063983010,Uninterrupted_Baseline,222
1790265897.148781638,Uninterrupted_Baseline,223
1790265897.233076780,Uninterrupted_Baseline,223
1790265897.315929522,Uninterrupted_Baseline,224
1790265897.391371938,Uninterrupted_Baseline,225
1790265897.471182352,Uninterrupted_Baseline,225
1790265897.541235342,Uninterrupted_Baseline,226
1790265897.620031378,Uninterrupted_Baseline,227
1790265897.700478148,Uninterrupted_Baseline,228
1790265897.765023467,Uninterrupted_Baseline,228
1790265897.842539876,Uninterrupted_Baseline,230
1790265897.919962102,Uninterrupted_Baseline,231
1790265897.995357337,Uninterrupted_Baseline,232
1790265898.056576577,Uninterrupted_Baseline,234
1790265898.140197871,Uninterrupted_Baseline,236
1790265898.222194518,Uninterrupted_Baseline,237
1790265898.285352481,Uninterrupted_Baseline,239
1790265898.368105562,Uninterrupted_Baseline,240
1790265898.436701183,Uninterrupted_Baseline,242
1790265898.497408565,Uninterrupted_Baseline,244
1790265898.560955854,Uninterrupted_Baseline,245
1790265898.624787444,Uninterrupted_Baseline,247
1790265898.708027796,Uninterrupted_Baseline,249
1790265898.795452915,Uninterrupted_Baseline,252
1790265898.878677536,Uninterrupted_Baseline,254
1790265898.953258109,Uninterrupted_Baseline,256
1790265899.035331573,Uninterrupted_Baseline,258
1790265899.123573620,Uninterrupted_Baseline,261
1790265899.191321613,Uninterrupted_Baseline,263
1790265899.265298770,Uninterrupted_Baseline,266
1790265899.351278231,Uninterrupted_Baseline,269
1790265899.438339962,Uninterrupted_Baseline,272
1790265899.519881900,Uninterrupted_Baseline,275
1790265899.604622053,Uninterrupted_Baseline,278
1790265899.689091867,Uninterrupted_Baseline,281
1790265899.761969422,Uninterrupted_Baseline,284
1790265899.847598813,Uninterrupted_Baseline,288
1790265899.930458935,Uninterrupted_Baseline,291
1790265900.008363526,Uninterrupted_Baseline,295
1790265900.081841804,Uninterrupted_Baseline,298
1790265900.153435406,Uninterrupted_Baseline,301
1790265900.235894392,Uninterrupted_Baseline,305
1790265900.315252482,Uninterrupted_Baseline,309
1790265900.399225736,Uninterrupted_Baseline,313
1790265900.486165618,Uninterrupted_Baseline,318
1790265900.569189711,Uninterrupted_Baseline,321
1790265900.641827494,Uninterrupted_Baseline,326
1790265900.727616734,Uninterrupted_Baseline,330
1790265900.809422210,Uninterrupted_Baseline,335
1790265900.893336170,Uninterrupted_Baseline,339
1790265900.980922335,Uninterrupted_Baseline,345
1790265911.596600471,Phase1_Baseline,10
1790265911.681343610,Phase1_Baseline,20
1790265911.757435359,Phase1_Baseline,22
1790265911.839594741,Phase1_Baseline,44
1790265911.922493234,Phase1_Baseline,92
1790265912.003415516,Phase1_Baseline,219
1790265912.088728986,Phase1_Baseline,441
1790265912.167981557,Phase1_Baseline,766
1790265912.249272502,Phase1_Baseline,751
1790265912.334522563,Phase1_Baseline,632
1790265912.417004327,Phase1_Baseline,565
1790265912.504016139,Phase1_Baseline,565
1790265912.585916047,Phase1_Baseline,565
1790265912.665397470,Phase1_Baseline,565
1790265912.742063847,Phase1_Baseline,570
1790265912.823970353,Phase1_Baseline,535
1790265912.905228684,Phase1_Baseline,421
1790265912.995255688,Phase1_Baseline,403
1790265913.069845405,Phase1_Baseline,321
1790265913.141838855,Phase1_Baseline,282
1790265913.225914790,Phase1_Baseline,273
1790265913.307916897,Phase1_Baseline,197
1790265913.392551006,Phase1_Baseline,153
1790265913.470249395,Phase1_Baseline,137
1790265913.550557986,Phase1_Baseline,139
1790265913.629387456,Phase1_Baseline,141
1790265913.715121542,Phase1_Baseline,142
1790265913.794125484,Phase1_Baseline,144
1790265913.877453728,Phase1_Baseline,146
1790265913.960703706,Phase1_Baseline,147
1790265914.045252330,Phase1_Baseline,148
1790265914.129089996,Phase1_Baseline,149
1790265914.214313637,Phase1_Baseline,151
1790265914.276815219,Phase1_Baseline,152
1790265914.357892027,Phase1_Baseline,153
1790265914.441710044,Phase1_Baseline,154
1790265914.525221672,Phase1_Baseline,155
1790265914.609405976,Phase1_Baseline,156
1790265914.693542312,Phase1_Baseline,157
1790265914.770183274,Phase1_Baseline,158
1790265914.851204597,Phase1_Baseline,159
1790265914.932327060,Phase1_Baseline,160
1790265915.013058145,Phase1_Baseline,160
1790265915.095073252,Phase1_Baseline,161
1790265915.177145742,Phase1_Baseline,161
1790265915.243726092,Phase1_Baseline,162
1790265915.321316212,Phase1_Baseline,163
1790265915.395348794,Phase1_Baseline,163
1790265915.483817629,Phase1_Baseline,164
1790265915.568037734,Phase1_Baseline,164
1790265915.637966793,Phase1_Baseline,164
1790265915.720691307,Phase1_Baseline,165
1790265915.802392272,Phase1_Baseline,165
1790265915.877394242,Phase1_Baseline,165
1790265915.962013996,Phase1_Baseline,166
1790265916.041458761,Phase1_Baseline,166
1790265916.125696576,Phase1_Baseline,166
1790265916.200548457,Phase1_Baseline,166
1790265916.274993399,Phase1_Baseline,166
1790265916.327928425,Phase1_Baseline,167
1790265916.390926249,Phase1_Baseline,167
1790265916.459764700,Phase1_Baseline,167
1790265916.541094487,Phase1_Baseline,167
1790265916.597100307,Phase1_Baseline,167
1790265916.654044356,Phase1_Baseline,167
1790265916.724589059,Phase1_Baseline,167
1790265916.786152614,Phase1_Baseline,167
1790265916.867374858,Phase1_Baseline,167
1790265916.942020374,Phase1_Baseline,167
1790265917.023295917,Phase1_Baseline,167
1790265917.104697397,Phase1_Baseline,167
1790265917.186903450,Phase1_Baseline,167
1790265917.247839312,Phase1_Baseline,167
1790265917.329933001,Phase1_Baseline,167
1790265917.409219271,Phase1_Baseline,167
1790265917.488192477,Phase1_Baseline,167
1790265917.566231843,Phase1_Baseline,167
1790265917.654078461,Phase1_Baseline,167
1790265917.731949986,Phase1_Baseline,167
1790265917.813303448,Phase1_Baseline,167
1790265917.897608118,Phase1_Baseline,167
1790265917.976609430,Phase1_Baseline,168
1790265918.059022119,Phase1_Baseline,168
1790265918.125751753,Phase1_Baseline,169
1790265918.207945357,Phase1_Baseline,169
1790265918.271883944,Phase1_Baseline,170
1790265918.346423985,Phase1_Baseline,170
1790265918.416702120,Phase1_Baseline,171
1790265918.465210010,Phase1_Baseline,171
1790265918.525400680,Phase1_Baseline,172
1790265918.586403692,Phase1_Baseline,172
1790265918.640890237,Phase1_Baseline,172
1790265918.693241829,Phase1_Baseline,173
1790265918.760235429,Phase1_Baseline,173
1790265918.812097610,Phase1_Baseline,174
1790265918.880884178,Phase1_Baseline,174
1790265918.965056882,Phase1_Baseline,175
1790265919.047265701,Phase1_Baseline,175
1790265919.127806970,Phase1_Baseline,176
1790265919.192742930,Phase1_Baseline,176
1790265919.260186505,Phase1_Baseline,177
1790265919.346610622,Phase1_Baseline,177
1790265919.429334996,Phase1_Baseline,178
1790265919.509430370,Phase1_Baseline,179
1790265919.590205025,Phase1_Baseline,179
1790265919.673557041,Phase1_Baseline,180
1790265919.753229814,Phase1_Baseline,180
1790265919.830903722,Phase1_Baseline,181
1790265919.909346718,Phase1_Baseline,181
1790265919.984200411,Phase1_Baseline,182
1790265920.070441842,Phase1_Baseline,183
1790265920.143525563,Phase1_Baseline,183
1790265920.225522245,Phase1_Baseline,184
1790265920.307380843,Phase1_Baseline,184
1790265920.373805595,Phase1_Baseline,185
1790265920.462514900,Phase1_Baseline,185
1790265920.547583112,Phase1_Baseline,186
1790265920.623706380,Phase1_Baseline,186
1790265920.699447094,Phase1_Baseline,187
1790265920.779991546,Phase1_Baseline,187
1790265920.865159576,Phase1_Baseline,188
1790265920.947622746,Phase1_Baseline,189
1790265921.015930280,Phase1_Baseline,189
1790265921.097206812,Phase1_Baseline,190
1790265921.174995898,Phase1_Baseline,190
1790265921.255964295,Phase1_Baseline,191
1790265921.323682161,Phase1_Baseline,191
1790265921.408005727,Phase1_Baseline,192
1790265921.487693824,Phase1_Baseline,192
1790265921.568068265,Phase1_Baseline,193
1790265921.650346419,Phase1_Baseline,194
1790265921.733738742,Phase1_Baseline,194
1790265921.817006801,Phase1_Baseline,195
1790265921.898441122,Phase1_Baseline,197
1790265921.977305956,Phase1_Baseline,199
1790265922.050992793,Phase1_Baseline,200
1790265922.133608758,Phase1_Baseline,202
1790265922.219093520,Phase1_Baseline,204
1790265922.302976277,Phase1_Baseline,206
1790265922.386838077,Phase1_Baseline,208
1790265922.470110637,Phase1_Baseline,210
1790265922.558198727,Phase1_Baseline,213
1790265922.640380056,Phase1_Baseline,215
1790265922.722916248,Phase1_Baseline,218
1790265922.811075503,Phase1_Baseline,221
1790265922.883306059,Phase1_Baseline,223
1790265922.959637553,Phase1_Baseline,225
1790265923.038493704,Phase1_Baseline,228
1790265923.120506350,Phase1_Baseline,231
1790265923.204591079,Phase1_Baseline,234
1790265923.284356886,Phase1_Baseline,237
1790265923.363523269,Phase1_Baseline,240
1790265923.433760787,Phase1_Baseline,243
1790265923.520311315,Phase1_Baseline,246
1790265923.588507440,Phase1_Baseline,249
1790265923.662081001,Phase1_Baseline,252
1790265923.745733491,Phase1_Baseline,256
1790265923.815296671,Phase1_Baseline,259
1790265923.892141165,Phase1_Baseline,262
1790265923.974496228,Phase1_Baseline,266
1790265924.058422312,Phase1_Baseline,270
1790265924.134831012,Phase1_Baseline,274
1790265924.216410689,Phase1_Baseline,278
1790265924.287368769,Phase1_Baseline,282
1790265924.368303983,Phase1_Baseline,286
1790265924.445499579,Phase1_Baseline,289
1790265924.524209999,Phase1_Baseline,294
1790265924.599207905,Phase1_Baseline,298
1790265924.678280253,Phase1_Baseline,303
1790265924.755318673,Phase1_Baseline,308
1790265924.838367716,Phase1_Baseline,313
1790265924.927904651,Phase1_Baseline,318
1790265924.989677104,Phase1_Baseline,322
1790265925.044209963,Phase1_Baseline,325
1790265925.100336510,Phase1_Baseline,329
1790265925.181186329,Phase1_Baseline,335
1790265925.263251686,Phase1_Baseline,340
1790265925.344947453,Phase1_Baseline,346
1790265925.407438162,Phase1_Baseline,350
1790265925.490980564,Phase1_Baseline,356
1790265925.571614513,Phase1_Baseline,362
1790265925.651308121,Phase1_Baseline,368
1790265925.729035618,Phase1_Baseline,374
1790265925.812176292,Phase1_Baseline,287
1790265925.897680331,Phase1_Baseline,264
1790265925.979784262,Phase1_Baseline,269
1790265926.057114291,Phase1_Baseline,272
1790265926.139467577,Phase1_Baseline,276
1790265926.221185754,Phase1_Baseline,280
1790265926.301481927,Phase1_Baseline,284
1790265926.383081771,Phase1_Baseline,287
1790265926.457226039,Phase1_Baseline,290
1790265926.533357429,Phase1_Baseline,293
1790265926.596276901,Phase1_Baseline,296
1790265926.674565509,Phase1_Baseline,299
1790265926.749027105,Phase1_Baseline,302
1790265926.826912455,Phase1_Baseline,305
1790265926.909933742,Phase1_Baseline,308
1790265926.995316119,Phase1_Baseline,312
1790265927.079296446,Phase1_Baseline,315
1790265927.163803016,Phase1_Baseline,317
1790265927.240554131,Phase1_Baseline,320
1790265927.315236262,Phase1_Baseline,322
1790265927.389368607,Phase1_Baseline,324
1790265927.469588294,Phase1_Baseline,326
1790265927.551623000,Phase1_Baseline,329
1790265927.634588929,Phase1_Baseline,331
1790265927.723442607,Phase1_Baseline,334
1790265927.801528663,Phase1_Baseline,336
1790265927.877525914,Phase1_Baseline,338
1790265927.959833447,Phase1_Baseline,340
1790265928.041490005,Phase1_Baseline,342
1790265928.102147241,Phase1_Baseline,343
1790265928.176945063,Phase1_Baseline,345
1790265928.259863432,Phase1_Baseline,347
1790265928.330550056,Phase1_Baseline,348
1790265928.403704829,Phase1_Baseline,350
1790265928.454210373,Phase1_Baseline,296
1790265928.511451766,Phase1_Baseline,245
1790265928.572586556,Phase1_Baseline,245
1790265928.625975697,Phase1_Baseline,245
1790265928.695248902,Phase1_Baseline,246
1790265928.776536146,Phase1_Baseline,172
1790265928.849053597,Phase1_Baseline,172
1790265928.931101349,Phase1_Baseline,172
1790265929.016378957,Phase1_Baseline,158
1790265929.095506400,Phase1_Baseline,121
1790265929.172461468,Phase1_Baseline,121
1790265929.244158464,Phase1_Baseline,121
1790265929.310185250,Phase1_Baseline,106
1790265929.398921605,Phase1_Baseline,85
1790265929.482341854,Phase1_Baseline,85
1790265929.569970147,Phase1_Baseline,85
1790265929.651807879,Phase1_Baseline,60
1790265929.734026413,Phase1_Baseline,61
1790265929.804809239,Phase1_Baseline,62
1790265929.885394503,Phase1_Baseline,63
1790265929.960992003,Phase1_Baseline,64
1790265930.036689079,Phase1_Baseline,65
1790265930.116552015,Phase1_Baseline,66
1790265930.185771121,Phase1_Baseline,66
1790265930.255222634,Phase1_Baseline,67
1790265930.337186012,Phase1_Baseline,67
1790265930.428238414,Phase1_Baseline,68
1790265930.512211916,Phase1_Baseline,68
1790265930.588789160,Phase1_Baseline,69
1790265930.671725647,Phase1_Baseline,69
1790265930.758345006,Phase1_Baseline,70
1790265930.843239025,Phase1_Baseline,70
1790265930.923367036,Phase1_Baseline,71
1790265930.992163479,Phase1_Baseline,71
1790265931.067677103,Phase1_Baseline,71
1790265931.146964824,Phase1_Baseline,72
1790265931.232133347,Phase1_Baseline,72
1790265931.312850570,Phase1_Baseline,72
1790265931.396279623,Phase1_Baseline,72
1790265931.482241840,Phase1_Baseline,73
1790265931.569145264,Phase1_Baseline,73
1790265931.657983630,Phase1_Baseline,73
1790265931.741778785,Phase1_Baseline,74
1790265931.821029687,Phase1_Baseline,74
1790265931.899854801,Phase1_Baseline,75
1790265931.968061062,Phase1_Baseline,75
1790265932.056541117,Phase1_Baseline,76
1790265932.141169689,Phase1_Baseline,77
1790265932.209799997,Phase1_Baseline,77
1790265932.287086092,Phase1_Baseline,78
1790265932.351785832,Phase1_Baseline,78
1790265932.429545424,Phase1_Baseline,79
1790265932.509729327,Phase1_Baseline,79
1790265932.587399433,Phase1_Baseline,80
1790265932.668527580,Phase1_Baseline,80
1790265932.751021027,Phase1_Baseline,81
1790265932.833899455,Phase1_Baseline,81
1790265932.911294335,Phase1_Baseline,82
1790265932.985567488,Phase1_Baseline,82
1790265933.061189125,Phase1_Baseline,83
1790265933.125587311,Phase1_Baseline,83
1790265933.207396540,Phase1_Baseline,84
1790265933.286006123,Phase1_Baseline,84
1790265933.368333301,Phase1_Baseline,85
1790265933.442115124,Phase1_Baseline,86
1790265933.525097620,Phase1_Baseline,86
1790265933.606822414,Phase1_Baseline,87
1790265933.687714557,Phase1_Baseline,87
1790265933.759765123,Phase1_Baseline,88
1790265933.825100979,Phase1_Baseline,88
1790265933.904195210,Phase1_Baseline,89
1790265933.973148009,Phase1_Baseline,89
1790265934.055066206,Phase1_Baseline,90
1790265934.122078142,Phase1_Baseline,90
1790265934.203737939,Phase1_Baseline,91
1790265934.286298006,Phase1_Baseline,91
1790265934.358261499,Phase1_Baseline,92
1790265934.441482928,Phase1_Baseline,93
1790265934.524378303,Phase1_Baseline,93
1790265934.617662721,Phase1_Baseline,94
1790265934.678634018,Phase1_Baseline,94
1790265934.730055870,Phase1_Baseline,94
1790265934.795488374,Phase1_Baseline,95
1790265934.870345909,Phase1_Baseline,96
1790265934.945315702,Phase1_Baseline,96
1790265934.995282090,Phase1_Baseline,96
1790265935.056288893,Phase1_Baseline,97
1790265935.129628643,Phase1_Baseline,97
1790265935.210326921,Phase1_Baseline,98
1790265935.290412958,Phase1_Baseline,98
1790265935.376795027,Phase1_Baseline,99
1790265935.456603978,Phase1_Baseline,99
1790265935.534136242,Phase1_Baseline,100
1790265935.612547891,Phase1_Baseline,101
1790265935.694172379,Phase1_Baseline,101
1790265935.777900022,Phase1_Baseline,102
1790265935.852204494,Phase1_Baseline,102
1790265935.936489584,Phase1_Baseline,103
1790265936.013163429,Phase1_Baseline,104
1790265936.090258633,Phase1_Baseline,104
1790265936.172180301,Phase1_Baseline,105
1790265936.254067015,Phase1_Baseline,105
1790265936.328168299,Phase1_Baseline,106
1790265936.409155396,Phase1_Baseline,106
1790265936.486818022,Phase1_Baseline,107
1790265936.573712948,Phase1_Baseline,107
1790265936.657465503,Phase1_Baseline,108
1790265936.734417883,Phase1_Baseline,108
1790265936.816906638,Phase1_Baseline,109
1790265936.898324949,Phase1_Baseline,110
1790265936.980719468,Phase1_Baseline,110
1790265937.059346149,Phase1_Baseline,111
1790265937.135537111,Phase1_Baseline,111
1790265937.214395080,Phase1_Baseline,112
1790265937.297069657,Phase1_Baseline,112
1790265937.381850546,Phase1_Baseline,113
1790265937.463504874,Phase1_Baseline,114
1790265937.546028153,Phase1_Baseline,115
1790265937.636112022,Phase1_Baseline,116
1790265937.722174540,Phase1_Baseline,119
1790265937.796862715,Phase1_Baseline,120
1790265937.876442287,Phase1_Baseline,123
1790265937.963060089,Phase1_Baseline,125
1790265938.035964432,Phase1_Baseline,127
1790265938.093042120,Phase1_Baseline,129
1790265938.144167175,Phase1_Baseline,131
1790265938.227089731,Phase1_Baseline,134
1790265938.301107879,Phase1_Baseline,136
1790265938.382471631,Phase1_Baseline,139
1790265938.433424276,Phase1_Baseline,141
1790265938.483822880,Phase1_Baseline,143
1790265938.548600793,Phase1_Baseline,145
1790265938.613502208,Phase1_Baseline,148
1790265938.674442681,Phase1_Baseline,150
1790265938.757381604,Phase1_Baseline,154
1790265938.837941151,Phase1_Baseline,157
1790265938.913602211,Phase1_Baseline,160
1790265939.003928232,Phase1_Baseline,164
1790265939.087721342,Phase1_Baseline,168
1790265939.158449758,Phase1_Baseline,171
1790265939.216866627,Phase1_Baseline,174
1790265939.290234390,Phase1_Baseline,178
1790265939.375316712,Phase1_Baseline,182
1790265939.453213430,Phase1_Baseline,186
1790265939.528833013,Phase1_Baseline,190
1790265939.600752189,Phase1_Baseline,194
1790265939.685058912,Phase1_Baseline,198
1790265939.771311516,Phase1_Baseline,203
1790265939.854940305,Phase1_Baseline,208
1790265939.924694319,Phase1_Baseline,212
1790265939.991825689,Phase1_Baseline,217
1790265940.070043886,Phase1_Baseline,221
1790265940.136045004,Phase1_Baseline,225
1790265940.211992751,Phase1_Baseline,230
1790265940.295617599,Phase1_Baseline,235
1790265940.375154639,Phase1_Baseline,241
1790265940.453981805,Phase1_Baseline,246
1790265940.527753268,Phase1_Baseline,252
1790265940.602207893,Phase1_Baseline,257
1790265940.674598916,Phase1_Baseline,261
1790265940.740363370,Phase1_Baseline,266
1790265940.810220189,Phase1_Baseline,272
1790265940.892820738,Phase1_Baseline,278
1790265940.975167318,Phase1_Baseline,285
1790265941.065011769,Phase1_Baseline,291
1790265941.145177239,Phase1_Baseline,298
1790265941.221064478,Phase1_Baseline,305
1790265941.286943750,Phase1_Baseline,310
1790265941.363554671,Phase1_Baseline,317
1790265941.444050141,Phase1_Baseline,324
1790265941.538640309,Phase1_Baseline,332
1790265941.609849876,Phase1_Baseline,338
1790265941.687308938,Phase1_Baseline,346
1790265941.767609990,Phase1_Baseline,353
1790265941.824563787,Phase1_Baseline,358
1790265941.888264389,Phase1_Baseline,364
1790265941.954453579,Phase1_Baseline,370
1790265942.024987349,Phase1_Baseline,377
1790265942.110209663,Phase1_Baseline,264
1790265942.175585272,Phase1_Baseline,264
1790265942.239922297,Phase1_Baseline,264
1790265942.319697881,Phase1_Baseline,222
1790265942.400126371,Phase1_Baseline,184
1790265942.478463628,Phase1_Baseline,184
1790265943.918578356,Phase2_Migrated,10
1790265944.003209415,Phase2_Migrated,12
1790265944.094721808,Phase2_Migrated,36
1790265944.190003173,Phase2_Migrated,72
1790265944.286389265,Phase2_Migrated,152
1790265944.381347231,Phase2_Migrated,349
1790265944.464294124,Phase2_Migrated,534
1790265944.567318606,Phase2_Migrated,534
1790265944.671095719,Phase2_Migrated,404
1790265944.757183195,Phase2_Migrated,373
1790265944.843800482,Phase2_Migrated,335
1790265944.915246352,Phase2_Migrated,261
1790265944.993479701,Phase2_Migrated,231
1790265945.073581537,Phase2_Migrated,182
1790265945.165968978,Phase2_Migrated,183
1790265945.242562339,Phase2_Migrated,185
1790265945.341394045,Phase2_Migrated,188
1790265945.423363300,Phase2_Migrated,190
1790265945.517291452,Phase2_Migrated,192
1790265945.609232421,Phase2_Migrated,194
1790265945.674000472,Phase2_Migrated,195
1790265945.754002149,Phase2_Migrated,197
1790265945.840338461,Phase2_Migrated,198
1790265945.939968431,Phase2_Migrated,200
1790265946.037874009,Phase2_Migrated,201
1790265946.128958062,Phase2_Migrated,202
1790265946.224198076,Phase2_Migrated,204
1790265946.312561734,Phase2_Migrated,205
1790265946.402783659,Phase2_Migrated,207
1790265946.493190866,Phase2_Migrated,208
1790265946.589342859,Phase2_Migrated,209
1790265946.679933017,Phase2_Migrated,210
1790265946.769429948,Phase2_Migrated,211
1790265946.859618906,Phase2_Migrated,213
1790265946.955082004,Phase2_Migrated,213
1790265947.032172629,Phase2_Migrated,214
1790265947.125213271,Phase2_Migrated,215
1790265947.219721454,Phase2_Migrated,216
1790265947.316130070,Phase2_Migrated,216
1790265947.411526666,Phase2_Migrated,217
1790265947.501050043,Phase2_Migrated,217
1790265947.595123195,Phase2_Migrated,218
1790265947.690604248,Phase2_Migrated,218
1790265947.789292843,Phase2_Migrated,219
1790265947.880951961,Phase2_Migrated,219
1790265947.979146136,Phase2_Migrated,220
1790265948.073246424,Phase2_Migrated,220
1790265948.164031897,Phase2_Migrated,220
1790265948.247177353,Phase2_Migrated,220
1790265948.312402644,Phase2_Migrated,220
1790265948.397066035,Phase2_Migrated,221
1790265948.455378458,Phase2_Migrated,221
1790265948.514556888,Phase2_Migrated,221
1790265948.578379713,Phase2_Migrated,221
1790265948.652807122,Phase2_Migrated,221
1790265948.742286029,Phase2_Migrated,221
1790265948.834319998,Phase2_Migrated,221
1790265948.936573484,Phase2_Migrated,221
1790265949.031088937,Phase2_Migrated,221
1790265949.128132115,Phase2_Migrated,221
1790265949.225389535,Phase2_Migrated,221
1790265949.307747605,Phase2_Migrated,221
1790265949.380736721,Phase2_Migrated,221
1790265949.474520555,Phase2_Migrated,221
1790265949.553070998,Phase2_Migrated,221
1790265949.646080463,Phase2_Migrated,221
1790265949.743255709,Phase2_Migrated,221
1790265949.837360664,Phase2_Migrated,221
1790265949.914403254,Phase2_Migrated,221
1790265950.003792569,Phase2_Migrated,221
1790265950.096398416,Phase2_Migrated,221
1790265950.191141080,Phase2_Migrated,221
1790265950.287548348,Phase2_Migrated,221
1790265950.366813514,Phase2_Migrated,221
1790265950.455839056,Phase2_Migrated,221
1790265950.551746122,Phase2_Migrated,221
1790265950.648850051,Phase2_Migrated,221
1790265950.732818650,Phase2_Migrated,221
1790265950.820176215,Phase2_Migrated,221
1790265950.910549804,Phase2_Migrated,222
1790265950.984437887,Phase2_Migrated,222
1790265951.084841238,Phase2_Migrated,223
1790265951.184636079,Phase2_Migrated,224
1790265951.283520913,Phase2_Migrated,224
1790265951.365427065,Phase2_Migrated,225
1790265951.455500351,Phase2_Migrated,226
1790265951.537796103,Phase2_Migrated,226
1790265951.617041618,Phase2_Migrated,227
1790265951.705369854,Phase2_Migrated,227
1790265951.804479923,Phase2_Migrated,228
1790265951.898438149,Phase2_Migrated,229
1790265951.998447832,Phase2_Migrated,229
1790265952.086060237,Phase2_Migrated,230
1790265952.173878489,Phase2_Migrated,230
1790265952.260318699,Phase2_Migrated,231
1790265952.348007895,Phase2_Migrated,232
1790265952.441146409,Phase2_Migrated,232
1790265952.535224351,Phase2_Migrated,233
1790265952.630977931,Phase2_Migrated,234
1790265952.721567246,Phase2_Migrated,234
1790265952.816025345,Phase2_Migrated,235
1790265952.909449421,Phase2_Migrated,236
1790265952.997705836,Phase2_Migrated,236
1790265953.094228275,Phase2_Migrated,237
1790265953.198461602,Phase2_Migrated,238
1790265953.287420526,Phase2_Migrated,239
1790265953.377411519,Phase2_Migrated,240
1790265953.465241077,Phase2_Migrated,242
1790265953.563124193,Phase2_Migrated,243
1790265953.661023993,Phase2_Migrated,245
1790265953.761568912,Phase2_Migrated,247
1790265953.852158755,Phase2_Migrated,249
1790265953.946418343,Phase2_Migrated,251
1790265954.033614932,Phase2_Migrated,253
1790265954.130865620,Phase2_Migrated,255
1790265954.207183231,Phase2_Migrated,256
1790265954.295551631,Phase2_Migrated,259
1790265954.372951302,Phase2_Migrated,261
1790265954.458767243,Phase2_Migrated,263
1790265954.550049615,Phase2_Migrated,265
1790265954.643547482,Phase2_Migrated,268
1790265954.734687503,Phase2_Migrated,271
1790265954.817432730,Phase2_Migrated,273
1790265954.903642344,Phase2_Migrated,276
1790265954.992126300,Phase2_Migrated,278
1790265955.084044085,Phase2_Migrated,282
1790265955.186750101,Phase2_Migrated,285
1790265955.244845586,Phase2_Migrated,287
1790265955.330187495,Phase2_Migrated,290
1790265955.420967482,Phase2_Migrated,294
1790265955.515636457,Phase2_Migrated,298
1790265955.606240289,Phase2_Migrated,301
1790265955.699461557,Phase2_Migrated,305
1790265955.799284461,Phase2_Migrated,309
1790265955.889431739,Phase2_Migrated,313
1790265955.984199303,Phase2_Migrated,318
1790265956.078240725,Phase2_Migrated,322
1790265956.155115943,Phase2_Migrated,326
1790265956.244197560,Phase2_Migrated,331
1790265956.334442437,Phase2_Migrated,335
1790265956.427510598,Phase2_Migrated,340
1790265956.517486784,Phase2_Migrated,345
1790265956.611855895,Phase2_Migrated,350
1790265956.687986249,Phase2_Migrated,354
1790265956.769722501,Phase2_Migrated,324
1790265956.854167646,Phase2_Migrated,250
1790265956.941106715,Phase2_Migrated,254
1790265957.027570069,Phase2_Migrated,258
1790265957.116552980,Phase2_Migrated,262
1790265957.205167190,Phase2_Migrated,266
1790265957.294436765,Phase2_Migrated,270
1790265957.386606037,Phase2_Migrated,274
1790265957.480266394,Phase2_Migrated,278
1790265957.579204187,Phase2_Migrated,282
1790265957.675501196,Phase2_Migrated,285
1790265957.758424355,Phase2_Migrated,289
1790265957.860528268,Phase2_Migrated,293
1790265957.953498740,Phase2_Migrated,296
1790265958.051029970,Phase2_Migrated,299
1790265958.120602824,Phase2_Migrated,301
1790265958.217335679,Phase2_Migrated,305
1790265958.296071474,Phase2_Migrated,307
1790265958.393377660,Phase2_Migrated,309
1790265958.451858078,Phase2_Migrated,311
1790265958.512389663,Phase2_Migrated,313
1790265958.584340909,Phase2_Migrated,315
1790265958.652263619,Phase2_Migrated,317
1790265958.739111085,Phase2_Migrated,319
1790265958.831043250,Phase2_Migrated,322
1790265958.925795285,Phase2_Migrated,324
1790265959.018409064,Phase2_Migrated,326
1790265959.116042071,Phase2_Migrated,328
1790265959.185202517,Phase2_Migrated,329
1790265959.250067258,Phase2_Migrated,331
1790265959.333003611,Phase2_Migrated,333
1790265959.425266920,Phase2_Migrated,334
1790265959.525550034,Phase2_Migrated,336
1790265959.623953331,Phase2_Migrated,337
1790265959.728506560,Phase2_Migrated,339
1790265959.818360199,Phase2_Migrated,341
1790265959.901478284,Phase2_Migrated,342
1790265959.993697977,Phase2_Migrated,343
1790265960.094927647,Phase2_Migrated,344
1790265960.188451862,Phase2_Migrated,286
1790265960.265581111,Phase2_Migrated,242
1790265960.349078514,Phase2_Migrated,244
1790265960.443847605,Phase2_Migrated,247
1790265960.538190755,Phase2_Migrated,250
1790265960.625506570,Phase2_Migrated,253
1790265960.714840012,Phase2_Migrated,255
1790265960.804812351,Phase2_Migrated,257
1790265960.890914372,Phase2_Migrated,259
1790265960.984045114,Phase2_Migrated,261
1790265961.076696226,Phase2_Migrated,263
1790265961.169800493,Phase2_Migrated,266
1790265961.270125465,Phase2_Migrated,267
1790265961.353515442,Phase2_Migrated,269
1790265961.453733671,Phase2_Migrated,271
1790265961.547504709,Phase2_Migrated,272
1790265961.647631233,Phase2_Migrated,274
1790265961.739446335,Phase2_Migrated,275
1790265961.830642863,Phase2_Migrated,276
1790265961.924585099,Phase2_Migrated,278
1790265962.021074829,Phase2_Migrated,279
1790265962.109123930,Phase2_Migrated,280
1790265962.202579696,Phase2_Migrated,282
1790265962.317493497,Phase2_Migrated,283
1790265962.384950865,Phase2_Migrated,284
1790265962.463052395,Phase2_Migrated,285
1790265962.547590971,Phase2_Migrated,286
1790265962.639386443,Phase2_Migrated,286
1790265962.725959617,Phase2_Migrated,287
1790265962.825751722,Phase2_Migrated,288
1790265962.917230393,Phase2_Migrated,288
1790265963.008080971,Phase2_Migrated,289
1790265963.097843464,Phase2_Migrated,289
1790265963.192801125,Phase2_Migrated,290
1790265963.288399077,Phase2_Migrated,291
1790265963.384469043,Phase2_Migrated,291
1790265963.469047714,Phase2_Migrated,291
1790265963.535458865,Phase2_Migrated,292
1790265963.617421792,Phase2_Migrated,292
1790265963.717388799,Phase2_Migrated,292
1790265963.812715598,Phase2_Migrated,292
1790265963.905591412,Phase2_Migrated,293
1790265963.996104052,Phase2_Migrated,293
1790265964.089990292,Phase2_Migrated,293
1790265964.181508502,Phase2_Migrated,293
1790265964.275046128,Phase2_Migrated,293
1790265964.362567248,Phase2_Migrated,293
1790265964.458160335,Phase2_Migrated,293
1790265964.550478389,Phase2_Migrated,293
1790265964.620493066,Phase2_Migrated,293
1790265964.719477267,Phase2_Migrated,293
1790265964.817411254,Phase2_Migrated,293
1790265964.887013935,Phase2_Migrated,293
1790265964.985338545,Phase2_Migrated,293
1790265965.084877256,Phase2_Migrated,293
1790265965.165701850,Phase2_Migrated,293
1790265965.250637081,Phase2_Migrated,293
1790265966.439427881,Uninterrupted_Baseline,1
1790265966.521153877,Uninterrupted_Baseline,1
1790265966.595081249,Uninterrupted_Baseline,1
1790265966.666273743,Uninterrupted_Baseline,1
1790265966.748533339,Uninterrupted_Baseline,1
1790265966.832221024,Uninterrupted_Baseline,1
1790265966.916339565,Uninterrupted_Baseline,1
1790265966.996226246,Uninterrupted_Baseline,1
1790265967.068099851,Uninterrupted_Baseline,1
1790265967.153288182,Uninterrupted_Baseline,1
1790265967.234192836,Uninterrupted_Baseline,1
1790265967.319801016,Uninterrupted_Baseline,1
1790265967.385112348,Uninterrupted_Baseline,1
1790265967.460987380,Uninterrupted_Baseline,1
1790265967.536065394,Uninterrupted_Baseline,1
1790265967.616554951,Uninterrupted_Baseline,1
1790265967.701299048,Uninterrupted_Baseline,1
1790265967.782334801,Uninterrupted_Baseline,1
1790265967.782334801,Uninterrupted_Baseline,10
1790265967.872312037,Uninterrupted_Baseline,1
1790265967.872312037,Uninterrupted_Baseline,18
1790265967.957172734,Uninterrupted_Baseline,1
1790265967.957172734,Uninterrupted_Baseline,60
1790265968.044633584,Uninterrupted_Baseline,1
1790265968.044633584,Uninterrupted_Baseline,116
1790265968.122593834,Uninterrupted_Baseline,1
1790265968.122593834,Uninterrupted_Baseline,231
1790265968.191039961,Uninterrupted_Baseline,1
1790265968.191039961,Uninterrupted_Baseline,333
1790265968.259617763,Uninterrupted_Baseline,1
1790265968.259617763,Uninterrupted_Baseline,333
1790265968.322375985,Uninterrupted_Baseline,1
1790265968.322375985,Uninterrupted_Baseline,333
1790265968.407404591,Uninterrupted_Baseline,1
1790265968.407404591,Uninterrupted_Baseline,334
1790265968.463500005,Uninterrupted_Baseline,1
1790265968.463500005,Uninterrupted_Baseline,334
1790265968.536791547,Uninterrupted_Baseline,1
1790265968.536791547,Uninterrupted_Baseline,335
1790265968.598853340,Uninterrupted_Baseline,1
1790265968.598853340,Uninterrupted_Baseline,335
1790265968.675749081,Uninterrupted_Baseline,1
1790265968.675749081,Uninterrupted_Baseline,336
1790265968.745801043,Uninterrupted_Baseline,1
1790265968.745801043,Uninterrupted_Baseline,336
1790265968.824591254,Uninterrupted_Baseline,1
1790265968.824591254,Uninterrupted_Baseline,337
1790265968.903706739,Uninterrupted_Baseline,1
1790265968.903706739,Uninterrupted_Baseline,337
1790265968.983217310,Uninterrupted_Baseline,1
1790265968.983217310,Uninterrupted_Baseline,338
1790265969.065799575,Uninterrupted_Baseline,1
1790265969.065799575,Uninterrupted_Baseline,338
1790265969.124809869,Uninterrupted_Baseline,1
1790265969.124809869,Uninterrupted_Baseline,338
1790265969.190723659,Uninterrupted_Baseline,1
1790265969.190723659,Uninterrupted_Baseline,339
1790265969.265926065,Uninterrupted_Baseline,1
1790265969.265926065,Uninterrupted_Baseline,340
1790265969.344045170,Uninterrupted_Baseline,1
1790265969.344045170,Uninterrupted_Baseline,340
1790265969.417810651,Uninterrupted_Baseline,1
1790265969.417810651,Uninterrupted_Baseline,340
1790265969.478684506,Uninterrupted_Baseline,1
1790265969.478684506,Uninterrupted_Baseline,341
1790265969.555373476,Uninterrupted_Baseline,1
1790265969.555373476,Uninterrupted_Baseline,341
1790265969.633023635,Uninterrupted_Baseline,1
1790265969.633023635,Uninterrupted_Baseline,342
1790265969.706641610,Uninterrupted_Baseline,1
1790265969.706641610,Uninterrupted_Baseline,342
1790265969.778483191,Uninterrupted_Baseline,1
1790265969.778483191,Uninterrupted_Baseline,343
1790265969.851153474,Uninterrupted_Baseline,1
1790265969.851153474,Uninterrupted_Baseline,343
1790265969.939583565,Uninterrupted_Baseline,1
1790265969.939583565,Uninterrupted_Baseline,344
1790265970.015707779,Uninterrupted_Baseline,1
1790265970.015707779,Uninterrupted_Baseline,344
1790265970.089811085,Uninterrupted_Baseline,1
1790265970.089811085,Uninterrupted_Baseline,345
1790265970.151572895,Uninterrupted_Baseline,1
1790265970.151572895,Uninterrupted_Baseline,345
1790265970.221127380,Uninterrupted_Baseline,1
1790265970.221127380,Uninterrupted_Baseline,346
1790265970.299689756,Uninterrupted_Baseline,1
1790265970.299689756,Uninterrupted_Baseline,346
1790265970.383188122,Uninterrupted_Baseline,1
1790265970.383188122,Uninterrupted_Baseline,347
1790265970.464395724,Uninterrupted_Baseline,1
1790265970.464395724,Uninterrupted_Baseline,347
1790265970.540542741,Uninterrupted_Baseline,1
1790265970.540542741,Uninterrupted_Baseline,348
1790265970.606505792,Uninterrupted_Baseline,1
1790265970.606505792,Uninterrupted_Baseline,348
1790265970.688621132,Uninterrupted_Baseline,1
1790265970.688621132,Uninterrupted_Baseline,348
1790265970.772799850,Uninterrupted_Baseline,1
1790265970.772799850,Uninterrupted_Baseline,316
1790265970.844442590,Uninterrupted_Baseline,1
1790265970.844442590,Uninterrupted_Baseline,244
1790265970.929310398,Uninterrupted_Baseline,1
1790265970.929310398,Uninterrupted_Baseline,248
1790265971.013417677,Uninterrupted_Baseline,1
1790265971.013417677,Uninterrupted_Baseline,252
1790265971.105140654,Uninterrupted_Baseline,1
1790265971.105140654,Uninterrupted_Baseline,256
1790265971.190008056,Uninterrupted_Baseline,1
1790265971.190008056,Uninterrupted_Baseline,260
1790265971.263725545,Uninterrupted_Baseline,1
1790265971.263725545,Uninterrupted_Baseline,263
1790265971.345231078,Uninterrupted_Baseline,1
1790265971.345231078,Uninterrupted_Baseline,266
1790265971.427305911,Uninterrupted_Baseline,1
1790265971.427305911,Uninterrupted_Baseline,270
1790265971.496078711,Uninterrupted_Baseline,1
1790265971.496078711,Uninterrupted_Baseline,272
1790265971.582088724,Uninterrupted_Baseline,1
1790265971.582088724,Uninterrupted_Baseline,276
1790265971.667427648,Uninterrupted_Baseline,1
1790265971.667427648,Uninterrupted_Baseline,279
1790265971.738243527,Uninterrupted_Baseline,1
1790265971.738243527,Uninterrupted_Baseline,282
1790265971.819421078,Uninterrupted_Baseline,1
1790265971.819421078,Uninterrupted_Baseline,285
1790265971.896075324,Uninterrupted_Baseline,1
1790265971.896075324,Uninterrupted_Baseline,288
1790265971.971509802,Uninterrupted_Baseline,1
1790265971.971509802,Uninterrupted_Baseline,290
1790265972.040716524,Uninterrupted_Baseline,1
1790265972.040716524,Uninterrupted_Baseline,293
1790265972.120020981,Uninterrupted_Baseline,1
1790265972.120020981,Uninterrupted_Baseline,295
1790265972.201395073,Uninterrupted_Baseline,1
1790265972.201395073,Uninterrupted_Baseline,298
1790265972.281625196,Uninterrupted_Baseline,1
1790265972.281625196,Uninterrupted_Baseline,300
1790265972.361412004,Uninterrupted_Baseline,1
1790265972.361412004,Uninterrupted_Baseline,302
1790265972.437135398,Uninterrupted_Baseline,1
1790265972.437135398,Uninterrupted_Baseline,305
1790265972.520413834,Uninterrupted_Baseline,1
1790265972.520413834,Uninterrupted_Baseline,307
1790265972.597637438,Uninterrupted_Baseline,1
1790265972.597637438,Uninterrupted_Baseline,309
1790265972.683095886,Uninterrupted_Baseline,1
1790265972.683095886,Uninterrupted_Baseline,311
1790265972.762571033,Uninterrupted_Baseline,1
1790265972.762571033,Uninterrupted_Baseline,313
1790265972.833506575,Uninterrupted_Baseline,1
1790265972.833506575,Uninterrupted_Baseline,315
1790265972.914075163,Uninterrupted_Baseline,1
1790265972.914075163,Uninterrupted_Baseline,317
1790265973.001075981,Uninterrupted_Baseline,1
1790265973.001075981,Uninterrupted_Baseline,319
1790265973.087975384,Uninterrupted_Baseline,1
1790265973.087975384,Uninterrupted_Baseline,321
1790265973.157340714,Uninterrupted_Baseline,1
1790265973.157340714,Uninterrupted_Baseline,322
1790265973.226522845,Uninterrupted_Baseline,1
1790265973.226522845,Uninterrupted_Baseline,323
1790265973.290557247,Uninterrupted_Baseline,1
1790265973.290557247,Uninterrupted_Baseline,325
1790265973.377975106,Uninterrupted_Baseline,1
1790265973.377975106,Uninterrupted_Baseline,326
1790265973.465527979,Uninterrupted_Baseline,1
1790265973.465527979,Uninterrupted_Baseline,328
1790265973.548547103,Uninterrupted_Baseline,1
1790265973.548547103,Uninterrupted_Baseline,329
1790265973.630957238,Uninterrupted_Baseline,1
1790265973.630957238,Uninterrupted_Baseline,330
1790265973.714369854,Uninterrupted_Baseline,1
1790265973.714369854,Uninterrupted_Baseline,332
1790265973.805643988,Uninterrupted_Baseline,1
1790265973.805643988,Uninterrupted_Baseline,333
1790265973.888075307,Uninterrupted_Baseline,1
1790265973.888075307,Uninterrupted_Baseline,334
1790265973.970477135,Uninterrupted_Baseline,1
1790265973.970477135,Uninterrupted_Baseline,335
1790265974.051204975,Uninterrupted_Baseline,1
1790265974.051204975,Uninterrupted_Baseline,336
1790265974.126939555,Uninterrupted_Baseline,1
1790265974.126939555,Uninterrupted_Baseline,337
1790265974.214106909,Uninterrupted_Baseline,1
1790265974.214106909,Uninterrupted_Baseline,338
1790265974.298532423,Uninterrupted_Baseline,1
1790265974.298532423,Uninterrupted_Baseline,339
1790265974.379509460,Uninterrupted_Baseline,1
1790265974.379509460,Uninterrupted_Baseline,340
1790265974.460342995,Uninterrupted_Baseline,1
1790265974.460342995,Uninterrupted_Baseline,341
1790265974.545381359,Uninterrupted_Baseline,1
1790265974.545381359,Uninterrupted_Baseline,342
1790265974.631256717,Uninterrupted_Baseline,1
1790265974.631256717,Uninterrupted_Baseline,343
1790265974.720316111,Uninterrupted_Baseline,1
1790265974.720316111,Uninterrupted_Baseline,329
1790265974.805846941,Uninterrupted_Baseline,1
1790265974.805846941,Uninterrupted_Baseline,240
1790265974.858501307,Uninterrupted_Baseline,1
1790265974.858501307,Uninterrupted_Baseline,240
1790265974.919811393,Uninterrupted_Baseline,1
1790265974.919811393,Uninterrupted_Baseline,240
1790265974.988257432,Uninterrupted_Baseline,1
1790265974.988257432,Uninterrupted_Baseline,168
1790265975.070994769,Uninterrupted_Baseline,1
1790265975.070994769,Uninterrupted_Baseline,168
1790265975.140966029,Uninterrupted_Baseline,1
1790265975.140966029,Uninterrupted_Baseline,168
1790265975.222760429,Uninterrupted_Baseline,1
1790265975.222760429,Uninterrupted_Baseline,118
1790265975.305398734,Uninterrupted_Baseline,1
1790265975.305398734,Uninterrupted_Baseline,120
1790265975.384292366,Uninterrupted_Baseline,1
1790265975.384292366,Uninterrupted_Baseline,121
1790265975.464362405,Uninterrupted_Baseline,1
1790265975.464362405,Uninterrupted_Baseline,122
1790265975.546399733,Uninterrupted_Baseline,1
1790265975.546399733,Uninterrupted_Baseline,124
1790265975.625832290,Uninterrupted_Baseline,1
1790265975.625832290,Uninterrupted_Baseline,125
1790265975.714269887,Uninterrupted_Baseline,1
1790265975.714269887,Uninterrupted_Baseline,126
1790265975.801080914,Uninterrupted_Baseline,1
1790265975.801080914,Uninterrupted_Baseline,127
1790265975.885410645,Uninterrupted_Baseline,1
1790265975.885410645,Uninterrupted_Baseline,129
1790265975.969262707,Uninterrupted_Baseline,1
1790265975.969262707,Uninterrupted_Baseline,130
1790265976.049723915,Uninterrupted_Baseline,1
1790265976.049723915,Uninterrupted_Baseline,131
1790265976.126372247,Uninterrupted_Baseline,1
1790265976.126372247,Uninterrupted_Baseline,132
1790265976.212397666,Uninterrupted_Baseline,1
1790265976.212397666,Uninterrupted_Baseline,133
1790265976.279277386,Uninterrupted_Baseline,1
1790265976.279277386,Uninterrupted_Baseline,134
1790265976.355206902,Uninterrupted_Baseline,1
1790265976.355206902,Uninterrupted_Baseline,135
1790265976.420334983,Uninterrupted_Baseline,1
1790265976.420334983,Uninterrupted_Baseline,135
1790265976.500563599,Uninterrupted_Baseline,1
1790265976.500563599,Uninterrupted_Baseline,136
1790265976.573525879,Uninterrupted_Baseline,1
1790265976.573525879,Uninterrupted_Baseline,137
1790265976.659746180,Uninterrupted_Baseline,1
1790265976.659746180,Uninterrupted_Baseline,137
1790265976.747617252,Uninterrupted_Baseline,1
1790265976.747617252,Uninterrupted_Baseline,138
1790265976.836454400,Uninterrupted_Baseline,1
1790265976.836454400,Uninterrupted_Baseline,139
1790265976.928769908,Uninterrupted_Baseline,1
1790265976.928769908,Uninterrupted_Baseline,139
1790265977.014315918,Uninterrupted_Baseline,1
1790265977.014315918,Uninterrupted_Baseline,139
1790265977.086572435,Uninterrupted_Baseline,1
1790265977.086572435,Uninterrupted_Baseline,140
1790265977.170276884,Uninterrupted_Baseline,1
1790265977.170276884,Uninterrupted_Baseline,140
1790265977.267632818,Uninterrupted_Baseline,1
1790265977.267632818,Uninterrupted_Baseline,141
1790265977.331553023,Uninterrupted_Baseline,1
1790265977.331553023,Uninterrupted_Baseline,141
1790265977.391779064,Uninterrupted_Baseline,1
1790265977.391779064,Uninterrupted_Baseline,141
1790265977.483476771,Uninterrupted_Baseline,1
1790265977.483476771,Uninterrupted_Baseline,142
1790265977.571733706,Uninterrupted_Baseline,1
1790265977.571733706,Uninterrupted_Baseline,142
1790265977.662370081,Uninterrupted_Baseline,1
1790265977.662370081,Uninterrupted_Baseline,142
1790265977.750432615,Uninterrupted_Baseline,1
1790265977.750432615,Uninterrupted_Baseline,142
1790265977.838580661,Uninterrupted_Baseline,1
1790265977.838580661,Uninterrupted_Baseline,143
1790265977.920257220,Uninterrupted_Baseline,1
1790265977.920257220,Uninterrupted_Baseline,143
1790265978.003295365,Uninterrupted_Baseline,1
1790265978.003295365,Uninterrupted_Baseline,143
1790265978.079740425,Uninterrupted_Baseline,1
1790265978.079740425,Uninterrupted_Baseline,143
1790265978.150960073,Uninterrupted_Baseline,1
1790265978.150960073,Uninterrupted_Baseline,143
1790265978.241102385,Uninterrupted_Baseline,1
1790265978.241102385,Uninterrupted_Baseline,143
1790265978.296871992,Uninterrupted_Baseline,1
1790265978.296871992,Uninterrupted_Baseline,143
1790265978.376892943,Uninterrupted_Baseline,1
1790265978.376892943,Uninterrupted_Baseline,143
1790265978.445810834,Uninterrupted_Baseline,1
1790265978.445810834,Uninterrupted_Baseline,143
1790265978.498834522,Uninterrupted_Baseline,1
1790265978.498834522,Uninterrupted_Baseline,143
1790265978.565093956,Uninterrupted_Baseline,1
1790265978.565093956,Uninterrupted_Baseline,143
1790265978.632413273,Uninterrupted_Baseline,1
1790265978.632413273,Uninterrupted_Baseline,143
1790265978.707862778,Uninterrupted_Baseline,1
1790265978.707862778,Uninterrupted_Baseline,143
1790265978.786532192,Uninterrupted_Baseline,1
1790265978.786532192,Uninterrupted_Baseline,143
1790265978.870015961,Uninterrupted_Baseline,1
1790265978.870015961,Uninterrupted_Baseline,143
1790265978.949439837,Uninterrupted_Baseline,1
1790265978.949439837,Uninterrupted_Baseline,143
1790265979.000730688,Uninterrupted_Baseline,1
1790265979.000730688,Uninterrupted_Baseline,144
1790265979.065712353,Uninterrupted_Baseline,1
1790265979.065712353,Uninterrupted_Baseline,144
1790265979.124494796,Uninterrupted_Baseline,1
1790265979.124494796,Uninterrupted_Baseline,145
1790265979.178360010,Uninterrupted_Baseline,1
1790265979.178360010,Uninterrupted_Baseline,145
1790265979.242488848,Uninterrupted_Baseline,1
1790265979.242488848,Uninterrupted_Baseline,145
1790265979.323878789,Uninterrupted_Baseline,1
1790265979.323878789,Uninterrupted_Baseline,146
1790265979.402594847,Uninterrupted_Baseline,1
1790265979.402594847,Uninterrupted_Baseline,147
1790265979.495171746,Uninterrupted_Baseline,147
1790265979.563774097,Uninterrupted_Baseline,148
1790265979.639359586,Uninterrupted_Baseline,148
1790265979.720747058,Uninterrupted_Baseline,149
1790265979.806723272,Uninterrupted_Baseline,149
1790265979.890577933,Uninterrupted_Baseline,150
1790265979.975112621,Uninterrupted_Baseline,151
1790265980.074431970,Uninterrupted_Baseline,151
1790265980.162991936,Uninterrupted_Baseline,152
1790265980.247401304,Uninterrupted_Baseline,153
1790265980.334732791,Uninterrupted_Baseline,153
1790265980.398080962,Uninterrupted_Baseline,153
1790265980.476871110,Uninterrupted_Baseline,154
1790265980.546014782,Uninterrupted_Baseline,155
1790265980.631097536,Uninterrupted_Baseline,155
1790265980.716501837,Uninterrupted_Baseline,156
1790265980.803887834,Uninterrupted_Baseline,156
1790265980.886151129,Uninterrupted_Baseline,157
1790265980.974128974,Uninterrupted_Baseline,158
1790265981.062145057,Uninterrupted_Baseline,158
1790265981.150944937,Uninterrupted_Baseline,159
1790265981.226795709,Uninterrupted_Baseline,159
1790265981.293280724,Uninterrupted_Baseline,160
1790265981.378799426,Uninterrupted_Baseline,160
1790265981.462244193,Uninterrupted_Baseline,161
1790265981.546850249,Uninterrupted_Baseline,161
1790265981.625179806,Uninterrupted_Baseline,162
1790265981.709997919,Uninterrupted_Baseline,163
1790265981.785305047,Uninterrupted_Baseline,163
1790265981.870487213,Uninterrupted_Baseline,164
1790265981.951213337,Uninterrupted_Baseline,164
1790265982.038528370,Uninterrupted_Baseline,165
1790265982.126634778,Uninterrupted_Baseline,166
1790265982.214546986,Uninterrupted_Baseline,166
1790265982.304337166,Uninterrupted_Baseline,167
1790265982.389488480,Uninterrupted_Baseline,168
1790265982.477744863,Uninterrupted_Baseline,168
1790265982.547152561,Uninterrupted_Baseline,169
1790265982.628997753,Uninterrupted_Baseline,169
1790265982.711763969,Uninterrupted_Baseline,170
1790265982.782543102,Uninterrupted_Baseline,170
1790265982.866753987,Uninterrupted_Baseline,171
1790265982.949892260,Uninterrupted_Baseline,171
1790265983.034057485,Uninterrupted_Baseline,172
1790265983.116335523,Uninterrupted_Baseline,173
1790265983.212120280,Uninterrupted_Baseline,173
1790265983.295287240,Uninterrupted_Baseline,174
1790265983.378808754,Uninterrupted_Baseline,174
1790265983.450535996,Uninterrupted_Baseline,175
1790265983.530478748,Uninterrupted_Baseline,176
1790265983.611432310,Uninterrupted_Baseline,177
1790265983.691521153,Uninterrupted_Baseline,178
1790265983.758864456,Uninterrupted_Baseline,180
1790265983.830535992,Uninterrupted_Baseline,182
1790265983.911766948,Uninterrupted_Baseline,184
1790265983.979684438,Uninterrupted_Baseline,186
1790265984.065178854,Uninterrupted_Baseline,188
1790265984.148826563,Uninterrupted_Baseline,191
1790265984.227588354,Uninterrupted_Baseline,193
1790265984.307490234,Uninterrupted_Baseline,195
1790265984.388042704,Uninterrupted_Baseline,197
1790265984.468806045,Uninterrupted_Baseline,201
1790265984.552092841,Uninterrupted_Baseline,203
1790265984.636152040,Uninterrupted_Baseline,206
1790265984.725890120,Uninterrupted_Baseline,209
1790265984.811980555,Uninterrupted_Baseline,213
1790265984.888863721,Uninterrupted_Baseline,215
1790265984.971526983,Uninterrupted_Baseline,218
1790265985.034458956,Uninterrupted_Baseline,221
1790265985.090498635,Uninterrupted_Baseline,224
1790265985.158243359,Uninterrupted_Baseline,226
1790265985.237274565,Uninterrupted_Baseline,229
1790265985.320271352,Uninterrupted_Baseline,234
1790265985.406386937,Uninterrupted_Baseline,238
1790265985.493011901,Uninterrupted_Baseline,242
1790265985.581017944,Uninterrupted_Baseline,246
1790265985.664195886,Uninterrupted_Baseline,250
1790265985.746459649,Uninterrupted_Baseline,254
1790265985.822983922,Uninterrupted_Baseline,258
1790265985.903710097,Uninterrupted_Baseline,261
1790265985.969494191,Uninterrupted_Baseline,265
1790265986.048460937,Uninterrupted_Baseline,270
1790265986.130519040,Uninterrupted_Baseline,275
1790265986.212266954,Uninterrupted_Baseline,279
1790265986.281255064,Uninterrupted_Baseline,283
1790265986.347700358,Uninterrupted_Baseline,288
1790265986.435710152,Uninterrupted_Baseline,293
1790265986.520982142,Uninterrupted_Baseline,298
1790265986.601039829,Uninterrupted_Baseline,304
1790265986.686372280,Uninterrupted_Baseline,309
1790265986.769868348,Uninterrupted_Baseline,315
1790265986.854216439,Uninterrupted_Baseline,321
1790265986.938628245,Uninterrupted_Baseline,326
1790265987.016824237,Uninterrupted_Baseline,332
1790265987.105239239,Uninterrupted_Baseline,339
1790265987.192414564,Uninterrupted_Baseline,345
1790265987.267246202,Uninterrupted_Baseline,351
1790265987.343729481,Uninterrupted_Baseline,357
1790265987.422306047,Uninterrupted_Baseline,363
1790265987.506247035,Uninterrupted_Baseline,311
1790265987.595598091,Uninterrupted_Baseline,256
1790265987.676330221,Uninterrupted_Baseline,256
1790265987.765128536,Uninterrupted_Baseline,260
1790265987.838753977,Uninterrupted_Baseline,263
1790265987.924999987,Uninterrupted_Baseline,268
1790265988.009435464,Uninterrupted_Baseline,271
1790265988.083365914,Uninterrupted_Baseline,275
1790265988.160594056,Uninterrupted_Baseline,278
1790265988.237743101,Uninterrupted_Baseline,281
1790265988.290007681,Uninterrupted_Baseline,284
1790265988.356345344,Uninterrupted_Baseline,286
1790265988.426860570,Uninterrupted_Baseline,289
1790265988.479613468,Uninterrupted_Baseline,291
1790265988.536893845,Uninterrupted_Baseline,293
1790265988.593600518,Uninterrupted_Baseline,295
1790265988.652247221,Uninterrupted_Baseline,298
1790265988.729787032,Uninterrupted_Baseline,301
1790265988.797211985,Uninterrupted_Baseline,303
1790265988.875577672,Uninterrupted_Baseline,306
1790265988.944537421,Uninterrupted_Baseline,309
1790265989.024771206,Uninterrupted_Baseline,311
1790265989.103226117,Uninterrupted_Baseline,314
1790265989.184251933,Uninterrupted_Baseline,316
1790265989.266313716,Uninterrupted_Baseline,318
1790265989.351315769,Uninterrupted_Baseline,321
1790265989.437075424,Uninterrupted_Baseline,323
1790265989.519427030,Uninterrupted_Baseline,326
1790265989.602118587,Uninterrupted_Baseline,327
1790265989.683690356,Uninterrupted_Baseline,330
1790265989.769983301,Uninterrupted_Baseline,332
1790265989.850404247,Uninterrupted_Baseline,334
1790265989.936245624,Uninterrupted_Baseline,336
1790265990.013390846,Uninterrupted_Baseline,338
1790265990.096243751,Uninterrupted_Baseline,340
1790265990.173725841,Uninterrupted_Baseline,341
1790265990.256159847,Uninterrupted_Baseline,343
1790265990.338436388,Uninterrupted_Baseline,344
1790265990.418954024,Uninterrupted_Baseline,346
1790265990.483538354,Uninterrupted_Baseline,347
1790265990.565324944,Uninterrupted_Baseline,348
1790265990.647604302,Uninterrupted_Baseline,349
1790265990.734155311,Uninterrupted_Baseline,351
1790265990.815511702,Uninterrupted_Baseline,352
1790265990.888052177,Uninterrupted_Baseline,353
1790265990.951110577,Uninterrupted_Baseline,297
1790265991.040198747,Uninterrupted_Baseline,248
1790265991.117690366,Uninterrupted_Baseline,250
1790265991.202470141,Uninterrupted_Baseline,253
1790265991.271402946,Uninterrupted_Baseline,255
1790265991.334087282,Uninterrupted_Baseline,257
1790265991.416050592,Uninterrupted_Baseline,259
1790265991.496834063,Uninterrupted_Baseline,261
1790265991.555217909,Uninterrupted_Baseline,262
1790265991.639813227,Uninterrupted_Baseline,265
1790265991.722104457,Uninterrupted_Baseline,267
1790265991.804851866,Uninterrupted_Baseline,269
1790265991.888854674,Uninterrupted_Baseline,271
1790265991.973314841,Uninterrupted_Baseline,272
1790265992.062735172,Uninterrupted_Baseline,274
1790265992.147358448,Uninterrupted_Baseline,276
1790265992.228403737,Uninterrupted_Baseline,277
1790265992.308511409,Uninterrupted_Baseline,278
1790265992.387860276,Uninterrupted_Baseline,280
1790265992.478411533,Uninterrupted_Baseline,281
1790265992.566378427,Uninterrupted_Baseline,282
1790265992.648277170,Uninterrupted_Baseline,284
1790265992.734200672,Uninterrupted_Baseline,285
1790265992.811161624,Uninterrupted_Baseline,286
1790265992.895084624,Uninterrupted_Baseline,287
1790265992.982245789,Uninterrupted_Baseline,288
1790265993.065596893,Uninterrupted_Baseline,289
1790265993.154901518,Uninterrupted_Baseline,291
1790265993.240943226,Uninterrupted_Baseline,292
1790265993.327361812,Uninterrupted_Baseline,292
1790265993.414705573,Uninterrupted_Baseline,293
1790265993.501570160,Uninterrupted_Baseline,294
1790265993.585227517,Uninterrupted_Baseline,295
1790265993.670349047,Uninterrupted_Baseline,295
1790265993.762742813,Uninterrupted_Baseline,296
1790265993.847355401,Uninterrupted_Baseline,296
1790265993.932137042,Uninterrupted_Baseline,297
1790265994.018196214,Uninterrupted_Baseline,297
1790265994.106116991,Uninterrupted_Baseline,298
1790265994.196045902,Uninterrupted_Baseline,298
1790265994.282561785,Uninterrupted_Baseline,298
1790265994.349938713,Uninterrupted_Baseline,298
1790265994.437677632,Uninterrupted_Baseline,299
1790265994.517949390,Uninterrupted_Baseline,299
1790265994.602741877,Uninterrupted_Baseline,299
1790265994.684837955,Uninterrupted_Baseline,299
1790265994.768866386,Uninterrupted_Baseline,300
1790265994.843985563,Uninterrupted_Baseline,300
1790265994.939325491,Uninterrupted_Baseline,300
1790265994.997239674,Uninterrupted_Baseline,300
1790265995.061106764,Uninterrupted_Baseline,300
1790265995.136111491,Uninterrupted_Baseline,300
1790265995.204992957,Uninterrupted_Baseline,300
1790265995.291275423,Uninterrupted_Baseline,300
1790265995.384255262,Uninterrupted_Baseline,300
1790265995.471163036,Uninterrupted_Baseline,300
1790265995.566211782,Uninterrupted_Baseline,300
1790265995.649186972,Uninterrupted_Baseline,300
1790265995.735741076,Uninterrupted_Baseline,300
1790265995.802448647,Uninterrupted_Baseline,300
1790265995.886384443,Uninterrupted_Baseline,300
1790265995.968221462,Uninterrupted_Baseline,300
1790265996.050936716,Uninterrupted_Baseline,300
1790265996.127417197,Uninterrupted_Baseline,300
1790265996.193593147,Uninterrupted_Baseline,300
1790265996.255511294,Uninterrupted_Baseline,300
1790265996.333614457,Uninterrupted_Baseline,300
1790265996.401872236,Uninterrupted_Baseline,300
1790265996.474131110,Uninterrupted_Baseline,300
1790265996.538846773,Uninterrupted_Baseline,300
1790265996.601080122,Uninterrupted_Baseline,300
1790265996.681173130,Uninterrupted_Baseline,300
1790265996.757121891,Uninterrupted_Baseline,300
1790265996.844883136,Uninterrupted_Baseline,300
1790265996.915393911,Uninterrupted_Baseline,300
1790265996.996717918,Uninterrupted_Baseline,300
1790265997.080885379,Uninterrupted_Baseline,300
1790265997.164239387,Uninterrupted_Baseline,300
1790265997.250002257,Uninterrupted_Baseline,300
1790265997.341365414,Uninterrupted_Baseline,300
1790265997.428708985,Uninterrupted_Baseline,301
1790265997.513773826,Uninterrupted_Baseline,301
1790265997.595274729,Uninterrupted_Baseline,301
1790265997.678615348,Uninterrupted_Baseline,301
1790265997.768551525,Uninterrupted_Baseline,301
1790265997.847289456,Uninterrupted_Baseline,302
1790265997.931405180,Uninterrupted_Baseline,302
1790265998.013541023,Uninterrupted_Baseline,302
1790265998.084155580,Uninterrupted_Baseline,303
1790265998.167072080,Uninterrupted_Baseline,303
1790265998.241603141,Uninterrupted_Baseline,304
1790265998.299052683,Uninterrupted_Baseline,304
1790265998.375776276,Uninterrupted_Baseline,304
1790265998.435458783,Uninterrupted_Baseline,305
1790265998.483586683,Uninterrupted_Baseline,305
1790265998.536371464,Uninterrupted_Baseline,305
1790265998.591008363,Uninterrupted_Baseline,306
1790265998.643624466,Uninterrupted_Baseline,306
1790265998.704383106,Uninterrupted_Baseline,307
1790265998.778837336,Uninterrupted_Baseline,308
1790265998.856706781,Uninterrupted_Baseline,308
1790265998.943364438,Uninterrupted_Baseline,309
1790265999.028551297,Uninterrupted_Baseline,310
1790265999.108425386,Uninterrupted_Baseline,311
1790265999.174271920,Uninterrupted_Baseline,312
1790265999.239557106,Uninterrupted_Baseline,313
1790265999.322676299,Uninterrupted_Baseline,313
1790265999.404239843,Uninterrupted_Baseline,314
1790265999.485741562,Uninterrupted_Baseline,315
1790265999.566299429,Uninterrupted_Baseline,316
1790265999.654370891,Uninterrupted_Baseline,318
1790265999.735805660,Uninterrupted_Baseline,319
1790265999.814291653,Uninterrupted_Baseline,320
1790265999.880084463,Uninterrupted_Baseline,321
1790265999.940305948,Uninterrupted_Baseline,322
1790266000.020270419,Uninterrupted_Baseline,323
1790266000.099950801,Uninterrupted_Baseline,325
1790266000.182875032,Uninterrupted_Baseline,326
1790266000.265202498,Uninterrupted_Baseline,328
1790266000.350485112,Uninterrupted_Baseline,330
1790266000.433898127,Uninterrupted_Baseline,332
1790266000.517055086,Uninterrupted_Baseline,333
1790266000.590280377,Uninterrupted_Baseline,335
1790266000.675200012,Uninterrupted_Baseline,338
1790266000.761242146,Uninterrupted_Baseline,340
1790266000.846845371,Uninterrupted_Baseline,342
1790266000.923146842,Uninterrupted_Baseline,344
1790266001.014297305,Uninterrupted_Baseline,346
1790266001.093578154,Uninterrupted_Baseline,348
1790266001.167014291,Uninterrupted_Baseline,297
1790266001.250942603,Uninterrupted_Baseline,246
1790266001.331475100,Uninterrupted_Baseline,250
1790266001.409276528,Uninterrupted_Baseline,254
1790266001.487426432,Uninterrupted_Baseline,257
1790266001.557416443,Uninterrupted_Baseline,260
1790266001.635212472,Uninterrupted_Baseline,263
1790266001.709486617,Uninterrupted_Baseline,267
1790266001.775783550,Uninterrupted_Baseline,269
1790266001.841344060,Uninterrupted_Baseline,272
1790266001.913944005,Uninterrupted_Baseline,274
1790266001.980752708,Uninterrupted_Baseline,277
1790266002.046241263,Uninterrupted_Baseline,280
1790266002.130940096,Uninterrupted_Baseline,283
1790266002.213090959,Uninterrupted_Baseline,286
1790266002.297314256,Uninterrupted_Baseline,289
1790266002.377839652,Uninterrupted_Baseline,292
1790266002.462232448,Uninterrupted_Baseline,295
1790266002.543255060,Uninterrupted_Baseline,297
1790266002.623947681,Uninterrupted_Baseline,299
1790266002.705348826,Uninterrupted_Baseline,302
1790266002.791424934,Uninterrupted_Baseline,305
1790266002.874450926,Uninterrupted_Baseline,307
1790266002.957548922,Uninterrupted_Baseline,309
1790266003.042735657,Uninterrupted_Baseline,311
1790266003.104637698,Uninterrupted_Baseline,313
1790266003.169684238,Uninterrupted_Baseline,315
1790266003.254234630,Uninterrupted_Baseline,317
1790266003.337738940,Uninterrupted_Baseline,319
1790266003.422945039,Uninterrupted_Baseline,321
1790266003.506538880,Uninterrupted_Baseline,322
1790266003.594550437,Uninterrupted_Baseline,324
1790266003.673182790,Uninterrupted_Baseline,326
1790266003.755996269,Uninterrupted_Baseline,327
1790266003.823847806,Uninterrupted_Baseline,328
1790266003.909459603,Uninterrupted_Baseline,330
1790266003.994694407,Uninterrupted_Baseline,331
1790266004.074146832,Uninterrupted_Baseline,332
1790266004.134740000,Uninterrupted_Baseline,333
1790266004.212629595,Uninterrupted_Baseline,334
1790266004.285262616,Uninterrupted_Baseline,335
1790266004.376307103,Uninterrupted_Baseline,337
1790266004.455454220,Uninterrupted_Baseline,338
1790266004.536835242,Uninterrupted_Baseline,338
1790266004.619079453,Uninterrupted_Baseline,340
1790266004.706875047,Uninterrupted_Baseline,341
1790266004.789951534,Uninterrupted_Baseline,342
1790266004.866271142,Uninterrupted_Baseline,342
1790266004.931152384,Uninterrupted_Baseline,343
1790266005.004233541,Uninterrupted_Baseline,344
1790266005.096826500,Uninterrupted_Baseline,344
1790266005.152864634,Uninterrupted_Baseline,345
1790266005.212427634,Uninterrupted_Baseline,345
1790266005.275674680,Uninterrupted_Baseline,346
1790266005.354401574,Uninterrupted_Baseline,346
1790266005.436477260,Uninterrupted_Baseline,346
1790266005.524538863,Uninterrupted_Baseline,347
1790266005.611148404,Uninterrupted_Baseline,347
1790266005.695110430,Uninterrupted_Baseline,348
1790266005.779387658,Uninterrupted_Baseline,348
1790266005.865453345,Uninterrupted_Baseline,349
1790266005.952808991,Uninterrupted_Baseline,349
1790266006.036886708,Uninterrupted_Baseline,272
1790266006.113882651,Uninterrupted_Baseline,244
1790266006.198039855,Uninterrupted_Baseline,244
1790266006.282182933,Uninterrupted_Baseline,228
1790266006.358578031,Uninterrupted_Baseline,171
1790266006.443073293,Uninterrupted_Baseline,173
1790266006.526415827,Uninterrupted_Baseline,175
1790266006.611437652,Uninterrupted_Baseline,177
1790266006.689046704,Uninterrupted_Baseline,179
1790266006.763963612,Uninterrupted_Baseline,181
1790266006.849635781,Uninterrupted_Baseline,182
1790266006.931362739,Uninterrupted_Baseline,184
1790266007.012759632,Uninterrupted_Baseline,185
1790266007.089532887,Uninterrupted_Baseline,186
1790266007.177565312,Uninterrupted_Baseline,188
1790266007.263217720,Uninterrupted_Baseline,189
1790266007.334097089,Uninterrupted_Baseline,190
1790266007.397621301,Uninterrupted_Baseline,191
1790266007.480036051,Uninterrupted_Baseline,192
1790266007.542398879,Uninterrupted_Baseline,193
1790266007.617417308,Uninterrupted_Baseline,194
1790266007.700060320,Uninterrupted_Baseline,195
1790266007.780488810,Uninterrupted_Baseline,196
1790266007.860578181,Uninterrupted_Baseline,197
1790266007.940247239,Uninterrupted_Baseline,199
1790266008.027224789,Uninterrupted_Baseline,199
1790266008.105358880,Uninterrupted_Baseline,200
1790266008.191139860,Uninterrupted_Baseline,201
1790266008.272461530,Uninterrupted_Baseline,202
1790266008.355430839,Uninterrupted_Baseline,202
1790266008.433000060,Uninterrupted_Baseline,203
1790266008.486761023,Uninterrupted_Baseline,203
1790266008.548687228,Uninterrupted_Baseline,204
1790266008.610713975,Uninterrupted_Baseline,204
1790266008.689757734,Uninterrupted_Baseline,205
1790266008.776694706,Uninterrupted_Baseline,205
1790266008.864520580,Uninterrupted_Baseline,205
1790266008.954683403,Uninterrupted_Baseline,206
1790266009.041387166,Uninterrupted_Baseline,206
1790266009.124224820,Uninterrupted_Baseline,206
1790266009.198335467,Uninterrupted_Baseline,207
1790266009.276459450,Uninterrupted_Baseline,207
1790266009.361376213,Uninterrupted_Baseline,207
1790266009.452714146,Uninterrupted_Baseline,207
1790266009.518740535,Uninterrupted_Baseline,208
1790266009.601063170,Uninterrupted_Baseline,208
1790266009.681740977,Uninterrupted_Baseline,208
1790266009.766133896,Uninterrupted_Baseline,208
1790266009.849809020,Uninterrupted_Baseline,208
1790266009.936141959,Uninterrupted_Baseline,208
1790266010.020737956,Uninterrupted_Baseline,208
1790266010.104588935,Uninterrupted_Baseline,208
1790266010.189744927,Uninterrupted_Baseline,208
1790266010.275205286,Uninterrupted_Baseline,208
1790266010.351674287,Uninterrupted_Baseline,208
1790266010.433009680,Uninterrupted_Baseline,208
1790266010.514545525,Uninterrupted_Baseline,208
1790266010.573450902,Uninterrupted_Baseline,208
1790266010.655642454,Uninterrupted_Baseline,208
1790266010.742267574,Uninterrupted_Baseline,208
1790266010.824981169,Uninterrupted_Baseline,208
1790266010.904397295,Uninterrupted_Baseline,208
1790266010.969551680,Uninterrupted_Baseline,208
1790266011.042444398,Uninterrupted_Baseline,208
1790266011.110679538,Uninterrupted_Baseline,208
1790266011.187410580,Uninterrupted_Baseline,208
1790266011.269894606,Uninterrupted_Baseline,208
1790266011.337118325,Uninterrupted_Baseline,208
1790266011.421862029,Uninterrupted_Baseline,208
1790266011.500539436,Uninterrupted_Baseline,208
1790266011.584882949,Uninterrupted_Baseline,208
1790266011.667373089,Uninterrupted_Baseline,208
1790266011.754088348,Uninterrupted_Baseline,208
1790266011.838062323,Uninterrupted_Baseline,209
1790266011.924686364,Uninterrupted_Baseline,209
1790266011.997564564,Uninterrupted_Baseline,210
1790266022.681690774,Phase1_Baseline,10
1790266022.748637354,Phase1_Baseline,18
1790266022.830336639,Phase1_Baseline,36
1790266022.917856156,Phase1_Baseline,88
1790266022.997163383,Phase1_Baseline,181
1790266023.082164498,Phase1_Baseline,381
1790266023.168810861,Phase1_Baseline,650
1790266023.237781648,Phase1_Baseline,939
1790266023.316125665,Phase1_Baseline,971
1790266023.392600710,Phase1_Baseline,873
1790266023.472998518,Phase1_Baseline,721
1790266023.561046583,Phase1_Baseline,721
1790266023.642519147,Phase1_Baseline,700
1790266023.724820164,Phase1_Baseline,608
1790266023.808900916,Phase1_Baseline,504
1790266023.888161587,Phase1_Baseline,504
1790266023.972897169,Phase1_Baseline,427
1790266024.044952993,Phase1_Baseline,352
1790266024.123215875,Phase1_Baseline,352
1790266024.202554772,Phase1_Baseline,352
1790266024.273412235,Phase1_Baseline,315
1790266024.354225111,Phase1_Baseline,247
1790266024.433588255,Phase1_Baseline,250
1790266024.511065873,Phase1_Baseline,252
1790266024.584058812,Phase1_Baseline,254
1790266024.661333523,Phase1_Baseline,256
1790266024.745795088,Phase1_Baseline,259
1790266024.824224740,Phase1_Baseline,261
1790266024.920548091,Phase1_Baseline,263
1790266024.988562099,Phase1_Baseline,265
1790266025.054873129,Phase1_Baseline,267
1790266025.137471533,Phase1_Baseline,269
1790266025.206320841,Phase1_Baseline,270
1790266025.288428886,Phase1_Baseline,272
1790266025.372834816,Phase1_Baseline,274
1790266025.456951481,Phase1_Baseline,275
1790266025.537886748,Phase1_Baseline,276
1790266025.616290056,Phase1_Baseline,278
1790266025.700389788,Phase1_Baseline,280
1790266025.783379052,Phase1_Baseline,281
1790266025.863520489,Phase1_Baseline,282
1790266025.942002072,Phase1_Baseline,283
1790266026.030272004,Phase1_Baseline,285
1790266026.112702283,Phase1_Baseline,286
1790266026.192643337,Phase1_Baseline,287
1790266026.275558616,Phase1_Baseline,288
1790266026.351888540,Phase1_Baseline,289
1790266026.413737353,Phase1_Baseline,290
1790266026.493976210,Phase1_Baseline,291
1790266026.573420103,Phase1_Baseline,292
1790266026.657269537,Phase1_Baseline,292
1790266026.738110144,Phase1_Baseline,293
1790266026.818411277,Phase1_Baseline,294
1790266026.892837684,Phase1_Baseline,294
1790266026.961467083,Phase1_Baseline,295
1790266027.033540489,Phase1_Baseline,295
1790266027.114367740,Phase1_Baseline,296
1790266027.194892665,Phase1_Baseline,296
1790266027.270544894,Phase1_Baseline,297
1790266027.352630329,Phase1_Baseline,297
1790266027.425358773,Phase1_Baseline,298
1790266027.506978645,Phase1_Baseline,298
1790266027.586038345,Phase1_Baseline,298
1790266027.667428950,Phase1_Baseline,299
1790266027.749357606,Phase1_Baseline,299
1790266027.835598318,Phase1_Baseline,299
1790266027.918731204,Phase1_Baseline,299
1790266028.003884700,Phase1_Baseline,299
1790266028.085236197,Phase1_Baseline,300
1790266028.168485865,Phase1_Baseline,300
1790266028.241065074,Phase1_Baseline,300
1790266028.291150194,Phase1_Baseline,300
1790266028.373610224,Phase1_Baseline,300
1790266028.439920179,Phase1_Baseline,300
1790266028.492087097,Phase1_Baseline,300
1790266028.558824394,Phase1_Baseline,300
1790266028.627868855,Phase1_Baseline,300
1790266028.683227592,Phase1_Baseline,300
1790266028.735519825,Phase1_Baseline,300
1790266028.812967182,Phase1_Baseline,300
1790266028.881914898,Phase1_Baseline,300
1790266028.963049228,Phase1_Baseline,300
1790266029.043953783,Phase1_Baseline,300
1790266029.104533212,Phase1_Baseline,300
1790266029.177758142,Phase1_Baseline,300
1790266029.241683226,Phase1_Baseline,300
1790266029.308153534,Phase1_Baseline,300
1790266029.373414744,Phase1_Baseline,300
1790266029.449878707,Phase1_Baseline,300
1790266029.532410567,Phase1_Baseline,300
1790266029.606402239,Phase1_Baseline,300
1790266029.691830903,Phase1_Baseline,300
1790266029.769252552,Phase1_Baseline,300
1790266029.854015623,Phase1_Baseline,300
1790266029.939248350,Phase1_Baseline,300
1790266030.017329680,Phase1_Baseline,300
1790266030.089734287,Phase1_Baseline,300
1790266030.173913817,Phase1_Baseline,300
1790266030.236808865,Phase1_Baseline,300
1790266030.308694355,Phase1_Baseline,300
1790266030.381413476,Phase1_Baseline,300
1790266030.455597416,Phase1_Baseline,300
1790266030.534621336,Phase1_Baseline,300
1790266030.611395602,Phase1_Baseline,300
1790266030.682782228,Phase1_Baseline,300
1790266030.763993814,Phase1_Baseline,301
1790266030.843173035,Phase1_Baseline,301
1790266030.924447333,Phase1_Baseline,301
1790266031.002809298,Phase1_Baseline,301
1790266031.086129381,Phase1_Baseline,301
1790266031.164810493,Phase1_Baseline,302
1790266031.245355861,Phase1_Baseline,302
1790266031.309378014,Phase1_Baseline,302
1790266031.384908532,Phase1_Baseline,303
1790266031.471463963,Phase1_Baseline,303
1790266031.549131547,Phase1_Baseline,304
1790266031.631159847,Phase1_Baseline,304
1790266031.711506148,Phase1_Baseline,305
1790266031.789291400,Phase1_Baseline,305
1790266031.860400944,Phase1_Baseline,306
1790266031.936569742,Phase1_Baseline,306
1790266032.017871641,Phase1_Baseline,307
1790266032.101950027,Phase1_Baseline,307
1790266032.174769201,Phase1_Baseline,308
1790266032.249816581,Phase1_Baseline,309
1790266032.330169752,Phase1_Baseline,310
1790266032.407488291,Phase1_Baseline,310
1790266032.480893255,Phase1_Baseline,311
1790266032.561148267,Phase1_Baseline,312
1790266032.640555790,Phase1_Baseline,313
1790266032.723061975,Phase1_Baseline,314
1790266032.806396446,Phase1_Baseline,315
1790266032.884847829,Phase1_Baseline,316
1790266032.962408593,Phase1_Baseline,317
1790266033.048161005,Phase1_Baseline,318
1790266033.126728419,Phase1_Baseline,319
1790266033.204517400,Phase1_Baseline,321
1790266033.283108836,Phase1_Baseline,322
1790266033.364713663,Phase1_Baseline,324
1790266033.438165142,Phase1_Baseline,325
1790266033.513430736,Phase1_Baseline,327
1790266033.590597422,Phase1_Baseline,328
1790266033.669776452,Phase1_Baseline,330
1790266033.751335516,Phase1_Baseline,332
1790266033.831682808,Phase1_Baseline,334
1790266033.915038952,Phase1_Baseline,336
1790266033.998858375,Phase1_Baseline,338
1790266034.069278996,Phase1_Baseline,340
1790266034.151995146,Phase1_Baseline,342
1790266034.233146382,Phase1_Baseline,344
1790266034.314291373,Phase1_Baseline,346
1790266034.398091039,Phase1_Baseline,348
1790266034.480115839,Phase1_Baseline,350
1790266034.557323249,Phase1_Baseline,353
1790266034.640008802,Phase1_Baseline,355
1790266034.721527319,Phase1_Baseline,335
1790266034.802124049,Phase1_Baseline,249
1790266034.869745648,Phase1_Baseline,251
1790266034.950442258,Phase1_Baseline,255
1790266035.000543027,Phase1_Baseline,258
1790266035.060532857,Phase1_Baseline,261
1790266035.121996545,Phase1_Baseline,264
1790266035.191091285,Phase1_Baseline,267
1790266035.271034888,Phase1_Baseline,270
1790266035.337138070,Phase1_Baseline,273
1790266035.419347916,Phase1_Baseline,276
1790266035.511131934,Phase1_Baseline,280
1790266035.590299361,Phase1_Baseline,283
1790266035.663463794,Phase1_Baseline,286
1790266035.744297981,Phase1_Baseline,289
1790266035.830554503,Phase1_Baseline,292
1790266035.910544171,Phase1_Baseline,295
1790266035.993237282,Phase1_Baseline,298
1790266036.076016376,Phase1_Baseline,301
1790266036.154359009,Phase1_Baseline,303
1790266036.235771443,Phase1_Baseline,305
1790266036.309476930,Phase1_Baseline,308
1790266036.375616201,Phase1_Baseline,309
1790266036.446728590,Phase1_Baseline,312
1790266036.525899511,Phase1_Baseline,314
1790266036.588524480,Phase1_Baseline,316
1790266036.660162341,Phase1_Baseline,318
1790266036.722009777,Phase1_Baseline,319
1790266036.785212762,Phase1_Baseline,321
1790266036.858308295,Phase1_Baseline,323
1790266036.936008534,Phase1_Baseline,325
1790266037.014365767,Phase1_Baseline,327
1790266037.091084944,Phase1_Baseline,328
1790266037.164266666,Phase1_Baseline,330
1790266037.246060581,Phase1_Baseline,331
1790266037.332252933,Phase1_Baseline,333
1790266037.408771820,Phase1_Baseline,334
1790266037.471618604,Phase1_Baseline,336
1790266037.556202575,Phase1_Baseline,337
1790266037.632773190,Phase1_Baseline,338
1790266037.717137263,Phase1_Baseline,339
1790266037.800539740,Phase1_Baseline,341
1790266037.880363286,Phase1_Baseline,342
1790266037.962468387,Phase1_Baseline,343
1790266038.039055730,Phase1_Baseline,344
1790266038.095598902,Phase1_Baseline,344
1790266038.170363122,Phase1_Baseline,345
1790266038.251470420,Phase1_Baseline,346
1790266038.321858561,Phase1_Baseline,347
1790266038.386606557,Phase1_Baseline,348
1790266038.437343454,Phase1_Baseline,348
1790266038.488107463,Phase1_Baseline,349
1790266038.559083827,Phase1_Baseline,350
1790266038.617050095,Phase1_Baseline,281
1790266038.692256586,Phase1_Baseline,245
1790266038.765086837,Phase1_Baseline,248
1790266038.852192302,Phase1_Baseline,250
1790266038.931578784,Phase1_Baseline,253
1790266039.012254381,Phase1_Baseline,255
1790266039.084449289,Phase1_Baseline,257
1790266039.145985907,Phase1_Baseline,259
1790266039.205099436,Phase1_Baseline,260
1790266039.267173859,Phase1_Baseline,262
1790266039.328271284,Phase1_Baseline,263
1790266039.400133594,Phase1_Baseline,265
1790266039.466763627,Phase1_Baseline,267
1790266039.531118800,Phase1_Baseline,268
1790266039.625156532,Phase1_Baseline,269
1790266039.682142842,Phase1_Baseline,271
1790266039.736183829,Phase1_Baseline,272
1790266039.789469055,Phase1_Baseline,273
1790266039.876153646,Phase1_Baseline,274
1790266039.955842808,Phase1_Baseline,276
1790266040.029434013,Phase1_Baseline,277
1790266040.099328809,Phase1_Baseline,278
1790266040.183998967,Phase1_Baseline,279
1790266040.253371324,Phase1_Baseline,280
1790266040.318759995,Phase1_Baseline,281
1790266040.398385130,Phase1_Baseline,282
1790266040.478056319,Phase1_Baseline,284
1790266040.558030595,Phase1_Baseline,285
1790266040.640576965,Phase1_Baseline,286
1790266040.716598276,Phase1_Baseline,287
1790266040.791730404,Phase1_Baseline,288
1790266040.864182797,Phase1_Baseline,289
1790266040.949198094,Phase1_Baseline,289
1790266041.032111652,Phase1_Baseline,290
1790266041.113347857,Phase1_Baseline,291
1790266041.191968106,Phase1_Baseline,291
1790266041.271576869,Phase1_Baseline,292
1790266041.349838527,Phase1_Baseline,292
1790266041.433458097,Phase1_Baseline,293
1790266041.512278517,Phase1_Baseline,293
1790266041.592991147,Phase1_Baseline,294
1790266041.657745317,Phase1_Baseline,294
1790266041.730386856,Phase1_Baseline,295
1790266041.812132377,Phase1_Baseline,295
1790266041.891577984,Phase1_Baseline,295
1790266041.970624698,Phase1_Baseline,296
1790266042.046962304,Phase1_Baseline,296
1790266043.508367444,Phase2_Migrated,10
1790266043.595686193,Phase2_Migrated,10
1790266043.668805459,Phase2_Migrated,18
1790266043.758536811,Phase2_Migrated,42
1790266043.855346835,Phase2_Migrated,136
1790266043.946013165,Phase2_Migrated,280
1790266044.035704811,Phase2_Migrated,584
1790266044.130557113,Phase2_Migrated,979
1790266044.221700569,Phase2_Migrated,1076
1790266044.316281195,Phase2_Migrated,982
1790266044.408806774,Phase2_Migrated,792
1790266044.498478906,Phase2_Migrated,792
1790266044.595781593,Phase2_Migrated,792
1790266044.690724492,Phase2_Migrated,160
1790266044.782144326,Phase2_Migrated,555
1790266044.867690399,Phase2_Migrated,559
1790266044.964766719,Phase2_Migrated,451
1790266045.032274642,Phase2_Migrated,392
1790266045.119675456,Phase2_Migrated,392
1790266045.210339235,Phase2_Migrated,274
1790266045.295109125,Phase2_Migrated,274
1790266045.373306215,Phase2_Migrated,210
1790266045.465962096,Phase2_Migrated,191
1790266045.559527411,Phase2_Migrated,191
1790266045.649235717,Phase2_Migrated,133
1790266045.734286699,Phase2_Migrated,133
1790266045.826707174,Phase2_Migrated,134
1790266045.927105832,Phase2_Migrated,136
1790266046.014633396,Phase2_Migrated,138
1790266046.118167267,Phase2_Migrated,139
1790266046.211510739,Phase2_Migrated,141
1790266046.294023094,Phase2_Migrated,142
1790266046.378401400,Phase2_Migrated,144
1790266046.471234427,Phase2_Migrated,145
1790266046.565348553,Phase2_Migrated,147
1790266046.664028889,Phase2_Migrated,148
1790266046.756906373,Phase2_Migrated,149
1790266046.840218609,Phase2_Migrated,150
1790266046.927893407,Phase2_Migrated,151
1790266047.021312652,Phase2_Migrated,153
1790266047.113734290,Phase2_Migrated,154
1790266047.201480261,Phase2_Migrated,154
1790266047.270376527,Phase2_Migrated,155
1790266047.353611042,Phase2_Migrated,156
1790266047.438305918,Phase2_Migrated,156
1790266047.527970214,Phase2_Migrated,157
1790266047.622637453,Phase2_Migrated,158
1790266047.716299190,Phase2_Migrated,158
1790266047.813159588,Phase2_Migrated,159
1790266047.904985324,Phase2_Migrated,159
1790266048.001076299,Phase2_Migrated,160
1790266048.081764173,Phase2_Migrated,160
1790266048.169470605,Phase2_Migrated,160
1790266048.245686756,Phase2_Migrated,161
1790266048.317707249,Phase2_Migrated,161
1790266048.410829615,Phase2_Migrated,161
1790266048.466280264,Phase2_Migrated,161
1790266048.528746889,Phase2_Migrated,161
1790266048.596020592,Phase2_Migrated,162
1790266048.662667632,Phase2_Migrated,162
1790266048.732277433,Phase2_Migrated,162
1790266048.826910174,Phase2_Migrated,162
1790266048.919593194,Phase2_Migrated,162
1790266049.010836870,Phase2_Migrated,162
1790266049.098067710,Phase2_Migrated,162
1790266049.172693174,Phase2_Migrated,162
1790266049.262214043,Phase2_Migrated,162
1790266049.350165151,Phase2_Migrated,162
1790266049.444332547,Phase2_Migrated,162
1790266049.536176038,Phase2_Migrated,162
1790266049.623134467,Phase2_Migrated,162
1790266049.719156051,Phase2_Migrated,162
1790266049.796176562,Phase2_Migrated,162
1790266049.886481915,Phase2_Migrated,162
1790266049.983358119,Phase2_Migrated,162
1790266050.077491935,Phase2_Migrated,162
1790266050.159275464,Phase2_Migrated,163
1790266050.249143046,Phase2_Migrated,163
1790266050.344461529,Phase2_Migrated,164
1790266050.433525797,Phase2_Migrated,165
1790266050.524214784,Phase2_Migrated,165
1790266050.616279964,Phase2_Migrated,166
1790266050.710781763,Phase2_Migrated,167
1790266050.801601356,Phase2_Migrated,167
1790266050.873813956,Phase2_Migrated,168
1790266050.972451789,Phase2_Migrated,169
1790266051.058521404,Phase2_Migrated,169
1790266051.146093877,Phase2_Migrated,170
1790266051.239314612,Phase2_Migrated,170
1790266051.330687656,Phase2_Migrated,171
1790266051.427166550,Phase2_Migrated,172
1790266051.522536798,Phase2_Migrated,172
1790266051.616352184,Phase2_Migrated,173
1790266051.710131915,Phase2_Migrated,174
1790266051.804341681,Phase2_Migrated,174
1790266051.895547367,Phase2_Migrated,175
1790266051.982196002,Phase2_Migrated,176
1790266052.060585419,Phase2_Migrated,176
1790266052.155874730,Phase2_Migrated,177
1790266052.230061899,Phase2_Migrated,177
1790266052.319249460,Phase2_Migrated,178
1790266052.391175676,Phase2_Migrated,179
1790266052.487358782,Phase2_Migrated,179
1790266052.583223462,Phase2_Migrated,180
1790266052.676323472,Phase2_Migrated,180
1790266052.774103940,Phase2_Migrated,181
1790266052.869911272,Phase2_Migrated,182
1790266052.950995756,Phase2_Migrated,182
1790266053.042043780,Phase2_Migrated,183
1790266053.135088198,Phase2_Migrated,184
1790266053.234076898,Phase2_Migrated,184
1790266053.323310767,Phase2_Migrated,185
1790266053.419300111,Phase2_Migrated,186
1790266053.517596456,Phase2_Migrated,186
1790266053.601736157,Phase2_Migrated,187
1790266053.688306278,Phase2_Migrated,188
1790266053.782622920,Phase2_Migrated,188
1790266053.869903520,Phase2_Migrated,189
1790266053.961016084,Phase2_Migrated,190
1790266054.055673465,Phase2_Migrated,190
1790266054.157915599,Phase2_Migrated,191
1790266054.251160127,Phase2_Migrated,193
1790266054.346192417,Phase2_Migrated,196
1790266054.446271272,Phase2_Migrated,198
1790266054.542806526,Phase2_Migrated,200
1790266054.636583843,Phase2_Migrated,202
1790266054.728320203,Phase2_Migrated,205
1790266054.817011142,Phase2_Migrated,207
1790266054.882713194,Phase2_Migrated,209
1790266054.944300757,Phase2_Migrated,211
1790266055.036977319,Phase2_Migrated,213
1790266055.108046910,Phase2_Migrated,215
1790266055.186964261,Phase2_Migrated,218
1790266055.283487706,Phase2_Migrated,221
1790266055.368050185,Phase2_Migrated,224
1790266055.463021247,Phase2_Migrated,228
1790266055.559541942,Phase2_Migrated,231
1790266055.654062991,Phase2_Migrated,235
1790266055.746589670,Phase2_Migrated,238
1790266055.838046402,Phase2_Migrated,242
1790266055.929552770,Phase2_Migrated,246
1790266056.025259956,Phase2_Migrated,250
1790266056.122192205,Phase2_Migrated,254
1790266056.206163153,Phase2_Migrated,258
1790266056.295091306,Phase2_Migrated,262
1790266056.385390390,Phase2_Migrated,267
1790266056.474480630,Phase2_Migrated,271
1790266056.567711240,Phase2_Migrated,276
1790266056.644101846,Phase2_Migrated,280
1790266056.734613144,Phase2_Migrated,284
1790266056.824683788,Phase2_Migrated,290
1790266056.920312544,Phase2_Migrated,295
1790266057.010071829,Phase2_Migrated,300
1790266057.107585940,Phase2_Migrated,306
1790266057.187957834,Phase2_Migrated,311
1790266057.254363813,Phase2_Migrated,316
1790266057.346082538,Phase2_Migrated,321
1790266057.440465405,Phase2_Migrated,327
1790266057.535621811,Phase2_Migrated,334
1790266057.625540410,Phase2_Migrated,340
1790266057.718879592,Phase2_Migrated,346
1790266057.816357534,Phase2_Migrated,354
1790266057.904639245,Phase2_Migrated,360
1790266058.001821500,Phase2_Migrated,309
1790266058.074880512,Phase2_Migrated,254
1790266058.168106284,Phase2_Migrated,254
1790266058.255989895,Phase2_Migrated,209
1790266058.323960158,Phase2_Migrated,177
1790266058.402238823,Phase2_Migrated,177
1790266058.466285550,Phase2_Migrated,164
1790266058.522850902,Phase2_Migrated,123
1790266058.586199504,Phase2_Migrated,123
1790266058.654231003,Phase2_Migrated,123
1790266058.723145957,Phase2_Migrated,117
1790266058.801779122,Phase2_Migrated,86
1790266058.898120394,Phase2_Migrated,86
1790266058.990062057,Phase2_Migrated,87
1790266059.089636990,Phase2_Migrated,89
1790266059.165532960,Phase2_Migrated,90
1790266059.255384437,Phase2_Migrated,91
1790266059.351110629,Phase2_Migrated,92
1790266059.444922600,Phase2_Migrated,93
1790266059.537868797,Phase2_Migrated,95
1790266059.631065392,Phase2_Migrated,96
1790266059.725752758,Phase2_Migrated,97
1790266059.817596464,Phase2_Migrated,98
1790266059.911719663,Phase2_Migrated,99
1790266060.003509385,Phase2_Migrated,99
1790266060.098925273,Phase2_Migrated,100
1790266060.165791422,Phase2_Migrated,100
1790266060.251564363,Phase2_Migrated,101
1790266060.335309757,Phase2_Migrated,101
1790266060.410597365,Phase2_Migrated,102
1790266060.487213724,Phase2_Migrated,102
1790266060.568367110,Phase2_Migrated,102
1790266060.659210720,Phase2_Migrated,103
1790266060.742310353,Phase2_Migrated,103
1790266060.827642340,Phase2_Migrated,104
1790266060.904255477,Phase2_Migrated,104
1790266060.995274541,Phase2_Migrated,104
1790266061.086371389,Phase2_Migrated,104
1790266061.172534323,Phase2_Migrated,105
1790266061.264900055,Phase2_Migrated,105
1790266061.355310895,Phase2_Migrated,105
1790266061.450301781,Phase2_Migrated,105
1790266061.538506054,Phase2_Migrated,105
1790266061.631920327,Phase2_Migrated,105
1790266061.732333230,Phase2_Migrated,105
1790266061.831160485,Phase2_Migrated,105
1790266061.924309197,Phase2_Migrated,106
1790266062.017304499,Phase2_Migrated,107
1790266062.112354473,Phase2_Migrated,108
1790266062.204852440,Phase2_Migrated,108
1790266062.290512804,Phase2_Migrated,109
1790266062.379332440,Phase2_Migrated,109
1790266062.471299463,Phase2_Migrated,110
1790266062.563806456,Phase2_Migrated,111
1790266062.657623677,Phase2_Migrated,111
1790266062.756883927,Phase2_Migrated,112
1790266062.837864130,Phase2_Migrated,113
1790266062.935053701,Phase2_Migrated,113
1790266063.026132893,Phase2_Migrated,114
1790266063.113446224,Phase2_Migrated,115
1790266063.199627794,Phase2_Migrated,115
1790266063.290818608,Phase2_Migrated,116
1790266063.382469913,Phase2_Migrated,116
1790266063.474601247,Phase2_Migrated,117
1790266063.567058994,Phase2_Migrated,118
1790266063.658466138,Phase2_Migrated,118
1790266063.738359696,Phase2_Migrated,119
1790266063.827916323,Phase2_Migrated,120
1790266063.920924828,Phase2_Migrated,120
1790266064.018235855,Phase2_Migrated,121
1790266064.114449065,Phase2_Migrated,122
1790266064.199465285,Phase2_Migrated,122
1790266064.276565134,Phase2_Migrated,123
1790266064.350627450,Phase2_Migrated,123
1790266064.430053183,Phase2_Migrated,124
1790266064.510088195,Phase2_Migrated,124
1790266064.609299805,Phase2_Migrated,125
1790266064.708527950,Phase2_Migrated,126
1790266064.809149524,Phase2_Migrated,126
1790266064.883514866,Phase2_Migrated,127
1790266064.974507648,Phase2_Migrated,128
1790266065.063980347,Phase2_Migrated,128
1790266065.138937985,Phase2_Migrated,129
1790266065.220837237,Phase2_Migrated,129
1790266065.304321779,Phase2_Migrated,130
1790266065.393733864,Phase2_Migrated,131
1790266065.469227591,Phase2_Migrated,131
1790266065.571381147,Phase2_Migrated,132
1790266065.671925451,Phase2_Migrated,133
1790266065.765104506,Phase2_Migrated,133
1790266065.838395369,Phase2_Migrated,134
1790266065.922572814,Phase2_Migrated,134
1790266066.017934769,Phase2_Migrated,135
1790266066.116195095,Phase2_Migrated,136
1790266066.208935821,Phase2_Migrated,136
1790266066.307159672,Phase2_Migrated,137
1790266066.402070476,Phase2_Migrated,138
1790266066.496491980,Phase2_Migrated,138
1790266066.590312861,Phase2_Migrated,139
1790266066.698611582,Phase2_Migrated,140
1790266066.776526042,Phase2_Migrated,140
1790266066.869764524,Phase2_Migrated,141
1790266066.956421671,Phase2_Migrated,142
1790266067.050150334,Phase2_Migrated,142
1790266067.146476873,Phase2_Migrated,144
1790266067.235321232,Phase2_Migrated,146
1790266067.304821010,Phase2_Migrated,148
1790266067.399980379,Phase2_Migrated,150
1790266067.511033724,Phase2_Migrated,153
1790266067.607455536,Phase2_Migrated,156
1790266067.699379659,Phase2_Migrated,158
1790266067.786609788,Phase2_Migrated,161
1790266067.861153634,Phase2_Migrated,164
1790266067.960898320,Phase2_Migrated,167
1790266068.048728193,Phase2_Migrated,170
1790266068.112702356,Phase2_Migrated,173
1790266068.202625152,Phase2_Migrated,176
1790266068.289865661,Phase2_Migrated,179
1790266068.381876131,Phase2_Migrated,183
1790266068.437299012,Phase2_Migrated,185
1790266068.496483816,Phase2_Migrated,188
1790266068.573842701,Phase2_Migrated,191
1790266068.654329006,Phase2_Migrated,194
1790266068.743983080,Phase2_Migrated,199
1790266068.836168580,Phase2_Migrated,203
1790266068.931246563,Phase2_Migrated,208
1790266069.018634250,Phase2_Migrated,211
1790266069.110559961,Phase2_Migrated,216
1790266069.193356516,Phase2_Migrated,220
1790266069.259212665,Phase2_Migrated,224
1790266069.346559727,Phase2_Migrated,229
1790266069.439029577,Phase2_Migrated,234
1790266069.545503710,Phase2_Migrated,240
1790266069.640345206,Phase2_Migrated,245
1790266069.733688283,Phase2_Migrated,251
1790266069.826892436,Phase2_Migrated,257
1790266069.927612262,Phase2_Migrated,264
1790266070.016422553,Phase2_Migrated,270
1790266070.103291135,Phase2_Migrated,275
1790266070.190033048,Phase2_Migrated,282
1790266070.284488730,Phase2_Migrated,288
1790266070.375341286,Phase2_Migrated,294
1790266070.463066430,Phase2_Migrated,301
1790266070.551804469,Phase2_Migrated,308
1790266070.649539295,Phase2_Migrated,315
1790266070.741213049,Phase2_Migrated,323
1790266070.830789238,Phase2_Migrated,329
1790266070.897082690,Phase2_Migrated,335
1790266070.994144849,Phase2_Migrated,343
1790266071.091594145,Phase2_Migrated,352
1790266071.190215533,Phase2_Migrated,360
1790266071.281630826,Phase2_Migrated,367
1790266071.376037787,Phase2_Migrated,258
1790266071.465326858,Phase2_Migrated,258
1790266071.557853310,Phase2_Migrated,259
1790266071.633759755,Phase2_Migrated,263
1790266071.727175241,Phase2_Migrated,268
1790266071.817481822,Phase2_Migrated,272
1790266071.908409843,Phase2_Migrated,276
1790266072.000231644,Phase2_Migrated,280
1790266072.095311703,Phase2_Migrated,284
1790266072.191356691,Phase2_Migrated,288
1790266072.289052201,Phase2_Migrated,292
1790266072.384375171,Phase2_Migrated,296
1790266072.464848501,Phase2_Migrated,299
1790266072.558386940,Phase2_Migrated,302
1790266072.652189009,Phase2_Migrated,306
1790266072.737103529,Phase2_Migrated,309
1790266072.831069246,Phase2_Migrated,312
1790266072.916736741,Phase2_Migrated,315
1790266073.005426709,Phase2_Migrated,317
1790266073.087305425,Phase2_Migrated,320
1790266074.223214393,Uninterrupted_Baseline,1
1790266074.288113652,Uninterrupted_Baseline,1
1790266074.369387801,Uninterrupted_Baseline,1
1790266074.449250936,Uninterrupted_Baseline,1
1790266074.516721541,Uninterrupted_Baseline,1
1790266074.597465825,Uninterrupted_Baseline,1
1790266074.680352664,Uninterrupted_Baseline,1
1790266074.762601988,Uninterrupted_Baseline,1
1790266074.841403177,Uninterrupted_Baseline,1
1790266074.939300548,Uninterrupted_Baseline,1
1790266074.991573180,Uninterrupted_Baseline,1
1790266075.060786403,Uninterrupted_Baseline,1
1790266075.134287044,Uninterrupted_Baseline,1
1790266075.215164469,Uninterrupted_Baseline,1
1790266075.298409763,Uninterrupted_Baseline,1
1790266075.378779842,Uninterrupted_Baseline,1
1790266075.461094657,Uninterrupted_Baseline,1
1790266075.461094657,Uninterrupted_Baseline,10
1790266075.548529917,Uninterrupted_Baseline,1
1790266075.548529917,Uninterrupted_Baseline,12
1790266075.630574764,Uninterrupted_Baseline,1
1790266075.630574764,Uninterrupted_Baseline,22
1790266075.708527200,Uninterrupted_Baseline,1
1790266075.708527200,Uninterrupted_Baseline,42
1790266075.794171468,Uninterrupted_Baseline,1
1790266075.794171468,Uninterrupted_Baseline,84
1790266075.879619300,Uninterrupted_Baseline,1
1790266075.879619300,Uninterrupted_Baseline,152
1790266075.954064015,Uninterrupted_Baseline,1
1790266075.954064015,Uninterrupted_Baseline,290
1790266076.035885373,Uninterrupted_Baseline,1
1790266076.035885373,Uninterrupted_Baseline,552
1790266076.119132032,Uninterrupted_Baseline,1
1790266076.119132032,Uninterrupted_Baseline,735
1790266076.203725510,Uninterrupted_Baseline,1
1790266076.203725510,Uninterrupted_Baseline,651
1790266076.283201442,Uninterrupted_Baseline,1
1790266076.283201442,Uninterrupted_Baseline,547
1790266076.348446854,Uninterrupted_Baseline,1
1790266076.348446854,Uninterrupted_Baseline,514
1790266076.417350436,Uninterrupted_Baseline,1
1790266076.417350436,Uninterrupted_Baseline,514
1790266076.502598267,Uninterrupted_Baseline,1
1790266076.502598267,Uninterrupted_Baseline,514
1790266076.581919254,Uninterrupted_Baseline,1
1790266076.581919254,Uninterrupted_Baseline,359
1790266076.652437541,Uninterrupted_Baseline,1
1790266076.652437541,Uninterrupted_Baseline,359
1790266076.735314931,Uninterrupted_Baseline,1
1790266076.735314931,Uninterrupted_Baseline,359
1790266076.816704077,Uninterrupted_Baseline,1
1790266076.816704077,Uninterrupted_Baseline,280
1790266076.901757638,Uninterrupted_Baseline,1
1790266076.901757638,Uninterrupted_Baseline,251
1790266076.981300729,Uninterrupted_Baseline,1
1790266076.981300729,Uninterrupted_Baseline,207
1790266077.064837847,Uninterrupted_Baseline,1
1790266077.064837847,Uninterrupted_Baseline,175
1790266077.145677285,Uninterrupted_Baseline,1
1790266077.145677285,Uninterrupted_Baseline,172
1790266077.230094875,Uninterrupted_Baseline,1
1790266077.230094875,Uninterrupted_Baseline,122
1790266077.310073554,Uninterrupted_Baseline,1
1790266077.310073554,Uninterrupted_Baseline,124
1790266077.380135123,Uninterrupted_Baseline,1
1790266077.380135123,Uninterrupted_Baseline,126
1790266077.452548027,Uninterrupted_Baseline,1
1790266077.452548027,Uninterrupted_Baseline,127
1790266077.538395172,Uninterrupted_Baseline,1
1790266077.538395172,Uninterrupted_Baseline,128
1790266077.612560299,Uninterrupted_Baseline,1
1790266077.612560299,Uninterrupted_Baseline,129
1790266077.701281973,Uninterrupted_Baseline,1
1790266077.701281973,Uninterrupted_Baseline,131
1790266077.784810590,Uninterrupted_Baseline,1
1790266077.784810590,Uninterrupted_Baseline,132
1790266077.869246345,Uninterrupted_Baseline,1
1790266077.869246345,Uninterrupted_Baseline,133
1790266077.953717332,Uninterrupted_Baseline,1
1790266077.953717332,Uninterrupted_Baseline,134
1790266078.018585480,Uninterrupted_Baseline,1
1790266078.018585480,Uninterrupted_Baseline,135
1790266078.071093567,Uninterrupted_Baseline,1
1790266078.071093567,Uninterrupted_Baseline,136
1790266078.135496071,Uninterrupted_Baseline,1
1790266078.135496071,Uninterrupted_Baseline,136
1790266078.201135798,Uninterrupted_Baseline,1
1790266078.201135798,Uninterrupted_Baseline,137
1790266078.274168727,Uninterrupted_Baseline,138
1790266078.330866376,Uninterrupted_Baseline,139
1790266078.409176202,Uninterrupted_Baseline,140
1790266078.459262999,Uninterrupted_Baseline,140
1790266078.523532572,Uninterrupted_Baseline,141
1790266078.583481521,Uninterrupted_Baseline,141
1790266078.649399840,Uninterrupted_Baseline,142
1790266078.728930191,Uninterrupted_Baseline,143
1790266078.812449018,Uninterrupted_Baseline,143
1790266078.889417873,Uninterrupted_Baseline,144
1790266078.968455330,Uninterrupted_Baseline,144
1790266079.053589592,Uninterrupted_Baseline,145
1790266079.131388106,Uninterrupted_Baseline,145
1790266079.199920522,Uninterrupted_Baseline,145
1790266079.285561430,Uninterrupted_Baseline,146
1790266079.371771542,Uninterrupted_Baseline,146
1790266079.430621875,Uninterrupted_Baseline,146
1790266079.513481585,Uninterrupted_Baseline,147
1790266079.596762594,Uninterrupted_Baseline,147
1790266079.678522338,Uninterrupted_Baseline,147
1790266079.759098949,Uninterrupted_Baseline,147
1790266079.840239510,Uninterrupted_Baseline,148
1790266079.921144362,Uninterrupted_Baseline,148
1790266080.009323840,Uninterrupted_Baseline,148
1790266080.073760839,Uninterrupted_Baseline,148
1790266080.159849446,Uninterrupted_Baseline,148
1790266080.242272252,Uninterrupted_Baseline,148
1790266080.324041365,Uninterrupted_Baseline,148
1790266080.407225057,Uninterrupted_Baseline,148
1790266080.488733098,Uninterrupted_Baseline,148
1790266080.568473848,Uninterrupted_Baseline,148
1790266080.629261395,Uninterrupted_Baseline,148
1790266080.714070004,Uninterrupted_Baseline,148
1790266080.795491183,Uninterrupted_Baseline,148
1790266080.878391542,Uninterrupted_Baseline,148
1790266080.937195370,Uninterrupted_Baseline,148
1790266081.021270738,Uninterrupted_Baseline,148
1790266081.106903585,Uninterrupted_Baseline,148
1790266081.194319820,Uninterrupted_Baseline,149
1790266081.293986291,Uninterrupted_Baseline,150
1790266081.350794383,Uninterrupted_Baseline,150
1790266081.408592042,Uninterrupted_Baseline,150
1790266081.479119394,Uninterrupted_Baseline,151
1790266081.558938386,Uninterrupted_Baseline,152
1790266081.639630302,Uninterrupted_Baseline,152
1790266081.727543137,Uninterrupted_Baseline,153
1790266081.790371793,Uninterrupted_Baseline,153
1790266081.861030961,Uninterrupted_Baseline,154
1790266081.944280915,Uninterrupted_Baseline,154
1790266082.027278449,Uninterrupted_Baseline,155
1790266082.105771620,Uninterrupted_Baseline,155
1790266082.186201925,Uninterrupted_Baseline,156
1790266082.266157051,Uninterrupted_Baseline,157
1790266082.354338039,Uninterrupted_Baseline,157
1790266082.433437955,Uninterrupted_Baseline,158
1790266082.522345236,Uninterrupted_Baseline,158
1790266082.606877440,Uninterrupted_Baseline,159
1790266082.659848289,Uninterrupted_Baseline,159
1790266082.732640479,Uninterrupted_Baseline,160
1790266082.804220949,Uninterrupted_Baseline,160
1790266082.884281806,Uninterrupted_Baseline,161
1790266082.971079266,Uninterrupted_Baseline,162
1790266083.054267503,Uninterrupted_Baseline,162
1790266083.140304774,Uninterrupted_Baseline,163
1790266083.220148633,Uninterrupted_Baseline,163
1790266083.300294256,Uninterrupted_Baseline,164
1790266083.384117860,Uninterrupted_Baseline,164
1790266083.470151816,Uninterrupted_Baseline,165
1790266083.561533859,Uninterrupted_Baseline,166
1790266083.614434067,Uninterrupted_Baseline,166
1790266083.667767136,Uninterrupted_Baseline,166
1790266083.734947953,Uninterrupted_Baseline,167
1790266083.815097299,Uninterrupted_Baseline,167
1790266083.895894348,Uninterrupted_Baseline,168
1790266083.968339194,Uninterrupted_Baseline,169
1790266084.053683143,Uninterrupted_Baseline,169
1790266084.129827305,Uninterrupted_Baseline,169
1790266084.205177018,Uninterrupted_Baseline,170
1790266084.282768284,Uninterrupted_Baseline,171
1790266084.365915457,Uninterrupted_Baseline,171
1790266084.449541193,Uninterrupted_Baseline,172
1790266084.534827578,Uninterrupted_Baseline,172
1790266084.620117538,Uninterrupted_Baseline,173
1790266084.701793789,Uninterrupted_Baseline,174
1790266084.779729942,Uninterrupted_Baseline,174
1790266084.840035127,Uninterrupted_Baseline,175
1790266084.899994859,Uninterrupted_Baseline,175
1790266084.988987672,Uninterrupted_Baseline,175
1790266085.041620785,Uninterrupted_Baseline,176
1790266085.095230241,Uninterrupted_Baseline,176
1790266085.172208166,Uninterrupted_Baseline,177
1790266085.248540668,Uninterrupted_Baseline,177
1790266085.316627570,Uninterrupted_Baseline,178
1790266085.394123141,Uninterrupted_Baseline,178
1790266085.478172337,Uninterrupted_Baseline,179
1790266085.563134963,Uninterrupted_Baseline,181
1790266085.640003642,Uninterrupted_Baseline,182
1790266085.718930467,Uninterrupted_Baseline,184
1790266085.800355922,Uninterrupted_Baseline,186
1790266085.876981687,Uninterrupted_Baseline,188
1790266085.957363347,Uninterrupted_Baseline,190
1790266086.039245422,Uninterrupted_Baseline,192
1790266086.126316674,Uninterrupted_Baseline,195
1790266086.209822915,Uninterrupted_Baseline,196
1790266086.263683163,Uninterrupted_Baseline,198
1790266086.323259497,Uninterrupted_Baseline,200
1790266086.398490134,Uninterrupted_Baseline,202
1790266086.480991120,Uninterrupted_Baseline,205
1790266086.561518056,Uninterrupted_Baseline,207
1790266086.641134882,Uninterrupted_Baseline,210
1790266086.719828035,Uninterrupted_Baseline,213
1790266086.795947883,Uninterrupted_Baseline,216
1790266086.864264078,Uninterrupted_Baseline,218
1790266086.939876252,Uninterrupted_Baseline,221
1790266087.012896367,Uninterrupted_Baseline,224
1790266087.099524921,Uninterrupted_Baseline,228
1790266087.183548446,Uninterrupted_Baseline,231
1790266087.252948317,Uninterrupted_Baseline,234
1790266087.319586361,Uninterrupted_Baseline,236
1790266087.388206499,Uninterrupted_Baseline,240
1790266087.466508643,Uninterrupted_Baseline,244
1790266087.551635778,Uninterrupted_Baseline,248
1790266087.638610195,Uninterrupted_Baseline,251
1790266087.707997433,Uninterrupted_Baseline,255
1790266087.786246487,Uninterrupted_Baseline,259
1790266087.854431173,Uninterrupted_Baseline,263
1790266087.939835443,Uninterrupted_Baseline,267
1790266088.012329886,Uninterrupted_Baseline,271
1790266088.066297731,Uninterrupted_Baseline,274
1790266088.129253804,Uninterrupted_Baseline,278
1790266088.211862751,Uninterrupted_Baseline,282
1790266088.266280622,Uninterrupted_Baseline,286
1790266088.322619573,Uninterrupted_Baseline,289
1790266088.396582784,Uninterrupted_Baseline,293
1790266088.449042233,Uninterrupted_Baseline,296
1790266088.502929351,Uninterrupted_Baseline,300
1790266088.566572123,Uninterrupted_Baseline,304
1790266088.635570943,Uninterrupted_Baseline,309
1790266088.707089467,Uninterrupted_Baseline,314
1790266088.784787620,Uninterrupted_Baseline,319
1790266088.861780614,Uninterrupted_Baseline,324
1790266088.944422466,Uninterrupted_Baseline,330
1790266089.020773166,Uninterrupted_Baseline,335
1790266089.097068124,Uninterrupted_Baseline,341
1790266089.161817570,Uninterrupted_Baseline,345
1790266089.236528522,Uninterrupted_Baseline,351
1790266089.315600847,Uninterrupted_Baseline,291
1790266089.395447126,Uninterrupted_Baseline,247
1790266089.476083433,Uninterrupted_Baseline,247
1790266089.556055893,Uninterrupted_Baseline,251
1790266089.640489942,Uninterrupted_Baseline,255
1790266089.723457628,Uninterrupted_Baseline,259
1790266089.803468698,Uninterrupted_Baseline,262
1790266089.869909937,Uninterrupted_Baseline,265
1790266089.951605880,Uninterrupted_Baseline,268
1790266090.030753721,Uninterrupted_Baseline,272
1790266090.114638200,Uninterrupted_Baseline,275
1790266090.196900723,Uninterrupted_Baseline,279
1790266090.276297204,Uninterrupted_Baseline,281
1790266090.354338519,Uninterrupted_Baseline,285
1790266090.436843058,Uninterrupted_Baseline,288
1790266090.520831900,Uninterrupted_Baseline,291
1790266090.586158693,Uninterrupted_Baseline,293
1790266090.671055664,Uninterrupted_Baseline,296
1790266090.754764490,Uninterrupted_Baseline,298
1790266090.838325921,Uninterrupted_Baseline,301
1790266090.918544968,Uninterrupted_Baseline,304
1790266091.003341336,Uninterrupted_Baseline,306
1790266091.088050464,Uninterrupted_Baseline,308
1790266091.169262011,Uninterrupted_Baseline,310
1790266091.249639211,Uninterrupted_Baseline,313
1790266091.312379883,Uninterrupted_Baseline,315
1790266091.389589474,Uninterrupted_Baseline,317
1790266091.472070063,Uninterrupted_Baseline,319
1790266091.550052909,Uninterrupted_Baseline,321
1790266091.636298782,Uninterrupted_Baseline,323
1790266091.720834339,Uninterrupted_Baseline,325
1790266091.805235007,Uninterrupted_Baseline,326
1790266091.880199299,Uninterrupted_Baseline,328
1790266091.961866679,Uninterrupted_Baseline,329
1790266092.038255738,Uninterrupted_Baseline,330
1790266092.116612481,Uninterrupted_Baseline,332
1790266092.206528945,Uninterrupted_Baseline,333
1790266092.287670922,Uninterrupted_Baseline,334
1790266092.356211048,Uninterrupted_Baseline,335
1790266092.433378331,Uninterrupted_Baseline,336
1790266092.512072406,Uninterrupted_Baseline,338
1790266092.592853633,Uninterrupted_Baseline,339
1790266092.661517335,Uninterrupted_Baseline,340
1790266092.727234696,Uninterrupted_Baseline,341
1790266092.811386522,Uninterrupted_Baseline,342
1790266092.903857185,Uninterrupted_Baseline,343
1790266092.962843207,Uninterrupted_Baseline,343
1790266093.036508681,Uninterrupted_Baseline,344
1790266093.114794876,Uninterrupted_Baseline,345
1790266093.192338648,Uninterrupted_Baseline,346
1790266093.261158250,Uninterrupted_Baseline,347
1790266093.341739376,Uninterrupted_Baseline,310
1790266093.423831661,Uninterrupted_Baseline,242
1790266093.517869122,Uninterrupted_Baseline,245
1790266093.601258903,Uninterrupted_Baseline,247
1790266093.680050443,Uninterrupted_Baseline,249
1790266093.738401688,Uninterrupted_Baseline,251
1790266093.814566150,Uninterrupted_Baseline,253
1790266093.898567499,Uninterrupted_Baseline,256
1790266093.982951759,Uninterrupted_Baseline,258
1790266094.059241697,Uninterrupted_Baseline,260
1790266094.138062520,Uninterrupted_Baseline,262
1790266094.223163396,Uninterrupted_Baseline,264
1790266094.313810103,Uninterrupted_Baseline,265
1790266094.402517541,Uninterrupted_Baseline,267
1790266094.484507400,Uninterrupted_Baseline,269
1790266094.570708244,Uninterrupted_Baseline,270
1790266094.651412433,Uninterrupted_Baseline,272
1790266094.711176850,Uninterrupted_Baseline,273
1790266094.782639866,Uninterrupted_Baseline,274
1790266094.865085139,Uninterrupted_Baseline,275
1790266094.949230028,Uninterrupted_Baseline,277
1790266095.030896794,Uninterrupted_Baseline,278
1790266095.111056381,Uninterrupted_Baseline,279
1790266095.166002721,Uninterrupted_Baseline,280
1790266095.229863217,Uninterrupted_Baseline,280
1790266095.292433900,Uninterrupted_Baseline,281
1790266095.372385871,Uninterrupted_Baseline,283
1790266095.462700814,Uninterrupted_Baseline,284
1790266095.550310561,Uninterrupted_Baseline,285
1790266095.631507793,Uninterrupted_Baseline,286
1790266095.713839787,Uninterrupted_Baseline,286
1790266095.791451096,Uninterrupted_Baseline,287
1790266095.880385173,Uninterrupted_Baseline,288
1790266095.963479438,Uninterrupted_Baseline,288
1790266096.048399627,Uninterrupted_Baseline,289
1790266096.130605486,Uninterrupted_Baseline,290
1790266096.214392143,Uninterrupted_Baseline,290
1790266096.301487959,Uninterrupted_Baseline,291
1790266096.371056233,Uninterrupted_Baseline,291
1790266096.436244320,Uninterrupted_Baseline,291
1790266096.519359051,Uninterrupted_Baseline,292
1790266096.606368147,Uninterrupted_Baseline,292
1790266096.680269241,Uninterrupted_Baseline,292
1790266096.762524651,Uninterrupted_Baseline,293
1790266096.839344350,Uninterrupted_Baseline,293
1790266096.923684305,Uninterrupted_Baseline,293
1790266096.998503303,Uninterrupted_Baseline,293
1790266097.074823591,Uninterrupted_Baseline,293
1790266097.155613728,Uninterrupted_Baseline,294
1790266097.241193614,Uninterrupted_Baseline,294
1790266097.317487426,Uninterrupted_Baseline,294
1790266097.400333385,Uninterrupted_Baseline,294
1790266097.480891948,Uninterrupted_Baseline,294
1790266097.562405355,Uninterrupted_Baseline,294
1790266097.643197924,Uninterrupted_Baseline,294
1790266097.725142030,Uninterrupted_Baseline,294
1790266097.806260853,Uninterrupted_Baseline,294
1790266097.889737709,Uninterrupted_Baseline,294
1790266097.969134482,Uninterrupted_Baseline,294
1790266098.046538958,Uninterrupted_Baseline,294
1790266098.116023431,Uninterrupted_Baseline,294
1790266098.192560899,Uninterrupted_Baseline,294
1790266098.273271468,Uninterrupted_Baseline,294
1790266098.342547438,Uninterrupted_Baseline,294
1790266098.415351499,Uninterrupted_Baseline,294
1790266098.467981230,Uninterrupted_Baseline,294
1790266098.530529726,Uninterrupted_Baseline,294
1790266098.590848671,Uninterrupted_Baseline,294
1790266098.653699450,Uninterrupted_Baseline,294
1790266098.739162319,Uninterrupted_Baseline,294
1790266098.822025322,Uninterrupted_Baseline,294
1790266098.911953963,Uninterrupted_Baseline,294
1790266098.995246674,Uninterrupted_Baseline,294
1790266099.074744784,Uninterrupted_Baseline,294
1790266099.137839033,Uninterrupted_Baseline,294
1790266099.213888189,Uninterrupted_Baseline,294
1790266099.292586251,Uninterrupted_Baseline,294
1790266099.360991844,Uninterrupted_Baseline,294
1790266099.443431153,Uninterrupted_Baseline,294
1790266099.528629221,Uninterrupted_Baseline,294
1790266099.600441268,Uninterrupted_Baseline,294
1790266099.652346078,Uninterrupted_Baseline,294
1790266099.715211223,Uninterrupted_Baseline,294
1790266099.777108520,Uninterrupted_Baseline,294
1790266099.858616550,Uninterrupted_Baseline,295
1790266099.946386178,Uninterrupted_Baseline,295
1790266100.025365577,Uninterrupted_Baseline,295
1790266100.105640190,Uninterrupted_Baseline,295
1790266100.187385393,Uninterrupted_Baseline,296
1790266100.272626879,Uninterrupted_Baseline,296
1790266100.347618304,Uninterrupted_Baseline,296
1790266100.425097698,Uninterrupted_Baseline,297
1790266100.512322995,Uninterrupted_Baseline,297
1790266100.591110933,Uninterrupted_Baseline,298
1790266100.681282335,Uninterrupted_Baseline,298
1790266100.764386996,Uninterrupted_Baseline,299
1790266100.845823696,Uninterrupted_Baseline,299
1790266100.919015821,Uninterrupted_Baseline,300
1790266101.001351830,Uninterrupted_Baseline,300
1790266101.083943041,Uninterrupted_Baseline,301
1790266101.167878960,Uninterrupted_Baseline,302
1790266101.256537410,Uninterrupted_Baseline,303
1790266101.341801831,Uninterrupted_Baseline,303
1790266101.424111737,Uninterrupted_Baseline,304
1790266101.510002266,Uninterrupted_Baseline,305
1790266101.597823975,Uninterrupted_Baseline,306
1790266101.656283090,Uninterrupted_Baseline,307
1790266101.743049689,Uninterrupted_Baseline,308
1790266101.825421968,Uninterrupted_Baseline,309
1790266101.903413453,Uninterrupted_Baseline,310
1790266101.991996774,Uninterrupted_Baseline,311
1790266102.071199060,Uninterrupted_Baseline,312
1790266102.152506998,Uninterrupted_Baseline,313
1790266102.235834896,Uninterrupted_Baseline,314
1790266102.321461997,Uninterrupted_Baseline,316
1790266102.401220130,Uninterrupted_Baseline,318
1790266102.473275139,Uninterrupted_Baseline,319
1790266102.550112245,Uninterrupted_Baseline,320
1790266102.631956254,Uninterrupted_Baseline,322
1790266102.717947595,Uninterrupted_Baseline,324
1790266102.790949792,Uninterrupted_Baseline,325
1790266102.859247475,Uninterrupted_Baseline,327
1790266102.931607724,Uninterrupted_Baseline,329
1790266103.013360675,Uninterrupted_Baseline,331
1790266103.099489766,Uninterrupted_Baseline,333
1790266103.177933535,Uninterrupted_Baseline,335
1790266103.264210338,Uninterrupted_Baseline,337
1790266103.349504247,Uninterrupted_Baseline,339
1790266103.433954410,Uninterrupted_Baseline,342
1790266103.517097857,Uninterrupted_Baseline,344
1790266103.598507924,Uninterrupted_Baseline,346
1790266103.678794548,Uninterrupted_Baseline,349
1790266103.759475479,Uninterrupted_Baseline,352
1790266103.838591100,Uninterrupted_Baseline,354
1790266103.918175787,Uninterrupted_Baseline,357
1790266103.983609359,Uninterrupted_Baseline,347
1790266104.065404621,Uninterrupted_Baseline,251
1790266104.147946136,Uninterrupted_Baseline,255
1790266104.228081642,Uninterrupted_Baseline,259
1790266104.301105325,Uninterrupted_Baseline,261
1790266104.373684742,Uninterrupted_Baseline,265
1790266104.442644289,Uninterrupted_Baseline,269
1790266104.523536277,Uninterrupted_Baseline,272
1790266104.603107743,Uninterrupted_Baseline,275
1790266104.670022920,Uninterrupted_Baseline,278
1790266104.754466814,Uninterrupted_Baseline,281
1790266104.825506510,Uninterrupted_Baseline,283
1790266104.880996886,Uninterrupted_Baseline,286
1790266104.942120264,Uninterrupted_Baseline,289
1790266105.027886969,Uninterrupted_Baseline,292
1790266105.108561100,Uninterrupted_Baseline,295
1790266105.184557140,Uninterrupted_Baseline,298
1790266105.266240926,Uninterrupted_Baseline,300
1790266105.349200946,Uninterrupted_Baseline,303
1790266105.430613514,Uninterrupted_Baseline,306
1790266105.514042318,Uninterrupted_Baseline,308
1790266105.595438140,Uninterrupted_Baseline,311
1790266105.673107742,Uninterrupted_Baseline,313
1790266105.754307199,Uninterrupted_Baseline,315
1790266105.835893924,Uninterrupted_Baseline,317
1790266105.908128174,Uninterrupted_Baseline,319
1790266105.993398747,Uninterrupted_Baseline,321
1790266106.081393363,Uninterrupted_Baseline,324
1790266106.160675142,Uninterrupted_Baseline,326
1790266106.244375112,Uninterrupted_Baseline,328
1790266106.323855556,Uninterrupted_Baseline,330
1790266106.414632982,Uninterrupted_Baseline,331
1790266106.500424531,Uninterrupted_Baseline,333
1790266106.580142596,Uninterrupted_Baseline,335
1790266106.652408963,Uninterrupted_Baseline,336
1790266106.737232492,Uninterrupted_Baseline,338
1790266106.818500178,Uninterrupted_Baseline,339
1790266106.880585528,Uninterrupted_Baseline,340
1790266106.966546167,Uninterrupted_Baseline,341
1790266107.058401181,Uninterrupted_Baseline,342
1790266107.114258072,Uninterrupted_Baseline,343
1790266107.177323295,Uninterrupted_Baseline,320
1790266107.241195857,Uninterrupted_Baseline,240
1790266107.316950649,Uninterrupted_Baseline,240
1790266107.399310893,Uninterrupted_Baseline,241
1790266107.482345933,Uninterrupted_Baseline,243
1790266107.565461613,Uninterrupted_Baseline,246
1790266107.648016958,Uninterrupted_Baseline,248
1790266107.728181594,Uninterrupted_Baseline,250
1790266107.800311754,Uninterrupted_Baseline,253
1790266107.881468740,Uninterrupted_Baseline,255
1790266107.962248379,Uninterrupted_Baseline,257
1790266108.048463692,Uninterrupted_Baseline,259
1790266108.114916098,Uninterrupted_Baseline,261
1790266108.195807965,Uninterrupted_Baseline,263
1790266108.268175966,Uninterrupted_Baseline,264
1790266108.345027767,Uninterrupted_Baseline,266
1790266108.411414840,Uninterrupted_Baseline,266
1790266108.463849231,Uninterrupted_Baseline,268
1790266108.519920559,Uninterrupted_Baseline,268
1790266108.590823090,Uninterrupted_Baseline,270
1790266108.664291542,Uninterrupted_Baseline,271
1790266108.746945307,Uninterrupted_Baseline,272
1790266108.820824309,Uninterrupted_Baseline,274
1790266108.898866140,Uninterrupted_Baseline,275
1790266108.979896254,Uninterrupted_Baseline,276
1790266109.056603400,Uninterrupted_Baseline,277
1790266109.121492357,Uninterrupted_Baseline,278
1790266109.177745685,Uninterrupted_Baseline,279
1790266109.240586833,Uninterrupted_Baseline,279
1790266109.322448587,Uninterrupted_Baseline,281
1790266109.403042146,Uninterrupted_Baseline,282
1790266109.485000476,Uninterrupted_Baseline,283
1790266109.567845626,Uninterrupted_Baseline,284
1790266109.650482269,Uninterrupted_Baseline,284
1790266109.733233896,Uninterrupted_Baseline,285
1790266109.816319607,Uninterrupted_Baseline,286
1790266109.901624372,Uninterrupted_Baseline,286
1790266109.965883735,Uninterrupted_Baseline,287
1790266110.051443694,Uninterrupted_Baseline,287
1790266110.132944254,Uninterrupted_Baseline,288
1790266110.207218345,Uninterrupted_Baseline,288
1790266110.277179449,Uninterrupted_Baseline,289
1790266110.356212882,Uninterrupted_Baseline,289
1790266110.433439836,Uninterrupted_Baseline,290
1790266110.512456420,Uninterrupted_Baseline,290
1790266110.565441147,Uninterrupted_Baseline,290
1790266110.644864526,Uninterrupted_Baseline,290
1790266110.730811610,Uninterrupted_Baseline,291
1790266110.818288503,Uninterrupted_Baseline,291
1790266110.899759662,Uninterrupted_Baseline,291
1790266110.978171756,Uninterrupted_Baseline,291
1790266111.059823307,Uninterrupted_Baseline,292
1790266111.139485691,Uninterrupted_Baseline,292
1790266111.227337415,Uninterrupted_Baseline,292
1790266111.316494859,Uninterrupted_Baseline,292
1790266111.403749154,Uninterrupted_Baseline,292
1790266111.485950409,Uninterrupted_Baseline,292
1790266111.575412704,Uninterrupted_Baseline,292
1790266111.659367297,Uninterrupted_Baseline,292
1790266111.744058918,Uninterrupted_Baseline,292
1790266111.805199941,Uninterrupted_Baseline,292
1790266111.867556140,Uninterrupted_Baseline,292
1790266111.946677374,Uninterrupted_Baseline,292
1790266112.027559558,Uninterrupted_Baseline,292
1790266112.107551968,Uninterrupted_Baseline,292
1790266112.191276289,Uninterrupted_Baseline,292
1790266112.276817438,Uninterrupted_Baseline,292
1790266112.348892103,Uninterrupted_Baseline,292
1790266112.423553393,Uninterrupted_Baseline,292
1790266112.497090561,Uninterrupted_Baseline,292
1790266112.569283664,Uninterrupted_Baseline,292
1790266112.650853362,Uninterrupted_Baseline,292
1790266112.735922188,Uninterrupted_Baseline,292
1790266112.819626524,Uninterrupted_Baseline,292
1790266112.903434056,Uninterrupted_Baseline,292
1790266112.986116462,Uninterrupted_Baseline,292
1790266113.068173587,Uninterrupted_Baseline,292
1790266113.153225261,Uninterrupted_Baseline,292
1790266113.236960978,Uninterrupted_Baseline,292
1790266113.316025168,Uninterrupted_Baseline,292
1790266113.395700573,Uninterrupted_Baseline,292
1790266113.479799143,Uninterrupted_Baseline,292
1790266113.565860504,Uninterrupted_Baseline,292
1790266113.645831051,Uninterrupted_Baseline,292
1790266113.731501097,Uninterrupted_Baseline,292
1790266113.812747379,Uninterrupted_Baseline,293
1790266113.895097363,Uninterrupted_Baseline,293
1790266113.978304510,Uninterrupted_Baseline,293
1790266114.062609972,Uninterrupted_Baseline,293
1790266114.144494965,Uninterrupted_Baseline,294
1790266114.226866652,Uninterrupted_Baseline,294
1790266114.312207863,Uninterrupted_Baseline,294
1790266114.394954125,Uninterrupted_Baseline,295
1790266114.483053112,Uninterrupted_Baseline,295
1790266114.564163471,Uninterrupted_Baseline,296
1790266114.649893813,Uninterrupted_Baseline,296
1790266114.736381177,Uninterrupted_Baseline,297
1790266114.817105982,Uninterrupted_Baseline,297
1790266114.873982534,Uninterrupted_Baseline,298
1790266114.930547488,Uninterrupted_Baseline,298
1790266115.027484328,Uninterrupted_Baseline,299
1790266115.086839838,Uninterrupted_Baseline,299
1790266115.148752481,Uninterrupted_Baseline,300
1790266115.235869537,Uninterrupted_Baseline,301
1790266115.325301130,Uninterrupted_Baseline,302
1790266115.408407139,Uninterrupted_Baseline,303
1790266115.491787383,Uninterrupted_Baseline,304
1790266115.579317131,Uninterrupted_Baseline,305
1790266115.664685179,Uninterrupted_Baseline,306
1790266115.742847515,Uninterrupted_Baseline,307
1790266115.826075577,Uninterrupted_Baseline,308
1790266115.916704737,Uninterrupted_Baseline,309
1790266115.989094067,Uninterrupted_Baseline,310
1790266116.071629378,Uninterrupted_Baseline,311
1790266116.141543085,Uninterrupted_Baseline,312
1790266116.219422474,Uninterrupted_Baseline,313
1790266116.297353961,Uninterrupted_Baseline,314
1790266116.368885400,Uninterrupted_Baseline,316
1790266116.455580781,Uninterrupted_Baseline,318
1790266116.544160783,Uninterrupted_Baseline,320
1790266116.628012639,Uninterrupted_Baseline,321
1790266116.709289365,Uninterrupted_Baseline,323
1790266116.788846646,Uninterrupted_Baseline,325
1790266116.875072707,Uninterrupted_Baseline,327
1790266116.954463293,Uninterrupted_Baseline,329
1790266117.024441268,Uninterrupted_Baseline,331
1790266117.113261464,Uninterrupted_Baseline,333
1790266117.203371675,Uninterrupted_Baseline,335
1790266117.280708413,Uninterrupted_Baseline,337
1790266117.348290307,Uninterrupted_Baseline,339
1790266117.426803705,Uninterrupted_Baseline,341
1790266117.498944900,Uninterrupted_Baseline,343
1790266117.580840487,Uninterrupted_Baseline,346
1790266117.663353842,Uninterrupted_Baseline,348
1790266117.742364825,Uninterrupted_Baseline,351
1790266117.816377224,Uninterrupted_Baseline,354
1790266117.888021359,Uninterrupted_Baseline,356
1790266117.972432836,Uninterrupted_Baseline,284
1790266118.052146284,Uninterrupted_Baseline,249
1790266118.119247288,Uninterrupted_Baseline,249
1790266118.195679233,Uninterrupted_Baseline,251
1790266118.253154640,Uninterrupted_Baseline,254
1790266118.313543609,Uninterrupted_Baseline,257
1790266118.380260060,Uninterrupted_Baseline,260
1790266118.432511548,Uninterrupted_Baseline,262
1790266129.229814034,Phase1_Baseline,10
1790266129.296737088,Phase1_Baseline,18
1790266129.377113168,Phase1_Baseline,36
1790266129.458765703,Phase1_Baseline,72
1790266129.539126713,Phase1_Baseline,122
1790266129.619349955,Phase1_Baseline,235
1790266129.697924921,Phase1_Baseline,455
1790266129.768024278,Phase1_Baseline,489
1790266129.848914870,Phase1_Baseline,489
1790266129.926885646,Phase1_Baseline,409
1790266130.006075378,Phase1_Baseline,342
1790266130.066767052,Phase1_Baseline,297
1790266130.145816051,Phase1_Baseline,239
1790266130.230435155,Phase1_Baseline,168
1790266130.310732878,Phase1_Baseline,168
1790266130.375699333,Phase1_Baseline,168
1790266130.455405598,Phase1_Baseline,117
1790266130.536211189,Phase1_Baseline,117
1790266130.616888914,Phase1_Baseline,120
1790266130.699465932,Phase1_Baseline,121
1790266130.781537181,Phase1_Baseline,122
1790266130.866009445,Phase1_Baseline,123
1790266130.945684610,Phase1_Baseline,124
1790266131.006052232,Phase1_Baseline,125
1790266131.087338137,Phase1_Baseline,126
1790266131.160032114,Phase1_Baseline,127
1790266131.239805841,Phase1_Baseline,129
1790266131.319187604,Phase1_Baseline,130
1790266131.394813213,Phase1_Baseline,131
1790266131.476581397,Phase1_Baseline,132
1790266131.557496766,Phase1_Baseline,133
1790266131.637851462,Phase1_Baseline,134
1790266131.718056723,Phase1_Baseline,135
1790266131.800250582,Phase1_Baseline,135
1790266131.880332722,Phase1_Baseline,136
1790266131.962218744,Phase1_Baseline,136
1790266132.034381253,Phase1_Baseline,137
1790266132.107486411,Phase1_Baseline,138
1790266132.187520391,Phase1_Baseline,138
1790266132.269750015,Phase1_Baseline,138
1790266132.349095456,Phase1_Baseline,139
1790266132.432347877,Phase1_Baseline,139
1790266132.515615264,Phase1_Baseline,140
1790266132.592025229,Phase1_Baseline,140
1790266132.672775556,Phase1_Baseline,140
1790266132.754083371,Phase1_Baseline,141
1790266132.841199241,Phase1_Baseline,141
1790266132.917868488,Phase1_Baseline,141
1790266132.999593582,Phase1_Baseline,141
1790266133.088237245,Phase1_Baseline,142
1790266133.174131078,Phase1_Baseline,142
1790266133.256431314,Phase1_Baseline,142
1790266133.338416386,Phase1_Baseline,142
1790266133.416061418,Phase1_Baseline,142
1790266133.485000878,Phase1_Baseline,142
1790266133.556190960,Phase1_Baseline,142
1790266133.633072978,Phase1_Baseline,142
1790266133.704583997,Phase1_Baseline,142
1790266133.785032733,Phase1_Baseline,142
1790266133.861581936,Phase1_Baseline,142
1790266133.939016439,Phase1_Baseline,142
1790266134.011944271,Phase1_Baseline,142
1790266134.088062720,Phase1_Baseline,142
1790266134.166813026,Phase1_Baseline,142
1790266134.241741128,Phase1_Baseline,143
1790266134.323883072,Phase1_Baseline,143
1790266134.399756467,Phase1_Baseline,144
1790266134.484250281,Phase1_Baseline,144
1790266134.565152598,Phase1_Baseline,145
1790266134.646239936,Phase1_Baseline,146
1790266134.733585663,Phase1_Baseline,146
1790266134.817745819,Phase1_Baseline,147
1790266134.895328481,Phase1_Baseline,147
1790266134.968753438,Phase1_Baseline,148
1790266135.040242723,Phase1_Baseline,148
1790266135.121720984,Phase1_Baseline,149
1790266135.206006939,Phase1_Baseline,149
1790266135.282884506,Phase1_Baseline,150
1790266135.365783228,Phase1_Baseline,151
1790266135.449297853,Phase1_Baseline,151
1790266135.539731379,Phase1_Baseline,152
1790266135.626843112,Phase1_Baseline,152
1790266135.708116656,Phase1_Baseline,153
1790266135.790162442,Phase1_Baseline,154
1790266135.871156925,Phase1_Baseline,154
1790266135.933860848,Phase1_Baseline,155
1790266136.017850371,Phase1_Baseline,155
1790266136.093012926,Phase1_Baseline,156
1790266136.172862957,Phase1_Baseline,156
1790266136.257735713,Phase1_Baseline,157
1790266136.334370635,Phase1_Baseline,157
1790266136.415376935,Phase1_Baseline,158
1790266136.468440059,Phase1_Baseline,158
1790266136.544437546,Phase1_Baseline,159
1790266136.623190876,Phase1_Baseline,159
1790266136.704109823,Phase1_Baseline,160
1790266136.784574305,Phase1_Baseline,160
1790266136.866766301,Phase1_Baseline,161
1790266136.949872089,Phase1_Baseline,162
1790266137.032341016,Phase1_Baseline,162
1790266137.120779385,Phase1_Baseline,163
1790266137.198260291,Phase1_Baseline,163
1790266137.276332144,Phase1_Baseline,164
1790266137.357781772,Phase1_Baseline,165
1790266137.438528701,Phase1_Baseline,165
1790266137.517279532,Phase1_Baseline,166
1790266137.595268741,Phase1_Baseline,166
1790266137.676694777,Phase1_Baseline,167
1790266137.749827527,Phase1_Baseline,167
1790266137.825848664,Phase1_Baseline,168
1790266137.904264141,Phase1_Baseline,168
1790266137.981242203,Phase1_Baseline,169
1790266138.055616069,Phase1_Baseline,169
1790266138.126402384,Phase1_Baseline,170
1790266138.209758655,Phase1_Baseline,170
1790266138.272441214,Phase1_Baseline,171
1790266138.339032981,Phase1_Baseline,171
1790266138.419556335,Phase1_Baseline,172
1790266138.470830787,Phase1_Baseline,172
1790266138.520913694,Phase1_Baseline,173
1790266138.578693653,Phase1_Baseline,173
1790266138.635726712,Phase1_Baseline,173
1790266138.702962331,Phase1_Baseline,174
1790266138.770453535,Phase1_Baseline,174
1790266138.849797252,Phase1_Baseline,175
1790266138.934489416,Phase1_Baseline,177
1790266139.012106886,Phase1_Baseline,179
1790266139.095923281,Phase1_Baseline,181
1790266139.154612392,Phase1_Baseline,182
1790266139.216387182,Phase1_Baseline,184
1790266139.283921666,Phase1_Baseline,186
1790266139.364429246,Phase1_Baseline,188
1790266139.439219504,Phase1_Baseline,190
1790266139.516304365,Phase1_Baseline,192
1790266139.597599560,Phase1_Baseline,195
1790266139.675259874,Phase1_Baseline,198
1790266139.751062940,Phase1_Baseline,200
1790266139.822186901,Phase1_Baseline,202
1790266139.888238377,Phase1_Baseline,204
1790266139.973639493,Phase1_Baseline,207
1790266140.033584209,Phase1_Baseline,210
1790266140.110208507,Phase1_Baseline,213
1790266140.198681396,Phase1_Baseline,216
1790266140.272715928,Phase1_Baseline,219
1790266140.345367356,Phase1_Baseline,222
1790266140.429343094,Phase1_Baseline,226
1790266140.513097870,Phase1_Baseline,229
1790266140.593626101,Phase1_Baseline,233
1790266140.682415093,Phase1_Baseline,237
1790266140.762357770,Phase1_Baseline,240
1790266140.841765296,Phase1_Baseline,244
1790266140.915806460,Phase1_Baseline,248
1790266140.983412252,Phase1_Baseline,252
1790266141.062473597,Phase1_Baseline,255
1790266141.118955071,Phase1_Baseline,258
1790266141.200568558,Phase1_Baseline,263
1790266141.277450013,Phase1_Baseline,267
1790266141.357358664,Phase1_Baseline,272
1790266141.434521813,Phase1_Baseline,275
1790266141.500517670,Phase1_Baseline,280
1790266141.581775015,Phase1_Baseline,285
1790266141.659618694,Phase1_Baseline,289
1790266141.721730594,Phase1_Baseline,293
1790266141.800962554,Phase1_Baseline,298
1790266141.872757351,Phase1_Baseline,303
1790266141.947272746,Phase1_Baseline,308
1790266142.022586092,Phase1_Baseline,313
1790266142.104301876,Phase1_Baseline,318
1790266142.182428295,Phase1_Baseline,323
1790266142.249312315,Phase1_Baseline,329
1790266142.331150361,Phase1_Baseline,335
1790266142.409475428,Phase1_Baseline,341
1790266142.493894494,Phase1_Baseline,346
1790266142.569934962,Phase1_Baseline,352
1790266142.634038560,Phase1_Baseline,357
1790266142.703806787,Phase1_Baseline,363
1790266142.766757476,Phase1_Baseline,368
1790266142.847441387,Phase1_Baseline,298
1790266142.933230274,Phase1_Baseline,259
1790266143.012605117,Phase1_Baseline,259
1790266143.097164520,Phase1_Baseline,264
1790266143.174457093,Phase1_Baseline,268
1790266143.251292184,Phase1_Baseline,271
1790266143.331906879,Phase1_Baseline,275
1790266143.413002334,Phase1_Baseline,279
1790266143.500691423,Phase1_Baseline,282
1790266143.582416932,Phase1_Baseline,286
1790266143.664108542,Phase1_Baseline,289
1790266143.738062123,Phase1_Baseline,292
1790266143.811607432,Phase1_Baseline,295
1790266143.891089228,Phase1_Baseline,298
1790266143.955520604,Phase1_Baseline,301
1790266144.033267774,Phase1_Baseline,304
1790266144.115015359,Phase1_Baseline,307
1790266144.193391505,Phase1_Baseline,309
1790266144.252692409,Phase1_Baseline,311
1790266144.317090120,Phase1_Baseline,314
1790266144.394016862,Phase1_Baseline,316
1790266144.473222987,Phase1_Baseline,319
1790266144.554273058,Phase1_Baseline,321
1790266144.634153587,Phase1_Baseline,323
1790266144.720190345,Phase1_Baseline,326
1790266144.800538409,Phase1_Baseline,328
1790266144.876598357,Phase1_Baseline,330
1790266144.964848604,Phase1_Baseline,332
1790266145.030104978,Phase1_Baseline,334
1790266145.091454408,Phase1_Baseline,325
1790266145.154233992,Phase1_Baseline,234
1790266145.234253764,Phase1_Baseline,236
1790266145.316945334,Phase1_Baseline,238
1790266145.406768940,Phase1_Baseline,241
1790266145.495817403,Phase1_Baseline,243
1790266145.573612748,Phase1_Baseline,245
1790266145.653315572,Phase1_Baseline,247
1790266145.713313130,Phase1_Baseline,249
1790266145.778642150,Phase1_Baseline,251
1790266145.862360013,Phase1_Baseline,253
1790266145.943876876,Phase1_Baseline,254
1790266146.025519679,Phase1_Baseline,256
1790266146.109732600,Phase1_Baseline,258
1790266146.194193526,Phase1_Baseline,260
1790266146.277075436,Phase1_Baseline,261
1790266146.359680906,Phase1_Baseline,262
1790266146.436821493,Phase1_Baseline,263
1790266146.515047478,Phase1_Baseline,265
1790266146.590017348,Phase1_Baseline,266
1790266146.663902717,Phase1_Baseline,267
1790266146.745082865,Phase1_Baseline,268
1790266146.822764579,Phase1_Baseline,269
1790266146.901822957,Phase1_Baseline,270
1790266146.967767636,Phase1_Baseline,271
1790266147.053186451,Phase1_Baseline,272
1790266147.131067481,Phase1_Baseline,273
1790266147.207413301,Phase1_Baseline,274
1790266147.274151012,Phase1_Baseline,275
1790266147.358361950,Phase1_Baseline,276
1790266147.442503785,Phase1_Baseline,277
1790266147.523893705,Phase1_Baseline,277
1790266147.594040663,Phase1_Baseline,278
1790266147.681567441,Phase1_Baseline,279
1790266147.764405198,Phase1_Baseline,279
1790266147.849622447,Phase1_Baseline,280
1790266147.933420378,Phase1_Baseline,280
1790266148.011772248,Phase1_Baseline,281
1790266148.088007694,Phase1_Baseline,281
1790266148.165850448,Phase1_Baseline,282
1790266148.231487725,Phase1_Baseline,282
1790266148.295910371,Phase1_Baseline,282
1790266148.372788193,Phase1_Baseline,282
1790266148.427792682,Phase1_Baseline,283
1790266148.481211133,Phase1_Baseline,283
1790266148.534884661,Phase1_Baseline,283
1790266148.590935596,Phase1_Baseline,283
1790266148.660554992,Phase1_Baseline,283
1790266148.724714742,Phase1_Baseline,283
1790266148.798567976,Phase1_Baseline,284
1790266148.878010449,Phase1_Baseline,284
1790266148.955974730,Phase1_Baseline,284
1790266149.026074033,Phase1_Baseline,284
1790266149.102777868,Phase1_Baseline,284
1790266149.164106067,Phase1_Baseline,284
1790266149.249816871,Phase1_Baseline,284
1790266149.325602496,Phase1_Baseline,284
1790266149.411421782,Phase1_Baseline,284
1790266149.492245748,Phase1_Baseline,284
1790266149.581778705,Phase1_Baseline,284
1790266149.663854522,Phase1_Baseline,284
1790266149.754794820,Phase1_Baseline,284
1790266149.833038969,Phase1_Baseline,284
1790266149.896537597,Phase1_Baseline,284
1790266149.964479356,Phase1_Baseline,284
1790266150.036606015,Phase1_Baseline,284
1790266150.116346433,Phase1_Baseline,284
1790266150.201377252,Phase1_Baseline,284
1790266150.272149681,Phase1_Baseline,284
1790266150.356259644,Phase1_Baseline,284
1790266150.431433609,Phase1_Baseline,284
1790266150.504191704,Phase1_Baseline,284
1790266150.570432888,Phase1_Baseline,284
1790266150.640819323,Phase1_Baseline,284
1790266150.720921310,Phase1_Baseline,284
1790266150.800490489,Phase1_Baseline,284
1790266150.881926614,Phase1_Baseline,284
1790266150.956859309,Phase1_Baseline,284
1790266151.036027530,Phase1_Baseline,284
1790266151.126637173,Phase1_Baseline,284
1790266151.208346872,Phase1_Baseline,284
1790266151.274952420,Phase1_Baseline,284
1790266151.340833465,Phase1_Baseline,284
1790266151.421081756,Phase1_Baseline,284
1790266151.504698868,Phase1_Baseline,285
1790266151.590070793,Phase1_Baseline,285
1790266151.672075091,Phase1_Baseline,285
1790266151.757470588,Phase1_Baseline,285
1790266151.844230279,Phase1_Baseline,286
1790266151.913769780,Phase1_Baseline,286
1790266151.990068100,Phase1_Baseline,286
1790266152.067861835,Phase1_Baseline,286
1790266152.133802910,Phase1_Baseline,287
1790266152.202715136,Phase1_Baseline,287
1790266152.281896229,Phase1_Baseline,288
1790266152.363967407,Phase1_Baseline,288
1790266152.442695562,Phase1_Baseline,289
1790266152.510096800,Phase1_Baseline,289
1790266152.596583909,Phase1_Baseline,290
1790266152.683559466,Phase1_Baseline,290
1790266152.768366192,Phase1_Baseline,291
1790266152.845336483,Phase1_Baseline,292
1790266152.928465262,Phase1_Baseline,292
1790266153.012262516,Phase1_Baseline,293
1790266153.091159237,Phase1_Baseline,294
1790266153.175113969,Phase1_Baseline,295
1790266153.258494355,Phase1_Baseline,296
1790266153.342073442,Phase1_Baseline,297
1790266153.421113449,Phase1_Baseline,298
1790266153.487954495,Phase1_Baseline,299
1790266153.568055708,Phase1_Baseline,300
1790266153.656296787,Phase1_Baseline,301
1790266153.734028306,Phase1_Baseline,302
1790266153.814939192,Phase1_Baseline,303
1790266153.901148005,Phase1_Baseline,304
1790266153.977408645,Phase1_Baseline,305
1790266155.409908544,Phase2_Migrated,10
1790266155.502120438,Phase2_Migrated,6
1790266155.595310200,Phase2_Migrated,22
1790266155.687753694,Phase2_Migrated,44
1790266155.779908361,Phase2_Migrated,96
1790266155.873948835,Phase2_Migrated,234
1790266155.973421881,Phase2_Migrated,532
1790266156.069036759,Phase2_Migrated,876
1790266156.157915211,Phase2_Migrated,876
1790266156.247486203,Phase2_Migrated,794
1790266156.327377588,Phase2_Migrated,688
1790266156.418601253,Phase2_Migrated,613
1790266156.512413834,Phase2_Migrated,613
1790266156.603569416,Phase2_Migrated,483
1790266156.692903371,Phase2_Migrated,429
1790266156.780764503,Phase2_Migrated,429
1790266156.879444651,Phase2_Migrated,300
1790266156.975179601,Phase2_Migrated,300
1790266157.069293213,Phase2_Migrated,210
1790266157.169585354,Phase2_Migrated,210
1790266157.263222403,Phase2_Migrated,169
1790266157.342778360,Phase2_Migrated,147
1790266157.440198946,Phase2_Migrated,149
1790266157.522508085,Phase2_Migrated,151
1790266157.619366286,Phase2_Migrated,153
1790266157.704824697,Phase2_Migrated,154
1790266157.801697228,Phase2_Migrated,156
1790266157.890952313,Phase2_Migrated,157
1790266157.973805334,Phase2_Migrated,159
1790266158.054754178,Phase2_Migrated,160
1790266158.153918593,Phase2_Migrated,162
1790266158.241981808,Phase2_Migrated,163
1790266158.320911832,Phase2_Migrated,164
1790266158.412176869,Phase2_Migrated,165
1790266158.469831422,Phase2_Migrated,166
1790266158.526542563,Phase2_Migrated,167
1790266158.594425364,Phase2_Migrated,167
1790266158.675896719,Phase2_Migrated,169
1790266158.771243049,Phase2_Migrated,170
1790266158.866532605,Phase2_Migrated,171
1790266158.960885989,Phase2_Migrated,171
1790266159.053582407,Phase2_Migrated,172
1790266159.141413371,Phase2_Migrated,173
1790266159.219100376,Phase2_Migrated,173
1790266159.304507032,Phase2_Migrated,174
1790266159.375759197,Phase2_Migrated,174
1790266159.462174308,Phase2_Migrated,175
1790266159.556500328,Phase2_Migrated,175
1790266159.656610206,Phase2_Migrated,176
1790266159.751381096,Phase2_Migrated,176
1790266159.837223686,Phase2_Migrated,176
1790266159.921926637,Phase2_Migrated,177
1790266159.975472657,Phase2_Migrated,177
1790266160.029040890,Phase2_Migrated,177
1790266160.089264588,Phase2_Migrated,177
1790266160.154789943,Phase2_Migrated,177
1790266160.243749468,Phase2_Migrated,178
1790266160.335136995,Phase2_Migrated,178
1790266160.428217802,Phase2_Migrated,178
1790266160.520855625,Phase2_Migrated,178
1790266160.620957784,Phase2_Migrated,178
1790266160.710474704,Phase2_Migrated,178
1790266160.804100770,Phase2_Migrated,178
1790266160.896547364,Phase2_Migrated,178
1790266160.991550162,Phase2_Migrated,178
1790266161.092315531,Phase2_Migrated,178
1790266161.189206286,Phase2_Migrated,178
1790266161.281491077,Phase2_Migrated,178
1790266161.370704290,Phase2_Migrated,178
1790266161.457633650,Phase2_Migrated,178
1790266161.546459589,Phase2_Migrated,178
1790266161.645265274,Phase2_Migrated,178
1790266161.730847233,Phase2_Migrated,178
1790266161.824884442,Phase2_Migrated,178
1790266161.911945673,Phase2_Migrated,178
1790266161.995117290,Phase2_Migrated,179
1790266162.082616859,Phase2_Migrated,179
1790266162.165468472,Phase2_Migrated,180
1790266162.254154385,Phase2_Migrated,181
1790266162.348776913,Phase2_Migrated,181
1790266162.442506003,Phase2_Migrated,182
1790266162.534351503,Phase2_Migrated,182
1790266162.622366034,Phase2_Migrated,183
1790266162.716324848,Phase2_Migrated,184
1790266162.804790873,Phase2_Migrated,184
1790266162.894397185,Phase2_Migrated,185
1790266162.989192279,Phase2_Migrated,186
1790266163.091337542,Phase2_Migrated,186
1790266163.181028242,Phase2_Migrated,187
1790266163.253770249,Phase2_Migrated,187
1790266163.339113295,Phase2_Migrated,188
1790266163.425068156,Phase2_Migrated,189
1790266163.503095518,Phase2_Migrated,189
1790266163.589150604,Phase2_Migrated,190
1790266163.667349509,Phase2_Migrated,191
1790266163.758382725,Phase2_Migrated,191
1790266163.851182250,Phase2_Migrated,192
1790266163.946252027,Phase2_Migrated,192
1790266164.031083546,Phase2_Migrated,193
1790266164.106154919,Phase2_Migrated,194
1790266164.198131450,Phase2_Migrated,194
1790266164.291059151,Phase2_Migrated,195
1790266164.372229754,Phase2_Migrated,195
1790266164.461528033,Phase2_Migrated,196
1790266164.551864814,Phase2_Migrated,197
1790266164.640577972,Phase2_Migrated,197
1790266164.732281241,Phase2_Migrated,198
1790266164.822968888,Phase2_Migrated,199
1790266164.909038037,Phase2_Migrated,199
1790266165.006252946,Phase2_Migrated,200
1790266165.061593539,Phase2_Migrated,200
1790266165.135293723,Phase2_Migrated,201
1790266165.227444836,Phase2_Migrated,201
1790266165.315281111,Phase2_Migrated,202
1790266165.403712691,Phase2_Migrated,203
1790266165.494944274,Phase2_Migrated,203
1790266165.588946801,Phase2_Migrated,204
1790266165.683091185,Phase2_Migrated,205
1790266165.776138662,Phase2_Migrated,206
1790266165.867504742,Phase2_Migrated,208
1790266165.959103129,Phase2_Migrated,210
1790266166.033855780,Phase2_Migrated,212
1790266166.119285449,Phase2_Migrated,214
1790266166.217964081,Phase2_Migrated,216
1790266166.310744676,Phase2_Migrated,219
1790266166.404768198,Phase2_Migrated,221
1790266166.498741583,Phase2_Migrated,224
1790266166.590164524,Phase2_Migrated,226
1790266166.682103126,Phase2_Migrated,229
1790266166.777710023,Phase2_Migrated,232
1790266166.862825630,Phase2_Migrated,235
1790266166.957780681,Phase2_Migrated,238
1790266167.055762383,Phase2_Migrated,241
1790266167.158516887,Phase2_Migrated,245
1790266167.258208326,Phase2_Migrated,249
1790266167.359717147,Phase2_Migrated,253
1790266167.466525242,Phase2_Migrated,257
1790266167.569583958,Phase2_Migrated,261
1790266167.661222292,Phase2_Migrated,265
1790266167.763901240,Phase2_Migrated,269
1790266167.857814021,Phase2_Migrated,274
1790266167.959698605,Phase2_Migrated,279
1790266168.057967575,Phase2_Migrated,284
1790266168.145163488,Phase2_Migrated,288
1790266168.224400228,Phase2_Migrated,291
1790266168.280119513,Phase2_Migrated,295
1790266168.352798405,Phase2_Migrated,299
1790266168.425529569,Phase2_Migrated,302
1790266168.486702028,Phase2_Migrated,306
1790266168.551603374,Phase2_Migrated,310
1790266168.620251431,Phase2_Migrated,314
1790266168.710096006,Phase2_Migrated,319
1790266168.805977970,Phase2_Migrated,326
1790266168.909118415,Phase2_Migrated,332
1790266169.001547640,Phase2_Migrated,337
1790266169.085808173,Phase2_Migrated,343
1790266169.163813608,Phase2_Migrated,348
1790266169.223343633,Phase2_Migrated,352
1790266169.300522623,Phase2_Migrated,284
1790266169.388381839,Phase2_Migrated,249
1790266169.482247964,Phase2_Migrated,253
1790266169.576309166,Phase2_Migrated,258
1790266169.651545043,Phase2_Migrated,262
1790266169.735361685,Phase2_Migrated,265
1790266169.804955583,Phase2_Migrated,268
1790266169.882180274,Phase2_Migrated,271
1790266169.974140164,Phase2_Migrated,276
1790266170.065642095,Phase2_Migrated,279
1790266170.155300791,Phase2_Migrated,282
1790266170.236545903,Phase2_Migrated,286
1790266170.329982392,Phase2_Migrated,289
1790266170.421613275,Phase2_Migrated,293
1790266170.516346753,Phase2_Migrated,295
1790266170.612050037,Phase2_Migrated,299
1790266170.700830681,Phase2_Migrated,301
1790266170.791909803,Phase2_Migrated,304
1790266170.880583440,Phase2_Migrated,307
1790266170.971497496,Phase2_Migrated,309
1790266171.062764970,Phase2_Migrated,312
1790266171.155488789,Phase2_Migrated,314
1790266171.249737026,Phase2_Migrated,317
1790266171.332694717,Phase2_Migrated,319
1790266171.429823000,Phase2_Migrated,322
1790266171.518484818,Phase2_Migrated,324
1790266171.606600874,Phase2_Migrated,325
1790266171.701636131,Phase2_Migrated,328
1790266171.792645433,Phase2_Migrated,329
1790266171.887533698,Phase2_Migrated,331
1790266171.982352768,Phase2_Migrated,332
1790266172.083250737,Phase2_Migrated,334
1790266172.174037697,Phase2_Migrated,335
1790266172.268714345,Phase2_Migrated,337
1790266172.367035058,Phase2_Migrated,338
1790266172.457108640,Phase2_Migrated,340
1790266172.550113876,Phase2_Migrated,341
1790266172.637239734,Phase2_Migrated,314
1790266172.737678531,Phase2_Migrated,239
1790266172.830737907,Phase2_Migrated,239
1790266172.922834769,Phase2_Migrated,241
1790266173.016139063,Phase2_Migrated,244
1790266173.111946883,Phase2_Migrated,246
1790266173.208208446,Phase2_Migrated,249
1790266173.302395889,Phase2_Migrated,252
1790266173.385243447,Phase2_Migrated,254
1790266173.480598177,Phase2_Migrated,256
1790266173.572804841,Phase2_Migrated,259
1790266173.665528179,Phase2_Migrated,260
1790266173.753072046,Phase2_Migrated,262
1790266173.842953251,Phase2_Migrated,264
1790266173.930488447,Phase2_Migrated,266
1790266174.021963532,Phase2_Migrated,268
1790266174.116729677,Phase2_Migrated,269
1790266174.211749138,Phase2_Migrated,271
1790266174.305820578,Phase2_Migrated,272
1790266174.396517379,Phase2_Migrated,273
1790266174.484266993,Phase2_Migrated,275
1790266174.577304273,Phase2_Migrated,276
1790266174.648918580,Phase2_Migrated,277
1790266174.743171157,Phase2_Migrated,278
1790266174.837395134,Phase2_Migrated,279
1790266174.921531858,Phase2_Migrated,280
1790266175.003494708,Phase2_Migrated,281
1790266175.096104141,Phase2_Migrated,282
1790266175.173639027,Phase2_Migrated,283
1790266175.255236324,Phase2_Migrated,284
1790266175.342210245,Phase2_Migrated,284
1790266175.437064528,Phase2_Migrated,285
1790266175.519179301,Phase2_Migrated,286
1790266175.611728882,Phase2_Migrated,286
1790266175.707778488,Phase2_Migrated,287
1790266175.799452315,Phase2_Migrated,287
1790266175.891134833,Phase2_Migrated,288
1790266175.994836665,Phase2_Migrated,288
1790266176.054184954,Phase2_Migrated,288
1790266176.131487074,Phase2_Migrated,288
1790266176.224484635,Phase2_Migrated,289
1790266176.314476118,Phase2_Migrated,289
1790266176.392831230,Phase2_Migrated,289
1790266176.483902657,Phase2_Migrated,290
1790266176.575510974,Phase2_Migrated,290
1790266176.677496056,Phase2_Migrated,290
1790266176.773271698,Phase2_Migrated,290
1790266176.866183664,Phase2_Migrated,290
1790266176.963741970,Phase2_Migrated,290
1790266177.044522665,Phase2_Migrated,290
1790266177.138147031,Phase2_Migrated,290
1790266177.228879504,Phase2_Migrated,290
1790266177.328466374,Phase2_Migrated,290
1790266177.405585663,Phase2_Migrated,290
1790266177.499097791,Phase2_Migrated,290
1790266177.590193071,Phase2_Migrated,290
1790266177.680913474,Phase2_Migrated,290
1790266177.764539366,Phase2_Migrated,290
1790266177.855609662,Phase2_Migrated,290
1790266177.951234409,Phase2_Migrated,290
1790266178.045247706,Phase2_Migrated,290
1790266178.117730751,Phase2_Migrated,290
1790266178.204061874,Phase2_Migrated,290
1790266178.296032380,Phase2_Migrated,290
1790266179.433302978,Uninterrupted_Baseline,1
1790266179.515526981,Uninterrupted_Baseline,1
1790266179.600808413,Uninterrupted_Baseline,1
1790266179.669362714,Uninterrupted_Baseline,1
1790266179.744309605,Uninterrupted_Baseline,1
1790266179.809834641,Uninterrupted_Baseline,1
1790266179.896878126,Uninterrupted_Baseline,1
1790266179.963868512,Uninterrupted_Baseline,1
1790266180.054450996,Uninterrupted_Baseline,1
1790266180.122744307,Uninterrupted_Baseline,1
1790266180.207425870,Uninterrupted_Baseline,1
1790266180.289850909,Uninterrupted_Baseline,1
1790266180.371734689,Uninterrupted_Baseline,1
1790266180.454603998,Uninterrupted_Baseline,1
1790266180.537065122,Uninterrupted_Baseline,1
1790266180.620252375,Uninterrupted_Baseline,1
1790266180.705303393,Uninterrupted_Baseline,10
1790266180.705303393,Uninterrupted_Baseline,1
1790266180.791463495,Uninterrupted_Baseline,12
1790266180.791463495,Uninterrupted_Baseline,1
1790266180.875297149,Uninterrupted_Baseline,24
1790266180.875297149,Uninterrupted_Baseline,1
1790266180.967329010,Uninterrupted_Baseline,56
1790266180.967329010,Uninterrupted_Baseline,1
1790266181.044048712,Uninterrupted_Baseline,110
1790266181.044048712,Uninterrupted_Baseline,1
1790266181.133235123,Uninterrupted_Baseline,220
1790266181.133235123,Uninterrupted_Baseline,1
1790266181.197682383,Uninterrupted_Baseline,434
1790266181.197682383,Uninterrupted_Baseline,1
1790266181.279208655,Uninterrupted_Baseline,752
1790266181.279208655,Uninterrupted_Baseline,1
1790266181.375280277,Uninterrupted_Baseline,975
1790266181.375280277,Uninterrupted_Baseline,1
1790266181.455194351,Uninterrupted_Baseline,864
1790266181.455194351,Uninterrupted_Baseline,1
1790266181.546237148,Uninterrupted_Baseline,745
1790266181.546237148,Uninterrupted_Baseline,1
1790266181.633284242,Uninterrupted_Baseline,682
1790266181.633284242,Uninterrupted_Baseline,1
1790266181.714081672,Uninterrupted_Baseline,682
1790266181.714081672,Uninterrupted_Baseline,1
1790266181.795618977,Uninterrupted_Baseline,639
1790266181.795618977,Uninterrupted_Baseline,1
1790266181.856523419,Uninterrupted_Baseline,554
1790266181.856523419,Uninterrupted_Baseline,1
1790266181.924591133,Uninterrupted_Baseline,477
1790266181.924591133,Uninterrupted_Baseline,1
1790266182.004793736,Uninterrupted_Baseline,477
1790266182.004793736,Uninterrupted_Baseline,1
1790266182.076558750,Uninterrupted_Baseline,379
1790266182.076558750,Uninterrupted_Baseline,1
1790266182.160372922,Uninterrupted_Baseline,333
1790266182.160372922,Uninterrupted_Baseline,1
1790266182.242773623,Uninterrupted_Baseline,323
1790266182.242773623,Uninterrupted_Baseline,1
1790266182.323538305,Uninterrupted_Baseline,233
1790266182.323538305,Uninterrupted_Baseline,1
1790266182.409615892,Uninterrupted_Baseline,235
1790266182.409615892,Uninterrupted_Baseline,1
1790266182.498412021,Uninterrupted_Baseline,238
1790266182.498412021,Uninterrupted_Baseline,1
1790266182.583447955,Uninterrupted_Baseline,240
1790266182.583447955,Uninterrupted_Baseline,1
1790266182.665869670,Uninterrupted_Baseline,243
1790266182.665869670,Uninterrupted_Baseline,1
1790266182.753124859,Uninterrupted_Baseline,245
1790266182.753124859,Uninterrupted_Baseline,1
1790266182.837598774,Uninterrupted_Baseline,247
1790266182.837598774,Uninterrupted_Baseline,1
1790266182.922845417,Uninterrupted_Baseline,249
1790266182.922845417,Uninterrupted_Baseline,1
1790266183.010398313,Uninterrupted_Baseline,251
1790266183.010398313,Uninterrupted_Baseline,1
1790266183.089439025,Uninterrupted_Baseline,253
1790266183.089439025,Uninterrupted_Baseline,1
1790266183.169837084,Uninterrupted_Baseline,255
1790266183.169837084,Uninterrupted_Baseline,1
1790266183.251771859,Uninterrupted_Baseline,257
1790266183.251771859,Uninterrupted_Baseline,1
1790266183.331514577,Uninterrupted_Baseline,258
1790266183.331514577,Uninterrupted_Baseline,1
1790266183.412336514,Uninterrupted_Baseline,260
1790266183.412336514,Uninterrupted_Baseline,1
1790266183.492517157,Uninterrupted_Baseline,261
1790266183.492517157,Uninterrupted_Baseline,1
1790266183.574497111,Uninterrupted_Baseline,262
1790266183.574497111,Uninterrupted_Baseline,1
1790266183.658949022,Uninterrupted_Baseline,263
1790266183.658949022,Uninterrupted_Baseline,1
1790266183.741780182,Uninterrupted_Baseline,265
1790266183.741780182,Uninterrupted_Baseline,1
1790266183.806209021,Uninterrupted_Baseline,266
1790266183.806209021,Uninterrupted_Baseline,1
1790266183.885270848,Uninterrupted_Baseline,267
1790266183.885270848,Uninterrupted_Baseline,1
1790266183.956763188,Uninterrupted_Baseline,268
1790266183.956763188,Uninterrupted_Baseline,1
1790266184.048172411,Uninterrupted_Baseline,269
1790266184.048172411,Uninterrupted_Baseline,1
1790266184.117382633,Uninterrupted_Baseline,270
1790266184.117382633,Uninterrupted_Baseline,1
1790266184.199926951,Uninterrupted_Baseline,271
1790266184.199926951,Uninterrupted_Baseline,1
1790266184.282930000,Uninterrupted_Baseline,272
1790266184.282930000,Uninterrupted_Baseline,1
1790266184.371491091,Uninterrupted_Baseline,274
1790266184.371491091,Uninterrupted_Baseline,1
1790266184.460899441,Uninterrupted_Baseline,275
1790266184.460899441,Uninterrupted_Baseline,1
1790266184.546304436,Uninterrupted_Baseline,275
1790266184.546304436,Uninterrupted_Baseline,1
1790266184.630696584,Uninterrupted_Baseline,276
1790266184.630696584,Uninterrupted_Baseline,1
1790266184.717261085,Uninterrupted_Baseline,277
1790266184.717261085,Uninterrupted_Baseline,1
1790266184.801255235,Uninterrupted_Baseline,278
1790266184.801255235,Uninterrupted_Baseline,1
1790266184.888313533,Uninterrupted_Baseline,278
1790266184.888313533,Uninterrupted_Baseline,1
1790266184.971376043,Uninterrupted_Baseline,279
1790266184.971376043,Uninterrupted_Baseline,1
1790266185.058813698,Uninterrupted_Baseline,279
1790266185.058813698,Uninterrupted_Baseline,1
1790266185.140259739,Uninterrupted_Baseline,280
1790266185.140259739,Uninterrupted_Baseline,1
1790266185.219610901,Uninterrupted_Baseline,280
1790266185.219610901,Uninterrupted_Baseline,1
1790266185.301449051,Uninterrupted_Baseline,280
1790266185.301449051,Uninterrupted_Baseline,1
1790266185.393176234,Uninterrupted_Baseline,281
1790266185.393176234,Uninterrupted_Baseline,1
1790266185.477445102,Uninterrupted_Baseline,281
1790266185.477445102,Uninterrupted_Baseline,1
1790266185.560976207,Uninterrupted_Baseline,281
1790266185.560976207,Uninterrupted_Baseline,1
1790266185.648855817,Uninterrupted_Baseline,282
1790266185.648855817,Uninterrupted_Baseline,1
1790266185.733828585,Uninterrupted_Baseline,282
1790266185.733828585,Uninterrupted_Baseline,1
1790266185.814882638,Uninterrupted_Baseline,282
1790266185.814882638,Uninterrupted_Baseline,1
1790266185.900708811,Uninterrupted_Baseline,282
1790266185.900708811,Uninterrupted_Baseline,1
1790266185.982330622,Uninterrupted_Baseline,283
1790266185.982330622,Uninterrupted_Baseline,1
1790266186.066274332,Uninterrupted_Baseline,283
1790266186.066274332,Uninterrupted_Baseline,1
1790266186.156829998,Uninterrupted_Baseline,283
1790266186.156829998,Uninterrupted_Baseline,1
1790266186.237900324,Uninterrupted_Baseline,283
1790266186.237900324,Uninterrupted_Baseline,1
1790266186.312288737,Uninterrupted_Baseline,283
1790266186.312288737,Uninterrupted_Baseline,1
1790266186.385282338,Uninterrupted_Baseline,283
1790266186.385282338,Uninterrupted_Baseline,1
1790266186.464047964,Uninterrupted_Baseline,283
1790266186.464047964,Uninterrupted_Baseline,1
1790266186.548862930,Uninterrupted_Baseline,283
1790266186.548862930,Uninterrupted_Baseline,1
1790266186.634601918,Uninterrupted_Baseline,283
1790266186.634601918,Uninterrupted_Baseline,1
1790266186.718068077,Uninterrupted_Baseline,283
1790266186.718068077,Uninterrupted_Baseline,1
1790266186.802473565,Uninterrupted_Baseline,283
1790266186.802473565,Uninterrupted_Baseline,1
1790266186.868032198,Uninterrupted_Baseline,283
1790266186.868032198,Uninterrupted_Baseline,1
1790266186.951962388,Uninterrupted_Baseline,283
1790266186.951962388,Uninterrupted_Baseline,1
1790266187.036754298,Uninterrupted_Baseline,283
1790266187.036754298,Uninterrupted_Baseline,1
1790266187.116617744,Uninterrupted_Baseline,283
1790266187.116617744,Uninterrupted_Baseline,1
1790266187.207061544,Uninterrupted_Baseline,283
1790266187.207061544,Uninterrupted_Baseline,1
1790266187.285320846,Uninterrupted_Baseline,283
1790266187.285320846,Uninterrupted_Baseline,1
1790266187.359859460,Uninterrupted_Baseline,283
1790266187.359859460,Uninterrupted_Baseline,1
1790266187.437291926,Uninterrupted_Baseline,283
1790266187.437291926,Uninterrupted_Baseline,1
1790266187.519676600,Uninterrupted_Baseline,283
1790266187.519676600,Uninterrupted_Baseline,1
1790266187.603362099,Uninterrupted_Baseline,283
1790266187.603362099,Uninterrupted_Baseline,1
1790266187.686592892,Uninterrupted_Baseline,283
1790266187.686592892,Uninterrupted_Baseline,1
1790266187.773333699,Uninterrupted_Baseline,283
1790266187.773333699,Uninterrupted_Baseline,1
1790266187.854292390,Uninterrupted_Baseline,283
1790266187.854292390,Uninterrupted_Baseline,1
1790266187.930536712,Uninterrupted_Baseline,283
1790266187.930536712,Uninterrupted_Baseline,1
1790266188.013500567,Uninterrupted_Baseline,283
1790266188.013500567,Uninterrupted_Baseline,1
1790266188.086234969,Uninterrupted_Baseline,283
1790266188.086234969,Uninterrupted_Baseline,1
1790266188.171678129,Uninterrupted_Baseline,283
1790266188.171678129,Uninterrupted_Baseline,1
1790266188.254775918,Uninterrupted_Baseline,283
1790266188.254775918,Uninterrupted_Baseline,1
1790266188.321063006,Uninterrupted_Baseline,283
1790266188.321063006,Uninterrupted_Baseline,1
1790266188.404301229,Uninterrupted_Baseline,283
1790266188.404301229,Uninterrupted_Baseline,1
1790266188.457706161,Uninterrupted_Baseline,283
1790266188.457706161,Uninterrupted_Baseline,1
1790266188.527155240,Uninterrupted_Baseline,283
1790266188.527155240,Uninterrupted_Baseline,1
1790266188.604622830,Uninterrupted_Baseline,283
1790266188.604622830,Uninterrupted_Baseline,1
1790266188.687948213,Uninterrupted_Baseline,284
1790266188.687948213,Uninterrupted_Baseline,1
1790266188.763222236,Uninterrupted_Baseline,284
1790266188.763222236,Uninterrupted_Baseline,1
1790266188.858356933,Uninterrupted_Baseline,284
1790266188.858356933,Uninterrupted_Baseline,1
1790266188.923459709,Uninterrupted_Baseline,284
1790266188.923459709,Uninterrupted_Baseline,1
1790266188.994916738,Uninterrupted_Baseline,285
1790266188.994916738,Uninterrupted_Baseline,1
1790266189.080633985,Uninterrupted_Baseline,285
1790266189.080633985,Uninterrupted_Baseline,1
1790266189.157187492,Uninterrupted_Baseline,285
1790266189.157187492,Uninterrupted_Baseline,1
1790266189.228504892,Uninterrupted_Baseline,285
1790266189.228504892,Uninterrupted_Baseline,1
1790266189.286949757,Uninterrupted_Baseline,286
1790266189.286949757,Uninterrupted_Baseline,1
1790266189.369808148,Uninterrupted_Baseline,286
1790266189.369808148,Uninterrupted_Baseline,1
1790266189.451927864,Uninterrupted_Baseline,287
1790266189.451927864,Uninterrupted_Baseline,1
1790266189.536090021,Uninterrupted_Baseline,287
1790266189.536090021,Uninterrupted_Baseline,1
1790266189.624512811,Uninterrupted_Baseline,288
1790266189.624512811,Uninterrupted_Baseline,1
1790266189.709286657,Uninterrupted_Baseline,288
1790266189.709286657,Uninterrupted_Baseline,1
1790266189.772718232,Uninterrupted_Baseline,289
1790266189.772718232,Uninterrupted_Baseline,1
1790266189.839533722,Uninterrupted_Baseline,289
1790266189.839533722,Uninterrupted_Baseline,1
1790266189.905909776,Uninterrupted_Baseline,290
1790266189.905909776,Uninterrupted_Baseline,1
1790266189.991965620,Uninterrupted_Baseline,291
1790266189.991965620,Uninterrupted_Baseline,1
1790266190.075815140,Uninterrupted_Baseline,291
1790266190.075815140,Uninterrupted_Baseline,1
1790266190.151517341,Uninterrupted_Baseline,292
1790266190.151517341,Uninterrupted_Baseline,1
1790266190.233346839,Uninterrupted_Baseline,293
1790266190.233346839,Uninterrupted_Baseline,1
1790266190.316385861,Uninterrupted_Baseline,294
1790266190.316385861,Uninterrupted_Baseline,1
1790266190.397693977,Uninterrupted_Baseline,295
1790266190.397693977,Uninterrupted_Baseline,1
1790266190.477621758,Uninterrupted_Baseline,296
1790266190.477621758,Uninterrupted_Baseline,1
1790266190.561194229,Uninterrupted_Baseline,297
1790266190.561194229,Uninterrupted_Baseline,1
1790266190.646046734,Uninterrupted_Baseline,298
1790266190.646046734,Uninterrupted_Baseline,1
1790266190.727150604,Uninterrupted_Baseline,299
1790266190.727150604,Uninterrupted_Baseline,1
1790266190.793570588,Uninterrupted_Baseline,300
1790266190.793570588,Uninterrupted_Baseline,1
1790266190.875902511,Uninterrupted_Baseline,301
1790266190.875902511,Uninterrupted_Baseline,1
1790266190.952608158,Uninterrupted_Baseline,302
1790266191.033690454,Uninterrupted_Baseline,303
1790266191.119144284,Uninterrupted_Baseline,304
1790266191.199560573,Uninterrupted_Baseline,306
1790266191.278497419,Uninterrupted_Baseline,307
1790266191.344634725,Uninterrupted_Baseline,309
1790266191.421538353,Uninterrupted_Baseline,310
1790266191.497103798,Uninterrupted_Baseline,312
1790266191.580224345,Uninterrupted_Baseline,314
1790266191.669255791,Uninterrupted_Baseline,316
1790266191.755326242,Uninterrupted_Baseline,318
1790266191.842238996,Uninterrupted_Baseline,320
1790266191.934513303,Uninterrupted_Baseline,322
1790266192.018446143,Uninterrupted_Baseline,324
1790266192.106395842,Uninterrupted_Baseline,326
1790266192.191044878,Uninterrupted_Baseline,329
1790266192.270398723,Uninterrupted_Baseline,331
1790266192.346773120,Uninterrupted_Baseline,333
1790266192.433487845,Uninterrupted_Baseline,336
1790266192.519274065,Uninterrupted_Baseline,338
1790266192.600099265,Uninterrupted_Baseline,341
1790266192.684327632,Uninterrupted_Baseline,344
1790266192.759238820,Uninterrupted_Baseline,347
1790266192.843324812,Uninterrupted_Baseline,349
1790266192.916900117,Uninterrupted_Baseline,294
1790266192.986091959,Uninterrupted_Baseline,246
1790266193.075045019,Uninterrupted_Baseline,250
1790266193.162587070,Uninterrupted_Baseline,254
1790266193.253445893,Uninterrupted_Baseline,259
1790266193.340156201,Uninterrupted_Baseline,262
1790266193.421395724,Uninterrupted_Baseline,266
1790266193.508844527,Uninterrupted_Baseline,269
1790266193.596282072,Uninterrupted_Baseline,273
1790266193.680496384,Uninterrupted_Baseline,276
1790266193.764162440,Uninterrupted_Baseline,280
1790266193.846313036,Uninterrupted_Baseline,283
1790266193.932774436,Uninterrupted_Baseline,286
1790266194.017085244,Uninterrupted_Baseline,289
1790266194.102178290,Uninterrupted_Baseline,292
1790266194.182321550,Uninterrupted_Baseline,294
1790266194.263124774,Uninterrupted_Baseline,297
1790266194.346321181,Uninterrupted_Baseline,299
1790266194.429963253,Uninterrupted_Baseline,302
1790266194.509167561,Uninterrupted_Baseline,304
1790266194.587308820,Uninterrupted_Baseline,306
1790266194.667929226,Uninterrupted_Baseline,309
1790266194.751588573,Uninterrupted_Baseline,311
1790266194.836728750,Uninterrupted_Baseline,313
1790266194.911587578,Uninterrupted_Baseline,315
1790266194.991301511,Uninterrupted_Baseline,317
1790266195.077542078,Uninterrupted_Baseline,319
1790266195.155504615,Uninterrupted_Baseline,321
1790266195.216198527,Uninterrupted_Baseline,322
1790266195.289094262,Uninterrupted_Baseline,323
1790266195.368678314,Uninterrupted_Baseline,325
1790266195.436903416,Uninterrupted_Baseline,326
1790266195.519028484,Uninterrupted_Baseline,328
1790266195.600805614,Uninterrupted_Baseline,329
1790266195.672128628,Uninterrupted_Baseline,330
1790266195.767741980,Uninterrupted_Baseline,332
1790266195.826109324,Uninterrupted_Baseline,333
1790266195.893453215,Uninterrupted_Baseline,334
1790266195.969537926,Uninterrupted_Baseline,335
1790266196.047596021,Uninterrupted_Baseline,336
1790266196.129322334,Uninterrupted_Baseline,337
1790266196.216862988,Uninterrupted_Baseline,338
1790266196.303462524,Uninterrupted_Baseline,339
1790266196.390250969,Uninterrupted_Baseline,340
1790266196.473962578,Uninterrupted_Baseline,341
1790266196.563401389,Uninterrupted_Baseline,342
1790266196.649971119,Uninterrupted_Baseline,343
1790266196.735261721,Uninterrupted_Baseline,344
1790266196.800838107,Uninterrupted_Baseline,344
1790266196.885690406,Uninterrupted_Baseline,345
1790266196.961797711,Uninterrupted_Baseline,331
1790266197.043990148,Uninterrupted_Baseline,241
1790266197.122282715,Uninterrupted_Baseline,241
1790266197.205245400,Uninterrupted_Baseline,195
1790266197.286526183,Uninterrupted_Baseline,169
1790266197.361535273,Uninterrupted_Baseline,171
1790266197.439451060,Uninterrupted_Baseline,173
1790266197.526358571,Uninterrupted_Baseline,175
1790266197.607560057,Uninterrupted_Baseline,177
1790266197.691422631,Uninterrupted_Baseline,179
1790266197.772326136,Uninterrupted_Baseline,180
1790266197.838503071,Uninterrupted_Baseline,182
1790266197.921636657,Uninterrupted_Baseline,183
1790266198.003853884,Uninterrupted_Baseline,184
1790266198.080435654,Uninterrupted_Baseline,185
1790266198.160844599,Uninterrupted_Baseline,186
1790266198.237135252,Uninterrupted_Baseline,188
1790266198.304390973,Uninterrupted_Baseline,189
1790266198.367986284,Uninterrupted_Baseline,190
1790266198.437150514,Uninterrupted_Baseline,191
1790266198.485736140,Uninterrupted_Baseline,191
1790266198.536817371,Uninterrupted_Baseline,192
1790266198.602865951,Uninterrupted_Baseline,193
1790266198.670845682,Uninterrupted_Baseline,194
1790266198.738893498,Uninterrupted_Baseline,195
1790266198.820443367,Uninterrupted_Baseline,196
1790266198.908956023,Uninterrupted_Baseline,197
1790266198.995851436,Uninterrupted_Baseline,197
1790266199.076582574,Uninterrupted_Baseline,198
1790266199.166117383,Uninterrupted_Baseline,199
1790266199.241055551,Uninterrupted_Baseline,200
1790266199.308224704,Uninterrupted_Baseline,200
1790266199.393920255,Uninterrupted_Baseline,201
1790266199.474574747,Uninterrupted_Baseline,201
1790266199.550926915,Uninterrupted_Baseline,201
1790266199.632950490,Uninterrupted_Baseline,202
1790266199.717724852,Uninterrupted_Baseline,202
1790266199.805066511,Uninterrupted_Baseline,203
1790266199.891183796,Uninterrupted_Baseline,203
1790266199.978281697,Uninterrupted_Baseline,203
1790266200.064096635,Uninterrupted_Baseline,204
1790266200.147315076,Uninterrupted_Baseline,204
1790266200.232426352,Uninterrupted_Baseline,204
1790266200.317423818,Uninterrupted_Baseline,204
1790266200.399041174,Uninterrupted_Baseline,205
1790266200.487381042,Uninterrupted_Baseline,205
1790266200.565156474,Uninterrupted_Baseline,205
1790266200.646299615,Uninterrupted_Baseline,205
1790266200.730409370,Uninterrupted_Baseline,205
1790266200.812588341,Uninterrupted_Baseline,205
1790266200.891742454,Uninterrupted_Baseline,205
1790266200.970514956,Uninterrupted_Baseline,205
1790266201.048853412,Uninterrupted_Baseline,205
1790266201.130684932,Uninterrupted_Baseline,205
1790266201.213579951,Uninterrupted_Baseline,205
1790266201.299638570,Uninterrupted_Baseline,205
1790266201.387453357,Uninterrupted_Baseline,205
1790266201.468827806,Uninterrupted_Baseline,205
1790266201.551896837,Uninterrupted_Baseline,205
1790266201.629858125,Uninterrupted_Baseline,205
1790266201.714621587,Uninterrupted_Baseline,205
1790266201.803716192,Uninterrupted_Baseline,205
1790266201.890943649,Uninterrupted_Baseline,205
1790266201.975152472,Uninterrupted_Baseline,205
1790266202.059887408,Uninterrupted_Baseline,205
1790266202.139596554,Uninterrupted_Baseline,205
1790266202.221111894,Uninterrupted_Baseline,205
1790266202.308899697,Uninterrupted_Baseline,205
1790266202.398623414,Uninterrupted_Baseline,205
1790266202.490640674,Uninterrupted_Baseline,205
1790266202.582128222,Uninterrupted_Baseline,205
1790266202.659881276,Uninterrupted_Baseline,206
1790266202.749543531,Uninterrupted_Baseline,207
1790266202.833559842,Uninterrupted_Baseline,207
1790266202.917852258,Uninterrupted_Baseline,208
1790266203.001249317,Uninterrupted_Baseline,208
1790266203.083135596,Uninterrupted_Baseline,209
1790266203.165155056,Uninterrupted_Baseline,210
1790266203.246964213,Uninterrupted_Baseline,210
1790266203.329407631,Uninterrupted_Baseline,211
1790266203.410601268,Uninterrupted_Baseline,211
1790266203.484869509,Uninterrupted_Baseline,212
1790266203.568806158,Uninterrupted_Baseline,212
1790266203.640207267,Uninterrupted_Baseline,213
1790266203.718803237,Uninterrupted_Baseline,213
1790266203.801845229,Uninterrupted_Baseline,214
1790266203.868728612,Uninterrupted_Baseline,214
1790266203.941793339,Uninterrupted_Baseline,215
1790266204.024082433,Uninterrupted_Baseline,216
1790266204.112488278,Uninterrupted_Baseline,216
1790266204.199355180,Uninterrupted_Baseline,217
1790266204.280780389,Uninterrupted_Baseline,217
1790266204.361532590,Uninterrupted_Baseline,218
1790266204.444146372,Uninterrupted_Baseline,219
1790266204.528164857,Uninterrupted_Baseline,219
1790266204.610304762,Uninterrupted_Baseline,220
1790266204.695101755,Uninterrupted_Baseline,220
1790266204.780767916,Uninterrupted_Baseline,221
1790266204.860334682,Uninterrupted_Baseline,221
1790266204.943430161,Uninterrupted_Baseline,222
1790266205.027071238,Uninterrupted_Baseline,222
1790266205.107943391,Uninterrupted_Baseline,223
1790266205.166136400,Uninterrupted_Baseline,223
1790266205.237536586,Uninterrupted_Baseline,224
1790266205.318531731,Uninterrupted_Baseline,225
1790266205.402946019,Uninterrupted_Baseline,225
1790266205.487285077,Uninterrupted_Baseline,226
1790266205.560102524,Uninterrupted_Baseline,227
1790266205.636248009,Uninterrupted_Baseline,228
1790266205.721394115,Uninterrupted_Baseline,229
1790266205.806860510,Uninterrupted_Baseline,231
1790266205.889089381,Uninterrupted_Baseline,233
1790266205.973557631,Uninterrupted_Baseline,235
1790266206.059491365,Uninterrupted_Baseline,237
1790266206.145301996,Uninterrupted_Baseline,238
1790266206.230805730,Uninterrupted_Baseline,241
1790266206.309458932,Uninterrupted_Baseline,243
1790266206.395168993,Uninterrupted_Baseline,245
1790266206.476919330,Uninterrupted_Baseline,247
1790266206.558566771,Uninterrupted_Baseline,249
1790266206.639868773,Uninterrupted_Baseline,251
1790266206.721700762,Uninterrupted_Baseline,254
1790266206.804316427,Uninterrupted_Baseline,256
1790266206.883935560,Uninterrupted_Baseline,258
1790266206.966148933,Uninterrupted_Baseline,260
1790266207.043186763,Uninterrupted_Baseline,264
1790266207.126563776,Uninterrupted_Baseline,266
1790266207.212123291,Uninterrupted_Baseline,269
1790266207.295136475,Uninterrupted_Baseline,272
1790266207.375955159,Uninterrupted_Baseline,275
1790266207.453363046,Uninterrupted_Baseline,278
1790266207.536606044,Uninterrupted_Baseline,282
1790266207.618338136,Uninterrupted_Baseline,285
1790266207.707882499,Uninterrupted_Baseline,288
1790266207.780801174,Uninterrupted_Baseline,291
1790266207.842364649,Uninterrupted_Baseline,294
1790266207.928618936,Uninterrupted_Baseline,298
1790266208.007736435,Uninterrupted_Baseline,302
1790266208.076960267,Uninterrupted_Baseline,305
1790266208.156369499,Uninterrupted_Baseline,309
1790266208.231296506,Uninterrupted_Baseline,313
1790266208.299401727,Uninterrupted_Baseline,316
1790266208.380538502,Uninterrupted_Baseline,320
1790266208.446059710,Uninterrupted_Baseline,323
1790266208.502576959,Uninterrupted_Baseline,327
1790266208.572698306,Uninterrupted_Baseline,331
1790266208.646320441,Uninterrupted_Baseline,335
1790266208.727040593,Uninterrupted_Baseline,339
1790266208.800483571,Uninterrupted_Baseline,343
1790266208.872277453,Uninterrupted_Baseline,348
1790266208.957517440,Uninterrupted_Baseline,353
1790266209.024634195,Uninterrupted_Baseline,357
1790266209.092703703,Uninterrupted_Baseline,361
1790266209.157956224,Uninterrupted_Baseline,317
1790266209.226146524,Uninterrupted_Baseline,254
1790266209.307348085,Uninterrupted_Baseline,254
1790266209.391896406,Uninterrupted_Baseline,257
1790266209.475478047,Uninterrupted_Baseline,261
1790266209.543488816,Uninterrupted_Baseline,264
1790266209.620638610,Uninterrupted_Baseline,268
1790266209.695266026,Uninterrupted_Baseline,271
1790266209.754191550,Uninterrupted_Baseline,273
1790266209.821465775,Uninterrupted_Baseline,276
1790266209.892909515,Uninterrupted_Baseline,279
1790266209.961693818,Uninterrupted_Baseline,282
1790266210.040499721,Uninterrupted_Baseline,286
1790266210.110904003,Uninterrupted_Baseline,288
1790266210.178195931,Uninterrupted_Baseline,291
1790266210.248642379,Uninterrupted_Baseline,294
1790266210.326222437,Uninterrupted_Baseline,297
1790266210.406955835,Uninterrupted_Baseline,300
1790266210.493748802,Uninterrupted_Baseline,302
1790266210.596813118,Uninterrupted_Baseline,306
1790266210.647216450,Uninterrupted_Baseline,307
1790266210.699848253,Uninterrupted_Baseline,309
1790266210.770252325,Uninterrupted_Baseline,311
1790266210.853722370,Uninterrupted_Baseline,314
1790266210.937543546,Uninterrupted_Baseline,316
1790266211.021451200,Uninterrupted_Baseline,319
1790266211.103234457,Uninterrupted_Baseline,321
1790266211.184634241,Uninterrupted_Baseline,323
1790266211.267057158,Uninterrupted_Baseline,326
1790266211.348474422,Uninterrupted_Baseline,328
1790266211.425464966,Uninterrupted_Baseline,330
1790266211.509612102,Uninterrupted_Baseline,332
1790266211.593325333,Uninterrupted_Baseline,334
1790266211.678285552,Uninterrupted_Baseline,335
1790266211.758085944,Uninterrupted_Baseline,337
1790266211.839098289,Uninterrupted_Baseline,338
1790266211.931339699,Uninterrupted_Baseline,340
1790266212.010293051,Uninterrupted_Baseline,341
1790266212.081521614,Uninterrupted_Baseline,342
1790266212.164980033,Uninterrupted_Baseline,344
1790266212.245940241,Uninterrupted_Baseline,345
1790266212.315271575,Uninterrupted_Baseline,346
1790266212.396610507,Uninterrupted_Baseline,347
1790266212.476472985,Uninterrupted_Baseline,348
1790266212.556586165,Uninterrupted_Baseline,349
1790266212.636776411,Uninterrupted_Baseline,350
1790266212.718473196,Uninterrupted_Baseline,351
1790266212.803203038,Uninterrupted_Baseline,245
1790266212.884387834,Uninterrupted_Baseline,245
1790266212.969419619,Uninterrupted_Baseline,246
1790266213.048349185,Uninterrupted_Baseline,248
1790266213.115857522,Uninterrupted_Baseline,251
1790266213.197498717,Uninterrupted_Baseline,253
1790266213.278607132,Uninterrupted_Baseline,255
1790266213.362686406,Uninterrupted_Baseline,258
1790266213.449437518,Uninterrupted_Baseline,260
1790266213.531844681,Uninterrupted_Baseline,262
1790266213.621153274,Uninterrupted_Baseline,264
1790266213.712118577,Uninterrupted_Baseline,267
1790266213.799241252,Uninterrupted_Baseline,268
1790266213.892503700,Uninterrupted_Baseline,270
1790266213.961361957,Uninterrupted_Baseline,271
1790266214.043203739,Uninterrupted_Baseline,273
1790266214.128152947,Uninterrupted_Baseline,275
1790266214.212147672,Uninterrupted_Baseline,276
1790266214.294953664,Uninterrupted_Baseline,277
1790266214.378687171,Uninterrupted_Baseline,279
1790266214.464913082,Uninterrupted_Baseline,280
1790266214.551257448,Uninterrupted_Baseline,281
1790266214.635329184,Uninterrupted_Baseline,283
1790266214.720228156,Uninterrupted_Baseline,284
1790266214.803692334,Uninterrupted_Baseline,285
1790266214.856138955,Uninterrupted_Baseline,286
1790266214.928310034,Uninterrupted_Baseline,287
1790266215.016865493,Uninterrupted_Baseline,288
1790266215.098214831,Uninterrupted_Baseline,289
1790266215.181524414,Uninterrupted_Baseline,290
1790266215.266248515,Uninterrupted_Baseline,290
1790266215.351742343,Uninterrupted_Baseline,291
1790266215.434638552,Uninterrupted_Baseline,292
1790266215.504956968,Uninterrupted_Baseline,293
1790266215.592427803,Uninterrupted_Baseline,293
1790266215.682854415,Uninterrupted_Baseline,294
1790266215.765806560,Uninterrupted_Baseline,294
1790266215.853463368,Uninterrupted_Baseline,295
1790266215.934791222,Uninterrupted_Baseline,295
1790266216.021501026,Uninterrupted_Baseline,296
1790266216.104886920,Uninterrupted_Baseline,296
1790266216.192615477,Uninterrupted_Baseline,296
1790266216.278770577,Uninterrupted_Baseline,297
1790266216.358378188,Uninterrupted_Baseline,297
1790266216.436257960,Uninterrupted_Baseline,297
1790266216.520365015,Uninterrupted_Baseline,297
1790266216.603096381,Uninterrupted_Baseline,297
1790266216.684636120,Uninterrupted_Baseline,298
1790266216.765708824,Uninterrupted_Baseline,298
1790266216.848034042,Uninterrupted_Baseline,298
1790266216.931071126,Uninterrupted_Baseline,298
1790266217.011555955,Uninterrupted_Baseline,298
1790266217.096708435,Uninterrupted_Baseline,298
1790266217.163821211,Uninterrupted_Baseline,298
1790266217.219811320,Uninterrupted_Baseline,298
1790266217.274778149,Uninterrupted_Baseline,298
1790266217.349501965,Uninterrupted_Baseline,298
1790266217.429799497,Uninterrupted_Baseline,298
1790266217.511912877,Uninterrupted_Baseline,298
1790266217.587166052,Uninterrupted_Baseline,298
1790266217.671351424,Uninterrupted_Baseline,298
1790266217.753480320,Uninterrupted_Baseline,298
1790266217.840418645,Uninterrupted_Baseline,298
1790266217.920402136,Uninterrupted_Baseline,298
1790266218.005582523,Uninterrupted_Baseline,298
1790266218.085896349,Uninterrupted_Baseline,298
1790266218.165230490,Uninterrupted_Baseline,298
1790266218.248641080,Uninterrupted_Baseline,298
1790266218.304605194,Uninterrupted_Baseline,298
1790266218.370209443,Uninterrupted_Baseline,298
1790266218.438921646,Uninterrupted_Baseline,298
1790266218.489456884,Uninterrupted_Baseline,298
1790266218.546474170,Uninterrupted_Baseline,298
1790266218.610244413,Uninterrupted_Baseline,298
1790266218.679424086,Uninterrupted_Baseline,298
1790266218.760790092,Uninterrupted_Baseline,298
1790266218.843539738,Uninterrupted_Baseline,298
1790266218.931088053,Uninterrupted_Baseline,298
1790266219.017246384,Uninterrupted_Baseline,298
1790266219.100398717,Uninterrupted_Baseline,298
1790266219.165413363,Uninterrupted_Baseline,298
1790266219.238966720,Uninterrupted_Baseline,298
1790266219.311032313,Uninterrupted_Baseline,298
1790266219.397706232,Uninterrupted_Baseline,299
1790266219.490805468,Uninterrupted_Baseline,299
1790266219.563285321,Uninterrupted_Baseline,299
1790266219.649715538,Uninterrupted_Baseline,299
1790266219.727636912,Uninterrupted_Baseline,300
1790266219.814412864,Uninterrupted_Baseline,300
1790266219.898413546,Uninterrupted_Baseline,300
1790266219.985466982,Uninterrupted_Baseline,301
1790266220.049487942,Uninterrupted_Baseline,301
1790266220.120584650,Uninterrupted_Baseline,301
1790266220.208497568,Uninterrupted_Baseline,302
1790266220.288894365,Uninterrupted_Baseline,302
1790266220.344852894,Uninterrupted_Baseline,303
1790266220.414961096,Uninterrupted_Baseline,303
1790266220.480832646,Uninterrupted_Baseline,304
1790266220.551989474,Uninterrupted_Baseline,304
1790266220.623815080,Uninterrupted_Baseline,305
1790266220.710071897,Uninterrupted_Baseline,306
1790266220.796107926,Uninterrupted_Baseline,307
1790266220.886618570,Uninterrupted_Baseline,307
1790266220.947948582,Uninterrupted_Baseline,308
1790266221.030716213,Uninterrupted_Baseline,309
1790266221.114251597,Uninterrupted_Baseline,310
1790266221.184987448,Uninterrupted_Baseline,311
1790266221.268287884,Uninterrupted_Baseline,312
1790266221.334467281,Uninterrupted_Baseline,312
1790266221.414201357,Uninterrupted_Baseline,314
1790266221.497842493,Uninterrupted_Baseline,315
1790266221.581770446,Uninterrupted_Baseline,316
1790266221.665437159,Uninterrupted_Baseline,317
1790266221.750574095,Uninterrupted_Baseline,318
1790266221.835419281,Uninterrupted_Baseline,320
1790266221.925142022,Uninterrupted_Baseline,321
